,seed,target_column,target_instances,method,n_estimators,lr,tree_size,val_rmse,val_mae,rmse,mae
0,2,Hgv,95,TradaBoostR2,10,0.1,1,4.763400552203492,3.7974467457501,5.384491013451109,4.13777249595803
1,1,Hgv,665,TradaBoostR2,10,0.1,1,3.126062580258872,2.4166540922046518,3.12577959512728,2.509175156718172
2,2,Hgv,475,TradaBoostR2,10,0.1,1,3.343100254925486,2.6327467003644096,3.4398808932522336,2.5909126123300754
3,1,Hgv,95,TradaBoostR2,10,0.1,1,5.276649256508221,4.093152165361661,6.1975792832643775,4.322221710601341
4,1,Hgv,380,TradaBoostR2,10,0.1,1,3.590131295567532,2.8408981956924646,3.5889015752927205,2.8691552389427404
5,2,Hgv,95,TradaBoostR2,10,0.1,2,8.268593494425721,4.689993588511966,8.139624507217057,5.39513631846639
6,1,Hgv,665,TradaBoostR2,10,0.1,2,3.418718670225336,2.5813898320784925,6.936515667815709,3.0575302565532647
7,2,Hgv,475,TradaBoostR2,10,0.1,2,3.2772079203936486,2.590615434667276,3.43575870733792,2.630676990720338
8,1,Hgv,95,TradaBoostR2,10,0.1,2,17.700152088153697,7.166103659490615,30.73762049055101,8.838902813968216
9,1,Hgv,760,TradaBoostR2,10,0.1,1,3.0588757976553835,2.3923978110117368,3.072820129308328,2.366962605840337
10,1,Hgv,380,TradaBoostR2,10,0.1,2,4.739334765742808,3.1707340479420623,28.341757877118024,4.935049823289591
11,2,Hgv,95,TradaBoostR2,10,0.5,1,3.458816929192784,2.6583313067436043,3.6073084654080216,2.70681043226305
12,1,Hgv,665,TradaBoostR2,10,0.5,1,2.5589929403393765,1.958220109023248,2.5066123579860364,1.9224168804221315
13,2,Hgv,475,TradaBoostR2,10,0.5,1,2.388898371434419,1.7605356978797346,2.256448947974029,1.7468001413104663
14,1,Hgv,95,TradaBoostR2,10,0.5,1,4.131227422299,3.2471084323313746,4.710655537540659,3.4235504306034223
15,1,Hgv,380,TradaBoostR2,10,0.5,1,2.898620541286866,2.207853202929989,3.0042412410788986,2.2746647949932948
16,1,Hgv,475,TradaBoostR2,10,0.1,1,3.3728430486251333,2.6468150977257183,3.471577475319334,2.769211936444626
17,2,Hgv,190,TradaBoostR2,10,0.1,1,4.146133803990026,3.323194167273998,4.506240765975807,3.545742172655277
18,1,Hgv,760,TradaBoostR2,10,0.1,2,3.1179750810819,2.4252568316924696,3.9932028654342737,2.458542561906579
19,2,Hgv,95,TradaBoostR2,10,0.5,2,4.349370200244483,3.22424097771854,4.647132433359833,3.363903117732844
20,2,Hgv,475,TradaBoostR2,10,0.5,2,2.424544615023801,1.8187456616004487,2.56621989465608,1.8678520547158253
21,1,Hgv,665,TradaBoostR2,10,0.5,2,2.624186264043285,2.024541670298768,2.552779446468173,1.957639897327333
22,1,Hgv,95,TradaBoostR2,10,0.5,2,4.822090165424294,3.569713940655194,7.639582846963353,4.147994850903815
23,1,Hgv,380,TradaBoostR2,10,0.5,2,3.2519906353938133,2.4010507515991844,6.921830655343483,2.756739103821624
24,1,Hgv,760,TradaBoostR2,10,0.5,1,2.418647112795993,1.8737633778079767,2.522698142431459,1.9031082234035948
25,1,Hgv,190,TradaBoostR2,10,0.1,1,4.252774589174337,3.341005949251901,4.31979922662986,3.470723174770598
26,1,Hgv,475,TradaBoostR2,10,0.1,2,4.106088306326639,2.941350710937064,7.772626720515454,3.2832467813996464
27,1,Hgv,285,TradaBoostR2,10,0.1,1,3.692098848834245,2.8993006273632163,3.7838426345793192,3.0350924227128164
28,2,Hgv,190,TradaBoostR2,10,0.1,2,27.805890241198828,5.542200946233119,8.69412057045776,4.98638917913136
29,2,Hgv,95,TradaBoostR2,20,0.1,1,4.516626529496052,3.584456914927557,5.207330212849375,3.886647932385264
30,1,Hgv,475,TradaBoostR2,10,0.5,1,2.733686305639164,2.1078130643766926,2.856402670645681,2.1312807927328943
31,2,Hgv,475,TradaBoostR2,20,0.1,1,2.860484808713346,2.2467530075186195,2.739193055604332,2.152524058036482
32,2,Hgv,285,TradaBoostR2,10,0.1,1,3.7068644258091967,2.977531312806815,3.868495843654055,3.0410157842561008
33,1,Hgv,665,TradaBoostR2,20,0.1,1,2.9625517745198704,2.3017350309220266,2.950089995252281,2.3102492650870734
34,1,Hgv,760,TradaBoostR2,10,0.5,2,2.5465815425419605,1.9723415328453924,2.581178103308856,1.9610822044863103
35,2,Hgv,190,TradaBoostR2,10,0.5,1,2.9809121556988027,2.2899659682829543,2.8001795014419444,2.1831575104944867
36,1,Hgv,380,TradaBoostR2,20,0.1,1,3.3742306889792077,2.6584668383803107,3.4126476209657843,2.61978190391204
37,1,Hgv,95,TradaBoostR2,20,0.1,1,5.057104160961781,3.934922157999426,6.019723757387829,4.136303568498895
38,1,Hgv,190,TradaBoostR2,10,0.1,2,5.729535123444424,3.928274455359249,8.857709826310542,4.097696412554076
39,1,Hgv,285,TradaBoostR2,10,0.1,2,4.400576798943234,3.3133531998035903,7.717785093292248,3.894114154493344
40,2,Hgv,285,TradaBoostR2,10,0.1,2,8.846339744972664,3.4425012571021685,4.830272673646588,3.486652193830975
41,1,Hgv,475,TradaBoostR2,10,0.5,2,2.9231010004072004,2.2592598832029958,2.8509302078965395,2.230715862986405
42,1,Hgv,190,TradaBoostR2,10,0.5,1,3.3999284179650084,2.678507743043068,3.3735578200600504,2.6563457965533352
43,2,Hgv,380,TradaBoostR2,10,0.1,1,3.442006330409477,2.75286282514404,3.542722326631006,2.794774873826813
44,2,Hgv,190,TradaBoostR2,10,0.5,2,5.185089688357103,2.5998176507105364,7.3255963211395025,2.8759721218226284
45,1,Hgv,760,TradaBoostR2,20,0.1,1,2.864904145199142,2.235761524745223,2.861236812679084,2.2024746936203106
46,2,Hgv,285,TradaBoostR2,10,0.5,1,2.5740723980795925,2.0091281858509937,2.4977422413392123,1.9593572904755
47,1,Hgv,285,TradaBoostR2,10,0.5,1,3.073497635546101,2.3674568891908123,3.202957147644696,2.487369752962024
48,2,Hgv,95,TradaBoostR2,20,0.1,2,8.476605439089656,4.537381952227872,8.008910022673065,5.216276754095827
49,2,Hgv,475,TradaBoostR2,20,0.1,2,3.058897241649485,2.395761459094556,3.979435237330546,2.42381403233038
50,1,Hgv,475,TradaBoostR2,20,0.1,1,3.1214361515180222,2.442112553210004,3.195426420818123,2.513168718229178
51,1,Hgv,190,TradaBoostR2,10,0.5,2,5.421870507854246,3.531346817766259,8.105957073438343,3.788865272462108
52,1,Hgv,380,TradaBoostR2,20,0.1,2,4.2946604352896935,2.82292919826716,28.585637656880397,4.682301527886341
53,1,Hgv,665,TradaBoostR2,20,0.1,2,3.011195941283408,2.335488500344884,2.9694784632168543,2.2954773005065428
54,1,Hgv,95,TradaBoostR2,20,0.1,2,17.67407130612183,7.07160501835871,30.723264948757837,8.737115658446395
55,2,Hgv,380,TradaBoostR2,10,0.1,2,5.692135807027626,3.122223370442614,4.462468339663733,2.970523027102849
56,2,Hgv,285,TradaBoostR2,10,0.5,2,2.98541506307889,2.211459372568404,2.803399317056729,2.11020726635502
57,1,Hgv,570,TradaBoostR2,10,0.1,1,3.190487269955138,2.4959078041576035,3.2373736078630286,2.60639254380728
58,1,Hgv,285,TradaBoostR2,10,0.5,2,3.226798711901817,2.4545418251214066,3.235120596858769,2.492288187818713
59,2,Hgv,190,TradaBoostR2,20,0.1,1,3.81067510757231,3.0407740204915257,4.233119608627505,3.259098363942259
60,1,Hgv,855,TradaBoostR2,10,0.1,1,3.021406506904461,2.342891168527237,3.0589114056087983,2.332972422113626
61,2,Hgv,95,TradaBoostR2,20,0.5,1,3.2759876812189783,2.4043769511866677,3.494213592978286,2.514118230599572
62,2,Hgv,380,TradaBoostR2,10,0.5,1,2.400676452565703,1.7985615202659846,2.3307478578302367,1.7941111258191955
63,2,Hgv,475,TradaBoostR2,20,0.5,1,3.922337572284167,2.1545930515046967,3.5968257348482195,2.099183063717655
64,1,Hgv,380,TradaBoostR2,20,0.5,1,2.741792925651904,1.9715494354308023,2.754195822224683,2.0134094937272176
65,1,Hgv,665,TradaBoostR2,20,0.5,1,2.3633611553283016,1.8124347102668472,2.448427465146944,1.847113184597525
66,1,Hgv,760,TradaBoostR2,20,0.1,2,3.005556408994404,2.29064025403887,3.055963407181777,2.3164892773602617
67,1,Hgv,950,TradaBoostR2,10,0.1,1,2.9639977775314144,2.3040535827612825,3.003965296333494,2.293945561121684
68,1,Hgv,95,TradaBoostR2,20,0.5,1,3.778873041632712,2.74559587419147,4.7144400015578976,3.0637258916943018
69,1,Hgv,190,TradaBoostR2,20,0.1,1,4.086271773648619,3.256097901253026,4.241634063841008,3.2567384756259927
70,2,Hgv,285,TradaBoostR2,20,0.1,1,3.2395075346206696,2.511075811877509,3.5133990359941474,2.596375732209464
71,1,Hgv,570,TradaBoostR2,10,0.1,2,3.8601094921536654,2.8163099880025277,5.17364478194936,3.1356609655782237
72,1,Hgv,285,TradaBoostR2,20,0.1,1,3.4462888346178544,2.7181387520972624,3.563604379632492,2.8656277280140365
73,1,Hgv,475,TradaBoostR2,20,0.1,2,3.239853289163108,2.5126067917334285,3.2907463352986417,2.585154038831597
74,1,Hgv,855,TradaBoostR2,10,0.1,2,4.223195990919442,2.4407042624616704,5.7768476998186085,2.7803804240675483
75,2,Hgv,380,TradaBoostR2,10,0.5,2,2.5038618617761634,1.9305231182729627,2.4752238197324243,1.874067534476045
76,1,Hgv,570,TradaBoostR2,10,0.5,1,2.6206163766884623,1.9985631849966736,2.539300108988337,1.9549888423053563
77,1,Hgv,760,TradaBoostR2,20,0.5,1,2.359934956796709,1.784554684311277,2.435925846012763,1.8059235647041547
78,2,Hgv,95,TradaBoostR2,20,0.5,2,4.247953326637096,2.8873442411711787,6.756257208399757,3.492015261826898
79,1,Hgv,855,TradaBoostR2,10,0.5,1,2.370872481894244,1.83096819164962,2.376555440740676,1.8084442533879657
80,2,Hgv,190,TradaBoostR2,20,0.1,2,40.94632841973397,6.616116162814252,42.02140016813739,7.506899161877681
81,1,Hgv,950,TradaBoostR2,10,0.1,2,4.455492155847608,2.475271808998682,6.650987358073834,2.8604780660525897
82,1,Hgv,380,TradaBoostR2,20,0.5,2,3.181124355465527,2.2155131690977177,3.3944362554696226,2.422426800871368
83,2,Hgv,475,TradaBoostR2,20,0.5,2,2.399638609168882,1.700159356580146,2.387139039112248,1.748936903941247
84,1,Hgv,475,TradaBoostR2,20,0.5,1,2.636593505873709,1.9602071746532004,2.7099424198093587,2.032283037582946
85,1,Hgv,665,TradaBoostR2,20,0.5,2,2.410421922330184,1.7962581745038273,2.535183196736789,1.8862429780807424
86,2,Hgv,380,TradaBoostR2,20,0.1,1,2.973558960282219,2.363856763088883,2.8691139683368143,2.274966858647044
87,1,Hgv,95,TradaBoostR2,20,0.5,2,4.4135382400445655,3.339875013101232,5.280473716184852,3.589183078102195
88,1,Hgv,950,TradaBoostR2,10,0.5,1,2.4082179461263884,1.867892241757328,2.392136376485763,1.806719251900176
89,1,Hgv,190,TradaBoostR2,20,0.1,2,6.177841186548066,4.036172161319485,9.596531800217976,4.487968923724448
90,2,Hgv,285,TradaBoostR2,20,0.1,2,3.3134265562522742,2.5578248339910408,3.416818771195192,2.550676868192049
91,1,Hgv,570,TradaBoostR2,10,0.5,2,2.743501322103356,2.056038686600298,2.726524392295435,2.075665961529534
92,1,Hgv,855,TradaBoostR2,10,0.5,2,2.524778583753992,1.905376925584394,2.588359651784361,1.982079256752848
93,2,Hgv,190,TradaBoostR2,20,0.5,1,2.6545202482054617,2.0297030339114315,2.856637004279959,2.173233701367642
94,1,Hgv,285,TradaBoostR2,20,0.1,2,4.221907280655988,3.157380208018599,7.670008510299324,3.7861135281098015
95,1,Hgv,380,TradaBoostR2,30,0.1,1,3.2320190685714647,2.497435816376822,3.1776686799326,2.4705839010056057
96,2,Hgv,95,TradaBoostR2,30,0.1,1,4.356403121609298,3.427244634936079,5.0798982476452,3.702262458699025
97,1,Hgv,760,TradaBoostR2,20,0.5,2,2.4696491735706525,1.818448496738384,2.5667730328511142,1.8896602730257728
98,2,Hgv,285,TradaBoostR2,20,0.5,1,2.299356705618949,1.6990802195470396,2.513090811645803,1.8294645943136216
99,2,Hgv,475,TradaBoostR2,30,0.1,1,2.648139539252242,2.051347618006444,2.535252818305084,1.9808613509200488
100,1,Hgv,950,TradaBoostR2,10,0.5,2,2.388337676890802,1.792269304195795,2.352820677150512,1.8069712926965624
101,1,Hgv,665,TradaBoostR2,30,0.1,1,2.858086374010425,2.2091927468892845,2.8268295358102096,2.2102571292161186
102,1,Hgv,190,TradaBoostR2,20,0.5,1,2.90768514477844,2.185600121090848,2.957692802572036,2.242735387594719
103,1,Hgv,475,TradaBoostR2,20,0.5,2,2.6493254770113213,1.9549316215792296,2.8923031444295235,2.09545011513078
104,1,Hgv,570,TradaBoostR2,20,0.1,1,3.0049796276914167,2.359140953438261,3.0485139660936214,2.455962215081773
105,1,Hgv,95,TradaBoostR2,30,0.1,1,4.825376556439192,3.764285764893742,5.829169177526968,3.9516308362803394
106,1,Hgv,855,TradaBoostR2,20,0.1,1,2.8395453055848368,2.1998592322200623,2.855818780417789,2.1732710315825488
107,1,Hgv,285,TradaBoostR2,20,0.5,1,2.619265568104613,1.9736820535073207,2.8404201244744263,2.12068316165504
108,2,Hgv,380,TradaBoostR2,20,0.1,2,4.541751592404658,2.557975550643311,3.189590782639479,2.4183355828348527
109,2,Hgv,190,TradaBoostR2,20,0.5,2,3.7316687590067374,2.4919092976054444,11.472715141714774,3.2589899988415274
110,1,Hgv,950,TradaBoostR2,20,0.1,1,2.6659054184334856,2.081441965824945,2.6683419691509624,2.056215444446043
111,1,Hgv,760,TradaBoostR2,30,0.1,1,2.6312354026057023,2.054664529697062,2.685111293819008,2.058247237769175
112,2,Hgv,285,TradaBoostR2,20,0.5,2,2.5351828299302803,1.9055014859737287,2.6652327161355025,2.006658272245298
113,1,Hgv,475,TradaBoostR2,30,0.1,1,3.1587065769191103,2.389722761722526,3.9298261475680496,2.509797914384907
114,1,Hgv,190,TradaBoostR2,20,0.5,2,3.058357928767369,2.278439572956931,3.1054997929600456,2.3524084562898966
115,1,Hgv,380,TradaBoostR2,30,0.1,2,94.54960466097552,14.912078085700688,60.4469048749293,12.6715136065846
116,2,Hgv,380,TradaBoostR2,20,0.5,1,2.312473923273139,1.6047146278256137,2.2573290870946296,1.6870020513097377
117,2,Hgv,95,TradaBoostR2,30,0.1,2,8.790321510601554,4.099625004734812,9.093572153540954,4.319553212594016
118,1,Hgv,570,TradaBoostR2,20,0.1,2,3.342304066671668,2.5368229747258937,3.640901286019358,2.638864423997114
119,2,Hgv,475,TradaBoostR2,30,0.1,2,5.460310135058071,2.583761377824862,4.074471963719291,2.3406056216619464
120,2,Hgv,190,TradaBoostR2,30,0.1,1,3.2506615431409838,2.579154998660305,3.1689124022819173,2.5199739121819724
121,1,Hgv,285,TradaBoostR2,20,0.5,2,3.562929362114001,2.4309341905183377,3.552759839452666,2.5520406928177253
122,2,Hgv,285,TradaBoostR2,30,0.1,1,3.0099872972427,2.312776524109561,2.876737137710401,2.23803776038104
123,1,Hgv,665,TradaBoostR2,30,0.1,2,2.8472581939224173,2.1856451213032866,2.8050031640619206,2.1710057793833166
124,1,Hgv,855,TradaBoostR2,20,0.1,2,3.198872911074288,2.1822898187012654,3.29002901860844,2.1731299302824825
125,1,Hgv,95,TradaBoostR2,30,0.1,2,17.643424806409836,6.966312143671448,30.70808208622782,8.640837814271404
126,1,Hgv,380,TradaBoostR2,30,0.5,1,2.754498922302256,1.9739311689589607,2.8083711775920506,2.014883661581736
127,1,Hgv,570,TradaBoostR2,20,0.5,1,2.433579181895071,1.8230205117057428,2.466793879137651,1.8506080696702665
128,2,Hgv,95,TradaBoostR2,30,0.5,1,3.408560143845861,2.3902953264204374,3.607260932293789,2.533951318754584
129,1,Hgv,950,TradaBoostR2,20,0.1,2,2.7668650363680847,2.1009037790367096,2.69596259923452,2.060681557081886
130,1,Hgv,190,TradaBoostR2,30,0.1,1,3.908489892608369,3.115234627027244,4.028501114737037,3.0791008489340848
131,2,Hgv,475,TradaBoostR2,30,0.5,1,2.685200553385457,1.9038997300492695,2.805371143241444,1.967538286360964
132,2,Hgv,380,TradaBoostR2,20,0.5,2,2.4295408605244155,1.6597859926965204,2.2703162873453318,1.7055776224525272
133,1,Hgv,760,TradaBoostR2,30,0.1,2,2.7400475593984424,2.106087770161113,2.828647067866668,2.158715009907625
134,1,Hgv,285,TradaBoostR2,30,0.1,1,3.253832032417717,2.577232949306552,3.3788607052714434,2.6989642416541746
135,1,Hgv,855,TradaBoostR2,20,0.5,1,2.361858445066072,1.80976363317416,2.420969012148724,1.801661898947235
136,1,Hgv,665,TradaBoostR2,30,0.5,1,2.5244415715131634,1.9148981717034148,2.5423686833859915,1.9095549559352267
137,1,Hgv,95,TradaBoostR2,30,0.5,1,3.7477892437641818,2.7542708912003007,4.7445663798418005,2.9867327681964797
138,1,Hgv,475,TradaBoostR2,30,0.1,2,3.2243106515985165,2.4622590959465773,3.867245010832044,2.594343155102057
139,1,Hgv,950,TradaBoostR2,20,0.5,1,2.407708918897343,1.838873385160228,2.3539143775416345,1.7650287566912184
140,2,Hgv,285,TradaBoostR2,30,0.1,2,4.341762916186045,2.591278475479343,3.746928768491592,2.6046180798214227
141,2,Hgv,190,TradaBoostR2,30,0.1,2,32.42255547846924,5.192289861886849,42.00301353509316,6.945146988718648
142,1,Hgv,570,TradaBoostR2,20,0.5,2,2.552582521891281,1.8544819250444085,2.544087019952993,1.9059411606539585
143,1,Hgv,380,TradaBoostR2,30,0.5,2,2.950911040758219,2.171238049671404,3.130590819092633,2.220625834256423
144,1,Hgv,760,TradaBoostR2,30,0.5,1,2.5617790071772664,1.9403237715006585,2.605881945494355,1.962744424899015
145,2,Hgv,380,TradaBoostR2,30,0.1,1,2.7003192450349154,2.1225313894953275,2.6629206297947183,2.081475234856135
146,2,Hgv,95,TradaBoostR2,30,0.5,2,4.419619335432294,2.9408707423900475,6.202243735511558,3.4554540902151847
147,1,Hgv,190,TradaBoostR2,30,0.1,2,5.384479744129166,3.557022306068529,5.893703957465879,3.6373133106977455
148,2,Hgv,475,TradaBoostR2,30,0.5,2,2.3942109911818457,1.7077042771587774,2.3339259158355645,1.7002890159127029
149,1,Hgv,855,TradaBoostR2,20,0.5,2,2.4168195164601425,1.8155961971988288,2.386503999062264,1.7748670726898848
150,1,Hgv,475,TradaBoostR2,30,0.5,1,2.70108323451508,2.012086651858281,2.871454894952487,2.0762289220788337
151,2,Hgv,285,TradaBoostR2,30,0.5,1,2.338923546289631,1.7052167187451115,2.467535026767773,1.8313003305041091
152,2,Hgv,190,TradaBoostR2,30,0.5,1,2.331911086636635,1.7499860461344776,2.5131522520665674,1.8935478401321413
153,1,Hgv,285,TradaBoostR2,30,0.1,2,3.992126707556181,3.0538181356228336,4.725221016118267,3.266008061360961
154,1,Hgv,950,TradaBoostR2,20,0.5,2,2.359347553207298,1.7618632068617404,2.3954048338780494,1.7977243356989845
155,1,Hgv,665,TradaBoostR2,30,0.5,2,2.505842656027005,1.820306936651845,2.554649434474153,1.8620242637280005
156,1,Hgv,570,TradaBoostR2,30,0.1,1,2.9309170834754346,2.2736323960635243,2.956749895083236,2.3007055529096343
157,1,Hgv,95,TradaBoostR2,30,0.5,2,4.524745863327604,3.3885368223089176,6.335811947376627,3.752234603335906
158,1,Hgv,190,TradaBoostR2,30,0.5,1,2.737666055523182,2.053964013071226,2.739435109598118,2.0393254573319752
159,1,Hgv,285,TradaBoostR2,30,0.5,1,2.708510336151186,2.017155040646157,2.9160047046304096,2.076125189372334
160,1,Hgv,760,TradaBoostR2,30,0.5,2,2.423986547618886,1.8006689146604495,2.5579956934884542,1.8838769985804933
161,1,Hgv,855,TradaBoostR2,30,0.1,1,2.5578711393195026,2.0079419993592174,2.621276877935102,2.0001854682803386
162,2,Hgv,380,TradaBoostR2,30,0.1,2,2.7910167179584127,2.1651614597336284,2.757621757894124,2.1617956085305914
163,1,Hgv,475,TradaBoostR2,30,0.5,2,2.681295140986212,1.9703284746313088,2.7794180624573896,2.0523316798732427
164,2,Hgv,285,TradaBoostR2,30,0.5,2,2.444997517609805,1.8203196855572312,2.552363661627551,1.8446910733320263
165,1,Hgv,950,TradaBoostR2,30,0.1,1,2.5312400821091896,1.981221398911156,2.533435776988492,1.9438678193648864
166,2,Hgv,190,TradaBoostR2,30,0.5,2,3.8356048358982,2.5041828161302835,11.750692301517972,3.480483774378108
167,1,Hgv,570,TradaBoostR2,30,0.1,2,2.951286004398495,2.290201608421163,2.902299278993328,2.252403039808513
168,2,Hgv,380,TradaBoostR2,30,0.5,1,2.4010827076108736,1.6895537573009265,2.3604036667003454,1.750232941573706
169,1,Hgv,285,TradaBoostR2,30,0.5,2,2.869789784784176,2.091379215272432,2.874369419613038,2.111851454769944
170,1,Hgv,190,TradaBoostR2,30,0.5,2,3.1341433310829285,2.2559479606460413,3.1894118303635848,2.271301893969548
171,1,Hgv,570,TradaBoostR2,30,0.5,1,2.5422520644606776,1.90900830233971,2.5744323611534896,1.946606023826968
172,1,Hgv,855,TradaBoostR2,30,0.1,2,2.618336402098254,2.0078374010363653,2.608035230736781,1.9979747108868
173,1,Hgv,950,TradaBoostR2,30,0.1,2,2.6769442243941857,2.020056824421749,2.584175076434005,1.990699556135318
174,2,Hgv,380,TradaBoostR2,30,0.5,2,2.6194698969274524,1.6954310476450227,2.446316065682207,1.7769002316345004
175,1,Hgv,855,TradaBoostR2,30,0.5,1,2.5964116733048583,2.000525155022499,2.6603478438589514,1.992773109369632
176,1,Hgv,950,TradaBoostR2,30,0.5,1,2.626116582299898,2.0264744826715773,2.5966638018806387,1.967603973501187
177,1,Hgv,570,TradaBoostR2,30,0.5,2,2.633937475390225,1.902982256516743,2.529206612439779,1.875516252796031
178,1,Hgv,855,TradaBoostR2,30,0.5,2,2.483804399256896,1.8776527016827496,2.534239800456994,1.9056148963760813
179,1,Hgv,950,TradaBoostR2,30,0.5,2,2.513021492208304,1.9029097550390912,2.4722578661269776,1.8700471042317135
180,2,Hgv,570,TradaBoostR2,10,0.1,1,3.079012212978484,2.4386324245256783,3.110251538331487,2.4004794528060964
181,2,Hgv,570,TradaBoostR2,10,0.1,2,3.3579823253727685,2.55170656815134,3.4729131770013253,2.5417860539767245
182,2,Hgv,570,TradaBoostR2,10,0.5,1,2.2944681031377114,1.696368954085324,2.289699907652324,1.7219933088929118
183,2,Hgv,570,TradaBoostR2,10,0.5,2,2.3972387959190637,1.7381308514680789,2.2815147801492506,1.6943257657533777
184,2,Hgv,570,TradaBoostR2,20,0.1,1,2.632750337479561,2.0867513191280374,2.5707957634612617,2.026182660024721
185,2,Hgv,665,TradaBoostR2,10,0.1,1,3.0220961695969755,2.370297032681263,2.9898751638516043,2.269019911136872
186,2,Hgv,570,TradaBoostR2,20,0.1,2,3.0216899410788964,2.2612426591940684,3.5560230311903727,2.266892699560072
187,2,Hgv,665,TradaBoostR2,10,0.1,2,3.058186535468418,2.3619596537156182,2.882951476149518,2.253957171329792
188,2,Hgv,665,TradaBoostR2,10,0.5,1,2.236750024614812,1.651102282750369,2.210566850163488,1.672654800067127
189,2,Hgv,570,TradaBoostR2,20,0.5,1,2.315661423798547,1.6428142350438268,2.2575817659627027,1.705633648825808
190,2,Hgv,665,TradaBoostR2,10,0.5,2,2.879655036273471,1.873732542480863,2.3655994714857207,1.7417496527498475
191,2,Hgv,760,TradaBoostR2,10,0.1,1,2.8643796855698533,2.259980560868199,2.721292958919157,2.120344042991787
192,3,Hgv,190,TradaBoostR2,10,0.1,1,6.535076680903499,3.969055017197009,4.792618161175706,3.6949356807898033
193,2,Hgv,950,TradaBoostR2,10,0.1,1,2.825763750681436,2.2374494025750544,2.707120985428832,2.129139220166599
194,3,Hgv,95,TradaBoostR2,10,0.1,1,6.184843624455874,4.375600840068232,6.014673872286406,4.163423174011477
195,2,Hgv,570,TradaBoostR2,20,0.5,2,2.3454462655056445,1.6672519374425148,2.3072012614288995,1.6795265732461653
196,2,Hgv,665,TradaBoostR2,20,0.1,1,2.581138042526344,2.0440198650151884,2.509437956361144,1.9611181121636163
197,2,Hgv,760,TradaBoostR2,10,0.1,2,3.0059849169556405,2.296602853962636,2.896495409197918,2.2280109415374776
198,3,Hgv,190,TradaBoostR2,10,0.1,2,23.55437920376577,6.895262520576446,13.898190483286609,5.825962505482555
199,3,Hgv,95,TradaBoostR2,10,0.1,2,49.754366564824174,10.34234049955144,35.153930365310245,7.614641640908529
200,2,Hgv,760,TradaBoostR2,10,0.5,1,2.2129728729074443,1.6449817436687928,2.1711461477677334,1.6620802995158326
201,2,Hgv,950,TradaBoostR2,10,0.1,2,3.653514374792235,2.3312171707903984,3.98943434875985,2.285493013981382
202,3,Hgv,190,TradaBoostR2,10,0.5,1,5.494706659878741,3.22506375416752,3.7864648162819967,2.76816455123283
203,3,Hgv,95,TradaBoostR2,10,0.5,1,4.562172632760049,3.2258384327719405,3.921770301712224,2.96731912862054
204,3,Hgv,380,TradaBoostR2,10,0.1,1,3.511639534571,2.8337699089394883,3.445960375154393,2.8040059547440603
205,2,Hgv,950,TradaBoostR2,10,0.5,1,2.2558578047347044,1.6613407055143603,2.2105858969203984,1.7029965161176548
206,2,Hgv,855,TradaBoostR2,10,0.1,1,2.920863390119811,2.30172112954733,2.751873257550203,2.1848527599461134
207,2,Hgv,760,TradaBoostR2,10,0.5,2,2.243206973467721,1.6629864629496514,2.219967633870136,1.6389060888796192
208,2,Hgv,570,TradaBoostR2,30,0.1,1,2.398770418168801,1.890597603970324,2.424494752755887,1.904078278952732
209,3,Hgv,380,TradaBoostR2,10,0.1,2,6.668948275901609,3.650870500616719,87.16594927051487,7.8745082652225795
210,2,Hgv,665,TradaBoostR2,20,0.1,2,2.567943277327313,2.027748205700289,2.759950436359285,2.107186370796435
211,3,Hgv,190,TradaBoostR2,10,0.5,2,5.672703234807014,3.198134621833826,3.589986945709512,2.6516799236602173
212,3,Hgv,95,TradaBoostR2,10,0.5,2,6.911782063448712,4.114685680256926,5.4872877377593605,3.6735388063176
213,3,Hgv,380,TradaBoostR2,10,0.5,1,3.0804288608223103,2.307694054381911,5.130340048465275,2.267739584006123
214,2,Hgv,950,TradaBoostR2,10,0.5,2,2.201593434999193,1.630538183679974,2.136084872329929,1.6376469006830527
215,2,Hgv,855,TradaBoostR2,10,0.1,2,2.8418052641299534,2.21834179907795,2.7913072384574296,2.2103789958094437
216,3,Hgv,380,TradaBoostR2,10,0.5,2,2.9925800006108805,2.209327740184452,2.748871493203557,2.033292665633406
217,3,Hgv,95,TradaBoostR2,20,0.1,1,5.399729174162267,3.975975097183156,4.535329470760317,3.6632196036197295
218,2,Hgv,760,TradaBoostR2,20,0.1,1,2.561648417130556,2.008818840125209,2.446853083927247,1.9088472588592404
219,3,Hgv,190,TradaBoostR2,20,0.1,1,6.723831087267119,3.757067236046874,4.479861796253202,3.437644675265422
220,2,Hgv,665,TradaBoostR2,20,0.5,1,2.428576612813515,1.7647030998684592,2.332379584047536,1.737959847872072
221,2,Hgv,855,TradaBoostR2,10,0.5,1,2.2595998707808445,1.6809613332694813,2.194292355024115,1.6752264667651284
222,2,Hgv,950,TradaBoostR2,20,0.1,1,2.46654159851783,1.9436504768554903,2.3873829674845437,1.8735523285388167
223,3,Hgv,380,TradaBoostR2,20,0.1,1,3.5132886620823065,2.7769264979472883,5.17460778247568,2.758135492742913
224,3,Hgv,475,TradaBoostR2,10,0.1,1,3.5324513411941005,2.812103266707524,3.400765665766388,2.721730551071979
225,3,Hgv,570,TradaBoostR2,10,0.1,1,3.48807149287301,2.6858752783374893,7.129811770559043,2.847235949295647
226,3,Hgv,285,TradaBoostR2,10,0.1,1,4.858235468540228,3.277649067152273,4.018305869465534,3.179965752705301
227,2,Hgv,855,TradaBoostR2,10,0.5,2,2.2694318671658347,1.6752794544613672,2.203245297943238,1.6607984063725258
228,3,Hgv,95,TradaBoostR2,20,0.1,2,49.24152539101956,10.037224679564002,34.89483026756742,7.324999032896147
229,3,Hgv,570,TradaBoostR2,10,0.1,2,5.390662931632923,3.2093146344549166,88.11108450863267,7.6159206759422
230,3,Hgv,475,TradaBoostR2,10,0.1,2,5.95969881116961,3.496349332286187,85.68569697044717,7.681694322192866
231,2,Hgv,570,TradaBoostR2,30,0.1,2,2.6031037033877737,1.9836342730836776,2.470100077665541,1.8782445975719089
232,3,Hgv,190,TradaBoostR2,20,0.1,2,9.972688923975328,4.137149572579332,21.545993178815053,4.4864565049365615
233,3,Hgv,570,TradaBoostR2,10,0.5,1,2.898132370218974,2.064514625906164,3.059454476505246,1.9293501159464783
234,3,Hgv,285,TradaBoostR2,10,0.1,2,9.038322437182892,3.9311098149506902,37.49305604329081,5.212659690332314
235,3,Hgv,475,TradaBoostR2,10,0.5,1,2.9710960665060053,2.1903827276795425,5.760010241795663,2.170495156229149
236,2,Hgv,665,TradaBoostR2,20,0.5,2,2.359814176565187,1.691333609787484,2.3477923740863185,1.7065496649319518
237,2,Hgv,760,TradaBoostR2,20,0.1,2,3.179161395488579,2.271963952439487,3.255794390969452,2.2224457126924166
238,3,Hgv,380,TradaBoostR2,20,0.1,2,5.202917517545687,3.075084815770554,7.1708209800013165,2.9872208866207832
239,3,Hgv,95,TradaBoostR2,20,0.5,1,4.0030333540499,2.688041836606923,3.537160080486369,2.482062851306696
240,3,Hgv,285,TradaBoostR2,10,0.5,1,3.327145687437709,2.3968612737196318,3.203215452903628,2.301327763641162
241,2,Hgv,855,TradaBoostR2,20,0.1,1,2.5141744158333275,1.977251539275036,2.4077202639778243,1.8994123299268748
242,2,Hgv,950,TradaBoostR2,20,0.1,2,2.711691843096815,2.031597390478016,2.484431961413285,1.9048418143278
243,3,Hgv,570,TradaBoostR2,10,0.5,2,2.934172332205324,2.0532608346035013,2.663524097544497,1.8604491187782612
244,3,Hgv,475,TradaBoostR2,10,0.5,2,3.649885094376646,2.4005810654773,5.380924438678337,2.3819589220193347
245,3,Hgv,190,TradaBoostR2,20,0.5,1,5.042587401828821,2.8461125119273665,3.4108108651428366,2.3346072077608384
246,3,Hgv,380,TradaBoostR2,20,0.5,1,2.8928961840334315,1.9747308994921229,2.6004383710989742,1.779657602239736
247,2,Hgv,760,TradaBoostR2,20,0.5,1,2.409147330551134,1.7526133551714724,2.2973104258382224,1.7410912510245875
248,3,Hgv,285,TradaBoostR2,10,0.5,2,4.625290494918684,2.6325117557504827,3.1871994560823764,2.2920116102313046
249,3,Hgv,570,TradaBoostR2,20,0.1,1,3.1458893035989672,2.3914453277521592,2.851119948595648,2.189661870843314
250,2,Hgv,570,TradaBoostR2,30,0.5,1,2.4131148929167376,1.7188971243776745,2.2859060193849885,1.7187192846746917
251,3,Hgv,475,TradaBoostR2,20,0.1,1,3.347925525986397,2.6011399144555214,5.759651559390245,2.5934432737937034
252,2,Hgv,665,TradaBoostR2,30,0.1,1,2.4218481930977216,1.876656429984768,2.318285289433386,1.813243862942617
253,2,Hgv,950,TradaBoostR2,20,0.5,1,2.5360404100216605,1.8705079646646687,2.518571255074364,1.8724374720518608
254,3,Hgv,95,TradaBoostR2,20,0.5,2,6.943886354530935,3.84141501345784,5.072830843838555,3.23212396293238
255,3,Hgv,285,TradaBoostR2,20,0.1,1,5.671482329036363,3.123861798558976,3.393902168693526,2.754661340538388
256,3,Hgv,380,TradaBoostR2,20,0.5,2,3.0169479025384365,2.129465594920932,2.8037613597999917,1.8872242848371388
257,3,Hgv,190,TradaBoostR2,20,0.5,2,4.756340007982519,2.958720781695516,6.145153772068593,2.8634734037651506
258,2,Hgv,855,TradaBoostR2,20,0.1,2,2.9106844674486374,2.1142585176474777,2.58000884995356,1.980814948213388
259,3,Hgv,570,TradaBoostR2,20,0.1,2,5.277512460952475,2.815806238158033,3.834582266616033,2.503829842664348
260,3,Hgv,475,TradaBoostR2,20,0.1,2,5.730653352362666,2.9473832699963696,3.485741099360089,2.5385201817016614
261,2,Hgv,760,TradaBoostR2,20,0.5,2,2.37785222094576,1.6782477608687396,2.2871479030359976,1.694143227581664
262,3,Hgv,380,TradaBoostR2,30,0.1,1,3.399297109535007,2.653470474137419,5.24832003158887,2.6249746123738364
263,3,Hgv,95,TradaBoostR2,30,0.1,1,5.2975265629652,3.826387683166522,4.450947262723664,3.5270155839609494
264,3,Hgv,570,TradaBoostR2,20,0.5,1,2.728254928276514,1.9131991491393776,2.396996496371348,1.688813813429617
265,2,Hgv,855,TradaBoostR2,20,0.5,1,2.5591474813329307,1.8592043466528252,2.533539842057124,1.8804151398786384
266,3,Hgv,285,TradaBoostR2,20,0.1,2,8.021635522058371,3.2877375964106577,8.1227055999732,3.345624818257751
267,2,Hgv,950,TradaBoostR2,20,0.5,2,2.347982608763311,1.7288113997372865,2.3160886240335032,1.7473483124404336
268,3,Hgv,190,TradaBoostR2,30,0.1,1,6.609096569557805,3.61905900451404,4.286994824976921,3.281843723292863
269,3,Hgv,475,TradaBoostR2,20,0.5,1,2.8653016979313484,1.9612069978624465,2.580483963862776,1.7506973802613937
270,2,Hgv,570,TradaBoostR2,30,0.5,2,2.4026166565915847,1.7125860114802065,2.368365429790269,1.716394522417224
271,2,Hgv,665,TradaBoostR2,30,0.1,2,2.407915538537699,1.867996781946397,2.3718493870394104,1.817007748944258
272,3,Hgv,285,TradaBoostR2,20,0.5,1,2.616444633891612,1.9295120247384137,2.5525095713878363,1.7936370645509354
273,3,Hgv,570,TradaBoostR2,20,0.5,2,3.1136795980341563,2.053828927649185,2.9977398423429014,2.014017043603221
274,3,Hgv,665,TradaBoostR2,10,0.1,1,3.2739973246109213,2.549086701147304,6.93681301102942,2.6911326857012203
275,2,Hgv,760,TradaBoostR2,30,0.1,1,2.387990487891999,1.8702048659184844,2.326558154432395,1.8074986436571816
276,2,Hgv,855,TradaBoostR2,20,0.5,2,2.3472548671705296,1.7388803942980948,2.217331743324276,1.6589394914103297
277,3,Hgv,475,TradaBoostR2,20,0.5,2,2.8982535284300024,1.990353983066697,2.520272321917777,1.758785666414358
278,3,Hgv,380,TradaBoostR2,30,0.1,2,3.6283922215024935,2.673572741504316,3.3081260206707697,2.453303849100504
279,3,Hgv,95,TradaBoostR2,30,0.1,2,9.097567279150542,4.981300375328055,9.80663387045328,5.075347499273168
280,2,Hgv,950,TradaBoostR2,30,0.1,1,2.450084954164334,1.8611336905092892,2.3080707186320817,1.792574554308507
281,3,Hgv,665,TradaBoostR2,10,0.1,2,4.437062215927221,2.8394195439534604,71.44264457315005,6.3900362721077295
282,3,Hgv,570,TradaBoostR2,30,0.1,1,3.0252592778018297,2.2579916843145877,3.1359699582435203,2.1514289627954883
283,2,Hgv,665,TradaBoostR2,30,0.5,1,2.541588132366686,1.8511723985504425,2.390341874591196,1.7869520822382436
284,3,Hgv,190,TradaBoostR2,30,0.1,2,6.210178454177872,3.381951439815307,7.196499854660094,3.2438643152796285
285,3,Hgv,285,TradaBoostR2,20,0.5,2,4.823093193814702,2.451108117813642,3.68153483273446,2.1372143404691317
286,3,Hgv,665,TradaBoostR2,10,0.5,1,3.0753818063674103,2.107297449828176,2.581241888173299,1.8533182739189056
287,3,Hgv,380,TradaBoostR2,30,0.5,1,2.8273021620649583,2.0317977351101195,2.5975237091386925,1.871896232213697
288,3,Hgv,475,TradaBoostR2,30,0.1,1,3.237964577988316,2.472005577276087,5.816338066699416,2.4656305726574805
289,3,Hgv,95,TradaBoostR2,30,0.5,1,3.996519449938855,2.7439319937315543,3.623405407226396,2.3305045605125287
290,2,Hgv,855,TradaBoostR2,30,0.1,1,2.4992203513568345,1.8955592268187684,2.3183340436110598,1.809200236053757
291,3,Hgv,665,TradaBoostR2,10,0.5,2,5.432016621533404,2.2221054721112266,2.6613881284107506,1.8980970645286024
292,3,Hgv,190,TradaBoostR2,30,0.5,1,5.153007648080754,3.0180948718965195,3.5909919101183614,2.4041106036487783
293,3,Hgv,285,TradaBoostR2,30,0.1,1,5.2536670514353805,2.9714928766448208,3.1417045512035413,2.52387630403566
294,2,Hgv,760,TradaBoostR2,30,0.1,2,2.8321745127529243,2.027388919668533,2.953950370798875,2.080322479485452
295,3,Hgv,665,TradaBoostR2,20,0.1,1,2.9935387205089423,2.296893648369308,3.304216880370886,2.1747262724762155
296,3,Hgv,570,TradaBoostR2,30,0.1,2,5.038876766994689,2.622002552061453,3.666069855785296,2.3065473434529085
297,3,Hgv,380,TradaBoostR2,30,0.5,2,3.3223118154356595,2.1658106016881744,2.843057288754617,1.9403548593268536
298,2,Hgv,950,TradaBoostR2,30,0.1,2,2.378650982097784,1.804935983672297,2.2904617207915505,1.7734174734235622
299,2,Hgv,665,TradaBoostR2,30,0.5,2,2.454892800614468,1.7663100522760586,2.346068145483457,1.743956988634404
300,3,Hgv,570,TradaBoostR2,30,0.5,1,2.8059131578308314,2.019118959814996,2.593263171385068,1.8822652570347047
301,3,Hgv,475,TradaBoostR2,30,0.1,2,5.073722834064903,2.892078306157801,5.969257571534491,2.683254627537363
302,3,Hgv,95,TradaBoostR2,30,0.5,2,4.372304268455929,2.994544117116601,3.774499522267452,2.6276040916912566
303,2,Hgv,760,TradaBoostR2,30,0.5,1,2.5079459023015684,1.838330466438624,2.422480438782635,1.8543071151885624
304,3,Hgv,665,TradaBoostR2,20,0.1,2,3.0354994314560653,2.297341281342517,6.999844547393829,2.4197004870954664
305,2,Hgv,855,TradaBoostR2,30,0.1,2,2.786626204239313,1.9785289093138487,2.41843268869031,1.8629556017992344
306,3,Hgv,285,TradaBoostR2,30,0.1,2,5.644283852823049,3.1336864310497425,4.861912164543918,2.9656527602977816
307,3,Hgv,190,TradaBoostR2,30,0.5,2,4.185022442975772,2.584291362454803,3.220607539357651,2.1762580054077287
308,3,Hgv,665,TradaBoostR2,20,0.5,1,2.7344235184344328,1.9448465056427384,2.3730854811232924,1.730464300268489
309,3,Hgv,475,TradaBoostR2,30,0.5,1,2.926185048178374,2.056804645835008,2.6777709015766264,1.9060961669779344
310,2,Hgv,950,TradaBoostR2,30,0.5,1,2.6040898045668204,1.9633016816948288,2.5909532559014687,1.934161756405668
311,3,Hgv,855,TradaBoostR2,10,0.1,1,3.149103353712947,2.400213920193315,3.168263346251114,2.287003318306664
312,3,Hgv,570,TradaBoostR2,30,0.5,2,2.9405314482458684,2.022254021659873,2.67088331899546,1.8739364665140064
313,3,Hgv,760,TradaBoostR2,10,0.1,1,3.1986388208113468,2.4966953463054176,6.827113963295478,2.6195442083914817
314,3,Hgv,285,TradaBoostR2,30,0.5,1,3.083899629428269,2.144934254531946,2.626239871775553,1.825268206527929
315,3,Hgv,855,TradaBoostR2,10,0.1,2,3.610455203528816,2.4950269613580818,5.915048048020554,2.5048095724665003
316,3,Hgv,665,TradaBoostR2,20,0.5,2,2.902337508941194,1.968956604953899,2.703154692795473,1.8507479977980184
317,2,Hgv,855,TradaBoostR2,30,0.5,1,2.6121888660108628,1.94082669287335,2.603393131743592,1.9589675609394583
318,3,Hgv,855,TradaBoostR2,10,0.5,1,2.7749117198734896,1.957345960747164,2.435803597724346,1.7347261363630244
319,3,Hgv,760,TradaBoostR2,10,0.1,2,3.7076263272602574,2.626350780903044,34.605650961769285,4.4051580236871954
320,2,Hgv,760,TradaBoostR2,30,0.5,2,2.489673107934653,1.805689652380252,2.488421214400289,1.8333294266502156
321,3,Hgv,760,TradaBoostR2,10,0.5,1,2.8363147595128724,1.9226816519362384,2.272863506825478,1.7075467814503713
322,3,Hgv,855,TradaBoostR2,10,0.5,2,2.9327996935632386,1.9362971942862992,2.4227913335787297,1.7688193249467117
323,3,Hgv,475,TradaBoostR2,30,0.5,2,2.780391504231776,1.92536853261744,2.5443694931862666,1.741939811201156
324,3,Hgv,665,TradaBoostR2,30,0.1,1,3.119346714319106,2.2779090374830964,2.7812123229975274,2.0869650441947383
325,3,Hgv,950,TradaBoostR2,10,0.1,1,3.0872214855855016,2.3467258326317824,3.1832309572216624,2.2374611375557167
326,3,Hgv,760,TradaBoostR2,10,0.5,2,2.7357745194911938,1.9184937578163952,2.476265182259197,1.7838926477723756
327,2,Hgv,950,TradaBoostR2,30,0.5,2,2.380408199697292,1.7740980533358977,2.3789002250107285,1.7837231514505658
328,3,Hgv,855,TradaBoostR2,20,0.1,1,2.833849940867793,2.148740350098387,2.523950442201103,1.9646014336265627
329,3,Hgv,285,TradaBoostR2,30,0.5,2,4.186239979773483,2.451383030841776,3.5301652902133416,2.103276336997644
330,3,Hgv,950,TradaBoostR2,10,0.1,2,14.522439903779835,3.197796387671934,54.697512363486254,4.841747843707319
331,3,Hgv,760,TradaBoostR2,20,0.1,1,2.7185566493358557,2.132791257845005,2.5570678458317104,1.9952075777303675
332,3,Hgv,950,TradaBoostR2,10,0.5,1,2.96350778607327,2.0504284834997364,2.5666666121620687,1.815572714325367
333,2,Hgv,855,TradaBoostR2,30,0.5,2,2.51988333026539,1.8496580800390048,2.3350374893121275,1.7888000616841575
334,3,Hgv,855,TradaBoostR2,20,0.1,2,3.215124964985879,2.248032762693538,3.6000022057780163,2.184046473763971
335,3,Hgv,665,TradaBoostR2,30,0.1,2,5.628103733495483,2.535908302965262,3.1342854912514917,2.1618807343046496
336,3,Hgv,950,TradaBoostR2,10,0.5,2,3.096130685691568,1.9814130456278245,2.56353280716572,1.7926690200113429
337,3,Hgv,855,TradaBoostR2,20,0.5,1,2.7827409265206957,1.956342766346028,2.451846401876057,1.7673118867842272
338,3,Hgv,950,TradaBoostR2,20,0.1,1,2.920393626038228,2.1813606033679447,2.726956603439221,2.0403187411412365
339,3,Hgv,760,TradaBoostR2,20,0.1,2,3.1671683739317125,2.3102644593451407,8.057188216866413,2.455426486831012
340,3,Hgv,665,TradaBoostR2,30,0.5,1,2.78604004505161,2.069400498962438,2.464888712294905,1.8599934555646889
341,3,Hgv,760,TradaBoostR2,20,0.5,1,2.7503331031117564,1.9599131987776672,2.410911752691276,1.76785820731313
342,3,Hgv,855,TradaBoostR2,20,0.5,2,2.9285429750197145,1.8769973612509756,2.733823735096508,1.7654534799632866
343,3,Hgv,950,TradaBoostR2,20,0.1,2,3.3091919453758614,2.16438346181675,2.8294764378506283,2.074216387271854
344,3,Hgv,665,TradaBoostR2,30,0.5,2,3.031379081633609,2.0508455229816622,2.729682477682782,1.9425957158595903
345,3,Hgv,950,TradaBoostR2,20,0.5,1,2.8475670674394085,1.9233514563833365,2.297875741831449,1.702025544157148
346,3,Hgv,855,TradaBoostR2,30,0.1,1,2.8019034915313505,2.0553808726098928,2.391883478126004,1.863569999914489
347,3,Hgv,760,TradaBoostR2,20,0.5,2,2.970715108949164,1.986871516741331,2.372119138778161,1.7160544179244115
348,3,Hgv,950,TradaBoostR2,20,0.5,2,2.835892878162782,1.8873028914497825,2.8044092581069267,1.827553615336072
349,3,Hgv,760,TradaBoostR2,30,0.1,1,2.814880755514926,2.138440761046496,2.7407271428146567,2.0267851651587447
350,3,Hgv,855,TradaBoostR2,30,0.1,2,2.9757080587505707,2.0490938885765884,2.4347561335340298,1.851436900849828
351,3,Hgv,950,TradaBoostR2,30,0.1,1,2.899614381292905,2.0924740942078137,2.659680341682648,1.9530295745641817
352,3,Hgv,855,TradaBoostR2,30,0.5,1,2.82645523511101,2.061426084458815,2.587645774520813,1.8831826007472976
353,3,Hgv,760,TradaBoostR2,30,0.1,2,5.017471395635892,2.3414512396466973,6.448998935565532,2.377956113147256
354,3,Hgv,950,TradaBoostR2,30,0.1,2,3.792347745438473,2.1874579916645294,2.665724094895812,1.950207810644509
355,3,Hgv,855,TradaBoostR2,30,0.5,2,2.7959355115419755,1.8863555347771777,2.594136709521876,1.8553522510394929
356,3,Hgv,760,TradaBoostR2,30,0.5,1,2.770511245991456,2.0648429272775144,2.525985277375074,1.897972722101454
357,3,Hgv,950,TradaBoostR2,30,0.5,1,2.723576872933531,1.9861282369323576,2.4217004216741813,1.7905366181414029
358,3,Hgv,760,TradaBoostR2,30,0.5,2,2.8496880301646432,1.975927848397524,2.481198775071512,1.7824804174216766
359,3,Hgv,950,TradaBoostR2,30,0.5,2,2.8971474238616315,1.9001671050917053,2.596809126041364,1.8064598359689783
360,6,Hgv,190,TradaBoostR2,10,0.1,1,4.171526028634848,3.4569831722049726,6.233350357045132,3.7631387435703534
361,6,Hgv,95,TradaBoostR2,10,0.1,1,4.966914681057997,4.107503108847927,5.209226752995447,4.178463305637137
362,6,Hgv,190,TradaBoostR2,10,0.1,2,4.490487809171958,3.6571228893114407,6.982804017937289,4.029396921301324
363,6,Hgv,95,TradaBoostR2,10,0.1,2,18.36802135409401,6.943358473589224,30.65335106645738,7.878361966238669
364,6,Hgv,190,TradaBoostR2,10,0.5,1,3.0002318691616723,2.3168186466877905,2.855741967906881,2.2034308178251414
365,6,Hgv,95,TradaBoostR2,10,0.5,1,4.107469233893421,3.149036330854288,4.290488518741936,3.14354364862677
366,6,Hgv,190,TradaBoostR2,10,0.5,2,3.341592563522583,2.4910570375132,3.2525356134314247,2.449650431122584
367,5,Hgv,95,TradaBoostR2,10,0.1,1,5.286635310250599,4.126981124186864,5.396680490752578,4.188414566818969
368,6,Hgv,95,TradaBoostR2,10,0.5,2,21.794912229821456,5.881958974092968,31.76867694742577,7.309813346623041
369,6,Hgv,665,TradaBoostR2,10,0.1,1,3.351711767794247,2.610768000832393,3.500129826397364,2.4975598997085657
370,5,Hgv,570,TradaBoostR2,10,0.1,1,3.2151424948360208,2.5547924762683207,3.575483149655132,2.6504975587238886
371,5,Hgv,855,TradaBoostR2,10,0.1,1,4.277927836894001,2.4646825366726013,3.008004076235692,2.298773769713057
372,5,Hgv,665,TradaBoostR2,10,0.1,1,3.008812300158565,2.377560324014933,3.1195567205376125,2.4231522958767813
373,5,Hgv,475,TradaBoostR2,10,0.1,1,3.31599304925666,2.710727806554438,3.4623006884372374,2.717274353094788
374,6,Hgv,190,TradaBoostR2,20,0.1,1,3.6007391163970417,2.9586643695451835,4.22260096800702,3.0598085465684512
375,6,Hgv,95,TradaBoostR2,20,0.1,1,4.676588861291723,3.784526185438281,4.88247226340235,3.820790536164668
376,5,Hgv,95,TradaBoostR2,10,0.1,2,40.7083270960375,9.130844817226285,19.91296876276024,6.764481831613336
377,6,Hgv,665,TradaBoostR2,10,0.1,2,3.2673846196867826,2.598518177201724,3.4093879784860004,2.454406606349687
378,5,Hgv,570,TradaBoostR2,10,0.1,2,3.43457311856364,2.6568766238519896,3.570895042107155,2.678892774349489
379,5,Hgv,95,TradaBoostR2,10,0.5,1,4.471714567032607,3.037667397040951,4.543681126119467,3.14723042341744
380,5,Hgv,855,TradaBoostR2,10,0.1,2,6.562237057709907,2.712985203894487,9.046152271808165,3.1354301743918254
381,5,Hgv,665,TradaBoostR2,10,0.1,2,5.235255712728331,2.8917769090826444,9.577214278481826,3.398836157558444
382,5,Hgv,475,TradaBoostR2,10,0.1,2,3.4276562718206964,2.7849759688592943,3.9366417236078592,2.8712674266646547
383,6,Hgv,665,TradaBoostR2,10,0.5,1,2.578143072203464,1.9608607461261984,2.3832424225337587,1.804912750844941
384,5,Hgv,570,TradaBoostR2,10,0.5,1,2.619563825066315,2.018270729327561,2.684788206388937,2.006822576400029
385,5,Hgv,855,TradaBoostR2,10,0.5,1,2.633324900864671,1.899040075836344,2.472096565177756,1.834442523831309
386,5,Hgv,475,TradaBoostR2,10,0.5,1,2.558735856314019,1.9698993134858935,2.5340170271789537,1.8898536351424715
387,5,Hgv,665,TradaBoostR2,10,0.5,1,2.465458418406015,1.867583610524307,2.416322623112385,1.795520427467243
388,6,Hgv,855,TradaBoostR2,10,0.1,1,2.9948860410889337,2.3658238846595285,2.8555800965219738,2.228537097316276
389,6,Hgv,190,TradaBoostR2,20,0.1,2,4.160180832310965,3.294664054293621,6.777469703779991,3.592870139495808
390,5,Hgv,95,TradaBoostR2,10,0.5,2,37.53959616167568,6.836127227744054,9.56522599515332,4.396975850011745
391,4,Hgv,475,TradaBoostR2,10,0.1,1,3.5747148554691925,2.846920125921694,3.195465266515435,2.5513746588941757
392,6,Hgv,665,TradaBoostR2,10,0.5,2,2.5393551638764924,1.9252777408560249,2.472948544371793,1.8247211819902047
393,6,Hgv,570,TradaBoostR2,10,0.1,1,3.182229458211369,2.5704832886177456,3.026502050020267,2.4116664585551253
394,6,Hgv,95,TradaBoostR2,20,0.1,2,5.6948366909712895,4.207221725803703,7.613116195907257,4.621042466237917
395,6,Hgv,285,TradaBoostR2,10,0.1,1,4.114933948366508,3.218253677886325,4.221914012682089,3.226285528395273
396,5,Hgv,570,TradaBoostR2,10,0.5,2,2.619248957490303,1.990999464825481,2.701486781965803,2.0076360449312727
397,5,Hgv,475,TradaBoostR2,10,0.5,2,4.429722321103211,2.1446261605352035,3.027293039038106,2.026571922469456
398,5,Hgv,665,TradaBoostR2,10,0.5,2,2.471606590477372,1.8488177346985988,2.500462358380187,1.8239269918767569
399,5,Hgv,855,TradaBoostR2,10,0.5,2,2.5556523403672227,1.8548968743293772,2.526258960074517,1.8084320867930304
400,6,Hgv,190,TradaBoostR2,20,0.5,1,3.355294802694768,2.396537153235205,3.457951535579579,2.414784838877961
401,6,Hgv,855,TradaBoostR2,10,0.1,2,2.975364769625787,2.3267486376102995,2.904912669175133,2.2145357134757817
402,6,Hgv,95,TradaBoostR2,20,0.5,1,3.708167678650343,2.7079239878918138,3.424481328673225,2.560004937899933
403,4,Hgv,475,TradaBoostR2,10,0.1,2,10.72572743009683,3.9162866742567135,9.00896367078784,3.4677083695070725
404,5,Hgv,95,TradaBoostR2,20,0.1,1,4.247004759795258,3.443131560985951,4.587987232602957,3.52246645570392
405,6,Hgv,665,TradaBoostR2,20,0.1,1,2.955553183379241,2.337482906857464,2.918134566678853,2.2095628405104457
406,6,Hgv,570,TradaBoostR2,10,0.1,2,3.2419357283423795,2.5760471975324277,3.11654155359587,2.411005712261181
407,6,Hgv,285,TradaBoostR2,10,0.1,2,10.742788745033044,3.905307688606002,17.284202089503015,4.080562843938514
408,5,Hgv,570,TradaBoostR2,20,0.1,1,3.0170664448777806,2.34631269306878,3.30612156622912,2.422359694429092
409,6,Hgv,855,TradaBoostR2,10,0.5,1,2.556765983412657,1.9394800661466352,2.3400574758352453,1.7763190850042283
410,4,Hgv,475,TradaBoostR2,10,0.5,1,3.394923253968822,2.043892411856268,3.055579390811863,1.941745283034584
411,5,Hgv,475,TradaBoostR2,20,0.1,1,3.0298017205136,2.3774060446833127,4.545182204265998,2.7232197997498355
412,5,Hgv,855,TradaBoostR2,20,0.1,1,2.5956901739206324,2.032516432858536,2.7090446087258244,2.039380447304701
413,5,Hgv,665,TradaBoostR2,20,0.1,1,2.804991962413786,2.165492091113525,2.9283378459553675,2.2432086934798017
414,6,Hgv,570,TradaBoostR2,10,0.5,1,2.566872448759878,1.986088859946336,2.365206563960267,1.8214461400891837
415,6,Hgv,950,TradaBoostR2,10,0.1,1,2.9304098464418717,2.309757909923134,2.767536213561582,2.1265371821360786
416,6,Hgv,285,TradaBoostR2,10,0.5,1,3.0569690321694623,2.313427564368525,2.966510266099082,2.2263955158173667
417,4,Hgv,285,TradaBoostR2,10,0.1,1,5.176405012228024,3.277341586818522,4.5375819006957965,2.9904621970539607
418,4,Hgv,475,TradaBoostR2,10,0.5,2,3.575252621778356,2.2107332340045183,2.8077341290023,1.9368629921254108
419,6,Hgv,190,TradaBoostR2,20,0.5,2,3.313390195371892,2.3269016902322117,4.641700433843314,2.3659299317695206
420,6,Hgv,855,TradaBoostR2,10,0.5,2,2.739112442067164,2.0389749681655984,2.556508110142661,1.927438955634548
421,6,Hgv,95,TradaBoostR2,20,0.5,2,4.864527585228718,3.1127409094518983,4.527567049855621,3.084348981993489
422,6,Hgv,570,TradaBoostR2,10,0.5,2,2.6662588053909952,2.050620873680541,2.5437208050946163,1.8871557759268984
423,6,Hgv,285,TradaBoostR2,10,0.5,2,2.9414317027276566,2.277489871096276,3.180741133804521,2.252834132338716
424,6,Hgv,950,TradaBoostR2,10,0.1,2,4.57111976689137,2.643427310321332,3.8110299505704415,2.384043039490368
425,5,Hgv,95,TradaBoostR2,20,0.1,2,39.216705009219226,9.454647383009249,13.451708044766914,6.60491441339609
426,6,Hgv,665,TradaBoostR2,20,0.1,2,5.904285452359425,2.7392751467259364,4.730559317226573,2.527160379458682
427,5,Hgv,570,TradaBoostR2,20,0.1,2,3.135083129241584,2.431927846031188,3.209646361872663,2.399546558921966
428,5,Hgv,760,TradaBoostR2,10,0.1,1,4.412443429552623,2.554382581047824,3.10726288063358,2.3954308179272803
429,4,Hgv,285,TradaBoostR2,10,0.1,2,7.814967902273391,4.383471008354938,17.22743071420006,5.381270339917808
430,5,Hgv,475,TradaBoostR2,20,0.1,2,3.119486773248524,2.417061294079901,6.088159580748804,2.986130928171467
431,4,Hgv,475,TradaBoostR2,20,0.1,1,3.301731631446593,2.4945671586880502,2.9423449763734166,2.2473656189566835
432,6,Hgv,950,TradaBoostR2,10,0.5,1,2.4913058489323854,1.8814879789320496,2.346599581753,1.7645135961102971
433,4,Hgv,570,TradaBoostR2,10,0.1,1,3.3589303006446314,2.6694843624672417,3.1576142183338574,2.457625130065192
434,5,Hgv,665,TradaBoostR2,20,0.1,2,4.801977356633553,2.702398774674654,3.7794204537504,2.5205998307326887
435,6,Hgv,95,TradaBoostR2,30,0.1,1,4.488826387587696,3.5577496904285115,4.674706125152663,3.5722032669033776
436,6,Hgv,855,TradaBoostR2,20,0.1,1,2.780164960695692,2.20773972904982,2.65061069365087,2.091962671806443
437,4,Hgv,190,TradaBoostR2,10,0.1,1,4.850246290393246,3.657104778833553,4.335967239985693,3.344440603433189
438,5,Hgv,855,TradaBoostR2,20,0.1,2,2.817743888240137,2.1649899888956745,6.096309031956471,2.5347820880849974
439,6,Hgv,570,TradaBoostR2,20,0.1,1,2.9653067408524283,2.3738420140224297,2.95707933500558,2.2562542016190377
440,6,Hgv,285,TradaBoostR2,20,0.1,1,3.338604386480324,2.68890228984094,3.238424248760208,2.577602087751242
441,6,Hgv,190,TradaBoostR2,30,0.1,1,3.2848139148593347,2.6654627715373174,3.2073075977077554,2.582925978520996
442,5,Hgv,95,TradaBoostR2,20,0.5,1,5.38551849272802,2.879644060360696,4.559992428865261,2.8951545936301204
443,6,Hgv,665,TradaBoostR2,20,0.5,1,2.7030407982248,2.0327043480636755,2.4917027508408647,1.8834438209940083
444,4,Hgv,285,TradaBoostR2,10,0.5,1,4.256795224003319,2.3212171154250782,3.4627305507217736,2.160849011787548
445,5,Hgv,950,TradaBoostR2,10,0.1,1,4.17030033009842,2.428873409509821,2.9577952328831727,2.2481727469000927
446,5,Hgv,570,TradaBoostR2,20,0.5,1,2.6522795583385426,2.0037847300971525,2.604354673989533,1.887128440087896
447,5,Hgv,475,TradaBoostR2,20,0.5,1,2.5153635353818102,1.890026805030603,2.443034507984561,1.8016133949389452
448,5,Hgv,665,TradaBoostR2,20,0.5,1,2.5611330668841163,1.9065883893036213,2.398387564656866,1.7601051156884642
449,6,Hgv,950,TradaBoostR2,10,0.5,2,2.5855689356279994,1.942007917109691,2.379722845273348,1.793408999407064
450,4,Hgv,570,TradaBoostR2,10,0.1,2,21.70388982461385,4.904898099357258,23.20117757652115,5.030623081465029
451,5,Hgv,855,TradaBoostR2,20,0.5,1,2.70713218094458,2.0088107682833733,2.528247185614167,1.874253112228586
452,5,Hgv,760,TradaBoostR2,10,0.1,2,6.14975703775906,2.8079492957697663,7.777181923809915,2.968258381340841
453,4,Hgv,190,TradaBoostR2,10,0.1,2,16.94361149166268,5.433069525699272,5.21377719444394,3.803944009696458
454,4,Hgv,285,TradaBoostR2,10,0.5,2,5.2478038350457865,2.6520696971968345,4.004102075275086,2.334146508877543
455,4,Hgv,475,TradaBoostR2,20,0.1,2,3.673900020671116,2.676047546775912,3.938965789031748,2.4598887527439106
456,4,Hgv,570,TradaBoostR2,10,0.5,1,2.888097753706447,2.0175260759817277,3.8161709179529018,2.060042972642578
457,5,Hgv,760,TradaBoostR2,10,0.5,1,2.59358687030476,1.933841128945499,2.411895351550645,1.7706487500933157
458,5,Hgv,285,TradaBoostR2,10,0.1,1,16.175929357330663,4.008709645131761,4.592081463100335,3.339621528004748
459,4,Hgv,190,TradaBoostR2,10,0.5,1,6.653531704505818,2.898642701206808,4.603403165621117,2.568648051423256
460,4,Hgv,95,TradaBoostR2,10,0.1,1,5.122415723483331,4.195250492278039,4.944196748701973,3.974965023263914
461,6,Hgv,285,TradaBoostR2,20,0.1,2,4.954150733801316,3.1405647923920403,6.646076223633231,3.337084294004946
462,5,Hgv,950,TradaBoostR2,10,0.1,2,3.5509815746348403,2.3821508194477765,4.815302047670632,2.685096727556543
463,4,Hgv,665,TradaBoostR2,10,0.1,1,3.328935263853376,2.634411782544114,3.296003438368746,2.440783795720945
464,5,Hgv,190,TradaBoostR2,10,0.1,1,15.777416751358905,4.29346654455085,5.138752758609012,3.720811837986382
465,6,Hgv,855,TradaBoostR2,20,0.1,2,2.876939586523955,2.2309324357559643,2.7127175366331007,2.0855667975545464
466,5,Hgv,95,TradaBoostR2,20,0.5,2,7.738089026208711,3.975953683658069,5.627271765646396,3.686891759751724
467,6,Hgv,570,TradaBoostR2,20,0.1,2,3.2660987933909182,2.4960701875975917,3.355903253526,2.388023458840071
468,5,Hgv,380,TradaBoostR2,10,0.1,1,7.244367229029986,3.1807772179920897,4.198759381627529,3.0501774770323373
469,6,Hgv,950,TradaBoostR2,20,0.1,1,2.690853871204205,2.1173727963758626,2.525064680842492,1.9708087023600436
470,6,Hgv,665,TradaBoostR2,20,0.5,2,2.6159103950593723,1.939132340207265,2.60160394465438,1.8950556773041745
471,6,Hgv,95,TradaBoostR2,30,0.1,2,4.519292463478491,3.58591302218505,6.33139862346777,4.085630587237172
472,4,Hgv,570,TradaBoostR2,10,0.5,2,2.702809401587781,1.9597932281102637,3.561048452959988,1.9646301658432757
473,4,Hgv,285,TradaBoostR2,20,0.1,1,4.784334232913344,2.967307837006468,4.009539407377962,2.620265268969459
474,4,Hgv,475,TradaBoostR2,20,0.5,1,2.85801699576132,1.946781432848835,2.59650157883135,1.8369018066829723
475,5,Hgv,475,TradaBoostR2,20,0.5,2,2.647852825287651,1.9347171691665697,2.494282879689506,1.7728878689245202
476,5,Hgv,570,TradaBoostR2,20,0.5,2,2.69679741284482,1.9610434813955893,2.588328086830397,1.8410466564841144
477,4,Hgv,380,TradaBoostR2,10,0.1,1,3.80360685500157,3.047623028532638,3.553929900259763,2.728317706579396
478,6,Hgv,190,TradaBoostR2,30,0.1,2,3.675709114234923,2.928761089656159,5.96930923871815,3.086562930525589
479,5,Hgv,950,TradaBoostR2,10,0.5,1,2.3934310628169486,1.7885669057086786,2.411620341284263,1.769979334880443
480,5,Hgv,665,TradaBoostR2,20,0.5,2,2.6243472751339,1.926609074424994,2.602827903753593,1.8503573778068172
481,4,Hgv,95,TradaBoostR2,10,0.1,2,11.828118778192776,6.12292346582066,14.357228410171722,5.826660106030252
482,6,Hgv,285,TradaBoostR2,20,0.5,1,3.594063600617505,2.3859424615917995,3.325343195896297,2.2322712366083755
483,5,Hgv,855,TradaBoostR2,20,0.5,2,2.4636185142814653,1.843440210170033,2.6211217123938915,1.874463486303818
484,5,Hgv,285,TradaBoostR2,10,0.1,2,17.162546096291955,4.816940537467773,6.478160198076159,3.93843589237738
485,5,Hgv,760,TradaBoostR2,10,0.5,2,2.5796125527589338,1.8711629985576077,2.5842267392547367,1.832996208591828
486,4,Hgv,190,TradaBoostR2,10,0.5,2,6.466355234912938,3.1775586742371345,4.042909361444014,2.7330064547138444
487,6,Hgv,855,TradaBoostR2,20,0.5,1,2.764012329281927,2.074448635373931,2.5187576704337737,1.9100795530230024
488,6,Hgv,570,TradaBoostR2,20,0.5,1,2.6836406643837205,2.020993762891996,2.518375883398579,1.8872638587668893
489,4,Hgv,665,TradaBoostR2,10,0.1,2,3.411073199289927,2.6404127862173223,3.018803882917552,2.3970566043179766
490,5,Hgv,190,TradaBoostR2,10,0.1,2,31.413120287445096,7.901349138471698,21.48565847249393,7.171982619862142
491,5,Hgv,95,TradaBoostR2,30,0.1,1,4.123891995320941,3.2302014305437874,4.2988806825381625,3.321123798053517
492,6,Hgv,95,TradaBoostR2,30,0.5,1,4.218605682792939,2.8559751418388197,3.6236585569965873,2.644062196197705
493,5,Hgv,380,TradaBoostR2,10,0.1,2,16.508869794291247,4.079065216533932,5.190688583486917,3.4373817947602574
494,4,Hgv,95,TradaBoostR2,10,0.5,1,10.442541712185434,3.6222150792926286,6.524156497105705,3.0696231359000308
495,6,Hgv,475,TradaBoostR2,10,0.1,1,3.353797611350391,2.7295527238849138,3.175719383887527,2.5576361568007564
496,6,Hgv,665,TradaBoostR2,30,0.1,1,2.8376258061214927,2.207209619175448,2.783847785232478,2.0812127244828487
497,5,Hgv,285,TradaBoostR2,10,0.5,1,2.619713737932017,1.981569394644243,2.7258439530083334,2.035054583181069
498,4,Hgv,570,TradaBoostR2,20,0.1,1,2.94128167194612,2.287975585991802,2.828639093308156,2.1281813130550504
499,6,Hgv,380,TradaBoostR2,10,0.1,1,3.4519918088969725,2.81794875702042,3.318439438314062,2.689108434979933
500,6,Hgv,190,TradaBoostR2,30,0.5,1,3.416251780414425,2.3753214851631244,3.4150809391362675,2.3905143839788203
501,5,Hgv,950,TradaBoostR2,10,0.5,2,2.3922270984031733,1.7679085020662642,2.4050205455775866,1.7328245761431236
502,5,Hgv,475,TradaBoostR2,30,0.1,1,2.8515307010402804,2.2100373925963246,4.372091318818168,2.52103759796261
503,6,Hgv,950,TradaBoostR2,20,0.1,2,2.719023564934444,2.1170824499749563,2.5310700544314955,1.9173569396577408
504,4,Hgv,665,TradaBoostR2,10,0.5,1,2.654260227268066,1.8907977144372503,3.6170878222234166,2.053759647915499
505,5,Hgv,570,TradaBoostR2,30,0.1,1,2.6940860801686477,2.115065449630879,2.7426971090937395,2.123003044578199
506,5,Hgv,190,TradaBoostR2,10,0.5,1,11.840083210634116,2.9308947585579803,3.941459377293597,2.5468333472315154
507,4,Hgv,380,TradaBoostR2,10,0.1,2,24.657338308320043,5.31216795974552,60.00646814821669,9.76177079184384
508,5,Hgv,380,TradaBoostR2,10,0.5,1,2.584523050361124,1.9372320514741423,2.5218649535158417,1.9009032309183171
509,4,Hgv,475,TradaBoostR2,20,0.5,2,3.900284290772276,2.152729399112726,2.9650794247926204,1.9438197591483324
510,5,Hgv,665,TradaBoostR2,30,0.1,1,2.59027946300395,2.007321930763604,2.635662992314188,2.017138214915402
511,4,Hgv,855,TradaBoostR2,10,0.1,1,2.895024262564562,2.2829563123691146,2.847923773414777,2.18553165001506
512,5,Hgv,760,TradaBoostR2,20,0.1,1,2.7242463599476374,2.1112668141212443,2.880631006073018,2.1797262587386115
513,4,Hgv,190,TradaBoostR2,20,0.1,1,4.873137263497428,3.176080041867846,3.8976646206952914,2.842987462227692
514,6,Hgv,285,TradaBoostR2,20,0.5,2,3.159344921076682,2.2342351395514446,3.1138196758519805,2.1650354517253514
515,5,Hgv,855,TradaBoostR2,30,0.1,1,2.525461170573027,1.952012328442415,2.5407193201296816,1.9141159406139483
516,4,Hgv,95,TradaBoostR2,10,0.5,2,9.065159549342011,4.343137726578536,4.747635445666913,3.6003395436708505
517,4,Hgv,380,TradaBoostR2,10,0.5,1,3.56325730503475,2.1311634999663798,3.2636200712478005,2.068444947913729
518,6,Hgv,475,TradaBoostR2,10,0.1,2,3.396251155469835,2.694328402848284,3.260202748624894,2.5757850415822023
519,6,Hgv,760,TradaBoostR2,10,0.1,1,3.0604634300362985,2.4280078542566064,2.836681973421773,2.2284732711476587
520,6,Hgv,570,TradaBoostR2,20,0.5,2,2.777381959345387,2.0336844290167875,2.4827616815283315,1.855222295696462
521,4,Hgv,285,TradaBoostR2,20,0.1,2,5.15334743219645,3.4953747025434088,6.220244879871803,3.2798277653438643
522,5,Hgv,285,TradaBoostR2,10,0.5,2,4.070399773668577,2.342376789108955,3.210405304201952,2.2155714082153195
523,4,Hgv,665,TradaBoostR2,10,0.5,2,2.4326970181932017,1.7783867575045935,2.779042996272175,1.8974348882777443
524,6,Hgv,855,TradaBoostR2,20,0.5,2,2.8627927150872976,2.0682694105182944,2.485436167473284,1.893496526307466
525,6,Hgv,950,TradaBoostR2,20,0.5,1,2.7430569562791827,2.085656280610856,2.504477249841368,1.8925332626387943
526,6,Hgv,380,TradaBoostR2,10,0.1,2,3.6231020847188913,2.8697313269561637,3.623522111081967,2.789925204850264
527,5,Hgv,190,TradaBoostR2,10,0.5,2,36.59265890926684,5.252772950122877,4.975862403390309,3.096411148293315
528,5,Hgv,950,TradaBoostR2,20,0.1,1,2.533091229795678,1.986040770695684,2.7759546651831424,2.078027942688699
529,4,Hgv,760,TradaBoostR2,10,0.1,1,3.0416965900406745,2.3922248715598,3.0067967813629,2.265997217845987
530,5,Hgv,380,TradaBoostR2,10,0.5,2,2.7737855666299165,2.0504537049034344,2.7655355930591825,2.060549666537486
531,6,Hgv,475,TradaBoostR2,10,0.5,1,2.621905816798708,2.016376210215146,2.423935865584255,1.8580890441873776
532,4,Hgv,855,TradaBoostR2,10,0.1,2,2.9911050949944205,2.303896994443333,3.066367993659441,2.2021860715777968
533,4,Hgv,475,TradaBoostR2,30,0.1,1,3.4161739427556963,2.4636918555133778,3.774824739801946,2.3587342048719004
534,4,Hgv,95,TradaBoostR2,20,0.1,1,4.755253970871963,3.7780372776143176,4.565976091737804,3.5729958463691944
535,4,Hgv,570,TradaBoostR2,20,0.1,2,3.308723844507324,2.5254768179766325,3.800472840655429,2.393239820550452
536,6,Hgv,380,TradaBoostR2,10,0.5,1,2.790360124563762,2.1308929162975123,2.68750368307984,2.02690536449153
537,6,Hgv,285,TradaBoostR2,30,0.1,1,3.981829268858843,2.7092030063106383,4.077752653988215,2.672906396562947
538,6,Hgv,95,TradaBoostR2,30,0.5,2,4.279192017786277,3.0825801648446585,4.361460316270485,3.1260311606169755
539,5,Hgv,95,TradaBoostR2,30,0.1,2,39.11670821343944,9.367540613671382,13.53050496314158,6.5296194070240245
540,4,Hgv,380,TradaBoostR2,10,0.5,2,4.87497358110474,2.672029279359421,4.276709099282375,2.4120307087726416
541,6,Hgv,190,TradaBoostR2,30,0.5,2,4.21787414793,2.8260875780273365,3.986401049928734,2.650909849418078
542,5,Hgv,285,TradaBoostR2,20,0.1,1,3.590371154479341,2.798960361980012,3.761760142980969,2.8413634977863182
543,4,Hgv,855,TradaBoostR2,10,0.5,1,2.375261648990381,1.743382286562888,2.426829766581651,1.8166237147443949
544,6,Hgv,760,TradaBoostR2,10,0.1,2,3.0894868892484704,2.445406366726482,2.924435926865874,2.2503418079215063
545,6,Hgv,665,TradaBoostR2,30,0.1,2,3.047873501099566,2.273371767943881,3.691732318771096,2.192443446569636
546,4,Hgv,285,TradaBoostR2,20,0.5,1,3.394860402648311,2.2436281588296505,4.908326858776765,2.37972939727223
547,4,Hgv,665,TradaBoostR2,20,0.1,1,2.963692091976013,2.2840562355176552,3.5300333465821416,2.317731883253611
548,4,Hgv,950,TradaBoostR2,10,0.1,1,2.847296453948764,2.235156127796261,2.786906522282424,2.127784211387756
549,5,Hgv,475,TradaBoostR2,30,0.1,2,2.911639855557745,2.246184469306124,5.811225111003662,2.746383225228846
550,4,Hgv,760,TradaBoostR2,10,0.1,2,3.192300908474732,2.467858892887515,3.5049822312032908,2.434479077532807
551,6,Hgv,570,TradaBoostR2,30,0.1,1,2.774034213091898,2.182874599629007,2.676320487778697,2.062761749601485
552,5,Hgv,190,TradaBoostR2,20,0.1,1,3.7575923345446816,2.99352767869698,4.423597491804485,3.1863451965697616
553,5,Hgv,380,TradaBoostR2,20,0.1,1,3.015097647389575,2.4151936763505786,3.333010896485227,2.5338643492818878
554,5,Hgv,760,TradaBoostR2,20,0.1,2,2.863803526807379,2.181479080086234,5.618751850214768,2.46402798167741
555,5,Hgv,570,TradaBoostR2,30,0.1,2,2.8908942966795093,2.254729525787979,3.021956325700746,2.270322677921711
556,6,Hgv,475,TradaBoostR2,10,0.5,2,2.7900186284036983,2.130255190488128,2.6498982585966053,2.0165298755810905
557,6,Hgv,855,TradaBoostR2,30,0.1,1,2.6422969422698404,2.072411129132958,2.469414425099667,1.919317018711724
558,4,Hgv,570,TradaBoostR2,20,0.5,1,2.41598268087168,1.7798925838613082,2.690744027612445,1.8010243314779315
559,4,Hgv,190,TradaBoostR2,20,0.1,2,7.229411954762805,3.784344008439533,6.033878745976064,3.1131841764635384
560,5,Hgv,665,TradaBoostR2,30,0.1,2,4.182373692317247,2.3979593516046105,2.9009249697962654,2.135914408489925
561,6,Hgv,950,TradaBoostR2,20,0.5,2,2.606334563493185,1.956354352565496,2.422539840228409,1.8002269654502487
562,6,Hgv,760,TradaBoostR2,10,0.5,1,2.567792616825398,1.9589035978499345,2.358428886823949,1.7783072489188043
563,6,Hgv,380,TradaBoostR2,10,0.5,2,6.796139043579001,2.700389550696448,4.208587914356581,2.374941042244012
564,5,Hgv,855,TradaBoostR2,30,0.1,2,2.609431049337809,2.009184223692325,2.712455543359043,1.992326592662036
565,4,Hgv,760,TradaBoostR2,10,0.5,1,2.5675846909524505,1.808194639917382,2.7644755302356456,1.8899021390373216
566,5,Hgv,95,TradaBoostR2,30,0.5,1,4.555945629457251,2.77463618579684,4.326053589510793,2.726246977976092
567,4,Hgv,380,TradaBoostR2,20,0.1,1,3.702336771933583,2.651211737736145,3.2880975238472008,2.378529037311722
568,4,Hgv,855,TradaBoostR2,10,0.5,2,2.2524181408778565,1.704410174710782,2.399957949877592,1.7856464236701337
569,4,Hgv,950,TradaBoostR2,10,0.1,2,2.9810007034461607,2.315082548150923,3.0521489974287053,2.201572797562429
570,6,Hgv,665,TradaBoostR2,30,0.5,1,2.758511186976005,2.095092571655496,2.5926097053356867,1.9624731588732331
571,5,Hgv,475,TradaBoostR2,30,0.5,1,2.740675280283508,2.0696851154689626,2.7153968734684253,1.9581700304099137
572,5,Hgv,950,TradaBoostR2,20,0.1,2,2.5548736499918743,2.000268762180079,2.758980913104822,2.041202596337493
573,5,Hgv,760,TradaBoostR2,20,0.5,1,2.6157671222033776,1.9673574820395712,2.4462240302376346,1.8025341582952348
574,6,Hgv,475,TradaBoostR2,20,0.1,1,3.0871942585703533,2.4941687851195087,3.048469892211505,2.366071650445611
575,4,Hgv,475,TradaBoostR2,30,0.1,2,9.480973068890052,3.843168859900722,7.777358205781425,3.386493831698944
576,4,Hgv,190,TradaBoostR2,20,0.5,1,4.941881278382963,2.517806085067745,4.414480496470177,2.476878302109552
577,4,Hgv,95,TradaBoostR2,20,0.1,2,13.615353418015047,5.419338505459573,6.906508114487771,4.5355366265225046
578,6,Hgv,285,TradaBoostR2,30,0.1,2,4.706583685590309,2.969251483426024,6.501955831476707,3.084741829392979
579,5,Hgv,570,TradaBoostR2,30,0.5,1,2.756500124809331,2.1051054771660827,2.731621763053826,1.9817667895631432
580,4,Hgv,950,TradaBoostR2,10,0.5,1,2.367975436209703,1.7245009785308685,2.402630594158209,1.7861803658098117
581,5,Hgv,285,TradaBoostR2,20,0.1,2,31.41700190875894,5.3418749344212575,7.642381965050609,3.842074775764495
582,6,Hgv,760,TradaBoostR2,10,0.5,2,2.5577009868577707,1.9267200262888569,2.3719886410497173,1.7683356291383805
583,5,Hgv,665,TradaBoostR2,30,0.5,1,2.8359325323888385,2.102521822853512,2.5488503775804205,1.9126081245076725
584,4,Hgv,760,TradaBoostR2,10,0.5,2,2.336172420266455,1.7335286870892392,2.6254833694585944,1.7760939750778966
585,4,Hgv,285,TradaBoostR2,20,0.5,2,3.01486180660935,2.1306759175830785,3.487165796410097,2.068204945293675
586,6,Hgv,950,TradaBoostR2,30,0.1,1,2.5923396457632086,2.019229223861509,2.4382849457491726,1.88306504006998
587,4,Hgv,665,TradaBoostR2,20,0.1,2,3.132157494489685,2.407422651758182,3.6192178132126416,2.4173290978228703
588,5,Hgv,855,TradaBoostR2,30,0.5,1,2.843181173814432,2.122504528878697,2.656421597685465,1.9908819070725428
589,4,Hgv,570,TradaBoostR2,20,0.5,2,2.556575838169169,1.9030790765629104,2.7891428828903257,1.827734210195305
590,6,Hgv,380,TradaBoostR2,20,0.1,1,3.233655614437628,2.614030571498613,3.1356480829045617,2.454958185499251
591,4,Hgv,855,TradaBoostR2,20,0.1,1,2.6685082415691697,2.092746171472443,2.7832166240986824,2.047120029474042
592,5,Hgv,190,TradaBoostR2,20,0.1,2,38.32637189594124,5.929434031709871,5.822116517053689,3.922423172201937
593,5,Hgv,380,TradaBoostR2,20,0.1,2,15.745875248987836,3.624848431599724,4.3111295218111705,3.0135201577253
594,6,Hgv,570,TradaBoostR2,30,0.1,2,2.94954700240122,2.282245209206456,2.7000447090189663,2.0991140396248498
595,4,Hgv,95,TradaBoostR2,20,0.5,1,7.8921705623468466,3.0972294403369984,5.700424935912636,2.8851115236658567
596,5,Hgv,950,TradaBoostR2,20,0.5,1,2.5732700894386893,1.919070564088104,2.482680142763186,1.8237864845059788
597,6,Hgv,855,TradaBoostR2,30,0.1,2,2.7406033663734632,2.111800724190285,2.561409632484078,1.9605836937371983
598,4,Hgv,950,TradaBoostR2,10,0.5,2,2.278422263905615,1.6740948919921448,2.3106521249016074,1.7099540591883198
599,6,Hgv,285,TradaBoostR2,30,0.5,1,3.902064687189342,2.432614554523385,3.5565537600493085,2.273742676888748
600,5,Hgv,95,TradaBoostR2,30,0.5,2,5.6005897220233205,3.3187516871932607,6.290680634319365,3.284523148810583
601,4,Hgv,475,TradaBoostR2,30,0.5,1,3.008417908139114,2.083955738387823,2.807551971782605,2.0267917528374757
602,5,Hgv,285,TradaBoostR2,20,0.5,1,2.8366817629423333,1.8833461764835064,2.483219646797826,1.7953951515268871
603,6,Hgv,760,TradaBoostR2,20,0.1,1,2.903766789649526,2.2889941548759407,2.9092241256144846,2.1610368351572755
604,4,Hgv,760,TradaBoostR2,20,0.1,1,2.903108198290859,2.2344475185713355,2.922036829864933,2.165720599904032
605,4,Hgv,380,TradaBoostR2,20,0.1,2,9.836086655469192,4.516660244283166,20.023565686006197,5.146968282892215
606,4,Hgv,665,TradaBoostR2,20,0.5,1,2.335514232733145,1.7697599678310925,2.5205432133964587,1.8254103750251287
607,5,Hgv,190,TradaBoostR2,20,0.5,1,2.697485737501116,1.8999690235567068,3.089527236100664,1.9851868854101031
608,5,Hgv,475,TradaBoostR2,30,0.5,2,2.586735108730971,1.9494092724826289,2.588225065314543,1.829309999099004
609,5,Hgv,380,TradaBoostR2,20,0.5,1,2.6056659639184274,1.93072318836176,2.544693450347808,1.8544894296803016
610,6,Hgv,665,TradaBoostR2,30,0.5,2,2.6979203293619305,1.991264500723722,2.562729021607552,1.9119511823947373
611,5,Hgv,760,TradaBoostR2,20,0.5,2,2.6255481278103736,1.9048997075406489,2.571558413810917,1.7912369751065016
612,4,Hgv,285,TradaBoostR2,30,0.1,1,4.912389223084489,2.948587463317764,4.504509797744175,2.771862962718428
613,4,Hgv,570,TradaBoostR2,30,0.1,1,3.09025451525344,2.295179563899979,3.829018720706096,2.2616235003288074
614,6,Hgv,475,TradaBoostR2,20,0.1,2,3.529394737557345,2.6525073921569797,3.629746333180103,2.510200888507719
615,4,Hgv,190,TradaBoostR2,20,0.5,2,7.398328126730284,3.037984337640585,3.660230681696648,2.5675408637527384
616,6,Hgv,570,TradaBoostR2,30,0.5,1,2.812054157341109,2.077353350759383,2.6226926313698864,1.9725410870172635
617,5,Hgv,570,TradaBoostR2,30,0.5,2,2.559364550220688,1.9190541752856605,2.586837838151798,1.877466505146808
618,5,Hgv,665,TradaBoostR2,30,0.5,2,2.57856719573324,1.9123191344356425,2.552250671546648,1.836832385635775
619,4,Hgv,950,TradaBoostR2,20,0.1,1,2.6669009220716147,2.069039272713605,2.8170629624245143,2.041859650484848
620,6,Hgv,855,TradaBoostR2,30,0.5,1,2.8140575348080485,2.1428853257297966,2.610682882028545,1.9731549684007847
621,6,Hgv,380,TradaBoostR2,20,0.1,2,4.611013136307975,2.934917948897112,6.778457190745683,3.036733523945161
622,5,Hgv,855,TradaBoostR2,30,0.5,2,2.5768491463122136,1.958752228498208,2.6523914071024666,1.9178754416390733
623,6,Hgv,950,TradaBoostR2,30,0.1,2,2.6894928810126326,2.0664396938343854,2.469362818097609,1.8699733731904136
624,4,Hgv,95,TradaBoostR2,20,0.5,2,7.880520606568778,4.31328062430902,5.451284105844415,3.659933973743116
625,4,Hgv,380,TradaBoostR2,20,0.5,1,3.316669909415341,2.04066451567961,3.3738830220193967,2.025229669377978
626,5,Hgv,950,TradaBoostR2,20,0.5,2,2.476020973834478,1.8513749408612823,2.459136317225767,1.8060693126820984
627,6,Hgv,475,TradaBoostR2,20,0.5,1,2.7177231012869822,2.047989006332047,2.6189174095969507,1.91919979246258
628,4,Hgv,855,TradaBoostR2,20,0.1,2,2.804876486587705,2.150174516593605,3.044981474175458,2.113586050946825
629,5,Hgv,285,TradaBoostR2,20,0.5,2,3.083105512245995,2.045709990840189,3.015635796175751,2.0512398835308003
630,4,Hgv,190,TradaBoostR2,30,0.1,1,5.8736566217288,3.2409367171010395,4.448223068633108,2.8770954506726816
631,6,Hgv,285,TradaBoostR2,30,0.5,2,3.26141439137948,2.229509822004156,3.02111431765917,2.1099619896891206
632,4,Hgv,665,TradaBoostR2,20,0.5,2,2.3386952577279354,1.721826257159763,2.477266262794036,1.7714950129619629
633,4,Hgv,475,TradaBoostR2,30,0.5,2,3.182703655696128,2.029148432237775,2.7117937643978363,1.900468302903696
634,5,Hgv,760,TradaBoostR2,30,0.1,1,2.5605589093680825,1.990629188862031,2.591496074021348,1.963500663937242
635,6,Hgv,760,TradaBoostR2,20,0.1,2,3.8750247558510496,2.470881603565748,5.0043549931723454,2.4205499665495727
636,6,Hgv,380,TradaBoostR2,20,0.5,1,2.8365048908875488,2.0538562066364032,2.622426769175963,1.9595190612466096
637,5,Hgv,380,TradaBoostR2,20,0.5,2,2.870704109168582,2.101928803484353,2.874345804346385,2.0354216401643024
638,4,Hgv,760,TradaBoostR2,20,0.1,2,2.8586101320018247,2.2221917148374577,2.990320094215789,2.134436508654656
639,5,Hgv,190,TradaBoostR2,20,0.5,2,32.16788134400877,4.734144264270024,4.101388729336541,2.6701787888735864
640,4,Hgv,95,TradaBoostR2,30,0.1,1,9.134811041635867,3.833417736861803,6.0361429770300346,3.3557025684850235
641,4,Hgv,855,TradaBoostR2,20,0.5,1,2.3875541001951976,1.7634670811982154,2.460056145920113,1.8568923447968613
642,6,Hgv,950,TradaBoostR2,30,0.5,1,2.7942383584630326,2.132971399773574,2.591166132765212,1.9717919218343292
643,4,Hgv,570,TradaBoostR2,30,0.1,2,8.347372607752591,3.321526475981414,6.740134747592814,3.0710287393905364
644,6,Hgv,570,TradaBoostR2,30,0.5,2,2.780024004612483,2.061324599261801,2.449587809615069,1.8750717393014624
645,4,Hgv,285,TradaBoostR2,30,0.1,2,6.036779433940041,3.0337418068786257,4.647980228978626,2.731262059496113
646,5,Hgv,285,TradaBoostR2,30,0.1,1,15.901695086268411,3.4561543181717043,3.935977847868819,2.7226048630466013
647,4,Hgv,380,TradaBoostR2,20,0.5,2,3.143509038439804,2.0850785253342816,2.9817659744489693,1.9824015356257996
648,4,Hgv,950,TradaBoostR2,20,0.1,2,2.678739615952773,2.0757167146077915,2.889598713964412,2.030427954582254
649,5,Hgv,950,TradaBoostR2,30,0.1,1,2.4913306977912124,1.9041391660521296,2.488765487898552,1.867129342796061
650,6,Hgv,760,TradaBoostR2,20,0.5,1,2.699998609625489,2.05565799347718,2.5945374373077303,1.950100282113408
651,6,Hgv,475,TradaBoostR2,20,0.5,2,2.5576236093348657,1.902626073090887,2.63328921364971,1.8923950169652264
652,4,Hgv,760,TradaBoostR2,20,0.5,1,2.476041399816494,1.8647023406099843,2.451218977034282,1.8296799719088923
653,6,Hgv,855,TradaBoostR2,30,0.5,2,2.7734924818148285,2.068545279646992,2.442738037855567,1.8584970272030528
654,4,Hgv,665,TradaBoostR2,30,0.1,1,2.8509595696185244,2.140045611968943,3.5769664894750752,2.225333388918894
655,5,Hgv,190,TradaBoostR2,30,0.1,1,14.354205519349934,3.476379346820495,4.437944564962988,2.9919388765683657
656,5,Hgv,380,TradaBoostR2,30,0.1,1,2.9262530558236604,2.3065301354601253,3.885631216004289,2.421437182153613
657,4,Hgv,570,TradaBoostR2,30,0.5,1,2.501731697254445,1.8560983114171727,2.6274751962932537,1.8871464763071832
658,4,Hgv,950,TradaBoostR2,20,0.5,1,2.440809451806889,1.7658927441638446,2.4175403041174404,1.8238096303724305
659,6,Hgv,380,TradaBoostR2,20,0.5,2,2.9762196254904683,2.1469236796008344,2.718916688462026,1.9917488440408817
660,4,Hgv,285,TradaBoostR2,30,0.5,1,4.21384977047525,2.6706066967120945,5.0385863603867485,2.679810414071439
661,4,Hgv,855,TradaBoostR2,20,0.5,2,2.488544342696629,1.827668362465295,2.3803144411377866,1.7747390999178472
662,4,Hgv,380,TradaBoostR2,30,0.1,1,4.157506907510609,2.7113752289770767,4.495868027975456,2.6032534899368933
663,6,Hgv,475,TradaBoostR2,30,0.1,1,2.879843805902668,2.28690901414905,2.775950843651328,2.13735563014079
664,5,Hgv,760,TradaBoostR2,30,0.1,2,2.790691737820783,2.091506897708316,5.522707675187055,2.3473929989876585
665,4,Hgv,190,TradaBoostR2,30,0.1,2,5.842526484420369,3.393694001548931,4.104871714788319,2.843543395149524
666,4,Hgv,760,TradaBoostR2,20,0.5,2,2.3496357587651886,1.739358510038798,2.4935092261937486,1.8017390198033387
667,4,Hgv,95,TradaBoostR2,30,0.1,2,11.40323273140243,4.7748107563703295,5.145857072359915,3.830217001307235
668,6,Hgv,950,TradaBoostR2,30,0.5,2,2.6222594443802927,1.962534547874924,2.4358056599330657,1.844557305349182
669,6,Hgv,760,TradaBoostR2,20,0.5,2,2.5840324345964656,1.954451126709982,2.4081731549526024,1.8109289889878628
670,6,Hgv,380,TradaBoostR2,30,0.1,1,3.0112013123873003,2.4064367162747384,2.857457327519626,2.2195640581304965
671,5,Hgv,285,TradaBoostR2,30,0.1,2,31.523299671831456,5.1017954585264365,7.303059360646226,3.541802274560965
672,4,Hgv,855,TradaBoostR2,30,0.1,1,2.569897374459276,1.9707942425754623,2.785410301049973,1.9929756818896307
673,4,Hgv,950,TradaBoostR2,20,0.5,2,2.429263615788075,1.7623818175356465,2.4241120489011863,1.7792754127477235
674,4,Hgv,570,TradaBoostR2,30,0.5,2,2.464063248281315,1.813721552529531,2.7311163538385506,1.8431745777141977
675,4,Hgv,665,TradaBoostR2,30,0.1,2,2.7780027358946118,2.1201227529039453,3.1996341679136457,2.163177736666777
676,4,Hgv,190,TradaBoostR2,30,0.5,1,4.228578979565962,2.61446666464025,5.209062620238732,2.917171647236384
677,5,Hgv,950,TradaBoostR2,30,0.1,2,2.5168033573516584,1.9370128760260188,2.6463286419326293,1.9507663137049465
678,5,Hgv,760,TradaBoostR2,30,0.5,1,2.752699667397546,2.0685801142959392,2.5406639419419155,1.8940523651518948
679,5,Hgv,190,TradaBoostR2,30,0.1,2,38.60355935304037,5.61640304087293,5.416246608056391,3.489796623157388
680,4,Hgv,95,TradaBoostR2,30,0.5,1,8.313327275034663,3.3956652250784702,6.38809130993225,3.2737629097639838
681,4,Hgv,285,TradaBoostR2,30,0.5,2,2.805450172643055,1.9878459904765848,2.7952232240821786,2.005377610760162
682,4,Hgv,760,TradaBoostR2,30,0.1,1,2.821034382154423,2.0947364416459444,2.930212937772498,2.077853156551404
683,5,Hgv,380,TradaBoostR2,30,0.1,2,15.140586581518315,3.3068396376878257,3.8588240147799273,2.6751307767403705
684,6,Hgv,760,TradaBoostR2,30,0.1,1,2.795518534225827,2.1720840468558937,2.8151893507490557,2.065953748735136
685,6,Hgv,475,TradaBoostR2,30,0.1,2,2.9953239103392946,2.349798538016447,3.030965101283376,2.2207372700705554
686,4,Hgv,380,TradaBoostR2,30,0.1,2,3.726978532370474,2.7540163018914936,3.8362137948345887,2.475416524156873
687,5,Hgv,285,TradaBoostR2,30,0.5,1,2.667196292017901,2.013662930663584,2.745879652360185,1.9220362420456003
688,4,Hgv,665,TradaBoostR2,30,0.5,1,2.490549778564368,1.8845983751161932,2.6475421937663954,1.926300202209252
689,4,Hgv,950,TradaBoostR2,30,0.1,1,2.544689618487871,1.9287836663190008,2.756926357495191,1.948361686660593
690,5,Hgv,950,TradaBoostR2,30,0.5,1,2.805692731544412,2.101613570219197,2.588330218796488,1.9362194254682763
691,5,Hgv,190,TradaBoostR2,30,0.5,1,2.631609875942688,1.9029623464597023,3.0254824995033838,1.9659192272351795
692,5,Hgv,380,TradaBoostR2,30,0.5,1,2.925995771016025,2.204537682882174,2.6165267648582744,1.923818329174724
693,6,Hgv,380,TradaBoostR2,30,0.1,2,3.1901738479984845,2.4864151881532237,3.0132135453881483,2.303734269392463
694,4,Hgv,190,TradaBoostR2,30,0.5,2,6.119830923455057,3.064426376137302,6.696415982439938,3.0105051856142797
695,4,Hgv,855,TradaBoostR2,30,0.1,2,2.593162611692027,1.9712117228811965,2.882390291571342,1.983556518680495
696,4,Hgv,380,TradaBoostR2,30,0.5,1,2.9151599654143894,2.134616403674461,3.0668043441009623,2.0511088968820914
697,5,Hgv,760,TradaBoostR2,30,0.5,2,2.5335290976281373,1.8830190817684989,2.613680760062085,1.873455610268996
698,6,Hgv,475,TradaBoostR2,30,0.5,1,2.7103670325183407,2.0505130782851357,2.583163408158349,1.936320720537832
699,4,Hgv,95,TradaBoostR2,30,0.5,2,6.1498733172386055,4.10508559013291,5.886157824067944,3.731942828484369
700,4,Hgv,760,TradaBoostR2,30,0.1,2,3.1504417679921963,2.2491325092875334,3.378220851593607,2.238796893629574
701,5,Hgv,285,TradaBoostR2,30,0.5,2,2.8413125797736845,2.016286282794435,2.8483094471036394,1.9919512983143937
702,6,Hgv,760,TradaBoostR2,30,0.1,2,3.7829483958964767,2.338971986956481,4.889199329094446,2.3155302601215566
703,6,Hgv,380,TradaBoostR2,30,0.5,1,3.0109478627674675,2.191362335699659,2.809203932501052,2.0941534021540447
704,4,Hgv,855,TradaBoostR2,30,0.5,1,2.555053310643928,1.907291377065159,2.546421252075082,1.9487555145580184
705,4,Hgv,665,TradaBoostR2,30,0.5,2,2.3393569225745123,1.7187935668354,2.476001787216582,1.7984149469314106
706,4,Hgv,950,TradaBoostR2,30,0.1,2,2.508125499564984,1.89666863449552,2.578760833144363,1.896767682410016
707,5,Hgv,190,TradaBoostR2,30,0.5,2,9.659839354247843,2.6462379522372794,2.932047230499396,2.0303764351890226
708,5,Hgv,380,TradaBoostR2,30,0.5,2,2.791358602561053,2.0549064657481946,2.7618995236776778,1.99666865391762
709,5,Hgv,950,TradaBoostR2,30,0.5,2,2.46647737415867,1.895098345585501,2.6124509030674594,1.9280380582456584
710,4,Hgv,760,TradaBoostR2,30,0.5,1,2.555095256902956,1.9468014621841,2.526076755520215,1.904224663654208
711,4,Hgv,380,TradaBoostR2,30,0.5,2,3.92085785538307,2.239003170876407,3.382941401473986,2.0966752102265724
712,6,Hgv,760,TradaBoostR2,30,0.5,1,2.6850960888930016,2.0633617950510788,2.594987697977727,1.9577045433779143
713,6,Hgv,475,TradaBoostR2,30,0.5,2,2.699200152676612,1.9730532579445252,2.6461420100362187,1.8900371689019968
714,4,Hgv,950,TradaBoostR2,30,0.5,1,2.651194276478813,1.9417424141945752,2.5757808281025745,1.968456529067358
715,6,Hgv,380,TradaBoostR2,30,0.5,2,3.0072959446621828,2.12560400209018,2.8063399107802414,2.055264116159903
716,4,Hgv,855,TradaBoostR2,30,0.5,2,2.268362179515661,1.7155554474120658,2.422234999835532,1.786832148615321
717,4,Hgv,760,TradaBoostR2,30,0.5,2,2.403812657393587,1.7510117425111096,2.473105904964127,1.789883429166358
718,6,Hgv,760,TradaBoostR2,30,0.5,2,2.535541829780011,1.911935632372743,2.4090122058518944,1.8206781225951931
719,4,Hgv,950,TradaBoostR2,30,0.5,2,2.426365816435348,1.7969387170480484,2.4443045662799645,1.7726046188034807
720,7,Hgv,95,TradaBoostR2,10,0.1,1,5.553042307333645,4.194516359687518,8.635094590343522,4.892356170482116
721,7,Hgv,95,TradaBoostR2,10,0.1,2,10.367965751935804,5.478789912837417,22.37437402305963,7.888498288454085
722,7,Hgv,95,TradaBoostR2,10,0.5,1,4.001764491273783,2.95090636661474,5.316158411449664,3.603770306153824
723,7,Hgv,190,TradaBoostR2,10,0.1,1,3.893767025944253,3.1941515128941,4.42130967185934,3.5904983471710885
724,7,Hgv,95,TradaBoostR2,10,0.5,2,5.229984648166282,3.863727762655452,7.415226374347504,4.713672590086946
725,7,Hgv,190,TradaBoostR2,10,0.1,2,5.267328301677303,3.6253065947998326,8.430135582419723,4.428407039853565
726,7,Hgv,190,TradaBoostR2,10,0.5,1,2.815956386945998,2.166407314695779,3.026580283728397,2.316000576098197
727,7,Hgv,95,TradaBoostR2,20,0.1,1,5.278109116826616,3.954315370969185,8.18941920928286,4.623502069449374
728,7,Hgv,190,TradaBoostR2,10,0.5,2,3.945150288168189,2.8378628954322584,6.246076589282271,3.4417752567484183
729,7,Hgv,190,TradaBoostR2,20,0.1,1,3.541702226067442,2.8725390235555617,4.067547157127322,3.263514097030296
730,7,Hgv,95,TradaBoostR2,20,0.1,2,10.249332188658176,5.275450387602263,22.28203147787838,7.6958112493191875
731,7,Hgv,285,TradaBoostR2,10,0.1,1,3.645578729093733,2.944288488280008,3.912996057423279,3.142903345482512
732,7,Hgv,95,TradaBoostR2,20,0.5,1,3.64981591768448,2.523960181020307,4.7836392877579685,3.060361082109785
733,7,Hgv,285,TradaBoostR2,10,0.1,2,4.660972753751081,3.143197116032149,9.390750133157614,4.1711908204461645
734,7,Hgv,190,TradaBoostR2,20,0.1,2,5.165936596073744,3.4751267464600555,8.350335779031457,4.266915351099563
735,7,Hgv,285,TradaBoostR2,10,0.5,1,2.6381543205135194,1.9858962664396176,2.7915169128420736,2.0669739897011463
736,7,Hgv,190,TradaBoostR2,20,0.5,1,2.5930633681573463,1.8952235484654865,3.0704515007187165,2.075306658647833
737,7,Hgv,285,TradaBoostR2,10,0.5,2,3.050266577811301,2.3073748851015683,4.029028629977018,2.626994029086067
738,7,Hgv,95,TradaBoostR2,20,0.5,2,5.223302293892381,3.801801738510308,7.609676490401881,4.819726968044741
739,7,Hgv,285,TradaBoostR2,20,0.1,1,3.3318478726928062,2.6375289922690364,3.513799791955999,2.772056956335724
740,7,Hgv,190,TradaBoostR2,20,0.5,2,3.817902219093941,2.618241270655498,4.769544061151255,2.991356910942986
741,7,Hgv,95,TradaBoostR2,30,0.1,1,4.14364815865301,3.226515529607678,5.049486043041326,3.708526487435094
742,7,Hgv,475,TradaBoostR2,10,0.1,1,3.139338348462712,2.53826523069501,3.2492137846245264,2.6033248248452017
743,7,Hgv,285,TradaBoostR2,20,0.1,2,3.447010558775147,2.736525194851936,5.288175293964651,3.256505250540781
744,7,Hgv,190,TradaBoostR2,30,0.1,1,3.440263594857765,2.752976312602572,3.764019368228426,2.9833923434034397
745,7,Hgv,475,TradaBoostR2,10,0.1,2,4.278062087840032,2.947820027131926,4.323399053173157,2.9224209338448217
746,7,Hgv,570,TradaBoostR2,10,0.1,1,3.027879106669656,2.416212034633395,3.1224337721659343,2.4801702392731557
747,7,Hgv,475,TradaBoostR2,10,0.5,1,2.7031515779649604,2.011266136507056,3.055826433902754,2.072323687090818
748,7,Hgv,285,TradaBoostR2,20,0.5,1,2.507790398811064,1.875992700829762,2.632514286386848,1.9030239386615244
749,7,Hgv,665,TradaBoostR2,10,0.1,1,2.876170180004642,2.319563798329276,2.9704540720028283,2.3690006274827025
750,7,Hgv,380,TradaBoostR2,10,0.1,1,3.475108395648322,2.795685174500953,3.7684524377540094,2.96760301885401
751,7,Hgv,570,TradaBoostR2,10,0.1,2,3.0712509385946665,2.4257205632953944,3.2596791364170468,2.5609454739172213
752,7,Hgv,475,TradaBoostR2,10,0.5,2,2.6902765738341223,1.970694872355021,2.8657901357425533,2.0319269205460326
753,7,Hgv,95,TradaBoostR2,30,0.1,2,5.327518917237781,3.978745862109106,7.615259815169799,4.78776420408617
754,7,Hgv,665,TradaBoostR2,10,0.1,2,3.1319209082591737,2.4379816291042995,4.130550077352662,2.754979059186723
755,7,Hgv,570,TradaBoostR2,10,0.5,1,2.5950739806990786,1.9054057109640483,2.4856090801663604,1.7933734349498958
756,7,Hgv,380,TradaBoostR2,10,0.1,2,4.123543616823783,2.9781405962298795,3.847446415439124,3.039089490279816
757,7,Hgv,285,TradaBoostR2,20,0.5,2,2.7106531122169004,1.9513027660687856,3.533617722212615,2.0869729040183422
758,7,Hgv,665,TradaBoostR2,10,0.5,1,2.4761000072960035,1.8509107089417831,2.335851504015737,1.6956115350467222
759,7,Hgv,475,TradaBoostR2,20,0.1,1,2.8390291182027343,2.2603406701094944,2.940256403126733,2.306023859177225
760,7,Hgv,190,TradaBoostR2,30,0.1,2,3.6707996113536447,2.8463061617881995,5.507321468176223,3.55929771051814
761,7,Hgv,570,TradaBoostR2,10,0.5,2,2.611341660914549,1.9092218607037876,2.6660253590479264,1.928010181391938
762,7,Hgv,380,TradaBoostR2,10,0.5,1,2.772543130575873,2.059732753878218,2.9708902642514188,2.122862664554451
763,8,Hgv,95,TradaBoostR2,10,0.1,1,5.28326555641542,3.805055060400656,6.209327176316803,4.094506175276405
764,7,Hgv,95,TradaBoostR2,30,0.5,1,3.4388180285871184,2.2835495425288843,4.075801521738411,2.622572533524817
765,7,Hgv,665,TradaBoostR2,10,0.5,2,2.662662105868661,1.9701030916094544,2.5147799554072168,1.8355462307927533
766,8,Hgv,190,TradaBoostR2,10,0.1,1,4.2393721564041,3.2719145974167088,5.421069728032596,3.568225097843812
767,7,Hgv,570,TradaBoostR2,20,0.1,1,3.03746921281743,2.330725110818553,2.7874444284915056,2.1762221497080607
768,8,Hgv,95,TradaBoostR2,10,0.1,2,227.8274178975492,44.1031274200584,300.76130039854166,68.29213961084125
769,7,Hgv,285,TradaBoostR2,30,0.1,1,3.13202262566876,2.419325129413832,3.2414660471319428,2.526758990230525
770,7,Hgv,380,TradaBoostR2,10,0.5,2,2.783989640360379,2.1108905669997577,3.1281469464806664,2.3218706021375866
771,7,Hgv,190,TradaBoostR2,30,0.5,1,2.5708684320165927,1.879342243361348,2.9182657003098367,1.98717127519694
772,7,Hgv,855,TradaBoostR2,10,0.1,1,2.734385523591054,2.1748142229752783,2.795562006905785,2.2049597917226404
773,8,Hgv,95,TradaBoostR2,10,0.5,1,5.452161305488563,3.179287889993423,4.232588117379639,3.197982908195633
774,7,Hgv,475,TradaBoostR2,20,0.1,2,3.038719080258557,2.376378260891353,3.1203945029271902,2.4154804563834373
775,7,Hgv,665,TradaBoostR2,20,0.1,1,2.9381525746336377,2.24235270040774,2.594248833617986,2.0546853201331907
776,8,Hgv,190,TradaBoostR2,10,0.1,2,48.65200484133259,10.284629068106147,66.10686878021674,12.597138240345416
777,7,Hgv,950,TradaBoostR2,10,0.1,1,2.6873731256138824,2.132716069983492,2.746844919803105,2.1602483248573687
778,8,Hgv,190,TradaBoostR2,10,0.5,1,3.647309422000744,2.6931803352358754,4.66840330076413,2.8426241809293207
779,8,Hgv,95,TradaBoostR2,10,0.5,2,6.356490610676,3.6385204406994567,8.25587819689515,4.015642924159187
780,7,Hgv,855,TradaBoostR2,10,0.1,2,3.163716334423147,2.257723407487144,3.193464094289342,2.342353127194052
781,7,Hgv,380,TradaBoostR2,20,0.1,1,3.1356877454010856,2.4740177600180715,3.378410472066865,2.598590801112982
782,7,Hgv,475,TradaBoostR2,20,0.5,1,2.5461085138173067,1.898058674989057,2.713489455414944,1.9710724904117172
783,7,Hgv,570,TradaBoostR2,20,0.1,2,2.8068949336835547,2.2047933535387814,2.783446280869381,2.170769035693361
784,7,Hgv,855,TradaBoostR2,10,0.5,1,2.533782271071598,1.831520249045392,2.229937065849808,1.6530129555939412
785,7,Hgv,95,TradaBoostR2,30,0.5,2,5.204973365959195,3.647650122023224,7.724209346296865,4.745308797365421
786,7,Hgv,950,TradaBoostR2,10,0.1,2,225.9389423374048,17.824434561386887,44.821306301369816,7.059449162112447
787,8,Hgv,190,TradaBoostR2,10,0.5,2,3.892393661085048,2.865894149914742,4.201247447926569,2.8616908847203866
788,8,Hgv,95,TradaBoostR2,20,0.1,1,5.424001449569713,3.650306450661284,6.586325899384922,3.932746417549119
789,7,Hgv,665,TradaBoostR2,20,0.1,2,3.024168870541315,2.2503290991094134,2.813886253968151,2.1657848542869416
790,7,Hgv,950,TradaBoostR2,10,0.5,1,2.3454351173830297,1.7540681202903643,2.5202268555017686,1.7192533076999803
791,7,Hgv,760,TradaBoostR2,10,0.1,1,2.7905630639948305,2.2382667858848238,2.884421190567928,2.296147718373547
792,7,Hgv,285,TradaBoostR2,30,0.1,2,3.3528724134324737,2.653316597417558,5.223436489985123,3.141683329933673
793,7,Hgv,570,TradaBoostR2,20,0.5,1,2.410820489222856,1.8227941467658664,2.56293214123893,1.8803688452944944
794,7,Hgv,190,TradaBoostR2,30,0.5,2,3.2980826703933874,2.250391213687376,4.306019834112738,2.5971627830426427
795,7,Hgv,855,TradaBoostR2,10,0.5,2,2.3584416642307025,1.7735814081427106,2.3439139865896554,1.7151976673986369
796,8,Hgv,190,TradaBoostR2,20,0.1,1,3.9570658804803416,3.04663282439757,5.118180737196124,3.296643772951568
797,7,Hgv,950,TradaBoostR2,10,0.5,2,2.351670323649475,1.7382130524936856,2.3130057417862413,1.6552516944167264
798,7,Hgv,475,TradaBoostR2,20,0.5,2,2.644719235124706,1.970481842914971,3.201694027028265,2.0737649008912107
799,7,Hgv,665,TradaBoostR2,20,0.5,1,2.4712407580893854,1.8956242737954097,2.6583157467897536,1.9411812098007752
800,7,Hgv,380,TradaBoostR2,20,0.1,2,3.925095363014471,2.701261317065021,3.5552320519945626,2.7497818079900487
801,7,Hgv,855,TradaBoostR2,20,0.1,1,2.8116415492557243,2.127574723847215,2.478210976595284,1.953577375173883
802,8,Hgv,95,TradaBoostR2,20,0.1,2,28.83889955248558,6.907619749143549,35.812028885020666,8.242870382078413
803,7,Hgv,760,TradaBoostR2,10,0.1,2,3.053034885351862,2.38000040465256,3.0510219755208694,2.3846581495683083
804,7,Hgv,285,TradaBoostR2,30,0.5,1,2.55266269060013,1.907204394576989,2.785012640070906,2.008363358196155
805,7,Hgv,950,TradaBoostR2,20,0.1,1,2.576724584849629,2.014697420985844,2.924150961727613,2.0563490711559136
806,7,Hgv,570,TradaBoostR2,20,0.5,2,2.438166060344126,1.8107545213490013,2.538893150045073,1.8430615130566688
807,8,Hgv,190,TradaBoostR2,20,0.1,2,8.305047211068008,4.402397661943274,16.652401215697065,6.433835901478637
808,7,Hgv,760,TradaBoostR2,10,0.5,1,2.4832850929300747,1.8417136014456088,2.2280173371244385,1.6466974185684784
809,7,Hgv,380,TradaBoostR2,20,0.5,1,3.138652291285137,2.2139536441555827,3.4615822019074782,2.280797334322928
810,7,Hgv,475,TradaBoostR2,30,0.1,1,2.632116609271748,2.057864288467812,2.704718754300332,2.088840338824302
811,8,Hgv,95,TradaBoostR2,20,0.5,1,5.201151140625386,2.9428576311156776,7.415870100974927,3.3748951295532126
812,8,Hgv,285,TradaBoostR2,10,0.1,1,3.7400902598204193,3.040456782887046,3.979216734148977,3.167904131622512
813,7,Hgv,665,TradaBoostR2,20,0.5,2,2.419500993204192,1.7377574416193509,2.566231578309482,1.824638694687504
814,8,Hgv,190,TradaBoostR2,20,0.5,1,7.378683166385436,2.9798718946732863,9.398645629139496,2.983857942328879
815,7,Hgv,760,TradaBoostR2,10,0.5,2,2.5474501043370807,1.855858523621459,2.474373257390854,1.7885743442345363
816,7,Hgv,855,TradaBoostR2,20,0.1,2,2.821638683865533,2.0867350710524284,2.550960015988727,1.957098676445708
817,8,Hgv,285,TradaBoostR2,10,0.1,2,10.789887626256611,4.502244246058138,26.998032715507552,6.8388268582916885
818,7,Hgv,570,TradaBoostR2,30,0.1,1,2.640238064018419,2.0386618185683534,2.4933726634335,1.92962111175356
819,7,Hgv,950,TradaBoostR2,20,0.1,2,2.5900541444726195,2.010318025876241,2.869105026064533,2.042114967167618
820,8,Hgv,380,TradaBoostR2,10,0.1,1,3.57531183419922,2.8564036799058994,3.7944672306282503,2.960591286746335
821,8,Hgv,285,TradaBoostR2,10,0.5,1,2.808175085032215,2.191873509708239,3.173148058048658,2.2721199799570857
822,7,Hgv,380,TradaBoostR2,20,0.5,2,2.856964068108896,2.0603036824258565,3.342835827887288,2.1802835185707465
823,8,Hgv,95,TradaBoostR2,20,0.5,2,7.932193737464998,4.024716548516047,8.371672257205674,4.15917947221565
824,7,Hgv,760,TradaBoostR2,20,0.1,1,2.8341826644436243,2.1615103265322837,2.536562856875864,2.005264577727693
825,7,Hgv,285,TradaBoostR2,30,0.5,2,2.5280865077685086,1.8579832226763584,3.3477077069594623,1.984197019977257
826,7,Hgv,665,TradaBoostR2,30,0.1,1,2.4881896449838123,1.950291243981994,2.419155684552615,1.8572990354616128
827,7,Hgv,855,TradaBoostR2,20,0.5,1,2.414284237851112,1.842218508678979,2.58133611373367,1.9100316316038184
828,8,Hgv,285,TradaBoostR2,10,0.5,2,2.973368057352176,2.253712405392469,3.5086497484412407,2.3574308328280056
829,8,Hgv,190,TradaBoostR2,20,0.5,2,6.108276082999702,2.7488916760643445,9.061542376694804,3.1211022497431054
830,7,Hgv,475,TradaBoostR2,30,0.1,2,2.9604152845494824,2.271928431514454,3.0784214518699407,2.335187557979413
831,8,Hgv,380,TradaBoostR2,10,0.1,2,4.090145057887613,3.11050620325436,4.367565176362411,3.14936974279574
832,7,Hgv,950,TradaBoostR2,20,0.5,1,2.468989496098899,1.8605809866403749,2.613341810688303,1.9171168322726533
833,7,Hgv,380,TradaBoostR2,30,0.1,1,2.896892200679224,2.273731909674748,3.0330328792088,2.322222154618214
834,8,Hgv,380,TradaBoostR2,10,0.5,1,3.059899837671815,2.159108845271836,3.0695151042464754,2.216831720855459
835,8,Hgv,285,TradaBoostR2,20,0.1,1,3.625634041451874,2.8422642680873205,4.118896830323943,2.8944942871038264
836,8,Hgv,95,TradaBoostR2,30,0.1,1,5.472227514698354,3.547200572480397,6.776125285945044,3.837710074859916
837,7,Hgv,760,TradaBoostR2,20,0.1,2,2.848313152959287,2.1662312187668102,2.6543798611692218,2.0425189197205142
838,7,Hgv,570,TradaBoostR2,30,0.1,2,2.726843260787041,2.098180850380192,2.772497399086522,2.0923500084717115
839,8,Hgv,190,TradaBoostR2,30,0.1,1,3.7046662624275872,2.896966537341941,4.392996346729235,2.9995230016711645
840,8,Hgv,380,TradaBoostR2,10,0.5,2,2.941122657248927,2.0784211881257857,2.946554516627869,2.127793471505247
841,7,Hgv,855,TradaBoostR2,20,0.5,2,2.3377583923469736,1.7279831898718627,2.42122235173672,1.7171067639826445
842,7,Hgv,475,TradaBoostR2,30,0.5,1,2.6037271046077928,1.9773680390509891,2.8387785723361225,2.05755027753516
843,7,Hgv,760,TradaBoostR2,20,0.5,1,2.425902489849904,1.8381707573790584,2.457908700088486,1.8355506351743216
844,7,Hgv,950,TradaBoostR2,20,0.5,2,2.444693010861128,1.7776114405725991,2.553727413042325,1.7795193264389817
845,8,Hgv,380,TradaBoostR2,20,0.1,1,3.3683504127557136,2.6732031868625312,3.764112161677133,2.808693981224018
846,8,Hgv,285,TradaBoostR2,20,0.1,2,10.919179590391238,4.119553831985559,24.13307648415114,5.9280877532507406
847,7,Hgv,665,TradaBoostR2,30,0.1,2,2.619769362455852,2.025614448854003,2.533366972113659,1.9261583248798928
848,7,Hgv,380,TradaBoostR2,30,0.1,2,3.045901458080975,2.3947235845775743,3.432466865709193,2.6104764421862168
849,7,Hgv,570,TradaBoostR2,30,0.5,1,2.6050957201062257,2.00723097938838,2.7384754189469454,2.0608353890613134
850,8,Hgv,285,TradaBoostR2,20,0.5,1,7.29125737581393,2.8091875037297123,5.093263848513599,2.4729587200326413
851,8,Hgv,95,TradaBoostR2,30,0.1,2,28.32478023116548,6.653840479348644,34.91180959859463,7.9290107160317955
852,7,Hgv,760,TradaBoostR2,20,0.5,2,2.3808346120075696,1.7529814273976934,2.378743071994069,1.6925836267436567
853,7,Hgv,855,TradaBoostR2,30,0.1,1,2.405643232613779,1.8669853594095285,2.3287584526267864,1.782026121209108
854,8,Hgv,190,TradaBoostR2,30,0.1,2,3.737240925039308,2.9348296059504464,6.589645451662751,3.518588749956796
855,7,Hgv,380,TradaBoostR2,30,0.5,1,2.783040355299448,2.052543974143297,2.830288927431458,2.07018695724464
856,7,Hgv,950,TradaBoostR2,30,0.1,1,2.3709483970899794,1.8299136020018516,2.391142898089836,1.81103942688096
857,8,Hgv,380,TradaBoostR2,20,0.1,2,3.702924995500102,2.719831976906842,5.284672750359568,3.0796826573147364
858,8,Hgv,285,TradaBoostR2,20,0.5,2,17.708884917915935,4.061196335459987,18.948861540203797,3.616221009804247
859,7,Hgv,665,TradaBoostR2,30,0.5,1,2.6283776890216983,2.014935008441498,2.940664483292279,2.2069599833133213
860,7,Hgv,475,TradaBoostR2,30,0.5,2,2.562284701054117,1.9340971612685105,3.0895326681909525,2.0424584216133588
861,7,Hgv,760,TradaBoostR2,30,0.1,1,2.525752509731078,1.9434681226106707,2.3921578995102486,1.8373510428553768
862,8,Hgv,95,TradaBoostR2,30,0.5,1,5.358142991763255,2.722384472625174,7.21019348903691,3.2312181952053938
863,8,Hgv,190,TradaBoostR2,30,0.5,1,9.078083866455076,3.4099087814745848,12.46346733808951,3.603010178380484
864,8,Hgv,380,TradaBoostR2,20,0.5,1,3.0784786778792523,2.037462178482613,2.8589955399771,2.0022791847775947
865,8,Hgv,285,TradaBoostR2,30,0.1,1,3.4417721132479207,2.679764431375022,3.9914556543270914,2.7570943954498617
866,7,Hgv,380,TradaBoostR2,30,0.5,2,2.612232208671473,1.9290809697137037,2.8890966626355383,2.004523283775714
867,7,Hgv,570,TradaBoostR2,30,0.5,2,2.3865439212837454,1.7796920634098727,2.521611160978522,1.8519888229287536
868,7,Hgv,855,TradaBoostR2,30,0.1,2,2.5050400154357977,1.9117952395541304,2.399005165620822,1.8297043821988035
869,8,Hgv,475,TradaBoostR2,10,0.1,1,3.4363010804380174,2.7201372022029595,3.6023809275305907,2.80754199466218
870,7,Hgv,950,TradaBoostR2,30,0.1,2,2.428071743700364,1.8479379933098887,2.5626969446808143,1.845908626294416
871,8,Hgv,380,TradaBoostR2,20,0.5,2,7.59607334727202,2.8586937184113355,7.559782373239667,2.7203290491439125
872,8,Hgv,570,TradaBoostR2,10,0.1,1,3.1864822828402213,2.560909266672393,3.529875617269452,2.735695462728604
873,7,Hgv,760,TradaBoostR2,30,0.1,2,2.5889992532168944,1.97658985731216,2.456122404593348,1.8769423290452696
874,7,Hgv,665,TradaBoostR2,30,0.5,2,2.454603961443801,1.8397104356552076,2.705026301760636,1.9076894081726672
875,8,Hgv,190,TradaBoostR2,30,0.5,2,6.242451675266814,2.8477399369230705,10.048218037101082,3.1188655542162818
876,8,Hgv,95,TradaBoostR2,30,0.5,2,12.372536370967769,4.6814917661816144,11.243952484558202,4.680443285995412
877,8,Hgv,285,TradaBoostR2,30,0.1,2,10.93067804111922,3.7695956579850183,18.046960243679067,4.650765675823608
878,8,Hgv,570,TradaBoostR2,10,0.1,2,6.308364506989544,3.05826608020203,4.419259925220792,3.0352373785638225
879,8,Hgv,475,TradaBoostR2,10,0.1,2,4.201184044457002,3.065491561091904,6.743753230617425,3.765699065843583
880,7,Hgv,855,TradaBoostR2,30,0.5,1,2.45683592107936,1.863479857366204,2.683769515794919,2.0010925719367507
881,8,Hgv,570,TradaBoostR2,10,0.5,1,2.419631361882941,1.8498104558447843,2.5496355051214605,1.9584130618571025
882,8,Hgv,380,TradaBoostR2,30,0.1,1,3.416814105011675,2.5251549319922595,3.552630288162161,2.6141131494647167
883,8,Hgv,665,TradaBoostR2,10,0.1,1,3.1205240555360745,2.483183530243146,3.462329704970984,2.6620391223762385
884,8,Hgv,475,TradaBoostR2,10,0.5,1,2.46106569118816,1.9066426157333412,2.5831021190364085,2.027844628453745
885,7,Hgv,760,TradaBoostR2,30,0.5,1,2.552678541236005,1.9504346274831328,2.755095693229017,2.072198378240153
886,7,Hgv,950,TradaBoostR2,30,0.5,1,2.751092461259657,2.100863542660451,3.1610148309214385,2.337233891087264
887,8,Hgv,570,TradaBoostR2,10,0.5,2,2.456108541931818,1.8866569366450197,2.691390457069246,2.036811703702473
888,8,Hgv,285,TradaBoostR2,30,0.5,1,4.969662700587024,2.5213241179262504,3.433615832746608,2.2324035406813394
889,8,Hgv,475,TradaBoostR2,10,0.5,2,2.7788501535266312,1.9982922351138463,2.91046770644965,2.14246186846019
890,8,Hgv,665,TradaBoostR2,10,0.1,2,7.431265103707024,3.1270678842864066,27.279156324568,4.049590721756676
891,8,Hgv,665,TradaBoostR2,10,0.5,1,2.32123714413459,1.7823707025980844,2.45237697647625,1.893986251473919
892,8,Hgv,475,TradaBoostR2,20,0.1,1,3.093974888086812,2.435781404260411,3.416530076681037,2.62061766983878
893,8,Hgv,570,TradaBoostR2,20,0.1,1,2.971877269284685,2.366877670198621,3.2748565906124703,2.519813240292164
894,7,Hgv,760,TradaBoostR2,30,0.5,2,2.491888226559104,1.8514928169391796,2.590853671230992,1.8510635905846613
895,8,Hgv,665,TradaBoostR2,10,0.5,2,2.543130189541239,1.821930325904574,2.5198625197137536,1.9466387696840155
896,8,Hgv,285,TradaBoostR2,30,0.5,2,7.266531168730209,2.639782336599821,3.60050675562468,2.263428346236613
897,8,Hgv,380,TradaBoostR2,30,0.1,2,2.9986583713704342,2.3383568721016768,3.589874096825361,2.582787617800325
898,7,Hgv,855,TradaBoostR2,30,0.5,2,2.3729181233682053,1.798003460752739,2.537443040318016,1.8323586819983035
899,8,Hgv,475,TradaBoostR2,20,0.1,2,6.290581880460785,2.8703236153949523,3.7085848830841552,2.7681938114748235
900,7,Hgv,950,TradaBoostR2,30,0.5,2,2.33549115300307,1.7430005090956957,2.545644859480474,1.8279416144936504
901,9,Hgv,190,TradaBoostR2,10,0.1,1,5.1061479469349225,3.744406664120264,4.722052460881177,3.6731641179589154
902,8,Hgv,475,TradaBoostR2,20,0.5,1,2.683156311488501,1.9476308654679848,2.6660836166716875,1.9584365888618924
903,8,Hgv,570,TradaBoostR2,20,0.1,2,3.1677964862323136,2.4498232634817576,3.512694243343312,2.635125158472479
904,8,Hgv,665,TradaBoostR2,20,0.1,1,2.8748001361826816,2.266725905675824,3.1748047485729605,2.4290748484198867
905,9,Hgv,190,TradaBoostR2,10,0.1,2,11.165231535723825,4.72786959940522,6.766948952237211,4.224466355217478
906,9,Hgv,475,TradaBoostR2,10,0.1,1,3.7243305230201296,2.8424004471599686,3.4252939974920715,2.6951059422453545
907,9,Hgv,95,TradaBoostR2,10,0.1,1,5.01064728363185,4.149213441359405,5.199798465498352,4.212239836310053
908,8,Hgv,380,TradaBoostR2,30,0.5,1,3.1210737117483056,2.132513189205929,2.9667520414574944,2.0711527155013907
909,9,Hgv,190,TradaBoostR2,10,0.5,1,3.464867859959707,2.707500814033348,4.252021004510954,2.757822255309182
910,8,Hgv,570,TradaBoostR2,20,0.5,1,2.425077474896863,1.846831087443017,2.513882733889936,1.8756791366207264
911,8,Hgv,475,TradaBoostR2,20,0.5,2,2.685293726634297,1.9537823039107636,2.848655095347941,2.097104386606234
912,9,Hgv,475,TradaBoostR2,10,0.1,2,7.239658943394944,3.2881839061433658,10.21507874402446,3.4751127128355623
913,9,Hgv,190,TradaBoostR2,10,0.5,2,38.17246527233205,6.369762960914247,15.667149188841202,4.897549150537891
914,9,Hgv,95,TradaBoostR2,10,0.1,2,34.651792801097,7.262021320493551,67.61274461072128,11.03152607368524
915,9,Hgv,475,TradaBoostR2,10,0.5,1,2.9122263805364303,2.2328260095842687,2.613427572193123,2.0513192281381203
916,8,Hgv,665,TradaBoostR2,20,0.1,2,7.636918129514656,2.980894027893906,8.706273823395408,2.94054472238974
917,9,Hgv,95,TradaBoostR2,10,0.5,1,4.91375634371063,3.699298182944033,5.555510124612133,3.722730663908795
918,9,Hgv,190,TradaBoostR2,20,0.1,1,4.327670898050586,3.467229717547799,7.127115901577398,3.800339107211644
919,8,Hgv,475,TradaBoostR2,30,0.1,1,2.681174505853638,2.140518727268492,2.8455717940268626,2.2961702460070885
920,9,Hgv,475,TradaBoostR2,10,0.5,2,3.1493496431718104,2.422375678632508,2.99975445534105,2.2932277866924258
921,8,Hgv,760,TradaBoostR2,10,0.1,1,3.5100394135025264,2.468364809548806,3.350280179605433,2.555192663373443
922,8,Hgv,570,TradaBoostR2,20,0.5,2,2.5905353879377278,1.8859648029038405,2.6680844625877924,1.9329039361006533
923,9,Hgv,95,TradaBoostR2,10,0.5,2,14.374661636647962,5.3275092596051055,10.69523845041874,5.330103759817949
924,8,Hgv,665,TradaBoostR2,20,0.5,1,2.3016686679777694,1.743049193393224,2.3876012036547176,1.7769902644504998
925,9,Hgv,475,TradaBoostR2,20,0.1,1,3.3505282756033545,2.6321610453150224,2.996136833778377,2.3852630074564023
926,9,Hgv,380,TradaBoostR2,10,0.1,1,4.023772345465134,3.052157314873499,3.754936019577786,3.006467757422923
927,9,Hgv,665,TradaBoostR2,10,0.1,1,3.3871827064738267,2.611215697025698,3.2725054649902443,2.5906722883268567
928,8,Hgv,380,TradaBoostR2,30,0.5,2,7.842084818294867,2.809094440279724,7.352433616208943,2.463775667617583
929,8,Hgv,760,TradaBoostR2,10,0.1,2,3.3810234813057494,2.5477348066287355,4.36560242721142,2.798545241093724
930,9,Hgv,285,TradaBoostR2,10,0.1,1,6.314921231894086,3.665713799901747,4.08433539201419,3.280310899783119
931,9,Hgv,190,TradaBoostR2,20,0.1,2,11.302116615469512,4.706412371804962,6.948250636289737,4.229258071234312
932,9,Hgv,95,TradaBoostR2,20,0.1,1,4.8775385549466765,3.997438123832592,5.82758209289647,4.211316065464724
933,8,Hgv,760,TradaBoostR2,10,0.5,1,2.3237159307137345,1.7702221233906743,2.3910872662603606,1.8257892034639984
934,9,Hgv,665,TradaBoostR2,10,0.1,2,62.930518694832784,6.776496803392789,37.658660531309735,6.075004542410457
935,9,Hgv,380,TradaBoostR2,10,0.1,2,4.6672278287939335,3.2949208344549703,4.183798735578064,3.260779509082268
936,8,Hgv,570,TradaBoostR2,30,0.1,1,2.6527280564245808,2.092606610138044,2.8698981009289706,2.2499041624409317
937,8,Hgv,855,TradaBoostR2,10,0.1,1,3.3359160395055816,2.412060501721547,3.317927287276518,2.5025956896692985
938,9,Hgv,285,TradaBoostR2,10,0.1,2,36.65738859978018,5.80821381617019,10.45820936103522,4.562575509200809
939,9,Hgv,190,TradaBoostR2,20,0.5,1,2.933839907277115,2.168277003431716,2.6708546511411995,2.006760246088787
940,9,Hgv,665,TradaBoostR2,10,0.5,1,2.7081397705555834,2.031627475284116,2.5042619807559703,1.9211630823427783
941,8,Hgv,950,TradaBoostR2,10,0.1,1,3.281386093015873,2.332610173674156,3.23981462010068,2.409255005471576
942,8,Hgv,475,TradaBoostR2,30,0.1,2,3.2977452126903737,2.310905504162041,3.1114633536548544,2.41172559403328
943,9,Hgv,380,TradaBoostR2,10,0.5,1,3.120160138912612,2.399960570505795,2.931732082688068,2.285846863981613
944,8,Hgv,665,TradaBoostR2,20,0.5,2,2.568661948201558,1.925913572652685,2.686371374270629,1.9695520282985364
945,9,Hgv,285,TradaBoostR2,10,0.5,1,3.211573397933271,2.476064485017541,2.894165422453264,2.275250733182869
946,9,Hgv,475,TradaBoostR2,20,0.1,2,7.193960142082596,3.1219461112795703,9.31005457279355,3.1192286115561023
947,8,Hgv,760,TradaBoostR2,10,0.5,2,2.294471854894684,1.736390874452917,2.410634248548363,1.868291810948575
948,9,Hgv,760,TradaBoostR2,10,0.1,1,3.2981232984302475,2.5219789950290146,3.1907695638738067,2.516983349057897
949,9,Hgv,665,TradaBoostR2,10,0.5,2,2.7449884941087728,2.0277005249908444,2.7720679856075474,2.061215503307032
950,9,Hgv,95,TradaBoostR2,20,0.1,2,34.44408379352629,7.081907625819436,67.25115041857623,10.824349752306244
951,8,Hgv,855,TradaBoostR2,10,0.1,2,45.31549292299975,4.457925815405004,7.187373052277877,3.2577152220811567
952,9,Hgv,855,TradaBoostR2,10,0.1,1,3.226953050329376,2.4552149811076944,3.1146399540221323,2.450314242836539
953,9,Hgv,570,TradaBoostR2,10,0.1,1,3.600969523118541,2.703007731836007,3.281207753563087,2.5474019729281627
954,9,Hgv,475,TradaBoostR2,20,0.5,1,2.62150949019576,1.945943155377984,2.447372090550432,1.8809273190416096
955,9,Hgv,380,TradaBoostR2,10,0.5,2,25.17445364338389,4.745503918410376,8.488356378529073,3.840732717953218
956,8,Hgv,950,TradaBoostR2,10,0.1,2,2.834366852429766,2.205715482886229,2.976995728172636,2.349172940136717
957,9,Hgv,285,TradaBoostR2,10,0.5,2,40.5326841999886,5.09097887433098,20.291945146378605,4.075876324911773
958,8,Hgv,475,TradaBoostR2,30,0.5,1,2.789405007827391,2.0964270845281736,2.7309890321078947,2.031244557745403
959,9,Hgv,760,TradaBoostR2,10,0.1,2,12.04873677698459,3.586756219189308,45.23055684116966,5.354196085531917
960,9,Hgv,190,TradaBoostR2,20,0.5,2,3.466990350157588,2.5154073179416483,3.7255348260575047,2.49837537016118
961,8,Hgv,760,TradaBoostR2,20,0.1,1,3.10388913683306,2.248998132766653,3.0998615240006995,2.3304316395446825
962,8,Hgv,855,TradaBoostR2,10,0.5,1,2.3114166419642,1.7621764559512507,2.4344099955707783,1.8658231193518295
963,9,Hgv,665,TradaBoostR2,20,0.1,1,3.0739246055186085,2.3687886712389687,2.8433781294275726,2.228471650394977
964,9,Hgv,950,TradaBoostR2,10,0.1,1,3.270297777115261,2.4327382881045243,3.0344200543987867,2.3732641515507145
965,9,Hgv,855,TradaBoostR2,10,0.1,2,12.491336538508005,3.423926039487322,22.98782299672413,4.019351014958306
966,9,Hgv,95,TradaBoostR2,20,0.5,1,4.011840669132246,2.9642108259733764,3.4159570019827363,2.6586954725171097
967,8,Hgv,950,TradaBoostR2,10,0.5,1,2.2350922466127146,1.6980954476477097,2.368062540319659,1.7913493555386393
968,9,Hgv,760,TradaBoostR2,10,0.5,1,2.662131449885776,2.0052190144909607,2.4566007855624203,1.866421390516148
969,8,Hgv,665,TradaBoostR2,30,0.1,1,2.512641060417736,1.9903737600318048,2.6917487567000165,2.142049921695529
970,9,Hgv,570,TradaBoostR2,10,0.1,2,4.487566031529654,2.974599547704744,4.949794526910151,2.902753234518157
971,9,Hgv,380,TradaBoostR2,20,0.1,1,3.7961317739208473,2.802525961331213,3.407590675544094,2.731747477918542
972,9,Hgv,855,TradaBoostR2,10,0.5,1,2.6060297624811946,1.9386143206735744,2.3695703697399857,1.777757494949243
973,8,Hgv,855,TradaBoostR2,10,0.5,2,2.3905022949317862,1.7771081999138842,2.458848355712643,1.8481231507100184
974,9,Hgv,475,TradaBoostR2,20,0.5,2,2.606369360019091,1.9597293936887727,2.4818021557674825,1.904205708054708
975,9,Hgv,285,TradaBoostR2,20,0.1,1,3.686551798107363,2.9604162811081265,3.4649306792458594,2.799583126351634
976,8,Hgv,570,TradaBoostR2,30,0.1,2,2.886010537548225,2.229801856594919,3.0448108054811915,2.3981183524558127
977,9,Hgv,190,TradaBoostR2,30,0.1,1,4.231057138074418,3.3484064798267608,7.035215336041572,3.676221322204532
978,9,Hgv,760,TradaBoostR2,10,0.5,2,2.668547896038564,1.9343931392461795,2.3995085421986944,1.8041249518566287
979,9,Hgv,570,TradaBoostR2,10,0.5,1,2.9084264258944748,2.223822164677856,2.6143143539164853,2.01256778587152
980,9,Hgv,950,TradaBoostR2,10,0.1,2,5.481263158114739,2.591077046798998,2.9826118650003326,2.313905961769535
981,8,Hgv,950,TradaBoostR2,10,0.5,2,2.347944586461442,1.7439117810313287,2.488699009506345,1.849928114115745
982,9,Hgv,855,TradaBoostR2,10,0.5,2,2.659053014137493,1.9260013066771515,2.910923671299001,2.000631472629516
983,9,Hgv,950,TradaBoostR2,10,0.5,1,2.52244690340718,1.884279664799089,2.294503324593313,1.7153738269670695
984,9,Hgv,665,TradaBoostR2,20,0.1,2,6.788759433947288,3.0204541972052024,4.170567501472489,2.587022511731929
985,8,Hgv,760,TradaBoostR2,20,0.1,2,2.7462061988029465,2.1215749792239507,2.986777387801412,2.275292592109304
986,8,Hgv,855,TradaBoostR2,20,0.1,1,2.609696579846139,2.077332553174688,2.878054425369178,2.225239998059632
987,9,Hgv,760,TradaBoostR2,20,0.1,1,3.065036014020176,2.3622359816508247,2.7907075335084244,2.1687731625817777
988,9,Hgv,95,TradaBoostR2,20,0.5,2,5.940299612771205,4.049640339396102,6.913655421312648,4.154331054358732
989,8,Hgv,475,TradaBoostR2,30,0.5,2,2.6475892292208063,1.9108646702604517,2.719577397630125,1.981280404144296
990,9,Hgv,475,TradaBoostR2,30,0.1,1,3.3606254989885085,2.67878215157619,2.9724193539408645,2.3518087206129388
991,9,Hgv,570,TradaBoostR2,10,0.5,2,3.0767046615945257,2.353953991025933,2.9020508880359634,2.2187993450234065
992,9,Hgv,855,TradaBoostR2,20,0.1,1,2.997134899230659,2.2723761423416007,2.864802589425359,2.2377096691894667
993,9,Hgv,665,TradaBoostR2,20,0.5,1,2.5258542880308514,1.8341791660744335,2.325350966888199,1.744134559376669
994,8,Hgv,950,TradaBoostR2,20,0.1,1,2.544190995382347,2.005887145978188,2.6900274955965737,2.1101325582020163
995,9,Hgv,950,TradaBoostR2,10,0.5,2,2.641304556073649,1.8850978958314624,2.3895400433845206,1.7691922639948596
996,8,Hgv,570,TradaBoostR2,30,0.5,1,2.632148826357222,2.027723220412015,2.6413368329737645,1.97708774120364
997,9,Hgv,380,TradaBoostR2,20,0.1,2,4.515724884731731,3.1132621156962763,3.937837435300391,3.040371736640748
998,9,Hgv,285,TradaBoostR2,20,0.1,2,215.69217340877597,15.893426234180016,15.303253659104966,4.927008412908901
999,8,Hgv,760,TradaBoostR2,20,0.5,1,2.3322049412508488,1.7599730663863171,2.3179373991168832,1.7354548782781736
1000,9,Hgv,190,TradaBoostR2,30,0.1,2,17.850594879824605,4.770261953551238,7.398941739790824,3.946558623400058
1001,9,Hgv,570,TradaBoostR2,20,0.1,1,3.393468100303064,2.674529258460889,2.9840144816990004,2.35874984352643
1002,8,Hgv,665,TradaBoostR2,30,0.1,2,7.586045285463603,2.858704182689607,8.661814184770572,2.855982892660915
1003,9,Hgv,95,TradaBoostR2,30,0.1,1,5.368652850575745,4.121895887675171,6.170010591121419,4.263263612851112
1004,9,Hgv,950,TradaBoostR2,20,0.1,1,2.8982771332442394,2.2150989655226896,2.6448417569016924,2.059367838960976
1005,9,Hgv,380,TradaBoostR2,20,0.5,1,2.6616171758145257,2.0184671879689144,2.4833379080934197,1.9180003355536293
1006,9,Hgv,285,TradaBoostR2,20,0.5,1,2.786139524267902,2.051417075497182,2.5032754630501204,1.884618457066214
1007,9,Hgv,760,TradaBoostR2,20,0.1,2,11.992036207928969,3.4120501640556222,45.20747353770005,5.118588491592614
1008,9,Hgv,855,TradaBoostR2,20,0.1,2,2.9803887132861004,2.218210622920278,2.7712664105668146,2.1358251211442427
1009,9,Hgv,665,TradaBoostR2,20,0.5,2,2.663104096882229,1.848613368225196,2.4002069728096767,1.780991762444452
1010,8,Hgv,855,TradaBoostR2,20,0.1,2,2.5885343438963213,1.9860293391721735,2.6753921519148616,2.1239164798789574
1011,8,Hgv,950,TradaBoostR2,20,0.1,2,2.507054600116791,1.9378887142926344,2.6544980429681817,2.08650468210836
1012,9,Hgv,190,TradaBoostR2,30,0.5,1,2.933867810421927,2.0629748156744365,2.617163233201055,1.926971114648628
1013,9,Hgv,475,TradaBoostR2,30,0.1,2,7.14529804666431,3.026330020058008,8.846798397861559,2.978419941119192
1014,8,Hgv,760,TradaBoostR2,20,0.5,2,2.414979405324095,1.7580355929325855,2.465150770396767,1.7886762216586811
1015,9,Hgv,760,TradaBoostR2,20,0.5,1,2.4661858561286234,1.7945475082772346,2.3299910330092946,1.731523922123944
1016,9,Hgv,855,TradaBoostR2,20,0.5,1,2.4389890871307607,1.7544969511270414,2.25984984307372,1.680198784087839
1017,8,Hgv,665,TradaBoostR2,30,0.5,1,2.470924463760248,1.9014718915917417,2.5198029511300093,1.8822385492038336
1018,9,Hgv,950,TradaBoostR2,20,0.1,2,5.420949840739966,2.4790427737328247,2.791730739927358,2.144604341092867
1019,9,Hgv,665,TradaBoostR2,30,0.1,1,3.056070789066723,2.3477475850950684,2.797773293192162,2.188018502619699
1020,8,Hgv,855,TradaBoostR2,20,0.5,1,2.4224576645669766,1.83903385147454,2.420155699729136,1.815451190073492
1021,8,Hgv,570,TradaBoostR2,30,0.5,2,2.535583736000655,1.8353869906867544,2.493190634571425,1.8478462557106945
1022,9,Hgv,570,TradaBoostR2,20,0.1,2,4.344618100344597,2.8251845923090118,4.788954090700366,2.736104015923694
1023,9,Hgv,475,TradaBoostR2,30,0.5,1,2.605007695212758,1.9230717261842651,2.4590108958144543,1.84575064581972
1024,8,Hgv,950,TradaBoostR2,20,0.5,1,2.347480240989991,1.784911660875177,2.4073028528566387,1.7956776134939618
1025,9,Hgv,285,TradaBoostR2,20,0.5,2,3.159526450014288,2.303321497882835,3.035006762892117,2.31554583835417
1026,9,Hgv,380,TradaBoostR2,20,0.5,2,2.8374103040789427,2.099415171566565,2.800135162106869,2.073966711303316
1027,9,Hgv,950,TradaBoostR2,20,0.5,1,2.395577291365377,1.738064998658357,2.2600787337623425,1.6788972204347536
1028,9,Hgv,95,TradaBoostR2,30,0.1,2,8.515042199229134,4.576729447623925,7.115953722033572,4.598239613093153
1029,8,Hgv,760,TradaBoostR2,30,0.1,1,2.4474251155081483,1.93040235154641,2.6431996567038385,2.0817604420842155
1030,9,Hgv,190,TradaBoostR2,30,0.5,2,3.2171253818287613,2.317085597733993,2.991965185323713,2.179061856124508
1031,9,Hgv,855,TradaBoostR2,20,0.5,2,2.4740784851422304,1.7569821627388096,2.442441581274586,1.7239187115038588
1032,9,Hgv,570,TradaBoostR2,20,0.5,1,2.599812601265025,1.9377253053031511,2.40781003446332,1.8223035559853988
1033,9,Hgv,760,TradaBoostR2,20,0.5,2,2.5341481729010376,1.793837144146086,2.5086659446533157,1.7604517999243032
1034,9,Hgv,380,TradaBoostR2,30,0.1,1,3.351323591332699,2.638350241727556,3.0789309484047656,2.474540479741187
1035,9,Hgv,285,TradaBoostR2,30,0.1,1,3.578877960995873,2.8439660898119654,4.088767170632621,2.802884752877034
1036,8,Hgv,855,TradaBoostR2,20,0.5,2,2.347029080420344,1.7338960751781145,2.415721356555358,1.770459338133219
1037,9,Hgv,665,TradaBoostR2,30,0.1,2,2.933807699873896,2.1989901433953847,3.253995612323437,2.209438563912698
1038,9,Hgv,950,TradaBoostR2,20,0.5,2,2.540859569861062,1.8027546521084603,2.4743504933419844,1.7850962840664826
1039,9,Hgv,95,TradaBoostR2,30,0.5,1,3.484462126064593,2.5297602762158413,3.0887042742911275,2.3533259972625817
1040,9,Hgv,855,TradaBoostR2,30,0.1,1,2.7960110489836723,2.1122423899673834,2.5695755928265305,1.973670726827697
1041,9,Hgv,475,TradaBoostR2,30,0.5,2,2.516349804873665,1.8349797864498496,2.490322518507497,1.8330079028724968
1042,9,Hgv,760,TradaBoostR2,30,0.1,1,2.970912813862656,2.270530378230028,2.707642801884366,2.087701342141384
1043,8,Hgv,950,TradaBoostR2,20,0.5,2,2.3511871513224385,1.731117577443632,2.356033620554944,1.7120184248969783
1044,8,Hgv,665,TradaBoostR2,30,0.5,2,2.4420483987318584,1.840295041109486,2.4226209236778207,1.8118695839468373
1045,9,Hgv,665,TradaBoostR2,30,0.5,1,2.515456114875748,1.8196959281081253,2.3368202309610218,1.767329775578921
1046,9,Hgv,570,TradaBoostR2,20,0.5,2,2.58189747148826,1.881379290097879,2.425622778262769,1.8128580134999703
1047,9,Hgv,950,TradaBoostR2,30,0.1,1,2.793061615338828,2.1179797358761,2.530475155122958,1.9345974003106188
1048,8,Hgv,760,TradaBoostR2,30,0.1,2,2.5986702990034685,1.9629682664925117,2.768917810083191,2.1304099503247085
1049,8,Hgv,855,TradaBoostR2,30,0.1,1,2.4845934692951026,1.9633828833842948,2.7059964731688564,2.110089827311243
1050,8,Hgv,950,TradaBoostR2,30,0.1,1,2.431656213483375,1.9090325198163325,2.5815785743592974,2.019706771549394
1051,9,Hgv,285,TradaBoostR2,30,0.1,2,40.53012560219018,5.349236438901333,20.50014742975737,4.368879877876522
1052,9,Hgv,380,TradaBoostR2,30,0.1,2,3.572179409395548,2.74739207153857,3.4259219159772205,2.667056992125986
1053,9,Hgv,570,TradaBoostR2,30,0.1,1,3.267843728448685,2.5648818975321324,2.8619671559595936,2.241083372571907
1054,9,Hgv,855,TradaBoostR2,30,0.1,2,2.8178157231783287,2.088197224492393,2.619668257701248,2.0082946214299136
1055,9,Hgv,95,TradaBoostR2,30,0.5,2,5.414178370421253,3.713243877594975,7.183566453689383,3.837357184897813
1056,9,Hgv,760,TradaBoostR2,30,0.1,2,3.079506484678644,2.335455855991338,3.567109255657085,2.2480540420125403
1057,8,Hgv,760,TradaBoostR2,30,0.5,1,2.7185644847925103,2.006544983659679,2.5719512687189514,1.936458270651434
1058,9,Hgv,665,TradaBoostR2,30,0.5,2,2.694168288264492,1.8091613925099967,2.2913294599716707,1.6903036779210772
1059,9,Hgv,285,TradaBoostR2,30,0.5,1,2.6238399203344334,1.9048928034778148,2.4383737812224973,1.8234436163806
1060,9,Hgv,380,TradaBoostR2,30,0.5,1,2.707288927690876,1.9938482763706469,2.7157851445622265,1.9331310328487377
1061,9,Hgv,855,TradaBoostR2,30,0.5,1,2.466751336331723,1.7576986549623572,2.293945338735797,1.7331154789874486
1062,8,Hgv,855,TradaBoostR2,30,0.1,2,2.499528214851644,1.873757831143986,2.5668710915271964,1.9820404923574573
1063,9,Hgv,760,TradaBoostR2,30,0.5,1,2.494393875002116,1.7956909164541952,2.318607480939586,1.7527206828073163
1064,9,Hgv,950,TradaBoostR2,30,0.1,2,2.8675132304696125,2.125240005337444,2.526642810091165,1.8866587878657497
1065,8,Hgv,950,TradaBoostR2,30,0.1,2,2.883306573549318,2.008835780057352,2.8909796661850025,2.158836468502858
1066,9,Hgv,570,TradaBoostR2,30,0.1,2,3.515329590976144,2.604871389937595,3.2204880165690675,2.2472465202253824
1067,9,Hgv,950,TradaBoostR2,30,0.5,1,2.478010762324083,1.7946485254976348,2.27756393998293,1.7416366193538544
1068,8,Hgv,760,TradaBoostR2,30,0.5,2,2.3553573423047225,1.7485883744378616,2.3587174854626998,1.742898169326854
1069,8,Hgv,855,TradaBoostR2,30,0.5,1,2.828502735274799,2.0465054469304733,2.65842338542281,2.020702431489629
1070,9,Hgv,285,TradaBoostR2,30,0.5,2,3.4006764262213127,2.2329289592378374,2.964123272440839,2.1922177355418278
1071,9,Hgv,380,TradaBoostR2,30,0.5,2,2.754932339170059,2.0281231054376128,3.4930794621476893,2.116370934430986
1072,9,Hgv,760,TradaBoostR2,30,0.5,2,2.4671696218153207,1.7418027388451176,2.4553165004145274,1.7686158440408315
1073,8,Hgv,950,TradaBoostR2,30,0.5,1,2.6409324061428943,1.9709467756724677,2.588106297029807,1.9496897971754443
1074,9,Hgv,570,TradaBoostR2,30,0.5,1,2.587561887793963,1.9091132750562076,2.4884736507298264,1.8528603188626145
1075,9,Hgv,855,TradaBoostR2,30,0.5,2,2.3333727161878928,1.6727732649991804,2.2505659605984305,1.6602453667102215
1076,9,Hgv,950,TradaBoostR2,30,0.5,2,2.41996129636047,1.7350186794562754,2.341994283313713,1.716494424254637
1077,8,Hgv,855,TradaBoostR2,30,0.5,2,2.428225746977317,1.832305274137364,2.395654677447709,1.7689325912696905
1078,8,Hgv,950,TradaBoostR2,30,0.5,2,2.3437715075105623,1.794749237968055,2.4353003954996493,1.7902628747873994
1079,9,Hgv,570,TradaBoostR2,30,0.5,2,2.514435438712677,1.8044897449456825,2.4681470090073496,1.7964523281114768
1080,10,Hgv,95,TradaBoostR2,10,0.1,1,6.071611288988315,4.4662657491099695,5.528163910449019,4.198703591652978
1081,10,Hgv,95,TradaBoostR2,10,0.1,2,32.2012646409229,9.012587494177977,43.05370905133736,8.411413478679465
1082,10,Hgv,95,TradaBoostR2,10,0.5,1,4.420875174940412,3.516104455092974,10.581315240741343,3.803087853550753
1083,10,Hgv,190,TradaBoostR2,10,0.1,1,4.733909499928337,3.735475438101384,4.234352330906942,3.44095993453777
1084,10,Hgv,95,TradaBoostR2,10,0.5,2,27.949611517127323,7.271229658251163,11.857906101798354,5.88313140896325
1085,10,Hgv,190,TradaBoostR2,10,0.1,2,5.843178607605204,4.188401548871876,5.351641617105591,3.7324865449880846
1086,10,Hgv,190,TradaBoostR2,10,0.5,1,3.8486559428994935,2.9851372742282862,8.099250750776932,3.154789296581852
1087,10,Hgv,95,TradaBoostR2,20,0.1,1,6.0558049135623655,4.311213792659517,5.459918418388261,4.024344314164034
1088,10,Hgv,190,TradaBoostR2,10,0.5,2,9.540572996461822,4.122239134727216,22.679795524333947,5.439891816809815
1089,10,Hgv,190,TradaBoostR2,20,0.1,1,4.5199055262349805,3.565127976052759,7.158751465071992,3.573616939003456
1090,10,Hgv,95,TradaBoostR2,20,0.1,2,29.029863695349565,7.608608783620532,10.552938903153857,5.732034765870377
1091,10,Hgv,95,TradaBoostR2,20,0.5,1,3.847882506217728,2.927644884737319,3.4322949113898944,2.5780908224184604
1092,10,Hgv,190,TradaBoostR2,20,0.1,2,7.274727405952326,4.094701748648466,22.040937074573907,5.592884306050471
1093,10,Hgv,380,TradaBoostR2,10,0.1,1,4.084658400331068,3.1531529540322807,4.146408564278774,2.9658430888416163
1094,10,Hgv,285,TradaBoostR2,10,0.1,1,4.254611852007141,3.3366531606734187,3.8457593600875537,3.096271980587
1095,10,Hgv,190,TradaBoostR2,20,0.5,1,3.167293575984829,2.3512913830194653,2.76703397145625,2.094887070091809
1096,10,Hgv,95,TradaBoostR2,20,0.5,2,4.871008582080592,3.4876816295973603,4.122421078602234,3.144132214523125
1097,10,Hgv,380,TradaBoostR2,10,0.1,2,24.33947983653269,4.9422849964011375,22.162821191200752,4.888052476556345
1098,10,Hgv,285,TradaBoostR2,10,0.1,2,5.456137673238293,3.6193303386333096,5.696175321572765,3.489621178640227
1099,10,Hgv,380,TradaBoostR2,10,0.5,1,3.640263328905281,2.5550707210092,3.1030109226079343,2.3109115716991497
1100,10,Hgv,285,TradaBoostR2,10,0.5,1,4.125649923063481,2.796263852653732,4.178412779558339,2.5896991826493405
1101,10,Hgv,95,TradaBoostR2,30,0.1,1,5.742960075863651,4.105651394125292,5.083371595549599,3.765256857311861
1102,10,Hgv,190,TradaBoostR2,20,0.5,2,3.4338539035830427,2.619157529502674,4.780379231300493,2.687768946896409
1103,10,Hgv,380,TradaBoostR2,10,0.5,2,13.091766477673522,4.342978703444338,6.250480067777114,3.3192318011288617
1104,10,Hgv,285,TradaBoostR2,10,0.5,2,5.220617380322942,3.0355216793993964,5.727587766557297,2.8439905363615674
1105,10,Hgv,285,TradaBoostR2,20,0.1,1,4.024769746350574,3.159835796241632,3.623683833177586,2.9030474143615708
1106,10,Hgv,380,TradaBoostR2,20,0.1,1,3.498850114072929,2.7929866791825173,3.312333014886651,2.621923088371194
1107,10,Hgv,190,TradaBoostR2,30,0.1,1,4.318029796715821,3.391377888796057,7.479527476800021,3.442864388503136
1108,10,Hgv,95,TradaBoostR2,30,0.1,2,11.54521760531462,5.376655070782567,6.279944133986897,4.528978479786619
1109,10,Hgv,285,TradaBoostR2,20,0.1,2,415.880720681954,39.06155955925728,469.1230726130139,34.99602153289528
1110,10,Hgv,380,TradaBoostR2,20,0.1,2,4.776028441329292,3.156411437098153,6.949711334302601,3.370807373852217
1111,10,Hgv,95,TradaBoostR2,30,0.5,1,8.352394780532636,3.562891888532797,7.916694362519967,3.0971045496216787
1112,10,Hgv,285,TradaBoostR2,20,0.5,1,3.8937976255396975,2.3973005812719554,3.998374250862243,2.210762419722662
1113,10,Hgv,380,TradaBoostR2,20,0.5,1,2.714948340676953,1.9636565080801471,2.424393324091496,1.7624039315344806
1114,10,Hgv,190,TradaBoostR2,30,0.1,2,7.169353709109912,3.873561042144409,22.052727110001097,5.504981574505881
1115,10,Hgv,570,TradaBoostR2,10,0.1,1,3.471521173262557,2.7980435326264868,3.3572282027754428,2.6879006093871114
1116,10,Hgv,475,TradaBoostR2,10,0.1,1,3.837564979692081,2.9789590603229086,3.5978677069852947,2.832687960883784
1117,10,Hgv,285,TradaBoostR2,20,0.5,2,3.442862175424044,2.3241532685328266,2.977940341132033,2.105866304501136
1118,10,Hgv,570,TradaBoostR2,10,0.1,2,3.862201258036937,2.970630147613029,3.764245687475502,2.828132180347088
1119,10,Hgv,95,TradaBoostR2,30,0.5,2,4.278918779398175,3.1658541474426944,8.505983002469645,3.371973289750532
1120,10,Hgv,380,TradaBoostR2,20,0.5,2,3.157299939682121,2.1590229624181188,2.752710150116062,1.9539896567278972
1121,10,Hgv,475,TradaBoostR2,10,0.1,2,4.834399913603176,3.1442469436639686,4.655530262318592,2.928349969687249
1122,10,Hgv,665,TradaBoostR2,10,0.1,1,3.3227703170344265,2.67466855153695,3.2033157834149746,2.5533934378013443
1123,10,Hgv,190,TradaBoostR2,30,0.5,1,3.351573585079038,2.2320169814057835,2.616009924916604,1.9067398807734268
1124,10,Hgv,570,TradaBoostR2,10,0.5,1,2.772467011076712,2.1484082078826776,2.601562259821398,1.9698156423624813
1125,10,Hgv,475,TradaBoostR2,10,0.5,1,3.0878732910264173,2.345862684029739,3.087841133743934,2.229726225121594
1126,10,Hgv,760,TradaBoostR2,10,0.1,1,3.198622187569488,2.5563400066021926,3.022320914867974,2.4037362635483444
1127,10,Hgv,285,TradaBoostR2,30,0.1,1,3.601008143599997,2.9143019400986505,3.424161591416904,2.6996869782350585
1128,10,Hgv,665,TradaBoostR2,10,0.1,2,3.742839318582474,2.836352935323068,3.599541265883813,2.7259403990204403
1129,10,Hgv,570,TradaBoostR2,10,0.5,2,2.860378959883771,2.180553544508591,2.7630881743456017,2.001868101237698
1130,10,Hgv,475,TradaBoostR2,10,0.5,2,4.986216824908399,2.7714520872285657,3.900099309214548,2.539521399333869
1131,10,Hgv,380,TradaBoostR2,30,0.1,1,3.175210665310918,2.544227602028997,3.086968163010829,2.442163499437471
1132,10,Hgv,760,TradaBoostR2,10,0.1,2,3.9457446807171657,2.6887997671108947,3.3828434602456854,2.5118092231575444
1133,10,Hgv,665,TradaBoostR2,10,0.5,1,2.6414093610413136,2.070725209392816,2.7543618895973263,1.9665628167985227
1134,10,Hgv,760,TradaBoostR2,10,0.5,1,6.301850630242955,2.3427622833691,2.916986214088517,1.9740112786608024
1135,10,Hgv,855,TradaBoostR2,10,0.1,1,3.21025082329145,2.521135227020433,2.9846082175400865,2.322665721765345
1136,10,Hgv,570,TradaBoostR2,20,0.1,1,3.17239613687662,2.555405142828836,3.075434183598913,2.440467998182009
1137,10,Hgv,475,TradaBoostR2,20,0.1,1,3.2138553853569967,2.596434308182965,3.1290015766676342,2.4986379745632328
1138,10,Hgv,665,TradaBoostR2,10,0.5,2,2.881928638894981,2.1299863028912687,2.84641160298866,2.024619095405213
1139,10,Hgv,190,TradaBoostR2,30,0.5,2,3.4323982510666866,2.560823665817312,3.0549907601017288,2.3107269541026696
1140,10,Hgv,760,TradaBoostR2,10,0.5,2,2.736529441336728,2.028941046767743,2.686353813134996,1.9224675008116057
1141,10,Hgv,855,TradaBoostR2,10,0.1,2,3.388974959870201,2.583247454149049,3.1309375808533435,2.3798886211429107
1142,10,Hgv,285,TradaBoostR2,30,0.1,2,5.527406411833468,3.446875065743689,6.324429152118664,3.309182886977194
1143,10,Hgv,665,TradaBoostR2,20,0.1,1,3.0093839011419243,2.4045161781272437,2.9311422129344944,2.29093679528864
1144,10,Hgv,855,TradaBoostR2,10,0.5,1,4.708856240653219,2.175930827175629,2.8305397152894205,1.920386903759844
1145,10,Hgv,380,TradaBoostR2,30,0.1,2,4.135269829288587,3.005419783551089,3.9674138614429206,2.898398006942785
1146,10,Hgv,570,TradaBoostR2,20,0.1,2,3.719075119665058,2.7387169256120414,7.704950549025734,3.010957609634376
1147,10,Hgv,475,TradaBoostR2,20,0.1,2,3.944036432430431,2.9436027563581244,3.7275854957969297,2.774214229890201
1148,10,Hgv,760,TradaBoostR2,20,0.1,1,2.868645531743287,2.301278477350232,2.774797078870351,2.169662603268226
1149,10,Hgv,950,TradaBoostR2,10,0.1,1,3.057774213938678,2.388138859991172,2.882030353066012,2.2349333620011222
1150,10,Hgv,285,TradaBoostR2,30,0.5,1,2.8608912415105987,1.963572810639041,2.5792618037186696,1.8426523823872896
1151,10,Hgv,855,TradaBoostR2,10,0.5,2,2.634892305678032,1.993175568750139,2.545813810558949,1.8652637701871024
1152,10,Hgv,475,TradaBoostR2,20,0.5,1,2.9385572089793124,2.0953878387791214,2.893226060535079,1.9340170254963536
1153,10,Hgv,570,TradaBoostR2,20,0.5,1,2.535245255260549,1.898881265444288,2.372246486440481,1.733071819479327
1154,10,Hgv,380,TradaBoostR2,30,0.5,1,2.619341522835293,1.9116501464285784,2.527971070158524,1.7793748724919878
1155,10,Hgv,950,TradaBoostR2,10,0.1,2,3.0980490215529968,2.382550226181701,2.9262944170145344,2.2068718066006103
1156,10,Hgv,665,TradaBoostR2,20,0.1,2,3.1980958860508344,2.486630580822053,3.3011687687916584,2.4172980328387914
1157,10,Hgv,855,TradaBoostR2,20,0.1,1,2.81732742802761,2.241930389603324,2.7709722020732928,2.124751913015829
1158,10,Hgv,950,TradaBoostR2,10,0.5,1,4.086499545044476,2.1057304781187374,2.756508500496284,1.8675648829404308
1159,10,Hgv,760,TradaBoostR2,20,0.1,2,2.9742458315191613,2.3280367340631654,3.298053949438106,2.33677883967654
1160,10,Hgv,475,TradaBoostR2,20,0.5,2,2.6660773221761884,2.0148912319906582,2.648626919904744,1.9262968625651973
1161,10,Hgv,665,TradaBoostR2,20,0.5,1,2.456774362777131,1.843798992789234,2.391003706338062,1.747743469072433
1162,10,Hgv,570,TradaBoostR2,20,0.5,2,2.7166927881172205,1.9415000190034557,2.483105781989603,1.836648966296301
1163,10,Hgv,950,TradaBoostR2,10,0.5,2,2.5807551943201426,1.9652803409763613,2.461434619796409,1.8342997339371807
1164,10,Hgv,285,TradaBoostR2,30,0.5,2,3.0158880620502444,2.119501572521028,2.550235598500131,1.8711439215402133
1165,10,Hgv,380,TradaBoostR2,30,0.5,2,2.7136594561778917,1.9708020141295683,2.450566791512526,1.775863819219195
1166,10,Hgv,760,TradaBoostR2,20,0.5,1,2.387389459437969,1.80759618943421,2.2960592614781814,1.6895259460207983
1167,10,Hgv,475,TradaBoostR2,30,0.1,1,2.9934136235844013,2.423161752692375,2.938351007521957,2.325197878707765
1168,10,Hgv,855,TradaBoostR2,20,0.1,2,3.1965947464041724,2.4153053127363604,9.21374368640172,2.754786773606865
1169,10,Hgv,950,TradaBoostR2,20,0.1,1,2.778602199138352,2.192556920102124,2.7187530799010315,2.0741391673183385
1170,10,Hgv,570,TradaBoostR2,30,0.1,1,2.906152665944856,2.3303864201862203,2.8017097609468404,2.184398522140487
1171,10,Hgv,665,TradaBoostR2,20,0.5,2,2.646154020793171,1.9320317611115727,2.462923425401806,1.809366936963376
1172,10,Hgv,855,TradaBoostR2,20,0.5,1,2.385676030084114,1.7903734634876562,2.3463653370137307,1.6932029322692417
1173,10,Hgv,760,TradaBoostR2,20,0.5,2,2.533615857367646,1.855859640699332,2.5473031665591934,1.7706638683802272
1174,10,Hgv,665,TradaBoostR2,30,0.1,1,2.801290209354396,2.2666697962444022,3.048046314556049,2.226178736983314
1175,10,Hgv,950,TradaBoostR2,20,0.1,2,3.104138214527154,2.37463839506878,3.361160917114709,2.343889098506592
1176,10,Hgv,475,TradaBoostR2,30,0.1,2,3.891524949938655,2.7617915823249017,4.040207933090015,2.7356545324969943
1177,10,Hgv,570,TradaBoostR2,30,0.1,2,3.61703285470619,2.6676491093825576,3.554785679126131,2.487356481581731
1178,10,Hgv,760,TradaBoostR2,30,0.1,1,6.20143276801402,2.54551830377549,2.9780641739672222,2.1773289915851386
1179,10,Hgv,855,TradaBoostR2,20,0.5,2,2.8069681457945808,1.9281564164419545,2.7053634296398275,1.8093802327524269
1180,10,Hgv,950,TradaBoostR2,20,0.5,1,2.3691806690023163,1.782191619796963,2.2418536999445613,1.651714711929312
1181,10,Hgv,475,TradaBoostR2,30,0.5,1,2.7277113867883416,2.030537715190866,2.39905946237513,1.7691572394879882
1182,10,Hgv,570,TradaBoostR2,30,0.5,1,2.5801847696344185,1.9466595412339616,2.3813034895000147,1.803268420940721
1183,10,Hgv,665,TradaBoostR2,30,0.1,2,2.9808654149432474,2.3328893137068247,3.188877743805958,2.263867197785599
1184,10,Hgv,855,TradaBoostR2,30,0.1,1,4.724327100516096,2.3905061922506023,2.922444815530856,2.1185804569622486
1185,10,Hgv,950,TradaBoostR2,20,0.5,2,2.407859273492311,1.7929252404742058,2.3000073787811584,1.6774560925379218
1186,10,Hgv,760,TradaBoostR2,30,0.1,2,2.789516881173735,2.1901386492821,2.70205579530602,2.0475244373298667
1187,10,Hgv,665,TradaBoostR2,30,0.5,1,2.5766014760470632,1.9563572955245612,2.416420903977889,1.828390624405125
1188,10,Hgv,475,TradaBoostR2,30,0.5,2,2.701316196014558,2.0019205564087166,2.6950355400407786,1.8759126690511
1189,10,Hgv,570,TradaBoostR2,30,0.5,2,2.792876168021612,1.9616463086962932,2.383677826551148,1.8254539598750343
1190,10,Hgv,950,TradaBoostR2,30,0.1,1,4.153914112327267,2.3075092240653903,2.838209921584758,2.0543494710292047
1191,10,Hgv,760,TradaBoostR2,30,0.5,1,2.6097646103000702,1.9815056589147733,2.396028353198085,1.812673366723032
1192,10,Hgv,855,TradaBoostR2,30,0.1,2,2.751511420666724,2.1445321699329805,2.6997061869728025,2.033777486629605
1193,10,Hgv,665,TradaBoostR2,30,0.5,2,2.5086800821071704,1.8874748712866556,2.686865611637596,1.846585562988804
1194,10,Hgv,855,TradaBoostR2,30,0.5,1,2.551128233231953,1.9448967298894515,2.4745315223740407,1.829129146518958
1195,10,Hgv,950,TradaBoostR2,30,0.1,2,2.86518275334948,2.192565775418569,2.891941842096085,2.0471948526657946
1196,10,Hgv,760,TradaBoostR2,30,0.5,2,2.590137017198689,1.910986696978619,2.5633934855325413,1.803507965963951
1197,10,Hgv,950,TradaBoostR2,30,0.5,1,2.5788833185563704,1.9416485511870647,2.4494164800567875,1.8286419494371824
1198,10,Hgv,855,TradaBoostR2,30,0.5,2,2.7739569087271394,1.918303524068473,2.7521390839002056,1.8646326026922884
1199,10,Hgv,950,TradaBoostR2,30,0.5,2,2.550229889343925,1.840142369466487,2.350286029790594,1.7511594604522378
