,seed,v,source_tree_size,target_tree_size,k,m_0,epochs,val_rmse,val_mae,rmse,mae
0,860.0,0.1,1.0,1.0,0.0,0.1,400.0,7.07103544565024,5.55193673947765,6.747179851373284,5.1069557228715174
1,860.0,0.1,1.0,1.0,0.0,0.5,400.0,6.608115269049096,4.5360637196843845,7.782851196863785,5.394831788034687
2,860.0,0.1,1.0,1.0,0.01,0.1,400.0,10.633608645027598,7.143317135543244,9.694935631393365,7.737091039645149
3,860.0,0.1,1.0,1.0,0.01,0.5,400.0,7.898228761669799,5.443706873195902,7.849240289375603,5.522949760547955
4,860.0,0.1,1.0,1.0,0.01,0.9,400.0,11.986657540369748,10.517940738281506,8.841200302639093,7.210603485558827
5,860.0,0.1,1.0,1.0,0.05,0.1,400.0,7.091286831615161,5.5626973065844165,6.838977714385766,5.247019379013937
6,860.0,0.1,1.0,1.0,0.05,0.5,400.0,9.844102157913245,6.35921568210692,9.17841804045598,7.194977933845177
7,860.0,0.1,1.0,1.0,0.05,0.9,400.0,8.57640174627298,6.613661655306122,7.499177646942664,5.885654091629364
8,860.0,0.1,1.0,2.0,0.0,0.1,400.0,9.32500379792054,6.241000901568983,9.396765866136594,6.965737550898663
9,860.0,0.1,1.0,2.0,0.0,0.5,400.0,5.9174804909857075,4.550035645763923,6.577762468374765,4.942074756295808
10,860.0,0.1,1.0,2.0,0.01,0.1,400.0,10.091221095746457,6.716158226009998,9.728761779941209,7.453370627944382
11,860.0,0.1,1.0,2.0,0.01,0.5,400.0,5.758500719333924,4.483413064660221,6.546925960819453,4.913158649621499
12,860.0,0.1,1.0,2.0,0.01,0.9,400.0,6.086608099539351,4.674483550821141,6.911733223843122,5.278749546285266
13,860.0,0.1,1.0,2.0,0.05,0.1,400.0,10.025384062093195,6.693816520287411,9.769703590585596,7.595997039370099
14,860.0,0.1,1.0,2.0,0.05,0.5,400.0,8.900137695308878,5.959547792171164,8.355629750359533,6.196116150212324
15,860.0,0.1,1.0,2.0,0.05,0.9,400.0,8.062807270023766,5.388570394703587,7.860177259436408,5.799962411037588
16,860.0,0.1,1.0,3.0,0.0,0.1,400.0,6.056021038567658,4.538913138694926,7.778564029613786,5.286925475435015
17,860.0,0.1,1.0,3.0,0.0,0.5,400.0,5.805066621684502,4.640810663403001,6.820044456236552,5.08787517066188
18,860.0,0.1,1.0,3.0,0.01,0.1,400.0,8.07218744317475,5.769659564560194,9.159602719207392,7.221597328868664
19,860.0,0.1,1.0,3.0,0.01,0.5,400.0,5.892512817888176,4.516613725072587,6.9304671842586885,4.877356949243092
20,860.0,0.1,1.0,3.0,0.01,0.9,400.0,15.398569621558561,12.559942234974452,12.187972752992676,9.778593311737845
21,860.0,0.1,1.0,3.0,0.05,0.1,400.0,6.213570137997648,4.787654945557147,7.524373796170235,5.224343736627651
22,860.0,0.1,1.0,3.0,0.05,0.5,400.0,5.701246149548832,4.2580105653925155,7.043438751946271,4.984990683804747
23,860.0,0.1,1.0,3.0,0.05,0.9,400.0,6.147509109306808,4.536749855432884,7.438474642777934,5.183437758894841
24,860.0,0.1,2.0,1.0,0.0,0.1,400.0,8.449780629369146,6.838021607849262,7.3760374703778995,6.000931053943754
25,860.0,0.1,2.0,1.0,0.0,0.5,400.0,6.8276199980887435,4.701232861478583,8.114437598349921,5.349407249405886
26,860.0,0.1,2.0,1.0,0.01,0.1,400.0,8.567191324430283,6.9433017282092075,7.061218392623467,5.776270982255471
27,860.0,0.1,2.0,1.0,0.01,0.5,400.0,7.395719674811363,5.751008525169434,8.206617192718161,5.808975505078121
28,860.0,0.1,2.0,1.0,0.01,0.9,400.0,8.380423494627484,6.1055540670720445,8.773268347976094,5.75146747101402
29,860.0,0.1,2.0,1.0,0.05,0.1,400.0,8.483483743829114,6.905758127921775,7.709191644114529,6.016529594691379
30,860.0,0.1,2.0,1.0,0.05,0.5,400.0,8.249745743199005,6.5367402356511075,7.520157939331689,5.908876539487926
31,860.0,0.1,2.0,1.0,0.05,0.9,400.0,8.62744543994702,7.015117330478536,7.5945097693611485,6.047442158138582
32,860.0,0.1,2.0,2.0,0.0,0.1,400.0,5.6080363150971175,4.2709018159181555,6.362525164921849,4.614254376026183
33,860.0,0.1,2.0,2.0,0.0,0.5,400.0,5.929699056679556,4.54000710769704,7.708513300769194,5.213814551078972
34,860.0,0.1,2.0,2.0,0.01,0.1,400.0,5.653675488758478,4.279128902717374,6.518520424407859,4.777000451886848
35,860.0,0.1,2.0,2.0,0.01,0.5,400.0,5.477509062552111,4.317957723926231,6.108942430169803,4.633930911897985
36,860.0,0.1,2.0,2.0,0.01,0.9,400.0,6.083449419068703,4.566863183331166,8.000649778410137,5.545085778086545
37,860.0,0.1,2.0,2.0,0.05,0.1,400.0,5.601854414642361,4.217927138402342,6.577085541944699,4.998246872693312
38,860.0,0.1,2.0,2.0,0.05,0.5,400.0,5.655265466088052,4.631458316633062,6.569078411684837,5.126412767617438
39,860.0,0.1,2.0,2.0,0.05,0.9,400.0,6.188815244730635,4.770428903307476,6.047601035485434,4.749785094806457
40,860.0,0.1,2.0,3.0,0.0,0.1,400.0,5.56158913902566,4.129435142400394,6.735492653182205,4.877209858922011
41,860.0,0.1,2.0,3.0,0.0,0.5,400.0,5.843651578345864,4.550328932204036,6.34163571558022,4.613393755349336
42,860.0,0.1,2.0,3.0,0.01,0.1,400.0,5.7413323692260425,4.285738898388606,6.919135259347142,4.876655909292363
43,860.0,0.1,2.0,3.0,0.01,0.5,400.0,5.6756424586277685,4.393432520113122,6.249745673793109,4.451599517159307
44,860.0,0.1,2.0,3.0,0.01,0.9,400.0,6.388502649218281,4.845619191855225,7.229887198682529,4.98754607522162
45,860.0,0.1,2.0,3.0,0.05,0.1,400.0,5.792908785078457,4.052768082594101,6.454780899782326,4.441484178320274
46,860.0,0.1,2.0,3.0,0.05,0.5,400.0,5.643320195217604,4.332767276816536,6.242639010977944,4.361327416096665
47,860.0,0.1,2.0,3.0,0.05,0.9,400.0,5.997957290189494,4.626555081692288,6.898800721173818,4.720510992506283
48,860.0,0.1,3.0,1.0,0.0,0.1,400.0,8.023442828821743,6.4265584980401655,6.934752831731765,5.555971428819757
49,860.0,0.1,3.0,1.0,0.0,0.5,400.0,7.015270699380169,4.920235032253219,8.180647965087417,5.354815158084104
50,860.0,0.1,3.0,1.0,0.01,0.1,400.0,8.138838325809735,6.571196316048755,7.066815840106847,5.851284231730019
51,860.0,0.1,3.0,1.0,0.01,0.5,400.0,6.974049736586953,5.546467842267573,8.06385727998854,5.4997783008184085
52,860.0,0.1,3.0,1.0,0.01,0.9,400.0,7.477060512455039,5.231518677827873,7.52781281349753,4.990763928278208
53,860.0,0.1,3.0,1.0,0.05,0.1,400.0,8.582651846315475,5.782047967994373,7.383395020580767,5.511150406825666
54,860.0,0.1,3.0,1.0,0.05,0.5,400.0,8.450921176202652,7.01459849437072,7.154007398296568,5.8302850763352065
55,860.0,0.1,3.0,1.0,0.05,0.9,400.0,8.379909639711975,6.641839926558856,7.136717690785876,5.695849503089613
56,860.0,0.1,3.0,2.0,0.0,0.1,400.0,5.912772971141965,4.594956070716605,6.413950350705167,4.829392770020983
57,860.0,0.1,3.0,2.0,0.0,0.5,400.0,5.589721822950308,4.238286996898717,6.451160233837972,4.570721039555827
58,860.0,0.1,3.0,2.0,0.01,0.1,400.0,5.896001307933671,4.411169222465698,6.3220819616989745,4.854919034550664
59,860.0,0.1,3.0,2.0,0.01,0.5,400.0,6.033897015079993,4.666191735189983,6.110375024261783,4.452806019430972
60,860.0,0.1,3.0,2.0,0.01,0.9,400.0,6.536380455234789,5.1097721130683915,8.180876947398769,5.483064889791444
61,860.0,0.1,3.0,2.0,0.05,0.1,400.0,6.320781636802981,4.864015069395913,6.3066581633324335,4.86021809738135
62,860.0,0.1,3.0,2.0,0.05,0.5,400.0,5.8869914577521785,4.489715072116341,6.358837373212234,4.800376240474617
63,860.0,0.1,3.0,2.0,0.05,0.9,400.0,5.743508976409718,4.274937190390892,6.123290751120711,4.4183650883695025
64,860.0,0.1,3.0,3.0,0.0,0.1,400.0,5.565229061625546,4.147613299694765,6.392980523763316,4.465427601561093
65,860.0,0.1,3.0,3.0,0.0,0.5,400.0,5.760743614607487,4.356590679628563,6.385097537930759,4.466835671682253
66,860.0,0.1,3.0,3.0,0.01,0.1,400.0,5.994473258303296,4.458270335785728,6.356864153933509,4.48554539007641
67,860.0,0.1,3.0,3.0,0.01,0.5,400.0,5.6138383449134945,4.275150079465588,6.7285337379898955,4.554159322732138
68,860.0,0.1,3.0,3.0,0.01,0.9,400.0,5.785021392474445,4.568723875081026,8.082552675606479,5.306490741967314
69,860.0,0.1,3.0,3.0,0.05,0.1,400.0,5.874077796218014,4.231272158968549,6.58649717795389,4.547498394391562
70,860.0,0.1,3.0,3.0,0.05,0.5,400.0,5.936667483035945,4.399244858469113,6.405811152931429,4.51629400011145
71,860.0,0.1,3.0,3.0,0.05,0.9,400.0,5.894917349566102,4.36747156706218,6.727202885102577,4.635712346493775
72,861.0,0.1,1.0,1.0,0.0,0.1,400.0,9.082018563697861,5.951406357223758,14.550938832155008,8.286104533855216
73,861.0,0.1,1.0,1.0,0.0,0.5,400.0,8.007334277022743,5.614377638762416,13.35329767120413,7.660802865072291
74,861.0,0.1,1.0,1.0,0.01,0.1,400.0,9.193480692284474,6.071934980421806,14.745871801252079,8.265939124448433
75,861.0,0.1,1.0,1.0,0.01,0.5,400.0,8.223760528298497,5.274704331896461,13.758458272473693,7.774701912652612
76,861.0,0.1,1.0,1.0,0.01,0.9,400.0,7.794632591442234,5.738103273490576,13.473528343689638,7.895433294941535
77,861.0,0.1,1.0,1.0,0.05,0.1,400.0,9.079873333164535,6.158138615793443,14.913836165073697,8.359371276507185
78,861.0,0.1,1.0,1.0,0.05,0.5,400.0,8.82403143243971,5.769236935892168,14.511480806282796,8.157754313404125
79,861.0,0.1,1.0,1.0,0.05,0.9,400.0,8.428738176408741,5.363995383648409,14.2675687554002,7.947995606410333
80,861.0,0.1,1.0,2.0,0.0,0.1,400.0,8.743772977970627,5.618956700937528,14.499686653114802,7.7227979898855095
81,861.0,0.1,1.0,2.0,0.0,0.5,400.0,7.925705493407519,5.408198986580825,13.557878920146885,7.371082351147928
82,861.0,0.1,1.0,2.0,0.01,0.1,400.0,8.687346972768024,5.683578414168296,14.548376998149699,7.812258369403482
83,861.0,0.1,1.0,2.0,0.01,0.5,400.0,8.055539500115888,5.547070242503675,13.005616248635494,7.011938292427547
84,861.0,0.1,1.0,2.0,0.01,0.9,400.0,7.713915060818612,5.497807602688144,13.72304119838132,7.550729074866122
85,861.0,0.1,1.0,2.0,0.05,0.1,400.0,8.794344260939601,5.5741227172625285,14.580195304685333,7.8822940442377165
86,861.0,0.1,1.0,2.0,0.05,0.5,400.0,8.65182749087632,5.678513431854706,14.47334174905427,7.687148660227535
87,861.0,0.1,1.0,2.0,0.05,0.9,400.0,7.837925849785046,5.361025748740677,13.581067649152839,7.13035370917641
88,861.0,0.1,1.0,3.0,0.0,0.1,400.0,7.489895528886226,4.556684782492203,14.005118369476667,7.251193881187839
89,861.0,0.1,1.0,3.0,0.0,0.5,400.0,7.291903528868057,5.046619741872177,13.47261881129323,7.038735654462588
90,861.0,0.1,1.0,3.0,0.01,0.1,400.0,7.497959201582055,4.51315662947528,14.140281626964272,7.388735724824271
91,861.0,0.1,1.0,3.0,0.01,0.5,400.0,7.236766015789764,4.9417695110981095,13.926938856577134,7.09737127201054
92,861.0,0.1,1.0,3.0,0.01,0.9,400.0,7.025646662157404,4.814372838441898,13.34486697028313,6.9956872020714735
93,861.0,0.1,1.0,3.0,0.05,0.1,400.0,6.831900677537654,4.455374465091177,13.134155156804352,6.763841684163863
94,861.0,0.1,1.0,3.0,0.05,0.5,400.0,7.222595505531733,4.782147899908935,13.532616523040923,6.784256960429013
95,861.0,0.1,1.0,3.0,0.05,0.9,400.0,7.137618536142375,4.805298348052985,13.668549214215204,7.027126716534095
96,861.0,0.1,2.0,1.0,0.0,0.1,400.0,8.621552277063167,5.670859793550677,14.251245216449547,8.010172047155256
97,861.0,0.1,2.0,1.0,0.0,0.5,400.0,7.8764850007004545,5.3891239475547845,13.465338983567749,7.717776155190446
98,861.0,0.1,2.0,1.0,0.01,0.1,400.0,8.959900223737632,5.954855204702347,14.553073989514978,8.157958658293676
99,861.0,0.1,2.0,1.0,0.01,0.5,400.0,7.917397306608432,5.312246418844968,13.706260727706198,7.80958510799522
100,861.0,0.1,2.0,1.0,0.01,0.9,400.0,7.717089660720708,5.638380636468577,13.636507235248791,8.057471841221012
101,861.0,0.1,2.0,1.0,0.05,0.1,400.0,9.054640261150197,6.044647412765392,14.354998878250184,8.140516911675325
102,861.0,0.1,2.0,1.0,0.05,0.5,400.0,8.237923136426625,5.43687273872852,13.984561227143983,7.878130943162666
103,861.0,0.1,2.0,1.0,0.05,0.9,400.0,8.03361470303937,5.10863188472019,13.69533659733371,7.785555581956915
104,861.0,0.1,2.0,2.0,0.0,0.1,400.0,7.864209100209979,5.435182201488026,13.538215277727998,6.943504579033708
105,861.0,0.1,2.0,2.0,0.0,0.5,400.0,7.562612363112351,5.15088545786327,13.612462106763914,7.216797823250312
106,861.0,0.1,2.0,2.0,0.01,0.1,400.0,8.1467659726843,5.410026069072572,13.93857994587493,7.13519376287667
107,861.0,0.1,2.0,2.0,0.01,0.5,400.0,7.408786023942617,5.102196762795891,13.411679359795283,7.145552035740432
108,861.0,0.1,2.0,2.0,0.01,0.9,400.0,7.659416153579649,5.134633930031604,14.159948606307662,7.345254375104121
109,861.0,0.1,2.0,2.0,0.05,0.1,400.0,8.590602833294568,5.471432039794229,14.428267533355791,7.7573472471155975
110,861.0,0.1,2.0,2.0,0.05,0.5,400.0,7.630661740760027,5.175546735410801,13.760616092100598,7.113792406102636
111,861.0,0.1,2.0,2.0,0.05,0.9,400.0,7.5354002037333725,5.218361914089679,13.831372168852623,7.157226509770113
112,861.0,0.1,2.0,3.0,0.0,0.1,400.0,7.141555616826425,4.978819347899758,13.619382395751357,7.225042538965301
113,861.0,0.1,2.0,3.0,0.0,0.5,400.0,7.494371799892743,5.062869910749449,13.929690208388386,7.595705117793539
114,861.0,0.1,2.0,3.0,0.01,0.1,400.0,7.344421626837531,4.8574146301394725,13.713368101720139,7.072807173604463
115,861.0,0.1,2.0,3.0,0.01,0.5,400.0,7.439670093360154,5.117629700814573,13.62767597199522,7.264421279181212
116,861.0,0.1,2.0,3.0,0.01,0.9,400.0,7.594983560473508,5.250873847955037,13.422152452977569,7.213874228462446
117,861.0,0.1,2.0,3.0,0.05,0.1,400.0,7.518693607997791,4.799103913538346,14.386467266821786,7.593863861616427
118,861.0,0.1,2.0,3.0,0.05,0.5,400.0,7.897688054867918,5.5319091424716,14.171115736595649,7.518690347315689
119,861.0,0.1,2.0,3.0,0.05,0.9,400.0,7.688748837401141,5.334055277886338,13.854770748260036,7.424491070926153
120,861.0,0.1,3.0,1.0,0.0,0.1,400.0,8.819795710616415,5.933202505746626,14.26033574601822,7.9844862430715215
121,861.0,0.1,3.0,1.0,0.0,0.5,400.0,7.962702174897861,5.401833017382164,12.9599271255529,7.605579645123028
122,861.0,0.1,3.0,1.0,0.01,0.1,400.0,8.728803533056611,5.886058063014833,13.975284363213994,7.9315193679499325
123,861.0,0.1,3.0,1.0,0.01,0.5,400.0,8.151296048695245,5.422556674007963,13.225199877428015,7.690150953254933
124,861.0,0.1,3.0,1.0,0.01,0.9,400.0,7.971912558377579,5.655897470261221,12.951377035733703,7.668662830680718
125,861.0,0.1,3.0,1.0,0.05,0.1,400.0,8.941623689523984,5.939838528515053,13.805282843120816,7.873247645973036
126,861.0,0.1,3.0,1.0,0.05,0.5,400.0,8.48097582271136,5.634430640756199,13.36101436493398,7.675499655213517
127,861.0,0.1,3.0,1.0,0.05,0.9,400.0,8.155263603707938,5.315252407439463,13.556807619394371,7.705867233359396
128,861.0,0.1,3.0,2.0,0.0,0.1,400.0,7.689207450170395,5.2854996873875955,13.895888505567674,7.21870430267459
129,861.0,0.1,3.0,2.0,0.0,0.5,400.0,7.992497477588457,5.58937241406924,13.848791855667974,7.502750343160186
130,861.0,0.1,3.0,2.0,0.01,0.1,400.0,7.974198001842172,5.617687089295236,13.939268340917986,7.252377038045151
131,861.0,0.1,3.0,2.0,0.01,0.5,400.0,7.910590148582472,5.329909576209221,13.925396428836754,7.474675785307363
132,861.0,0.1,3.0,2.0,0.01,0.9,400.0,7.880788019434158,5.359491329505887,13.569204138209216,7.5943199853186805
133,861.0,0.1,3.0,2.0,0.05,0.1,400.0,7.385265816825388,5.164555358830115,13.554185403075465,7.148931018091001
134,861.0,0.1,3.0,2.0,0.05,0.5,400.0,7.758198584555855,5.533401865583102,13.498121747027378,6.9069338259310795
135,861.0,0.1,3.0,2.0,0.05,0.9,400.0,8.010610502962123,5.427222970650095,14.02967938130355,7.45825444219009
136,861.0,0.1,3.0,3.0,0.0,0.1,400.0,7.594240026988037,5.0378544119838535,13.730037217555566,7.272286536973167
137,861.0,0.1,3.0,3.0,0.0,0.5,400.0,7.165753090609395,4.908887055699651,13.485983895096185,7.114628314249964
138,861.0,0.1,3.0,3.0,0.01,0.1,400.0,7.450026146932187,5.071627879503123,13.766286071828425,7.328470220606831
139,861.0,0.1,3.0,3.0,0.01,0.5,400.0,7.3585546600366945,5.194747382222754,13.433540158181819,7.350503931166332
140,861.0,0.1,3.0,3.0,0.01,0.9,400.0,7.61448444095874,5.430011461925721,13.03563046469028,7.170457847086385
141,861.0,0.1,3.0,3.0,0.05,0.1,400.0,7.618668854632775,5.266984680466849,13.293531075790034,6.992560808665542
142,861.0,0.1,3.0,3.0,0.05,0.5,400.0,7.409647948200038,5.178795487550482,13.739174781412592,7.5887584437520195
143,861.0,0.1,3.0,3.0,0.05,0.9,400.0,7.3789272117456886,5.028427468984123,13.586100161556066,7.356741712660521
144,862.0,0.1,1.0,1.0,0.0,0.1,400.0,11.426698968180789,8.888254620650027,15.180217540864172,11.491036480115197
145,862.0,0.1,1.0,1.0,0.0,0.5,400.0,8.970088277984562,6.562689215570926,12.22262919398335,7.615208591074707
146,862.0,0.1,1.0,1.0,0.01,0.1,400.0,11.397510845898857,8.889329261693792,15.15083984443881,11.470287823762986
147,862.0,0.1,1.0,1.0,0.01,0.5,400.0,9.989571741536459,7.590399311493337,13.478107685994273,9.521264730035503
148,862.0,0.1,1.0,1.0,0.01,0.9,400.0,7.889142856614569,6.743438542111115,10.735706179070235,7.249424736878532
149,862.0,0.1,1.0,1.0,0.05,0.1,400.0,11.594175569843433,9.077638183370539,15.30480737303429,11.585021674387095
150,862.0,0.1,1.0,1.0,0.05,0.5,400.0,10.825126659098274,8.280204962995473,14.608472750055107,10.99478081400968
151,862.0,0.1,1.0,1.0,0.05,0.9,400.0,10.141515722221337,7.697038444532058,13.301783750330072,9.349780279690913
152,862.0,0.1,1.0,2.0,0.0,0.1,400.0,11.699335827625202,9.232881406617347,15.719208427136527,11.987432136307937
153,862.0,0.1,1.0,2.0,0.0,0.5,400.0,9.183945246098403,6.820516115574815,12.014502049098164,8.383840105461251
154,862.0,0.1,1.0,2.0,0.01,0.1,400.0,11.713875155961096,9.250420177544827,15.69457963005594,11.936344195556039
155,862.0,0.1,1.0,2.0,0.01,0.5,400.0,9.716299566967463,7.249109210558355,12.486713980927599,8.658960876662611
156,862.0,0.1,1.0,2.0,0.01,0.9,400.0,8.544275255960764,6.6106095250082095,11.383751900382446,7.996918007088028
157,862.0,0.1,1.0,2.0,0.05,0.1,400.0,11.718234679224246,9.283679823203803,15.624955585787704,11.891207174737588
158,862.0,0.1,1.0,2.0,0.05,0.5,400.0,10.362349854141064,7.9351536633094115,13.54764413418212,9.664666657384402
159,862.0,0.1,1.0,2.0,0.05,0.9,400.0,9.326252077189247,7.029520848794033,12.284169518192325,8.728316011465674
160,862.0,0.1,1.0,3.0,0.0,0.1,400.0,11.474242127770513,8.778511817407942,14.164991838514071,10.390927585363782
161,862.0,0.1,1.0,3.0,0.0,0.5,400.0,9.422199095181798,6.991297195013705,11.927781346700684,8.685020445508526
162,862.0,0.1,1.0,3.0,0.01,0.1,400.0,11.42773364374586,8.749511456448687,14.01736142441088,10.323812812046166
163,862.0,0.1,1.0,3.0,0.01,0.5,400.0,9.762442247501758,7.221439666777332,12.149003807002966,8.821844203105721
164,862.0,0.1,1.0,3.0,0.01,0.9,400.0,8.806777907407675,6.7459401075666,11.483839337217042,8.565234298090472
165,862.0,0.1,1.0,3.0,0.05,0.1,400.0,11.609514002024364,8.899559280370617,14.158396526554666,10.404093514250782
166,862.0,0.1,1.0,3.0,0.05,0.5,400.0,10.291650497270883,7.74951914763978,12.848626783752842,9.441227922630281
167,862.0,0.1,1.0,3.0,0.05,0.9,400.0,9.5189388061042,7.111720666407446,11.965607776806536,8.754047969968765
168,862.0,0.1,2.0,1.0,0.0,0.1,400.0,11.568922594569589,9.037779696492821,15.398901776961324,11.724417635317263
169,862.0,0.1,2.0,1.0,0.0,0.5,400.0,8.82853288154385,6.5801234358557075,12.187123799809168,7.7384960223475385
170,862.0,0.1,2.0,1.0,0.01,0.1,400.0,11.574147289724584,9.090212033272307,15.017491673694812,11.54787144220722
171,862.0,0.1,2.0,1.0,0.01,0.5,400.0,9.62656118259519,7.190134009131881,13.012272991684846,8.738775744284615
172,862.0,0.1,2.0,1.0,0.01,0.9,400.0,8.602395298540939,7.728023180573227,11.35734277355047,8.947281233586132
173,862.0,0.1,2.0,1.0,0.05,0.1,400.0,11.785927019451915,9.243694765678251,15.52177046703319,11.857002714574435
174,862.0,0.1,2.0,1.0,0.05,0.5,400.0,10.67182661936786,8.30293353510952,14.232845194222909,10.659274023248015
175,862.0,0.1,2.0,1.0,0.05,0.9,400.0,9.296548038730048,7.14008234496099,12.870511284149487,8.729783073169155
176,862.0,0.1,2.0,2.0,0.0,0.1,400.0,11.464983297745738,8.952699620531076,14.575745948702128,10.803106845936297
177,862.0,0.1,2.0,2.0,0.0,0.5,400.0,9.104322071064335,6.788506975959799,12.091243419458962,8.336174286335732
178,862.0,0.1,2.0,2.0,0.01,0.1,400.0,11.376912175438338,8.870634886966249,15.206212227344524,11.603273908422377
179,862.0,0.1,2.0,2.0,0.01,0.5,400.0,9.441622088912835,7.146897421039445,12.391323022724647,8.546232535384416
180,862.0,0.1,2.0,2.0,0.01,0.9,400.0,8.340390585155683,6.491096463999714,11.401236940501791,7.894849082291044
181,862.0,0.1,2.0,2.0,0.05,0.1,400.0,11.381714140537046,8.89501325764818,15.143369460680523,11.525090422488299
182,862.0,0.1,2.0,2.0,0.05,0.5,400.0,10.214572679272408,7.828071105628032,12.910507500368976,9.12623584186103
183,862.0,0.1,2.0,2.0,0.05,0.9,400.0,8.980154314699723,6.893929878320941,12.295066604173032,8.676176933865632
184,862.0,0.1,2.0,3.0,0.0,0.1,400.0,11.397765104690231,8.853126370956687,14.055290240546807,10.607120237463878
185,862.0,0.1,2.0,3.0,0.0,0.5,400.0,9.339244587275862,6.934517452459675,11.66762166804953,8.43377549461457
186,862.0,0.1,2.0,3.0,0.01,0.1,400.0,11.436748271848307,8.891631427820156,14.113414913876365,10.655766479144633
187,862.0,0.1,2.0,3.0,0.01,0.5,400.0,9.61181986683043,7.152750102867552,12.007786138586294,8.766780064188753
188,862.0,0.1,2.0,3.0,0.01,0.9,400.0,8.730700916720869,6.7802946061380185,11.202900461950831,8.201750165403347
189,862.0,0.1,2.0,3.0,0.05,0.1,400.0,11.741779644552285,9.197462069469966,14.300061355124269,10.871220654975746
190,862.0,0.1,2.0,3.0,0.05,0.5,400.0,10.48317328506268,7.968148815713274,12.977696455839121,9.72157586982355
191,862.0,0.1,2.0,3.0,0.05,0.9,400.0,9.303889454559078,7.104092741773588,12.0554137434514,8.953697166319847
192,862.0,0.1,3.0,1.0,0.0,0.1,400.0,11.665727255238405,9.099860748919033,15.380081574154756,11.682560805021364
193,862.0,0.1,3.0,1.0,0.0,0.5,400.0,8.820231612610169,6.55535725845738,11.987875111040122,7.489341492834781
194,862.0,0.1,3.0,1.0,0.01,0.1,400.0,11.774008347679663,9.19743641140446,15.37889048660871,11.664176852948687
195,862.0,0.1,3.0,1.0,0.01,0.5,400.0,9.606472914783321,7.13837670118681,12.911810400713911,8.59817893140985
196,862.0,0.1,3.0,1.0,0.01,0.9,400.0,7.928531310444338,6.686827914449865,10.611848444765284,7.095257036685747
197,862.0,0.1,3.0,1.0,0.05,0.1,400.0,11.659600160123276,9.102165849933785,15.105534993255295,11.597732936398552
198,862.0,0.1,3.0,1.0,0.05,0.5,400.0,10.709984736221283,8.266137766419238,14.44041878036003,10.764615055449209
199,862.0,0.1,3.0,1.0,0.05,0.9,400.0,9.081598579147581,6.992139107286434,12.613459765200465,8.549258473682547
200,862.0,0.1,3.0,2.0,0.0,0.1,400.0,10.911325439023337,8.481248243913672,13.922723456008692,10.11908215037456
201,862.0,0.1,3.0,2.0,0.0,0.5,400.0,9.205223944167239,6.909643071567399,12.158010989783754,8.406393210392826
202,862.0,0.1,3.0,2.0,0.01,0.1,400.0,9.639317101958728,7.1870762805376955,11.984296513755725,8.242539610479131
203,862.0,0.1,3.0,2.0,0.01,0.5,400.0,9.475855502247573,7.1609352267940976,12.321284868406545,8.563024926882532
204,862.0,0.1,3.0,2.0,0.01,0.9,400.0,8.439784606897842,6.407775031803995,11.436473795483296,7.848602852423288
205,862.0,0.1,3.0,2.0,0.05,0.1,400.0,10.813981790034656,8.312442746605546,13.140521478219453,9.302923988911198
206,862.0,0.1,3.0,2.0,0.05,0.5,400.0,9.889282126714487,7.572731763192447,12.744390949526972,8.914820479003621
207,862.0,0.1,3.0,2.0,0.05,0.9,400.0,9.24627633928533,6.939002088332716,12.275334063370511,8.600547849470216
208,862.0,0.1,3.0,3.0,0.0,0.1,400.0,11.089365994246515,8.68201611121579,13.77170117476734,10.526185394501455
209,862.0,0.1,3.0,3.0,0.0,0.5,400.0,9.524128126822617,7.129185934828794,11.739163578829398,8.525605334416786
210,862.0,0.1,3.0,3.0,0.01,0.1,400.0,11.219607158590208,8.77512499706622,14.157769576256285,10.92350736274174
211,862.0,0.1,3.0,3.0,0.01,0.5,400.0,9.699198045513166,7.2746922865192,11.962958350244769,8.721183449838032
212,862.0,0.1,3.0,3.0,0.01,0.9,400.0,9.059216993738493,6.9937589198196815,11.400365259108067,8.425303351031342
213,862.0,0.1,3.0,3.0,0.05,0.1,400.0,11.12399357857543,8.717864162744599,14.027477142092971,10.775579272930026
214,862.0,0.1,3.0,3.0,0.05,0.5,400.0,10.201525399003792,7.652330531481875,12.595182673903166,9.446707670175122
215,862.0,0.1,3.0,3.0,0.05,0.9,400.0,9.55929816177144,7.171868910530093,11.889220011433784,8.72326269679949
216,863.0,0.1,1.0,1.0,0.0,0.1,400.0,8.723674071733258,5.395393420503647,11.553215342474926,5.3848943914243925
217,863.0,0.1,1.0,1.0,0.0,0.5,400.0,8.414716875528274,5.36018718172481,10.500308806846776,5.150554461792805
218,863.0,0.1,1.0,1.0,0.01,0.1,400.0,8.64972475720099,5.284736923517072,11.579706260809495,5.400423648001808
219,863.0,0.1,1.0,1.0,0.01,0.5,400.0,8.629531857288436,5.549389785145396,10.929723342574292,4.90516061764101
220,863.0,0.1,1.0,1.0,0.01,0.9,400.0,8.498627528176165,5.717439889305306,11.383250494773225,5.88474034663979
221,863.0,0.1,1.0,1.0,0.05,0.1,400.0,8.734355735500689,5.367585940959846,11.589298125703053,5.371350490768462
222,863.0,0.1,1.0,1.0,0.05,0.5,400.0,8.837940517175806,5.571997085283368,11.151445672311832,4.978976239994825
223,863.0,0.1,1.0,1.0,0.05,0.9,400.0,8.638526262320957,5.4119273753914054,11.093372619658489,4.800676405830485
224,863.0,0.1,1.0,2.0,0.0,0.1,400.0,7.544113210724546,5.166580334323494,11.908822645052952,5.301787184952191
225,863.0,0.1,1.0,2.0,0.0,0.5,400.0,7.501877149267336,5.1001994355425175,11.73855844115487,5.401865981691297
226,863.0,0.1,1.0,2.0,0.01,0.1,400.0,7.681827174736978,5.188245163224028,12.09481961892565,5.543981957081367
227,863.0,0.1,1.0,2.0,0.01,0.5,400.0,7.130536284515771,4.838303172862778,11.805621940495218,5.19100244229631
228,863.0,0.1,1.0,2.0,0.01,0.9,400.0,7.178040972697678,4.8071316080596,11.941403867484608,5.248531337118505
229,863.0,0.1,1.0,2.0,0.05,0.1,400.0,7.786761488023277,5.2853447670847,12.125704743816584,5.600149015627017
230,863.0,0.1,1.0,2.0,0.05,0.5,400.0,7.468904612590051,5.12146398936263,12.230264766001259,5.650166122590649
231,863.0,0.1,1.0,2.0,0.05,0.9,400.0,7.363411206028796,5.020343888276099,12.108518943999433,5.542898860805973
232,863.0,0.1,1.0,3.0,0.0,0.1,400.0,7.68100926905974,4.758012124177872,11.852741030040484,5.049743715942175
233,863.0,0.1,1.0,3.0,0.0,0.5,400.0,8.018791514424498,5.154822748796783,11.547178751152394,4.9470299082454865
234,863.0,0.1,1.0,3.0,0.01,0.1,400.0,7.719906628935356,4.900123999866105,11.869419432376178,5.003947203840893
235,863.0,0.1,1.0,3.0,0.01,0.5,400.0,7.772427166426526,4.816481717600677,11.796542459719987,5.059211584349847
236,863.0,0.1,1.0,3.0,0.01,0.9,400.0,8.657827611245352,5.794331966109753,11.709135525847215,5.135347927979677
237,863.0,0.1,1.0,3.0,0.05,0.1,400.0,7.832495150457877,4.990992092440644,11.917638614714436,5.34229535403989
238,863.0,0.1,1.0,3.0,0.05,0.5,400.0,7.886536702794363,4.939648637347915,11.747441658168478,5.127052620852949
239,863.0,0.1,1.0,3.0,0.05,0.9,400.0,7.966724819840957,4.968290253799812,11.989851943881563,5.221342408123265
240,863.0,0.1,2.0,1.0,0.0,0.1,400.0,8.660619501760817,5.3322488018137335,11.197518542239242,5.160952053905522
241,863.0,0.1,2.0,1.0,0.0,0.5,400.0,8.30785070743956,5.255535222057734,10.733814544533551,5.302611193859184
242,863.0,0.1,2.0,1.0,0.01,0.1,400.0,8.75892729693087,5.400905135175132,11.267399417610225,5.178118863679545
243,863.0,0.1,2.0,1.0,0.01,0.5,400.0,8.39027375658907,5.2576602868190605,11.007248588822119,5.001729779179439
244,863.0,0.1,2.0,1.0,0.01,0.9,400.0,8.733206954991479,5.874392527137813,11.135530695096682,6.089304015691621
245,863.0,0.1,2.0,1.0,0.05,0.1,400.0,8.823553061035112,5.3882085482767375,11.661749080529894,5.336473695779022
246,863.0,0.1,2.0,1.0,0.05,0.5,400.0,8.69421095199775,5.431167175964793,11.16155993984972,4.954367587354536
247,863.0,0.1,2.0,1.0,0.05,0.9,400.0,8.606067660003639,5.389816807591292,11.11122920984828,4.945304019346382
248,863.0,0.1,2.0,2.0,0.0,0.1,400.0,7.30944059574999,4.946551585524551,12.172591596104871,5.476760331714339
249,863.0,0.1,2.0,2.0,0.0,0.5,400.0,7.322200885207983,4.957891067091079,12.061083781090291,5.6771525197285415
250,863.0,0.1,2.0,2.0,0.01,0.1,400.0,7.396855014016277,4.95190937692568,11.985704663445501,5.3958384641542905
251,863.0,0.1,2.0,2.0,0.01,0.5,400.0,7.703163681446292,5.090224447849819,12.065340972266831,5.434718624158058
252,863.0,0.1,2.0,2.0,0.01,0.9,400.0,7.345825050232873,5.051313763042902,11.688031485920472,5.499476033061681
253,863.0,0.1,2.0,2.0,0.05,0.1,400.0,7.4603205827969346,5.048477002137604,12.175549038434736,5.554606544246244
254,863.0,0.1,2.0,2.0,0.05,0.5,400.0,7.747862622364644,5.267369455506123,11.994168323496744,5.2749561067670045
255,863.0,0.1,2.0,2.0,0.05,0.9,400.0,7.30224760068406,5.0018025825243,12.08708123134721,5.406545742248805
256,863.0,0.1,2.0,3.0,0.0,0.1,400.0,8.25543363318283,5.054560722016776,11.88114973869838,5.086728416982407
257,863.0,0.1,2.0,3.0,0.0,0.5,400.0,7.777839497625581,4.837850044268259,11.62237830066314,5.097507006332422
258,863.0,0.1,2.0,3.0,0.01,0.1,400.0,7.559474118018994,4.902580502515077,11.812233659500635,5.194965040369352
259,863.0,0.1,2.0,3.0,0.01,0.5,400.0,8.022863853335162,5.122727861517977,11.688148966524329,5.253690503054781
260,863.0,0.1,2.0,3.0,0.01,0.9,400.0,8.8831439461707,6.201269808580692,11.986004743971781,5.648291000224467
261,863.0,0.1,2.0,3.0,0.05,0.1,400.0,7.602892289247513,4.857136293564058,11.714488762778576,5.079814247774726
262,863.0,0.1,2.0,3.0,0.05,0.5,400.0,7.645972165816549,4.8554077993170885,11.790299830580416,5.024702395957204
263,863.0,0.1,2.0,3.0,0.05,0.9,400.0,8.329340097728446,5.133248722065672,12.096204775074636,5.378868147042379
264,863.0,0.1,3.0,1.0,0.0,0.1,400.0,8.586696363375438,5.157845784738441,10.15713927339786,5.071433770219999
265,863.0,0.1,3.0,1.0,0.0,0.5,400.0,8.46814512483532,5.409260637757341,10.743254170186693,5.276543398821707
266,863.0,0.1,3.0,1.0,0.01,0.1,400.0,8.747782925221857,5.350564657706607,11.2067328931528,5.148617879146321
267,863.0,0.1,3.0,1.0,0.01,0.5,400.0,8.406848639701932,5.212730491651148,10.321876992673722,4.9355404909184735
268,863.0,0.1,3.0,1.0,0.01,0.9,400.0,8.267435685969858,5.334312910402214,10.85193246438298,5.480557492998979
269,863.0,0.1,3.0,1.0,0.05,0.1,400.0,8.76564174562425,5.306952749741967,11.245844878240373,5.261724497994821
270,863.0,0.1,3.0,1.0,0.05,0.5,400.0,8.76391535829997,5.581878238159793,11.107662776936111,5.209500355420368
271,863.0,0.1,3.0,1.0,0.05,0.9,400.0,8.528302287286474,5.4884893270055555,10.757171673190864,5.047126189788101
272,863.0,0.1,3.0,2.0,0.0,0.1,400.0,7.406788580401076,4.883214844108317,11.927357990208789,5.2750181011547745
273,863.0,0.1,3.0,2.0,0.0,0.5,400.0,7.131066350900651,4.750208435322306,11.946059963875697,5.446090859304576
274,863.0,0.1,3.0,2.0,0.01,0.1,400.0,7.499195490457253,4.8602277369069675,11.984846141137192,5.293531677984624
275,863.0,0.1,3.0,2.0,0.01,0.5,400.0,7.111915283111707,4.8346469085269375,12.14739116083768,5.338164231804461
276,863.0,0.1,3.0,2.0,0.01,0.9,400.0,7.785046612628579,5.229132687608483,11.863276887046473,5.427880844557191
277,863.0,0.1,3.0,2.0,0.05,0.1,400.0,7.4808075883799106,5.047569415465876,12.04883971104223,5.413972767490888
278,863.0,0.1,3.0,2.0,0.05,0.5,400.0,7.192688778913499,4.854436094978677,12.058357567358062,5.463804441709818
279,863.0,0.1,3.0,2.0,0.05,0.9,400.0,7.36226173661791,4.863470360935151,12.033137113587918,5.218268014747551
280,863.0,0.1,3.0,3.0,0.0,0.1,400.0,8.09139312170314,4.804142163091558,11.959280638105174,5.235990212703556
281,863.0,0.1,3.0,3.0,0.0,0.5,400.0,8.571255527913642,5.530187035315024,11.8198544329127,5.166733596981473
282,863.0,0.1,3.0,3.0,0.01,0.1,400.0,8.141730907517085,5.139863093479186,11.848023274425087,5.30756717966401
283,863.0,0.1,3.0,3.0,0.01,0.5,400.0,8.546230520271392,5.304103895202593,11.76334529505258,5.116437618837959
284,863.0,0.1,3.0,3.0,0.01,0.9,400.0,9.329933341166745,6.144490973690936,11.94473738132125,5.246484043538171
285,863.0,0.1,3.0,3.0,0.05,0.1,400.0,7.759478451596948,4.82310864691718,11.823883108065198,5.328129228567972
286,863.0,0.1,3.0,3.0,0.05,0.5,400.0,8.791064589861092,5.603033497029495,11.76302613136059,5.319652439667508
287,863.0,0.1,3.0,3.0,0.05,0.9,400.0,8.863715333854879,5.685251408834291,12.051401418986131,5.2254481608966366
288,864.0,0.1,1.0,1.0,0.0,0.1,400.0,7.270610984050928,5.172907674038344,9.478437960902472,7.391037155111224
289,864.0,0.1,1.0,1.0,0.0,0.5,400.0,6.120046924053679,4.668910442808449,7.857600929960449,6.055988117707664
290,864.0,0.1,1.0,1.0,0.01,0.1,400.0,7.343422606470658,5.3123402900539825,9.05722758248919,7.672744935941084
291,864.0,0.1,1.0,1.0,0.01,0.5,400.0,5.331164270908223,4.050080498822127,8.06895928209487,6.166968168976234
292,864.0,0.1,1.0,1.0,0.01,0.9,400.0,9.279022834562335,8.045171809303238,11.38174321007804,9.971713387640659
293,864.0,0.1,1.0,1.0,0.05,0.1,400.0,7.579145361315132,5.572993312524289,9.538036767939687,7.461810034000503
294,864.0,0.1,1.0,1.0,0.05,0.5,400.0,7.011328556637515,4.952979187042829,8.410128967738476,6.6913773588779994
295,864.0,0.1,1.0,1.0,0.05,0.9,400.0,6.801615237680636,4.907622608173672,7.4556383284540715,5.437370747212372
296,864.0,0.1,1.0,2.0,0.0,0.1,400.0,7.283099847812703,5.053836232241881,8.76677522505003,6.398872522533718
297,864.0,0.1,1.0,2.0,0.0,0.5,400.0,6.381500089406716,4.474675836094986,7.788346834195124,6.110617865196586
298,864.0,0.1,1.0,2.0,0.01,0.1,400.0,7.366717075269382,5.12905037652364,8.708484127708015,6.322716239355182
299,864.0,0.1,1.0,2.0,0.01,0.5,400.0,6.08618676418168,4.611368651664815,7.1386147093997,5.302336894309984
300,864.0,0.1,1.0,2.0,0.01,0.9,400.0,10.59419928968001,8.706702523702907,15.033396624222819,12.897095720792425
301,864.0,0.1,1.0,2.0,0.05,0.1,400.0,7.218987443697227,5.045048681211892,8.635897567960244,6.398526931110703
302,864.0,0.1,1.0,2.0,0.05,0.5,400.0,6.579408955117021,4.483366369698539,8.13642239903685,5.984764429612048
303,864.0,0.1,1.0,2.0,0.05,0.9,400.0,5.958134839221796,4.526528352736333,7.570891820288958,5.2841092508429455
304,864.0,0.1,1.0,3.0,0.0,0.1,400.0,6.385506191310666,4.484240048752535,8.722860867438728,6.851493015390762
305,864.0,0.1,1.0,3.0,0.0,0.5,400.0,6.283605821405598,5.0128841489722396,8.036058046393336,6.287986335382135
306,864.0,0.1,1.0,3.0,0.01,0.1,400.0,6.55838648373079,4.679211145960002,9.398353015102867,7.123682154382499
307,864.0,0.1,1.0,3.0,0.01,0.5,400.0,6.319754162257807,4.979350671640319,8.195650918119998,6.148197990782731
308,864.0,0.1,1.0,3.0,0.01,0.9,400.0,6.497847721344604,5.097942551101128,7.83014334852092,5.8966396992930274
309,864.0,0.1,1.0,3.0,0.05,0.1,400.0,6.530368736174277,4.64645086434425,9.509587332899855,7.374526778381854
310,864.0,0.1,1.0,3.0,0.05,0.5,400.0,6.198909385193051,4.870054990295402,8.383600991167887,6.14842078738293
311,864.0,0.1,1.0,3.0,0.05,0.9,400.0,6.352247135671221,4.910810587944352,8.20347850647467,6.044453488834597
312,864.0,0.1,2.0,1.0,0.0,0.1,400.0,7.398848735267291,5.573271409104672,9.132915026131997,6.976649334368037
313,864.0,0.1,2.0,1.0,0.0,0.5,400.0,6.139196057629633,4.716859771838817,8.238834170989161,6.263471349521598
314,864.0,0.1,2.0,1.0,0.01,0.1,400.0,7.403874148920056,5.564917072554157,8.450267212984476,6.510540718397663
315,864.0,0.1,2.0,1.0,0.01,0.5,400.0,5.977891732371204,4.61647760130055,8.165917785110612,6.516674830601902
316,864.0,0.1,2.0,1.0,0.01,0.9,400.0,9.116769400484886,7.9569457321433905,10.910177640205719,9.56786581468037
317,864.0,0.1,2.0,1.0,0.05,0.1,400.0,7.646781362652819,5.5848692707316125,9.81732422249645,7.775914170857406
318,864.0,0.1,2.0,1.0,0.05,0.5,400.0,6.961830450608776,5.157356844197531,8.741898883141191,6.679245350057607
319,864.0,0.1,2.0,1.0,0.05,0.9,400.0,5.268951286032032,4.181775537581457,8.386273872159618,6.631752013000548
320,864.0,0.1,2.0,2.0,0.0,0.1,400.0,6.525465059269899,4.497951785538951,8.380799303814323,5.837874679779213
321,864.0,0.1,2.0,2.0,0.0,0.5,400.0,5.945989960927592,4.448411273928633,8.28457760470544,6.281862339500373
322,864.0,0.1,2.0,2.0,0.01,0.1,400.0,6.796117577172364,4.801638042419327,8.706779509483825,6.564469167091219
323,864.0,0.1,2.0,2.0,0.01,0.5,400.0,5.7591450329593,4.238413744420699,7.158007591688555,5.319673851618385
324,864.0,0.1,2.0,2.0,0.01,0.9,400.0,10.03487102391913,8.662213691262728,13.000815622580067,11.373237766161628
325,864.0,0.1,2.0,2.0,0.05,0.1,400.0,6.876959856736356,4.631560162499651,8.833265342069389,6.227850187382501
326,864.0,0.1,2.0,2.0,0.05,0.5,400.0,6.064245075803032,4.242747636406255,7.554411714832297,5.6067418738912105
327,864.0,0.1,2.0,2.0,0.05,0.9,400.0,6.100279587906906,4.370886415163995,7.793373753858498,5.49877686734185
328,864.0,0.1,2.0,3.0,0.0,0.1,400.0,6.677152728792334,4.945973685284423,9.471750315651892,7.201674486626789
329,864.0,0.1,2.0,3.0,0.0,0.5,400.0,6.055598856790429,4.938875476827093,7.935585662595596,6.436901568444094
330,864.0,0.1,2.0,3.0,0.01,0.1,400.0,6.645835058845384,5.037487418497123,9.133603198474525,7.011224125909274
331,864.0,0.1,2.0,3.0,0.01,0.5,400.0,6.189239261519891,4.9634160892075805,7.7640392808774745,6.094222028593635
332,864.0,0.1,2.0,3.0,0.01,0.9,400.0,6.17008904215983,4.93140504446226,8.189162218377449,6.081849812181721
333,864.0,0.1,2.0,3.0,0.05,0.1,400.0,7.080543403829233,5.160771446043557,10.015848551894132,7.761017569396799
334,864.0,0.1,2.0,3.0,0.05,0.5,400.0,6.025274245212522,4.666061418953955,8.191758538689424,6.292927094360123
335,864.0,0.1,2.0,3.0,0.05,0.9,400.0,6.204455523447521,5.038592103260766,8.359157206292863,6.377102582252221
336,864.0,0.1,3.0,1.0,0.0,0.1,400.0,5.28339642221939,4.032552248085855,8.049942920295843,6.222104605700422
337,864.0,0.1,3.0,1.0,0.0,0.5,400.0,6.153433798610866,4.623933636010152,7.6170572688027285,5.9076931273006155
338,864.0,0.1,3.0,1.0,0.01,0.1,400.0,6.812363175951807,5.050903782895356,8.461976339806668,6.256616281780736
339,864.0,0.1,3.0,1.0,0.01,0.5,400.0,6.251282537279831,4.468895279606358,7.443265036186477,5.777807800344439
340,864.0,0.1,3.0,1.0,0.01,0.9,400.0,8.843115032286965,7.587186744168835,10.317660000674962,8.956177035835374
341,864.0,0.1,3.0,1.0,0.05,0.1,400.0,7.195189057247653,5.241860791647887,8.771922584816384,7.086289084432763
342,864.0,0.1,3.0,1.0,0.05,0.5,400.0,6.42252442520817,4.4695951046630515,7.378330974324033,6.008720975101896
343,864.0,0.1,3.0,1.0,0.05,0.9,400.0,5.859634921008434,4.435569703712749,7.743196942250503,6.014657673989805
344,864.0,0.1,3.0,2.0,0.0,0.1,400.0,6.3245643144697095,4.52711991183985,7.885184079814215,5.820632284327811
345,864.0,0.1,3.0,2.0,0.0,0.5,400.0,6.678491892595658,4.913473315764795,7.969542947925934,6.220872602299853
346,864.0,0.1,3.0,2.0,0.01,0.1,400.0,6.535434805681481,4.732214296106895,7.721718767266349,5.803971481191481
347,864.0,0.1,3.0,2.0,0.01,0.5,400.0,5.7530175441279425,4.407411421917038,8.246204098414978,6.0191876424286574
348,864.0,0.1,3.0,2.0,0.01,0.9,400.0,6.530333945166789,5.1372919522711165,7.162721056744282,5.399208402196658
349,864.0,0.1,3.0,2.0,0.05,0.1,400.0,6.502292056530773,4.432788647321657,8.081337820146471,6.30761982744808
350,864.0,0.1,3.0,2.0,0.05,0.5,400.0,5.933332695970828,4.259850091558542,8.760332476084397,6.377437226137095
351,864.0,0.1,3.0,2.0,0.05,0.9,400.0,6.034133967418293,4.453317568382359,7.7761452050740605,5.740546926405718
352,864.0,0.1,3.0,3.0,0.0,0.1,400.0,5.789396148242111,4.333377361063892,9.247472046920052,7.364396395244626
353,864.0,0.1,3.0,3.0,0.0,0.5,400.0,6.488112016509299,5.465224636951806,8.11059033338838,6.536271901049064
354,864.0,0.1,3.0,3.0,0.01,0.1,400.0,6.0678081981240135,4.823534543277119,7.985586455118904,6.605155170766677
355,864.0,0.1,3.0,3.0,0.01,0.5,400.0,5.948367388232645,5.031962441438108,8.603534772529471,6.879111347734555
356,864.0,0.1,3.0,3.0,0.01,0.9,400.0,10.087015821255392,8.370018210256728,12.492806797532126,10.77825440475126
357,864.0,0.1,3.0,3.0,0.05,0.1,400.0,5.916610820599813,4.613248096237143,8.370568884138045,6.756699414886125
358,864.0,0.1,3.0,3.0,0.05,0.5,400.0,6.153733389251644,5.026867015507801,7.360997082231043,6.085462769805401
359,864.0,0.1,3.0,3.0,0.05,0.9,400.0,6.286571777583987,5.193295484951803,7.750003913386001,5.813915330885724
360,865.0,0.1,1.0,1.0,0.0,0.1,400.0,10.051200987503343,7.540625566444873,9.002512108291263,6.395378147526287
361,865.0,0.1,1.0,1.0,0.0,0.5,400.0,8.656456998323453,6.900694485288909,7.690144704631109,5.539714896839306
362,865.0,0.1,1.0,1.0,0.01,0.1,400.0,10.113220938635461,7.600761255957235,9.04930954407035,6.43284589322854
363,865.0,0.1,1.0,1.0,0.01,0.5,400.0,8.664480606474646,6.6532390664578385,7.660152017994125,4.994132441813957
364,865.0,0.1,1.0,1.0,0.01,0.9,400.0,10.565065301978489,9.01117609139637,9.716025239092929,8.239610628342955
365,865.0,0.1,1.0,1.0,0.05,0.1,400.0,9.876968256684227,7.5577450326081825,8.899121812753304,6.416933541354355
366,865.0,0.1,1.0,1.0,0.05,0.5,400.0,9.562354810403654,7.0758278736534805,8.441174120707817,5.722523216529465
367,865.0,0.1,1.0,1.0,0.05,0.9,400.0,9.0744956296046,6.816676842967845,7.976108154431306,5.103973906533224
368,865.0,0.1,1.0,2.0,0.0,0.1,400.0,9.212526580504738,7.065903909480969,9.4043955110099,6.45283182489682
369,865.0,0.1,1.0,2.0,0.0,0.5,400.0,7.934186190987313,6.6546836123991975,7.457386412957478,5.251394320569877
370,865.0,0.1,1.0,2.0,0.01,0.1,400.0,9.16689921502325,6.892686468642504,8.996063238210354,6.13731746355287
371,865.0,0.1,1.0,2.0,0.01,0.5,400.0,7.916991365681261,6.445693228821936,7.719605462663653,4.968049147142253
372,865.0,0.1,1.0,2.0,0.01,0.9,400.0,8.174647451390802,6.480708969215965,7.7586075305876205,5.926589532382536
373,865.0,0.1,1.0,2.0,0.05,0.1,400.0,9.303672184954426,6.9678415933623565,9.14105399648857,6.283601864190252
374,865.0,0.1,1.0,2.0,0.05,0.5,400.0,8.436850966144998,6.678481549901525,8.268596733872757,5.3995958243033835
375,865.0,0.1,1.0,2.0,0.05,0.9,400.0,8.1331731426779,6.674185768724536,7.857953916968842,5.108437558881433
376,865.0,0.1,1.0,3.0,0.0,0.1,400.0,8.856766331809547,6.6987349877705356,8.973607894129307,5.766887197287307
377,865.0,0.1,1.0,3.0,0.0,0.5,400.0,7.936219441159363,6.584853611333377,7.810753170171447,5.719035804781
378,865.0,0.1,1.0,3.0,0.01,0.1,400.0,8.967122417669668,6.803232317127969,9.045081004662173,5.942549984333049
379,865.0,0.1,1.0,3.0,0.01,0.5,400.0,7.9311674947185065,6.519125041640559,7.958118585134933,5.48236542324079
380,865.0,0.1,1.0,3.0,0.01,0.9,400.0,8.011309088221406,6.826575216911607,7.892596652613664,5.978713542679165
381,865.0,0.1,1.0,3.0,0.05,0.1,400.0,9.084026074128712,6.904240454084829,9.239911261482382,6.048666707917812
382,865.0,0.1,1.0,3.0,0.05,0.5,400.0,8.159223652212091,6.1776865032317625,8.26967922037289,5.250483728272895
383,865.0,0.1,1.0,3.0,0.05,0.9,400.0,8.25670308994439,6.327388297630594,8.066279123496045,5.21319977651601
384,865.0,0.1,2.0,1.0,0.0,0.1,400.0,8.770260345718278,6.634383699296993,8.060207566720898,5.081557132777428
385,865.0,0.1,2.0,1.0,0.0,0.5,400.0,7.349076854424891,5.573156803110817,6.7783303501767564,5.141527483115457
386,865.0,0.1,2.0,1.0,0.01,0.1,400.0,8.794936037317996,6.678815177831222,8.065352274104063,5.131926625665172
387,865.0,0.1,2.0,1.0,0.01,0.5,400.0,8.191471461446369,6.6848187615510115,7.5135702423328095,5.581806549441469
388,865.0,0.1,2.0,1.0,0.01,0.9,400.0,10.397435479053403,9.082722496467687,9.681060391129916,8.413641989223532
389,865.0,0.1,2.0,1.0,0.05,0.1,400.0,9.70302415406776,7.326114433599797,8.59283958477357,6.004927566082459
390,865.0,0.1,2.0,1.0,0.05,0.5,400.0,8.832166759386599,6.697467872705752,8.012887604265572,5.084381464930226
391,865.0,0.1,2.0,1.0,0.05,0.9,400.0,8.533959323330873,6.524062836490504,7.600180226829146,5.004574354687533
392,865.0,0.1,2.0,2.0,0.0,0.1,400.0,7.839455659480641,6.134351299406588,7.604746110262442,5.114743052376152
393,865.0,0.1,2.0,2.0,0.0,0.5,400.0,7.7809060269176715,6.390288537748581,7.326543299353909,5.35108425514431
394,865.0,0.1,2.0,2.0,0.01,0.1,400.0,8.922064629266094,6.656141731157741,8.481253460983606,5.585767079350782
395,865.0,0.1,2.0,2.0,0.01,0.5,400.0,7.798247908180303,6.29406003075808,7.368424427540261,4.919843545312507
396,865.0,0.1,2.0,2.0,0.01,0.9,400.0,8.276846659656577,6.685902384853448,7.6257432691833245,6.002050851436161
397,865.0,0.1,2.0,2.0,0.05,0.1,400.0,8.011050115131802,6.1818466520898845,7.8398029745436055,5.147166524799874
398,865.0,0.1,2.0,2.0,0.05,0.5,400.0,8.216547078674646,6.6064306488451905,7.985736922483402,4.99455473323067
399,865.0,0.1,2.0,2.0,0.05,0.9,400.0,7.871630703948739,6.413649581635777,7.699490216683322,5.0046715006902565
400,865.0,0.1,2.0,3.0,0.0,0.1,400.0,7.961817972145407,6.237147814233656,7.900162454652203,5.2801016402497165
401,865.0,0.1,2.0,3.0,0.0,0.5,400.0,7.568470349580003,6.339744405285347,7.620644296339576,5.575383149219577
402,865.0,0.1,2.0,3.0,0.01,0.1,400.0,8.94247519699499,6.843832601414198,8.603958162069477,5.2561079691569
403,865.0,0.1,2.0,3.0,0.01,0.5,400.0,7.531376108723018,6.1450665364513135,7.449447978896447,5.293030809075678
404,865.0,0.1,2.0,3.0,0.01,0.9,400.0,7.617039737697536,6.563736278160976,7.633342810037906,5.897873299171205
405,865.0,0.1,2.0,3.0,0.05,0.1,400.0,9.361112356072468,7.051983575195264,9.106993514716965,5.972279856364138
406,865.0,0.1,2.0,3.0,0.05,0.5,400.0,7.842865501376901,6.130616603869021,7.97246286610963,5.153077100914058
407,865.0,0.1,2.0,3.0,0.05,0.9,400.0,7.664189835329726,6.034686510094748,7.825529376019562,5.043566779141575
408,865.0,0.1,3.0,1.0,0.0,0.1,400.0,8.658465977338665,6.5945883146985445,7.984038969328607,5.053600110636097
409,865.0,0.1,3.0,1.0,0.0,0.5,400.0,7.801405349951161,6.064783378704684,8.070038140703064,5.507876578867153
410,865.0,0.1,3.0,1.0,0.01,0.1,400.0,7.829122361695294,6.302351101418603,7.665216018447355,5.909757087342172
411,865.0,0.1,3.0,1.0,0.01,0.5,400.0,7.892089101730776,6.412389424902074,7.929259170215003,6.1653709990255114
412,865.0,0.1,3.0,1.0,0.01,0.9,400.0,9.920049336177664,8.42900613448043,9.219329594044993,7.793970871709758
413,865.0,0.1,3.0,1.0,0.05,0.1,400.0,8.930794928776436,6.837670196408675,8.115104058046423,5.032691724713904
414,865.0,0.1,3.0,1.0,0.05,0.5,400.0,7.817508693448305,6.140552524412249,7.500350937630215,5.638168013350917
415,865.0,0.1,3.0,1.0,0.05,0.9,400.0,7.772885878793547,6.1789571654152,7.5211707468370905,5.83264040011414
416,865.0,0.1,3.0,2.0,0.0,0.1,400.0,7.700126906891111,6.213482833529003,7.658044087445463,5.501601989622123
417,865.0,0.1,3.0,2.0,0.0,0.5,400.0,7.903461768517335,6.569677073964402,7.384403192441805,5.361358745450832
418,865.0,0.1,3.0,2.0,0.01,0.1,400.0,7.753333606386731,6.183634541603263,7.72964355691197,5.168004322382351
419,865.0,0.1,3.0,2.0,0.01,0.5,400.0,7.5887794919292055,6.1720954436017355,7.5143311524679355,5.359431397674513
420,865.0,0.1,3.0,2.0,0.01,0.9,400.0,8.67524207954818,7.468301665684279,7.779391793499913,6.292305981148639
421,865.0,0.1,3.0,2.0,0.05,0.1,400.0,7.878717865309748,6.173988343477783,7.754950844316227,5.214613061962322
422,865.0,0.1,3.0,2.0,0.05,0.5,400.0,7.666584354066193,6.156059107435474,7.583665469856671,5.204184970481026
423,865.0,0.1,3.0,2.0,0.05,0.9,400.0,7.715211665220741,6.1459535559531675,7.629685442641317,5.587870773335561
424,865.0,0.1,3.0,3.0,0.0,0.1,400.0,7.59400688528732,6.011604264933905,7.738045551184676,5.3398085387507175
425,865.0,0.1,3.0,3.0,0.0,0.5,400.0,7.576915676399264,6.2171002326749205,7.458111724244214,5.490086117426693
426,865.0,0.1,3.0,3.0,0.01,0.1,400.0,7.989496847769378,6.155845272484551,7.852193902278718,5.442597436183522
427,865.0,0.1,3.0,3.0,0.01,0.5,400.0,7.551572802471961,6.100101387159816,7.4248099823177185,5.259727686554338
428,865.0,0.1,3.0,3.0,0.01,0.9,400.0,7.575627253780588,6.242044344078726,7.7111868885067665,6.0708194609488375
429,865.0,0.1,3.0,3.0,0.05,0.1,400.0,7.724849834453431,5.9505216026580205,7.878008949690444,5.360497563093657
430,865.0,0.1,3.0,3.0,0.05,0.5,400.0,7.648146690374552,6.083015059615227,7.637317084879539,5.395529798208509
431,865.0,0.1,3.0,3.0,0.05,0.9,400.0,7.787308144431284,6.298110700424741,7.740457245466252,5.461766545437281
432,866.0,0.1,1.0,1.0,0.0,0.1,400.0,13.84663631751076,8.492837033013195,11.523119658228364,8.024687526501507
433,866.0,0.1,1.0,1.0,0.0,0.5,400.0,13.635848985307316,8.40380966434527,10.60649495898199,7.85517422729952
434,866.0,0.1,1.0,1.0,0.01,0.1,400.0,13.908294835632772,8.595161876481958,11.622789593596965,8.08404077541689
435,866.0,0.1,1.0,1.0,0.01,0.5,400.0,13.557390323253312,8.367236205256967,10.526897467914596,7.616159334111688
436,866.0,0.1,1.0,1.0,0.01,0.9,400.0,13.71588809652277,8.73285135382814,10.665187785766385,8.129028833641293
437,866.0,0.1,1.0,1.0,0.05,0.1,400.0,14.021054812344321,8.639498839736776,11.72731093599172,7.97117903221478
438,866.0,0.1,1.0,1.0,0.05,0.5,400.0,13.603473778921648,8.295989419346206,11.382714040545368,8.134558640289532
439,866.0,0.1,1.0,1.0,0.05,0.9,400.0,13.75350525253644,8.362515523036837,11.29472812474388,8.032527572349263
440,866.0,0.1,1.0,2.0,0.0,0.1,400.0,13.904717026661906,7.907797247156366,9.90195120555747,6.80469400735445
441,866.0,0.1,1.0,2.0,0.0,0.5,400.0,13.191803790554498,7.582791159452654,9.234988076735515,7.180737765510598
442,866.0,0.1,1.0,2.0,0.01,0.1,400.0,13.924989021355177,7.948026760296739,10.129411351963363,6.876025917071351
443,866.0,0.1,1.0,2.0,0.01,0.5,400.0,13.418533717612721,7.543884860627495,9.674274285325604,7.161644958893692
444,866.0,0.1,1.0,2.0,0.01,0.9,400.0,13.112523812283515,7.963820054522208,9.244545036985128,7.7380759656720155
445,866.0,0.1,1.0,2.0,0.05,0.1,400.0,13.906531706506803,7.899250172769622,10.153331106186641,6.849472580324286
446,866.0,0.1,1.0,2.0,0.05,0.5,400.0,13.455046855817923,7.6068759959383465,9.637977645037987,6.633450170705908
447,866.0,0.1,1.0,2.0,0.05,0.9,400.0,13.535912019933388,7.588742862565707,9.310644591861509,6.733631399534359
448,866.0,0.1,1.0,3.0,0.0,0.1,400.0,13.073158907868706,7.456314418786797,9.521155506108359,6.4346187681447695
449,866.0,0.1,1.0,3.0,0.0,0.5,400.0,12.61246515558211,7.096739320489236,8.814305138958943,6.3146114207301105
450,866.0,0.1,1.0,3.0,0.01,0.1,400.0,13.057414233549624,7.3295362513469575,9.589018667330551,6.276404990840236
451,866.0,0.1,1.0,3.0,0.01,0.5,400.0,12.901018168801592,7.200842881421963,9.526130240040706,6.619256673260161
452,866.0,0.1,1.0,3.0,0.01,0.9,400.0,12.649515219595434,7.2088005254772884,8.879429790121339,6.520272058099905
453,866.0,0.1,1.0,3.0,0.05,0.1,400.0,13.536894284492933,7.521004692423986,9.892399282433203,6.473429042304131
454,866.0,0.1,1.0,3.0,0.05,0.5,400.0,13.066122449802142,7.257896722852745,9.142981045417502,6.263292981386944
455,866.0,0.1,1.0,3.0,0.05,0.9,400.0,13.003856204220604,7.301117814389552,8.816676114044984,5.935074572832579
456,866.0,0.1,2.0,1.0,0.0,0.1,400.0,13.933445248902812,8.632193619350256,11.451102554700373,7.801506874629126
457,866.0,0.1,2.0,1.0,0.0,0.5,400.0,13.52030608175299,8.468825903285977,10.739342173292483,8.09356715732177
458,866.0,0.1,2.0,1.0,0.01,0.1,400.0,13.932627122514404,8.689850703622032,11.432304854531404,7.895058743463239
459,866.0,0.1,2.0,1.0,0.01,0.5,400.0,13.539484878808688,8.45371299520136,10.75307059041255,8.07299184540333
460,866.0,0.1,2.0,1.0,0.01,0.9,400.0,13.328113973445816,8.722323998978784,10.621238411981759,8.795323197918458
461,866.0,0.1,2.0,1.0,0.05,0.1,400.0,14.077640269279332,8.738071951929147,11.830669869441248,8.011873582714326
462,866.0,0.1,2.0,1.0,0.05,0.5,400.0,13.501938576949723,8.452690824674052,10.598993988272204,7.948870687994974
463,866.0,0.1,2.0,1.0,0.05,0.9,400.0,13.461716126300255,8.439983189115281,10.723581567170736,8.125820240425382
464,866.0,0.1,2.0,2.0,0.0,0.1,400.0,13.45201035555008,7.655035226583471,9.088863892014485,6.300937479177782
465,866.0,0.1,2.0,2.0,0.0,0.5,400.0,13.127771563409757,7.724430755205233,9.267337789183152,7.150548744539992
466,866.0,0.1,2.0,2.0,0.01,0.1,400.0,13.674651955882512,7.921546241325676,9.829229090274923,6.728578713519493
467,866.0,0.1,2.0,2.0,0.01,0.5,400.0,13.436579406253703,7.688813779630234,9.466387831124873,7.091448356040512
468,866.0,0.1,2.0,2.0,0.01,0.9,400.0,12.622984989920592,8.011201509002595,9.590106256073904,7.951204911752582
469,866.0,0.1,2.0,2.0,0.05,0.1,400.0,13.498447503885675,7.650899716731911,9.446412426691367,6.40916397812394
470,866.0,0.1,2.0,2.0,0.05,0.5,400.0,13.580763609250228,7.701844136540316,9.481822353565708,6.699005313556214
471,866.0,0.1,2.0,2.0,0.05,0.9,400.0,13.549549280708687,7.9853728946347955,9.598136594575159,7.082249634632356
472,866.0,0.1,2.0,3.0,0.0,0.1,400.0,13.190942239818364,7.44655264353408,9.475958339474909,6.416435747663649
473,866.0,0.1,2.0,3.0,0.0,0.5,400.0,12.638103110696518,7.329007372864993,8.506112141484289,6.10797980664762
474,866.0,0.1,2.0,3.0,0.01,0.1,400.0,13.13232081572932,7.704391773194975,9.915169365712574,6.964385691161409
475,866.0,0.1,2.0,3.0,0.01,0.5,400.0,12.491213722447586,7.1314325623076575,8.582639390231922,6.036475604855055
476,866.0,0.1,2.0,3.0,0.01,0.9,400.0,12.42950793079164,7.187216644604917,8.020737431682623,5.9090321599621785
477,866.0,0.1,2.0,3.0,0.05,0.1,400.0,12.511759097161962,7.161692648886776,8.930620875780209,6.008999908070119
478,866.0,0.1,2.0,3.0,0.05,0.5,400.0,12.62268439337918,7.076190057922727,8.637202716064614,5.966045205137686
479,866.0,0.1,2.0,3.0,0.05,0.9,400.0,12.657412742055415,7.106216774809868,8.845104188212979,6.214079923028458
480,866.0,0.1,3.0,1.0,0.0,0.1,400.0,13.381227624468202,8.510587559517866,9.979216566657875,7.546150582478913
481,866.0,0.1,3.0,1.0,0.0,0.5,400.0,13.193254745210181,8.083721603972522,10.650842486694172,7.988941404085129
482,866.0,0.1,3.0,1.0,0.01,0.1,400.0,13.74049058364463,8.473566768630903,11.306133439611413,7.792360051319521
483,866.0,0.1,3.0,1.0,0.01,0.5,400.0,13.198127701050996,8.091822734661642,10.22230250250076,7.637542515020589
484,866.0,0.1,3.0,1.0,0.01,0.9,400.0,13.001566858804164,8.043722983666392,10.268535483172196,8.01610976437934
485,866.0,0.1,3.0,1.0,0.05,0.1,400.0,13.870946118746064,8.584234740379532,11.441126947820452,7.846179375558491
486,866.0,0.1,3.0,1.0,0.05,0.5,400.0,13.473014714425307,8.26219370809945,10.817950549386946,7.680208670834506
487,866.0,0.1,3.0,1.0,0.05,0.9,400.0,12.969631230931912,8.340379290202565,10.03615316071081,8.010936447690073
488,866.0,0.1,3.0,2.0,0.0,0.1,400.0,13.47294687339511,7.70628031418221,8.98863293476373,6.381371648875253
489,866.0,0.1,3.0,2.0,0.0,0.5,400.0,12.83312936907484,7.486846244280845,9.346539455978757,7.0657154594931155
490,866.0,0.1,3.0,2.0,0.01,0.1,400.0,13.283539474345103,7.538343410437404,9.206718632959731,6.437521451486457
491,866.0,0.1,3.0,2.0,0.01,0.5,400.0,13.112562794965115,7.4275145787278225,9.020775119407817,6.681512138709867
492,866.0,0.1,3.0,2.0,0.01,0.9,400.0,12.463694665760382,8.00300243438516,9.868668480899162,7.72230400192816
493,866.0,0.1,3.0,2.0,0.05,0.1,400.0,13.301127537253326,7.549460034370012,9.059199983898734,6.207676780939975
494,866.0,0.1,3.0,2.0,0.05,0.5,400.0,13.480722441345808,7.556781447473615,9.17017178915885,6.435644336159027
495,866.0,0.1,3.0,2.0,0.05,0.9,400.0,13.052860922844339,7.534279636478621,9.188591953467075,6.782654902012742
496,866.0,0.1,3.0,3.0,0.0,0.1,400.0,12.808792875943354,7.124180742539377,8.819960986552958,6.097089598908559
497,866.0,0.1,3.0,3.0,0.0,0.5,400.0,12.62217811890197,7.40445857552844,8.442413148008933,6.161428812497966
498,866.0,0.1,3.0,3.0,0.01,0.1,400.0,12.427599319919972,6.8254488991585225,8.267548945043341,5.658696446669652
499,866.0,0.1,3.0,3.0,0.01,0.5,400.0,12.44152511450528,7.0917172592560425,8.24853065483633,5.771533834748087
500,866.0,0.1,3.0,3.0,0.01,0.9,400.0,12.47865378374375,7.029367345769387,8.410648075045824,6.522521457182811
501,866.0,0.1,3.0,3.0,0.05,0.1,400.0,11.888296669182871,6.987095066445602,8.756586651115063,6.072223641095255
502,866.0,0.1,3.0,3.0,0.05,0.5,400.0,12.819250262087454,7.3877103681354,9.336862648004052,6.802321480747172
503,866.0,0.1,3.0,3.0,0.05,0.9,400.0,13.308188292460311,7.531236221766294,9.085924545424593,6.853276337016103
504,867.0,0.1,1.0,1.0,0.0,0.1,400.0,12.680607427976412,9.555160533406989,12.916552003080556,9.639860220067847
505,867.0,0.1,1.0,1.0,0.0,0.5,400.0,10.182216652795377,7.033773887883003,8.596208690850034,5.650108450815652
506,867.0,0.1,1.0,1.0,0.01,0.1,400.0,12.795865955691458,8.678280086775377,12.840542801481172,9.393003789713061
507,867.0,0.1,1.0,1.0,0.01,0.5,400.0,10.136354910003163,6.555110705541661,8.591318694142123,5.639505878201456
508,867.0,0.1,1.0,1.0,0.01,0.9,400.0,11.778972213309567,10.208517560767003,11.495299448298834,9.551103225086823
509,867.0,0.1,1.0,1.0,0.05,0.1,400.0,12.824334440611404,8.963169966247095,13.100148901894054,9.639832218622537
510,867.0,0.1,1.0,1.0,0.05,0.5,400.0,12.053724824875628,8.221589566080516,11.768303839445355,8.300148886371725
511,867.0,0.1,1.0,1.0,0.05,0.9,400.0,11.098588139673861,7.491936114354072,10.527210345847553,6.900860542257428
512,867.0,0.1,1.0,2.0,0.0,0.1,400.0,11.70976784430332,7.894963847265891,10.52600489374143,7.275667573503456
513,867.0,0.1,1.0,2.0,0.0,0.5,400.0,10.081072911668542,6.761479856065841,8.464446468841459,6.113601307431767
514,867.0,0.1,1.0,2.0,0.01,0.1,400.0,11.783075813379302,8.031527837021647,10.404732123507397,7.522799240001522
515,867.0,0.1,1.0,2.0,0.01,0.5,400.0,9.584857034763495,6.398295557979063,8.038025603276896,6.0693701138047675
516,867.0,0.1,1.0,2.0,0.01,0.9,400.0,9.836826105494074,7.07327745932513,8.569279324620604,6.238556965125432
517,867.0,0.1,1.0,2.0,0.05,0.1,400.0,11.848884831161831,8.125708645487846,10.456397817849764,7.302162802485853
518,867.0,0.1,1.0,2.0,0.05,0.5,400.0,10.753069430688061,7.353416408412188,9.863929360651529,6.706306078857313
519,867.0,0.1,1.0,2.0,0.05,0.9,400.0,10.455047560847666,7.1782535051769445,8.842062343562661,6.385509157026706
520,867.0,0.1,1.0,3.0,0.0,0.1,400.0,9.721664118809354,6.78921248385985,7.277243878532534,5.430716767446691
521,867.0,0.1,1.0,3.0,0.0,0.5,400.0,10.37366181530302,7.0782002793379535,7.338561428587966,5.4852388066260565
522,867.0,0.1,1.0,3.0,0.01,0.1,400.0,11.429739743272567,7.5699854387614804,9.399871824228516,6.665694345461216
523,867.0,0.1,1.0,3.0,0.01,0.5,400.0,10.030641534906929,6.875177637981914,7.510601311775015,5.413833663428386
524,867.0,0.1,1.0,3.0,0.01,0.9,400.0,10.038247466390489,7.155663839252374,7.976356924659817,6.317855394865504
525,867.0,0.1,1.0,3.0,0.05,0.1,400.0,11.176353610478552,7.773166561254611,9.480303786594563,6.684492042434727
526,867.0,0.1,1.0,3.0,0.05,0.5,400.0,9.645901084272262,6.893638692804083,7.610733299759936,5.4186496568181095
527,867.0,0.1,1.0,3.0,0.05,0.9,400.0,10.640083471352561,6.9757371266225885,8.58742627829571,6.032222644140243
528,867.0,0.1,2.0,1.0,0.0,0.1,400.0,10.275266581556417,6.654912919388818,8.825435354193939,5.8888569886076985
529,867.0,0.1,2.0,1.0,0.0,0.5,400.0,10.375830235411982,7.21635880345342,8.935752549485567,5.902128030973812
530,867.0,0.1,2.0,1.0,0.01,0.1,400.0,9.846499711445338,6.697741146074096,8.787967772581805,5.901488358769268
531,867.0,0.1,2.0,1.0,0.01,0.5,400.0,10.508399147109875,7.234462859055742,9.63461907467341,6.266073155286218
532,867.0,0.1,2.0,1.0,0.01,0.9,400.0,11.197589104930628,9.955040289826824,10.549152508857759,8.690919196291519
533,867.0,0.1,2.0,1.0,0.05,0.1,400.0,13.073906256255707,9.307794007894442,13.398384828437292,10.008845295000144
534,867.0,0.1,2.0,1.0,0.05,0.5,400.0,10.067019217073783,6.474659096202838,8.908050473687931,5.933368138268891
535,867.0,0.1,2.0,1.0,0.05,0.9,400.0,10.59617734109569,7.272149206091877,10.031974530416921,6.704929626469056
536,867.0,0.1,2.0,2.0,0.0,0.1,400.0,11.120636656397197,7.28889575060468,9.280796257355483,6.66111780423753
537,867.0,0.1,2.0,2.0,0.0,0.5,400.0,9.306056311865667,6.468412379283479,8.048129603566302,5.958239104258661
538,867.0,0.1,2.0,2.0,0.01,0.1,400.0,11.029450678062114,7.445549183027636,9.892101130607069,6.958701601325298
539,867.0,0.1,2.0,2.0,0.01,0.5,400.0,10.412553214066882,6.9405687706261885,8.641380675261122,6.266629848609696
540,867.0,0.1,2.0,2.0,0.01,0.9,400.0,9.588487951861786,6.548781475384034,7.788679435086775,5.695919999426535
541,867.0,0.1,2.0,2.0,0.05,0.1,400.0,10.499827490714763,6.973783871733572,8.529403712388442,6.482443593997194
542,867.0,0.1,2.0,2.0,0.05,0.5,400.0,10.67759266903001,6.855674855122625,9.614571730383977,6.629371855527984
543,867.0,0.1,2.0,2.0,0.05,0.9,400.0,10.519988306281428,6.976218609219307,8.813517206197426,6.292099665183389
544,867.0,0.1,2.0,3.0,0.0,0.1,400.0,10.407101326030993,7.307689021885443,7.933242686256725,5.7436109105006246
545,867.0,0.1,2.0,3.0,0.0,0.5,400.0,10.012420273463018,6.698573152319086,7.611210038577043,5.772218943314408
546,867.0,0.1,2.0,3.0,0.01,0.1,400.0,9.516759561306518,6.9394753830832565,7.207499034649653,5.465110091967676
547,867.0,0.1,2.0,3.0,0.01,0.5,400.0,10.256492663596033,6.635630023590318,8.241689171452938,6.061380891955929
548,867.0,0.1,2.0,3.0,0.01,0.9,400.0,9.69108061815202,6.70588335445636,8.061632581233836,6.123611950939489
549,867.0,0.1,2.0,3.0,0.05,0.1,400.0,10.671868440392618,7.370071033217541,8.603964672930129,6.147523164864222
550,867.0,0.1,2.0,3.0,0.05,0.5,400.0,11.052778728315939,7.390766282234792,8.712651622742982,6.281699723629562
551,867.0,0.1,2.0,3.0,0.05,0.9,400.0,9.74390360516268,6.744890786925311,7.7482277323245174,5.454247016646562
552,867.0,0.1,3.0,1.0,0.0,0.1,400.0,9.79044944799226,6.609302412753235,8.917633808694335,5.95548378682746
553,867.0,0.1,3.0,1.0,0.0,0.5,400.0,9.714138448580645,6.631668153899576,8.250907468084755,5.71170779521888
554,867.0,0.1,3.0,1.0,0.01,0.1,400.0,9.197928521613516,6.484742828116075,8.493797406633592,5.7358016765677355
555,867.0,0.1,3.0,1.0,0.01,0.5,400.0,10.175913082604117,6.838777939813452,8.825628386637378,5.845270564073455
556,867.0,0.1,3.0,1.0,0.01,0.9,400.0,10.050241588646811,7.648151354381299,8.433517643814161,5.936804359908624
557,867.0,0.1,3.0,1.0,0.05,0.1,400.0,10.406923860150556,6.720415694505209,9.184181805106757,6.116054972932348
558,867.0,0.1,3.0,1.0,0.05,0.5,400.0,10.09906057484689,6.473550245427514,8.883867616505189,5.857272628523545
559,867.0,0.1,3.0,1.0,0.05,0.9,400.0,10.737845421022627,7.384698307333295,9.295342800922281,6.225350020845131
560,867.0,0.1,3.0,2.0,0.0,0.1,400.0,10.308446725943753,6.831044886802518,9.563668959280175,6.467598117070708
561,867.0,0.1,3.0,2.0,0.0,0.5,400.0,8.841894925075577,5.9318934976230695,9.48876343478555,6.672875711797272
562,867.0,0.1,3.0,2.0,0.01,0.1,400.0,10.75209239001304,7.18508275542842,9.16414046166104,6.389031426176718
563,867.0,0.1,3.0,2.0,0.01,0.5,400.0,10.41601709631021,7.061905144580533,8.46222986843823,6.109279885734844
564,867.0,0.1,3.0,2.0,0.01,0.9,400.0,9.34808741735058,7.159407463941574,8.610343837583356,6.386847605614999
565,867.0,0.1,3.0,2.0,0.05,0.1,400.0,10.223310294742634,6.886968314945823,9.323149087663667,6.42175894410054
566,867.0,0.1,3.0,2.0,0.05,0.5,400.0,9.669381917068579,6.293365839340325,7.845138893986511,6.081819290281801
567,867.0,0.1,3.0,2.0,0.05,0.9,400.0,9.59374260657847,6.530583210850343,8.225558462857679,6.250597558238308
568,867.0,0.1,3.0,3.0,0.0,0.1,400.0,9.541511895430876,6.773239347108774,7.439040438099555,5.416481416277092
569,867.0,0.1,3.0,3.0,0.0,0.5,400.0,8.998441735746892,6.390334744935089,8.245922237878018,5.880866157316841
570,867.0,0.1,3.0,3.0,0.01,0.1,400.0,9.342211553845777,6.481814287938348,7.590086734832341,5.674001964695162
571,867.0,0.1,3.0,3.0,0.01,0.5,400.0,8.705699590174323,6.1529197556354545,7.20181926521587,5.265030865611054
572,867.0,0.1,3.0,3.0,0.01,0.9,400.0,10.674887750965867,7.445326297722404,8.134175780449196,6.272435741571201
573,867.0,0.1,3.0,3.0,0.05,0.1,400.0,10.41749376986531,7.213629049891311,8.840612524180134,6.5286457532308235
574,867.0,0.1,3.0,3.0,0.05,0.5,400.0,10.2705509704249,6.973589471759211,7.931564591117543,5.904939380088192
575,867.0,0.1,3.0,3.0,0.05,0.9,400.0,9.890820228360306,6.587115207254974,7.931287140909641,5.580073026373924
576,868.0,0.1,1.0,1.0,0.0,0.1,400.0,9.240071133405774,6.435609396350486,9.99078235184829,5.8799838880596464
577,868.0,0.1,1.0,1.0,0.0,0.5,400.0,9.034128970465735,7.025523869030483,9.102365895824398,6.406091365720825
578,868.0,0.1,1.0,1.0,0.01,0.1,400.0,9.223661565639787,6.359839344571295,10.038664753611533,5.933782858382737
579,868.0,0.1,1.0,1.0,0.01,0.5,400.0,8.952054818612101,6.769287706479914,9.08934823123206,6.03230009976858
580,868.0,0.1,1.0,1.0,0.01,0.9,400.0,10.136208589216588,8.961652967698603,10.602381644766103,8.415843874998963
581,868.0,0.1,1.0,1.0,0.05,0.1,400.0,9.177252008397753,5.984044386642666,10.496711939040802,6.38164407817954
582,868.0,0.1,1.0,1.0,0.05,0.5,400.0,9.025871886920532,6.190499910568362,9.807270720712163,5.766849036152907
583,868.0,0.1,1.0,1.0,0.05,0.9,400.0,8.730387473217004,6.370474105335954,9.101011260116563,5.837664203967088
584,868.0,0.1,1.0,2.0,0.0,0.1,400.0,8.704474662760463,5.58646330450498,9.319298590421216,6.017365858762523
585,868.0,0.1,1.0,2.0,0.0,0.5,400.0,8.921591953672685,7.110806817108954,8.491906626473407,6.2998290567871145
586,868.0,0.1,1.0,2.0,0.01,0.1,400.0,8.673017967039982,5.663588235392142,9.393349410038605,6.113094354552039
587,868.0,0.1,1.0,2.0,0.01,0.5,400.0,8.6373926685324,6.683523133804152,8.254353542427172,5.831873087290044
588,868.0,0.1,1.0,2.0,0.01,0.9,400.0,8.908515030280418,6.969171887593026,7.918803902129534,6.244225693366128
589,868.0,0.1,1.0,2.0,0.05,0.1,400.0,9.369082543296898,6.0105778419047144,9.131274204582494,5.593452546312714
590,868.0,0.1,1.0,2.0,0.05,0.5,400.0,8.629285381288508,6.104077516930771,8.649783853675181,5.46955890367096
591,868.0,0.1,1.0,2.0,0.05,0.9,400.0,8.51735554955324,6.335258312338767,8.377583665657419,5.821612605444956
592,868.0,0.1,1.0,3.0,0.0,0.1,400.0,7.867313459914776,5.308587747550443,8.213390557337144,5.592233586914387
593,868.0,0.1,1.0,3.0,0.0,0.5,400.0,8.053233797538173,6.375893683447937,7.9322413151262285,5.799718926397637
594,868.0,0.1,1.0,3.0,0.01,0.1,400.0,8.22098877814463,5.46309575838364,8.404364349229864,5.627925305190799
595,868.0,0.1,1.0,3.0,0.01,0.5,400.0,8.089528305963183,6.077628532533925,8.132080280702837,5.603080944583586
596,868.0,0.1,1.0,3.0,0.01,0.9,400.0,8.1851081706898,6.50195063036705,8.427637584564517,6.067628882850218
597,868.0,0.1,1.0,3.0,0.05,0.1,400.0,8.244237084044007,5.368825933348085,9.17700594189538,6.332987418974901
598,868.0,0.1,1.0,3.0,0.05,0.5,400.0,8.079516093336121,5.4304595874309936,8.052626718963257,5.38565531396232
599,868.0,0.1,1.0,3.0,0.05,0.9,400.0,8.247615931783997,5.876244055259304,7.848412211086124,5.433966347323624
600,868.0,0.1,2.0,1.0,0.0,0.1,400.0,8.88088508611386,6.608819449293391,9.143487485278053,6.015882915777835
601,868.0,0.1,2.0,1.0,0.0,0.5,400.0,9.14095187788281,7.226835453923617,9.310309008783713,6.572351169320624
602,868.0,0.1,2.0,1.0,0.01,0.1,400.0,8.810040513615846,6.545920214877137,9.347386692150627,6.016478389994064
603,868.0,0.1,2.0,1.0,0.01,0.5,400.0,9.277753382494717,7.358621420010888,9.043484941140733,6.217231195535954
604,868.0,0.1,2.0,1.0,0.01,0.9,400.0,10.251647134597151,9.194079586945715,10.514881504041023,8.584840466422953
605,868.0,0.1,2.0,1.0,0.05,0.1,400.0,8.79959926434463,6.488012230812436,8.963332708009174,5.951649343950543
606,868.0,0.1,2.0,1.0,0.05,0.5,400.0,8.914796994193269,6.858833386095411,9.010797539356275,6.019845829456546
607,868.0,0.1,2.0,1.0,0.05,0.9,400.0,9.078845295899955,7.223903708577788,9.711508407667726,6.939389374278704
608,868.0,0.1,2.0,2.0,0.0,0.1,400.0,8.616097044633543,6.051141310317957,8.555462273679938,5.492865728738155
609,868.0,0.1,2.0,2.0,0.0,0.5,400.0,8.774238544909705,7.035539956606977,8.138021614690881,6.17923161798126
610,868.0,0.1,2.0,2.0,0.01,0.1,400.0,8.310344877819178,5.74384433674145,8.265376048669637,5.358625852156247
611,868.0,0.1,2.0,2.0,0.01,0.5,400.0,8.574698639389545,6.776538247852523,8.650255468968664,6.313798958673934
612,868.0,0.1,2.0,2.0,0.01,0.9,400.0,9.406533577010217,6.831483899955667,7.061340353506109,5.499219714096364
613,868.0,0.1,2.0,2.0,0.05,0.1,400.0,8.264194751218605,5.862578690307413,8.738923308675394,5.78233066896802
614,868.0,0.1,2.0,2.0,0.05,0.5,400.0,8.567482836260561,6.161068671086509,8.028327814950664,5.4345190540724575
615,868.0,0.1,2.0,2.0,0.05,0.9,400.0,8.47067790560899,6.139708321192234,7.792075061854455,5.455995428839369
616,868.0,0.1,2.0,3.0,0.0,0.1,400.0,7.780058402085854,5.288054107499939,8.396917581110404,5.546071621462428
617,868.0,0.1,2.0,3.0,0.0,0.5,400.0,8.26718349270115,6.553696001804742,8.015271994068069,5.7677249146309055
618,868.0,0.1,2.0,3.0,0.01,0.1,400.0,7.845077265283999,5.429641031054969,8.60846980662896,5.662177123048097
619,868.0,0.1,2.0,3.0,0.01,0.5,400.0,8.308269330945063,6.168569551166487,7.696485434430182,5.373034600332138
620,868.0,0.1,2.0,3.0,0.01,0.9,400.0,8.25650252304818,6.632230841465988,8.452219844464187,6.171206537035891
621,868.0,0.1,2.0,3.0,0.05,0.1,400.0,7.5556068938302285,5.157273372358805,8.381566120599937,5.551215730149344
622,868.0,0.1,2.0,3.0,0.05,0.5,400.0,7.8483142133993375,5.6480999253267035,8.381024493202197,5.6510927911357305
623,868.0,0.1,2.0,3.0,0.05,0.9,400.0,8.21235453784729,5.96280574986522,8.018889097620105,5.469018606661925
624,868.0,0.1,3.0,1.0,0.0,0.1,400.0,8.7942792780442,6.397258539742983,8.940682301004674,5.648208706327784
625,868.0,0.1,3.0,1.0,0.0,0.5,400.0,9.27550713945381,7.359918869980489,9.45709739988735,6.744829868883525
626,868.0,0.1,3.0,1.0,0.01,0.1,400.0,8.748875900027912,6.378782350354634,9.209733060719579,5.97777605643145
627,868.0,0.1,3.0,1.0,0.01,0.5,400.0,9.297094927786821,7.270474462124487,9.09790249875231,6.371926688119609
628,868.0,0.1,3.0,1.0,0.01,0.9,400.0,9.992674715110061,8.91642520418437,10.15992557683558,8.298817107635134
629,868.0,0.1,3.0,1.0,0.05,0.1,400.0,8.738240939658889,6.430282064425638,9.08261082880182,5.654402625307101
630,868.0,0.1,3.0,1.0,0.05,0.5,400.0,8.967674689241402,6.962541409103276,9.07131216246607,6.008880281688886
631,868.0,0.1,3.0,1.0,0.05,0.9,400.0,9.085595508071803,7.081167318164993,9.28254196529469,6.537133102630056
632,868.0,0.1,3.0,2.0,0.0,0.1,400.0,8.33091906208908,6.021967775160449,8.813210666778508,5.81467546932198
633,868.0,0.1,3.0,2.0,0.0,0.5,400.0,8.332817993343372,6.658002783283348,9.71418352826255,6.987785595203675
634,868.0,0.1,3.0,2.0,0.01,0.1,400.0,8.331756775711629,6.1289264006912845,8.500948341722783,5.838852923205731
635,868.0,0.1,3.0,2.0,0.01,0.5,400.0,8.874330332847576,6.73083677889191,8.018467015651487,6.021951896656778
636,868.0,0.1,3.0,2.0,0.01,0.9,400.0,7.832434857717969,5.9112356589865325,7.922362411850631,5.851753616781689
637,868.0,0.1,3.0,2.0,0.05,0.1,400.0,8.786167555838205,6.712919201149925,8.685846167803607,5.942020742303347
638,868.0,0.1,3.0,2.0,0.05,0.5,400.0,8.027806367122547,6.109560313141968,8.239492963354156,5.921778647595244
639,868.0,0.1,3.0,2.0,0.05,0.9,400.0,8.565589866032191,6.967983059912121,8.643171169005852,6.54187129562834
640,868.0,0.1,3.0,3.0,0.0,0.1,400.0,8.011277439966596,6.112744976867225,8.187096630797468,5.8615938256057225
641,868.0,0.1,3.0,3.0,0.0,0.5,400.0,8.098595565148978,6.398742842265696,9.147554843295236,6.442316791988302
642,868.0,0.1,3.0,3.0,0.01,0.1,400.0,8.189732788351558,6.0199165092826705,8.254186432592597,5.623419880711492
643,868.0,0.1,3.0,3.0,0.01,0.5,400.0,7.734291023419708,6.00644925589947,8.72285602493467,6.150811297003887
644,868.0,0.1,3.0,3.0,0.01,0.9,400.0,14.044370801687569,11.664957175809795,13.119249254566876,9.130830802117167
645,868.0,0.1,3.0,3.0,0.05,0.1,400.0,7.8023114486579574,5.7076726909858735,7.946061536175661,5.422290981100519
646,868.0,0.1,3.0,3.0,0.05,0.5,400.0,8.4235502832084,6.240631714900916,7.95762363145622,5.563252364978069
647,868.0,0.1,3.0,3.0,0.05,0.9,400.0,7.904861577906408,5.800600816828338,7.734546249127756,5.3822738390785165
648,869.0,0.1,1.0,1.0,0.0,0.1,400.0,11.014343975243285,7.189937604717165,9.120718142255889,7.0928978509164065
649,869.0,0.1,1.0,1.0,0.0,0.5,400.0,11.383820055760433,6.969831228197404,9.017928462002388,6.135158329487688
650,869.0,0.1,1.0,1.0,0.01,0.1,400.0,10.86765576504287,7.210984237678869,9.228442097388788,7.305611311984861
651,869.0,0.1,1.0,1.0,0.01,0.5,400.0,11.223062358755376,7.017537895161904,8.807031016803476,6.210696944151692
652,869.0,0.1,1.0,1.0,0.01,0.9,400.0,11.919188678095193,6.8387982112572105,9.102978927454181,6.049940254153759
653,869.0,0.1,1.0,1.0,0.05,0.1,400.0,10.99716895955783,7.004272080915369,9.160649924009514,7.000677059228296
654,869.0,0.1,1.0,1.0,0.05,0.5,400.0,10.946133561691758,7.22108478226976,8.977463613482369,7.222639355590704
655,869.0,0.1,1.0,1.0,0.05,0.9,400.0,11.812378715494974,7.574508407189038,8.972659228619792,6.925780383669389
656,869.0,0.1,1.0,2.0,0.0,0.1,400.0,13.796193627412261,7.248146927656281,9.201050533483864,6.218607931974774
657,869.0,0.1,1.0,2.0,0.0,0.5,400.0,12.554657190064164,7.831060567658907,8.123900657714024,5.701461777741462
658,869.0,0.1,1.0,2.0,0.01,0.1,400.0,13.98848113166988,7.448437115957051,9.282289140531663,6.30190709082393
659,869.0,0.1,1.0,2.0,0.01,0.5,400.0,12.825292461720506,7.98332382998259,8.134892567060607,5.700954308662907
660,869.0,0.1,1.0,2.0,0.01,0.9,400.0,12.888668103084077,7.745440933595176,8.198600987697466,5.8252451891556385
661,869.0,0.1,1.0,2.0,0.05,0.1,400.0,13.953906679247241,7.3464399724398755,9.305585977467873,6.296487912380241
662,869.0,0.1,1.0,2.0,0.05,0.5,400.0,13.979858317650782,7.408397740785089,9.330115819802092,6.30771159120142
663,869.0,0.1,1.0,2.0,0.05,0.9,400.0,14.04054527875817,7.394747500159636,9.286697473024555,6.145868114146467
664,869.0,0.1,1.0,3.0,0.0,0.1,400.0,12.81624978672851,7.536757502429941,8.722740604920334,5.793149871734551
665,869.0,0.1,1.0,3.0,0.0,0.5,400.0,12.55334674711348,7.40822026743102,7.952275536270607,5.520370449908528
666,869.0,0.1,1.0,3.0,0.01,0.1,400.0,11.844948138686842,7.084827329537783,8.83321981640655,5.867573440414921
667,869.0,0.1,1.0,3.0,0.01,0.5,400.0,12.316308638597652,7.258600914802923,8.31233889750182,5.51759247777632
668,869.0,0.1,1.0,3.0,0.01,0.9,400.0,12.799056250850708,7.463200470515469,7.691628515649411,5.286230973768977
669,869.0,0.1,1.0,3.0,0.05,0.1,400.0,13.388893909105965,7.701297474716156,8.667732573973328,5.392220354588504
670,869.0,0.1,1.0,3.0,0.05,0.5,400.0,13.250296599584416,7.631296604072596,8.491185663836362,5.533466494829015
671,869.0,0.1,1.0,3.0,0.05,0.9,400.0,13.218385996940043,7.6632568903958695,8.414011603468312,5.557158702434268
672,869.0,0.1,2.0,1.0,0.0,0.1,400.0,10.259170957285109,6.666952145935903,8.809645305391948,6.575170784733234
673,869.0,0.1,2.0,1.0,0.0,0.5,400.0,10.889157505801501,6.679383023700882,9.339626336397144,6.1946739804419595
674,869.0,0.1,2.0,1.0,0.01,0.1,400.0,10.67408052649234,6.750403668229391,8.914485655685864,6.661440066220939
675,869.0,0.1,2.0,1.0,0.01,0.5,400.0,10.925694797605798,6.7592864615164645,9.135283189132455,6.610497441434216
676,869.0,0.1,2.0,1.0,0.01,0.9,400.0,10.776365398089254,6.984319983999869,9.134348292187767,6.143787899530827
677,869.0,0.1,2.0,1.0,0.05,0.1,400.0,11.89977026439001,6.664307229015734,9.601910423737444,6.07059680969358
678,869.0,0.1,2.0,1.0,0.05,0.5,400.0,10.946375442195698,6.892009885455965,8.929850196894611,6.715551976992537
679,869.0,0.1,2.0,1.0,0.05,0.9,400.0,10.2561366461768,6.759957763425162,8.683314405542035,6.541700866600701
680,869.0,0.1,2.0,2.0,0.0,0.1,400.0,13.774400026661944,7.5419501394432125,9.235167987823614,6.040273147116076
681,869.0,0.1,2.0,2.0,0.0,0.5,400.0,11.933707570493079,7.841319978731254,8.311892915582861,6.032895350075841
682,869.0,0.1,2.0,2.0,0.01,0.1,400.0,13.686510802830801,7.285073665664942,9.283302082559574,6.143269623304105
683,869.0,0.1,2.0,2.0,0.01,0.5,400.0,13.559360974018952,7.269461270716391,9.061699171094428,6.188956318967481
684,869.0,0.1,2.0,2.0,0.01,0.9,400.0,13.19034441461559,7.355708630914027,8.681462547900486,6.1343476283545435
685,869.0,0.1,2.0,2.0,0.05,0.1,400.0,13.717707434874281,7.301617227497312,9.299543697027328,6.104349382979958
686,869.0,0.1,2.0,2.0,0.05,0.5,400.0,13.76434831058551,7.565990418579104,9.096836028495181,6.098142962522258
687,869.0,0.1,2.0,2.0,0.05,0.9,400.0,13.852929034201292,7.328372539211604,9.112145088396568,6.113073725467986
688,869.0,0.1,2.0,3.0,0.0,0.1,400.0,12.825017340533096,7.578890107443446,8.554958770777436,5.550465223128608
689,869.0,0.1,2.0,3.0,0.0,0.5,400.0,12.336527562985008,7.146823184031314,8.424841313009392,5.942090980744203
690,869.0,0.1,2.0,3.0,0.01,0.1,400.0,12.184640044167597,7.606754296080568,8.351340745876886,5.448867787046187
691,869.0,0.1,2.0,3.0,0.01,0.5,400.0,12.133768530923414,7.362983500832554,8.46390490421815,5.731887638790534
692,869.0,0.1,2.0,3.0,0.01,0.9,400.0,12.136124913986874,7.098824743295341,8.595528411633312,5.801905921145459
693,869.0,0.1,2.0,3.0,0.05,0.1,400.0,12.093268148634241,7.46829585574029,9.054003347716804,5.897271762083558
694,869.0,0.1,2.0,3.0,0.05,0.5,400.0,12.67734450945695,7.607404245043865,8.204628233909586,5.156033289896876
695,869.0,0.1,2.0,3.0,0.05,0.9,400.0,13.305200071912406,7.649718429986496,8.761674947571896,5.849067649557385
696,869.0,0.1,3.0,1.0,0.0,0.1,400.0,10.83412491609512,6.754904874554389,9.130084256768411,6.500903103039054
697,869.0,0.1,3.0,1.0,0.0,0.5,400.0,11.311247359136487,7.250491128676691,9.705527825354736,6.464109008725438
698,869.0,0.1,3.0,1.0,0.01,0.1,400.0,10.295372333236108,6.589377179556425,8.959106199417226,6.496566608864048
699,869.0,0.1,3.0,1.0,0.01,0.5,400.0,10.958833915332212,6.945431022780321,9.376465538070152,6.372223167589911
700,869.0,0.1,3.0,1.0,0.01,0.9,400.0,11.985157590521375,6.793064772611896,9.647530712868077,6.385131607070812
701,869.0,0.1,3.0,1.0,0.05,0.1,400.0,11.297631087517978,6.673958491781531,9.428819053903542,6.090480518486416
702,869.0,0.1,3.0,1.0,0.05,0.5,400.0,11.17275400880392,6.893687222743436,8.972292819520968,6.395658021308299
703,869.0,0.1,3.0,1.0,0.05,0.9,400.0,12.45391373263104,6.848084908879008,9.73440874456081,6.0688208835102975
704,869.0,0.1,3.0,2.0,0.0,0.1,400.0,13.978530635041981,7.850328666861839,9.270621486706588,6.215919092347495
705,869.0,0.1,3.0,2.0,0.0,0.5,400.0,11.968428690651836,7.231362233731301,9.334500156420448,6.324147308333008
706,869.0,0.1,3.0,2.0,0.01,0.1,400.0,13.803208717006141,7.640802510182918,8.9782360729388,5.996148847175262
707,869.0,0.1,3.0,2.0,0.01,0.5,400.0,13.024741129250703,7.032701022631315,9.37972109643158,6.201410357110306
708,869.0,0.1,3.0,2.0,0.01,0.9,400.0,12.398912951610804,7.2421205206797765,9.116240840666379,6.106405782083497
709,869.0,0.1,3.0,2.0,0.05,0.1,400.0,13.647017291971476,7.498450456088997,8.978472531043947,5.985179436066572
710,869.0,0.1,3.0,2.0,0.05,0.5,400.0,13.671514645625507,7.460628211402633,8.97535114307028,6.070036275176216
711,869.0,0.1,3.0,2.0,0.05,0.9,400.0,13.63963570110623,7.347526563920147,9.1608865486969,6.092224581009433
712,869.0,0.1,3.0,3.0,0.0,0.1,400.0,13.169586028690674,7.522746756188193,8.44769667777922,5.657923883665473
713,869.0,0.1,3.0,3.0,0.0,0.5,400.0,12.315218295115764,7.278614145407198,9.336319057942035,6.16558488351093
714,869.0,0.1,3.0,3.0,0.01,0.1,400.0,13.06511554159153,7.552902168004473,8.316649326606269,5.577483480434722
715,869.0,0.1,3.0,3.0,0.01,0.5,400.0,12.464820275316253,7.211568768464912,8.842490435600896,5.791872058166604
716,869.0,0.1,3.0,3.0,0.01,0.9,400.0,12.155987772723167,7.193098732960479,9.298954501611508,6.24939788902901
717,869.0,0.1,3.0,3.0,0.05,0.1,400.0,13.014828807040299,7.429267876434411,8.334606459394216,5.38885542519506
718,869.0,0.1,3.0,3.0,0.05,0.5,400.0,12.777453434414483,7.653911259654756,8.494392491202001,5.380859638175563
719,869.0,0.1,3.0,3.0,0.05,0.9,400.0,13.316443925948825,7.619581150789161,8.5164884128338,5.558855959304447
720,870.0,0.1,1.0,1.0,0.0,0.1,400.0,12.29823523049279,8.832675332376073,9.854526788134846,7.804442115618489
721,870.0,0.1,1.0,1.0,0.0,0.5,400.0,10.519017278645151,7.949772662495746,9.613130980956893,7.269720113799592
722,870.0,0.1,1.0,1.0,0.01,0.1,400.0,12.448740571773424,9.034817275023386,9.770481635558964,7.746098077597619
723,870.0,0.1,1.0,1.0,0.01,0.5,400.0,9.777795867015609,7.382389259923964,9.852802327978821,7.124728313784917
724,870.0,0.1,1.0,1.0,0.01,0.9,400.0,9.978082763289946,7.693773840363702,10.015486972027798,7.718815788879206
725,870.0,0.1,1.0,1.0,0.05,0.1,400.0,12.269200925031246,8.756037623814164,9.87196847651146,7.809853777719658
726,870.0,0.1,1.0,1.0,0.05,0.5,400.0,11.951646091426134,8.274568725559133,9.442336508105855,7.228177631035652
727,870.0,0.1,1.0,1.0,0.05,0.9,400.0,11.573424298500413,7.999014361999596,9.156423225091313,7.183737231397335
728,870.0,0.1,1.0,2.0,0.0,0.1,400.0,13.22260352878669,9.669932370521305,10.815697798956917,8.13412499010901
729,870.0,0.1,1.0,2.0,0.0,0.5,400.0,10.579016460024537,8.19866378338741,9.786573937749042,7.364354259742185
730,870.0,0.1,1.0,2.0,0.01,0.1,400.0,13.240995531275587,9.862389006673151,10.769112949242238,7.971625761620285
731,870.0,0.1,1.0,2.0,0.01,0.5,400.0,10.439061400722371,7.89420137074065,9.749210226218546,7.082372286026233
732,870.0,0.1,1.0,2.0,0.01,0.9,400.0,10.392614664860954,8.202685595090495,9.827305328417683,7.524417281594969
733,870.0,0.1,1.0,2.0,0.05,0.1,400.0,13.572437218239244,10.061082557956722,10.945863860412032,8.392795241895913
734,870.0,0.1,1.0,2.0,0.05,0.5,400.0,11.770220668681386,8.332774254528465,9.538140575211964,7.522309404712209
735,870.0,0.1,1.0,2.0,0.05,0.9,400.0,11.057301886320635,8.034273228270314,9.241539897952103,7.109161972147864
736,870.0,0.1,1.0,3.0,0.0,0.1,400.0,13.39615935548708,9.726583537392417,9.787361893966446,7.640646681352818
737,870.0,0.1,1.0,3.0,0.0,0.5,400.0,10.394771830480185,7.851553535878356,8.931473666158853,7.155656543722811
738,870.0,0.1,1.0,3.0,0.01,0.1,400.0,13.245478107659796,9.653657864823845,10.173711398561574,7.792216633551481
739,870.0,0.1,1.0,3.0,0.01,0.5,400.0,10.6668949062776,8.059191916736031,9.502801892127817,7.039608591625575
740,870.0,0.1,1.0,3.0,0.01,0.9,400.0,10.333701893709833,8.124081589980893,9.597189454537935,7.439178602818435
741,870.0,0.1,1.0,3.0,0.05,0.1,400.0,13.34623274599614,9.68055186535505,9.766545053266004,7.5968329594620885
742,870.0,0.1,1.0,3.0,0.05,0.5,400.0,11.197719007512337,7.856919269994313,9.106339045269161,7.006466344374716
743,870.0,0.1,1.0,3.0,0.05,0.9,400.0,10.896623600371745,8.026528283231297,8.908261267040375,6.636040833218737
744,870.0,0.1,2.0,1.0,0.0,0.1,400.0,12.26762563643711,8.88867329674009,9.540907866144272,7.571472214340526
745,870.0,0.1,2.0,1.0,0.0,0.5,400.0,10.23744233443365,7.653132838057335,9.695844839479026,7.264496001919499
746,870.0,0.1,2.0,1.0,0.01,0.1,400.0,12.025932897169774,8.390923530541203,9.643507663426272,7.5396059615528985
747,870.0,0.1,2.0,1.0,0.01,0.5,400.0,10.387425240661967,7.947463084521453,9.429507877895594,7.443672632632241
748,870.0,0.1,2.0,1.0,0.01,0.9,400.0,9.801875887405009,7.602962508132781,9.383099509427065,7.499685692218727
749,870.0,0.1,2.0,1.0,0.05,0.1,400.0,12.444586654160624,9.030324474229708,9.870469617510073,7.785768055985853
750,870.0,0.1,2.0,1.0,0.05,0.5,400.0,10.370355463245646,7.814882674732597,9.141917091007375,7.226668489673669
751,870.0,0.1,2.0,1.0,0.05,0.9,400.0,10.201379846689647,7.759081663546985,9.222724317956976,7.396413689856373
752,870.0,0.1,2.0,2.0,0.0,0.1,400.0,11.832328387606141,8.314888992653833,9.831505261082755,7.586278145885685
753,870.0,0.1,2.0,2.0,0.0,0.5,400.0,10.39064486334556,7.714523250139679,9.129879927490094,7.1568852408683385
754,870.0,0.1,2.0,2.0,0.01,0.1,400.0,11.953802058745465,8.497275472406805,9.741945333966413,7.561898968275837
755,870.0,0.1,2.0,2.0,0.01,0.5,400.0,10.506013370536438,7.89969097949074,9.446739972755138,7.1172567645645755
756,870.0,0.1,2.0,2.0,0.01,0.9,400.0,11.203567134842036,9.09751328891166,10.035019206043815,8.955817592404218
757,870.0,0.1,2.0,2.0,0.05,0.1,400.0,10.483416543147495,7.631887322998562,9.366321058530211,7.091523433435539
758,870.0,0.1,2.0,2.0,0.05,0.5,400.0,11.310621533798772,7.898056325076814,9.702056306519646,7.462291532773553
759,870.0,0.1,2.0,2.0,0.05,0.9,400.0,10.685765886518418,8.038497723382012,8.770730230416753,6.939854223404903
760,870.0,0.1,2.0,3.0,0.0,0.1,400.0,12.63092153990079,9.029804521880008,9.379906178020505,7.319819957333127
761,870.0,0.1,2.0,3.0,0.0,0.5,400.0,10.507856865116308,7.88374350027458,9.942886088260558,7.518331494791696
762,870.0,0.1,2.0,3.0,0.01,0.1,400.0,12.641831396203283,9.025462609444252,9.235406301943103,7.22976887123531
763,870.0,0.1,2.0,3.0,0.01,0.5,400.0,10.822970251005398,8.106924051476035,9.346703759686076,7.138440172197227
764,870.0,0.1,2.0,3.0,0.01,0.9,400.0,10.531303771826062,8.124593878038654,10.292295443266221,7.841661624704524
765,870.0,0.1,2.0,3.0,0.05,0.1,400.0,12.799966710323034,9.448582500639004,9.294712559393593,7.466666780102588
766,870.0,0.1,2.0,3.0,0.05,0.5,400.0,10.591483338856511,7.972093096942168,9.771778686409538,7.088906312803574
767,870.0,0.1,2.0,3.0,0.05,0.9,400.0,10.836458646597903,7.920627754891708,8.687397790925782,6.790473754640968
768,870.0,0.1,3.0,1.0,0.0,0.1,400.0,9.992195623573375,7.791604913698875,9.818740521316624,7.442937932019307
769,870.0,0.1,3.0,1.0,0.0,0.5,400.0,10.284455856783108,7.71550132965361,9.405515646219925,7.101856503517131
770,870.0,0.1,3.0,1.0,0.01,0.1,400.0,12.225723924982686,8.816457907947598,9.8541085444426,7.80173769010579
771,870.0,0.1,3.0,1.0,0.01,0.5,400.0,10.261017234408781,7.834664898491938,9.186507386189975,7.263689835027615
772,870.0,0.1,3.0,1.0,0.01,0.9,400.0,9.413119856420906,7.069469849347688,8.703667757409168,6.817250315721358
773,870.0,0.1,3.0,1.0,0.05,0.1,400.0,12.30303134628539,8.560375993145787,9.956815035026922,7.854424029653689
774,870.0,0.1,3.0,1.0,0.05,0.5,400.0,11.754866840896888,8.485822663793348,9.396539556676505,7.404935103587849
775,870.0,0.1,3.0,1.0,0.05,0.9,400.0,10.752194064176372,7.625326333004805,9.140016993372576,7.146703019552025
776,870.0,0.1,3.0,2.0,0.0,0.1,400.0,10.328600230937472,7.558078756776776,10.363976546628061,7.365771078809293
777,870.0,0.1,3.0,2.0,0.0,0.5,400.0,10.703248412783811,8.137753913295539,11.976366237031064,8.178073010296973
778,870.0,0.1,3.0,2.0,0.01,0.1,400.0,10.171148689485687,7.884473153695677,10.06293761163662,7.675675876118727
779,870.0,0.1,3.0,2.0,0.01,0.5,400.0,10.320247912599344,7.758478539687725,12.396390176472174,8.280218849181786
780,870.0,0.1,3.0,2.0,0.01,0.9,400.0,10.385204120932915,8.039991090652133,11.421793458120645,8.942149948015775
781,870.0,0.1,3.0,2.0,0.05,0.1,400.0,10.191931371892313,7.595192367281,9.695854412481157,7.23727907216065
782,870.0,0.1,3.0,2.0,0.05,0.5,400.0,10.147300167163868,7.365744311938524,10.23362008666363,7.49352116064936
783,870.0,0.1,3.0,2.0,0.05,0.9,400.0,10.800172517213218,7.859939605486852,9.693325941946553,7.457471513598123
784,870.0,0.1,3.0,3.0,0.0,0.1,400.0,14.688429393090948,10.891494562426157,12.61037963115681,10.854048923400411
785,870.0,0.1,3.0,3.0,0.0,0.5,400.0,10.37984489775854,8.000092215907607,9.047486451652977,7.011164519823118
786,870.0,0.1,3.0,3.0,0.01,0.1,400.0,14.886389160774826,10.979084145731795,12.413910702602822,10.601775284915538
787,870.0,0.1,3.0,3.0,0.01,0.5,400.0,10.406582899727287,7.894506831056333,10.300515058290845,7.372074460775097
788,870.0,0.1,3.0,3.0,0.01,0.9,400.0,11.16608474132872,8.692853173135799,10.182218481119657,8.976540771715099
789,870.0,0.1,3.0,3.0,0.05,0.1,400.0,14.571205056923992,10.761852395315085,12.844808238093604,10.748156132858036
790,870.0,0.1,3.0,3.0,0.05,0.5,400.0,10.486309165944139,8.080165829882311,8.873282844055884,6.628470862865211
791,870.0,0.1,3.0,3.0,0.05,0.9,400.0,10.57897926023156,7.998056779028402,10.164250672882323,7.245174655191834
792,871.0,0.1,1.0,1.0,0.0,0.1,400.0,11.374929853215086,7.3504829383267944,9.569831517393448,7.306712985102176
793,871.0,0.1,1.0,1.0,0.0,0.5,400.0,11.001661598705828,7.58070191969363,9.724173807544354,8.115525028497775
794,871.0,0.1,1.0,1.0,0.01,0.1,400.0,11.55303011165973,7.539860480865822,9.458962238893141,7.134621932513144
795,871.0,0.1,1.0,1.0,0.01,0.5,400.0,10.750036070285725,7.328497098048448,9.438826873013303,7.914402914076217
796,871.0,0.1,1.0,1.0,0.01,0.9,400.0,10.980965295535862,9.062169904311641,10.565914768722271,9.202859069292561
797,871.0,0.1,1.0,1.0,0.05,0.1,400.0,11.476279662587082,7.366220758229095,9.541986329813307,6.997872146031416
798,871.0,0.1,1.0,1.0,0.05,0.5,400.0,10.95305822864884,7.141018469305419,9.014567349008876,7.031040860331536
799,871.0,0.1,1.0,1.0,0.05,0.9,400.0,10.714685708435667,7.07054146524582,9.24889713899678,7.597429756993444
800,871.0,0.1,1.0,2.0,0.0,0.1,400.0,10.765156953864528,7.495529272544149,8.524298196733561,5.780251153497119
801,871.0,0.1,1.0,2.0,0.0,0.5,400.0,9.81713475601872,6.570731033588662,9.144540198689809,7.647299003988687
802,871.0,0.1,1.0,2.0,0.01,0.1,400.0,11.007841285788688,7.806639756118624,8.747947110147052,5.981111237541372
803,871.0,0.1,1.0,2.0,0.01,0.5,400.0,10.181401516779669,6.458858484654652,9.318125890144998,7.4665053064792755
804,871.0,0.1,1.0,2.0,0.01,0.9,400.0,10.348413223087773,8.113026771351437,10.564376726500084,9.455460855833918
805,871.0,0.1,1.0,2.0,0.05,0.1,400.0,11.241219234552926,8.126827595117629,8.862511242830433,6.101775141345347
806,871.0,0.1,1.0,2.0,0.05,0.5,400.0,10.254666669188046,6.922414085663017,8.82648407161344,6.463968960203107
807,871.0,0.1,1.0,2.0,0.05,0.9,400.0,9.602162793230407,6.16966817009733,8.406326095517048,6.28726338707626
808,871.0,0.1,1.0,3.0,0.0,0.1,400.0,10.514960640305524,6.923857673983686,8.544495261213415,6.207691869630298
809,871.0,0.1,1.0,3.0,0.0,0.5,400.0,9.063538063860998,5.8887984708572185,8.433810732774543,7.398948696617792
810,871.0,0.1,1.0,3.0,0.01,0.1,400.0,10.722130904818542,7.014138003443375,8.421159050332527,6.131516075355709
811,871.0,0.1,1.0,3.0,0.01,0.5,400.0,9.391557592529947,6.057969826560998,8.630288394360068,6.999925571134907
812,871.0,0.1,1.0,3.0,0.01,0.9,400.0,9.565090919231606,6.399606271318993,9.247852290586005,8.028182593170397
813,871.0,0.1,1.0,3.0,0.05,0.1,400.0,10.735474603985445,7.171222531581289,8.06336691111206,5.718439495666695
814,871.0,0.1,1.0,3.0,0.05,0.5,400.0,9.469521485629505,6.3613417012839895,8.051565501990792,6.087943393574276
815,871.0,0.1,1.0,3.0,0.05,0.9,400.0,9.425974581453048,6.013738549157789,8.316839642632555,6.383609708668761
816,871.0,0.1,2.0,1.0,0.0,0.1,400.0,11.483667976581552,7.290959714109055,9.814648752847917,7.374888284800122
817,871.0,0.1,2.0,1.0,0.0,0.5,400.0,10.518296002547611,7.2424888396295835,8.844744243074846,7.269445617298525
818,871.0,0.1,2.0,1.0,0.01,0.1,400.0,11.397607042224204,7.4464530610270145,9.600253628903944,7.530697182104789
819,871.0,0.1,2.0,1.0,0.01,0.5,400.0,10.76199831610839,7.5014417832379765,9.33091725982565,7.78114876142378
820,871.0,0.1,2.0,1.0,0.01,0.9,400.0,10.480346464785281,8.693778140687323,10.243870108644174,8.936085728125056
821,871.0,0.1,2.0,1.0,0.05,0.1,400.0,11.378015557254914,7.328463430870998,9.664791699090987,7.500213720309275
822,871.0,0.1,2.0,1.0,0.05,0.5,400.0,10.77937802988417,7.293592502391097,9.25207781922395,7.704010810693719
823,871.0,0.1,2.0,1.0,0.05,0.9,400.0,10.618884600483778,7.35486381373825,9.039296383149704,7.424870766652392
824,871.0,0.1,2.0,2.0,0.0,0.1,400.0,12.16514745936439,8.237929062223364,10.00476915386495,7.7195188944605375
825,871.0,0.1,2.0,2.0,0.0,0.5,400.0,11.110990194720133,7.305737426830281,9.414298239710908,7.660949662103055
826,871.0,0.1,2.0,2.0,0.01,0.1,400.0,9.943543644676613,6.42165404181713,8.286932158053112,6.377473926382819
827,871.0,0.1,2.0,2.0,0.01,0.5,400.0,10.04382689342229,6.490797604259223,9.163557938149287,7.4449648506012
828,871.0,0.1,2.0,2.0,0.01,0.9,400.0,10.92212535646849,8.456232346232342,10.246597736515007,8.622166914060367
829,871.0,0.1,2.0,2.0,0.05,0.1,400.0,12.484268254264805,8.53247652166441,10.196088269780525,7.903854463848098
830,871.0,0.1,2.0,2.0,0.05,0.5,400.0,10.089120857178237,6.364609204340131,8.817639315138248,6.871401337426701
831,871.0,0.1,2.0,2.0,0.05,0.9,400.0,10.132668923614629,6.692958725008244,9.637471242355605,7.761057607753275
832,871.0,0.1,2.0,3.0,0.0,0.1,400.0,10.19676321314608,6.391827887029706,9.28618163247289,7.3427751107893
833,871.0,0.1,2.0,3.0,0.0,0.5,400.0,9.864764901066629,6.614767958962132,8.597385175283039,7.401143017031105
834,871.0,0.1,2.0,3.0,0.01,0.1,400.0,9.97177327500328,6.616854444076071,9.161531021997769,6.771453690380285
835,871.0,0.1,2.0,3.0,0.01,0.5,400.0,10.376684982986271,6.511851532225971,8.728303825686405,7.355150492327238
836,871.0,0.1,2.0,3.0,0.01,0.9,400.0,11.194554811426892,8.314562805613962,10.47358991631949,8.909273148086823
837,871.0,0.1,2.0,3.0,0.05,0.1,400.0,9.403989177024108,6.072543352186348,8.86934729923003,6.680252505065874
838,871.0,0.1,2.0,3.0,0.05,0.5,400.0,9.21438061394983,5.936892032531765,8.071348705795646,6.576661399350668
839,871.0,0.1,2.0,3.0,0.05,0.9,400.0,10.327082284133473,6.3941033140614305,8.802632949629054,7.426644117870587
840,871.0,0.1,3.0,1.0,0.0,0.1,400.0,10.836331510014475,7.079333326247203,8.908746392375068,6.605516200906027
841,871.0,0.1,3.0,1.0,0.0,0.5,400.0,9.951603433327682,6.754612418234899,8.615262050158961,7.217883283715554
842,871.0,0.1,3.0,1.0,0.01,0.1,400.0,10.256738235344626,6.545326136058454,8.52557867130695,6.628208624085583
843,871.0,0.1,3.0,1.0,0.01,0.5,400.0,10.633764084846515,7.258242510013308,8.926622318082075,7.37969196450515
844,871.0,0.1,3.0,1.0,0.01,0.9,400.0,10.22177201279944,7.999464661990794,9.590563986056626,8.28101964798924
845,871.0,0.1,3.0,1.0,0.05,0.1,400.0,10.905075957449483,7.169076636839455,9.14600141202889,7.075856924590619
846,871.0,0.1,3.0,1.0,0.05,0.5,400.0,10.348020391866967,7.282153886314956,9.154453341383736,7.730212446344681
847,871.0,0.1,3.0,1.0,0.05,0.9,400.0,10.166428577882003,7.062515059983557,8.673605525124454,7.223249615959521
848,871.0,0.1,3.0,2.0,0.0,0.1,400.0,10.01250850643643,6.366425292155141,9.070817275202907,7.444473794911344
849,871.0,0.1,3.0,2.0,0.0,0.5,400.0,10.569754772742822,7.026509856894884,9.385664085774305,7.5689297181239645
850,871.0,0.1,3.0,2.0,0.01,0.1,400.0,8.846866712573744,5.979473045229626,8.97028708158361,7.065043684806776
851,871.0,0.1,3.0,2.0,0.01,0.5,400.0,10.659687927669149,6.62577618488827,9.063083316539979,7.378336119664918
852,871.0,0.1,3.0,2.0,0.01,0.9,400.0,10.506488505696886,7.955000330973574,9.85910521047873,8.266688546811311
853,871.0,0.1,3.0,2.0,0.05,0.1,400.0,10.334563214253457,6.396314309165295,8.69851845510582,6.823684311547897
854,871.0,0.1,3.0,2.0,0.05,0.5,400.0,9.525483029258593,6.025332718775192,8.390748855947699,6.768176926229603
855,871.0,0.1,3.0,2.0,0.05,0.9,400.0,10.082591093919774,6.454580987899658,8.657321733055424,7.215061071069994
856,871.0,0.1,3.0,3.0,0.0,0.1,400.0,9.113537125011815,5.750548377025848,7.918757721667155,6.534349200679812
857,871.0,0.1,3.0,3.0,0.0,0.5,400.0,11.044601227221163,6.804310215196172,9.28208964817736,7.50799020479333
858,871.0,0.1,3.0,3.0,0.01,0.1,400.0,9.77041069670739,6.155412841877647,8.69293171819065,7.037945309368772
859,871.0,0.1,3.0,3.0,0.01,0.5,400.0,9.337269186850664,5.972657266139581,8.720341900601225,7.182101380494353
860,871.0,0.1,3.0,3.0,0.01,0.9,400.0,10.853210964872046,7.544797233249068,9.615827935917647,7.702787082327061
861,871.0,0.1,3.0,3.0,0.05,0.1,400.0,9.636901640327478,5.985373674043292,8.566489941299196,6.885242906719352
862,871.0,0.1,3.0,3.0,0.05,0.5,400.0,10.000936138235994,6.181692778300165,9.043020606282557,7.048716144983506
863,871.0,0.1,3.0,3.0,0.05,0.9,400.0,10.413921196040139,6.241606144136033,9.674939039596358,7.6934240984760764
864,872.0,0.1,1.0,1.0,0.0,0.1,400.0,10.809259114506602,8.444642257260112,10.317890827849215,8.07687593479775
865,872.0,0.1,1.0,1.0,0.0,0.5,400.0,9.088572197818486,6.800626284714689,7.803539770604303,5.7927096499841415
866,872.0,0.1,1.0,1.0,0.01,0.1,400.0,10.766043167706815,8.416791693874421,10.364865146405416,8.112267369168077
867,872.0,0.1,1.0,1.0,0.01,0.5,400.0,9.24995314367389,6.727687736014121,8.23430299828943,5.789456056283078
868,872.0,0.1,1.0,1.0,0.01,0.9,400.0,10.432953535088306,8.84337907567391,10.3462379981641,8.842275028314514
869,872.0,0.1,1.0,1.0,0.05,0.1,400.0,10.936440532599486,8.440198789878986,10.323644970840325,7.66362654489005
870,872.0,0.1,1.0,1.0,0.05,0.5,400.0,10.38012372663032,7.706769079951518,9.533953729576188,6.968529617534398
871,872.0,0.1,1.0,1.0,0.05,0.9,400.0,9.777870867953709,7.296399586473995,9.069555903175505,6.682602948100027
872,872.0,0.1,1.0,2.0,0.0,0.1,400.0,10.943231104642958,7.744889879045055,9.723751076141008,7.006296205482984
873,872.0,0.1,1.0,2.0,0.0,0.5,400.0,8.559767008610548,6.5524735211759895,6.958249203860576,5.085307378434548
874,872.0,0.1,1.0,2.0,0.01,0.1,400.0,11.16120860710576,7.918907821072424,10.1937758127655,7.411717343964693
875,872.0,0.1,1.0,2.0,0.01,0.5,400.0,9.086423670760785,6.5538746912811,7.365148959980723,4.9478485685388005
876,872.0,0.1,1.0,2.0,0.01,0.9,400.0,8.043385585877429,5.793229457165137,5.353939281534272,4.0341428880592085
877,872.0,0.1,1.0,2.0,0.05,0.1,400.0,11.400819473510959,8.045218703886558,10.156637921228857,7.436639724043676
878,872.0,0.1,1.0,2.0,0.05,0.5,400.0,9.855507243477707,7.233959551676816,8.38116284175935,6.07747763020188
879,872.0,0.1,1.0,2.0,0.05,0.9,400.0,9.080001897147106,6.79413294595328,7.696790224608986,5.602935576189449
880,872.0,0.1,1.0,3.0,0.0,0.1,400.0,10.562825207452438,7.417103298813557,8.910109573952038,6.49706399694888
881,872.0,0.1,1.0,3.0,0.0,0.5,400.0,7.767503968750393,5.912993889245345,5.032835622382041,3.6046560621103754
882,872.0,0.1,1.0,3.0,0.01,0.1,400.0,10.710177510006737,7.647573064236672,8.847986406293241,6.522104970882332
883,872.0,0.1,1.0,3.0,0.01,0.5,400.0,7.713890801289373,5.800015562398149,5.285139778466923,3.8305925040399225
884,872.0,0.1,1.0,3.0,0.01,0.9,400.0,7.728384169672044,5.9157458959014635,4.9627222279659415,3.8018378430605275
885,872.0,0.1,1.0,3.0,0.05,0.1,400.0,10.909286287475952,7.794653233058881,8.819716444952453,6.496046584044609
886,872.0,0.1,1.0,3.0,0.05,0.5,400.0,8.824515395472302,6.1346730999284285,5.767426923674373,4.0009210640571125
887,872.0,0.1,1.0,3.0,0.05,0.9,400.0,8.269655485108725,5.753975211566038,5.545488850726336,3.801107323128972
888,872.0,0.1,2.0,1.0,0.0,0.1,400.0,9.60970297620986,7.310002896156623,7.922675855543399,5.695994412691102
889,872.0,0.1,2.0,1.0,0.0,0.5,400.0,9.052969805664437,6.964203129146024,7.781312066856681,5.9419822492223195
890,872.0,0.1,2.0,1.0,0.01,0.1,400.0,10.079904236425,7.517801601531796,8.617597860882086,5.986897923254246
891,872.0,0.1,2.0,1.0,0.01,0.5,400.0,9.211204711559583,6.9382879842676415,8.113406494368098,6.011795539383885
892,872.0,0.1,2.0,1.0,0.01,0.9,400.0,9.815730448213289,7.611411238911032,7.66574915179688,6.177279168088931
893,872.0,0.1,2.0,1.0,0.05,0.1,400.0,10.515160670870829,7.805956733343751,9.009290563513105,6.261574446913015
894,872.0,0.1,2.0,1.0,0.05,0.5,400.0,9.155966525802551,6.899730999083013,7.523434626893146,5.503855237256938
895,872.0,0.1,2.0,1.0,0.05,0.9,400.0,9.57867672104343,7.160076653938251,8.196505041066947,6.035100567445383
896,872.0,0.1,2.0,2.0,0.0,0.1,400.0,10.443652322826978,7.322915596568064,9.270053146099622,6.590429448121577
897,872.0,0.1,2.0,2.0,0.0,0.5,400.0,8.679268064357908,6.74054235381185,6.818431485309967,5.039717439177704
898,872.0,0.1,2.0,2.0,0.01,0.1,400.0,10.475191714668885,7.222939526848489,8.767064153850862,6.3351527284982705
899,872.0,0.1,2.0,2.0,0.01,0.5,400.0,7.935136017250333,5.761152112509943,5.663211912517598,4.055229647470946
900,872.0,0.1,2.0,2.0,0.01,0.9,400.0,9.018991238409264,7.159652796472448,6.943860790690583,5.536576979699181
901,872.0,0.1,2.0,2.0,0.05,0.1,400.0,10.478276903957909,7.568499022262449,9.089347888915254,6.77671680755889
902,872.0,0.1,2.0,2.0,0.05,0.5,400.0,9.536019235420843,6.737433960123218,7.889188854740071,5.453298562962401
903,872.0,0.1,2.0,2.0,0.05,0.9,400.0,8.96491928679661,6.452966488445118,7.1777793727808845,4.958009102588326
904,872.0,0.1,2.0,3.0,0.0,0.1,400.0,8.14215979909109,5.994240466757231,5.091053446138053,3.4712278236835257
905,872.0,0.1,2.0,3.0,0.0,0.5,400.0,7.982919177842511,5.961708836884031,5.1441874215910355,3.6819252204098385
906,872.0,0.1,2.0,3.0,0.01,0.1,400.0,7.890732542317281,6.043760782651169,5.37968907347065,3.9738251127029662
907,872.0,0.1,2.0,3.0,0.01,0.5,400.0,7.659868171559662,5.556726344987141,5.175944536042127,3.7215065480513916
908,872.0,0.1,2.0,3.0,0.01,0.9,400.0,7.713179473665349,5.8341873901257095,4.970360995988559,3.4925979532247924
909,872.0,0.1,2.0,3.0,0.05,0.1,400.0,8.018141589637827,5.897926028594066,5.256462760237931,3.615435340145035
910,872.0,0.1,2.0,3.0,0.05,0.5,400.0,8.044501912068977,5.79452728439638,5.205691008881038,3.6249235716573023
911,872.0,0.1,2.0,3.0,0.05,0.9,400.0,8.27622294278838,5.787258088103616,5.238545403069012,3.6477028292719336
912,872.0,0.1,3.0,1.0,0.0,0.1,400.0,9.673845277055623,7.397622098822751,7.623484034232199,5.46057579688522
913,872.0,0.1,3.0,1.0,0.0,0.5,400.0,8.505208544550252,6.539400203757353,7.229733628233247,5.329294627336111
914,872.0,0.1,3.0,1.0,0.01,0.1,400.0,9.765438173157714,7.361660910993319,7.9451582044880125,5.513284741119884
915,872.0,0.1,3.0,1.0,0.01,0.5,400.0,9.098873118043734,7.03744418324967,7.313176990882112,5.535034076921209
916,872.0,0.1,3.0,1.0,0.01,0.9,400.0,9.418967075869917,7.919909278495475,8.11976056758,7.032559796284446
917,872.0,0.1,3.0,1.0,0.05,0.1,400.0,9.795537558879396,7.4632969976297465,8.285629214175195,5.801755534169377
918,872.0,0.1,3.0,1.0,0.05,0.5,400.0,9.527288474359494,7.114817962988533,7.695992185798014,5.58264379714696
919,872.0,0.1,3.0,1.0,0.05,0.9,400.0,9.126778851388902,7.23302872926934,7.413029034994296,5.7864256407859544
920,872.0,0.1,3.0,2.0,0.0,0.1,400.0,7.776312857139427,5.93319004751701,5.214702240805606,4.0609149988994515
921,872.0,0.1,3.0,2.0,0.0,0.5,400.0,7.287398735444353,5.367694959189652,4.929554972172316,3.676179696444591
922,872.0,0.1,3.0,2.0,0.01,0.1,400.0,8.071822675776454,5.9158938429612915,5.261620849156707,3.870473871567774
923,872.0,0.1,3.0,2.0,0.01,0.5,400.0,7.34534279796384,5.638293850956364,5.0138200699429,3.806312235882183
924,872.0,0.1,3.0,2.0,0.01,0.9,400.0,7.8085188497370535,5.8446791652683165,5.0304277304527165,3.6407809021133954
925,872.0,0.1,3.0,2.0,0.05,0.1,400.0,9.241195136145384,6.897379096303933,7.385855755377809,5.303311090493666
926,872.0,0.1,3.0,2.0,0.05,0.5,400.0,8.28597360971841,6.064491217360464,5.844971615515418,4.303649212682567
927,872.0,0.1,3.0,2.0,0.05,0.9,400.0,8.523569544438407,6.599400744464745,6.6384969683081385,4.799352720015187
928,872.0,0.1,3.0,3.0,0.0,0.1,400.0,7.635747648771222,5.712393053697101,4.9331268926899225,3.6569695592676
929,872.0,0.1,3.0,3.0,0.0,0.5,400.0,7.806148798275091,5.7725840401055715,5.247714772968321,3.872472518307505
930,872.0,0.1,3.0,3.0,0.01,0.1,400.0,7.771568969150641,5.783815143287527,5.122072952495995,3.765591145399555
931,872.0,0.1,3.0,3.0,0.01,0.5,400.0,7.977853465862957,5.949564101862162,4.719681006455207,3.3791166223890827
932,872.0,0.1,3.0,3.0,0.01,0.9,400.0,7.832445460225464,5.822125808533209,5.451649034233085,3.735791868113584
933,872.0,0.1,3.0,3.0,0.05,0.1,400.0,7.934567690453734,5.882274576430342,5.227560989257927,3.7618381506710987
934,872.0,0.1,3.0,3.0,0.05,0.5,400.0,7.763247115600865,5.773780696938841,4.852759132542939,3.3949055281480214
935,872.0,0.1,3.0,3.0,0.05,0.9,400.0,8.24013139791643,5.900182231387074,5.125066203691465,3.6565710726956078
936,873.0,0.1,1.0,1.0,0.0,0.1,400.0,9.837736506479724,6.230031912734991,6.647022242525462,5.297440719672308
937,873.0,0.1,1.0,1.0,0.0,0.5,400.0,10.30816124148188,7.135706654193397,6.664278304202154,5.060064829285538
938,873.0,0.1,1.0,1.0,0.01,0.1,400.0,9.83269085192134,6.102224433715821,6.779237762904606,5.384632235863358
939,873.0,0.1,1.0,1.0,0.01,0.5,400.0,9.895830762482714,6.792603475286304,7.0532309233799015,5.470954545328207
940,873.0,0.1,1.0,1.0,0.01,0.9,400.0,12.751257448383488,10.871029072333348,9.414414711100507,8.568102080126739
941,873.0,0.1,1.0,1.0,0.05,0.1,400.0,12.72952675738341,8.5986777212299,8.66797853991332,6.371575534029549
942,873.0,0.1,1.0,1.0,0.05,0.5,400.0,11.710055078457152,7.528524366291981,8.013147442899053,5.692914481910725
943,873.0,0.1,1.0,1.0,0.05,0.9,400.0,9.60635647700267,5.996501916769645,6.751823200088466,5.223878944502574
944,873.0,0.1,1.0,2.0,0.0,0.1,400.0,8.376453829185548,5.8506793925060006,7.720052790213466,5.882525896590348
945,873.0,0.1,1.0,2.0,0.0,0.5,400.0,9.011478182058523,6.773558883649918,7.353316977403728,5.469002368139287
946,873.0,0.1,1.0,2.0,0.01,0.1,400.0,8.3679425718874,6.422923533162958,7.888306367156276,5.822468093421894
947,873.0,0.1,1.0,2.0,0.01,0.5,400.0,8.622702942510557,6.358174369214408,7.334041737197684,5.426028374150329
948,873.0,0.1,1.0,2.0,0.01,0.9,400.0,9.58058745023979,7.360478428269468,7.754862405618655,5.513764673037641
949,873.0,0.1,1.0,2.0,0.05,0.1,400.0,8.197653374111159,5.79088099666497,7.550888628196768,5.84369304510095
950,873.0,0.1,1.0,2.0,0.05,0.5,400.0,7.927018537553058,5.726996137851834,7.447271614312665,5.522285637585004
951,873.0,0.1,1.0,2.0,0.05,0.9,400.0,9.368374433205851,6.180632023121543,7.591093994423141,5.546624702167778
952,873.0,0.1,1.0,3.0,0.0,0.1,400.0,9.755914176191409,7.543360039333868,8.482486886475103,6.454362062592797
953,873.0,0.1,1.0,3.0,0.0,0.5,400.0,9.345278107748817,7.609487214741464,7.587985034860401,5.695974086103046
954,873.0,0.1,1.0,3.0,0.01,0.1,400.0,9.727001897787563,7.6071554234808625,8.461303576614702,6.369530449832502
955,873.0,0.1,1.0,3.0,0.01,0.5,400.0,9.492158616271782,7.704690631202309,7.676637801639277,5.691471905458631
956,873.0,0.1,1.0,3.0,0.01,0.9,400.0,9.74464079787171,8.144546303601297,8.191983163623593,6.147911737638741
957,873.0,0.1,1.0,3.0,0.05,0.1,400.0,9.284392582250538,6.877652638978776,7.6743525779713035,5.865188240379693
958,873.0,0.1,1.0,3.0,0.05,0.5,400.0,9.348683206852968,7.354240651278116,7.961560753313622,5.722673819796119
959,873.0,0.1,1.0,3.0,0.05,0.9,400.0,9.016340813145286,7.01419745847335,7.919934944970634,5.920566810799697
960,873.0,0.1,2.0,1.0,0.0,0.1,400.0,9.847212743394449,7.307343134053537,6.84904101579672,5.414990825758901
961,873.0,0.1,2.0,1.0,0.0,0.5,400.0,10.045960641017157,6.422461544500051,6.92764513384055,5.188697140780268
962,873.0,0.1,2.0,1.0,0.01,0.1,400.0,9.771118149764048,6.17442273482925,6.516343746453228,5.153783758485905
963,873.0,0.1,2.0,1.0,0.01,0.5,400.0,10.100083676321509,6.663302436728315,7.172293747122181,5.572465652130828
964,873.0,0.1,2.0,1.0,0.01,0.9,400.0,11.990174837432864,10.235215038626235,8.876415469883428,8.06900650043147
965,873.0,0.1,2.0,1.0,0.05,0.1,400.0,10.072866095326647,6.4037900122960245,6.529621216935819,5.155464705653303
966,873.0,0.1,2.0,1.0,0.05,0.5,400.0,9.648968049047651,6.49860474719828,6.612581038886505,5.17040388352273
967,873.0,0.1,2.0,1.0,0.05,0.9,400.0,10.947329606154975,6.959872292173342,6.993120318223234,4.969823779031198
968,873.0,0.1,2.0,2.0,0.0,0.1,400.0,8.81346876177487,6.7555048008163485,7.502695012417705,5.642875249565642
969,873.0,0.1,2.0,2.0,0.0,0.5,400.0,9.713032711495734,7.36035845281666,7.006558640622326,5.319334210221384
970,873.0,0.1,2.0,2.0,0.01,0.1,400.0,7.7893926935583435,5.71767211027477,7.893776889910281,5.902189422065959
971,873.0,0.1,2.0,2.0,0.01,0.5,400.0,9.444066427524316,7.031769813709973,7.449279956652978,5.482651241101569
972,873.0,0.1,2.0,2.0,0.01,0.9,400.0,10.884047009356214,8.265919092830451,7.977748710166687,6.180919310208393
973,873.0,0.1,2.0,2.0,0.05,0.1,400.0,8.123416056650191,6.056615791856254,7.47158753042632,5.865036259438251
974,873.0,0.1,2.0,2.0,0.05,0.5,400.0,8.742085010092712,6.350131375609167,7.498160377904678,5.7198954559622335
975,873.0,0.1,2.0,2.0,0.05,0.9,400.0,8.706384637092961,6.578051763521269,7.249112958809735,5.5347471092014136
976,873.0,0.1,2.0,3.0,0.0,0.1,400.0,9.520746291782032,7.419616674921125,7.721114798342924,5.657972946863508
977,873.0,0.1,2.0,3.0,0.0,0.5,400.0,8.786894342388035,7.171924359493127,7.792811931952238,5.779696070472879
978,873.0,0.1,2.0,3.0,0.01,0.1,400.0,9.588041681594396,7.574029331541881,7.875131144335752,5.6959789030316905
979,873.0,0.1,2.0,3.0,0.01,0.5,400.0,9.743529922586568,7.964560811716624,7.672803403275037,5.740973971924225
980,873.0,0.1,2.0,3.0,0.01,0.9,400.0,8.355402826461715,6.3811144859681175,7.871384457235569,6.291152024794845
981,873.0,0.1,2.0,3.0,0.05,0.1,400.0,9.614746370124955,7.4832085189667925,7.870139390025337,5.900755092013418
982,873.0,0.1,2.0,3.0,0.05,0.5,400.0,9.82244229608876,8.045826590039306,8.146314993622841,5.8149663397035
983,873.0,0.1,2.0,3.0,0.05,0.9,400.0,9.809876470729941,8.0416566853774,7.923424906809466,5.77629900207466
984,873.0,0.1,3.0,1.0,0.0,0.1,400.0,9.81881900984267,6.70762671991445,6.687038505982977,5.207915916705204
985,873.0,0.1,3.0,1.0,0.0,0.5,400.0,9.913310277836386,6.45149459560901,8.079495170796559,6.073816404769409
986,873.0,0.1,3.0,1.0,0.01,0.1,400.0,9.793661781767074,6.537738260344913,6.671817907444691,5.223792739772682
987,873.0,0.1,3.0,1.0,0.01,0.5,400.0,9.719582304025405,6.424360693172275,7.376169634615546,5.603140920523618
988,873.0,0.1,3.0,1.0,0.01,0.9,400.0,9.520430156837053,5.997925305328567,7.7094494280290355,5.714163977734737
989,873.0,0.1,3.0,1.0,0.05,0.1,400.0,9.687333328991087,6.249152299908946,6.593351646792839,5.250381823086901
990,873.0,0.1,3.0,1.0,0.05,0.5,400.0,9.596338409107704,6.537740548296141,6.815154858204955,5.364771183954907
991,873.0,0.1,3.0,1.0,0.05,0.9,400.0,9.64652764389537,6.086967488478823,6.598126597869891,5.080734743757298
992,873.0,0.1,3.0,2.0,0.0,0.1,400.0,8.81368075004697,6.847181316902572,8.15020721323916,5.865489552343542
993,873.0,0.1,3.0,2.0,0.0,0.5,400.0,9.760269894072684,6.820161455890581,8.554287477063678,5.882997068830075
994,873.0,0.1,3.0,2.0,0.01,0.1,400.0,8.431551668451283,6.564786308017022,8.00563610465845,6.150484728652541
995,873.0,0.1,3.0,2.0,0.01,0.5,400.0,9.583213638338359,7.443226275898121,9.015522075139227,6.237592070070931
996,873.0,0.1,3.0,2.0,0.01,0.9,400.0,12.416111946167373,10.082583100096624,9.181902278603166,7.9080916362441105
997,873.0,0.1,3.0,2.0,0.05,0.1,400.0,7.921269571256943,6.168246463536609,7.7865385247240635,5.808736415545659
998,873.0,0.1,3.0,2.0,0.05,0.5,400.0,8.66020719328969,6.5182568894120125,7.83092275841218,5.61457062344491
999,873.0,0.1,3.0,2.0,0.05,0.9,400.0,9.047994912889674,7.289727914716494,7.4673489870090375,5.429385881804818
1000,873.0,0.1,3.0,3.0,0.0,0.1,400.0,8.874040649467933,6.9680754578581405,7.8434796539728735,5.4325716059931795
1001,873.0,0.1,3.0,3.0,0.0,0.5,400.0,10.543080395064399,8.72999206831167,8.14857487642833,6.210519566876223
1002,873.0,0.1,3.0,3.0,0.01,0.1,400.0,9.313616246137311,7.465852146487607,8.205384105235463,5.584446274334014
1003,873.0,0.1,3.0,3.0,0.01,0.5,400.0,9.74871274406923,8.155036550719432,8.128547027658945,5.89179427095464
1004,873.0,0.1,3.0,3.0,0.01,0.9,400.0,8.358361101788734,6.480043490876745,9.045283226672451,6.595363831267163
1005,873.0,0.1,3.0,3.0,0.05,0.1,400.0,9.198308052127995,7.484423119613478,8.300940454569384,5.623654411822504
1006,873.0,0.1,3.0,3.0,0.05,0.5,400.0,8.760625357500011,7.056612944223946,7.895565493995342,5.634911005019926
1007,873.0,0.1,3.0,3.0,0.05,0.9,400.0,9.731306212186768,8.139706810737978,7.789503797310407,5.784530913509562
1008,874.0,0.1,1.0,1.0,0.0,0.1,400.0,14.291252225254485,8.97691746413678,10.274726316777816,7.921191935046234
1009,874.0,0.1,1.0,1.0,0.0,0.5,400.0,13.785483906966652,8.39615608237855,9.891730598966056,7.837052316227593
1010,874.0,0.1,1.0,1.0,0.01,0.1,400.0,14.314079044767231,8.997967456955918,10.3010185052551,7.944650233293833
1011,874.0,0.1,1.0,1.0,0.01,0.5,400.0,13.716307098011217,8.35685788998472,9.586627632380665,7.58672648160062
1012,874.0,0.1,1.0,1.0,0.01,0.9,400.0,13.575868135705479,8.235579410525952,9.53418707957283,7.5274538181945125
1013,874.0,0.1,1.0,1.0,0.05,0.1,400.0,14.338179938185291,8.963915498111879,10.373400100964572,8.00851575293823
1014,874.0,0.1,1.0,1.0,0.05,0.5,400.0,13.874456102704963,8.437031248298412,9.661511129196688,7.4628600751932765
1015,874.0,0.1,1.0,1.0,0.05,0.9,400.0,13.84630549520896,8.36235628051633,9.675368174057823,7.480190433979965
1016,874.0,0.1,1.0,2.0,0.0,0.1,400.0,13.404904859384095,7.651824378727857,8.52572464275861,6.405107958874507
1017,874.0,0.1,1.0,2.0,0.0,0.5,400.0,13.177269264673775,7.792967053363229,8.386172706053776,6.592477818102661
1018,874.0,0.1,1.0,2.0,0.01,0.1,400.0,13.229344296446683,7.4373985481848885,8.527691604998173,6.373651038746541
1019,874.0,0.1,1.0,2.0,0.01,0.5,400.0,13.018261899573309,7.586699839113011,8.426982588985975,6.291513098297175
1020,874.0,0.1,1.0,2.0,0.01,0.9,400.0,12.981800820613417,7.785335636092045,8.54261212207401,6.93549706675545
1021,874.0,0.1,1.0,2.0,0.05,0.1,400.0,13.38351284843642,7.545099656151769,8.51262562496826,6.35117303357569
1022,874.0,0.1,1.0,2.0,0.05,0.5,400.0,13.29627078703231,7.633074952629367,8.438834527977916,6.3857157477396305
1023,874.0,0.1,1.0,2.0,0.05,0.9,400.0,13.223539099513397,7.608336472110253,8.500722135357782,6.464775516430459
1024,874.0,0.1,1.0,3.0,0.0,0.1,400.0,13.684147618737391,7.470003796706574,8.325048522946044,5.265143900369105
1025,874.0,0.1,1.0,3.0,0.0,0.5,400.0,13.167032480481092,7.29714695010965,7.917609363515555,5.364984372640648
1026,874.0,0.1,1.0,3.0,0.01,0.1,400.0,13.48983817184104,7.390975649630443,8.488782972205067,5.321898437083571
1027,874.0,0.1,1.0,3.0,0.01,0.5,400.0,13.211668462401091,7.309771825478892,8.092936568958208,5.452210211141227
1028,874.0,0.1,1.0,3.0,0.01,0.9,400.0,13.013217910865455,7.289911273811942,8.18003146940817,5.723020378269049
1029,874.0,0.1,1.0,3.0,0.05,0.1,400.0,13.683303802457056,7.461555840256165,8.664934117978236,5.3271759534201895
1030,874.0,0.1,1.0,3.0,0.05,0.5,400.0,13.52239070011888,7.509358583518138,7.996939128096344,5.548714855794168
1031,874.0,0.1,1.0,3.0,0.05,0.9,400.0,13.49861954876495,7.82229393338194,7.86155457793924,5.97273208775833
1032,874.0,0.1,2.0,1.0,0.0,0.1,400.0,14.3754552015515,8.940655686800568,9.950607038065488,7.686516610387548
1033,874.0,0.1,2.0,1.0,0.0,0.5,400.0,13.21268318362476,7.914053203024258,8.887211031761247,7.076969365504067
1034,874.0,0.1,2.0,1.0,0.01,0.1,400.0,14.425820886498602,8.986251157863807,10.016901974453244,7.732697985323656
1035,874.0,0.1,2.0,1.0,0.01,0.5,400.0,13.45533256399099,8.130500243159752,9.12471158122861,7.173848151251443
1036,874.0,0.1,2.0,1.0,0.01,0.9,400.0,12.861825010339206,7.580227220639908,8.647743740116047,6.908581940771098
1037,874.0,0.1,2.0,1.0,0.05,0.1,400.0,14.238956167237735,8.872307461296467,9.97603561160599,7.710324845602131
1038,874.0,0.1,2.0,1.0,0.05,0.5,400.0,13.790902704137634,8.44731440145872,9.324635059982652,7.201676278687928
1039,874.0,0.1,2.0,1.0,0.05,0.9,400.0,13.262259580243878,7.961678537579251,8.78485713790096,6.89643486940228
1040,874.0,0.1,2.0,2.0,0.0,0.1,400.0,13.083075914674717,7.350298622104759,8.43964305112361,6.187841487938533
1041,874.0,0.1,2.0,2.0,0.0,0.5,400.0,12.941471824783775,7.628428238977219,8.107705187979011,6.241830685349001
1042,874.0,0.1,2.0,2.0,0.01,0.1,400.0,13.225528520657027,7.557154281342696,8.39977430865916,6.065339750574044
1043,874.0,0.1,2.0,2.0,0.01,0.5,400.0,13.090646078339473,7.660445161187187,8.143665455653707,6.182683811523175
1044,874.0,0.1,2.0,2.0,0.01,0.9,400.0,12.878159090756881,7.607250513513585,8.04535824067041,6.2429355126702175
1045,874.0,0.1,2.0,2.0,0.05,0.1,400.0,13.352778735653567,7.516071471413851,8.51454367723834,6.196655062359953
1046,874.0,0.1,2.0,2.0,0.05,0.5,400.0,13.284980085775798,7.710102959940241,8.532440458884947,6.401397462160302
1047,874.0,0.1,2.0,2.0,0.05,0.9,400.0,13.146717170761212,7.669410337333899,8.306676495765686,6.277921848216315
1048,874.0,0.1,2.0,3.0,0.0,0.1,400.0,13.876474812576971,7.847188750382164,8.502445932354826,6.005638675147262
1049,874.0,0.1,2.0,3.0,0.0,0.5,400.0,13.15158455991111,7.428272860674691,8.103345436430471,5.555438248348273
1050,874.0,0.1,2.0,3.0,0.01,0.1,400.0,13.837505681595566,7.736207647884753,8.449914079770965,5.623964226648604
1051,874.0,0.1,2.0,3.0,0.01,0.5,400.0,13.15526402623137,7.214393753244582,8.192351479791492,5.4664038800662
1052,874.0,0.1,2.0,3.0,0.01,0.9,400.0,13.370338133898624,7.955551248570744,7.8292190632975185,6.1966675151351875
1053,874.0,0.1,2.0,3.0,0.05,0.1,400.0,13.744041766788984,7.771444329903202,8.596149057591013,6.3048108520082815
1054,874.0,0.1,2.0,3.0,0.05,0.5,400.0,13.51903449614047,7.589186015150292,8.17226140208878,5.831430546203978
1055,874.0,0.1,2.0,3.0,0.05,0.9,400.0,13.382110938465772,7.656311898746184,8.038111909063186,6.06420605455035
1056,874.0,0.1,3.0,1.0,0.0,0.1,400.0,14.0959698995004,8.735524157403004,9.922345412728227,7.678527938288133
1057,874.0,0.1,3.0,1.0,0.0,0.5,400.0,13.131096164626538,7.899235934945313,8.790647463436633,6.956758773384174
1058,874.0,0.1,3.0,1.0,0.01,0.1,400.0,14.089359440149245,8.734198002121186,9.939669152108666,7.707587360839889
1059,874.0,0.1,3.0,1.0,0.01,0.5,400.0,13.411406042227764,8.167166593638996,9.105867950364054,7.163883389876106
1060,874.0,0.1,3.0,1.0,0.01,0.9,400.0,12.837148970944156,7.461688671303147,7.985608508480908,6.2386578307714
1061,874.0,0.1,3.0,1.0,0.05,0.1,400.0,14.34820892024911,8.880871136231617,10.045835630393718,7.792515728735138
1062,874.0,0.1,3.0,1.0,0.05,0.5,400.0,13.686235162550986,8.338741268938247,9.395309541056722,7.3067429047947465
1063,874.0,0.1,3.0,1.0,0.05,0.9,400.0,13.186684988198483,7.922887157648367,8.73487480934548,6.915270809388423
1064,874.0,0.1,3.0,2.0,0.0,0.1,400.0,12.941998312132299,7.3388510146372425,8.243430986183656,6.064501203233584
1065,874.0,0.1,3.0,2.0,0.0,0.5,400.0,12.863517167137015,7.510664615957646,8.217047305855772,6.330506056511431
1066,874.0,0.1,3.0,2.0,0.01,0.1,400.0,13.169078509846365,7.5177557155089,8.491481532732108,6.208553858399055
1067,874.0,0.1,3.0,2.0,0.01,0.5,400.0,13.19822894486285,7.7772004436373,8.225992275568853,6.2477569223627
1068,874.0,0.1,3.0,2.0,0.01,0.9,400.0,13.003141296381711,7.679231158387777,7.652039124646781,5.954063357292433
1069,874.0,0.1,3.0,2.0,0.05,0.1,400.0,13.15954867765239,7.422655459373317,8.34086574990082,6.166088871627575
1070,874.0,0.1,3.0,2.0,0.05,0.5,400.0,13.3287438172697,7.779391798044171,8.384274091591442,6.322209477153306
1071,874.0,0.1,3.0,2.0,0.05,0.9,400.0,13.270499009600785,7.84803681653943,8.303610734743673,6.395426065736782
1072,874.0,0.1,3.0,3.0,0.0,0.1,400.0,13.288848486835066,7.630617153746249,8.232633918026353,5.429624622704925
1073,874.0,0.1,3.0,3.0,0.0,0.5,400.0,13.216536556949276,7.186356012166692,8.139242734237147,5.597644414976259
1074,874.0,0.1,3.0,3.0,0.01,0.1,400.0,13.350523554466365,7.528585104056858,8.322859224596314,5.445117954924521
1075,874.0,0.1,3.0,3.0,0.01,0.5,400.0,13.323729912370986,7.402446649393725,8.227964267111291,5.577684391605072
1076,874.0,0.1,3.0,3.0,0.01,0.9,400.0,15.011134229855587,10.212791690122591,11.416707252362041,9.548936549997423
1077,874.0,0.1,3.0,3.0,0.05,0.1,400.0,13.37363237149553,7.487878156286257,8.18422713107448,5.286803727499221
1078,874.0,0.1,3.0,3.0,0.05,0.5,400.0,13.518116284344663,7.465706869341622,8.328695302231573,5.621045684978523
1079,874.0,0.1,3.0,3.0,0.05,0.9,400.0,13.526319369395257,7.736037362408305,7.941428801829884,6.1281015150365965
1080,875.0,0.1,1.0,1.0,0.0,0.1,400.0,14.193559418808908,8.202455131458935,7.544988122534678,5.953673753262767
1081,875.0,0.1,1.0,1.0,0.0,0.5,400.0,13.943239489413974,8.542824661699624,7.278861631037226,6.036314309668441
1082,875.0,0.1,1.0,1.0,0.01,0.1,400.0,14.278494669121226,8.23990439964025,7.583262904753519,5.944146616777298
1083,875.0,0.1,1.0,1.0,0.01,0.5,400.0,13.706598234060033,8.662070496672458,7.196220561550457,5.989624760229644
1084,875.0,0.1,1.0,1.0,0.01,0.9,400.0,13.87849784989499,8.416605000293588,7.1494233144368335,5.9459091872514085
1085,875.0,0.1,1.0,1.0,0.05,0.1,400.0,14.1695943719581,8.165231500806044,7.441432144267577,5.762827688970656
1086,875.0,0.1,1.0,1.0,0.05,0.5,400.0,14.331581927432648,8.193167455158239,7.57000546675275,5.917266498987113
1087,875.0,0.1,1.0,1.0,0.05,0.9,400.0,14.198621854785054,8.08079840589407,7.36697685568975,5.808643840341687
1088,875.0,0.1,1.0,2.0,0.0,0.1,400.0,11.879112330632763,6.5834644157366125,6.230957235054505,4.859760310068595
1089,875.0,0.1,1.0,2.0,0.0,0.5,400.0,12.712229997497555,6.639583263158192,6.2259052238632915,5.180259285371417
1090,875.0,0.1,1.0,2.0,0.01,0.1,400.0,13.330342512403705,6.961786531297981,6.484926870275552,5.024924301607004
1091,875.0,0.1,1.0,2.0,0.01,0.5,400.0,12.739880965454406,6.690446200588356,6.30404593988204,5.062722639588498
1092,875.0,0.1,1.0,2.0,0.01,0.9,400.0,12.35043645629137,6.396551243040093,5.988136267097318,4.857660867271051
1093,875.0,0.1,1.0,2.0,0.05,0.1,400.0,12.814828689024163,6.659947221310261,6.5687075081452475,5.021604962386861
1094,875.0,0.1,1.0,2.0,0.05,0.5,400.0,12.207408832914915,6.458833846858888,6.033126310540045,4.7711614289659074
1095,875.0,0.1,1.0,2.0,0.05,0.9,400.0,12.949208668170815,6.64077837612914,6.120152269435911,4.861267030268375
1096,875.0,0.1,1.0,3.0,0.0,0.1,400.0,12.244070785411386,6.651605511406399,6.64293172457664,5.020099389883511
1097,875.0,0.1,1.0,3.0,0.0,0.5,400.0,12.215023292180295,6.497400279313473,6.754584423247944,5.347968849487159
1098,875.0,0.1,1.0,3.0,0.01,0.1,400.0,12.40033097895728,6.541942265514019,6.9290367054288025,5.178827631695606
1099,875.0,0.1,1.0,3.0,0.01,0.5,400.0,11.990126287242854,6.357106747728307,6.647326860223414,5.109445910353971
1100,875.0,0.1,1.0,3.0,0.01,0.9,400.0,12.145594016448674,6.576372445552211,6.644693877369474,5.3223904127961985
1101,875.0,0.1,1.0,3.0,0.05,0.1,400.0,12.640585266788548,6.865790542497909,6.563395597392834,4.822793574999529
1102,875.0,0.1,1.0,3.0,0.05,0.5,400.0,12.007393065978878,6.1860934595240735,7.288924624721968,5.2401622714942055
1103,875.0,0.1,1.0,3.0,0.05,0.9,400.0,12.214835843097779,6.544824518764134,6.623185375859866,4.9329555711247215
1104,875.0,0.1,2.0,1.0,0.0,0.1,400.0,14.666726518541298,8.468443715378301,7.905483534271021,5.914944454534947
1105,875.0,0.1,2.0,1.0,0.0,0.5,400.0,12.177674268145879,7.782097370295955,6.45832552545234,5.368154022188052
1106,875.0,0.1,2.0,1.0,0.01,0.1,400.0,14.333436983499036,8.137305476697843,7.639574014943404,5.826667531193689
1107,875.0,0.1,2.0,1.0,0.01,0.5,400.0,14.01743198624032,8.251331380669365,7.304181734966948,5.857997749071293
1108,875.0,0.1,2.0,1.0,0.01,0.9,400.0,12.214339513852048,8.002137798510343,6.516780267475831,5.477577771003883
1109,875.0,0.1,2.0,1.0,0.05,0.1,400.0,14.90317793293013,8.694566534848926,8.040678415225768,5.950262402583392
1110,875.0,0.1,2.0,1.0,0.05,0.5,400.0,14.704021413001264,8.528042828118714,7.814037444628984,5.788553102779825
1111,875.0,0.1,2.0,1.0,0.05,0.9,400.0,14.092844971734044,8.203023585548873,7.4812947112886645,5.753342882804319
1112,875.0,0.1,2.0,2.0,0.0,0.1,400.0,12.45096175927078,6.750436902993963,6.456158711975343,5.219948875008141
1113,875.0,0.1,2.0,2.0,0.0,0.5,400.0,12.621537066351248,6.780989443621833,6.1178091464515765,4.968217584815316
1114,875.0,0.1,2.0,2.0,0.01,0.1,400.0,11.639029384452401,6.618008674966131,6.103940199798464,4.897764716848516
1115,875.0,0.1,2.0,2.0,0.01,0.5,400.0,12.89455924927327,7.0975822579974,6.097890985068782,4.992841297855567
1116,875.0,0.1,2.0,2.0,0.01,0.9,400.0,12.691783571428697,7.291576579836947,6.152895367566434,5.023038054949278
1117,875.0,0.1,2.0,2.0,0.05,0.1,400.0,12.110588983175541,6.850906907149132,6.531780971524261,4.9754045956354185
1118,875.0,0.1,2.0,2.0,0.05,0.5,400.0,12.535019614997333,7.057601766401466,6.248663581142109,4.873179894055997
1119,875.0,0.1,2.0,2.0,0.05,0.9,400.0,12.483424904080053,7.086928106081109,6.033622669161293,4.947988250660232
1120,875.0,0.1,2.0,3.0,0.0,0.1,400.0,11.480528598852839,6.47950753510562,6.4345273814546635,4.966443328191853
1121,875.0,0.1,2.0,3.0,0.0,0.5,400.0,12.206923623797652,6.67600684527145,6.390787401661359,4.94612776108664
1122,875.0,0.1,2.0,3.0,0.01,0.1,400.0,13.448600074458442,7.5404885371010595,7.087975481710154,5.469414659366024
1123,875.0,0.1,2.0,3.0,0.01,0.5,400.0,11.96743095879037,6.360145185355736,6.700702821607739,5.000790303648841
1124,875.0,0.1,2.0,3.0,0.01,0.9,400.0,11.688550876273643,5.948646777411429,6.668395645878562,5.229967557259505
1125,875.0,0.1,2.0,3.0,0.05,0.1,400.0,12.164359714968983,6.8486781107736645,6.875401252653169,5.190367413958767
1126,875.0,0.1,2.0,3.0,0.05,0.5,400.0,12.04539213855447,6.413779549422094,6.658436897763073,5.080759872733519
1127,875.0,0.1,2.0,3.0,0.05,0.9,400.0,11.80895972751312,6.475238270249207,6.8521411164577515,5.100261577308089
1128,875.0,0.1,3.0,1.0,0.0,0.1,400.0,14.357608011966413,8.262047043477116,7.557265577526829,5.806606673062394
1129,875.0,0.1,3.0,1.0,0.0,0.5,400.0,12.433760647888654,7.471038383592246,6.797048638544405,5.451158065113956
1130,875.0,0.1,3.0,1.0,0.01,0.1,400.0,14.526213051454953,8.431658447908468,7.784905513481903,5.921967340557535
1131,875.0,0.1,3.0,1.0,0.01,0.5,400.0,11.925864276329671,7.344688100687802,6.491236279096777,5.088378404571254
1132,875.0,0.1,3.0,1.0,0.01,0.9,400.0,11.940448573691503,7.516942713831923,6.2507099245593505,5.11104539282083
1133,875.0,0.1,3.0,1.0,0.05,0.1,400.0,14.453508759011676,8.365078809515465,7.607058799729156,5.696786463764533
1134,875.0,0.1,3.0,1.0,0.05,0.5,400.0,14.232877575420918,8.433989115977303,7.589653485572825,6.048272059596968
1135,875.0,0.1,3.0,1.0,0.05,0.9,400.0,13.798218203497774,8.245368159020364,7.250591450524669,5.603074129431864
1136,875.0,0.1,3.0,2.0,0.0,0.1,400.0,11.73568720740493,6.435976765489895,6.296791311154122,4.687964579282539
1137,875.0,0.1,3.0,2.0,0.0,0.5,400.0,12.250126989883931,6.406203536012579,6.462883880561971,4.957158040154203
1138,875.0,0.1,3.0,2.0,0.01,0.1,400.0,12.193699023806655,6.658767676256276,7.011976704283284,5.23969019077829
1139,875.0,0.1,3.0,2.0,0.01,0.5,400.0,12.75653604405961,6.707791808096008,6.734502368598525,5.296603751619682
1140,875.0,0.1,3.0,2.0,0.01,0.9,400.0,11.46368619654221,6.614607134673588,5.579710428736666,4.469876585063294
1141,875.0,0.1,3.0,2.0,0.05,0.1,400.0,12.05024887488779,6.905434977438778,6.49106942302483,4.993019758949184
1142,875.0,0.1,3.0,2.0,0.05,0.5,400.0,12.198859612249645,6.735429946058983,7.173080538115775,5.435547088990784
1143,875.0,0.1,3.0,2.0,0.05,0.9,400.0,13.153399149233874,7.136062350315638,6.7396724749696,5.453922701157654
1144,875.0,0.1,3.0,3.0,0.0,0.1,400.0,11.233361421249175,6.380958912348304,6.307105221070743,4.917950196809093
1145,875.0,0.1,3.0,3.0,0.0,0.5,400.0,11.652462489436376,6.42534375087676,6.488420185624026,4.680598442272318
1146,875.0,0.1,3.0,3.0,0.01,0.1,400.0,11.811991473103111,6.764171250286153,7.08935487293497,5.520262885893535
1147,875.0,0.1,3.0,3.0,0.01,0.5,400.0,12.162306526142512,6.786594191502614,6.855898460737718,5.060557354990275
1148,875.0,0.1,3.0,3.0,0.01,0.9,400.0,11.703060107814578,6.491655935263783,6.87133625898966,5.431383968950659
1149,875.0,0.1,3.0,3.0,0.05,0.1,400.0,11.208198972999737,6.387492140416623,6.374601774569841,5.13913685527204
1150,875.0,0.1,3.0,3.0,0.05,0.5,400.0,12.869368731434484,7.01800970580915,6.934009643649237,5.474936511167843
1151,875.0,0.1,3.0,3.0,0.05,0.9,400.0,12.122421172578147,6.537383947644306,6.978524136498202,5.166276145339116
1152,876.0,0.1,1.0,1.0,0.0,0.1,400.0,6.663367192997975,5.366343073907853,8.335942068078602,6.112739995314704
1153,876.0,0.1,1.0,1.0,0.0,0.5,400.0,6.960096537741134,5.680126252088172,9.885136842080477,6.459323897911931
1154,876.0,0.1,1.0,1.0,0.01,0.1,400.0,6.944328120347234,5.413925696650572,8.71490532261594,5.96719642816383
1155,876.0,0.1,1.0,1.0,0.01,0.5,400.0,6.716047668231631,5.516222300505283,9.279309596341507,6.556986026680405
1156,876.0,0.1,1.0,1.0,0.01,0.9,400.0,10.892322321291125,9.692210802256442,10.899763136682678,8.919162324157472
1157,876.0,0.1,1.0,1.0,0.05,0.1,400.0,8.463631563842256,6.337350461863003,9.553757133029377,6.367295448286041
1158,876.0,0.1,1.0,1.0,0.05,0.5,400.0,6.703187102050948,5.514463352842317,8.991266501769102,6.5258827129550925
1159,876.0,0.1,1.0,1.0,0.05,0.9,400.0,6.667072698074181,5.166202848066413,8.602181347839542,5.975335531151672
1160,876.0,0.1,1.0,2.0,0.0,0.1,400.0,9.486303869385477,7.005551009458407,9.357338293718119,6.394726202517092
1161,876.0,0.1,1.0,2.0,0.0,0.5,400.0,5.859237126481206,4.873159212040177,7.411164885590618,5.424326935707863
1162,876.0,0.1,1.0,2.0,0.01,0.1,400.0,9.575507927404326,7.053815385866503,9.735848266642806,6.8328231847487695
1163,876.0,0.1,1.0,2.0,0.01,0.5,400.0,6.084034776454333,5.018650405964036,6.823252985553082,5.121988443050161
1164,876.0,0.1,1.0,2.0,0.01,0.9,400.0,5.9460982238443725,4.968251803226945,7.255838735225564,5.295565105856752
1165,876.0,0.1,1.0,2.0,0.05,0.1,400.0,9.705132249575762,7.14109387523886,9.442224819667963,6.394462884560549
1166,876.0,0.1,1.0,2.0,0.05,0.5,400.0,6.184163131749042,4.884130773934116,6.68568572715883,5.022966450947323
1167,876.0,0.1,1.0,2.0,0.05,0.9,400.0,6.481626660703401,5.023337213097762,6.8337769595980715,5.067556236092613
1168,876.0,0.1,1.0,3.0,0.0,0.1,400.0,6.75009126939735,5.277922521982837,6.770329292381437,5.5444748159268995
1169,876.0,0.1,1.0,3.0,0.0,0.5,400.0,6.400106658331929,5.112269650124861,6.2392230208012505,4.854758743452223
1170,876.0,0.1,1.0,3.0,0.01,0.1,400.0,7.109424014020992,5.586092334765225,6.933048967838406,5.487389485988275
1171,876.0,0.1,1.0,3.0,0.01,0.5,400.0,6.31217628289382,4.923364916617976,6.325009105490405,4.8982457643251855
1172,876.0,0.1,1.0,3.0,0.01,0.9,400.0,6.443285246730254,5.037129974743442,6.468986612098298,4.93524048092883
1173,876.0,0.1,1.0,3.0,0.05,0.1,400.0,9.183839288175337,7.493003242817839,9.221759152277388,7.212305889633622
1174,876.0,0.1,1.0,3.0,0.05,0.5,400.0,6.930789849901299,5.4231142913330475,6.62052100916286,5.452143098920457
1175,876.0,0.1,1.0,3.0,0.05,0.9,400.0,6.857858691337605,5.214242048052828,6.5811526514517045,5.266705024525663
1176,876.0,0.1,2.0,1.0,0.0,0.1,400.0,7.294167999366358,6.3701005287809,8.970435748423856,6.594918013439689
1177,876.0,0.1,2.0,1.0,0.0,0.5,400.0,7.004629477216907,5.632253907413932,10.112852845635997,6.768199965875736
1178,876.0,0.1,2.0,1.0,0.01,0.1,400.0,7.192305995459204,5.9255387978488585,9.083512588086332,6.1907483638953495
1179,876.0,0.1,2.0,1.0,0.01,0.5,400.0,7.03285125291742,5.794852401079995,10.033265277552296,6.873649390245449
1180,876.0,0.1,2.0,1.0,0.01,0.9,400.0,7.098329070354008,5.649467617549345,10.304141089676477,6.698154468880653
1181,876.0,0.1,2.0,1.0,0.05,0.1,400.0,7.273425368280015,6.284077291073066,9.015793096299035,6.35398669901339
1182,876.0,0.1,2.0,1.0,0.05,0.5,400.0,7.356018981802428,6.417326848359193,9.629303493244905,7.236927779109058
1183,876.0,0.1,2.0,1.0,0.05,0.9,400.0,7.445190811841429,6.550885412535515,9.204660132941138,6.878328775437665
1184,876.0,0.1,2.0,2.0,0.0,0.1,400.0,6.570854499791472,5.048233254859499,7.104095281068634,5.10287088954208
1185,876.0,0.1,2.0,2.0,0.0,0.5,400.0,5.909264558290041,4.60616761603211,7.5889091419332795,5.392667357900662
1186,876.0,0.1,2.0,2.0,0.01,0.1,400.0,6.639490475680925,5.103303812161414,7.1627572636864,5.107809746425695
1187,876.0,0.1,2.0,2.0,0.01,0.5,400.0,6.193028382707359,5.137627704011698,7.238324050119122,5.619872273878513
1188,876.0,0.1,2.0,2.0,0.01,0.9,400.0,6.011632953820239,4.644388238593069,6.826408662862003,5.114382315039591
1189,876.0,0.1,2.0,2.0,0.05,0.1,400.0,6.804555332746602,5.037399765511793,7.259584639174082,5.212003632679248
1190,876.0,0.1,2.0,2.0,0.05,0.5,400.0,6.588308893605074,5.0104311461951045,7.100046390648892,5.1433637127852405
1191,876.0,0.1,2.0,2.0,0.05,0.9,400.0,7.141354087259267,5.5129260285372785,7.8707739138788435,5.9040126193157665
1192,876.0,0.1,2.0,3.0,0.0,0.1,400.0,6.858319919144387,5.150419747738878,6.743272511157855,5.342219802185949
1193,876.0,0.1,2.0,3.0,0.0,0.5,400.0,6.602390447097351,5.216601880638342,6.4302392251498395,4.913157112498689
1194,876.0,0.1,2.0,3.0,0.01,0.1,400.0,6.705056861002516,5.083910422881979,6.842710590106284,5.324937813040525
1195,876.0,0.1,2.0,3.0,0.01,0.5,400.0,6.403673655254926,4.945111419464755,6.556469436332545,5.022854701826117
1196,876.0,0.1,2.0,3.0,0.01,0.9,400.0,6.639841831927502,4.941426519832518,6.802990856014562,5.238524285779991
1197,876.0,0.1,2.0,3.0,0.05,0.1,400.0,6.866089998314796,5.202053087434668,6.427244416646783,5.019495296610459
1198,876.0,0.1,2.0,3.0,0.05,0.5,400.0,6.806950003584818,5.097977954012574,6.494771439285271,5.056580587651956
1199,876.0,0.1,2.0,3.0,0.05,0.9,400.0,6.321799552191418,5.184509338926875,6.342937972563522,4.823090727860011
1200,876.0,0.1,3.0,1.0,0.0,0.1,400.0,7.345689605466562,6.208556310125089,8.62652630862916,5.992957532273864
1201,876.0,0.1,3.0,1.0,0.0,0.5,400.0,6.708443700719939,4.91672448742306,9.348601697158713,6.255290955534197
1202,876.0,0.1,3.0,1.0,0.01,0.1,400.0,7.234139959043664,6.2456068362499355,8.753967931482286,6.541937216335486
1203,876.0,0.1,3.0,1.0,0.01,0.5,400.0,7.23635684069706,6.009964730441683,9.078078186499159,6.493788714242017
1204,876.0,0.1,3.0,1.0,0.01,0.9,400.0,6.75823149219374,5.240448918787404,9.231444148204895,6.353831845979413
1205,876.0,0.1,3.0,1.0,0.05,0.1,400.0,7.213802967697159,6.203790914741246,8.874082169710398,6.750992144293874
1206,876.0,0.1,3.0,1.0,0.05,0.5,400.0,7.119499796821753,6.04377706531372,8.620472548331522,6.093254023195542
1207,876.0,0.1,3.0,1.0,0.05,0.9,400.0,7.379487961914724,6.435906046515885,9.273945477050306,7.056409253955754
1208,876.0,0.1,3.0,2.0,0.0,0.1,400.0,6.95241785261603,5.445371101685279,6.992772632223399,5.047325175832603
1209,876.0,0.1,3.0,2.0,0.0,0.5,400.0,5.896528435647874,4.450109516178537,6.474328920975789,5.088233442333176
1210,876.0,0.1,3.0,2.0,0.01,0.1,400.0,6.8371045064665985,5.287771630575926,6.936855185452456,5.193296278347267
1211,876.0,0.1,3.0,2.0,0.01,0.5,400.0,5.970340021976376,4.7448900208464755,6.641402603232319,5.01963349928273
1212,876.0,0.1,3.0,2.0,0.01,0.9,400.0,6.69726595366186,5.176555048784437,9.556075309858265,6.774381305523447
1213,876.0,0.1,3.0,2.0,0.05,0.1,400.0,6.7207884531017985,5.2393576107860005,6.916044492902678,5.236292623474816
1214,876.0,0.1,3.0,2.0,0.05,0.5,400.0,7.035136429328988,5.350232181272144,7.40525050648259,5.35173628362894
1215,876.0,0.1,3.0,2.0,0.05,0.9,400.0,7.0691098682358735,5.43778760742092,8.052704055905426,5.76163823134585
1216,876.0,0.1,3.0,3.0,0.0,0.1,400.0,6.760328681934083,5.1713695773551915,6.76693627424755,5.331771095403645
1217,876.0,0.1,3.0,3.0,0.0,0.5,400.0,6.7317472274698575,5.026719716680592,6.911550329480135,5.691602220609037
1218,876.0,0.1,3.0,3.0,0.01,0.1,400.0,6.837240381838461,5.059649303624784,6.713602168855902,5.135150433788841
1219,876.0,0.1,3.0,3.0,0.01,0.5,400.0,6.722468652190149,5.1486828915934355,6.687698987170385,5.266928912811105
1220,876.0,0.1,3.0,3.0,0.01,0.9,400.0,6.947603815076733,5.418261930454705,8.48341807404961,6.155906051469007
1221,876.0,0.1,3.0,3.0,0.05,0.1,400.0,6.758776576802432,5.080309149985654,6.765605992128467,5.269612502338981
1222,876.0,0.1,3.0,3.0,0.05,0.5,400.0,6.645007058467577,5.131305035458013,6.3536633303501455,4.987733383495333
1223,876.0,0.1,3.0,3.0,0.05,0.9,400.0,6.759998778209253,5.0510982490215985,6.722545239097555,5.265051688820869
1224,877.0,0.1,1.0,1.0,0.0,0.1,400.0,10.701304955877804,7.173838147715977,14.841505370666995,10.856605078878268
1225,877.0,0.1,1.0,1.0,0.0,0.5,400.0,8.151136452525279,5.559126353623217,10.961736535790267,7.639284762206192
1226,877.0,0.1,1.0,1.0,0.01,0.1,400.0,10.37288512077799,6.777743333099803,14.442939765281839,10.47199399966226
1227,877.0,0.1,1.0,1.0,0.01,0.5,400.0,8.629519266397173,5.491272259961576,12.042517884011872,8.468517176367266
1228,877.0,0.1,1.0,1.0,0.01,0.9,400.0,11.194619951661076,9.938146317461607,12.314203460942952,9.895644655687732
1229,877.0,0.1,1.0,1.0,0.05,0.1,400.0,10.577175801354695,7.255148377985878,14.659400392026873,10.979053683076007
1230,877.0,0.1,1.0,1.0,0.05,0.5,400.0,9.762695281833654,6.160410280575205,13.727842769665434,9.800813330312259
1231,877.0,0.1,1.0,1.0,0.05,0.9,400.0,9.26153180907759,6.100015267617629,12.925965819369475,9.080793741544731
1232,877.0,0.1,1.0,2.0,0.0,0.1,400.0,9.869669267330957,6.332705697945343,13.404405525693452,9.834727858058045
1233,877.0,0.1,1.0,2.0,0.0,0.5,400.0,8.352133478868607,5.818289359809497,10.732877893818488,7.965414866424434
1234,877.0,0.1,1.0,2.0,0.01,0.1,400.0,9.88950014013452,6.3312489897444815,13.426565485426686,9.876233605111764
1235,877.0,0.1,1.0,2.0,0.01,0.5,400.0,8.668709600230523,5.621373050038537,11.49572587572771,8.502226798743907
1236,877.0,0.1,1.0,2.0,0.01,0.9,400.0,8.329413183537756,5.577877748600198,10.441998710726097,7.674465989460403
1237,877.0,0.1,1.0,2.0,0.05,0.1,400.0,10.034326686362242,6.537913666066777,13.493007983834291,9.915758396914642
1238,877.0,0.1,1.0,2.0,0.05,0.5,400.0,9.280444472037406,5.800395433371391,12.408442881033373,9.1139209334957
1239,877.0,0.1,1.0,2.0,0.05,0.9,400.0,8.938085385153828,5.719703990024667,11.772840387015949,8.806007819712557
1240,877.0,0.1,1.0,3.0,0.0,0.1,400.0,9.926842539308973,6.252043705351261,12.145798637568246,8.691669045701415
1241,877.0,0.1,1.0,3.0,0.0,0.5,400.0,8.603285197014063,5.54135333094042,10.155190824703668,7.576815278073555
1242,877.0,0.1,1.0,3.0,0.01,0.1,400.0,9.917940584252214,6.227679297900872,12.079228088649064,8.500188572903424
1243,877.0,0.1,1.0,3.0,0.01,0.5,400.0,8.927057870769458,5.819404877799825,10.698942781372512,7.791767756200724
1244,877.0,0.1,1.0,3.0,0.01,0.9,400.0,8.593371328131498,6.01583996392653,10.225573530201315,7.784295186422118
1245,877.0,0.1,1.0,3.0,0.05,0.1,400.0,9.952219509157437,6.501287085307205,12.593413028872048,9.117528050150204
1246,877.0,0.1,1.0,3.0,0.05,0.5,400.0,8.977879526104335,5.829274846064677,11.529516316956519,8.246308129493888
1247,877.0,0.1,1.0,3.0,0.05,0.9,400.0,8.902348748301753,5.720241987141966,11.070329111849935,8.051593256592612
1248,877.0,0.1,2.0,1.0,0.0,0.1,400.0,8.999866822120463,5.445481809958618,12.340044966232796,8.92842845351655
1249,877.0,0.1,2.0,1.0,0.0,0.5,400.0,8.223780825788788,5.6523346756109465,11.049876743461736,7.58843493696264
1250,877.0,0.1,2.0,1.0,0.01,0.1,400.0,8.89863753151424,5.2716273461113685,11.92359263814059,8.72900664045079
1251,877.0,0.1,2.0,1.0,0.01,0.5,400.0,8.548803266784578,5.442507403878773,11.524222547425905,8.054717264437993
1252,877.0,0.1,2.0,1.0,0.01,0.9,400.0,10.167811267791377,8.930197166036775,11.158343144082382,8.747126409914186
1253,877.0,0.1,2.0,1.0,0.05,0.1,400.0,9.046737763264701,5.606313747361046,12.682484215946337,9.147890844256887
1254,877.0,0.1,2.0,1.0,0.05,0.5,400.0,8.977435364143108,5.4850959141985065,12.434055961823278,8.881300449136303
1255,877.0,0.1,2.0,1.0,0.05,0.9,400.0,8.817329286860987,5.725741515317961,12.367797023136468,8.562766917408
1256,877.0,0.1,2.0,2.0,0.0,0.1,400.0,9.386490885508932,5.886759749408341,11.469085115566998,8.511777580930566
1257,877.0,0.1,2.0,2.0,0.0,0.5,400.0,8.399267267398416,5.402970985068606,10.575192992418664,7.7435251640770115
1258,877.0,0.1,2.0,2.0,0.01,0.1,400.0,9.28582740083764,5.7770778210743625,11.873314528062656,8.670734609479494
1259,877.0,0.1,2.0,2.0,0.01,0.5,400.0,8.606491829569562,5.188759866440965,10.953271343743003,8.079308011575453
1260,877.0,0.1,2.0,2.0,0.01,0.9,400.0,8.349992073309291,5.537846631471963,10.46051357241696,7.640123832408715
1261,877.0,0.1,2.0,2.0,0.05,0.1,400.0,9.415990742457923,5.845913187633843,12.360988544521623,9.005626326177726
1262,877.0,0.1,2.0,2.0,0.05,0.5,400.0,8.972709868929911,5.664896298033236,11.856538385795629,8.779443404283137
1263,877.0,0.1,2.0,2.0,0.05,0.9,400.0,8.787288241491115,5.5940395936970635,11.637712468415378,8.58241523042458
1264,877.0,0.1,2.0,3.0,0.0,0.1,400.0,8.599416268014618,5.6753633757015125,10.00280444159667,7.402696830473437
1265,877.0,0.1,2.0,3.0,0.0,0.5,400.0,8.896495291563635,5.999196849869503,10.473367876084374,7.789623257300571
1266,877.0,0.1,2.0,3.0,0.01,0.1,400.0,9.863627248330996,6.583293687729504,12.755807667792364,9.411824255781093
1267,877.0,0.1,2.0,3.0,0.01,0.5,400.0,8.799073176954252,5.732840967775456,10.531885397823128,7.7865067448181255
1268,877.0,0.1,2.0,3.0,0.01,0.9,400.0,14.245145697003462,12.064755960123483,16.294927377682694,13.201550056562004
1269,877.0,0.1,2.0,3.0,0.05,0.1,400.0,10.031152360316163,6.809228547932774,13.071271820724512,9.976421616310903
1270,877.0,0.1,2.0,3.0,0.05,0.5,400.0,8.96826361576314,5.666067817494591,10.225839192525367,7.538566561514746
1271,877.0,0.1,2.0,3.0,0.05,0.9,400.0,8.821655906152143,5.481566379388398,10.579863585684695,7.764500529800072
1272,877.0,0.1,3.0,1.0,0.0,0.1,400.0,8.61849630155554,5.269855353356582,11.510559888022431,8.49698233444354
1273,877.0,0.1,3.0,1.0,0.0,0.5,400.0,8.202379853073127,5.434674346102584,10.815484940490885,7.5152749940303485
1274,877.0,0.1,3.0,1.0,0.01,0.1,400.0,8.8112660467967,5.404182423128739,11.857173996443159,8.695693850499389
1275,877.0,0.1,3.0,1.0,0.01,0.5,400.0,8.452541697295159,5.407018439974323,11.205789981771693,7.8837179791552225
1276,877.0,0.1,3.0,1.0,0.01,0.9,400.0,8.121793173993922,5.659238434024258,10.69265745561586,7.221526131392881
1277,877.0,0.1,3.0,1.0,0.05,0.1,400.0,8.681301968041215,5.316613164230977,11.6233303028806,8.537329508052098
1278,877.0,0.1,3.0,1.0,0.05,0.5,400.0,8.526992395366612,5.293856022768218,11.637020039342866,8.423102604407402
1279,877.0,0.1,3.0,1.0,0.05,0.9,400.0,8.51889163918323,5.544613163331829,11.607329184521404,7.9693473148446525
1280,877.0,0.1,3.0,2.0,0.0,0.1,400.0,8.863308493855856,5.377463479300534,11.074327833061256,8.311779468280038
1281,877.0,0.1,3.0,2.0,0.0,0.5,400.0,8.389774317727767,5.331467023656838,10.12726708630324,7.595522413269667
1282,877.0,0.1,3.0,2.0,0.01,0.1,400.0,8.792416439605475,5.312775876198142,10.701289967401843,8.111508236994643
1283,877.0,0.1,3.0,2.0,0.01,0.5,400.0,8.624484296492845,5.925060155070662,11.024580749979739,8.471477120649812
1284,877.0,0.1,3.0,2.0,0.01,0.9,400.0,8.37974723507547,5.492593804418258,9.86784134018212,7.281358011066342
1285,877.0,0.1,3.0,2.0,0.05,0.1,400.0,9.004753539708409,5.722077749870139,11.308781982024373,8.262757725907418
1286,877.0,0.1,3.0,2.0,0.05,0.5,400.0,8.782528358494767,5.593572605722778,11.448123608506659,8.600607432826136
1287,877.0,0.1,3.0,2.0,0.05,0.9,400.0,8.628747228811289,5.578649853135337,10.927508690998506,8.168817302182049
1288,877.0,0.1,3.0,3.0,0.0,0.1,400.0,8.847859227539269,5.539457934036537,9.696634448543538,7.287423386345762
1289,877.0,0.1,3.0,3.0,0.0,0.5,400.0,8.689739092376854,5.702571251582182,9.994711356787976,7.7029826449517085
1290,877.0,0.1,3.0,3.0,0.01,0.1,400.0,9.381235565519646,6.038011271506867,11.108784516380833,8.108599540836517
1291,877.0,0.1,3.0,3.0,0.01,0.5,400.0,8.751728830478145,5.606514193077653,10.347941319538183,7.819219299089253
1292,877.0,0.1,3.0,3.0,0.01,0.9,400.0,8.64052422905035,6.253107677297466,9.49662113488469,7.68937395037953
1293,877.0,0.1,3.0,3.0,0.05,0.1,400.0,8.584084238455368,5.640980367933907,9.556532075679243,7.246482032933242
1294,877.0,0.1,3.0,3.0,0.05,0.5,400.0,8.925656808641413,5.662619469690974,10.779259843244219,7.99314883446069
1295,877.0,0.1,3.0,3.0,0.05,0.9,400.0,8.77974848393747,5.474165621670761,9.950452293396394,7.706741227349751
1296,878.0,0.1,1.0,1.0,0.0,0.1,400.0,12.410210869511113,8.551613944694505,12.5736997208824,6.824774580879066
1297,878.0,0.1,1.0,1.0,0.0,0.5,400.0,12.7902326873194,8.491710731569686,13.020997670974914,7.0012441068378015
1298,878.0,0.1,1.0,1.0,0.01,0.1,400.0,13.435549626724681,9.033405750376671,13.727329202362332,7.618185717796065
1299,878.0,0.1,1.0,1.0,0.01,0.5,400.0,12.944864285426,8.584425758307342,13.130326304563484,7.0770746423616355
1300,878.0,0.1,1.0,1.0,0.01,0.9,400.0,12.805180157726529,8.565922510800203,13.068837849392954,6.887946755952012
1301,878.0,0.1,1.0,1.0,0.05,0.1,400.0,13.503900955192837,9.07380305692471,13.746583266849395,7.614890623233696
1302,878.0,0.1,1.0,1.0,0.05,0.5,400.0,13.352769001812804,8.89736037078394,13.656938198916345,7.500790559855298
1303,878.0,0.1,1.0,1.0,0.05,0.9,400.0,13.109746050934518,8.754193208419329,13.323684889872402,7.173941275589127
1304,878.0,0.1,1.0,2.0,0.0,0.1,400.0,12.316084622584752,8.254912735687883,13.199136380205056,7.211272401493238
1305,878.0,0.1,1.0,2.0,0.0,0.5,400.0,11.61974513472182,7.597268764182276,12.849594934100827,6.797194011393102
1306,878.0,0.1,1.0,2.0,0.01,0.1,400.0,11.784168617208689,7.9695832496986165,12.994402272523343,7.210096443041184
1307,878.0,0.1,1.0,2.0,0.01,0.5,400.0,12.115333792430679,8.029978201491296,13.005520129524903,7.108129930120126
1308,878.0,0.1,1.0,2.0,0.01,0.9,400.0,11.759340900974072,7.73801819982087,12.998891540298285,6.889873727595311
1309,878.0,0.1,1.0,2.0,0.05,0.1,400.0,12.188125528053577,8.103748335664378,13.071139143876525,7.118234698446377
1310,878.0,0.1,1.0,2.0,0.05,0.5,400.0,12.195055741446657,8.076876261698889,13.168872625860422,7.253266971426756
1311,878.0,0.1,1.0,2.0,0.05,0.9,400.0,11.957744367697137,7.961609327453768,13.015844497146123,7.261621674367381
1312,878.0,0.1,1.0,3.0,0.0,0.1,400.0,12.150029795216945,7.883738084368971,12.83555034689904,7.162252714054627
1313,878.0,0.1,1.0,3.0,0.0,0.5,400.0,11.63566302067187,7.681690692303916,11.95333933689198,6.803434187583834
1314,878.0,0.1,1.0,3.0,0.01,0.1,400.0,12.100680590947105,7.898319427973307,12.828225174944096,7.2523846591360615
1315,878.0,0.1,1.0,3.0,0.01,0.5,400.0,11.825114757983892,7.654809370102428,12.794258842977717,7.117039916182728
1316,878.0,0.1,1.0,3.0,0.01,0.9,400.0,12.064297871642566,7.8252205000699595,12.318649516701935,6.890713245910325
1317,878.0,0.1,1.0,3.0,0.05,0.1,400.0,12.168114033736462,7.856421461649068,13.264792964916138,7.358259906331382
1318,878.0,0.1,1.0,3.0,0.05,0.5,400.0,12.373175053926413,8.129578264042639,12.834594351570644,7.271198519234202
1319,878.0,0.1,1.0,3.0,0.05,0.9,400.0,12.629355276847473,8.34120497999724,13.066179498271147,7.316984536029144
1320,878.0,0.1,2.0,1.0,0.0,0.1,400.0,12.660817977937011,8.638296509166258,12.847524810118339,6.996844127513288
1321,878.0,0.1,2.0,1.0,0.0,0.5,400.0,12.55424591443318,8.932212646198357,12.725616812902727,6.944826246427627
1322,878.0,0.1,2.0,1.0,0.01,0.1,400.0,12.539310295948793,8.5788873904604,12.705643498304884,6.891751014130808
1323,878.0,0.1,2.0,1.0,0.01,0.5,400.0,13.066944720148964,8.619980284978006,13.311042733327971,7.228687261161738
1324,878.0,0.1,2.0,1.0,0.01,0.9,400.0,13.017212308822444,8.655767701356517,13.21303123405037,7.008561296932483
1325,878.0,0.1,2.0,1.0,0.05,0.1,400.0,13.231201734115471,8.91548789976212,13.405137431167859,7.437197063833013
1326,878.0,0.1,2.0,1.0,0.05,0.5,400.0,13.301422757067993,8.816972922694648,13.705633082141402,7.5605180259748295
1327,878.0,0.1,2.0,1.0,0.05,0.9,400.0,13.028193631347083,8.643214762542597,13.248189626386575,7.205789048004029
1328,878.0,0.1,2.0,2.0,0.0,0.1,400.0,12.07024565954752,8.113223015608789,13.055031749204712,7.183018062564144
1329,878.0,0.1,2.0,2.0,0.0,0.5,400.0,12.034307572738594,7.707084455717142,12.899030678042626,6.987941713662323
1330,878.0,0.1,2.0,2.0,0.01,0.1,400.0,12.295095476190188,8.159319060882156,13.278456289878955,7.171852810570571
1331,878.0,0.1,2.0,2.0,0.01,0.5,400.0,12.202959511663517,7.920788800605336,13.426800200761559,7.285859090302835
1332,878.0,0.1,2.0,2.0,0.01,0.9,400.0,11.91629499023388,7.737849179293815,13.131427417836052,7.0057703240078855
1333,878.0,0.1,2.0,2.0,0.05,0.1,400.0,11.839804772408444,7.951808728881987,12.977381414010395,7.087651185749541
1334,878.0,0.1,2.0,2.0,0.05,0.5,400.0,12.657429000638356,8.530692748153504,13.005541398423064,7.135188330302305
1335,878.0,0.1,2.0,2.0,0.05,0.9,400.0,12.389630057146537,8.056090817615887,13.587755571249316,7.541838864654128
1336,878.0,0.1,2.0,3.0,0.0,0.1,400.0,12.053657670819742,7.840932686520256,12.69572285707134,7.3654805289029275
1337,878.0,0.1,2.0,3.0,0.0,0.5,400.0,11.95882493507167,7.845776651802202,12.27484411450356,7.016000857589824
1338,878.0,0.1,2.0,3.0,0.01,0.1,400.0,11.821659547504176,7.642291647133978,12.858332338916204,7.265519932850413
1339,878.0,0.1,2.0,3.0,0.01,0.5,400.0,11.98477093748801,7.845824642513896,12.47893137827944,7.243673862690111
1340,878.0,0.1,2.0,3.0,0.01,0.9,400.0,11.967905547955796,7.674674034872559,12.533969037185745,7.105127942658026
1341,878.0,0.1,2.0,3.0,0.05,0.1,400.0,12.345713054015938,8.090171174628713,12.69773472374939,7.36153961252574
1342,878.0,0.1,2.0,3.0,0.05,0.5,400.0,11.983297367896549,7.936049971234896,12.850116870055592,7.3372986625856
1343,878.0,0.1,2.0,3.0,0.05,0.9,400.0,12.278133745353411,7.993394241502179,12.862386845073344,7.3886400854438845
1344,878.0,0.1,3.0,1.0,0.0,0.1,400.0,12.695063824032978,8.605801389881128,12.917239250853823,7.067301524568483
1345,878.0,0.1,3.0,1.0,0.0,0.5,400.0,12.682764405271197,8.64794783091352,13.078516955797603,7.007379400192987
1346,878.0,0.1,3.0,1.0,0.01,0.1,400.0,12.524687123671747,8.581885307691344,12.739886380583432,6.945939385549486
1347,878.0,0.1,3.0,1.0,0.01,0.5,400.0,13.128315894740823,8.716488598314136,13.358877549199057,7.355232467101109
1348,878.0,0.1,3.0,1.0,0.01,0.9,400.0,12.893031605611407,8.709562209955742,13.068547635505405,6.879136072137798
1349,878.0,0.1,3.0,1.0,0.05,0.1,400.0,13.213589504965654,8.893859643036608,13.558747197059139,7.521495947610633
1350,878.0,0.1,3.0,1.0,0.05,0.5,400.0,12.946618295166498,8.743961735016986,13.331973762275869,7.38725044041708
1351,878.0,0.1,3.0,1.0,0.05,0.9,400.0,13.082836585383738,8.760381685849664,13.492539624336336,7.521169681006853
1352,878.0,0.1,3.0,2.0,0.0,0.1,400.0,12.143317482882466,8.032319968210436,12.976152163906914,7.272839199780266
1353,878.0,0.1,3.0,2.0,0.0,0.5,400.0,11.727702991578052,7.632017005128085,13.047134962771793,7.0782054836125505
1354,878.0,0.1,3.0,2.0,0.01,0.1,400.0,12.644816783002286,8.465508507944191,13.202557956425762,7.18315078981148
1355,878.0,0.1,3.0,2.0,0.01,0.5,400.0,11.930234946101896,7.802258557686129,12.95337073056289,7.1993399621330605
1356,878.0,0.1,3.0,2.0,0.01,0.9,400.0,12.665164127295869,8.314433539078982,13.147121253259215,7.309244386500449
1357,878.0,0.1,3.0,2.0,0.05,0.1,400.0,12.784286231947094,8.66104840384903,13.206918524893949,7.300477673762385
1358,878.0,0.1,3.0,2.0,0.05,0.5,400.0,12.766537545328978,8.631234089628448,13.377555356699563,7.318415126314032
1359,878.0,0.1,3.0,2.0,0.05,0.9,400.0,12.693189570536937,8.533553945946808,13.2987837926724,7.089726332170813
1360,878.0,0.1,3.0,3.0,0.0,0.1,400.0,12.159982579779735,7.962454338303697,13.026417150966774,7.280253087625339
1361,878.0,0.1,3.0,3.0,0.0,0.5,400.0,12.127058062930237,7.905595193674798,12.543245243173965,7.126497968662961
1362,878.0,0.1,3.0,3.0,0.01,0.1,400.0,12.249766641789375,7.675036392316017,13.01754090963616,7.149108945990938
1363,878.0,0.1,3.0,3.0,0.01,0.5,400.0,11.88537849202701,7.8685997958630045,12.79870054224716,7.287463800631502
1364,878.0,0.1,3.0,3.0,0.01,0.9,400.0,12.456700118805495,7.923951166279035,13.151312168479818,7.601114708188877
1365,878.0,0.1,3.0,3.0,0.05,0.1,400.0,12.415574963173029,8.223786681226796,13.203248994481385,7.645744199686849
1366,878.0,0.1,3.0,3.0,0.05,0.5,400.0,12.426183344357867,8.243531100615265,13.111093443938813,7.558532372387189
1367,878.0,0.1,3.0,3.0,0.05,0.9,400.0,13.318226423167863,9.032634803874204,13.866850407820019,7.77915932486018
1368,879.0,0.1,1.0,1.0,0.0,0.1,400.0,8.040598278070588,6.0320080206715145,13.523585960634078,9.408239445921728
1369,879.0,0.1,1.0,1.0,0.0,0.5,400.0,6.246482460455301,5.059594747710211,10.248710430443097,6.655344186840764
1370,879.0,0.1,1.0,1.0,0.01,0.1,400.0,8.129273853423433,6.389686769433072,13.032264066969576,9.712079864813889
1371,879.0,0.1,1.0,1.0,0.01,0.5,400.0,6.725117496017234,5.266543420760117,10.53482545429668,6.9469089566251245
1372,879.0,0.1,1.0,1.0,0.01,0.9,400.0,9.309728844678192,8.06234463635183,10.202192168696072,8.024736413777722
1373,879.0,0.1,1.0,1.0,0.05,0.1,400.0,8.34264118135763,6.497238306524179,13.73257577532498,9.731980445343028
1374,879.0,0.1,1.0,1.0,0.05,0.5,400.0,7.747677937382987,6.017956836400028,12.098145294632168,8.485421568395418
1375,879.0,0.1,1.0,1.0,0.05,0.9,400.0,6.70162372031787,5.139954442048324,11.884156185695907,8.030446397866873
1376,879.0,0.1,1.0,2.0,0.0,0.1,400.0,7.879138783270853,5.814787701406983,13.38985914518153,9.015272410034816
1377,879.0,0.1,1.0,2.0,0.0,0.5,400.0,6.3568510773253895,4.997346812736857,10.394072828498416,7.174539166657733
1378,879.0,0.1,1.0,2.0,0.01,0.1,400.0,7.729787030792685,5.725080092416467,13.104523915422767,9.01324818093082
1379,879.0,0.1,1.0,2.0,0.01,0.5,400.0,6.375884010537863,4.90814081342315,11.048608294559278,7.454017796647222
1380,879.0,0.1,1.0,2.0,0.01,0.9,400.0,6.645629356619921,5.1359347258474015,10.877929346844843,7.818664505669291
1381,879.0,0.1,1.0,2.0,0.05,0.1,400.0,7.882147124023963,5.828237596903714,13.524436290146925,9.153175301854905
1382,879.0,0.1,1.0,2.0,0.05,0.5,400.0,6.941511419625693,5.175905305148869,12.255319132435059,7.98630290377356
1383,879.0,0.1,1.0,2.0,0.05,0.9,400.0,6.532592829795221,4.931461335691916,11.815112204748601,7.95109530760339
1384,879.0,0.1,1.0,3.0,0.0,0.1,400.0,6.637528042096232,4.861578029855246,11.480161133350165,8.054827108715033
1385,879.0,0.1,1.0,3.0,0.0,0.5,400.0,6.5884276430061846,5.266944211289101,10.766353671245525,7.496861757335092
1386,879.0,0.1,1.0,3.0,0.01,0.1,400.0,6.670161665754435,5.132920370487664,12.161637365454606,8.588596340783704
1387,879.0,0.1,1.0,3.0,0.01,0.5,400.0,6.398221278359535,4.962510058288802,11.028379272914385,7.550609969949208
1388,879.0,0.1,1.0,3.0,0.01,0.9,400.0,6.692147022080924,5.427287661113891,10.428380021995611,7.390121145915036
1389,879.0,0.1,1.0,3.0,0.05,0.1,400.0,6.646361215508784,4.94265252455475,12.223626237585286,8.522916074042934
1390,879.0,0.1,1.0,3.0,0.05,0.5,400.0,6.450004503777101,4.851542579199416,11.282625033705308,7.774243609363135
1391,879.0,0.1,1.0,3.0,0.05,0.9,400.0,6.366367969121544,4.898977249093671,10.256694871525402,7.1397110025773864
1392,879.0,0.1,2.0,1.0,0.0,0.1,400.0,6.76613213198751,4.95666192453626,12.028402919981845,7.917972903045437
1393,879.0,0.1,2.0,1.0,0.0,0.5,400.0,6.0313440203250055,4.77907644284669,9.87902549996895,6.500104107379028
1394,879.0,0.1,2.0,1.0,0.01,0.1,400.0,6.651484721565031,4.757337029554219,11.054553805067046,7.125523638003066
1395,879.0,0.1,2.0,1.0,0.01,0.5,400.0,6.057813088276679,4.662074421487753,10.813176614883037,7.0197670041351
1396,879.0,0.1,2.0,1.0,0.01,0.9,400.0,8.778708889116109,7.610483852933523,9.812166452764252,7.6700766606884185
1397,879.0,0.1,2.0,1.0,0.05,0.1,400.0,6.592092207266298,4.9373591342814676,11.758123481866871,7.729775350373749
1398,879.0,0.1,2.0,1.0,0.05,0.5,400.0,6.708841000127832,5.08584237226881,11.256236374542315,7.2424184962677085
1399,879.0,0.1,2.0,1.0,0.05,0.9,400.0,6.073100380819351,4.756947558404472,10.925248232481344,7.036520761339008
1400,879.0,0.1,2.0,2.0,0.0,0.1,400.0,7.063843719039961,5.346822460165997,12.396729694591057,8.038855286581258
1401,879.0,0.1,2.0,2.0,0.0,0.5,400.0,6.606599449566955,5.155845298102659,10.667499907321588,7.315362714548805
1402,879.0,0.1,2.0,2.0,0.01,0.1,400.0,7.067400458867285,5.188764108336735,11.829027246072947,7.8637568146244705
1403,879.0,0.1,2.0,2.0,0.01,0.5,400.0,6.578237605074714,5.301169086268428,11.078456444355465,7.435201164436695
1404,879.0,0.1,2.0,2.0,0.01,0.9,400.0,11.798662595008587,9.704281681444332,11.906325335118385,9.505913163745682
1405,879.0,0.1,2.0,2.0,0.05,0.1,400.0,7.198394386260355,5.37064895408836,12.521514312742237,8.19338244540818
1406,879.0,0.1,2.0,2.0,0.05,0.5,400.0,6.793436374489547,5.033853857451652,11.52389628804858,7.38721957833786
1407,879.0,0.1,2.0,2.0,0.05,0.9,400.0,6.47589043507627,5.0725717602813685,11.209476964132756,7.59804321386606
1408,879.0,0.1,2.0,3.0,0.0,0.1,400.0,7.177566292153756,5.763241612557831,11.088634087467288,7.800525236349619
1409,879.0,0.1,2.0,3.0,0.0,0.5,400.0,6.542883226738262,5.02316738434116,10.279127255037139,7.359200538271411
1410,879.0,0.1,2.0,3.0,0.01,0.1,400.0,7.149350674304659,5.720101834844704,11.531219043113529,8.123861228101473
1411,879.0,0.1,2.0,3.0,0.01,0.5,400.0,6.65464060932892,5.156353989117776,10.489180408670295,7.355229686510759
1412,879.0,0.1,2.0,3.0,0.01,0.9,400.0,7.092804948946112,5.753153049579407,10.747173986189319,7.589977463243209
1413,879.0,0.1,2.0,3.0,0.05,0.1,400.0,7.428949060333658,5.857144247573891,11.971142026972064,8.401806697121025
1414,879.0,0.1,2.0,3.0,0.05,0.5,400.0,6.415236074590191,4.99376376340887,10.707280886719877,7.46994727792617
1415,879.0,0.1,2.0,3.0,0.05,0.9,400.0,6.49908867597193,4.895253982445717,10.726169613511532,7.478133806808808
1416,879.0,0.1,3.0,1.0,0.0,0.1,400.0,6.667027165801959,4.90264185652869,11.618512395972278,7.654681808645185
1417,879.0,0.1,3.0,1.0,0.0,0.5,400.0,6.232422545408274,5.083859766969236,10.542609024198722,7.124012936048938
1418,879.0,0.1,3.0,1.0,0.01,0.1,400.0,6.598212681788229,5.409169582168903,11.125555619683551,7.347336896187369
1419,879.0,0.1,3.0,1.0,0.01,0.5,400.0,6.363083827739339,5.038964994667816,10.883409969730554,7.206336176436289
1420,879.0,0.1,3.0,1.0,0.01,0.9,400.0,6.518725536239745,5.274525534727249,10.329111479869155,7.118525315115725
1421,879.0,0.1,3.0,1.0,0.05,0.1,400.0,6.656702701231094,4.8642136442251855,11.784006703000099,7.827442492467744
1422,879.0,0.1,3.0,1.0,0.05,0.5,400.0,7.8073564503321355,6.26983314602129,9.829203456271065,6.510071592153943
1423,879.0,0.1,3.0,1.0,0.05,0.9,400.0,6.283794642266102,4.828969001346523,11.344824574621036,7.470440324552817
1424,879.0,0.1,3.0,2.0,0.0,0.1,400.0,6.737770907392327,5.169512936100308,11.18134115115862,7.531995294781831
1425,879.0,0.1,3.0,2.0,0.0,0.5,400.0,6.915045924316225,5.7003444817682185,11.043065138067965,7.475843552803747
1426,879.0,0.1,3.0,2.0,0.01,0.1,400.0,6.841601808565158,5.238741227381746,11.63098766475016,7.783790586017348
1427,879.0,0.1,3.0,2.0,0.01,0.5,400.0,6.734962123026984,5.44687863750352,10.989591854743953,7.460195081089954
1428,879.0,0.1,3.0,2.0,0.01,0.9,400.0,7.191542175375169,5.551053270310448,10.614521282387809,7.114612911543561
1429,879.0,0.1,3.0,2.0,0.05,0.1,400.0,6.8997277581235466,5.1868364919864725,11.424784765108459,7.434048083472869
1430,879.0,0.1,3.0,2.0,0.05,0.5,400.0,6.759387232251229,5.233753986317611,10.940069791808408,7.185238536860762
1431,879.0,0.1,3.0,2.0,0.05,0.9,400.0,6.800420569289671,5.324735160266981,11.253150609848632,7.5094631370212745
1432,879.0,0.1,3.0,3.0,0.0,0.1,400.0,6.806762961561872,5.16564693878618,10.558822836979282,7.423313752148558
1433,879.0,0.1,3.0,3.0,0.0,0.5,400.0,6.4967706850851,5.223707085002983,10.002279461955963,7.014072872058277
1434,879.0,0.1,3.0,3.0,0.01,0.1,400.0,6.540963523159496,5.053522378223024,10.225407221762678,7.37005474053368
1435,879.0,0.1,3.0,3.0,0.01,0.5,400.0,6.45661864589821,4.993294731767648,9.870740082744422,6.9335145231913184
1436,879.0,0.1,3.0,3.0,0.01,0.9,400.0,6.994774011528894,5.752598283683309,10.49878948715976,7.55250313824599
1437,879.0,0.1,3.0,3.0,0.05,0.1,400.0,6.6913265072845505,5.197750880701942,11.096884475434504,7.842234313493216
1438,879.0,0.1,3.0,3.0,0.05,0.5,400.0,6.4495230381424475,4.961453110767784,10.85941901646879,7.657487289591805
1439,879.0,0.1,3.0,3.0,0.05,0.9,400.0,6.376140682069138,4.959068971119923,10.69443557924271,7.581422980616815
1440,880.0,0.1,1.0,1.0,0.0,0.1,400.0,9.793514814486272,6.30625644118549,12.119747587912311,6.712456018859413
1441,880.0,0.1,1.0,1.0,0.0,0.5,400.0,10.016417839028,6.426916348656448,12.44961267081736,6.987384626436758
1442,880.0,0.1,1.0,1.0,0.01,0.1,400.0,9.71351868806433,6.237152610520471,12.035194109841223,6.683171119865147
1443,880.0,0.1,1.0,1.0,0.01,0.5,400.0,9.799377670755392,6.304787123035665,12.394341945527021,6.864428748399201
1444,880.0,0.1,1.0,1.0,0.01,0.9,400.0,10.125115215508295,6.556391207404809,12.512372919493743,7.255372564597531
1445,880.0,0.1,1.0,1.0,0.05,0.1,400.0,9.76557708067804,6.285461674719119,12.146479107859024,6.8227682977939175
1446,880.0,0.1,1.0,1.0,0.05,0.5,400.0,9.757859043291683,6.298455613786547,12.184554552301062,6.708422422282786
1447,880.0,0.1,1.0,1.0,0.05,0.9,400.0,10.408169837966263,6.550281036842429,12.549391216978332,6.881350199886439
1448,880.0,0.1,1.0,2.0,0.0,0.1,400.0,8.412419375376748,5.716827432286862,12.818800462710563,7.540761184546316
1449,880.0,0.1,1.0,2.0,0.0,0.5,400.0,8.647175389298546,6.039563528588074,12.679461423500815,7.698094900746307
1450,880.0,0.1,1.0,2.0,0.01,0.1,400.0,8.40506888639396,5.746528558555064,12.87032687179508,7.550924785583152
1451,880.0,0.1,1.0,2.0,0.01,0.5,400.0,8.3611693891918,5.820061156677854,12.600952176555946,7.489833339796429
1452,880.0,0.1,1.0,2.0,0.01,0.9,400.0,8.435151828456718,5.871506365794835,12.486819598266123,7.353977265381957
1453,880.0,0.1,1.0,2.0,0.05,0.1,400.0,8.334647836601112,5.544050598971548,12.636785300905915,7.392949711243608
1454,880.0,0.1,1.0,2.0,0.05,0.5,400.0,8.391636698462456,5.714382757986745,12.743495754018378,7.453086338571959
1455,880.0,0.1,1.0,2.0,0.05,0.9,400.0,8.20573624580906,5.701695953015922,12.89046804778798,7.79032695482289
1456,880.0,0.1,1.0,3.0,0.0,0.1,400.0,8.747028856251239,6.414777906481063,13.257497073452763,7.9454895911924295
1457,880.0,0.1,1.0,3.0,0.0,0.5,400.0,8.972848903712945,6.569850846448349,12.97182460738439,8.086577567616759
1458,880.0,0.1,1.0,3.0,0.01,0.1,400.0,8.798471865623153,6.484306744734619,12.88972263758696,7.802195480737111
1459,880.0,0.1,1.0,3.0,0.01,0.5,400.0,8.900399540414707,6.422957795125984,13.259406047353917,8.116264108457315
1460,880.0,0.1,1.0,3.0,0.01,0.9,400.0,8.914719259287933,6.555722268754981,13.087294433133833,8.119106180810274
1461,880.0,0.1,1.0,3.0,0.05,0.1,400.0,8.812040197142029,6.4388137615761805,13.26501968726529,8.099342363726617
1462,880.0,0.1,1.0,3.0,0.05,0.5,400.0,8.755744310133933,6.41433529022615,12.90995173197734,7.890432876138859
1463,880.0,0.1,1.0,3.0,0.05,0.9,400.0,8.883032862258078,6.419951314876095,13.318666254109964,8.133401381906172
1464,880.0,0.1,2.0,1.0,0.0,0.1,400.0,9.703402638092665,6.171574814390097,11.984877614922866,6.653475612747538
1465,880.0,0.1,2.0,1.0,0.0,0.5,400.0,10.008305366911312,6.311486972687728,12.388283048827315,6.686077559694704
1466,880.0,0.1,2.0,1.0,0.01,0.1,400.0,9.703477410176909,6.232194639891643,12.057668439625289,6.732530114210894
1467,880.0,0.1,2.0,1.0,0.01,0.5,400.0,9.9722155081708,6.227931125350332,12.325222684424208,6.610870130393368
1468,880.0,0.1,2.0,1.0,0.01,0.9,400.0,10.007803658550786,6.263870795793272,12.45005586343699,6.821237380755385
1469,880.0,0.1,2.0,1.0,0.05,0.1,400.0,9.7548283592518,6.362122421987341,12.149636650685515,6.92722948367041
1470,880.0,0.1,2.0,1.0,0.05,0.5,400.0,9.981527643078014,6.309431638220053,12.235088485986406,6.62474472335371
1471,880.0,0.1,2.0,1.0,0.05,0.9,400.0,10.053798155288062,6.290716826821154,12.229854075763841,6.399906279480043
1472,880.0,0.1,2.0,2.0,0.0,0.1,400.0,8.532292821991293,5.714036966536761,12.702700191086564,7.533953965310271
1473,880.0,0.1,2.0,2.0,0.0,0.5,400.0,8.736476515811786,6.195178277610193,12.605886171507589,7.624800456175358
1474,880.0,0.1,2.0,2.0,0.01,0.1,400.0,8.215590429104658,5.693838043811353,12.879369550877126,7.661239072796655
1475,880.0,0.1,2.0,2.0,0.01,0.5,400.0,8.434530701492333,5.778791034886948,12.760477820502032,7.602495108538891
1476,880.0,0.1,2.0,2.0,0.01,0.9,400.0,7.9332012072550375,5.575547008351374,12.869031272562882,7.517324633264532
1477,880.0,0.1,2.0,2.0,0.05,0.1,400.0,8.4495386216885,5.879953873652982,12.912929774456222,7.574770687304166
1478,880.0,0.1,2.0,2.0,0.05,0.5,400.0,8.278911626902726,5.636637428150132,12.968829536491311,7.648435301777263
1479,880.0,0.1,2.0,2.0,0.05,0.9,400.0,8.462397489517521,5.898984055993679,12.701432147088477,7.442865453731778
1480,880.0,0.1,2.0,3.0,0.0,0.1,400.0,8.592612799338866,6.082628312566896,13.15086321021241,7.530226681405523
1481,880.0,0.1,2.0,3.0,0.0,0.5,400.0,9.015864334576394,6.555321717398068,12.978739202220094,7.934687172734071
1482,880.0,0.1,2.0,3.0,0.01,0.1,400.0,8.563350461110163,6.245477143302069,13.027530536019514,7.2322738579162245
1483,880.0,0.1,2.0,3.0,0.01,0.5,400.0,8.973501572334216,6.6359321603826755,13.229016702049353,8.101776755133965
1484,880.0,0.1,2.0,3.0,0.01,0.9,400.0,9.108595810635972,6.359121289970294,12.778564437399808,7.493640501298826
1485,880.0,0.1,2.0,3.0,0.05,0.1,400.0,8.67736916114927,6.253826914567642,12.89158008850083,7.415018827969963
1486,880.0,0.1,2.0,3.0,0.05,0.5,400.0,8.932650066473434,6.629311947531452,12.950118979452604,7.59773519205182
1487,880.0,0.1,2.0,3.0,0.05,0.9,400.0,8.957806564398496,6.638388751012363,13.267614307681383,8.062561988908733
1488,880.0,0.1,3.0,1.0,0.0,0.1,400.0,9.905604685614845,6.3126400669003315,12.276394469107112,6.90976548941774
1489,880.0,0.1,3.0,1.0,0.0,0.5,400.0,10.093134061160688,6.417310807304602,12.516080918294056,6.94324891921573
1490,880.0,0.1,3.0,1.0,0.01,0.1,400.0,9.931701852898032,6.419402948059861,12.271322124172302,6.924106930164379
1491,880.0,0.1,3.0,1.0,0.01,0.5,400.0,9.978310983105766,6.196739338723129,12.34042949948489,6.754072803750419
1492,880.0,0.1,3.0,1.0,0.01,0.9,400.0,10.136055256470286,6.479888190297956,12.456188883344655,6.966315238738207
1493,880.0,0.1,3.0,1.0,0.05,0.1,400.0,10.005051972337805,6.51791348006137,12.210413891082808,6.887946861508307
1494,880.0,0.1,3.0,1.0,0.05,0.5,400.0,9.898010306863682,6.327740154965223,12.358371431692479,6.887509031836171
1495,880.0,0.1,3.0,1.0,0.05,0.9,400.0,9.937571958830409,6.344367335790796,12.180786121218956,6.676214270656647
1496,880.0,0.1,3.0,2.0,0.0,0.1,400.0,8.35611321571815,5.705438395890012,12.925005811614264,7.660836967775549
1497,880.0,0.1,3.0,2.0,0.0,0.5,400.0,8.666295199116783,6.211162177993207,12.633728236867052,7.6093428985757585
1498,880.0,0.1,3.0,2.0,0.01,0.1,400.0,8.469484588153163,5.788183199760912,12.873730542969653,7.672788425421226
1499,880.0,0.1,3.0,2.0,0.01,0.5,400.0,8.632921932324637,6.04491654486035,12.648724554562538,7.561024854480384
1500,880.0,0.1,3.0,2.0,0.01,0.9,400.0,8.65730898051606,6.277102747114119,12.483998552092265,7.211311290558734
1501,880.0,0.1,3.0,2.0,0.05,0.1,400.0,8.493461681113137,5.818412636779034,13.019283351144594,7.750700284502289
1502,880.0,0.1,3.0,2.0,0.05,0.5,400.0,8.760376724324203,5.987180986365142,12.535741254198873,7.218974278300678
1503,880.0,0.1,3.0,2.0,0.05,0.9,400.0,8.362782036158992,5.726307543339556,12.762239203539075,7.414634859256058
1504,880.0,0.1,3.0,3.0,0.0,0.1,400.0,9.033560795224616,6.3365750778380585,12.935758283900649,7.332793691663762
1505,880.0,0.1,3.0,3.0,0.0,0.5,400.0,8.906984335928847,6.552039271692587,13.371710174463804,8.139210940886764
1506,880.0,0.1,3.0,3.0,0.01,0.1,400.0,9.205319250183999,6.597442408859547,12.849212553586218,7.532892755846949
1507,880.0,0.1,3.0,3.0,0.01,0.5,400.0,9.023132517995037,6.639881146795469,13.308281040062239,8.059317153880999
1508,880.0,0.1,3.0,3.0,0.01,0.9,400.0,9.079694855637234,6.499542376528154,12.927828233684213,7.797566782457068
1509,880.0,0.1,3.0,3.0,0.05,0.1,400.0,8.932477500620664,6.4743237667741385,13.156346108110997,7.675515978956615
1510,880.0,0.1,3.0,3.0,0.05,0.5,400.0,8.654816402083775,6.405997253799848,12.750261988975499,7.606527046864199
1511,880.0,0.1,3.0,3.0,0.05,0.9,400.0,9.231815432659085,6.801293789236264,12.935183677142254,7.803487881954355
1512,881.0,0.1,1.0,1.0,0.0,0.1,400.0,11.230338118600542,8.143001804521216,7.374981424107362,5.827994589442964
1513,881.0,0.1,1.0,1.0,0.0,0.5,400.0,9.091598683385495,6.359861896626067,5.93395231597435,4.782787132650744
1514,881.0,0.1,1.0,1.0,0.01,0.1,400.0,11.26640553188394,8.17079001115108,7.385075261048741,5.849254480707514
1515,881.0,0.1,1.0,1.0,0.01,0.5,400.0,9.812522665977008,6.567368071378757,6.031082223602502,5.000089355941787
1516,881.0,0.1,1.0,1.0,0.01,0.9,400.0,9.614888408095673,8.14501891877054,9.51227743323816,8.244986365322834
1517,881.0,0.1,1.0,1.0,0.05,0.1,400.0,11.39276001063128,8.266471195819967,7.435444816926222,5.93025852613914
1518,881.0,0.1,1.0,1.0,0.05,0.5,400.0,10.824061178563577,7.300982891708112,6.485697043993221,5.2092828483065565
1519,881.0,0.1,1.0,1.0,0.05,0.9,400.0,10.11019202356337,6.686200961075981,6.14626738225516,4.928402250761814
1520,881.0,0.1,1.0,2.0,0.0,0.1,400.0,11.571658988569501,8.12000495148826,6.596438109370954,5.3248265039420035
1521,881.0,0.1,1.0,2.0,0.0,0.5,400.0,8.626541629899092,6.082075671522977,5.705953426963954,4.3997444270605515
1522,881.0,0.1,1.0,2.0,0.01,0.1,400.0,11.611645913341684,8.143471993202489,6.731597766643038,5.482032988575594
1523,881.0,0.1,1.0,2.0,0.01,0.5,400.0,9.004032516366502,6.128749882260763,5.678966465466177,4.534328274530916
1524,881.0,0.1,1.0,2.0,0.01,0.9,400.0,8.473815348060892,6.208294002308014,7.002929088177298,5.459512095957605
1525,881.0,0.1,1.0,2.0,0.05,0.1,400.0,12.142005194963218,8.522686452224649,7.336510015729627,5.798005342196998
1526,881.0,0.1,1.0,2.0,0.05,0.5,400.0,9.956168079641694,6.6924405680726125,5.978432219004967,4.9337833336709975
1527,881.0,0.1,1.0,2.0,0.05,0.9,400.0,9.330707317914285,6.3932002070012235,5.6802598293867055,4.586098315696906
1528,881.0,0.1,1.0,3.0,0.0,0.1,400.0,9.579197831089589,6.9184364904880145,5.44512840180923,4.133712850969036
1529,881.0,0.1,1.0,3.0,0.0,0.5,400.0,8.557058242130998,6.562940938722673,5.889545177658673,4.566947332510542
1530,881.0,0.1,1.0,3.0,0.01,0.1,400.0,12.289809201172924,8.845420809266686,7.442522923592797,6.1499926833987555
1531,881.0,0.1,1.0,3.0,0.01,0.5,400.0,9.253829635252012,6.727858505351881,5.517132988363814,4.365432165063221
1532,881.0,0.1,1.0,3.0,0.01,0.9,400.0,8.880343263019022,6.715790351963914,6.233897476841154,4.736665013256921
1533,881.0,0.1,1.0,3.0,0.05,0.1,400.0,12.57458459677215,9.152619740831078,7.565660168384708,6.24353137510065
1534,881.0,0.1,1.0,3.0,0.05,0.5,400.0,10.596723445550799,7.409029467531765,6.191590950199219,5.289781599530692
1535,881.0,0.1,1.0,3.0,0.05,0.9,400.0,9.800095450245367,6.970490769828789,5.994712884517337,4.933326296661889
1536,881.0,0.1,2.0,1.0,0.0,0.1,400.0,11.461976846195094,8.30834091478834,7.449835330980903,5.917865854234029
1537,881.0,0.1,2.0,1.0,0.0,0.5,400.0,9.267391431514845,6.348788821842534,5.794817699297631,4.635176596822604
1538,881.0,0.1,2.0,1.0,0.01,0.1,400.0,11.459957018172117,8.142413120537624,7.262186111771311,5.859715639001594
1539,881.0,0.1,2.0,1.0,0.01,0.5,400.0,9.627736621104061,6.378413515625172,5.5828813114579825,4.475630327477668
1540,881.0,0.1,2.0,1.0,0.01,0.9,400.0,9.784789905433355,8.288536540310362,9.61992586681783,8.384896779964157
1541,881.0,0.1,2.0,1.0,0.05,0.1,400.0,11.73694290184858,8.526124654807708,7.642632024628038,6.120564868783161
1542,881.0,0.1,2.0,1.0,0.05,0.5,400.0,10.676189625297424,7.291946124397447,6.4253809505802595,5.134296613167632
1543,881.0,0.1,2.0,1.0,0.05,0.9,400.0,9.81170776077508,6.579566391332212,5.622545258295303,4.5243748649437805
1544,881.0,0.1,2.0,2.0,0.0,0.1,400.0,8.967753509848624,6.333301176527747,5.384713080142857,4.1398582816877685
1545,881.0,0.1,2.0,2.0,0.0,0.5,400.0,8.401078837714277,5.890359013803293,5.626059555699082,4.329046877477395
1546,881.0,0.1,2.0,2.0,0.01,0.1,400.0,10.602033755338613,7.190229886882857,5.778724020767823,4.703682086590533
1547,881.0,0.1,2.0,2.0,0.01,0.5,400.0,9.291817172757575,6.412364439370157,5.666860595691934,4.60989204874093
1548,881.0,0.1,2.0,2.0,0.01,0.9,400.0,8.348706430269791,5.926154542171109,5.8530779498469325,4.416410775123008
1549,881.0,0.1,2.0,2.0,0.05,0.1,400.0,10.422902253328639,7.095147522634396,6.125337005282689,4.907826530497601
1550,881.0,0.1,2.0,2.0,0.05,0.5,400.0,9.978986084567204,6.550489199617393,5.905941598323879,4.845040967620381
1551,881.0,0.1,2.0,2.0,0.05,0.9,400.0,9.325385673872988,6.160346541225211,5.677687590783191,4.493582765881421
1552,881.0,0.1,2.0,3.0,0.0,0.1,400.0,9.485874127885662,6.89071871481965,5.519745231930725,4.319013707666496
1553,881.0,0.1,2.0,3.0,0.0,0.5,400.0,8.930044297217332,6.574987094607112,5.8309141562220095,4.632661299972622
1554,881.0,0.1,2.0,3.0,0.01,0.1,400.0,9.167306659184794,6.689130008868465,5.794526591630512,4.433337858409857
1555,881.0,0.1,2.0,3.0,0.01,0.5,400.0,9.005937765131566,6.585653473683906,5.581158812296647,4.541494365124087
1556,881.0,0.1,2.0,3.0,0.01,0.9,400.0,9.171831048286206,7.014434715330479,6.327698457968558,4.744935196371094
1557,881.0,0.1,2.0,3.0,0.05,0.1,400.0,11.04679721049061,8.008881095228967,6.817667083212931,5.970115440388289
1558,881.0,0.1,2.0,3.0,0.05,0.5,400.0,9.468826464176058,6.749865483985792,5.1969867359928745,4.160348417706258
1559,881.0,0.1,2.0,3.0,0.05,0.9,400.0,9.376535461452338,6.746710046619203,6.1992629319654835,5.02889107974944
1560,881.0,0.1,3.0,1.0,0.0,0.1,400.0,10.035903135669463,6.836189190263618,5.42821861778024,4.451908734550537
1561,881.0,0.1,3.0,1.0,0.0,0.5,400.0,8.971212746935674,6.026031428120805,5.563308624281841,4.46323063986407
1562,881.0,0.1,3.0,1.0,0.01,0.1,400.0,10.571187360800959,7.092003367436687,6.113685347802231,5.13497409041716
1563,881.0,0.1,3.0,1.0,0.01,0.5,400.0,9.36242560728478,6.426549694678392,5.37145859431543,4.046824626876899
1564,881.0,0.1,3.0,1.0,0.01,0.9,400.0,8.652280677037924,6.293297126474824,6.37329992942177,5.3750187138906975
1565,881.0,0.1,3.0,1.0,0.05,0.1,400.0,8.911759474982427,6.375991944925003,5.300949261297437,4.010156433229875
1566,881.0,0.1,3.0,1.0,0.05,0.5,400.0,9.88753950190417,6.671751502957567,5.646360456423909,4.595971486023394
1567,881.0,0.1,3.0,1.0,0.05,0.9,400.0,9.63671976062493,6.511411801778293,5.808189189769988,4.753441749249301
1568,881.0,0.1,3.0,2.0,0.0,0.1,400.0,9.016070451253563,6.352055063588229,5.504582738002728,4.329613403127187
1569,881.0,0.1,3.0,2.0,0.0,0.5,400.0,8.801631350801612,6.369705312832268,5.877354436819432,4.644451278480927
1570,881.0,0.1,3.0,2.0,0.01,0.1,400.0,9.052169523483766,6.43931644017118,5.182738312581338,4.079415544649951
1571,881.0,0.1,3.0,2.0,0.01,0.5,400.0,8.952621322660491,6.297618982483921,5.646129200887268,4.530878665964557
1572,881.0,0.1,3.0,2.0,0.01,0.9,400.0,8.77122062162505,6.2466903140640975,5.841092353096943,4.542018098383763
1573,881.0,0.1,3.0,2.0,0.05,0.1,400.0,9.650478559632473,6.675716233878606,5.563905714704918,4.6169823979455495
1574,881.0,0.1,3.0,2.0,0.05,0.5,400.0,9.027069003012123,6.300940099768763,5.657762809556717,4.398827250797651
1575,881.0,0.1,3.0,2.0,0.05,0.9,400.0,9.18182836364091,6.474668072208613,5.915291401136303,4.930917343917474
1576,881.0,0.1,3.0,3.0,0.0,0.1,400.0,9.358612484716998,6.772119179574764,5.788686922428606,4.398989538063195
1577,881.0,0.1,3.0,3.0,0.0,0.5,400.0,9.194007623374386,6.716320051128932,6.099036807217316,4.871782660764324
1578,881.0,0.1,3.0,3.0,0.01,0.1,400.0,9.308981678972055,6.617393461635758,6.010597652457079,4.4540095231984065
1579,881.0,0.1,3.0,3.0,0.01,0.5,400.0,9.48946943727361,6.931861233475656,5.532664040578262,4.431346343979092
1580,881.0,0.1,3.0,3.0,0.01,0.9,400.0,9.309949675308623,6.863511209157251,6.2727291455818515,4.97183110690879
1581,881.0,0.1,3.0,3.0,0.05,0.1,400.0,9.964385730579403,7.285465906320768,6.017587484078829,5.062359945498911
1582,881.0,0.1,3.0,3.0,0.05,0.5,400.0,9.17273693727049,6.818948771576296,5.497514197379409,4.19971018610313
1583,881.0,0.1,3.0,3.0,0.05,0.9,400.0,9.553622376815742,7.0344623645179025,5.78348543740384,4.5983580683432415
1584,882.0,0.1,1.0,1.0,0.0,0.1,400.0,7.185202795650805,5.0989855820297745,13.929427637827779,8.922050040347006
1585,882.0,0.1,1.0,1.0,0.0,0.5,400.0,7.513521749126494,6.084196315736703,13.86038191070119,9.524807914407402
1586,882.0,0.1,1.0,1.0,0.01,0.1,400.0,7.211024438329382,5.022328987904049,13.850238788634401,8.7707666777409
1587,882.0,0.1,1.0,1.0,0.01,0.5,400.0,7.351729013911397,5.572047172741315,13.837515139116505,8.959132496771568
1588,882.0,0.1,1.0,1.0,0.01,0.9,400.0,7.872209767940122,6.558274030252093,13.896035811964156,9.88004734922164
1589,882.0,0.1,1.0,1.0,0.05,0.1,400.0,7.359948409217228,4.90393193980808,14.110514357888613,8.712349462150176
1590,882.0,0.1,1.0,1.0,0.05,0.5,400.0,7.428677503616581,5.479260421354468,13.854739479741488,8.861674232189385
1591,882.0,0.1,1.0,1.0,0.05,0.9,400.0,7.185356825973626,5.126749480353682,13.788590094716739,8.604479634508408
1592,882.0,0.1,1.0,2.0,0.0,0.1,400.0,7.366385037793148,5.034891594008106,13.784032485785028,8.777591751407874
1593,882.0,0.1,1.0,2.0,0.0,0.5,400.0,7.701505728776276,5.943659707575714,14.008214291881774,9.545397850395402
1594,882.0,0.1,1.0,2.0,0.01,0.1,400.0,7.356271932446067,5.047855227107406,13.8210861494222,8.952184904839536
1595,882.0,0.1,1.0,2.0,0.01,0.5,400.0,7.569521013877697,5.329046805690157,13.766728345006028,9.00540546416528
1596,882.0,0.1,1.0,2.0,0.01,0.9,400.0,7.821863412981179,5.997290663037617,13.942698310465564,9.642358245292222
1597,882.0,0.1,1.0,2.0,0.05,0.1,400.0,7.346471479847587,5.201623288806852,13.52674078125818,8.661933482312728
1598,882.0,0.1,1.0,2.0,0.05,0.5,400.0,7.421923091433369,5.3853365462500555,13.894195634834748,9.067931744064339
1599,882.0,0.1,1.0,2.0,0.05,0.9,400.0,7.474487494398601,5.194624725928975,13.904069229314764,9.079407484377276
1600,882.0,0.1,1.0,3.0,0.0,0.1,400.0,7.428594468652416,5.3302685024304965,13.668507500719878,8.75470722894567
1601,882.0,0.1,1.0,3.0,0.0,0.5,400.0,7.961229949639976,5.847252215069996,14.089280635653573,9.554783464056344
1602,882.0,0.1,1.0,3.0,0.01,0.1,400.0,7.489797356909161,5.150068652927998,13.833789085000804,8.984770817773379
1603,882.0,0.1,1.0,3.0,0.01,0.5,400.0,7.775080458177266,5.7444528083370665,14.197912223420795,9.437059945547778
1604,882.0,0.1,1.0,3.0,0.01,0.9,400.0,7.928485594246135,5.343487655021375,13.796005908105665,9.037354750256958
1605,882.0,0.1,1.0,3.0,0.05,0.1,400.0,7.547366339557115,5.236024696521878,13.90335464767307,8.784992199740552
1606,882.0,0.1,1.0,3.0,0.05,0.5,400.0,7.665611815618512,5.511384078478489,13.664131360022717,8.827429960438732
1607,882.0,0.1,1.0,3.0,0.05,0.9,400.0,8.081457573035683,5.778241691860602,13.92191423077526,9.23530768515491
1608,882.0,0.1,2.0,1.0,0.0,0.1,400.0,7.228660597224061,5.240341941400447,13.91020322527457,8.973609393823237
1609,882.0,0.1,2.0,1.0,0.0,0.5,400.0,7.546573108302302,5.980844076884946,13.904063949468192,9.56545977673296
1610,882.0,0.1,2.0,1.0,0.01,0.1,400.0,7.3374540513578435,5.434099951377164,13.918197227350362,9.079696359722158
1611,882.0,0.1,2.0,1.0,0.01,0.5,400.0,7.590196170235309,6.013086837210458,13.924753989617791,9.575225839637314
1612,882.0,0.1,2.0,1.0,0.01,0.9,400.0,7.583057907975289,5.93881932149105,13.721357609562004,9.514041017668935
1613,882.0,0.1,2.0,1.0,0.05,0.1,400.0,7.299803612081908,5.423096496595706,13.967685449462527,9.160410557580708
1614,882.0,0.1,2.0,1.0,0.05,0.5,400.0,7.437486400132823,5.689568764433506,13.908430811025303,9.20219276433615
1615,882.0,0.1,2.0,1.0,0.05,0.9,400.0,7.826942266041916,6.3240628379800095,13.966185906888104,9.81103741169914
1616,882.0,0.1,2.0,2.0,0.0,0.1,400.0,7.427064200189643,5.221662418959057,13.632755594358406,8.710688126762198
1617,882.0,0.1,2.0,2.0,0.0,0.5,400.0,7.739461644623288,5.837570752918793,14.046973709700392,9.536442463526724
1618,882.0,0.1,2.0,2.0,0.01,0.1,400.0,7.5012055427320465,5.202732921969398,13.708451914936058,8.707401999012628
1619,882.0,0.1,2.0,2.0,0.01,0.5,400.0,7.764266201094767,5.72135701130292,14.088742995747692,9.48622020380471
1620,882.0,0.1,2.0,2.0,0.01,0.9,400.0,8.03691046346941,6.358185759324746,14.132434393494389,10.03029131324228
1621,882.0,0.1,2.0,2.0,0.05,0.1,400.0,7.489554195630902,5.312282023685723,13.749092322253446,8.790886037534717
1622,882.0,0.1,2.0,2.0,0.05,0.5,400.0,7.629653104769196,5.528952001662385,13.948615417611826,9.191088596397456
1623,882.0,0.1,2.0,2.0,0.05,0.9,400.0,7.552632250068431,5.390528348922141,14.035403183426487,9.286048446117043
1624,882.0,0.1,2.0,3.0,0.0,0.1,400.0,7.786357780570233,5.39342099341572,13.455135625551804,8.51307558636737
1625,882.0,0.1,2.0,3.0,0.0,0.5,400.0,8.130863349148342,6.071026226911728,13.859206036705137,9.315747562818286
1626,882.0,0.1,2.0,3.0,0.01,0.1,400.0,7.533073261827696,5.261977937862739,13.565070569564059,8.578033577316724
1627,882.0,0.1,2.0,3.0,0.01,0.5,400.0,7.700393320706199,5.697950571375388,13.86879533249967,9.17828781597988
1628,882.0,0.1,2.0,3.0,0.01,0.9,400.0,7.999891768731345,5.937334212439993,14.099471633140217,9.655984287959749
1629,882.0,0.1,2.0,3.0,0.05,0.1,400.0,7.765667076919802,5.357238100653997,13.78942887373727,8.80245636549631
1630,882.0,0.1,2.0,3.0,0.05,0.5,400.0,7.705669684926765,5.583614438907229,13.738528932008512,8.869547138969653
1631,882.0,0.1,2.0,3.0,0.05,0.9,400.0,7.822853499707968,5.608157431325855,13.827115943098642,9.080924899558672
1632,882.0,0.1,3.0,1.0,0.0,0.1,400.0,7.216115031742818,5.270123472874347,13.742191229535734,8.88164957293212
1633,882.0,0.1,3.0,1.0,0.0,0.5,400.0,7.443429095181764,5.87882921985842,13.530565426977148,9.147996149964076
1634,882.0,0.1,3.0,1.0,0.01,0.1,400.0,7.214256694102721,5.25017376314722,13.77242432484432,8.898571501488133
1635,882.0,0.1,3.0,1.0,0.01,0.5,400.0,7.46770023877197,5.843637035466149,13.482357909359216,9.033252119328766
1636,882.0,0.1,3.0,1.0,0.01,0.9,400.0,7.194445725223636,5.378649844397765,13.597643746977335,9.330867615880695
1637,882.0,0.1,3.0,1.0,0.05,0.1,400.0,6.981666874027053,4.8052168758651685,13.937043441641523,8.790672917097908
1638,882.0,0.1,3.0,1.0,0.05,0.5,400.0,7.314651435309783,5.51211926191864,13.587836953088607,8.893277884953468
1639,882.0,0.1,3.0,1.0,0.05,0.9,400.0,7.515391457831065,5.940022682654112,13.490800648982445,9.12883419518041
1640,882.0,0.1,3.0,2.0,0.0,0.1,400.0,7.326962353740739,5.106840852827878,13.93371155079141,8.972544546528775
1641,882.0,0.1,3.0,2.0,0.0,0.5,400.0,7.66851386800738,5.810090374835574,13.96476706402843,9.436387643113958
1642,882.0,0.1,3.0,2.0,0.01,0.1,400.0,7.42237266694939,5.163556281772721,13.866268315877385,8.767367601495613
1643,882.0,0.1,3.0,2.0,0.01,0.5,400.0,7.618130597210982,5.6171340973548265,14.119020050498497,9.388997314752373
1644,882.0,0.1,3.0,2.0,0.01,0.9,400.0,7.965873775327855,6.0198285993983225,13.7191576960624,8.900800616855857
1645,882.0,0.1,3.0,2.0,0.05,0.1,400.0,7.405002858717444,5.071530521801636,14.042884746915723,8.887448282389744
1646,882.0,0.1,3.0,2.0,0.05,0.5,400.0,7.417920698787863,4.867188586787432,14.278621767906394,8.88317759911181
1647,882.0,0.1,3.0,2.0,0.05,0.9,400.0,7.743223181204438,5.662408819708362,13.67880832112858,9.015441423288296
1648,882.0,0.1,3.0,3.0,0.0,0.1,400.0,7.718486600092477,5.34256688318032,13.770976218107483,8.79420114503781
1649,882.0,0.1,3.0,3.0,0.0,0.5,400.0,7.8184634672578,5.920421314847306,13.8527883561606,9.39046551570535
1650,882.0,0.1,3.0,3.0,0.01,0.1,400.0,7.479485521415314,5.218850890590106,13.808950412530233,8.996289865750315
1651,882.0,0.1,3.0,3.0,0.01,0.5,400.0,7.76212250465709,5.9253110184864735,14.008461988470437,9.40112748386858
1652,882.0,0.1,3.0,3.0,0.01,0.9,400.0,8.1935100398571,6.156214650512399,13.609274929742696,9.129964413503188
1653,882.0,0.1,3.0,3.0,0.05,0.1,400.0,7.776243916735044,5.3268942360896,13.407674822070762,8.536415462361665
1654,882.0,0.1,3.0,3.0,0.05,0.5,400.0,7.483153718965657,5.40461584999922,13.818879970526696,9.027283286178243
1655,882.0,0.1,3.0,3.0,0.05,0.9,400.0,7.921326754223037,5.847006011625888,13.399168266991445,8.627538957845992
1656,883.0,0.1,1.0,1.0,0.0,0.1,400.0,13.928730622434186,7.794968156448815,9.25232450441693,6.649875489183801
1657,883.0,0.1,1.0,1.0,0.0,0.5,400.0,13.255120562473808,8.083766999533552,8.239702510423752,5.830865758377899
1658,883.0,0.1,1.0,1.0,0.01,0.1,400.0,13.967075337378462,7.854620186941563,9.31440116937432,6.687567631145949
1659,883.0,0.1,1.0,1.0,0.01,0.5,400.0,13.277646126756894,7.965450509897734,8.372846055109624,5.895535173829826
1660,883.0,0.1,1.0,1.0,0.01,0.9,400.0,13.299778059988116,8.100700474555415,8.298215657904038,5.851596294042086
1661,883.0,0.1,1.0,1.0,0.05,0.1,400.0,13.93623806251587,7.8577169404321925,9.244459827570248,6.748439141205653
1662,883.0,0.1,1.0,1.0,0.05,0.5,400.0,13.383570766416998,7.80996482668658,8.589956097578463,5.955825751853368
1663,883.0,0.1,1.0,1.0,0.05,0.9,400.0,13.775297294328027,7.822462429766577,9.182499463176653,6.355151291720726
1664,883.0,0.1,1.0,2.0,0.0,0.1,400.0,13.68407550333984,7.4322054255931995,8.784951643648258,6.069503689194087
1665,883.0,0.1,1.0,2.0,0.0,0.5,400.0,13.41417495003394,7.7440385624689805,8.233178108944152,5.77765617887594
1666,883.0,0.1,1.0,2.0,0.01,0.1,400.0,13.369400361975677,7.106971483293411,8.688729689551451,5.979441959925598
1667,883.0,0.1,1.0,2.0,0.01,0.5,400.0,13.494416166272739,7.562821492033305,8.396811259552578,5.890703048344563
1668,883.0,0.1,1.0,2.0,0.01,0.9,400.0,13.346204402226093,7.713642568626651,8.202545300373927,5.747021230920884
1669,883.0,0.1,1.0,2.0,0.05,0.1,400.0,13.714623831087568,7.322312832719363,8.890702989726078,6.005401128151002
1670,883.0,0.1,1.0,2.0,0.05,0.5,400.0,13.549853169380818,7.39001706363196,8.720686402914906,5.94765969294467
1671,883.0,0.1,1.0,2.0,0.05,0.9,400.0,13.692900913656821,7.558315726793126,8.72562016379686,6.061463967016176
1672,883.0,0.1,1.0,3.0,0.0,0.1,400.0,13.498674993836017,7.231156071928612,8.7316952728807,6.023395184754055
1673,883.0,0.1,1.0,3.0,0.0,0.5,400.0,13.12199063293269,7.273033447176824,8.40990459096496,6.1064389144106705
1674,883.0,0.1,1.0,3.0,0.01,0.1,400.0,13.457167193121766,7.177866405098232,8.809408135288454,5.953508579264057
1675,883.0,0.1,1.0,3.0,0.01,0.5,400.0,13.156579021537288,7.088717482307701,8.440290646364756,5.990899282715177
1676,883.0,0.1,1.0,3.0,0.01,0.9,400.0,13.157802853053747,7.226661341276182,8.42337217791586,6.095773981592492
1677,883.0,0.1,1.0,3.0,0.05,0.1,400.0,13.434618084869745,7.178758774193202,8.812022128535505,5.871029566147713
1678,883.0,0.1,1.0,3.0,0.05,0.5,400.0,13.454652220571548,7.1001518912479,8.750331553721542,6.188682458161111
1679,883.0,0.1,1.0,3.0,0.05,0.9,400.0,13.05636542635204,6.888345237762236,8.672936803463758,5.936309276630422
1680,883.0,0.1,2.0,1.0,0.0,0.1,400.0,13.38083590169176,7.66521321829618,8.698778787155792,6.2196077158040355
1681,883.0,0.1,2.0,1.0,0.0,0.5,400.0,13.280640024079492,8.203296688348368,8.342993901498076,5.865099356733354
1682,883.0,0.1,2.0,1.0,0.01,0.1,400.0,13.405360869634363,7.786615018933189,8.597435140515435,6.216857645251088
1683,883.0,0.1,2.0,1.0,0.01,0.5,400.0,13.318086764450808,8.179335775116972,8.334674646912056,5.8697138151481925
1684,883.0,0.1,2.0,1.0,0.01,0.9,400.0,13.28963508703187,8.04758655424568,8.184673230387157,5.832590816321942
1685,883.0,0.1,2.0,1.0,0.05,0.1,400.0,13.87596301024112,7.834594297128357,9.273682932186738,6.64262805995485
1686,883.0,0.1,2.0,1.0,0.05,0.5,400.0,13.438536623849071,8.888753277027067,8.42569864385516,6.936014960298242
1687,883.0,0.1,2.0,1.0,0.05,0.9,400.0,13.358577852136582,8.106778325214897,8.500103347445384,6.019417773449806
1688,883.0,0.1,2.0,2.0,0.0,0.1,400.0,13.679626250320354,7.554819164236765,8.562219456736957,5.953273358624
1689,883.0,0.1,2.0,2.0,0.0,0.5,400.0,13.366099515927708,7.581659732369386,8.267070735648323,5.853703796343683
1690,883.0,0.1,2.0,2.0,0.01,0.1,400.0,13.814050627167836,7.594040940960586,8.78257437626145,6.109297167632233
1691,883.0,0.1,2.0,2.0,0.01,0.5,400.0,13.476082925203894,7.479403346560943,8.408219414739994,5.791154879928242
1692,883.0,0.1,2.0,2.0,0.01,0.9,400.0,13.284619625900133,7.860842081999656,8.328617996832994,6.1244501352924114
1693,883.0,0.1,2.0,2.0,0.05,0.1,400.0,13.860938269451385,7.60559938158088,8.690695558180087,6.113767523748995
1694,883.0,0.1,2.0,2.0,0.05,0.5,400.0,13.46345637417153,7.258052988664223,8.633359689908236,5.938529783874188
1695,883.0,0.1,2.0,2.0,0.05,0.9,400.0,13.479774750101267,7.228416462496482,8.60732817458115,5.813962101077729
1696,883.0,0.1,2.0,3.0,0.0,0.1,400.0,13.467083783459735,7.277105534228428,8.622679834630112,5.9378140827291
1697,883.0,0.1,2.0,3.0,0.0,0.5,400.0,12.93431003559639,6.981831418492629,8.315141273195831,5.953571655779767
1698,883.0,0.1,2.0,3.0,0.01,0.1,400.0,13.353867233017311,7.077048973424781,8.57292493382058,5.978142575876048
1699,883.0,0.1,2.0,3.0,0.01,0.5,400.0,13.15603927500659,7.046767339240528,8.343054423457133,5.852246938679794
1700,883.0,0.1,2.0,3.0,0.01,0.9,400.0,13.140657996672171,7.328963574397554,8.118428339529366,5.84609124073805
1701,883.0,0.1,2.0,3.0,0.05,0.1,400.0,13.390939504556465,7.038363989788072,8.753961831198708,6.177987635770019
1702,883.0,0.1,2.0,3.0,0.05,0.5,400.0,13.190230170658488,6.915229747574117,8.624999522681401,6.034079657758208
1703,883.0,0.1,2.0,3.0,0.05,0.9,400.0,13.30721797665117,7.0943933662775835,8.601768040185704,6.084250331746579
1704,883.0,0.1,3.0,1.0,0.0,0.1,400.0,13.16722935261966,7.848933716210618,8.273473999566777,6.132922720687194
1705,883.0,0.1,3.0,1.0,0.0,0.5,400.0,13.263947781058654,8.007713966767973,8.438783533704353,6.086466554557289
1706,883.0,0.1,3.0,1.0,0.01,0.1,400.0,13.288616780029292,8.047240654339026,8.412377989273422,6.454863346077428
1707,883.0,0.1,3.0,1.0,0.01,0.5,400.0,13.11877020264552,7.964309989239731,8.051107031017786,5.934029144948839
1708,883.0,0.1,3.0,1.0,0.01,0.9,400.0,13.25818883057513,7.7336208929578785,8.123366325729059,5.705899023211647
1709,883.0,0.1,3.0,1.0,0.05,0.1,400.0,13.744114397139535,7.883525118625092,9.178737965871957,6.753354962994478
1710,883.0,0.1,3.0,1.0,0.05,0.5,400.0,13.46139706766162,7.8473425016056355,8.77412294994099,6.230060951278658
1711,883.0,0.1,3.0,1.0,0.05,0.9,400.0,13.11146153647223,8.028146585485429,8.156444317677767,6.103611193801066
1712,883.0,0.1,3.0,2.0,0.0,0.1,400.0,13.604219351709057,7.412776783758305,8.802469315143966,6.4559254650548015
1713,883.0,0.1,3.0,2.0,0.0,0.5,400.0,13.21799584229672,7.461565048887242,8.583724720831274,6.536049988544352
1714,883.0,0.1,3.0,2.0,0.01,0.1,400.0,13.645026469455301,7.553220331929409,8.67560873684185,6.176373008156552
1715,883.0,0.1,3.0,2.0,0.01,0.5,400.0,13.245776045771706,7.2895334718452744,8.581293086574746,6.465607552696101
1716,883.0,0.1,3.0,2.0,0.01,0.9,400.0,13.822284026564894,8.176833588307492,8.570332498078807,6.718764838495756
1717,883.0,0.1,3.0,2.0,0.05,0.1,400.0,13.759414545683688,7.590105978343317,8.612567208179879,6.264915362597093
1718,883.0,0.1,3.0,2.0,0.05,0.5,400.0,13.234131978072238,7.231577606369301,8.4325315095443,6.113013266380682
1719,883.0,0.1,3.0,2.0,0.05,0.9,400.0,13.122670622090443,6.9701152971761875,8.363064622683897,6.007833631785522
1720,883.0,0.1,3.0,3.0,0.0,0.1,400.0,13.659974997661697,7.464233354466312,8.835813580684029,6.143612702632351
1721,883.0,0.1,3.0,3.0,0.0,0.5,400.0,13.073677573506547,7.009953118297037,8.35235765199478,5.9790097536779205
1722,883.0,0.1,3.0,3.0,0.01,0.1,400.0,13.426679547435732,7.150183565548511,8.754128247554178,6.085854860571685
1723,883.0,0.1,3.0,3.0,0.01,0.5,400.0,13.002935023753627,6.821511050395786,8.314254674311645,6.05808404097603
1724,883.0,0.1,3.0,3.0,0.01,0.9,400.0,12.99737311437056,6.989823110794299,8.165038061076093,6.155912067140557
1725,883.0,0.1,3.0,3.0,0.05,0.1,400.0,13.39795255926677,7.323619426979752,8.839615232013507,6.176803959804185
1726,883.0,0.1,3.0,3.0,0.05,0.5,400.0,12.956624373484596,6.94334875442293,8.691994149333771,6.145442162762394
1727,883.0,0.1,3.0,3.0,0.05,0.9,400.0,12.991657681979849,6.736950267848467,8.494891210559937,6.233989837635116
1728,884.0,0.1,1.0,1.0,0.0,0.1,400.0,7.298831841747014,5.418193617183069,7.513307281438901,5.096632454153099
1729,884.0,0.1,1.0,1.0,0.0,0.5,400.0,6.870760204643569,5.654128980987619,7.923954169716486,6.600515785936929
1730,884.0,0.1,1.0,1.0,0.01,0.1,400.0,7.80395423374953,5.869322853150864,7.673881114317871,5.215276730431773
1731,884.0,0.1,1.0,1.0,0.01,0.5,400.0,6.388128244043273,5.031780188266972,7.401264840473403,5.555861089881344
1732,884.0,0.1,1.0,1.0,0.01,0.9,400.0,10.668197935378565,9.19571532780641,12.722941687243603,11.720963398146413
1733,884.0,0.1,1.0,1.0,0.05,0.1,400.0,7.571294736216877,5.659590724412166,7.639698510265474,5.238164031511411
1734,884.0,0.1,1.0,1.0,0.05,0.5,400.0,7.061183816862282,5.195106035512982,7.350001406950142,4.9367629146354295
1735,884.0,0.1,1.0,1.0,0.05,0.9,400.0,6.800445689389596,5.03851133274014,7.165554846575294,4.601955511824585
1736,884.0,0.1,1.0,2.0,0.0,0.1,400.0,7.557476355535666,5.578415516343901,6.561879669848297,4.758881461165585
1737,884.0,0.1,1.0,2.0,0.0,0.5,400.0,6.806903094254634,5.583337798767787,6.911783641272784,5.935493546077296
1738,884.0,0.1,1.0,2.0,0.01,0.1,400.0,7.299366808797549,5.251438206767026,6.375185709998375,4.651713402973614
1739,884.0,0.1,1.0,2.0,0.01,0.5,400.0,6.425558062663619,5.072175687906982,6.361669373408791,5.065933215022228
1740,884.0,0.1,1.0,2.0,0.01,0.9,400.0,7.318071012305007,6.075208078590536,7.210824913794108,6.110133981826908
1741,884.0,0.1,1.0,2.0,0.05,0.1,400.0,7.8984595698846,5.827174662563938,6.753183235754827,4.873820972377115
1742,884.0,0.1,1.0,2.0,0.05,0.5,400.0,6.887730606065444,5.021792873553616,6.366463001204069,4.83672548106652
1743,884.0,0.1,1.0,2.0,0.05,0.9,400.0,6.553501297492769,4.915305561982647,5.839799273030265,4.187880548050219
1744,884.0,0.1,1.0,3.0,0.0,0.1,400.0,7.439880293276997,5.3177469053301705,6.543503150908549,4.559012478169502
1745,884.0,0.1,1.0,3.0,0.0,0.5,400.0,7.617718002574473,5.915301784691697,7.530114767362171,6.247263804475932
1746,884.0,0.1,1.0,3.0,0.01,0.1,400.0,7.4729789223718734,5.341513546350638,6.433683827765516,4.484418344975585
1747,884.0,0.1,1.0,3.0,0.01,0.5,400.0,7.383410295808007,5.617361119328135,6.956190617353849,5.459039632470638
1748,884.0,0.1,1.0,3.0,0.01,0.9,400.0,8.109177886162465,6.283344141750524,7.874268481114234,6.493514305650534
1749,884.0,0.1,1.0,3.0,0.05,0.1,400.0,7.7028127403552675,5.521076380545912,6.6458939564382415,4.684164256758527
1750,884.0,0.1,1.0,3.0,0.05,0.5,400.0,7.2793050291979,5.23629151380052,6.483372869839739,4.504741386974629
1751,884.0,0.1,1.0,3.0,0.05,0.9,400.0,7.358856518375448,5.504682143062902,6.755875037592898,5.039787648957839
1752,884.0,0.1,2.0,1.0,0.0,0.1,400.0,6.893975367300339,5.165994518544293,7.349079956785466,5.099884132219145
1753,884.0,0.1,2.0,1.0,0.0,0.5,400.0,6.741688629073802,5.522461592158231,7.586660144921288,6.238561631560434
1754,884.0,0.1,2.0,1.0,0.01,0.1,400.0,7.07797961562853,5.267530923072063,7.406757852377275,5.136917411221824
1755,884.0,0.1,2.0,1.0,0.01,0.5,400.0,6.751762995390952,5.4438351053945535,7.326714126876522,5.615796634260122
1756,884.0,0.1,2.0,1.0,0.01,0.9,400.0,10.014496341313746,8.680800948759025,11.555660717294609,10.851905292692779
1757,884.0,0.1,2.0,1.0,0.05,0.1,400.0,7.093402804420458,5.307381021012265,7.505149960863637,5.3146749125183605
1758,884.0,0.1,2.0,1.0,0.05,0.5,400.0,6.362827974810191,5.057361905670898,7.456296245074518,5.765849872535065
1759,884.0,0.1,2.0,1.0,0.05,0.9,400.0,6.448927693567662,5.066143579118741,7.1593241437787425,5.368805606801639
1760,884.0,0.1,2.0,2.0,0.0,0.1,400.0,6.6980531071395655,5.025594478199033,6.039959497521475,4.266536566149387
1761,884.0,0.1,2.0,2.0,0.0,0.5,400.0,6.898331829367333,5.570365301657444,6.760479265003553,5.6554916618781075
1762,884.0,0.1,2.0,2.0,0.01,0.1,400.0,6.755157639371816,5.112596723970495,6.081951604451525,4.206620466205261
1763,884.0,0.1,2.0,2.0,0.01,0.5,400.0,6.6758859675679805,5.241088765988722,6.209910501179447,4.828008217749899
1764,884.0,0.1,2.0,2.0,0.01,0.9,400.0,7.213875311385679,5.960909888500109,7.122272979613968,5.8981437030437025
1765,884.0,0.1,2.0,2.0,0.05,0.1,400.0,6.949552450532606,5.299422172734697,6.330172953556642,4.280162414327152
1766,884.0,0.1,2.0,2.0,0.05,0.5,400.0,6.653625817977558,5.055015593766589,6.214820063817956,4.61841767174841
1767,884.0,0.1,2.0,2.0,0.05,0.9,400.0,6.568806831522893,5.1724694581601165,6.014045231456341,4.567788797728854
1768,884.0,0.1,2.0,3.0,0.0,0.1,400.0,7.371012875701393,5.39456948884683,6.914599495378366,4.849611826883776
1769,884.0,0.1,2.0,3.0,0.0,0.5,400.0,7.638244690236638,5.950692731968723,7.828305976291949,6.3174693131724435
1770,884.0,0.1,2.0,3.0,0.01,0.1,400.0,7.5358398150000685,5.501669429302542,6.489067699906522,4.523313670546202
1771,884.0,0.1,2.0,3.0,0.01,0.5,400.0,7.560381478650538,5.839498370303892,7.575684120352047,5.903400741994863
1772,884.0,0.1,2.0,3.0,0.01,0.9,400.0,7.853893482907006,6.186019958656143,8.057899435244087,6.771965693663336
1773,884.0,0.1,2.0,3.0,0.05,0.1,400.0,7.341552831293237,5.359922244218046,6.539801884176413,4.491090231400907
1774,884.0,0.1,2.0,3.0,0.05,0.5,400.0,7.578235773663385,5.682257629924152,6.964599669194892,5.2972599282658965
1775,884.0,0.1,2.0,3.0,0.05,0.9,400.0,7.65790362424622,5.753813047686476,7.159668081135057,5.462524682361067
1776,884.0,0.1,3.0,1.0,0.0,0.1,400.0,6.091000295946497,4.865346078741756,7.442217300425308,5.948518115265027
1777,884.0,0.1,3.0,1.0,0.0,0.5,400.0,7.080812556710296,5.868426511349463,7.872879870589884,6.643134837314515
1778,884.0,0.1,3.0,1.0,0.01,0.1,400.0,6.152056566058673,4.915773889692745,7.486599299572133,5.973490560350282
1779,884.0,0.1,3.0,1.0,0.01,0.5,400.0,6.572441057264058,5.337658684908674,7.5909255553286625,5.97893269391219
1780,884.0,0.1,3.0,1.0,0.01,0.9,400.0,9.244369528154289,7.925630739873781,10.244091278862015,9.58634497268133
1781,884.0,0.1,3.0,1.0,0.05,0.1,400.0,6.118542810529667,4.954630620247724,7.515957487734575,6.058833335603188
1782,884.0,0.1,3.0,1.0,0.05,0.5,400.0,6.076074915688251,4.870883455836988,7.212067030309478,5.462490635226813
1783,884.0,0.1,3.0,1.0,0.05,0.9,400.0,6.402649626004454,5.21206151819088,7.370385529158179,5.895756667119715
1784,884.0,0.1,3.0,2.0,0.0,0.1,400.0,6.584342288330523,5.058820452653288,6.258838031019289,4.718864189116877
1785,884.0,0.1,3.0,2.0,0.0,0.5,400.0,6.7101257844419955,5.51730366834123,6.860215263340431,5.775223939773983
1786,884.0,0.1,3.0,2.0,0.01,0.1,400.0,6.592291917710772,4.880886698224658,6.392324178353733,4.884234455460854
1787,884.0,0.1,3.0,2.0,0.01,0.5,400.0,6.411872537720902,5.092454219461899,6.36804120521022,4.902909958421245
1788,884.0,0.1,3.0,2.0,0.01,0.9,400.0,7.562975878616331,6.137192685404045,7.995298258087153,6.68775996279003
1789,884.0,0.1,3.0,2.0,0.05,0.1,400.0,6.76199044004467,5.01969827797939,6.396353043638314,4.881792390079545
1790,884.0,0.1,3.0,2.0,0.05,0.5,400.0,6.513295406579225,5.164757745389088,6.383113218513055,4.93491459725171
1791,884.0,0.1,3.0,2.0,0.05,0.9,400.0,6.313927114159009,4.940447559385401,6.229036673317756,4.846517437463467
1792,884.0,0.1,3.0,3.0,0.0,0.1,400.0,7.37622139727746,5.410043987303241,6.9451905744084925,5.153459714297037
1793,884.0,0.1,3.0,3.0,0.0,0.5,400.0,7.766960011881329,6.05143701195345,7.771303964501291,6.2385868463304
1794,884.0,0.1,3.0,3.0,0.01,0.1,400.0,7.254869793076507,5.341151344702021,7.322214074456976,5.271240829547677
1795,884.0,0.1,3.0,3.0,0.01,0.5,400.0,7.80574626724904,5.937240061480657,7.067306734884144,5.488126873908329
1796,884.0,0.1,3.0,3.0,0.01,0.9,400.0,7.834854091707623,6.223625554409494,8.451672727791196,6.692507873819342
1797,884.0,0.1,3.0,3.0,0.05,0.1,400.0,7.410313602950959,5.490331702139421,6.704660205586516,4.95785077320806
1798,884.0,0.1,3.0,3.0,0.05,0.5,400.0,7.676958572471693,5.765162521914543,6.833269596117201,5.063540692302581
1799,884.0,0.1,3.0,3.0,0.05,0.9,400.0,7.9664376057809765,5.971823236791587,7.428342776140626,5.638793979873736
1800,885.0,0.1,1.0,1.0,0.0,0.1,400.0,13.246983528093937,6.944188255439601,11.399408143446284,8.066542395439228
1801,885.0,0.1,1.0,1.0,0.0,0.5,400.0,13.158760610070054,7.406117039996025,11.274603211401725,7.6844465436504334
1802,885.0,0.1,1.0,1.0,0.01,0.1,400.0,13.198198702853857,6.978814249418012,11.465335317079612,8.178545519202736
1803,885.0,0.1,1.0,1.0,0.01,0.5,400.0,13.128997235525828,7.230140990856103,11.317614127139741,7.716756143436453
1804,885.0,0.1,1.0,1.0,0.01,0.9,400.0,13.034842162848111,7.336067486195048,10.93629772018573,7.452453304573775
1805,885.0,0.1,1.0,1.0,0.05,0.1,400.0,13.2693604649501,7.079338830318316,11.540487055530319,8.203649303348614
1806,885.0,0.1,1.0,1.0,0.05,0.5,400.0,13.167815446525994,6.992101579214466,11.422907496196732,7.979240654318111
1807,885.0,0.1,1.0,1.0,0.05,0.9,400.0,13.185906591194307,7.155698896274769,11.403946792400939,7.80860536408915
1808,885.0,0.1,1.0,2.0,0.0,0.1,400.0,13.61796729301053,7.032978181355464,10.710892580975104,7.4943415537763896
1809,885.0,0.1,1.0,2.0,0.0,0.5,400.0,13.373846743241476,7.40928198946744,10.105725665079625,7.127443895218129
1810,885.0,0.1,1.0,2.0,0.01,0.1,400.0,13.55773600414188,7.087417321534518,10.811842559165928,7.517695909680418
1811,885.0,0.1,1.0,2.0,0.01,0.5,400.0,13.501230048793685,7.184529300657273,10.096757690285061,7.223794532611082
1812,885.0,0.1,1.0,2.0,0.01,0.9,400.0,13.327673194900507,7.710659036385051,9.8431894619342,7.073931525778151
1813,885.0,0.1,1.0,2.0,0.05,0.1,400.0,13.655940610948987,6.999845308074072,10.811430611207626,7.528114962710032
1814,885.0,0.1,1.0,2.0,0.05,0.5,400.0,14.04545066461982,7.512329329324774,11.6790927034332,8.347031112339932
1815,885.0,0.1,1.0,2.0,0.05,0.9,400.0,14.3674328540398,7.859292611674809,11.580099713918838,8.31954267988241
1816,885.0,0.1,1.0,3.0,0.0,0.1,400.0,14.178376777363495,7.474682615806625,10.675984362679936,7.9851803904977325
1817,885.0,0.1,1.0,3.0,0.0,0.5,400.0,14.029819737588161,7.684799835795739,11.134349865065412,8.310065259140787
1818,885.0,0.1,1.0,3.0,0.01,0.1,400.0,14.157468784081445,7.543398815070118,10.870661029625293,7.999790019321438
1819,885.0,0.1,1.0,3.0,0.01,0.5,400.0,14.06152248929661,7.642523287501541,10.811237890407448,8.048798082753303
1820,885.0,0.1,1.0,3.0,0.01,0.9,400.0,13.930308641979815,7.669790848418557,10.79141981238988,8.078679323845332
1821,885.0,0.1,1.0,3.0,0.05,0.1,400.0,14.241343680026697,7.541675798567026,10.726067816737585,8.007531163810485
1822,885.0,0.1,1.0,3.0,0.05,0.5,400.0,13.263585313940892,7.465484361293298,9.891508790798252,7.031455714299695
1823,885.0,0.1,1.0,3.0,0.05,0.9,400.0,14.103989425541489,7.529417311070259,10.71167900589458,8.006745394032963
1824,885.0,0.1,2.0,1.0,0.0,0.1,400.0,13.19357721173496,6.8903129804714975,11.232420813169677,7.873273557825888
1825,885.0,0.1,2.0,1.0,0.0,0.5,400.0,13.07413987241158,7.223572697321392,11.304630424383404,7.735848455144676
1826,885.0,0.1,2.0,1.0,0.01,0.1,400.0,13.128093782122408,6.909414560309809,11.490672026030936,8.118798197210213
1827,885.0,0.1,2.0,1.0,0.01,0.5,400.0,13.233852830609845,7.216631576695499,11.344873889065312,7.797933913712868
1828,885.0,0.1,2.0,1.0,0.01,0.9,400.0,12.993936889300498,7.253622768239783,11.284995442031285,7.730646586624963
1829,885.0,0.1,2.0,1.0,0.05,0.1,400.0,13.356008688366005,6.97057006383802,11.501197783404368,8.075491223355268
1830,885.0,0.1,2.0,1.0,0.05,0.5,400.0,13.22522529774086,7.108281571383939,11.280477683874041,7.871577184476225
1831,885.0,0.1,2.0,1.0,0.05,0.9,400.0,13.135863123197602,7.184867545215779,11.292306753016087,7.768587668035043
1832,885.0,0.1,2.0,2.0,0.0,0.1,400.0,13.998814171665105,7.42210712083565,11.498085544052282,8.063533578488641
1833,885.0,0.1,2.0,2.0,0.0,0.5,400.0,13.875874423591231,7.659254760562567,11.145946037325862,8.171332159743004
1834,885.0,0.1,2.0,2.0,0.01,0.1,400.0,13.97030631121307,7.442606691803858,11.521058990762315,8.149808672959157
1835,885.0,0.1,2.0,2.0,0.01,0.5,400.0,14.048414764462986,7.661059300954476,11.377267873983646,8.248621281004297
1836,885.0,0.1,2.0,2.0,0.01,0.9,400.0,13.387224965672262,7.39477680668718,10.740452899790474,7.901457508368223
1837,885.0,0.1,2.0,2.0,0.05,0.1,400.0,14.046363287200833,7.4618159309452405,11.55558305387264,8.201155712535236
1838,885.0,0.1,2.0,2.0,0.05,0.5,400.0,14.064891363709023,7.516030263380659,11.506610570073889,8.279130232802594
1839,885.0,0.1,2.0,2.0,0.05,0.9,400.0,14.136309517257422,7.700659745214863,11.250449959075107,8.267471972068687
1840,885.0,0.1,2.0,3.0,0.0,0.1,400.0,14.256242808951363,7.70253824428406,10.599785319145257,7.832415629489281
1841,885.0,0.1,2.0,3.0,0.0,0.5,400.0,13.667681543550087,7.5071679799717845,10.844399870799416,8.026426692878383
1842,885.0,0.1,2.0,3.0,0.01,0.1,400.0,13.993869005584312,7.572248866525874,10.652018946551832,7.8235591991092805
1843,885.0,0.1,2.0,3.0,0.01,0.5,400.0,13.859326864050054,7.581354622030464,10.749969789853484,7.928752399062867
1844,885.0,0.1,2.0,3.0,0.01,0.9,400.0,13.682361878784334,7.678395446876092,11.073598580201654,8.261365468917136
1845,885.0,0.1,2.0,3.0,0.05,0.1,400.0,14.382430872089877,7.800478084837596,10.807260645585297,7.990692307033893
1846,885.0,0.1,2.0,3.0,0.05,0.5,400.0,14.085534694875532,7.634034164994588,11.082608006727941,8.22055142568345
1847,885.0,0.1,2.0,3.0,0.05,0.9,400.0,14.035308307808345,7.505716873657572,10.981518360048007,8.129992868845969
1848,885.0,0.1,3.0,1.0,0.0,0.1,400.0,13.239169639275739,6.999068038258729,11.130138587238049,7.7141129877357395
1849,885.0,0.1,3.0,1.0,0.0,0.5,400.0,13.052707883719622,6.996719329343139,11.17392021496812,7.614968450128114
1850,885.0,0.1,3.0,1.0,0.01,0.1,400.0,13.200517723857274,6.866286447591489,11.367683828189298,7.954528803041601
1851,885.0,0.1,3.0,1.0,0.01,0.5,400.0,13.033709769164473,7.012254761524515,11.090478611987283,7.659057723374673
1852,885.0,0.1,3.0,1.0,0.01,0.9,400.0,12.973190250794444,7.152282644859867,11.089284142695343,7.595377563407413
1853,885.0,0.1,3.0,1.0,0.05,0.1,400.0,13.006544430380536,6.765686951124058,11.366371787621562,8.013121911893355
1854,885.0,0.1,3.0,1.0,0.05,0.5,400.0,13.174136293003892,7.0224827380188275,11.440670373449144,8.029902591481093
1855,885.0,0.1,3.0,1.0,0.05,0.9,400.0,13.108523144858696,7.171002952701364,11.153382396686549,7.668316875810214
1856,885.0,0.1,3.0,2.0,0.0,0.1,400.0,14.057704942848872,7.434226749034341,11.426471157896028,8.078759810118706
1857,885.0,0.1,3.0,2.0,0.0,0.5,400.0,13.593286829632625,7.5225775265315615,10.908973394849134,7.839540071567256
1858,885.0,0.1,3.0,2.0,0.01,0.1,400.0,14.082627698281295,7.493269446778104,11.546698412605059,8.178706431633977
1859,885.0,0.1,3.0,2.0,0.01,0.5,400.0,13.778195283429223,7.364385449606927,11.077832999689022,7.898209437241281
1860,885.0,0.1,3.0,2.0,0.01,0.9,400.0,13.509365002657994,7.504223051375383,11.137527674298877,8.19220230562787
1861,885.0,0.1,3.0,2.0,0.05,0.1,400.0,13.953432718308614,7.378759079189327,11.67092884053578,8.274642276689491
1862,885.0,0.1,3.0,2.0,0.05,0.5,400.0,13.746746549913782,7.177985129807826,10.417646823052683,7.3264390518558
1863,885.0,0.1,3.0,2.0,0.05,0.9,400.0,13.64259999518635,7.248410643481521,10.807788194062066,7.932914386291274
1864,885.0,0.1,3.0,3.0,0.0,0.1,400.0,14.159429018841458,7.550598118638141,10.838771420398583,8.090353051459505
1865,885.0,0.1,3.0,3.0,0.0,0.5,400.0,13.730943384698184,7.644023588568103,11.01217041377324,8.273874609318389
1866,885.0,0.1,3.0,3.0,0.01,0.1,400.0,14.046110450229156,7.510154471425733,10.773102067573161,8.011135732838204
1867,885.0,0.1,3.0,3.0,0.01,0.5,400.0,13.772617153220764,7.442948724504619,10.967672400605657,8.107041764872339
1868,885.0,0.1,3.0,3.0,0.01,0.9,400.0,13.440378123571568,7.708652309430303,11.068750242752309,8.213599113066849
1869,885.0,0.1,3.0,3.0,0.05,0.1,400.0,14.135807674562852,7.52632912981091,10.876032418506549,8.125431993587569
1870,885.0,0.1,3.0,3.0,0.05,0.5,400.0,14.214988685356495,7.640665324283818,10.905020337169674,8.153148167068972
1871,885.0,0.1,3.0,3.0,0.05,0.9,400.0,13.670425192140918,7.5200601856045335,11.073425666228587,8.199380900827624
1872,886.0,0.1,1.0,1.0,0.0,0.1,400.0,8.421096946527255,6.580921693262158,9.77144257638433,7.450378815807944
1873,886.0,0.1,1.0,1.0,0.0,0.5,400.0,8.332122088142194,5.7974774327711796,11.064036767483978,7.349959785304174
1874,886.0,0.1,1.0,1.0,0.01,0.1,400.0,8.485707588537089,6.206679279589935,9.59416897896734,6.876587116747212
1875,886.0,0.1,1.0,1.0,0.01,0.5,400.0,8.356245314711112,6.570695208725452,10.839320986736492,7.549289032857544
1876,886.0,0.1,1.0,1.0,0.01,0.9,400.0,12.413354230461694,11.059538260850834,11.17221340923833,9.683796637329609
1877,886.0,0.1,1.0,1.0,0.05,0.1,400.0,11.258913691752642,7.715487409194497,9.88665214678998,6.523563500314402
1878,886.0,0.1,1.0,1.0,0.05,0.5,400.0,11.312910828698744,7.780560680744725,9.985701140597154,6.60658218297237
1879,886.0,0.1,1.0,1.0,0.05,0.9,400.0,8.446047027046957,6.69433997181413,10.273019033854384,7.48846117223779
1880,886.0,0.1,1.0,2.0,0.0,0.1,400.0,7.504875357425331,5.4573417214115425,7.759582895096602,5.552583992318721
1881,886.0,0.1,1.0,2.0,0.0,0.5,400.0,7.593148333403003,5.499352297792951,9.913196430375693,6.578807202527736
1882,886.0,0.1,1.0,2.0,0.01,0.1,400.0,7.538754532983479,5.321090029235636,8.10820318314358,5.623069864196883
1883,886.0,0.1,1.0,2.0,0.01,0.5,400.0,7.999685587999876,5.913701624656997,8.9053374242828,6.355782025395594
1884,886.0,0.1,1.0,2.0,0.01,0.9,400.0,7.519436756371819,5.584624184522966,9.9942494281127,6.569463233468526
1885,886.0,0.1,1.0,2.0,0.05,0.1,400.0,7.405671420559757,5.429962869058983,8.023080809203018,5.638228404202366
1886,886.0,0.1,1.0,2.0,0.05,0.5,400.0,7.54107933873479,5.662864825781287,9.14311171557501,6.5529776139798
1887,886.0,0.1,1.0,2.0,0.05,0.9,400.0,7.795384025290594,5.71969830275516,8.556435905014919,6.142237438803389
1888,886.0,0.1,1.0,3.0,0.0,0.1,400.0,8.643037318373606,6.26923449097384,8.939262270192955,5.889501859354908
1889,886.0,0.1,1.0,3.0,0.0,0.5,400.0,7.984273968794319,5.9853983528721075,7.891672950276524,5.727208153116723
1890,886.0,0.1,1.0,3.0,0.01,0.1,400.0,9.182320174542728,6.254076119871125,8.787905812677858,5.433536684114673
1891,886.0,0.1,1.0,3.0,0.01,0.5,400.0,7.834056940025536,5.90076042947123,7.6407099546116255,5.400539294014447
1892,886.0,0.1,1.0,3.0,0.01,0.9,400.0,16.312354956231665,13.900755451576602,14.802367701712924,11.628505166688228
1893,886.0,0.1,1.0,3.0,0.05,0.1,400.0,9.172975394479822,6.364085192056123,8.601952929903927,5.587424748346769
1894,886.0,0.1,1.0,3.0,0.05,0.5,400.0,8.68283407746791,5.93366075637797,7.590630274270224,4.791755620957095
1895,886.0,0.1,1.0,3.0,0.05,0.9,400.0,8.60881632974153,6.080276852843633,7.965104350924188,5.450498306947563
1896,886.0,0.1,2.0,1.0,0.0,0.1,400.0,9.228413853187481,7.659907547799648,10.69497579061474,8.625510615789478
1897,886.0,0.1,2.0,1.0,0.0,0.5,400.0,8.222915772907834,5.758793271176716,12.218706965951435,7.8101121725834695
1898,886.0,0.1,2.0,1.0,0.01,0.1,400.0,8.879008532608074,7.28508911894992,10.516092504242105,8.208316287026928
1899,886.0,0.1,2.0,1.0,0.01,0.5,400.0,8.421248540535862,6.744786439454385,10.874307954945444,7.857793834425661
1900,886.0,0.1,2.0,1.0,0.01,0.9,400.0,7.765815613455297,5.629529360391662,9.42297551441032,6.449230952214615
1901,886.0,0.1,2.0,1.0,0.05,0.1,400.0,9.252853898237221,7.811481948891257,10.465759529436724,8.395214472244273
1902,886.0,0.1,2.0,1.0,0.05,0.5,400.0,8.654348250627784,6.9745188863537955,9.71462485346259,7.491606651430899
1903,886.0,0.1,2.0,1.0,0.05,0.9,400.0,8.647324001339621,7.070916071332496,9.828664202748122,7.501834247410241
1904,886.0,0.1,2.0,2.0,0.0,0.1,400.0,7.549332622150391,5.4473419158934595,8.586036574041794,6.293866244906122
1905,886.0,0.1,2.0,2.0,0.0,0.5,400.0,7.538982182735734,5.3346897132323186,9.534282516232624,6.354553529264296
1906,886.0,0.1,2.0,2.0,0.01,0.1,400.0,7.27755228910857,5.4795429760326435,8.386930561850582,6.128119514190089
1907,886.0,0.1,2.0,2.0,0.01,0.5,400.0,7.400360253418556,5.530054201861758,8.754842466144368,6.18506750368842
1908,886.0,0.1,2.0,2.0,0.01,0.9,400.0,7.572397042754889,5.394249652776896,10.074952031753815,6.5117497546686565
1909,886.0,0.1,2.0,2.0,0.05,0.1,400.0,7.265430188726571,5.370399122844486,8.471533579255182,6.057176430093309
1910,886.0,0.1,2.0,2.0,0.05,0.5,400.0,7.741884309276997,5.832722516934988,8.668293607402145,6.198065831033641
1911,886.0,0.1,2.0,2.0,0.05,0.9,400.0,7.82884875001926,5.926578647387172,8.904708330244441,6.395305152339021
1912,886.0,0.1,2.0,3.0,0.0,0.1,400.0,8.305736266990552,6.062892848385997,9.348498201910134,6.790817507287186
1913,886.0,0.1,2.0,3.0,0.0,0.5,400.0,7.7585000948746945,5.806970411929805,9.158021514213724,6.30938958554996
1914,886.0,0.1,2.0,3.0,0.01,0.1,400.0,7.901284235836712,5.972752575954318,7.9526343359321565,5.901800770786943
1915,886.0,0.1,2.0,3.0,0.01,0.5,400.0,8.154028244130044,6.137056381051363,8.537095931801563,5.910995119232006
1916,886.0,0.1,2.0,3.0,0.01,0.9,400.0,16.498292649116994,14.019425417012005,14.906298110983204,11.642634481308297
1917,886.0,0.1,2.0,3.0,0.05,0.1,400.0,8.59286551687555,6.0685447597971685,8.232425804002643,6.011419113951917
1918,886.0,0.1,2.0,3.0,0.05,0.5,400.0,8.29081223045969,6.007375477076868,7.959428951911889,5.312270457782443
1919,886.0,0.1,2.0,3.0,0.05,0.9,400.0,8.45089806637619,5.947008092793457,7.453654794100107,4.989626664262738
1920,886.0,0.1,3.0,1.0,0.0,0.1,400.0,9.078292333365948,6.465955096622823,9.742835966453905,6.829500868572407
1921,886.0,0.1,3.0,1.0,0.0,0.5,400.0,8.176216650807229,5.828060172826148,8.917127101052339,6.309556490402167
1922,886.0,0.1,3.0,1.0,0.01,0.1,400.0,8.903603413706476,7.376503828402716,10.24959505759024,8.314254955861701
1923,886.0,0.1,3.0,1.0,0.01,0.5,400.0,8.020596681014558,5.810741632318594,9.247295787316945,6.631324751684181
1924,886.0,0.1,3.0,1.0,0.01,0.9,400.0,8.05778630001473,6.1022602087786995,9.610584751692025,6.602036914715593
1925,886.0,0.1,3.0,1.0,0.05,0.1,400.0,8.815325768746062,6.845772453585133,9.361803585875847,7.309130940415014
1926,886.0,0.1,3.0,1.0,0.05,0.5,400.0,8.630481200562137,7.026224370233575,9.785594652846237,7.6651440785043805
1927,886.0,0.1,3.0,1.0,0.05,0.9,400.0,8.47460416129671,7.108645006088376,10.12915182354656,8.109185804297633
1928,886.0,0.1,3.0,2.0,0.0,0.1,400.0,7.585158591504229,5.815875811151006,9.344437256857907,6.538561400911124
1929,886.0,0.1,3.0,2.0,0.0,0.5,400.0,7.356399191893446,5.398076021997306,11.869208235323658,7.223214129733177
1930,886.0,0.1,3.0,2.0,0.01,0.1,400.0,7.805434622896038,5.808947117511157,9.015036923378718,6.2958951512797166
1931,886.0,0.1,3.0,2.0,0.01,0.5,400.0,7.329141006205377,5.551033392701092,10.39193811512905,6.860149145247027
1932,886.0,0.1,3.0,2.0,0.01,0.9,400.0,7.566252296628939,5.531029798199204,13.00235498132772,7.512200277896818
1933,886.0,0.1,3.0,2.0,0.05,0.1,400.0,7.998634249757564,6.064671529901999,8.703201031995821,6.354631078064636
1934,886.0,0.1,3.0,2.0,0.05,0.5,400.0,7.791677194850296,5.887182553092993,8.510340315847644,6.252253072324588
1935,886.0,0.1,3.0,2.0,0.05,0.9,400.0,8.403450715171214,6.112100477493251,8.836335544773172,6.436741925027357
1936,886.0,0.1,3.0,3.0,0.0,0.1,400.0,8.308941211612273,6.00027876367413,8.324625243168741,6.113311610650316
1937,886.0,0.1,3.0,3.0,0.0,0.5,400.0,7.809244036048575,5.913141636793265,8.988446849433572,5.8187440526326775
1938,886.0,0.1,3.0,3.0,0.01,0.1,400.0,8.688771112392429,6.147316735167828,8.228880462465494,6.0064465205711866
1939,886.0,0.1,3.0,3.0,0.01,0.5,400.0,8.29679707075394,6.360126427597951,7.90104558819441,5.782786167125849
1940,886.0,0.1,3.0,3.0,0.01,0.9,400.0,16.09037142773136,13.465776931283802,14.646032358594226,11.236986438791174
1941,886.0,0.1,3.0,3.0,0.05,0.1,400.0,8.623462813868034,6.260164403183361,9.841697716021796,7.358089273834408
1942,886.0,0.1,3.0,3.0,0.05,0.5,400.0,8.223764252788762,6.155829264650259,7.784511039565512,5.64061902975359
1943,886.0,0.1,3.0,3.0,0.05,0.9,400.0,8.255564826723958,6.1184381895595505,8.052862885813639,5.602498289510899
1944,887.0,0.1,1.0,1.0,0.0,0.1,400.0,11.432206557765305,8.4788303211672,7.553835219133256,5.91457385151083
1945,887.0,0.1,1.0,1.0,0.0,0.5,400.0,9.474200095944672,6.690904529932729,8.157813190481159,6.12539492844979
1946,887.0,0.1,1.0,1.0,0.01,0.1,400.0,11.528664965268764,8.52348812587656,7.489099363836516,5.862831018027319
1947,887.0,0.1,1.0,1.0,0.01,0.5,400.0,9.473924627731636,6.55788948156889,8.211877380165186,6.0035775919078835
1948,887.0,0.1,1.0,1.0,0.01,0.9,400.0,9.384780233070828,6.634217873035693,9.930686536712,6.837257609390423
1949,887.0,0.1,1.0,1.0,0.05,0.1,400.0,11.555556703948238,8.53640299825107,7.627690073554386,5.996044996928766
1950,887.0,0.1,1.0,1.0,0.05,0.5,400.0,11.29328225161948,7.954479580771635,8.09521844660787,6.178763272017448
1951,887.0,0.1,1.0,1.0,0.05,0.9,400.0,10.656666877896287,7.375141300323546,8.215207394578835,6.115972115345847
1952,887.0,0.1,1.0,2.0,0.0,0.1,400.0,11.544022481060429,7.962446840064261,8.466428923845962,6.523387554283122
1953,887.0,0.1,1.0,2.0,0.0,0.5,400.0,9.347442854845323,6.816955127906836,7.493377188963591,5.629275676750564
1954,887.0,0.1,1.0,2.0,0.01,0.1,400.0,11.744961359787865,8.058224719159842,9.079639728283905,7.112976287345861
1955,887.0,0.1,1.0,2.0,0.01,0.5,400.0,9.690083614991073,6.645991451955799,8.097291678670384,5.775887618773399
1956,887.0,0.1,1.0,2.0,0.01,0.9,400.0,9.47915572780667,6.959186472589729,7.9330613181465,6.216829222380812
1957,887.0,0.1,1.0,2.0,0.05,0.1,400.0,11.678652521578325,8.01512759181884,8.54580352781866,6.500612395983818
1958,887.0,0.1,1.0,2.0,0.05,0.5,400.0,10.699652738175438,7.538454167922073,7.809059842590749,5.753770699469466
1959,887.0,0.1,1.0,2.0,0.05,0.9,400.0,10.156743051606579,7.09366135966971,7.432571789819212,5.454848172779026
1960,887.0,0.1,1.0,3.0,0.0,0.1,400.0,8.852460276345095,6.556973418316649,7.872182763085227,6.061876253468821
1961,887.0,0.1,1.0,3.0,0.0,0.5,400.0,8.704422104650204,6.669725111880442,7.603582324315437,5.467711133594836
1962,887.0,0.1,1.0,3.0,0.01,0.1,400.0,8.989723258368727,6.750485126136764,8.1495553256922,6.206568864336
1963,887.0,0.1,1.0,3.0,0.01,0.5,400.0,8.784496365493963,6.509167587823581,7.50545372306612,5.650588035293259
1964,887.0,0.1,1.0,3.0,0.01,0.9,400.0,8.669326547758018,6.615980163944476,7.142881833386697,5.421442601233675
1965,887.0,0.1,1.0,3.0,0.05,0.1,400.0,8.731542257594848,6.449484143858521,8.213858244046289,6.063699255567452
1966,887.0,0.1,1.0,3.0,0.05,0.5,400.0,9.521994503615916,6.67586545372958,8.227229577197592,6.5893524345512775
1967,887.0,0.1,1.0,3.0,0.05,0.9,400.0,9.111710458778129,6.518931442763387,7.743974026792062,5.98508725501649
1968,887.0,0.1,2.0,1.0,0.0,0.1,400.0,9.736889482635686,7.3264517514512155,8.765973930189661,6.74286952237235
1969,887.0,0.1,2.0,1.0,0.0,0.5,400.0,9.344903965489602,6.411670779596432,9.583837477504318,6.464615092334708
1970,887.0,0.1,2.0,1.0,0.01,0.1,400.0,11.492635579260746,8.455567082432587,7.768276115377423,6.123611046909754
1971,887.0,0.1,2.0,1.0,0.01,0.5,400.0,9.290202052803497,6.577061962898589,9.187421622119093,6.60916852984725
1972,887.0,0.1,2.0,1.0,0.01,0.9,400.0,9.971237378042803,8.30981317584907,8.07711013427365,7.033926280006034
1973,887.0,0.1,2.0,1.0,0.05,0.1,400.0,11.713728200463978,8.570678863783614,8.037576897086558,6.300311508767952
1974,887.0,0.1,2.0,1.0,0.05,0.5,400.0,9.525434948865371,7.0919449372593295,8.67253906501181,6.79061530146827
1975,887.0,0.1,2.0,1.0,0.05,0.9,400.0,9.449995453642513,7.066001381986217,8.851201264231134,6.937587481170599
1976,887.0,0.1,2.0,2.0,0.0,0.1,400.0,8.835183923929598,6.4384720534732205,7.559412677024838,5.729052313693504
1977,887.0,0.1,2.0,2.0,0.0,0.5,400.0,9.16861178166683,6.714769696834218,8.13388053086708,5.738702650497303
1978,887.0,0.1,2.0,2.0,0.01,0.1,400.0,8.797927644245663,6.352227904365052,7.836966791860248,5.874128097875614
1979,887.0,0.1,2.0,2.0,0.01,0.5,400.0,9.134905108287231,6.718413386777526,8.476007079907179,6.046524646756302
1980,887.0,0.1,2.0,2.0,0.01,0.9,400.0,8.768745557038837,6.144067783683719,9.03058483763631,6.081349732943326
1981,887.0,0.1,2.0,2.0,0.05,0.1,400.0,8.695770378364903,6.353451351438889,8.268374447874738,6.087187719921775
1982,887.0,0.1,2.0,2.0,0.05,0.5,400.0,10.308990888216858,7.262711169469113,7.863837848278076,5.78772569854197
1983,887.0,0.1,2.0,2.0,0.05,0.9,400.0,9.470934427602415,6.853610012551288,7.05807197779936,5.100095521964095
1984,887.0,0.1,2.0,3.0,0.0,0.1,400.0,8.961100325018819,6.664188165184246,8.812803319422603,6.338690025516184
1985,887.0,0.1,2.0,3.0,0.0,0.5,400.0,9.164746060015608,6.864956372728662,7.569301517438111,5.595918610371899
1986,887.0,0.1,2.0,3.0,0.01,0.1,400.0,8.972703660498803,6.597965529913936,7.85419362775419,5.9339536864362525
1987,887.0,0.1,2.0,3.0,0.01,0.5,400.0,8.732799576909446,6.448116229983155,8.326857504473326,6.053943052809904
1988,887.0,0.1,2.0,3.0,0.01,0.9,400.0,9.348570376679222,7.048219650423734,8.480214679418914,6.210402404316869
1989,887.0,0.1,2.0,3.0,0.05,0.1,400.0,8.850965844640003,6.5551054903715595,8.387817111657442,6.244738249872038
1990,887.0,0.1,2.0,3.0,0.05,0.5,400.0,9.087759035762891,6.795805134926388,7.9126199091526965,5.972078642309694
1991,887.0,0.1,2.0,3.0,0.05,0.9,400.0,9.086327176342492,6.70962873283523,7.83482850369767,5.8649323213999764
1992,887.0,0.1,3.0,1.0,0.0,0.1,400.0,9.543928998377057,7.161192401358192,8.892785387807256,6.574804552132194
1993,887.0,0.1,3.0,1.0,0.0,0.5,400.0,8.473861313003441,6.084272052381754,9.24657328823781,6.0491677843493505
1994,887.0,0.1,3.0,1.0,0.01,0.1,400.0,9.633084796579082,7.27093273800588,8.365511712530301,6.261493792735943
1995,887.0,0.1,3.0,1.0,0.01,0.5,400.0,9.093767496380357,6.639567633046979,8.906756784535322,6.362446599684376
1996,887.0,0.1,3.0,1.0,0.01,0.9,400.0,8.752805700510171,6.459860046512586,9.829425902524354,6.448023633491776
1997,887.0,0.1,3.0,1.0,0.05,0.1,400.0,9.68183175841761,7.290917926321325,8.538426964832011,6.591539146943156
1998,887.0,0.1,3.0,1.0,0.05,0.5,400.0,9.222021992443954,6.871064466000975,8.584748261263373,6.468923240510886
1999,887.0,0.1,3.0,1.0,0.05,0.9,400.0,8.930879821119557,6.62840547682959,8.771843398188569,6.714354990271195
2000,887.0,0.1,3.0,2.0,0.0,0.1,400.0,9.83550411467039,6.914887922240646,7.674848796265212,5.846628976453004
2001,887.0,0.1,3.0,2.0,0.0,0.5,400.0,9.179156799582252,6.94494385222935,7.28796812070135,5.350395056240745
2002,887.0,0.1,3.0,2.0,0.01,0.1,400.0,8.968824761733538,6.7131685298290185,8.140091716881146,6.1269216741798935
2003,887.0,0.1,3.0,2.0,0.01,0.5,400.0,8.847767005294367,6.4471048510526545,7.747444376214568,5.86888242585268
2004,887.0,0.1,3.0,2.0,0.01,0.9,400.0,8.945596611635143,6.747758852477636,9.665214840145131,6.484403656676065
2005,887.0,0.1,3.0,2.0,0.05,0.1,400.0,8.800935209809486,6.563110056860037,8.31763906650244,6.168843572025856
2006,887.0,0.1,3.0,2.0,0.05,0.5,400.0,9.691017022499786,6.989062353596689,7.43796378181119,5.4294652601200015
2007,887.0,0.1,3.0,2.0,0.05,0.9,400.0,9.197494872220332,6.701114720238111,7.650399664382688,5.4534791058141705
2008,887.0,0.1,3.0,3.0,0.0,0.1,400.0,8.954011396378503,6.6015337058217325,7.978748264095074,5.82948576558756
2009,887.0,0.1,3.0,3.0,0.0,0.5,400.0,9.038780830738526,6.755071594776918,7.53888796238213,5.450383357876747
2010,887.0,0.1,3.0,3.0,0.01,0.1,400.0,9.096971814185007,6.817502680848517,7.646457592281106,5.679240536044828
2011,887.0,0.1,3.0,3.0,0.01,0.5,400.0,8.93033311231116,6.603365196341103,7.883233769885398,5.766887241719549
2012,887.0,0.1,3.0,3.0,0.01,0.9,400.0,9.75648069913169,7.488589605082254,7.647466280534481,5.625518569743631
2013,887.0,0.1,3.0,3.0,0.05,0.1,400.0,9.474713457087121,7.122776476571993,7.679463324848611,5.547314645422352
2014,887.0,0.1,3.0,3.0,0.05,0.5,400.0,8.827276366655926,6.469275904205429,7.943700921707803,5.733989096635044
2015,887.0,0.1,3.0,3.0,0.05,0.9,400.0,9.17098897007074,6.716411267600955,8.47737790819199,5.909108412786069
2016,888.0,0.1,1.0,1.0,0.0,0.1,400.0,7.909983120743422,5.076433371321258,8.75232612640868,6.23730264260459
2017,888.0,0.1,1.0,1.0,0.0,0.5,400.0,6.792396283906234,4.8519601929181375,7.368859743561367,5.96162603229684
2018,888.0,0.1,1.0,1.0,0.01,0.1,400.0,7.922531969127123,5.119482548156684,9.028509476907706,6.464651499596622
2019,888.0,0.1,1.0,1.0,0.01,0.5,400.0,6.6380010555099656,4.211717096575969,7.474795984837504,5.464046929184494
2020,888.0,0.1,1.0,1.0,0.01,0.9,400.0,9.397844259340081,8.31553010410538,9.391969011303956,8.375415643732843
2021,888.0,0.1,1.0,1.0,0.05,0.1,400.0,7.865217255820048,5.0151423393923835,8.719757931438751,6.000756256652209
2022,888.0,0.1,1.0,1.0,0.05,0.5,400.0,7.228826473514515,4.471567526762255,8.415931092004655,5.851423470392075
2023,888.0,0.1,1.0,1.0,0.05,0.9,400.0,6.886542398431189,4.296434105582217,7.931117266419616,5.49434079863325
2024,888.0,0.1,1.0,2.0,0.0,0.1,400.0,8.100796625493315,5.178856346115406,8.950679532038823,5.811212325366934
2025,888.0,0.1,1.0,2.0,0.0,0.5,400.0,7.0582506991109595,5.321826349465841,7.612307276187638,5.836608200533203
2026,888.0,0.1,1.0,2.0,0.01,0.1,400.0,7.471837291982477,4.924775620809049,9.229535431862002,6.185514098941743
2027,888.0,0.1,1.0,2.0,0.01,0.5,400.0,6.927641487273178,4.909507918105872,7.596032781784052,5.364533350802677
2028,888.0,0.1,1.0,2.0,0.01,0.9,400.0,12.63741382067874,10.305254625488972,12.105392353506733,10.147625959939907
2029,888.0,0.1,1.0,2.0,0.05,0.1,400.0,8.214861756602897,5.269264233940545,9.394055783642935,6.2894347483130675
2030,888.0,0.1,1.0,2.0,0.05,0.5,400.0,7.413178902242285,4.873626917365625,8.236413045569321,5.565995638894263
2031,888.0,0.1,1.0,2.0,0.05,0.9,400.0,7.354809165302693,4.794443252889968,7.45121882771307,5.198552951638507
2032,888.0,0.1,1.0,3.0,0.0,0.1,400.0,7.979516214914573,5.29860811127539,8.242040705787696,5.961870297921058
2033,888.0,0.1,1.0,3.0,0.0,0.5,400.0,8.252022502063149,5.808276810498857,8.237200140342019,6.5061133304505425
2034,888.0,0.1,1.0,3.0,0.01,0.1,400.0,7.437596298118128,5.229470745422506,8.191718719944573,5.859806486932866
2035,888.0,0.1,1.0,3.0,0.01,0.5,400.0,7.328464242292125,5.2607267269203595,8.14073876331137,6.381222180230325
2036,888.0,0.1,1.0,3.0,0.01,0.9,400.0,8.55228577122061,6.223815005104538,8.61007756209491,6.988326717395237
2037,888.0,0.1,1.0,3.0,0.05,0.1,400.0,8.293613024546792,5.561570407507903,8.121218191651353,5.701736569028671
2038,888.0,0.1,1.0,3.0,0.05,0.5,400.0,7.854771310611706,5.149019892613407,7.7162685077054665,5.535734292661198
2039,888.0,0.1,1.0,3.0,0.05,0.9,400.0,7.796112876062761,5.1641004564245785,7.766345673056879,5.9231894773578
2040,888.0,0.1,2.0,1.0,0.0,0.1,400.0,7.145810768087779,4.606113926123171,7.208779900232774,5.1407914901755065
2041,888.0,0.1,2.0,1.0,0.0,0.5,400.0,6.978548023958372,4.923170785216499,7.0644219508970405,5.798160999109227
2042,888.0,0.1,2.0,1.0,0.01,0.1,400.0,7.180467269711128,4.738189454815908,7.457751873044567,5.139459903963226
2043,888.0,0.1,2.0,1.0,0.01,0.5,400.0,6.8087827652047155,4.379098586275503,6.983358277288194,5.365407350789771
2044,888.0,0.1,2.0,1.0,0.01,0.9,400.0,9.3097262035059,8.225883490933445,9.165185182618828,8.249819894959765
2045,888.0,0.1,2.0,1.0,0.05,0.1,400.0,7.19058290359208,4.70668039730726,7.752492703061092,5.307618465511932
2046,888.0,0.1,2.0,1.0,0.05,0.5,400.0,7.134221379182198,4.4850696614229975,7.329048585435283,5.218014174543797
2047,888.0,0.1,2.0,1.0,0.05,0.9,400.0,6.83612126777018,4.237812050283188,6.986155603443612,5.301492901038491
2048,888.0,0.1,2.0,2.0,0.0,0.1,400.0,7.224930682188573,4.902344237173298,7.890749836550254,5.531607437755301
2049,888.0,0.1,2.0,2.0,0.0,0.5,400.0,7.7634616892754345,5.70218818195052,7.509477578314904,5.972819212670459
2050,888.0,0.1,2.0,2.0,0.01,0.1,400.0,6.893515259512137,4.555111929734707,8.058223760940487,5.422740878489579
2051,888.0,0.1,2.0,2.0,0.01,0.5,400.0,7.037181453073614,5.185201929663806,7.260587381892204,5.473251890163916
2052,888.0,0.1,2.0,2.0,0.01,0.9,400.0,8.001671177618416,5.4031193684251555,7.123654480228797,6.056041389096224
2053,888.0,0.1,2.0,2.0,0.05,0.1,400.0,7.7149917322257116,4.892628236197821,7.9488115129827905,5.374893480972122
2054,888.0,0.1,2.0,2.0,0.05,0.5,400.0,7.419287081858844,4.946031773587205,7.502374271089895,5.290628705090674
2055,888.0,0.1,2.0,2.0,0.05,0.9,400.0,7.42209970200648,4.8949442789729565,7.10069386358392,5.159698968846177
2056,888.0,0.1,2.0,3.0,0.0,0.1,400.0,7.67690142869687,5.553281391034213,7.404641806935049,5.200599615434785
2057,888.0,0.1,2.0,3.0,0.0,0.5,400.0,7.952535433757062,5.738224461526582,7.863010615309619,6.48181821310226
2058,888.0,0.1,2.0,3.0,0.01,0.1,400.0,8.467861667504087,6.1865633570344984,7.988050814177744,5.990057170328578
2059,888.0,0.1,2.0,3.0,0.01,0.5,400.0,7.334145411049818,5.36578263818775,8.154714182720632,6.313371948380465
2060,888.0,0.1,2.0,3.0,0.01,0.9,400.0,8.219051473396972,6.008392074466827,7.885945899334203,6.952454569257777
2061,888.0,0.1,2.0,3.0,0.05,0.1,400.0,8.012643741012932,5.361353147856975,8.010829878648018,5.5954821050434145
2062,888.0,0.1,2.0,3.0,0.05,0.5,400.0,7.674657563339907,5.092493381623511,7.89412387344765,5.7724994962938085
2063,888.0,0.1,2.0,3.0,0.05,0.9,400.0,7.81916018402658,5.3998683870694695,7.607096976063893,6.133544700783607
2064,888.0,0.1,3.0,1.0,0.0,0.1,400.0,7.133859936460982,4.764675603667726,7.303142302569767,5.300697872653468
2065,888.0,0.1,3.0,1.0,0.0,0.5,400.0,7.178368208604958,5.206888809784605,6.926572535298503,5.882048479558658
2066,888.0,0.1,3.0,1.0,0.01,0.1,400.0,7.131493736049619,4.665492517481103,7.161897907114578,5.254600609626545
2067,888.0,0.1,3.0,1.0,0.01,0.5,400.0,7.0537443333495675,4.86736381788363,6.787772947285417,5.440760563594821
2068,888.0,0.1,3.0,1.0,0.01,0.9,400.0,9.527118262429667,8.39141278082428,9.259630171107489,8.337121039293647
2069,888.0,0.1,3.0,1.0,0.05,0.1,400.0,7.007157643309051,4.609093603861382,7.4637962791704275,5.380271587470214
2070,888.0,0.1,3.0,1.0,0.05,0.5,400.0,7.034674138400461,4.562553971160979,7.118913544383459,5.327791721763146
2071,888.0,0.1,3.0,1.0,0.05,0.9,400.0,7.0503695070287336,4.775782186755066,6.718396664783493,5.429478955298986
2072,888.0,0.1,3.0,2.0,0.0,0.1,400.0,7.2868653506640415,4.81027223460756,7.695493820674169,5.475495757118628
2073,888.0,0.1,3.0,2.0,0.0,0.5,400.0,7.589051579984419,5.84306587769878,7.337999635415894,5.872556628475055
2074,888.0,0.1,3.0,2.0,0.01,0.1,400.0,7.451399685815302,4.828145703850684,7.568246024119886,5.293212346459127
2075,888.0,0.1,3.0,2.0,0.01,0.5,400.0,7.47799307884435,5.553508381769413,7.488516038007064,5.808503228102671
2076,888.0,0.1,3.0,2.0,0.01,0.9,400.0,8.243429621516922,6.488677424632713,7.56055793506259,6.875142358682353
2077,888.0,0.1,3.0,2.0,0.05,0.1,400.0,7.578250204538643,5.064503583572074,7.721807208470981,5.345645496638182
2078,888.0,0.1,3.0,2.0,0.05,0.5,400.0,7.359836603851134,5.228899129950602,7.231202157869242,5.248727858301199
2079,888.0,0.1,3.0,2.0,0.05,0.9,400.0,7.009969919417145,5.433830998338881,7.236925242325253,5.669437073105144
2080,888.0,0.1,3.0,3.0,0.0,0.1,400.0,7.329552348703252,5.159330813585771,7.527146376136986,5.662163681309167
2081,888.0,0.1,3.0,3.0,0.0,0.5,400.0,8.109000246230117,6.332014627690483,8.347465475335959,6.821548186100032
2082,888.0,0.1,3.0,3.0,0.01,0.1,400.0,7.398178901440146,5.108807304233151,8.10175990723503,5.9267769056436
2083,888.0,0.1,3.0,3.0,0.01,0.5,400.0,7.56150361071132,5.698455472473288,7.687524537563937,6.2729030134574035
2084,888.0,0.1,3.0,3.0,0.01,0.9,400.0,8.200260386586292,5.89759557369621,7.996229263523082,6.97261697226481
2085,888.0,0.1,3.0,3.0,0.05,0.1,400.0,8.204882375415988,5.337949494659722,8.106553213928455,5.934225065236092
2086,888.0,0.1,3.0,3.0,0.05,0.5,400.0,7.925948845229994,5.355487006711211,7.988550152784556,6.047329766360841
2087,888.0,0.1,3.0,3.0,0.05,0.9,400.0,8.329001675212773,5.5317263968178905,7.582175798102058,5.966445982125985
2088,889.0,0.1,1.0,1.0,0.0,0.1,400.0,11.876723272633761,6.548564162097055,10.037614486817963,6.698716380854271
2089,889.0,0.1,1.0,1.0,0.0,0.5,400.0,11.733591909133946,6.4962131923976765,9.79780482768308,7.1238561449134234
2090,889.0,0.1,1.0,1.0,0.01,0.1,400.0,11.88322411318889,6.570099030384318,10.129484355065342,6.709124079995561
2091,889.0,0.1,1.0,1.0,0.01,0.5,400.0,11.42147941117726,6.301339761236496,9.380477590666796,6.586021091698705
2092,889.0,0.1,1.0,1.0,0.01,0.9,400.0,11.168265507225433,6.3037326705948455,9.17318628457427,6.536053753886437
2093,889.0,0.1,1.0,1.0,0.05,0.1,400.0,11.896137409858822,6.573427500918964,10.092186017320733,6.681166418789798
2094,889.0,0.1,1.0,1.0,0.05,0.5,400.0,11.806725496682594,6.4594686996599595,9.883981473645408,6.750897931631937
2095,889.0,0.1,1.0,1.0,0.05,0.9,400.0,11.796211306057089,6.402939537917494,9.669529343181114,6.765719338103972
2096,889.0,0.1,1.0,2.0,0.0,0.1,400.0,11.980718581836511,6.513512696833365,8.809717206012177,6.474215890697832
2097,889.0,0.1,1.0,2.0,0.0,0.5,400.0,11.907081348629731,6.7367926155108835,9.05699722215223,7.276217507099564
2098,889.0,0.1,1.0,2.0,0.01,0.1,400.0,12.057459152671035,6.564029469956863,8.572029619283919,6.36920753635158
2099,889.0,0.1,1.0,2.0,0.01,0.5,400.0,11.9986391684378,6.509318765866522,8.666819066735854,6.58469974802452
2100,889.0,0.1,1.0,2.0,0.01,0.9,400.0,12.159165904763396,7.163318404690736,9.13987821747426,7.645419569813693
2101,889.0,0.1,1.0,2.0,0.05,0.1,400.0,11.970111239518165,6.257840919451506,8.811616199683462,6.274548954022629
2102,889.0,0.1,1.0,2.0,0.05,0.5,400.0,11.817330843240333,6.226907059199074,8.88018867449503,6.369735920490589
2103,889.0,0.1,1.0,2.0,0.05,0.9,400.0,12.235322696955105,6.539334191979593,8.719384945167054,6.2733800571389615
2104,889.0,0.1,1.0,3.0,0.0,0.1,400.0,12.361346808486587,6.893934923346287,8.568008950031926,6.271927078555243
2105,889.0,0.1,1.0,3.0,0.0,0.5,400.0,11.987416339718473,7.042142296379725,8.33191115383621,6.565239819672032
2106,889.0,0.1,1.0,3.0,0.01,0.1,400.0,12.45100771923541,6.85219694382282,8.397881558459844,6.086306903298536
2107,889.0,0.1,1.0,3.0,0.01,0.5,400.0,12.181487242271707,6.957773301214967,8.404987282464605,6.500798780853947
2108,889.0,0.1,1.0,3.0,0.01,0.9,400.0,11.97286650773558,6.922455414299634,8.59368802573866,6.9873630387187395
2109,889.0,0.1,1.0,3.0,0.05,0.1,400.0,12.315182567655395,6.8863484976561615,8.65781469961095,6.2605063548419
2110,889.0,0.1,1.0,3.0,0.05,0.5,400.0,12.188453725105342,6.844146011067858,8.468596300864926,6.224558475486507
2111,889.0,0.1,1.0,3.0,0.05,0.9,400.0,12.415138602291316,7.034879086586611,8.891391890972727,7.000033289547998
2112,889.0,0.1,2.0,1.0,0.0,0.1,400.0,11.2786327846834,6.411849500629733,9.20923132581378,6.336074843123527
2113,889.0,0.1,2.0,1.0,0.0,0.5,400.0,11.240189716134273,6.294607566001584,8.625791834702703,5.6003804025865005
2114,889.0,0.1,2.0,1.0,0.01,0.1,400.0,11.881735674886146,6.54863948967017,9.867717260933764,6.760115009979891
2115,889.0,0.1,2.0,1.0,0.01,0.5,400.0,11.000671748489856,6.226792917922867,8.861696740139445,6.055131892525939
2116,889.0,0.1,2.0,1.0,0.01,0.9,400.0,11.087873472087548,6.2242814506673065,9.150640350032482,6.489628193435501
2117,889.0,0.1,2.0,1.0,0.05,0.1,400.0,11.89726395422811,6.594119248760443,9.956354072736925,6.761984886765918
2118,889.0,0.1,2.0,1.0,0.05,0.5,400.0,11.647816533306198,6.415291786937234,9.693851337703967,6.791633109975214
2119,889.0,0.1,2.0,1.0,0.05,0.9,400.0,10.684639409302443,6.2803931032084686,8.72092922887341,6.145504673562616
2120,889.0,0.1,2.0,2.0,0.0,0.1,400.0,11.96231594007819,6.4820324012596755,8.586925906661788,6.311983961776421
2121,889.0,0.1,2.0,2.0,0.0,0.5,400.0,11.771911498280968,6.583843821525107,9.011155454888216,7.31162682277463
2122,889.0,0.1,2.0,2.0,0.01,0.1,400.0,11.953364893615792,6.460020634774875,8.899675520793735,6.401824501316919
2123,889.0,0.1,2.0,2.0,0.01,0.5,400.0,12.085466415252434,6.8263441550175,8.614807679880835,6.675877159558913
2124,889.0,0.1,2.0,2.0,0.01,0.9,400.0,12.16607982477599,7.097071543996063,8.8337201190175,7.297131067184845
2125,889.0,0.1,2.0,2.0,0.05,0.1,400.0,11.773409787919816,6.284962979519097,8.938966167498837,6.434752376121609
2126,889.0,0.1,2.0,2.0,0.05,0.5,400.0,12.208427953660483,6.609122511985697,8.495276941323718,6.554765736057638
2127,889.0,0.1,2.0,2.0,0.05,0.9,400.0,12.275283755300812,6.7766095811537035,8.563175509122141,6.319760315037501
2128,889.0,0.1,2.0,3.0,0.0,0.1,400.0,12.690733907922324,7.19417345016044,8.289383862244781,5.945200040468873
2129,889.0,0.1,2.0,3.0,0.0,0.5,400.0,12.305373872416311,7.334112247772765,8.208154217718622,6.204469133674962
2130,889.0,0.1,2.0,3.0,0.01,0.1,400.0,12.785748529970009,7.180354105618451,8.6518413735374,6.275947189256702
2131,889.0,0.1,2.0,3.0,0.01,0.5,400.0,12.119338440669484,6.954857163107647,8.404525918932327,6.305983170696106
2132,889.0,0.1,2.0,3.0,0.01,0.9,400.0,12.037786937232513,6.654560132236974,8.484461948786596,6.88965237207002
2133,889.0,0.1,2.0,3.0,0.05,0.1,400.0,12.698163055526779,7.212507198340756,8.485007188683486,5.962839447731951
2134,889.0,0.1,2.0,3.0,0.05,0.5,400.0,12.497455066902466,7.011555000534668,8.278039388988095,6.045224646132107
2135,889.0,0.1,2.0,3.0,0.05,0.9,400.0,12.267840448149341,6.87713636266976,8.329971842340875,6.482932389269764
2136,889.0,0.1,3.0,1.0,0.0,0.1,400.0,11.890556763677166,6.58724581192783,9.947251180885566,6.8069859919119375
2137,889.0,0.1,3.0,1.0,0.0,0.5,400.0,11.203105922895153,6.391523263030803,8.434164153113048,5.316363984316084
2138,889.0,0.1,3.0,1.0,0.01,0.1,400.0,11.86484024272049,6.569038594774166,9.805107313373782,6.767633489589599
2139,889.0,0.1,3.0,1.0,0.01,0.5,400.0,10.861415935913296,6.4397529608044435,8.610416122773204,5.814658528754595
2140,889.0,0.1,3.0,1.0,0.01,0.9,400.0,11.235850150891673,6.644017434609648,8.214996355850408,5.690536711459065
2141,889.0,0.1,3.0,1.0,0.05,0.1,400.0,11.838909931622805,6.600333173447508,10.029501872953077,6.757099786648584
2142,889.0,0.1,3.0,1.0,0.05,0.5,400.0,11.249296856046332,6.54007217335593,9.173698800185212,6.386990033797784
2143,889.0,0.1,3.0,1.0,0.05,0.9,400.0,11.06446705873675,6.366299452461403,9.009818695782712,6.29551279117069
2144,889.0,0.1,3.0,2.0,0.0,0.1,400.0,11.53285319310048,6.366477877349109,8.744490319765582,6.734941872795067
2145,889.0,0.1,3.0,2.0,0.0,0.5,400.0,11.798404025765294,6.61929229639969,9.083794693476518,7.52217077793157
2146,889.0,0.1,3.0,2.0,0.01,0.1,400.0,12.182531880621385,6.661855375561313,8.363607513752038,6.2103265320644985
2147,889.0,0.1,3.0,2.0,0.01,0.5,400.0,11.987170315936035,6.818970012795036,8.943057149754411,7.0866299333468215
2148,889.0,0.1,3.0,2.0,0.01,0.9,400.0,12.14876316001436,6.922768412543843,9.536699754671533,7.877008705755216
2149,889.0,0.1,3.0,2.0,0.05,0.1,400.0,11.895267924467863,6.485825710833078,8.438657077727704,6.311901649386786
2150,889.0,0.1,3.0,2.0,0.05,0.5,400.0,11.95869398159691,6.695859237295726,8.8010161900193,6.7233737650448875
2151,889.0,0.1,3.0,2.0,0.05,0.9,400.0,12.285789208037729,6.718075509491176,8.597502359441021,6.474589581005864
2152,889.0,0.1,3.0,3.0,0.0,0.1,400.0,12.556101620329004,7.286662029496443,8.617667711155931,6.540738098501007
2153,889.0,0.1,3.0,3.0,0.0,0.5,400.0,11.996328721718132,7.24452375962344,8.044635246663518,6.063962509856284
2154,889.0,0.1,3.0,3.0,0.01,0.1,400.0,12.325008646944156,7.301692342335438,8.516243574716333,6.284697943287154
2155,889.0,0.1,3.0,3.0,0.01,0.5,400.0,12.354295013124034,7.11237380723739,8.484411382521262,6.39363690072521
2156,889.0,0.1,3.0,3.0,0.01,0.9,400.0,12.022303225342357,6.868915747064633,8.9891171653898,7.029895011103352
2157,889.0,0.1,3.0,3.0,0.05,0.1,400.0,12.664812182715291,7.399193331655238,8.690708243140023,6.558879024686343
2158,889.0,0.1,3.0,3.0,0.05,0.5,400.0,12.441797232723998,7.257921244945877,8.081366986733586,6.02490437175014
2159,889.0,0.1,3.0,3.0,0.05,0.9,400.0,12.354102723169602,6.976648589702407,8.493325043238219,6.801609391182973
