seed,learning_rate,dropout,d_main,num_blocks,val_rmse_scaled,val_mae_scaled,val_rmse_raw,val_mae_raw,test_rmse_scaled,test_mae_scaled,test_rmse_raw,test_mae_raw
860.0,0.001,0.0,64.0,2.0,0.43560004234313965,0.30849185585975647,6.289730548858643,4.454385757446289,0.4159061014652252,0.3148709237575531,6.005364418029785,4.546494007110596
861.0,0.001,0.0,64.0,2.0,0.5858345627784729,0.33937081694602966,8.179893493652344,4.73856782913208,0.412609726190567,0.3172834813594818,5.761188983917236,4.430167198181152
862.0,0.001,0.0,64.0,2.0,0.6640547513961792,0.46673473715782166,8.564108848571777,6.019333362579346,1.2167611122131348,0.540090024471283,15.692190170288086,6.965373992919922
863.0,0.001,0.0,64.0,2.0,0.5017253756523132,0.36013904213905334,6.290456295013428,4.515296936035156,0.7090114951133728,0.4737560451030731,8.889337539672852,5.9397873878479
864.0,0.001,0.0,64.0,2.0,0.4970899820327759,0.3776985704898834,6.912681579589844,5.252389430999756,0.5043363571166992,0.3550068438053131,7.013451099395752,4.936831951141357
865.0,0.001,0.0,64.0,2.0,1.6755657196044922,0.591833770275116,21.778953552246094,7.692638397216797,0.38902220129966736,0.30475208163261414,5.056499481201172,3.9611587524414062
866.0,0.001,0.0,64.0,2.0,0.4187973439693451,0.3303992748260498,5.517929553985596,4.353227138519287,0.4649251103401184,0.3509061634540558,6.1256937980651855,4.623419284820557
867.0,0.001,0.0,64.0,2.0,0.43189430236816406,0.30562207102775574,5.17158842086792,3.6595795154571533,1.9169399738311768,0.7099385261535645,22.953815460205078,8.500944137573242
868.0,0.001,0.0,64.0,2.0,0.5393157601356506,0.3751802444458008,7.449217319488525,5.1821208000183105,0.5734607577323914,0.39754438400268555,7.920840740203857,5.491021633148193
869.0,0.001,0.0,64.0,2.0,0.5771657824516296,0.4185749292373657,7.770244598388672,5.635173797607422,0.48413893580436707,0.349808007478714,6.517846584320068,4.709381580352783
870.0,0.001,0.0,64.0,2.0,0.543607234954834,0.3872781991958618,7.29952335357666,5.200347423553467,1.1849772930145264,0.483351469039917,15.911800384521484,6.49041223526001
871.0,0.001,0.0,64.0,2.0,0.5263034105300903,0.37193211913108826,7.372743606567383,5.210226535797119,0.4833967387676239,0.36776480078697205,6.771683692932129,5.151848316192627
872.0,0.001,0.0,64.0,2.0,0.5574696063995361,0.39298591017723083,7.285523891448975,5.135900974273682,1.316893219947815,0.4854600429534912,17.210369110107422,6.344438076019287
873.0,0.001,0.0,64.0,2.0,0.5433502793312073,0.35731205344200134,7.3485846519470215,4.832495212554932,0.5074752569198608,0.35655152797698975,6.8633904457092285,4.82220983505249
874.0,0.001,0.0,64.0,2.0,0.4346274733543396,0.31525322794914246,6.249792098999023,4.533231735229492,0.40900033712387085,0.2662214934825897,5.881282806396484,3.8281726837158203
875.0,0.001,0.0,64.0,2.0,0.370760977268219,0.3049561083316803,5.117073059082031,4.208864688873291,0.5736256837844849,0.39578577876091003,7.916918754577637,5.462453365325928
876.0,0.001,0.0,64.0,2.0,0.40889647603034973,0.2904295027256012,5.485857009887695,3.896474838256836,0.7599362730979919,0.48985418677330017,10.195494651794434,6.5720062255859375
877.0,0.001,0.0,64.0,2.0,0.4076419174671173,0.30777707695961,5.4377264976501465,4.1055827140808105,1.699658751487732,0.5933516621589661,22.67254638671875,7.91499662399292
878.0,0.001,0.0,64.0,2.0,0.6680741310119629,0.40472421050071716,9.108050346374512,5.517723560333252,0.4942861497402191,0.35818418860435486,6.738748073577881,4.883229732513428
879.0,0.001,0.0,64.0,2.0,1.212783694267273,0.5117250084877014,15.307016372680664,6.458679676055908,0.6891999840736389,0.4764976501464844,8.698660850524902,6.014061450958252
880.0,0.001,0.0,64.0,2.0,0.33860573172569275,0.25037646293640137,4.714423179626465,3.4860029220581055,0.5585029125213623,0.41254934668540955,7.776061534881592,5.743942737579346
881.0,0.001,0.0,64.0,2.0,0.5433335304260254,0.426090806722641,7.668787002563477,6.013984680175781,0.5776142477989197,0.3832892179489136,8.15263557434082,5.4098687171936035
882.0,0.001,0.0,64.0,2.0,0.4205670654773712,0.3117028772830963,5.680988788604736,4.210459232330322,0.4590320885181427,0.31879720091819763,6.200571537017822,4.306289196014404
883.0,0.001,0.0,64.0,2.0,0.6347920298576355,0.4483253061771393,8.336688995361328,5.887831211090088,0.5683524012565613,0.42363858222961426,7.46414041519165,5.563621520996094
884.0,0.001,0.0,64.0,2.0,0.47915974259376526,0.308916300535202,6.6677021980285645,4.298696041107178,0.6550789475440979,0.46346545219421387,9.115690231323242,6.449310302734375
885.0,0.001,0.0,64.0,2.0,0.5753996968269348,0.3789612352848053,7.287917137145996,4.79986047744751,1.6853400468826294,0.5647032856941223,21.346235275268555,7.152438640594482
886.0,0.001,0.0,64.0,2.0,1.2927491664886475,0.5157256722450256,17.399900436401367,6.941466808319092,0.46770742535591125,0.3535555899143219,6.295159816741943,4.758721351623535
887.0,0.001,0.0,64.0,2.0,1.360217571258545,0.5290561318397522,18.2818603515625,7.11072301864624,0.4127531349658966,0.29588592052459717,5.5475640296936035,3.976822853088379
888.0,0.001,0.0,64.0,2.0,0.46199023723602295,0.31645485758781433,6.328400135040283,4.334838390350342,0.4903504252433777,0.37314674258232117,6.716882228851318,5.111410617828369
889.0,0.001,0.0,64.0,2.0,0.5879132151603699,0.3765788972377777,8.206952095031738,5.256837368011475,0.4890437126159668,0.3436260521411896,6.826786518096924,4.796834468841553
860.0,0.001,0.0,64.0,4.0,0.41652655601501465,0.3375129699707031,6.014323711395264,4.873427867889404,0.4391086995601654,0.35336366295814514,6.340392589569092,5.102300643920898
861.0,0.001,0.0,64.0,4.0,0.5906209349632263,0.3725656569004059,8.246724128723145,5.202061176300049,0.4011102616786957,0.33040615916252136,5.600624084472656,4.613396167755127
862.0,0.001,0.0,64.0,4.0,0.684289813041687,0.46182677149772644,8.825074195861816,5.9560370445251465,0.6357678174972534,0.4012892246246338,8.199299812316895,5.175302982330322
863.0,0.001,0.0,64.0,4.0,0.581949770450592,0.4563121795654297,7.296281814575195,5.721081256866455,1.6009535789489746,0.6995889544487,20.072195053100586,8.771202087402344
864.0,0.001,0.0,64.0,4.0,0.514631450176239,0.39229726791381836,7.156618118286133,5.455402374267578,0.5231626033782959,0.3891697824001312,7.27525520324707,5.4119110107421875
865.0,0.001,0.0,64.0,4.0,1.0900392532348633,0.5394002795219421,14.16829776763916,7.011109828948975,0.3844454288482666,0.3203486204147339,4.997010707855225,4.163881778717041
866.0,0.001,0.0,64.0,4.0,0.40049421787261963,0.3248482942581177,5.276773929595947,4.280089378356934,0.48937544226646423,0.3462587893009186,6.447842597961426,4.5621867179870605
867.0,0.001,0.0,64.0,4.0,0.376473069190979,0.2903994619846344,4.507963180541992,3.4773006439208984,1.5802181959152222,0.6809404492378235,18.921844482421875,8.153716087341309
868.0,0.001,0.0,64.0,4.0,0.5193549394607544,0.3939155638217926,7.173511505126953,5.44089937210083,0.5829557180404663,0.4113835394382477,8.05198860168457,5.682173252105713
869.0,0.001,0.0,64.0,4.0,0.5582194328308105,0.38315996527671814,7.515174388885498,5.158390522003174,0.4959428310394287,0.3466983735561371,6.676759243011475,4.667517185211182
870.0,0.001,0.0,64.0,4.0,0.5749613046646118,0.40820351243019104,7.720543384552002,5.481330871582031,0.871053159236908,0.4502255618572235,11.696447372436523,6.045600891113281
871.0,0.001,0.0,64.0,4.0,0.4983234405517578,0.37351134419441223,6.980785369873047,5.232349872589111,0.5206810832023621,0.4020560085773468,7.29398250579834,5.632218837738037
872.0,0.001,0.0,64.0,4.0,0.6503571271896362,0.45871052145957947,8.49946403503418,5.994848728179932,0.79973304271698,0.4326707422733307,10.451644897460938,5.654538631439209
873.0,0.001,0.0,64.0,4.0,0.5303583145141602,0.37528562545776367,7.1728739738464355,5.075580596923828,0.46715477108955383,0.3336457908153534,6.31807279586792,4.5124192237854
874.0,0.001,0.0,64.0,4.0,0.4349067807197571,0.3461402356624603,6.253807544708252,4.977376461029053,0.4230615198612213,0.30838122963905334,6.08347749710083,4.434414863586426
875.0,0.001,0.0,64.0,4.0,0.42602232098579407,0.3332321345806122,5.879764556884766,4.599116802215576,0.6129923462867737,0.4367493689060211,8.460238456726074,6.0278143882751465
876.0,0.001,0.0,64.0,4.0,0.37486496567726135,0.2838326394557953,5.029282093048096,3.807969331741333,0.739483654499054,0.4513217508792877,9.921097755432129,6.055044651031494
877.0,0.001,0.0,64.0,4.0,0.38456642627716064,0.3259213864803314,5.12991189956665,4.347618103027344,0.6544327735900879,0.44031497836112976,8.729785919189453,5.873567581176758
878.0,0.001,0.0,64.0,4.0,0.6561920642852783,0.4314131736755371,8.94605827331543,5.881582260131836,0.5507755279541016,0.3852519690990448,7.508884429931641,5.25225305557251
879.0,0.001,0.0,64.0,4.0,1.26382577419281,0.4739358723163605,15.951238632202148,5.981729507446289,0.6196804642677307,0.4168766438961029,7.821228504180908,5.261561870574951
880.0,0.001,0.0,64.0,4.0,0.35946187376976013,0.2739727795124054,5.0048041343688965,3.81453537940979,0.5236759185791016,0.3694749176502228,7.291162967681885,5.144216060638428
881.0,0.001,0.0,64.0,4.0,0.533129870891571,0.431128591299057,7.524768829345703,6.085089206695557,0.598696231842041,0.3787120580673218,8.450194358825684,5.345265865325928
882.0,0.001,0.0,64.0,4.0,0.4092814326286316,0.319561243057251,5.528542995452881,4.316609859466553,0.4347275495529175,0.3195898234844208,5.872268199920654,4.316995620727539
883.0,0.001,0.0,64.0,4.0,0.6154207587242126,0.42749786376953125,8.082286834716797,5.6143059730529785,0.5021798014640808,0.36606860160827637,6.595099925994873,4.807559490203857
884.0,0.001,0.0,64.0,4.0,0.49547454714775085,0.32999393343925476,6.894730567932129,4.592000484466553,0.6406934857368469,0.442570298910141,8.915510177612305,6.158545017242432
885.0,0.001,0.0,64.0,4.0,0.6447717547416687,0.42755094170570374,8.166572570800781,5.415289402008057,1.256278395652771,0.5531059503555298,15.91181468963623,7.005548000335693
886.0,0.001,0.0,64.0,4.0,1.1872590780258179,0.5300492644309998,15.9800443649292,7.134256839752197,0.5352067351341248,0.38535594940185547,7.20367431640625,5.186740875244141
887.0,0.001,0.0,64.0,4.0,0.7761233448982239,0.4282137453556061,10.431403160095215,5.755361080169678,0.4050907790660858,0.31866902112960815,5.444579124450684,4.283036708831787
888.0,0.001,0.0,64.0,4.0,0.44505175948143005,0.3155413866043091,6.096374988555908,4.322325229644775,0.5044875741004944,0.3938066065311432,6.910533905029297,5.394412994384766
889.0,0.001,0.0,64.0,4.0,0.603648841381073,0.3891468346118927,8.426612854003906,5.43228006362915,0.4979870021343231,0.34913960099220276,6.951629638671875,4.873800277709961
860.0,0.001,0.0,256.0,2.0,0.4657346308231354,0.3507877290248871,6.724849700927734,5.065104961395264,0.4191242456436157,0.33030179142951965,6.05183219909668,4.769304275512695
861.0,0.001,0.0,256.0,2.0,0.5966483950614929,0.3738006055355072,8.33088493347168,5.21930456161499,0.4029816687107086,0.3298599421977997,5.6267547607421875,4.605770111083984
862.0,0.001,0.0,256.0,2.0,0.7096079587936401,0.4538792669773102,9.151593208312988,5.853539943695068,1.1619921922683716,0.5138664841651917,14.985852241516113,6.627176761627197
863.0,0.001,0.0,256.0,2.0,0.5392599701881409,0.40435564517974854,6.761052131652832,5.069669246673584,0.9366264939308167,0.5397512316703796,11.743094444274902,6.7672119140625
864.0,0.001,0.0,256.0,2.0,0.5526849627494812,0.46592459082603455,7.685801982879639,6.479286193847656,0.5418878197669983,0.4043736159801483,7.535653591156006,5.6233391761779785
865.0,0.001,0.0,256.0,2.0,1.2486116886138916,0.6289728283882141,16.229415893554688,8.175370216369629,0.472769170999527,0.3759009838104248,6.1450395584106445,4.885950088500977
866.0,0.001,0.0,256.0,2.0,0.43860283493995667,0.3552994728088379,5.778880596160889,4.68130350112915,0.45146507024765015,0.3548301160335541,5.948348045349121,4.675119400024414
867.0,0.001,0.0,256.0,2.0,0.4228346049785614,0.30841681361198425,5.06310510635376,3.6930439472198486,0.9350305199623108,0.5499295592308044,11.196240425109863,6.58496618270874
868.0,0.001,0.0,256.0,2.0,0.5241648554801941,0.38382792472839355,7.239948272705078,5.301565170288086,0.5370242595672607,0.3723646104335785,7.417567253112793,5.143229961395264
869.0,0.001,0.0,256.0,2.0,0.6656719446182251,0.4539806544780731,8.961782455444336,6.111833095550537,0.5532448291778564,0.3619724214076996,7.448202610015869,4.873147964477539
870.0,0.001,0.0,256.0,2.0,0.6179936528205872,0.4798312187194824,8.298379898071289,6.443143367767334,1.054299235343933,0.5148133635520935,14.157062530517578,6.9128804206848145
871.0,0.001,0.0,256.0,2.0,0.5034886598587036,0.3553096354007721,7.053142547607422,4.977370738983154,0.4969504177570343,0.3797624111175537,6.961551189422607,5.319917678833008
872.0,0.001,0.0,256.0,2.0,0.6519966721534729,0.43662407994270325,8.520890235900879,5.706203460693359,0.9318904876708984,0.45873022079467773,12.178800582885742,5.995107173919678
873.0,0.001,0.0,256.0,2.0,0.6819131970405579,0.4507775604724884,9.222591400146484,6.096577167510986,0.505754292011261,0.3570004999637604,6.840115070343018,4.828281879425049
874.0,0.001,0.0,256.0,2.0,0.46135851740837097,0.33665695786476135,6.6341753005981445,4.841010093688965,0.4053519070148468,0.28094685077667236,5.828819751739502,4.039918422698975
875.0,0.001,0.0,256.0,2.0,0.4295324683189392,0.36053577065467834,5.928210258483887,4.975949764251709,0.6128329634666443,0.4023328721523285,8.458040237426758,5.55281400680542
876.0,0.001,0.0,256.0,2.0,0.42006051540374756,0.3319142758846283,5.635636806488037,4.453044891357422,0.7780452370643616,0.46835461258888245,10.43844985961914,6.283563137054443
877.0,0.001,0.0,256.0,2.0,0.3944724500179291,0.3403410017490387,5.2620530128479,4.539968013763428,0.541923999786377,0.4191978871822357,7.228978633880615,5.59187650680542
878.0,0.001,0.0,256.0,2.0,0.658453106880188,0.40511205792427063,8.976883888244629,5.523011684417725,0.4950898289680481,0.3786071836948395,6.749704360961914,5.161662578582764
879.0,0.001,0.0,256.0,2.0,1.2927370071411133,0.5185185074806213,16.316137313842773,6.544424057006836,0.6733060479164124,0.5064047574996948,8.498056411743164,6.391531467437744
880.0,0.001,0.0,256.0,2.0,0.35374966263771057,0.25724735856056213,4.925272464752197,3.5816667079925537,0.5135632157325745,0.39353179931640625,7.150363445281982,5.479160308837891
881.0,0.001,0.0,256.0,2.0,0.5376402139663696,0.43240252137184143,7.588428974151611,6.1030707359313965,0.6780662536621094,0.4433119297027588,9.570448875427246,6.257049083709717
882.0,0.001,0.0,256.0,2.0,0.4563640356063843,0.3667362928390503,6.164531707763672,4.953846454620361,0.4473831355571747,0.3481653928756714,6.043218612670898,4.7029924392700195
883.0,0.001,0.0,256.0,2.0,0.638164222240448,0.4905003011226654,8.380975723266602,6.441713333129883,0.5154103636741638,0.3883427083492279,6.768856048583984,5.100083827972412
884.0,0.001,0.0,256.0,2.0,0.5250200629234314,0.331028014421463,7.305867671966553,4.60638952255249,0.6903143525123596,0.483763724565506,9.60600471496582,6.731769561767578
885.0,0.001,0.0,256.0,2.0,0.5621201992034912,0.39569342136383057,7.119720458984375,5.011786937713623,1.2568498849868774,0.5162292122840881,15.919053077697754,6.538473606109619
886.0,0.001,0.0,256.0,2.0,1.1398847103118896,0.5537681579589844,15.342405319213867,7.4535040855407715,0.5310894250869751,0.41408443450927734,7.148256778717041,5.573415279388428
887.0,0.001,0.0,256.0,2.0,0.7546869516372681,0.4743688106536865,10.143289566040039,6.375703811645508,0.4826314449310303,0.401313453912735,6.486755847930908,5.393810272216797
888.0,0.001,0.0,256.0,2.0,0.48455414175987244,0.3519701063632965,6.6374831199646,4.821331024169922,0.49387073516845703,0.4029981791973114,6.765103340148926,5.52031946182251
889.0,0.001,0.0,256.0,2.0,0.5499407052993774,0.37445178627967834,7.676876068115234,5.227145195007324,0.44587016105651855,0.31919431686401367,6.224106311798096,4.455780029296875
860.0,0.001,0.0,256.0,4.0,0.4381124675273895,0.3479665517807007,6.32600736618042,5.024369716644287,0.42406198382377625,0.3343387544155121,6.123129844665527,4.827594757080078
861.0,0.001,0.0,256.0,4.0,0.5799183249473572,0.3519028127193451,8.09728717803955,4.913550853729248,0.4029310345649719,0.3188530206680298,5.626047134399414,4.45208215713501
862.0,0.001,0.0,256.0,4.0,0.6826927065849304,0.48294535279273987,8.804475784301758,6.228395938873291,0.5482460260391235,0.41519227623939514,7.070559501647949,5.3546061515808105
863.0,0.001,0.0,256.0,4.0,0.5872808694839478,0.45089343190193176,7.363122463226318,5.653144359588623,0.8036648035049438,0.48501530289649963,10.076067924499512,6.080952167510986
864.0,0.001,0.0,256.0,4.0,0.5638558268547058,0.4502371847629547,7.841147422790527,6.261132717132568,0.5191612243652344,0.38715696334838867,7.219610691070557,5.383920192718506
865.0,0.001,0.0,256.0,4.0,0.9129379987716675,0.5307077765464783,11.866340637207031,6.898124694824219,0.4278775155544281,0.35945820808410645,5.561539173126221,4.672227382659912
866.0,0.001,0.0,256.0,4.0,0.44909438490867615,0.34151244163513184,5.917112827301025,4.499650478363037,0.4777487516403198,0.36206743121147156,6.294653415679932,4.7704758644104
867.0,0.001,0.0,256.0,4.0,0.359395295381546,0.25670763850212097,4.303470611572266,3.0738677978515625,0.873188316822052,0.5762017369270325,10.455728530883789,6.8995537757873535
868.0,0.001,0.0,256.0,4.0,0.503141462802887,0.39502596855163574,6.949565887451172,5.456236362457275,0.5317508578300476,0.38096871972084045,7.344728469848633,5.262073993682861
869.0,0.001,0.0,256.0,4.0,0.5283134579658508,0.3662590980529785,7.112557411193848,4.930858612060547,0.4787406027317047,0.3597266674041748,6.445169925689697,4.84291410446167
870.0,0.001,0.0,256.0,4.0,0.5596827268600464,0.40888774394989014,7.515384197235107,5.490518093109131,0.7840015292167664,0.4309603273868561,10.527523040771484,5.7869086265563965
871.0,0.001,0.0,256.0,4.0,0.5519144535064697,0.3898731768131256,7.731517314910889,5.461555480957031,0.4789527356624603,0.37188395857810974,6.709429740905762,5.20955228805542
872.0,0.001,0.0,256.0,4.0,0.5979995131492615,0.43331655859947205,7.815206527709961,5.662978649139404,0.9296922087669373,0.4290553629398346,12.150071144104004,5.607288837432861
873.0,0.001,0.0,256.0,4.0,0.5851641893386841,0.4689417779445648,7.9141011238098145,6.342240810394287,0.5073187947273254,0.407254695892334,6.861273765563965,5.507948398590088
874.0,0.001,0.0,256.0,4.0,0.4514302611351013,0.30651673674583435,6.491410732269287,4.407604694366455,0.42369210720062256,0.26801368594169617,6.092545509338379,3.8539438247680664
875.0,0.001,0.0,256.0,4.0,0.42006170749664307,0.35319626331329346,5.797499179840088,4.87465238571167,0.6098947525024414,0.41454896330833435,8.417488098144531,5.721415042877197
876.0,0.001,0.0,256.0,4.0,0.4275331497192383,0.3365154266357422,5.735891819000244,4.514775276184082,0.7153693437576294,0.46583929657936096,9.597574234008789,6.249815464019775
877.0,0.001,0.0,256.0,4.0,0.3508891463279724,0.27966585755348206,4.680675029754639,3.7305946350097656,0.5571810007095337,0.4101633131504059,7.432498455047607,5.471360683441162
878.0,0.001,0.0,256.0,4.0,0.6470552682876587,0.4208211600780487,8.821494102478027,5.73717737197876,0.49872952699661255,0.36225852370262146,6.799325942993164,4.93877649307251
879.0,0.001,0.0,256.0,4.0,0.5966987609863281,0.4042321741580963,7.531167030334473,5.101971626281738,0.6477758884429932,0.45895227789878845,8.175829887390137,5.7926154136657715
880.0,0.001,0.0,256.0,4.0,0.38375312089920044,0.31628382205963135,5.34301233291626,4.403634071350098,0.5335448384284973,0.3938894271850586,7.4285688400268555,5.484139919281006
881.0,0.001,0.0,256.0,4.0,0.5043755173683167,0.406646728515625,7.11892032623291,5.73954439163208,0.6175068020820618,0.40067657828330994,8.715693473815918,5.655279636383057
882.0,0.001,0.0,256.0,4.0,0.44398659467697144,0.35269618034362793,5.99733829498291,4.764194011688232,0.42310428619384766,0.3180462419986725,5.715261459350586,4.296145439147949
883.0,0.001,0.0,256.0,4.0,0.6505383253097534,0.4705204963684082,8.543484687805176,6.179319858551025,0.5033560395240784,0.36415502429008484,6.6105475425720215,4.78242826461792
884.0,0.001,0.0,256.0,4.0,0.4668121039867401,0.304095596075058,6.495880126953125,4.231614112854004,0.6784366965293884,0.48245763778686523,9.440723419189453,6.713594436645508
885.0,0.001,0.0,256.0,4.0,0.5778188109397888,0.4284374415874481,7.318557262420654,5.426517486572266,0.7483838796615601,0.441506952047348,9.478906631469727,5.5920538902282715
886.0,0.001,0.0,256.0,4.0,0.8136705756187439,0.4691425561904907,10.951689720153809,6.314476013183594,0.516981840133667,0.381946325302124,6.958375453948975,5.1408491134643555
887.0,0.001,0.0,256.0,4.0,0.7457316517829895,0.40899261832237244,10.022926330566406,5.497021198272705,0.4116935431957245,0.30970486998558044,5.533322811126709,4.16255521774292
888.0,0.001,0.0,256.0,4.0,0.4532376527786255,0.3209739625453949,6.2085065841674805,4.3967413902282715,0.5030679702758789,0.3988974988460541,6.891087532043457,5.464147090911865
889.0,0.001,0.0,256.0,4.0,0.5531957745552063,0.36691245436668396,7.722314357757568,5.1219000816345215,0.4756907820701599,0.32447049021720886,6.640387058258057,4.529432773590088
860.0,0.001,0.1,64.0,2.0,0.4357313811779022,0.32833680510520935,6.2916259765625,4.740931034088135,0.38993483781814575,0.2976055145263672,5.630359649658203,4.2971954345703125
861.0,0.001,0.1,64.0,2.0,0.5593394041061401,0.34330281615257263,7.809946537017822,4.7934699058532715,0.3753334581851959,0.2975982427597046,5.240707874298096,4.155306339263916
862.0,0.001,0.1,64.0,2.0,0.6433934569358826,0.41558584570884705,8.297645568847656,5.359681606292725,1.2114295959472656,0.5011635422706604,15.623433113098145,6.463350772857666
863.0,0.001,0.1,64.0,2.0,0.48484930396080017,0.37163153290748596,6.07887077331543,4.659385681152344,0.6590052843093872,0.4595191478729248,8.262377738952637,5.761290073394775
864.0,0.001,0.1,64.0,2.0,0.5317755341529846,0.4063745439052582,7.395029544830322,5.651165008544922,0.4626369774341583,0.32858389616012573,6.433567523956299,4.569385528564453
865.0,0.001,0.1,64.0,2.0,1.3738497495651245,0.5354947447776794,17.85725975036621,6.9603447914123535,0.37451714277267456,0.29916003346443176,4.867962837219238,3.8884735107421875
866.0,0.001,0.1,64.0,2.0,0.42835116386413574,0.34305480122566223,5.643807411193848,4.519972324371338,0.4742027521133423,0.3586232662200928,6.247931957244873,4.725096225738525
867.0,0.001,0.1,64.0,2.0,0.3865172266960144,0.29944729804992676,4.628233432769775,3.5856411457061768,1.0240825414657593,0.58400958776474,12.262566566467285,6.993045806884766
868.0,0.001,0.1,64.0,2.0,0.5021083354949951,0.36514124274253845,6.935296058654785,5.043457508087158,0.5704132318496704,0.3967925012111664,7.87874698638916,5.4806365966796875
869.0,0.001,0.1,64.0,2.0,0.5830510258674622,0.40985357761383057,7.849476337432861,5.517759799957275,0.4770824611186981,0.3317602574825287,6.422847270965576,4.466408729553223
870.0,0.001,0.1,64.0,2.0,0.5678215622901917,0.4106954336166382,7.624671936035156,5.514791965484619,1.121147632598877,0.46527299284935,15.054699897766113,6.247656345367432
871.0,0.001,0.1,64.0,2.0,0.5290548205375671,0.35740354657173157,7.4112868309021,5.006702899932861,0.47717389464378357,0.35389244556427,6.684510231018066,4.957517147064209
872.0,0.001,0.1,64.0,2.0,0.544025719165802,0.38582155108451843,7.109827041625977,5.042270183563232,1.15560781955719,0.45986810326576233,15.102544784545898,6.009978771209717
873.0,0.001,0.1,64.0,2.0,0.5908031463623047,0.41258957982063293,7.990365028381348,5.580101490020752,0.5070629715919495,0.3685646951198578,6.857814311981201,4.984683513641357
874.0,0.001,0.1,64.0,2.0,0.4812850058078766,0.354923278093338,6.920711040496826,5.103673934936523,0.4086523652076721,0.29067036509513855,5.876278877258301,4.179738521575928
875.0,0.001,0.1,64.0,2.0,0.365508496761322,0.28238940238952637,5.044580459594727,3.897409439086914,0.5947120785713196,0.38692983984947205,8.2079439163208,5.3402276039123535
876.0,0.001,0.1,64.0,2.0,0.38072171807289124,0.29042136669158936,5.107858180999756,3.8963654041290283,0.7194227576255798,0.4591000974178314,9.651955604553223,6.1594014167785645
877.0,0.001,0.1,64.0,2.0,0.3745248019695282,0.29388299584388733,4.995961666107178,3.92024302482605,0.6305204033851624,0.4132729470729828,8.410806655883789,5.512841701507568
878.0,0.001,0.1,64.0,2.0,0.6660783886909485,0.4143711030483246,9.080841064453125,5.649242401123047,0.47503387928009033,0.3619813024997711,6.476276397705078,4.934997081756592
879.0,0.001,0.1,64.0,2.0,1.178761601448059,0.4858360290527344,14.877609252929688,6.131925106048584,0.6476872563362122,0.48566734790802,8.174712181091309,6.129796504974365
880.0,0.001,0.1,64.0,2.0,0.3360286056995392,0.24470025300979614,4.678541660308838,3.406972646713257,0.5162793397903442,0.36432239413261414,7.188179969787598,5.072476863861084
881.0,0.001,0.1,64.0,2.0,0.5318312644958496,0.4277869760990143,7.506440162658691,6.037925720214844,0.5286051034927368,0.36134073138237,7.4609055519104,5.100080966949463
882.0,0.001,0.1,64.0,2.0,0.43464088439941406,0.3444693088531494,5.871097087860107,4.653066158294678,0.44300612807273865,0.354410856962204,5.984094142913818,4.787355899810791
883.0,0.001,0.1,64.0,2.0,0.667527437210083,0.46990707516670227,8.7666015625,6.171264171600342,0.47756069898605347,0.344142347574234,6.271778583526611,4.519603252410889
884.0,0.001,0.1,64.0,2.0,0.49860766530036926,0.32731199264526367,6.938328266143799,4.554679870605469,0.6368893384933472,0.43095651268959045,8.862574577331543,5.9969353675842285
885.0,0.001,0.1,64.0,2.0,0.5857692360877991,0.3911711275577545,7.419256687164307,4.954509258270264,1.5028022527694702,0.5607823729515076,19.034244537353516,7.102777004241943
886.0,0.001,0.1,64.0,2.0,0.8995011448860168,0.46387672424316406,12.106935501098633,6.243600368499756,0.4959166347980499,0.37835684418678284,6.674844741821289,5.092535495758057
887.0,0.001,0.1,64.0,2.0,1.4650307893753052,0.5726936459541321,19.690587997436523,7.697227478027344,0.4406079053878784,0.33859172463417053,5.921943664550781,4.550806045532227
888.0,0.001,0.1,64.0,2.0,0.4347175359725952,0.2966766357421875,5.95481538772583,4.063913822174072,0.4989401698112488,0.3902529180049896,6.834545135498047,5.345733165740967
889.0,0.001,0.1,64.0,2.0,0.5907610654830933,0.37843456864356995,8.246705055236816,5.282742023468018,0.459781289100647,0.3253452479839325,6.418298244476318,4.5416436195373535
860.0,0.001,0.1,64.0,4.0,0.3959495425224304,0.30388519167900085,5.717207431793213,4.387868881225586,0.4291292726993561,0.3417540490627289,6.1962971687316895,4.934665679931641
861.0,0.001,0.1,64.0,4.0,0.5862737894058228,0.3665710985660553,8.186026573181152,5.118361473083496,0.3998261094093323,0.3167785108089447,5.582693576812744,4.423116207122803
862.0,0.001,0.1,64.0,4.0,0.653121292591095,0.44864118099212646,8.423103332519531,5.785985946655273,0.9947556853294373,0.48400798439979553,12.829056739807129,6.242101192474365
863.0,0.001,0.1,64.0,4.0,0.5039219260215759,0.37935736775398254,6.317996501922607,4.756249904632568,1.8847582340240479,0.7078439593315125,23.630435943603516,8.874698638916016
864.0,0.001,0.1,64.0,4.0,0.48773905634880066,0.39504632353782654,6.782645225524902,5.493631362915039,0.48398253321647644,0.3547608554363251,6.730405330657959,4.933410167694092
865.0,0.001,0.1,64.0,4.0,1.2905018329620361,0.5084670186042786,16.77390480041504,6.609039306640625,0.38600337505340576,0.32570880651474,5.0172600746154785,4.233553409576416
866.0,0.001,0.1,64.0,4.0,0.39362844824790955,0.3241632878780365,5.186313152313232,4.271064281463623,0.4812142550945282,0.36165449023246765,6.34031343460083,4.765035152435303
867.0,0.001,0.1,64.0,4.0,0.3931484818458557,0.2870109975337982,4.707637310028076,3.4367268085479736,1.111007809638977,0.6442353129386902,13.303425788879395,7.714200496673584
868.0,0.001,0.1,64.0,4.0,0.5041131377220154,0.369295597076416,6.962986946105957,5.100840091705322,0.5716918706893921,0.3935180604457855,7.8964080810546875,5.435409069061279
869.0,0.001,0.1,64.0,4.0,0.543906033039093,0.36180534958839417,7.322476387023926,4.870899200439453,0.47382497787475586,0.33275288343429565,6.378992557525635,4.479772090911865
870.0,0.001,0.1,64.0,4.0,0.5758345127105713,0.4144655466079712,7.732269287109375,5.5654168128967285,0.9767451286315918,0.4901183545589447,13.115671157836914,6.581277847290039
871.0,0.001,0.1,64.0,4.0,0.5098828673362732,0.34953346848487854,7.142715930938721,4.896454811096191,0.5059044361114502,0.35829654335975647,7.086984157562256,5.019211769104004
872.0,0.001,0.1,64.0,4.0,0.5641281604766846,0.40883854031562805,7.372543811798096,5.343077182769775,1.050012469291687,0.46600401401519775,13.722526550292969,6.090167999267578
873.0,0.001,0.1,64.0,4.0,0.5666989684104919,0.4155612885951996,7.664365768432617,5.6202921867370605,0.5261639952659607,0.3926306664943695,7.116147518157959,5.3101654052734375
874.0,0.001,0.1,64.0,4.0,0.43597501516342163,0.33466431498527527,6.269169330596924,4.812356472015381,0.42243289947509766,0.30421072244644165,6.074438095092773,4.374444484710693
875.0,0.001,0.1,64.0,4.0,0.375393271446228,0.28367751836776733,5.181005477905273,3.915187120437622,0.5510198473930359,0.4133026897907257,7.604923725128174,5.704214572906494
876.0,0.001,0.1,64.0,4.0,0.3683938980102539,0.27198654413223267,4.942464828491211,3.6490395069122314,0.7008691430091858,0.46030107140541077,9.403036117553711,6.175514221191406
877.0,0.001,0.1,64.0,4.0,0.3705757260322571,0.2739003896713257,4.943283557891846,3.6536858081817627,0.7288949489593506,0.4444485902786255,9.723072052001953,5.928708553314209
878.0,0.001,0.1,64.0,4.0,0.6156349182128906,0.41412386298179626,8.393131256103516,5.645871639251709,0.5052208304405212,0.3839455544948578,6.887823104858398,5.234442710876465
879.0,0.001,0.1,64.0,4.0,1.2975674867630005,0.49761414527893066,16.377103805541992,6.280581951141357,0.6562018990516663,0.4422621428966522,8.28217887878418,5.581962585449219
880.0,0.001,0.1,64.0,4.0,0.36529865860939026,0.28112903237342834,5.086069583892822,3.9141719341278076,0.5217047929763794,0.3953883647918701,7.263718605041504,5.50501012802124
881.0,0.001,0.1,64.0,4.0,0.5358960628509521,0.41760870814323425,7.563811779022217,5.894265651702881,0.5339556932449341,0.364270955324173,7.53642463684082,5.141439437866211
882.0,0.001,0.1,64.0,4.0,0.506440281867981,0.4181198179721832,6.8409576416015625,5.6479315757751465,0.4643794298171997,0.3899955749511719,6.272802829742432,5.268032073974609
883.0,0.001,0.1,64.0,4.0,0.6330161094665527,0.47322550415992737,8.313365936279297,6.21484375,0.5037911534309387,0.365649551153183,6.6162614822387695,4.802055358886719
884.0,0.001,0.1,64.0,4.0,0.4451299011707306,0.2980009615421295,6.1941633224487305,4.146804332733154,0.5689827799797058,0.4138481616973877,7.917627811431885,5.7588653564453125
885.0,0.001,0.1,64.0,4.0,0.615356981754303,0.4506886899471283,7.794010162353516,5.708348751068115,1.1947425603866577,0.5271585583686829,15.132410049438477,6.676902770996094
886.0,0.001,0.1,64.0,4.0,0.5799062252044678,0.4063422977924347,7.805311679840088,5.46920919418335,0.5009053349494934,0.38528552651405334,6.741990566253662,5.185792922973633
887.0,0.001,0.1,64.0,4.0,0.8268029093742371,0.46276620030403137,11.112555503845215,6.219759464263916,0.44460707902908325,0.3370906114578247,5.975694179534912,4.530630588531494
888.0,0.001,0.1,64.0,4.0,0.482491135597229,0.3307674825191498,6.60922384262085,4.530894756317139,0.5076805353164673,0.40314218401908875,6.954272270202637,5.522292613983154
889.0,0.001,0.1,64.0,4.0,0.562293529510498,0.3784123659133911,7.8493146896362305,5.282432556152344,0.4625423848628998,0.34432902932167053,6.456841945648193,4.806647777557373
860.0,0.001,0.1,256.0,2.0,0.43776893615722656,0.3605700731277466,6.321047306060791,5.20635461807251,0.43236035108566284,0.3580803871154785,6.2429518699646,5.170406341552734
861.0,0.001,0.1,256.0,2.0,0.5944761037826538,0.3728540241718292,8.300553321838379,5.206088066101074,0.37954986095428467,0.2976566255092621,5.299580097198486,4.156121730804443
862.0,0.001,0.1,256.0,2.0,0.6918646097183228,0.4973142147064209,8.922762870788574,6.413707256317139,0.9904557466506958,0.47354915738105774,12.773601531982422,6.1072163581848145
863.0,0.001,0.1,256.0,2.0,0.4973345398902893,0.3729891777038574,6.235405921936035,4.676407814025879,2.0763144493103027,0.7344672083854675,26.032102584838867,9.20849323272705
864.0,0.001,0.1,256.0,2.0,0.5587548613548279,0.4507932662963867,7.770212173461914,6.268866062164307,0.5286630988121033,0.38231411576271057,7.351746559143066,5.3165740966796875
865.0,0.001,0.1,256.0,2.0,1.3238445520401,0.5507097840309143,17.207292556762695,7.158109188079834,0.3538699150085449,0.2892657220363617,4.59959077835083,3.7598674297332764
866.0,0.001,0.1,256.0,2.0,0.47875845432281494,0.37978795170783997,6.307956218719482,5.003955364227295,0.4638524651527405,0.3532229959964752,6.111560344696045,4.653945446014404
867.0,0.001,0.1,256.0,2.0,0.4332723617553711,0.3221515417098999,5.188089370727539,3.85750675201416,0.7075837850570679,0.4776113033294678,8.472747802734375,5.71901273727417
868.0,0.001,0.1,256.0,2.0,0.6308651566505432,0.43940213322639465,8.713729858398438,6.069176197052002,0.59554123878479,0.41874969005584717,8.225823402404785,5.78391695022583
869.0,0.001,0.1,256.0,2.0,0.6007581949234009,0.4146091043949127,8.08786392211914,5.581783294677734,0.5191684365272522,0.3947577178478241,6.989440441131592,5.314528942108154
870.0,0.001,0.1,256.0,2.0,0.6295566558837891,0.4354310929775238,8.453646659851074,5.846940994262695,1.1591060161590576,0.49330973625183105,15.564401626586914,6.624131679534912
871.0,0.001,0.1,256.0,2.0,0.519312858581543,0.3802502155303955,7.274816513061523,5.326751232147217,0.4901168644428253,0.37957239151000977,6.8658223152160645,5.317255973815918
872.0,0.001,0.1,256.0,2.0,0.5775163173675537,0.39658495783805847,7.547513008117676,5.182936191558838,1.6072174310684204,0.5661664605140686,21.004594802856445,7.399183750152588
873.0,0.001,0.1,256.0,2.0,0.6054201126098633,0.3944800794124603,8.188054084777832,5.335176944732666,0.4948926568031311,0.3386634290218353,6.693215847015381,4.580280780792236
874.0,0.001,0.1,256.0,2.0,0.4498198926448822,0.32317599654197693,6.4682536125183105,4.647158622741699,0.46612313389778137,0.3346615135669708,6.702688694000244,4.81231689453125
875.0,0.001,0.1,256.0,2.0,0.4455788731575012,0.34283265471458435,6.149675369262695,4.731618881225586,0.5617345571517944,0.4144843816757202,7.752803325653076,5.720523357391357
876.0,0.001,0.1,256.0,2.0,0.48589590191841125,0.391560435295105,6.5189008712768555,5.253272533416748,0.7395258545875549,0.5046938061714172,9.921664237976074,6.771098613739014
877.0,0.001,0.1,256.0,2.0,0.37336957454681396,0.2796821892261505,4.9805521965026855,3.730811357498169,0.9179441332817078,0.536204993724823,12.244887351989746,7.152690410614014
878.0,0.001,0.1,256.0,2.0,0.6177752614021301,0.40170010924339294,8.422310829162598,5.476495265960693,0.5204406976699829,0.3792544901371002,7.095319747924805,5.170486927032471
879.0,0.001,0.1,256.0,2.0,0.9006468653678894,0.47438040375709534,11.367415428161621,5.987339496612549,0.6332876086235046,0.47052517533302307,7.992969036102295,5.938680648803711
880.0,0.001,0.1,256.0,2.0,0.36288177967071533,0.29469966888427734,5.052419662475586,4.103116989135742,0.5882817506790161,0.44033190608024597,8.190672874450684,6.130760669708252
881.0,0.001,0.1,256.0,2.0,0.5797709226608276,0.4359486997127533,8.183075904846191,6.1531219482421875,0.6451305150985718,0.3862796723842621,9.105583190917969,5.452076435089111
882.0,0.001,0.1,256.0,2.0,0.5002061724662781,0.39930376410484314,6.756748199462891,5.393765926361084,0.44026345014572144,0.3563911020755768,5.947046279907227,4.8141045570373535
883.0,0.001,0.1,256.0,2.0,0.6248226165771484,0.4442710876464844,8.205760955810547,5.834588527679443,0.5146055817604065,0.3305249512195587,6.758286476135254,4.340766429901123
884.0,0.001,0.1,256.0,2.0,0.46928465366363525,0.33062371611595154,6.53028678894043,4.60076379776001,0.6452488899230957,0.4757450520992279,8.978901863098145,6.620185852050781
885.0,0.001,0.1,256.0,2.0,0.6517303586006165,0.4251861870288849,8.254708290100098,5.385337829589844,1.4088103771209717,0.5607483983039856,17.843759536743164,7.102346897125244
886.0,0.001,0.1,256.0,2.0,0.5636951923370361,0.4094007909297943,7.587118148803711,5.510375499725342,0.5065324306488037,0.3929053544998169,6.817729473114014,5.288353443145752
887.0,0.001,0.1,256.0,2.0,1.0294524431228638,0.46198996901512146,13.8362455368042,6.209327220916748,0.4642353057861328,0.3526976406574249,6.239504814147949,4.7403950691223145
888.0,0.001,0.1,256.0,2.0,0.47070926427841187,0.33219996094703674,6.4478349685668945,4.550516605377197,0.49719253182411194,0.4037090241909027,6.810605525970459,5.530057430267334
889.0,0.001,0.1,256.0,2.0,0.5683637261390686,0.35759735107421875,7.9340500831604,4.991866588592529,0.4334068298339844,0.2860216200351715,6.050126075744629,3.9927074909210205
860.0,0.001,0.1,256.0,4.0,0.3965905010700226,0.3208928406238556,5.726462364196777,4.633446216583252,0.40396857261657715,0.3435048758983612,5.832995891571045,4.959946155548096
861.0,0.001,0.1,256.0,4.0,0.6120568513870239,0.3892553150653839,8.546030044555664,5.435096263885498,0.3900797367095947,0.29802605509757996,5.4466071128845215,4.161279678344727
862.0,0.001,0.1,256.0,4.0,0.71523517370224,0.4812217652797699,9.224165916442871,6.206167697906494,0.7115597128868103,0.44189727306365967,9.176765441894531,5.699011325836182
863.0,0.001,0.1,256.0,4.0,0.5558570027351379,0.4203431308269501,6.969140529632568,5.270114898681641,3.792344570159912,1.0699659585952759,47.54709243774414,13.414859771728516
864.0,0.001,0.1,256.0,4.0,0.5371422171592712,0.4128037393093109,7.469659328460693,5.740571975708008,0.4823651909828186,0.33862218260765076,6.707913875579834,4.708980560302734
865.0,0.001,0.1,256.0,4.0,1.2484265565872192,0.5903516411781311,16.22701072692871,7.673373699188232,0.45436012744903564,0.34191569685935974,5.905759334564209,4.444209575653076
866.0,0.001,0.1,256.0,4.0,0.3817805051803589,0.30567488074302673,5.030208587646484,4.027467250823975,0.48925524950027466,0.36308979988098145,6.446259021759033,4.7839460372924805
867.0,0.001,0.1,256.0,4.0,0.4177909791469574,0.30689510703086853,5.002712249755859,3.6748225688934326,0.9093430638313293,0.559759795665741,10.888653755187988,6.702674388885498
868.0,0.001,0.1,256.0,4.0,0.5048759579658508,0.38151517510414124,6.973522663116455,5.269620895385742,0.5822756290435791,0.4002259075641632,8.042593955993652,5.528060436248779
869.0,0.001,0.1,256.0,4.0,0.5589566230773926,0.3986130654811859,7.525099754333496,5.366432189941406,0.46245741844177246,0.3507246971130371,6.225953578948975,4.721722602844238
870.0,0.001,0.1,256.0,4.0,0.6130566000938416,0.4500686824321747,8.232085227966309,6.043493270874023,1.1417179107666016,0.5361173152923584,15.330916404724121,7.198949337005615
871.0,0.001,0.1,256.0,4.0,0.5331268906593323,0.3568211495876312,7.4683308601379395,4.998543739318848,0.4829588532447815,0.3512486517429352,6.765549659729004,4.920482158660889
872.0,0.001,0.1,256.0,4.0,0.5561311841011047,0.39664527773857117,7.268032550811768,5.183724403381348,0.878349781036377,0.4138237535953522,11.479080200195312,5.408228397369385
873.0,0.001,0.1,256.0,4.0,0.6358733177185059,0.4007361829280853,8.599920272827148,5.419788837432861,0.49921658635139465,0.3606771230697632,6.751695156097412,4.878007411956787
874.0,0.001,0.1,256.0,4.0,0.41591325402259827,0.3278976082801819,5.980688571929932,4.715053558349609,0.43888336420059204,0.32422834634780884,6.310989856719971,4.662291049957275
875.0,0.001,0.1,256.0,4.0,0.48930275440216064,0.39356720447540283,6.75313138961792,5.431833267211914,0.6610836982727051,0.4797843396663666,9.123974800109863,6.621762752532959
876.0,0.001,0.1,256.0,4.0,0.4584806263446808,0.3736841678619385,6.151090621948242,5.0134406089782715,0.7626636624336243,0.5080664157867432,10.232086181640625,6.816346645355225
877.0,0.001,0.1,256.0,4.0,0.4602149724960327,0.3759063482284546,6.139023780822754,5.0143914222717285,0.5721161961555481,0.43280109763145447,7.6317267417907715,5.773336887359619
878.0,0.001,0.1,256.0,4.0,0.6679120659828186,0.428974986076355,9.105840682983398,5.848341464996338,0.5305099487304688,0.41286584734916687,7.232597351074219,5.628721237182617
879.0,0.001,0.1,256.0,4.0,1.213335633277893,0.4901443421840668,15.313979148864746,6.186302185058594,0.6030574440956116,0.45053479075431824,7.611422061920166,5.686374664306641
880.0,0.001,0.1,256.0,4.0,0.3429267406463623,0.2602871060371399,4.774584770202637,3.6239893436431885,0.5078208446502686,0.3684675991535187,7.070412635803223,5.130190849304199
881.0,0.001,0.1,256.0,4.0,0.5606940984725952,0.4412202835083008,7.913819789886475,6.227527618408203,0.585541844367981,0.37672674655914307,8.264528274536133,5.317244529724121
882.0,0.001,0.1,256.0,4.0,0.4797312319278717,0.4042483866214752,6.480173587799072,5.460557460784912,0.5002745985984802,0.40796002745628357,6.757672309875488,5.510693073272705
883.0,0.001,0.1,256.0,4.0,0.6633022427558899,0.4656412899494171,8.711112022399902,6.115242004394531,0.5288916230201721,0.36672815680503845,6.945904731750488,4.816220760345459
884.0,0.001,0.1,256.0,4.0,0.47048237919807434,0.3509056866168976,6.546953201293945,4.88299560546875,0.5760505795478821,0.41873741149902344,8.015978813171387,5.826901912689209
885.0,0.001,0.1,256.0,4.0,0.6197097897529602,0.442596435546875,7.8491411209106445,5.6058526039123535,0.9472039341926575,0.46653375029563904,11.9971284866333,5.90903902053833
886.0,0.001,0.1,256.0,4.0,0.5766658186912537,0.4126420021057129,7.761698246002197,5.5540008544921875,0.4785631597042084,0.3763619363307953,6.4412736892700195,5.065684795379639
887.0,0.001,0.1,256.0,4.0,0.4919475317001343,0.34226274490356445,6.611968040466309,4.6001458168029785,0.45860299468040466,0.33530667424201965,6.163804531097412,4.506653785705566
888.0,0.001,0.1,256.0,4.0,0.4799799621105194,0.35970720648765564,6.574825763702393,4.927314758300781,0.5153512358665466,0.41628554463386536,7.0593461990356445,5.70233154296875
889.0,0.001,0.1,256.0,4.0,0.5834037065505981,0.38065585494041443,8.144001960754395,5.313750743865967,0.4855881631374359,0.324050635099411,6.778548240661621,4.5235724449157715
860.0,0.0005,0.0,64.0,2.0,0.4719173312187195,0.34749874472618103,6.814123630523682,5.017614841461182,0.39892736077308655,0.30564582347869873,5.760204792022705,4.413290977478027
861.0,0.0005,0.0,64.0,2.0,0.5716368556022644,0.3451993465423584,7.981653213500977,4.819951057434082,0.40314945578575134,0.3078055679798126,5.6290974617004395,4.2978291511535645
862.0,0.0005,0.0,64.0,2.0,0.6744710803031921,0.5010438561439514,8.698443412780762,6.461806774139404,0.7538923621177673,0.4548030197620392,9.722716331481934,5.865453720092773
863.0,0.0005,0.0,64.0,2.0,0.5251573920249939,0.3844982087612152,6.5842390060424805,4.820703506469727,0.6550689935684204,0.45852115750312805,8.213025093078613,5.748777866363525
864.0,0.0005,0.0,64.0,2.0,0.4959946572780609,0.36752596497535706,6.897449493408203,5.110926151275635,0.491413414478302,0.33896327018737793,6.833741188049316,4.713724136352539
865.0,0.0005,0.0,64.0,2.0,1.4098390340805054,0.5709823369979858,18.325042724609375,7.421611309051514,0.3862958550453186,0.3125206530094147,5.02106237411499,4.062134265899658
866.0,0.0005,0.0,64.0,2.0,0.40667447447776794,0.3211761713027954,5.358202934265137,4.2317070960998535,0.46328970789909363,0.3608221113681793,6.1041460037231445,4.754068374633789
867.0,0.0005,0.0,64.0,2.0,0.36696121096611023,0.26486560702323914,4.39406681060791,3.171553373336792,0.9082852602005005,0.5311967730522156,10.87598705291748,6.360655307769775
868.0,0.0005,0.0,64.0,2.0,0.5132190585136414,0.3923233449459076,7.088761329650879,5.4189066886901855,0.5683821439743042,0.4003280699253082,7.850693702697754,5.5294718742370605
869.0,0.0005,0.0,64.0,2.0,0.5902019739151001,0.4042186439037323,7.9457478523254395,5.441898822784424,0.42517998814582825,0.31427431106567383,5.724095821380615,4.23099946975708
870.0,0.0005,0.0,64.0,2.0,0.5595318675041199,0.39539965987205505,7.513359069824219,5.309401988983154,0.4865598678588867,0.3489491045475006,6.5334954261779785,4.685666561126709
871.0,0.0005,0.0,64.0,2.0,0.5253048539161682,0.38423284888267517,7.358755111694336,5.382541656494141,0.5067119598388672,0.38245880603790283,7.09829568862915,5.357690334320068
872.0,0.0005,0.0,64.0,2.0,0.5837281942367554,0.416579008102417,7.628695487976074,5.444236755371094,1.211421251296997,0.4849909245967865,15.831964492797852,6.338306903839111
873.0,0.0005,0.0,64.0,2.0,0.630622386932373,0.40675878524780273,8.52890396118164,5.501242160797119,0.4565810263156891,0.3196789026260376,6.175066947937012,4.323523998260498
874.0,0.0005,0.0,64.0,2.0,0.47065213322639465,0.3344612121582031,6.767814636230469,4.809436321258545,0.40795448422431946,0.2798919379711151,5.866243839263916,4.0247483253479
875.0,0.0005,0.0,64.0,2.0,0.412343293428421,0.3319278061389923,5.690973281860352,4.581115245819092,0.5957711338996887,0.41496896743774414,8.222559928894043,5.727210998535156
876.0,0.0005,0.0,64.0,2.0,0.39100363850593567,0.29619160294532776,5.245802879333496,3.973780632019043,0.7410539388656616,0.48731863498687744,9.942164421081543,6.537988662719727
877.0,0.0005,0.0,64.0,2.0,0.373904824256897,0.2798352539539337,4.987692356109619,3.732853889465332,1.1423383951187134,0.5362125039100647,15.238188743591309,7.152790069580078
878.0,0.0005,0.0,64.0,2.0,0.6513653993606567,0.410641074180603,8.880254745483398,5.598390102386475,0.48425254225730896,0.3537466526031494,6.601956844329834,4.822732448577881
879.0,0.0005,0.0,64.0,2.0,0.8713526129722595,0.43209221959114075,10.9976806640625,5.453604221343994,0.6223633885383606,0.45030108094215393,7.855090141296387,5.683425426483154
880.0,0.0005,0.0,64.0,2.0,0.3587475121021271,0.27203020453453064,4.994858264923096,3.7874889373779297,0.5032764077186584,0.37833282351493835,7.007140636444092,5.267544269561768
881.0,0.0005,0.0,64.0,2.0,0.5006239414215088,0.3968256413936615,7.065970420837402,5.600926876068115,0.5888012051582336,0.38960060477256775,8.310531616210938,5.498950481414795
882.0,0.0005,0.0,64.0,2.0,0.4467620849609375,0.3595276176929474,6.034829139709473,4.856472492218018,0.4388221204280853,0.3579695224761963,5.927576541900635,4.83542537689209
883.0,0.0005,0.0,64.0,2.0,0.6364608407020569,0.4302258789539337,8.358606338500977,5.65013313293457,0.48424720764160156,0.3202785849571228,6.359591960906982,4.206201076507568
884.0,0.0005,0.0,64.0,2.0,0.47533440589904785,0.32264333963394165,6.614471912384033,4.489713191986084,0.5905910134315491,0.41785547137260437,8.218314170837402,5.814628601074219
885.0,0.0005,0.0,64.0,2.0,0.595127522945404,0.41505634784698486,7.537786483764648,5.257034778594971,0.9465490579605103,0.4912482798099518,11.9888334274292,6.222068786621094
886.0,0.0005,0.0,64.0,2.0,1.2492923736572266,0.5435162782669067,16.81498908996582,7.315517425537109,0.4688977897167206,0.36643514037132263,6.311181545257568,4.932074546813965
887.0,0.0005,0.0,64.0,2.0,1.0463640689849854,0.4720229208469391,14.063544273376465,6.344173431396484,0.44101181626319885,0.3313443660736084,5.927372455596924,4.45339822769165
888.0,0.0005,0.0,64.0,2.0,0.4490123689174652,0.31406983733177185,6.150628089904785,4.3021674156188965,0.4678831100463867,0.366067498922348,6.409121513366699,5.014438152313232
889.0,0.0005,0.0,64.0,2.0,0.5228686928749084,0.3511855900287628,7.298964977264404,4.902361869812012,0.4905679523944855,0.3509591519832611,6.848063945770264,4.899200916290283
860.0,0.0005,0.0,64.0,4.0,0.3905094861984253,0.30101409554481506,5.638657093048096,4.346412181854248,0.3447960615158081,0.2710774838924408,4.978590488433838,3.9141509532928467
861.0,0.0005,0.0,64.0,4.0,0.5943161249160767,0.3770742416381836,8.298319816589355,5.265014171600342,0.3732421100139618,0.2952956259250641,5.2115068435668945,4.123155117034912
862.0,0.0005,0.0,64.0,4.0,0.6955440044403076,0.4776249825954437,8.97021484375,6.159780979156494,1.0148173570632935,0.47877010703086853,13.087784767150879,6.174549102783203
863.0,0.0005,0.0,64.0,4.0,0.5213371515274048,0.383339524269104,6.536342620849609,4.806176662445068,2.0230355262756348,0.6844035983085632,25.364112854003906,8.580811500549316
864.0,0.0005,0.0,64.0,4.0,0.5377933382987976,0.4079902172088623,7.4787139892578125,5.673633575439453,0.5032558441162109,0.3363325595855713,6.998425006866455,4.677140712738037
865.0,0.0005,0.0,64.0,4.0,1.3565787076950073,0.5973579287528992,17.632770538330078,7.764440059661865,0.42717263102531433,0.3376518189907074,5.552377223968506,4.388788223266602
866.0,0.0005,0.0,64.0,4.0,0.41462117433547974,0.3369915187358856,5.462905406951904,4.440083980560303,0.5004805326461792,0.37085309624671936,6.5941596031188965,4.886232852935791
867.0,0.0005,0.0,64.0,4.0,0.38421908020973206,0.2907218635082245,4.600715160369873,3.4811604022979736,1.012387990951538,0.6105650067329407,12.12253475189209,7.311025619506836
868.0,0.0005,0.0,64.0,4.0,0.499220609664917,0.3806653320789337,6.895410060882568,5.257882595062256,0.5874073505401611,0.41972216963768005,8.113475799560547,5.797349452972412
869.0,0.0005,0.0,64.0,4.0,0.5942623019218445,0.41641369462013245,8.000411033630371,5.606077671051025,0.4465504288673401,0.346427321434021,6.011801719665527,4.663867950439453
870.0,0.0005,0.0,64.0,4.0,0.5835832953453064,0.41297125816345215,7.8363189697265625,5.545351505279541,1.0147284269332886,0.46150732040405273,13.62570858001709,6.1970906257629395
871.0,0.0005,0.0,64.0,4.0,0.5595411658287048,0.3847733438014984,7.8383564949035645,5.390113830566406,0.4648500382900238,0.3502318859100342,6.511870861053467,4.906238079071045
872.0,0.0005,0.0,64.0,4.0,0.5428425073623657,0.3819923400878906,7.094363689422607,4.9922261238098145,0.7140011191368103,0.3851151466369629,9.331223487854004,5.03303861618042
873.0,0.0005,0.0,64.0,4.0,0.6238099932670593,0.41050124168395996,8.436768531799316,5.5518574714660645,0.48165082931518555,0.3355443775653839,6.514125823974609,4.538097381591797
874.0,0.0005,0.0,64.0,4.0,0.4550488591194153,0.3311176300048828,6.543444633483887,4.761356353759766,0.3920310139656067,0.2806142270565033,5.637269973754883,4.035135269165039
875.0,0.0005,0.0,64.0,4.0,0.41775524616241455,0.34991541504859924,5.765666484832764,4.829372406005859,0.6387385129928589,0.42247310280799866,8.815576553344727,5.830780506134033
876.0,0.0005,0.0,64.0,4.0,0.40794065594673157,0.31372201442718506,5.473033428192139,4.208972930908203,0.7459298372268677,0.4755593240261078,10.00758171081543,6.380222320556641
877.0,0.0005,0.0,64.0,4.0,0.41364264488220215,0.3332395553588867,5.517773151397705,4.4452385902404785,0.6459338068962097,0.4709932804107666,8.616414070129395,6.282800197601318
878.0,0.0005,0.0,64.0,4.0,0.7066449522972107,0.4523223340511322,9.63389778137207,6.166642665863037,0.5277144908905029,0.4073905944824219,7.194486141204834,5.554075241088867
879.0,0.0005,0.0,64.0,4.0,0.949735164642334,0.44917067885398865,11.986977577209473,5.669158458709717,0.6563305854797363,0.46814000606536865,8.28380298614502,5.908576965332031
880.0,0.0005,0.0,64.0,4.0,0.35470157861709595,0.265557199716568,4.938525676727295,3.6973648071289062,0.4982736110687256,0.37639984488487244,6.937485694885254,5.240632057189941
881.0,0.0005,0.0,64.0,4.0,0.5524800419807434,0.4513443410396576,7.797883987426758,6.370420932769775,0.670042097568512,0.40205562114715576,9.457193374633789,5.674744129180908
882.0,0.0005,0.0,64.0,4.0,0.46759647130966187,0.37026724219322205,6.316258430480957,5.001542568206787,0.3930729925632477,0.30998989939689636,5.309601306915283,4.187320709228516
883.0,0.0005,0.0,64.0,4.0,0.6619365215301514,0.4756152629852295,8.69317626953125,6.246229648590088,0.4943959414958954,0.34338387846946716,6.492875099182129,4.509641647338867
884.0,0.0005,0.0,64.0,4.0,0.4724762439727783,0.3190132677555084,6.5746989250183105,4.439199447631836,0.6309645771980286,0.4214220941066742,8.780128479003906,5.864259719848633
885.0,0.0005,0.0,64.0,4.0,0.5941492319107056,0.40192022919654846,7.525395393371582,5.0906548500061035,1.3192245960235596,0.5272426605224609,16.709081649780273,6.677967548370361
886.0,0.0005,0.0,64.0,4.0,0.6070787906646729,0.39369919896125793,8.171043395996094,5.299038410186768,0.5169135332107544,0.3998444974422455,6.957454681396484,5.381752014160156
887.0,0.0005,0.0,64.0,4.0,1.175561547279358,0.5244081616401672,15.800010681152344,7.048252105712891,0.4596778452396393,0.3444742262363434,6.178250789642334,4.629868984222412
888.0,0.0005,0.0,64.0,4.0,0.48535093665122986,0.3260350227355957,6.648398399353027,4.466068744659424,0.48060083389282227,0.39256274700164795,6.5833306312561035,5.377374172210693
889.0,0.0005,0.0,64.0,4.0,0.5951536297798157,0.39343535900115967,8.308023452758789,5.49214506149292,0.5475783348083496,0.400153785943985,7.643898010253906,5.585931301116943
860.0,0.0005,0.0,256.0,2.0,0.4155983328819275,0.31105658411979675,6.00092077255249,4.491417407989502,0.4120252728462219,0.33860719203948975,5.949328899383545,4.889228343963623
861.0,0.0005,0.0,256.0,2.0,0.6150392889976501,0.3794178068637848,8.587674140930176,5.297736644744873,0.38460543751716614,0.30717888474464417,5.370171070098877,4.289079189300537
862.0,0.0005,0.0,256.0,2.0,0.7044879794120789,0.5166173577308655,9.085562705993652,6.66265344619751,1.0762656927108765,0.5440077185630798,13.880264282226562,7.01589822769165
863.0,0.0005,0.0,256.0,2.0,0.5036694407463074,0.37458911538124084,6.314830780029297,4.696467399597168,0.800258457660675,0.48675528168678284,10.033360481262207,6.1027679443359375
864.0,0.0005,0.0,256.0,2.0,0.5655977725982666,0.44512924551963806,7.865371227264404,6.190099716186523,0.4737500846385956,0.3560101091861725,6.588109493255615,4.950782775878906
865.0,0.0005,0.0,256.0,2.0,1.0774675607681274,0.5244827270507812,14.004892349243164,6.817211151123047,0.37801793217658997,0.3033493757247925,4.91346549987793,3.9429264068603516
866.0,0.0005,0.0,256.0,2.0,0.40628916025161743,0.31851959228515625,5.35312557220459,4.196704387664795,0.47102755308151245,0.34321093559265137,6.20609712600708,4.522029399871826
867.0,0.0005,0.0,256.0,2.0,0.37505456805229187,0.2801056206226349,4.490977764129639,3.3540401458740234,0.9154144525527954,0.5725963711738586,10.96135425567627,6.856382369995117
868.0,0.0005,0.0,256.0,2.0,0.5254952311515808,0.4161781370639801,7.258324146270752,5.7483978271484375,0.5945247411727905,0.42808398604393005,8.211784362792969,5.912845134735107
869.0,0.0005,0.0,256.0,2.0,0.5657476782798767,0.4157803952693939,7.616525650024414,5.597551345825195,0.5064506530761719,0.3826010227203369,6.818223476409912,5.1508660316467285
870.0,0.0005,0.0,256.0,2.0,0.5790619254112244,0.41748562455177307,7.775607109069824,5.605970859527588,0.8929008841514587,0.4465760290622711,11.989815711975098,5.9965949058532715
871.0,0.0005,0.0,256.0,2.0,0.5715838670730591,0.40601038932800293,8.007057189941406,5.6876139640808105,0.5312395691871643,0.41022157669067383,7.441892147064209,5.746606349945068
872.0,0.0005,0.0,256.0,2.0,0.5757607817649841,0.41466617584228516,7.524569988250732,5.4192376136779785,1.0009039640426636,0.45856690406799316,13.080731391906738,5.992973327636719
873.0,0.0005,0.0,256.0,2.0,0.5717293620109558,0.37738919258117676,7.732399940490723,5.104030132293701,0.4822579622268677,0.34853634238243103,6.522336959838867,4.713808536529541
874.0,0.0005,0.0,256.0,2.0,0.4459949731826782,0.32109442353248596,6.413252830505371,4.6172261238098145,0.43300843238830566,0.28120577335357666,6.226511001586914,4.043640613555908
875.0,0.0005,0.0,256.0,2.0,0.5548955798149109,0.4168291985988617,7.658414363861084,5.752885341644287,0.645200252532959,0.44623151421546936,8.90475845336914,6.158682346343994
876.0,0.0005,0.0,256.0,2.0,0.3848608136177063,0.2934205234050751,5.163388729095459,3.936602830886841,0.7622659802436829,0.46860358119010925,10.226751327514648,6.286902904510498
877.0,0.0005,0.0,256.0,2.0,0.398896187543869,0.3074285089969635,5.32106351852417,4.100933074951172,0.5652154088020325,0.43928036093711853,7.5396728515625,5.859766483306885
878.0,0.0005,0.0,256.0,2.0,0.710517942905426,0.4369108974933624,9.686699867248535,5.956533908843994,0.5183773636817932,0.3672007620334625,7.067190647125244,5.006155490875244
879.0,0.0005,0.0,256.0,2.0,0.5780795812606812,0.40856027603149414,7.296167373657227,5.1565985679626465,0.6501651406288147,0.46821343898773193,8.205986976623535,5.90950345993042
880.0,0.0005,0.0,256.0,2.0,0.34063154458999634,0.251345157623291,4.742629051208496,3.4994900226593018,0.6261465549468994,0.45280852913856506,8.717866897583008,6.304473876953125
881.0,0.0005,0.0,256.0,2.0,0.5660355091094971,0.4525125026702881,7.989210605621338,6.386909008026123,0.6745875477790833,0.4289652109146118,9.52134895324707,6.054555416107178
882.0,0.0005,0.0,256.0,2.0,0.4431290626525879,0.3368704319000244,5.98575496673584,4.550420761108398,0.43450844287872314,0.352634072303772,5.8693084716796875,4.763355255126953
883.0,0.0005,0.0,256.0,2.0,0.6540166139602661,0.4607439935207367,8.589164733886719,6.050926208496094,0.5514166951179504,0.40135082602500916,7.241725444793701,5.270918369293213
884.0,0.0005,0.0,256.0,2.0,0.47958293557167053,0.3171943128108978,6.6735920906066895,4.4138875007629395,0.6572373509407043,0.44326433539390564,9.14572525024414,6.168203830718994
885.0,0.0005,0.0,256.0,2.0,0.5963512659072876,0.4447324275970459,7.553286552429199,5.632906436920166,0.5958875417709351,0.400954008102417,7.547412872314453,5.07841682434082
886.0,0.0005,0.0,256.0,2.0,0.6509398221969604,0.42193087935447693,8.761397361755371,5.679025650024414,0.49998098611831665,0.3710373342037201,6.729550361633301,4.9940185546875
887.0,0.0005,0.0,256.0,2.0,0.533136248588562,0.37931182980537415,7.165561199188232,5.098100185394287,0.4349170923233032,0.3449234962463379,5.845456600189209,4.6359076499938965
888.0,0.0005,0.0,256.0,2.0,0.4783283770084381,0.3394432067871094,6.552202224731445,4.649735450744629,0.5237759351730347,0.4041615426540375,7.17474889755249,5.536255359649658
889.0,0.0005,0.0,256.0,2.0,0.5715307593345642,0.40239080786705017,7.978261947631836,5.61715841293335,0.4742601215839386,0.3426300585269928,6.620415210723877,4.782930850982666
860.0,0.0005,0.0,256.0,4.0,0.4069693088531494,0.30523455142974854,5.87632417678833,4.407352447509766,0.3619084656238556,0.28424403071403503,5.225679874420166,4.104265213012695
861.0,0.0005,0.0,256.0,4.0,0.5831467509269714,0.39418837428092957,8.142364501953125,5.503974914550781,0.39938417077064514,0.3402369022369385,5.576523303985596,4.750662326812744
862.0,0.0005,0.0,256.0,4.0,0.722743570804596,0.5251525640487671,9.321000099182129,6.772729396820068,1.4894570112228394,0.6379972696304321,19.209064483642578,8.228052139282227
863.0,0.0005,0.0,256.0,4.0,0.537631094455719,0.41404756903648376,6.740630149841309,5.191182613372803,2.8271026611328125,0.9253630638122559,35.44522476196289,11.60187816619873
864.0,0.0005,0.0,256.0,4.0,0.639154314994812,0.4944266080856323,8.888270378112793,6.875644207000732,0.48948273062705994,0.3504648208618164,6.8068928718566895,4.873668670654297
865.0,0.0005,0.0,256.0,4.0,1.9390894174575806,0.6367404460906982,25.2042293548584,8.27633285522461,0.39641568064689636,0.3190867602825165,5.152598857879639,4.147480010986328
866.0,0.0005,0.0,256.0,4.0,0.4061599671840668,0.3089046776294708,5.351424217224121,4.070021629333496,0.4734348952770233,0.3558848798274994,6.2378153800964355,4.689016342163086
867.0,0.0005,0.0,256.0,4.0,0.374959796667099,0.2979036867618561,4.489843368530273,3.5671579837799072,1.750510334968567,0.6704918742179871,20.960956573486328,8.028602600097656
868.0,0.0005,0.0,256.0,4.0,0.5184656977653503,0.41503918170928955,7.161230087280273,5.732666015625,0.5735939741134644,0.43303894996643066,7.922680854797363,5.981285095214844
869.0,0.0005,0.0,256.0,4.0,0.5854731798171997,0.4180127680301666,7.88208532333374,5.62760591506958,0.5210996270179749,0.3595546782016754,7.015439987182617,4.8405985832214355
870.0,0.0005,0.0,256.0,4.0,0.5873937606811523,0.38606250286102295,7.887485980987549,5.184022903442383,1.2826385498046875,0.5039945244789124,17.223188400268555,6.767606258392334
871.0,0.0005,0.0,256.0,4.0,0.5144354701042175,0.3574187755584717,7.206491470336914,5.00691556930542,0.49790993332862854,0.35293564200401306,6.974991798400879,4.944113254547119
872.0,0.0005,0.0,256.0,4.0,0.6041585206985474,0.4307512044906616,7.895697116851807,5.629451751708984,1.0170619487762451,0.47095170617103577,13.291897773742676,6.154829025268555
873.0,0.0005,0.0,256.0,4.0,0.6636126637458801,0.4255380928516388,8.97508430480957,5.755224704742432,0.5142491459846497,0.3532073497772217,6.9550042152404785,4.776981830596924
874.0,0.0005,0.0,256.0,4.0,0.43845316767692566,0.32825544476509094,6.304803848266602,4.720199108123779,0.390682190656662,0.27374228835105896,5.617873668670654,3.9363186359405518
875.0,0.0005,0.0,256.0,4.0,0.45034706592559814,0.3502245843410492,6.215484142303467,4.833639144897461,0.6398079991340637,0.44551920890808105,8.830336570739746,6.1488518714904785
876.0,0.0005,0.0,256.0,4.0,0.39393335580825806,0.291913241147995,5.28510856628418,3.9163806438446045,0.7930499911308289,0.4836777150630951,10.639756202697754,6.48914098739624
877.0,0.0005,0.0,256.0,4.0,0.37251800298690796,0.29632386565208435,4.969192028045654,3.952802896499634,0.9636276960372925,0.4831087589263916,12.854281425476074,6.4444146156311035
878.0,0.0005,0.0,256.0,4.0,0.7103326320648193,0.46909257769584656,9.684173583984375,6.3952765464782715,0.49138665199279785,0.36286044120788574,6.699218273162842,4.9469828605651855
879.0,0.0005,0.0,256.0,4.0,0.9350429177284241,0.43462908267974854,11.801541328430176,5.485622406005859,0.6523775458335876,0.47312435507774353,8.23391056060791,5.971486568450928
880.0,0.0005,0.0,256.0,4.0,0.36711135506629944,0.28977784514427185,5.1113080978393555,4.034590244293213,0.5362708568572998,0.4059184491634369,7.466523170471191,5.651620388031006
881.0,0.0005,0.0,256.0,4.0,0.5728938579559326,0.42950406670570374,8.08601188659668,6.062160491943359,0.6612285375595093,0.3804456889629364,9.332796096801758,5.369734287261963
882.0,0.0005,0.0,256.0,4.0,0.42773908376693726,0.32472649216651917,5.777867794036865,4.386381149291992,0.4152907133102417,0.3025137484073639,5.609716415405273,4.086333751678467
883.0,0.0005,0.0,256.0,4.0,0.6576258540153503,0.4723495543003082,8.636565208435059,6.203340530395508,0.5197444558143616,0.3680776059627533,6.825775146484375,4.833942890167236
884.0,0.0005,0.0,256.0,4.0,0.5316814184188843,0.37345457077026367,7.398562908172607,5.19677209854126,0.6455137729644775,0.4193654954433441,8.982586860656738,5.835641384124756
885.0,0.0005,0.0,256.0,4.0,0.5598577857017517,0.3748699128627777,7.091064929962158,4.748039722442627,1.1424329280853271,0.5120084881782532,14.469865798950195,6.48501443862915
886.0,0.0005,0.0,256.0,4.0,0.88043212890625,0.5137907266616821,11.850274085998535,6.9154229164123535,0.4774598479270935,0.38089558482170105,6.426424026489258,5.126706600189209
887.0,0.0005,0.0,256.0,4.0,1.3404552936553955,0.5276700854301453,18.016244888305664,7.092092514038086,0.4543665051460266,0.3569889962673187,6.106864929199219,4.798072338104248
888.0,0.0005,0.0,256.0,4.0,0.4524019956588745,0.3085484802722931,6.197059631347656,4.226535797119141,0.46856528520584106,0.37292441725730896,6.418466091156006,5.108365535736084
889.0,0.0005,0.0,256.0,4.0,0.5547980666160583,0.3688929080963135,7.744681358337402,5.149546146392822,0.406714528799057,0.28473976254463196,5.677515983581543,3.9748141765594482
860.0,0.0005,0.1,64.0,2.0,0.3948787748813629,0.3147701323032379,5.701745986938477,4.545039653778076,0.4041621685028076,0.31261447072029114,5.835791110992432,4.513913154602051
861.0,0.0005,0.1,64.0,2.0,0.5935490131378174,0.358100026845932,8.28760814666748,5.000080585479736,0.3867456912994385,0.30717143416404724,5.400054931640625,4.288975238800049
862.0,0.0005,0.1,64.0,2.0,0.6571481227874756,0.4592340886592865,8.475035667419434,5.922599792480469,0.9843639731407166,0.5046480298042297,12.695036888122559,6.508288860321045
863.0,0.0005,0.1,64.0,2.0,0.5027243494987488,0.3833242654800415,6.302981853485107,4.805984973907471,2.529237747192383,0.8472368121147156,31.71070098876953,10.622359275817871
864.0,0.0005,0.1,64.0,2.0,0.4883457124233246,0.3782472610473633,6.791080951690674,5.260019302368164,0.4860338866710663,0.3405788838863373,6.758932113647461,4.736191749572754
865.0,0.0005,0.1,64.0,2.0,1.3134353160858154,0.5484225749969482,17.071992874145508,7.128379821777344,0.38421133160591125,0.2959635853767395,4.993967056274414,3.84692645072937
866.0,0.0005,0.1,64.0,2.0,0.4029598534107208,0.3266105353832245,5.309260368347168,4.30330753326416,0.48675623536109924,0.3623102605342865,6.413333415985107,4.773675441741943
867.0,0.0005,0.1,64.0,2.0,0.34895074367523193,0.24261800944805145,4.17840576171875,2.905156373977661,1.443344235420227,0.6199911236763,17.28289031982422,7.423896789550781
868.0,0.0005,0.1,64.0,2.0,0.5045045614242554,0.3737925589084625,6.968393802642822,5.162953853607178,0.554013192653656,0.3988342583179474,7.652224063873291,5.508838653564453
869.0,0.0005,0.1,64.0,2.0,0.5656042098999023,0.3870086669921875,7.614593982696533,5.210205554962158,0.4212760329246521,0.31993338465690613,5.67153787612915,4.307186126708984
870.0,0.0005,0.1,64.0,2.0,0.5727894306182861,0.4189089834690094,7.691380500793457,5.6250834465026855,0.7937200665473938,0.4092235267162323,10.658023834228516,5.495028018951416
871.0,0.0005,0.1,64.0,2.0,0.5378319621086121,0.3656497895717621,7.534242153167725,5.122220516204834,0.48615434765815735,0.3595304489135742,6.810313701629639,5.036497592926025
872.0,0.0005,0.1,64.0,2.0,0.5519441962242126,0.3762483596801758,7.213313102722168,4.917158603668213,1.1434872150421143,0.48684802651405334,14.94413948059082,6.362576961517334
873.0,0.0005,0.1,64.0,2.0,0.58131343126297,0.3780795633792877,7.862020492553711,5.113368511199951,0.49703988432884216,0.33904480934143066,6.722256660461426,4.5854387283325195
874.0,0.0005,0.1,64.0,2.0,0.44999203085899353,0.329876184463501,6.470728397369385,4.743505001068115,0.39635026454925537,0.26829272508621216,5.6993794441223145,3.8579561710357666
875.0,0.0005,0.1,64.0,2.0,0.3890727162361145,0.32753247022628784,5.369802951812744,4.520452976226807,0.5774049162864685,0.40882861614227295,7.969078540802002,5.642465114593506
876.0,0.0005,0.1,64.0,2.0,0.40367716550827026,0.3112839162349701,5.415833473205566,4.176262378692627,0.7494606375694275,0.46966734528541565,10.054950714111328,6.301175594329834
877.0,0.0005,0.1,64.0,2.0,0.31980669498443604,0.24735862016677856,4.266051769256592,3.2996323108673096,0.7603948712348938,0.4434010088443756,10.143264770507812,5.914734363555908
878.0,0.0005,0.1,64.0,2.0,0.6189010739326477,0.40877190232276917,8.437658309936523,5.572906970977783,0.4791962802410126,0.3494824171066284,6.533023357391357,4.764596462249756
879.0,0.0005,0.1,64.0,2.0,1.0426037311553955,0.4526391923427582,13.15910530090332,5.712934970855713,0.650185763835907,0.43566927313804626,8.206247329711914,5.498751163482666
880.0,0.0005,0.1,64.0,2.0,0.3430848717689514,0.2508855164051056,4.7767863273620605,3.493090867996216,0.5155816078186035,0.3769798278808594,7.178465843200684,5.248706817626953
881.0,0.0005,0.1,64.0,2.0,0.544318437576294,0.43114590644836426,7.682687759399414,6.085334300994873,0.5354258418083191,0.3343226909637451,7.5571746826171875,4.7187395095825195
882.0,0.0005,0.1,64.0,2.0,0.417888343334198,0.32003650069236755,5.644804954528809,4.323029041290283,0.42887163162231445,0.31858959794044495,5.793166637420654,4.30348539352417
883.0,0.0005,0.1,64.0,2.0,0.6596994400024414,0.4633277356624603,8.663796424865723,6.084857940673828,0.4918350279331207,0.3397351801395416,6.459242343902588,4.461723804473877
884.0,0.0005,0.1,64.0,2.0,0.47581836581230164,0.3023655116558075,6.621205806732178,4.207539081573486,0.595337986946106,0.4135107696056366,8.284370422363281,5.754170894622803
885.0,0.0005,0.1,64.0,2.0,0.5567638278007507,0.3763819634914398,7.051878452301025,4.767191410064697,1.2716169357299805,0.47766241431236267,16.106088638305664,6.04999303817749
886.0,0.0005,0.1,64.0,2.0,0.6120094656944275,0.44682419300079346,8.237409591674805,6.014079570770264,0.49956589937210083,0.39116692543029785,6.723962783813477,5.264954090118408
887.0,0.0005,0.1,64.0,2.0,1.339295506477356,0.5049623847007751,18.00065803527832,6.786893367767334,0.43071314692497253,0.3230622112751007,5.788954257965088,4.342082977294922
888.0,0.0005,0.1,64.0,2.0,0.4579509198665619,0.305737167596817,6.273069381713867,4.188025951385498,0.5186718106269836,0.41301533579826355,7.104831695556641,5.657535552978516
889.0,0.0005,0.1,64.0,2.0,0.5967594981193542,0.3966500461101532,8.33044147491455,5.537020206451416,0.48208847641944885,0.33728885650634766,6.729694843292236,4.708370208740234
860.0,0.0005,0.1,64.0,4.0,0.36624762415885925,0.281842440366745,5.288333892822266,4.0695881843566895,0.37997007369995117,0.2959727346897125,5.486475944519043,4.273619174957275
861.0,0.0005,0.1,64.0,4.0,0.5831344723701477,0.35465025901794434,8.142192840576172,4.951911926269531,0.3685619831085205,0.2934815585613251,5.146158695220947,4.097825527191162
862.0,0.0005,0.1,64.0,4.0,0.6745285987854004,0.4571476876735687,8.699186325073242,5.895692348480225,1.2846875190734863,0.5804234743118286,16.568218231201172,7.485540866851807
863.0,0.0005,0.1,64.0,4.0,0.5007843971252441,0.3699479401111603,6.278658866882324,4.638278007507324,0.6245619058609009,0.40898850560188293,7.830538749694824,5.1277546882629395
864.0,0.0005,0.1,64.0,4.0,0.5240992307662964,0.41104140877723694,7.2882795333862305,5.716064453125,0.462750107049942,0.3258000314235687,6.435140609741211,4.530672073364258
865.0,0.0005,0.1,64.0,4.0,1.4212676286697388,0.5538970828056335,18.473594665527344,7.19953727722168,0.41691434383392334,0.3302617073059082,5.419040203094482,4.292731761932373
866.0,0.0005,0.1,64.0,4.0,0.39476504921913147,0.31515511870384216,5.20128870010376,4.1523756980896,0.4820996820926666,0.3499412536621094,6.351979732513428,4.610705375671387
867.0,0.0005,0.1,64.0,4.0,0.36903196573257446,0.2861693203449249,4.4188618659973145,3.4266483783721924,1.1905838251113892,0.621826708316803,14.25628662109375,7.4458770751953125
868.0,0.0005,0.1,64.0,4.0,0.4814203083515167,0.35531315207481384,6.649545192718506,4.90770959854126,0.594698429107666,0.4177784025669098,8.214181900024414,5.770502090454102
869.0,0.0005,0.1,64.0,4.0,0.5917948484420776,0.4182335436344147,7.967193126678467,5.630577564239502,0.42370593547821045,0.31689348816871643,5.704251289367676,4.266261577606201
870.0,0.0005,0.1,64.0,4.0,0.5339961051940918,0.36545252799987793,7.170465469360352,4.907273292541504,1.4309078454971313,0.51627516746521,19.214141845703125,6.9325103759765625
871.0,0.0005,0.1,64.0,4.0,0.511997640132904,0.3602546155452728,7.172339916229248,5.046642303466797,0.44891926646232605,0.3361452519893646,6.2887043952941895,4.708904266357422
872.0,0.0005,0.1,64.0,4.0,0.5894681215286255,0.4196104109287262,7.703710556030273,5.483853816986084,1.260266900062561,0.48768869042396545,16.470325469970703,6.373563766479492
873.0,0.0005,0.1,64.0,4.0,0.5528182983398438,0.383921355009079,7.476635932922363,5.192375183105469,0.4877490699291229,0.3587421476840973,6.596601963043213,4.851837635040283
874.0,0.0005,0.1,64.0,4.0,0.45466458797454834,0.3373733460903168,6.537918567657471,4.851311206817627,0.41340458393096924,0.2955821752548218,5.944614410400391,4.250369548797607
875.0,0.0005,0.1,64.0,4.0,0.4365732967853546,0.3427993953227997,6.025384902954102,4.731159687042236,0.5916800498962402,0.40911293029785156,8.166096687316895,5.646389007568359
876.0,0.0005,0.1,64.0,4.0,0.3720962107181549,0.27573999762535095,4.992136001586914,3.6993963718414307,0.7177074551582336,0.4455554485321045,9.628942489624023,5.977684020996094
877.0,0.0005,0.1,64.0,4.0,0.3961847126483917,0.30183157324790955,5.284893035888672,4.026272296905518,0.984126627445221,0.4919191300868988,13.127727508544922,6.561940670013428
878.0,0.0005,0.1,64.0,4.0,0.626208484172821,0.4049987494945526,8.537283897399902,5.5214667320251465,0.4718445837497711,0.3459664285182953,6.432795524597168,4.716660976409912
879.0,0.0005,0.1,64.0,4.0,1.6789602041244507,0.5335532426834106,21.190807342529297,6.734182834625244,0.6633369326591492,0.4584404528141022,8.372233390808105,5.786154270172119
880.0,0.0005,0.1,64.0,4.0,0.3437861502170563,0.2533362805843353,4.7865495681762695,3.527212142944336,0.5067834258079529,0.3729987144470215,7.05596923828125,5.193277835845947
881.0,0.0005,0.1,64.0,4.0,0.5368428826332092,0.4288462698459625,7.577175617218018,6.052876949310303,0.5832489728927612,0.36805403232574463,8.232166290283203,5.194834232330322
882.0,0.0005,0.1,64.0,4.0,0.4498250186443329,0.34466299414634705,6.076203346252441,4.65568208694458,0.4109109938144684,0.30339232087135315,5.55055570602417,4.098201274871826
883.0,0.0005,0.1,64.0,4.0,0.6436871886253357,0.46907129883766174,8.453509330749512,6.160288333892822,0.4893081486225128,0.3391793966293335,6.426056861877441,4.4544243812561035
884.0,0.0005,0.1,64.0,4.0,0.4655102491378784,0.30366969108581543,6.47776460647583,4.225687503814697,0.5794200897216797,0.3995443880558014,8.0628662109375,5.559823513031006
885.0,0.0005,0.1,64.0,4.0,0.563572883605957,0.3911302089691162,7.138120174407959,4.953990459442139,1.7198772430419922,0.5685365796089172,21.78368377685547,7.200989246368408
886.0,0.0005,0.1,64.0,4.0,0.7062618136405945,0.4281478822231293,9.506010055541992,5.7627034187316895,0.46765071153640747,0.35487377643585205,6.29439640045166,4.776463031768799
887.0,0.0005,0.1,64.0,4.0,1.3680132627487183,0.492136150598526,18.38663673400879,6.614503383636475,0.42277389764785767,0.3191758692264557,5.682246685028076,4.289849281311035
888.0,0.0005,0.1,64.0,4.0,0.43905967473983765,0.2979118824005127,6.014294624328613,4.080834865570068,0.4999472498893738,0.38702845573425293,6.8483405113220215,5.301563739776611
889.0,0.0005,0.1,64.0,4.0,0.5950595140457153,0.3910299241542816,8.306710243225098,5.458566188812256,0.5037965774536133,0.3583202064037323,7.032728672027588,5.001956462860107
860.0,0.0005,0.1,256.0,2.0,0.47958552837371826,0.3434025049209595,6.92484712600708,4.958468914031982,0.44414037466049194,0.3399582803249359,6.413045883178711,4.908736705780029
861.0,0.0005,0.1,256.0,2.0,0.5848069787025452,0.3528054654598236,8.165546417236328,4.926154613494873,0.3750244081020355,0.2919888198375702,5.236392974853516,4.076982498168945
862.0,0.0005,0.1,256.0,2.0,0.6809410452842712,0.4835524559020996,8.781886100769043,6.236225605010986,1.3556146621704102,0.531985878944397,17.482942581176758,6.8608574867248535
863.0,0.0005,0.1,256.0,2.0,0.5135447382926941,0.36169472336769104,6.438643932342529,4.534801483154297,0.7418546676635742,0.4763765037059784,9.30111312866211,5.972641468048096
864.0,0.0005,0.1,256.0,2.0,0.5820439457893372,0.4531267583370209,8.094076156616211,6.3013153076171875,0.47706857323646545,0.3272593319416046,6.634256839752197,4.550966262817383
865.0,0.0005,0.1,256.0,2.0,1.2537128925323486,0.5584012866020203,16.29572296142578,7.258083343505859,0.42070382833480835,0.3423437178134918,5.468296051025391,4.449773788452148
866.0,0.0005,0.1,256.0,2.0,0.43142369389533997,0.3382608890533447,5.684290409088135,4.456809043884277,0.4618259072303772,0.3444387912750244,6.084859371185303,4.538207054138184
867.0,0.0005,0.1,256.0,2.0,0.43077898025512695,0.29908260703086853,5.158232688903809,3.5812740325927734,0.8372500538825989,0.537895143032074,10.025397300720215,6.440863132476807
868.0,0.0005,0.1,256.0,2.0,0.5235510468482971,0.38939884305000305,7.231470108032227,5.378512859344482,0.6069962978363037,0.4210406243801117,8.384045600891113,5.8155598640441895
869.0,0.0005,0.1,256.0,2.0,0.5505982041358948,0.3796233832836151,7.412571907043457,5.110778331756592,0.4545304477214813,0.3136237859725952,6.119234561920166,4.2222418785095215
870.0,0.0005,0.1,256.0,2.0,0.5758143663406372,0.3891633450984955,7.731998443603516,5.22566032409668,1.2620760202407837,0.4915233850479126,16.94707679748535,6.600144863128662
871.0,0.0005,0.1,256.0,2.0,0.5272246599197388,0.3754117786884308,7.385648727416992,5.258971691131592,0.4845144748687744,0.36404335498809814,6.787341594696045,5.099716663360596
872.0,0.0005,0.1,256.0,2.0,0.6237508654594421,0.4468161165714264,8.151748657226562,5.839402675628662,1.3598134517669678,0.5437873601913452,17.771289825439453,7.1067118644714355
873.0,0.0005,0.1,256.0,2.0,0.570897102355957,0.40194952487945557,7.721144676208496,5.436198711395264,0.4897509813308716,0.3520098626613617,6.623676300048828,4.760786056518555
874.0,0.0005,0.1,256.0,2.0,0.4465721547603607,0.323795348405838,6.421552658081055,4.656064987182617,0.4816056489944458,0.3287832736968994,6.925321578979492,4.72778844833374
875.0,0.0005,0.1,256.0,2.0,0.3870242238044739,0.3198324143886566,5.341530799865723,4.414180278778076,0.6316928863525391,0.4180784225463867,8.71833610534668,5.7701263427734375
876.0,0.0005,0.1,256.0,2.0,0.4218604564666748,0.338054895401001,5.659785270690918,4.535428524017334,0.7434812188148499,0.46787652373313904,9.974730491638184,6.2771477699279785
877.0,0.0005,0.1,256.0,2.0,0.4300803244113922,0.3417719602584839,5.7370429039001465,4.559056282043457,0.590644359588623,0.46013984084129333,7.878881931304932,6.138020992279053
878.0,0.0005,0.1,256.0,2.0,0.6693170666694641,0.42341622710227966,9.124996185302734,5.772556781768799,0.5264573693275452,0.36609911918640137,7.177347183227539,4.99113655090332
879.0,0.0005,0.1,256.0,2.0,1.2173645496368408,0.508795440196991,15.364831924438477,6.4217047691345215,0.6453961730003357,0.4644738435745239,8.145794868469238,5.8623046875
880.0,0.0005,0.1,256.0,2.0,0.3284720480442047,0.25144943594932556,4.573331356048584,3.5009422302246094,0.5218972563743591,0.39323022961616516,7.2663984298706055,5.47496223449707
881.0,0.0005,0.1,256.0,2.0,0.577768862247467,0.46799764037132263,8.154818534851074,6.605471134185791,0.6357539892196655,0.4100816249847412,8.97323989868164,5.788026332855225
882.0,0.0005,0.1,256.0,2.0,0.4472866356372833,0.3512338101863861,6.041914939880371,4.744440078735352,0.44199156761169434,0.3303915560245514,5.970389366149902,4.462904453277588
883.0,0.0005,0.1,256.0,2.0,0.6301906108856201,0.4514130651950836,8.27625846862793,5.9283833503723145,0.5082470774650574,0.3485565483570099,6.674781322479248,4.577574253082275
884.0,0.0005,0.1,256.0,2.0,0.4589049518108368,0.3142182528972626,6.385848522186279,4.372474670410156,0.6480912566184998,0.4609922468662262,9.018453598022461,6.414895534515381
885.0,0.0005,0.1,256.0,2.0,0.6193683743476868,0.44648465514183044,7.844816207885742,5.655100345611572,1.5530424118041992,0.5705534219741821,19.670578002929688,7.226535797119141
886.0,0.0005,0.1,256.0,2.0,0.7053965926170349,0.46890172362327576,9.494363784790039,6.311234951019287,0.5667191743850708,0.41578564047813416,7.627820014953613,5.5963134765625
887.0,0.0005,0.1,256.0,2.0,1.4004545211791992,0.5263465642929077,18.82265853881836,7.074305057525635,0.4281931221485138,0.31658995151519775,5.755084037780762,4.255093097686768
888.0,0.0005,0.1,256.0,2.0,0.46936142444610596,0.3174569606781006,6.429372310638428,4.348565101623535,0.5281285047531128,0.41256484389305115,7.234370708465576,5.651364803314209
889.0,0.0005,0.1,256.0,2.0,0.5637449026107788,0.36888036131858826,7.869574546813965,5.1493706703186035,0.43084749579429626,0.29939958453178406,6.014398097991943,4.1794562339782715
860.0,0.0005,0.1,256.0,4.0,0.38301822543144226,0.3042465150356293,5.530488967895508,4.393085956573486,0.4085301458835602,0.3227614760398865,5.898861408233643,4.660427570343018
861.0,0.0005,0.1,256.0,4.0,0.5760156512260437,0.34638258814811707,8.042793273925781,4.836472034454346,0.37261900305747986,0.30249303579330444,5.20280647277832,4.223650932312012
862.0,0.0005,0.1,256.0,4.0,0.6910222172737122,0.4626246690750122,8.91189956665039,5.96632719039917,1.337045431137085,0.55837482213974,17.24346160888672,7.2011871337890625
863.0,0.0005,0.1,256.0,4.0,0.5204446315765381,0.3965502977371216,6.525152206420898,4.971808433532715,3.172541618347168,0.9591540694236755,39.776222229003906,12.025538444519043
864.0,0.0005,0.1,256.0,4.0,0.49395751953125,0.3842919170856476,6.869120121002197,5.344078063964844,0.5062870383262634,0.37292471528053284,7.040578365325928,5.186002254486084
865.0,0.0005,0.1,256.0,4.0,1.546684980392456,0.6210043430328369,20.103763580322266,8.071796417236328,0.4009900987148285,0.3288116157054901,5.212058067321777,4.273884296417236
866.0,0.0005,0.1,256.0,4.0,0.43193238973617554,0.3362891674041748,5.69099235534668,4.430830478668213,0.4829510450363159,0.36729738116264343,6.363197326660156,4.839383602142334
867.0,0.0005,0.1,256.0,4.0,0.3778657913208008,0.28802967071533203,4.52463960647583,3.4489240646362305,1.8041529655456543,0.7233893275260925,21.603282928466797,8.662005424499512
868.0,0.0005,0.1,256.0,4.0,0.5048115253448486,0.3714233338832855,6.972633361816406,5.130229473114014,0.574434757232666,0.3871701657772064,7.934293746948242,5.3477301597595215
869.0,0.0005,0.1,256.0,4.0,0.5949499011039734,0.4411408603191376,8.009668350219727,5.938973903656006,0.4821658730506897,0.36784958839416504,6.491283893585205,4.952270984649658
870.0,0.0005,0.1,256.0,4.0,0.5505808591842651,0.3931214511394501,7.393165111541748,5.278810024261475,0.8987480401992798,0.463647723197937,12.068330764770508,6.225831985473633
871.0,0.0005,0.1,256.0,4.0,0.5686281323432922,0.4317967891693115,7.965651035308838,6.048843860626221,0.5371683835983276,0.4350753724575043,7.524946212768555,6.094771862030029
872.0,0.0005,0.1,256.0,4.0,0.5979635119438171,0.43278053402900696,7.8147358894348145,5.655972957611084,0.808778703212738,0.49261078238487244,10.569863319396973,6.437889575958252
873.0,0.0005,0.1,256.0,4.0,0.6581615805625916,0.39420056343078613,8.901360511779785,5.331397533416748,0.5274232029914856,0.36225974559783936,7.133177280426025,4.899411201477051
874.0,0.0005,0.1,256.0,4.0,0.45714280009269714,0.32819220423698425,6.573554515838623,4.719289779663086,0.41379040479660034,0.29230406880378723,5.950162410736084,4.203230857849121
875.0,0.0005,0.1,256.0,4.0,0.48235347867012024,0.3763025999069214,6.657220840454102,5.193556308746338,0.5943444967269897,0.4351809322834015,8.202869415283203,6.006167888641357
876.0,0.0005,0.1,256.0,4.0,0.41064882278442383,0.32073500752449036,5.509366989135742,4.303060531616211,0.7012093663215637,0.4489752948284149,9.407600402832031,6.023565292358398
877.0,0.0005,0.1,256.0,4.0,0.35454148054122925,0.27891311049461365,4.729394912719727,3.720552444458008,1.628678321838379,0.5877406597137451,21.72570037841797,7.84014892578125
878.0,0.0005,0.1,256.0,4.0,0.673157811164856,0.44716665148735046,9.177356719970703,6.096353530883789,0.5205333828926086,0.3869898319244385,7.096584320068359,5.275945663452148
879.0,0.0005,0.1,256.0,4.0,0.8972459435462952,0.43346527218818665,11.324490547180176,5.4709343910217285,0.6907440423965454,0.488623708486557,8.718149185180664,6.16710901260376
880.0,0.0005,0.1,256.0,4.0,0.3795892000198364,0.31231689453125,5.285037517547607,4.34840202331543,0.5460429191589355,0.3996436893939972,7.6025800704956055,5.5642571449279785
881.0,0.0005,0.1,256.0,4.0,0.60044926404953,0.4829709529876709,8.474935531616211,6.816809177398682,0.6271635890007019,0.43080803751945496,8.851991653442383,6.080564975738525
882.0,0.0005,0.1,256.0,4.0,0.5398940443992615,0.4129031002521515,7.292849063873291,5.577465057373047,0.44187450408935547,0.34332361817359924,5.968808650970459,4.637590408325195
883.0,0.0005,0.1,256.0,4.0,0.6306014060974121,0.45593419671058655,8.28165340423584,5.987760066986084,0.4840225875377655,0.33016809821128845,6.356642246246338,4.336080074310303
884.0,0.0005,0.1,256.0,4.0,0.4849723279476166,0.32065531611442566,6.748587131500244,4.46204948425293,0.6230920553207397,0.43783411383628845,8.670578956604004,6.0926384925842285
885.0,0.0005,0.1,256.0,4.0,0.6406366229057312,0.4977599084377289,8.11419677734375,6.304544925689697,2.104372978210449,0.709300696849823,26.65363883972168,8.983884811401367
886.0,0.0005,0.1,256.0,4.0,0.7012220025062561,0.41963982582092285,9.4381742477417,5.648189544677734,0.5286785960197449,0.3777848780155182,7.115808963775635,5.084838390350342
887.0,0.0005,0.1,256.0,4.0,1.1805137395858765,0.5049187541007996,15.866567611694336,6.786306381225586,0.45949625968933105,0.3474595546722412,6.175809860229492,4.669992923736572
888.0,0.0005,0.1,256.0,4.0,0.47543099522590637,0.3116476535797119,6.512513160705566,4.268988609313965,0.4927493631839752,0.3862455189228058,6.74974250793457,5.290839672088623
889.0,0.0005,0.1,256.0,4.0,0.5789875984191895,0.3996469974517822,8.082354545593262,5.578857421875,0.5016133189201355,0.31111013889312744,7.002251148223877,4.342929840087891
860.0,0.0001,0.0,64.0,2.0,0.43097373843193054,0.3428472578525543,6.222929954528809,4.950451374053955,0.3937266170978546,0.31311801075935364,5.685110569000244,4.521183490753174
861.0,0.0001,0.0,64.0,2.0,0.5795024037361145,0.35598883032798767,8.09147834777832,4.970602512359619,0.40799441933631897,0.3242645561695099,5.696746826171875,4.527642726898193
862.0,0.0001,0.0,64.0,2.0,0.6327998042106628,0.4079248011112213,8.161023139953613,5.260879993438721,0.8778749704360962,0.4808443486690521,11.321681022644043,6.201300144195557
863.0,0.0001,0.0,64.0,2.0,0.4813762605190277,0.3617668151855469,6.035326957702637,4.53570556640625,1.1079353094100952,0.5310249328613281,13.890904426574707,6.6578049659729
864.0,0.0001,0.0,64.0,2.0,0.5342682003974915,0.40185800194740295,7.42969274520874,5.588357448577881,0.49183574318885803,0.3401872217655182,6.839614391326904,4.7307448387146
865.0,0.0001,0.0,64.0,2.0,1.082410454750061,0.5072919726371765,14.06913948059082,6.5937652587890625,0.368142306804657,0.2872205376625061,4.785102844238281,3.7332842350006104
866.0,0.0001,0.0,64.0,2.0,0.3817358911037445,0.27969372272491455,5.029621124267578,3.685148239135742,0.4552644193172455,0.34896764159202576,5.998407363891602,4.597877025604248
867.0,0.0001,0.0,64.0,2.0,0.469631165266037,0.3290726840496063,5.623456954956055,3.9403817653656006,0.7387552261352539,0.5022619962692261,8.846001625061035,6.014184474945068
868.0,0.0001,0.0,64.0,2.0,0.5020667314529419,0.36023929715156555,6.93472146987915,4.9757513999938965,0.6060085296630859,0.41568848490715027,8.370402336120605,5.741634368896484
869.0,0.0001,0.0,64.0,2.0,0.5723518133163452,0.40335050225257874,7.705435276031494,5.430211544036865,0.45383018255233765,0.3498314917087555,6.109806537628174,4.70969820022583
870.0,0.0001,0.0,64.0,2.0,0.581622302532196,0.39903032779693604,7.8099870681762695,5.358154296875,0.7633280754089355,0.42010506987571716,10.249919891357422,5.641143798828125
871.0,0.0001,0.0,64.0,2.0,0.5140090584754944,0.34876927733421326,7.200517654418945,4.885748386383057,0.4370777904987335,0.33683133125305176,6.122822284698486,4.718515872955322
872.0,0.0001,0.0,64.0,2.0,0.5272356271743774,0.3485870361328125,6.890398979187012,4.555654525756836,0.9093190431594849,0.43420806527137756,11.88381576538086,5.6746296882629395
873.0,0.0001,0.0,64.0,2.0,0.536301851272583,0.3557767868041992,7.253258228302002,4.811731815338135,0.4597529172897339,0.32387077808380127,6.217965602874756,4.3802170753479
874.0,0.0001,0.0,64.0,2.0,0.4689144194126129,0.34399721026420593,6.742826461791992,4.946559906005859,0.4050443172454834,0.2866846024990082,5.82439661026001,4.122425079345703
875.0,0.0001,0.0,64.0,2.0,0.3876741826534271,0.29933929443359375,5.35050106048584,4.131343364715576,0.585332989692688,0.4078851044178009,8.078497886657715,5.6294426918029785
876.0,0.0001,0.0,64.0,2.0,0.373531699180603,0.2722894847393036,5.01139497756958,3.6531035900115967,0.7466080188751221,0.4740152359008789,10.016680717468262,6.359508037567139
877.0,0.0001,0.0,64.0,2.0,0.4033929109573364,0.3221193253993988,5.38104772567749,4.296900272369385,0.5088038444519043,0.3728499710559845,6.787172794342041,4.973620891571045
878.0,0.0001,0.0,64.0,2.0,0.6317721605300903,0.4217238128185272,8.613134384155273,5.749483585357666,0.5111730098724365,0.3852061331272125,6.968971252441406,5.251627445220947
879.0,0.0001,0.0,64.0,2.0,0.9697396755218506,0.43772852420806885,12.239460945129395,5.524742126464844,0.6232267022132874,0.41064727306365967,7.86598539352417,5.182938575744629
880.0,0.0001,0.0,64.0,2.0,0.3155447542667389,0.2306118756532669,4.393343925476074,3.210819959640503,0.5153501629829407,0.3804018795490265,7.175244331359863,5.296352863311768
881.0,0.0001,0.0,64.0,2.0,0.5229228734970093,0.4269934892654419,7.380704402923584,6.026725769042969,0.5344812870025635,0.38206902146339417,7.5438432693481445,5.392646789550781
882.0,0.0001,0.0,64.0,2.0,0.45839637517929077,0.33960187435150146,6.1919846534729,4.587316513061523,0.36491361260414124,0.2735469937324524,4.929226398468018,3.6950528621673584
883.0,0.0001,0.0,64.0,2.0,0.6705212593078613,0.4672885835170746,8.80591869354248,6.136875629425049,0.46965277194976807,0.3298947513103485,6.167924404144287,4.332489490509033
884.0,0.0001,0.0,64.0,2.0,0.46686896681785583,0.29155856370925903,6.496671199798584,4.057155609130859,0.6006114482879639,0.40762969851493835,8.35775375366211,5.672332763671875
885.0,0.0001,0.0,64.0,2.0,0.5721918940544128,0.3892815113067627,7.247287750244141,4.930574893951416,0.9508562684059143,0.44512686133384705,12.043388366699219,5.637902736663818
886.0,0.0001,0.0,64.0,2.0,0.7278210520744324,0.4158879220485687,9.796187400817871,5.597689151763916,0.5147457122802734,0.3699151575565338,6.928277015686035,4.9789137840271
887.0,0.0001,0.0,64.0,2.0,0.7734867334365845,0.40518102049827576,10.395964622497559,5.445791721343994,0.4168434143066406,0.30119258165359497,5.6025390625,4.048146724700928
888.0,0.0001,0.0,64.0,2.0,0.4745003581047058,0.3212251365184784,6.4997663497924805,4.400182723999023,0.4730510413646698,0.3749888241291046,6.479912757873535,5.13664436340332
889.0,0.0001,0.0,64.0,2.0,0.5738687515258789,0.38380634784698486,8.010897636413574,5.357729434967041,0.45964664220809937,0.33803728222846985,6.416418552398682,4.718818187713623
860.0,0.0001,0.0,64.0,4.0,0.3386612832546234,0.2783598005771637,4.890008926391602,4.019301891326904,0.3563072979450226,0.28328263759613037,5.144803524017334,4.090384006500244
861.0,0.0001,0.0,64.0,4.0,0.5890560746192932,0.35255250334739685,8.224874496459961,4.922621250152588,0.39144444465637207,0.3051382899284363,5.465662479400635,4.260586261749268
862.0,0.0001,0.0,64.0,4.0,0.6873645782470703,0.4654609262943268,8.864727973937988,6.002905368804932,0.6429437398910522,0.38968124985694885,8.29184627532959,5.025598526000977
863.0,0.0001,0.0,64.0,4.0,0.5051853060722351,0.37749138474464417,6.333836078643799,4.732854843139648,1.4644277095794678,0.6356831789016724,18.36048126220703,7.969972610473633
864.0,0.0001,0.0,64.0,4.0,0.5029197335243225,0.3859272003173828,6.9937520027160645,5.366818904876709,0.4966440200805664,0.3527376353740692,6.906479835510254,4.905274868011475
865.0,0.0001,0.0,64.0,4.0,0.8944371342658997,0.4820268452167511,11.625866889953613,6.265371322631836,0.45299917459487915,0.3401246964931488,5.888070583343506,4.420931339263916
866.0,0.0001,0.0,64.0,4.0,0.3519884943962097,0.28895488381385803,4.637679100036621,3.8071701526641846,0.5070011019706726,0.38952603936195374,6.680072784423828,5.132261276245117
867.0,0.0001,0.0,64.0,4.0,0.35142070055007935,0.2596624791622162,4.207981109619141,3.10925030708313,0.9922642111778259,0.5828257203102112,11.88156795501709,6.978870868682861
868.0,0.0001,0.0,64.0,4.0,0.4896552562713623,0.34150171279907227,6.763289451599121,4.7169413566589355,0.5555645227432251,0.38169193267822266,7.673651695251465,5.272062301635742
869.0,0.0001,0.0,64.0,4.0,0.5893841981887817,0.4073430299758911,7.934738636016846,5.483961582183838,0.4712598919868469,0.35594382882118225,6.344459056854248,4.79198694229126
870.0,0.0001,0.0,64.0,4.0,0.5492241382598877,0.3855186700820923,7.3749470710754395,5.176720142364502,0.426862508058548,0.3218291997909546,5.731882572174072,4.321502208709717
871.0,0.0001,0.0,64.0,4.0,0.5133684873580933,0.3649868965148926,7.191544055938721,5.112934589385986,0.5141623616218567,0.36130404472351074,7.202665328979492,5.061342716217041
872.0,0.0001,0.0,64.0,4.0,0.6600427031517029,0.45674124360084534,8.626043319702148,5.969112873077393,0.4625217318534851,0.33510515093803406,6.044658660888672,4.379461288452148
873.0,0.0001,0.0,64.0,4.0,0.6224257349967957,0.3998677432537079,8.418047904968262,5.408044338226318,0.47194162011146545,0.32749807834625244,6.382812023162842,4.429274082183838
874.0,0.0001,0.0,64.0,4.0,0.4442410469055176,0.35221946239471436,6.388031959533691,5.064793109893799,0.42271411418914795,0.2793233096599579,6.078481674194336,4.016571521759033
875.0,0.0001,0.0,64.0,4.0,0.3837778866291046,0.3114742338657379,5.296726226806641,4.298824787139893,0.6265203952789307,0.42194071412086487,8.646947860717773,5.823432445526123
876.0,0.0001,0.0,64.0,4.0,0.38646382093429565,0.29705527424812317,5.1848955154418945,3.985368013381958,0.736900269985199,0.45336928963661194,9.886438369750977,6.082515716552734
877.0,0.0001,0.0,64.0,4.0,0.373539000749588,0.2830500602722168,4.98281192779541,3.7757370471954346,2.091170072555542,0.7300235629081726,27.89509391784668,9.73812484741211
878.0,0.0001,0.0,64.0,4.0,0.6616531014442444,0.4160454273223877,9.02051067352295,5.672069072723389,0.48287108540534973,0.36854174733161926,6.583122730255127,5.024437427520752
879.0,0.0001,0.0,64.0,4.0,0.7159579992294312,0.3869746923446655,9.036385536193848,4.884158134460449,0.6611596345901489,0.4361727237701416,8.344752311706543,5.505105495452881
880.0,0.0001,0.0,64.0,4.0,0.3346378803253174,0.25550147891044617,4.659178733825684,3.557358741760254,0.5265935063362122,0.39705634117126465,7.331785678863525,5.528233051300049
881.0,0.0001,0.0,64.0,4.0,0.515906810760498,0.41417577862739563,7.281676769256592,5.84581184387207,0.6262032985687256,0.36235785484313965,8.838438034057617,5.114436626434326
882.0,0.0001,0.0,64.0,4.0,0.42990073561668396,0.32583698630332947,5.807067394256592,4.4013824462890625,0.4537349343299866,0.32244428992271423,6.129018783569336,4.355554103851318
883.0,0.0001,0.0,64.0,4.0,0.6341819763183594,0.44579043984413147,8.328678131103516,5.854541778564453,0.4937562942504883,0.3529087007045746,6.4844746589660645,4.634730339050293
884.0,0.0001,0.0,64.0,4.0,0.4491168260574341,0.2900461256504059,6.249643325805664,4.036109447479248,0.5841325521469116,0.37991437315940857,8.128442764282227,5.286662578582764
885.0,0.0001,0.0,64.0,4.0,0.5374455451965332,0.3755880296230316,6.807196140289307,4.757135391235352,0.873181939125061,0.4599708616733551,11.059577941894531,5.8259148597717285
886.0,0.0001,0.0,64.0,4.0,1.277121901512146,0.5087986588478088,17.189563751220703,6.848232269287109,0.5898633599281311,0.3914601802825928,7.939332008361816,5.26890230178833
887.0,0.0001,0.0,64.0,4.0,0.479265034198761,0.352860689163208,6.441510200500488,4.742586612701416,0.4211861789226532,0.3142172694206238,5.660908222198486,4.223203659057617
888.0,0.0001,0.0,64.0,4.0,0.4468865990638733,0.32472291588783264,6.121508598327637,4.448095321655273,0.4951726496219635,0.3999420702457428,6.782937049865723,5.478456497192383
889.0,0.0001,0.0,64.0,4.0,0.5428581833839417,0.3503616750240326,7.578007221221924,4.890859127044678,0.4846334755420685,0.35320401191711426,6.765222072601318,4.930537700653076
860.0,0.0001,0.0,256.0,2.0,0.39696192741394043,0.307481050491333,5.731825351715088,4.43979024887085,0.3752226233482361,0.2870021164417267,5.417926788330078,4.14409065246582
861.0,0.0001,0.0,256.0,2.0,0.6086682081222534,0.3726262152194977,8.4987154006958,5.202907085418701,0.4022444188594818,0.31038936972618103,5.61646032333374,4.3339056968688965
862.0,0.0001,0.0,256.0,2.0,0.6926217079162598,0.50795978307724,8.932526588439941,6.551000118255615,0.6750003099441528,0.48030784726142883,8.705268859863281,6.194381237030029
863.0,0.0001,0.0,256.0,2.0,0.5352118611335754,0.4032380282878876,6.710298538208008,5.055656909942627,1.0188636779785156,0.5477063059806824,12.774154663085938,6.866949558258057
864.0,0.0001,0.0,256.0,2.0,0.5900228023529053,0.4538961946964264,8.205033302307129,6.312015533447266,0.5038734674453735,0.34519389271736145,7.007014274597168,4.800369739532471
865.0,0.0001,0.0,256.0,2.0,1.6462023258209229,0.6366720795631409,21.397289276123047,8.275444984436035,0.3983088731765747,0.32839563488960266,5.1772074699401855,4.268476963043213
866.0,0.0001,0.0,256.0,2.0,0.40483641624450684,0.3062705099582672,5.333985805511475,4.035314559936523,0.4997098445892334,0.3552314341068268,6.584004878997803,4.6804070472717285
867.0,0.0001,0.0,256.0,2.0,0.5068227648735046,0.32894742488861084,6.068796157836914,3.9388818740844727,0.7582365870475769,0.49632683396339417,9.079275131225586,5.943116664886475
868.0,0.0001,0.0,256.0,2.0,0.5194817185401917,0.38960012793540955,7.175263404846191,5.381292819976807,0.5677191615104675,0.40140995383262634,7.841536045074463,5.544414520263672
869.0,0.0001,0.0,256.0,2.0,0.5618024468421936,0.4057903587818146,7.563411712646484,5.4630584716796875,0.4768928587436676,0.3537933826446533,6.420294284820557,4.763034820556641
870.0,0.0001,0.0,256.0,2.0,0.5657779574394226,0.41437578201293945,7.597230911254883,5.564211368560791,0.6649374961853027,0.3889869451522827,8.92873764038086,5.223292350769043
871.0,0.0001,0.0,256.0,2.0,0.525607705116272,0.368243008852005,7.362997531890869,5.158547878265381,0.5313497185707092,0.40106630325317383,7.443435192108154,5.618354797363281
872.0,0.0001,0.0,256.0,2.0,0.5777938961982727,0.38938474655151367,7.551140308380127,5.088836669921875,1.4795528650283813,0.5151000022888184,19.33615493774414,6.731799602508545
873.0,0.0001,0.0,256.0,2.0,0.6020689010620117,0.38006865978240967,8.142729759216309,5.140269756317139,0.4656780958175659,0.30763110518455505,6.29810094833374,4.160581588745117
874.0,0.0001,0.0,256.0,2.0,0.4614960551261902,0.3284900486469269,6.636153221130371,4.723573207855225,0.4629788100719452,0.3421621322631836,6.657474994659424,4.920172214508057
875.0,0.0001,0.0,256.0,2.0,0.40066981315612793,0.3168415129184723,5.529860973358154,4.372901439666748,0.623168408870697,0.4037686884403229,8.600685119628906,5.572629928588867
876.0,0.0001,0.0,256.0,2.0,0.42555949091911316,0.3187870383262634,5.709412097930908,4.2769269943237305,0.7520031332969666,0.4655028283596039,10.089061737060547,6.245302200317383
877.0,0.0001,0.0,256.0,2.0,0.4274619519710541,0.3073231875896454,5.702116012573242,4.099527835845947,0.6334614157676697,0.4702509641647339,8.45003890991211,6.272898197174072
878.0,0.0001,0.0,256.0,2.0,0.7046916484832764,0.43863508105278015,9.607267379760742,5.980039596557617,0.47184938192367554,0.34645429253578186,6.432860374450684,4.723312854766846
879.0,0.0001,0.0,256.0,2.0,1.5272703170776367,0.526917576789856,19.27627182006836,6.650431156158447,0.6644003987312317,0.44830283522605896,8.385655403137207,5.658204555511475
880.0,0.0001,0.0,256.0,2.0,0.3442195951938629,0.27260252833366394,4.7925848960876465,3.795457124710083,0.5416725277900696,0.41393914818763733,7.541730880737305,5.7632927894592285
881.0,0.0001,0.0,256.0,2.0,0.521966278553009,0.4207346439361572,7.367202281951904,5.9383864402771,0.6115303635597229,0.35572823882102966,8.631340026855469,5.020864009857178
882.0,0.0001,0.0,256.0,2.0,0.43190112709999084,0.33075544238090515,5.834088325500488,4.467820167541504,0.40925857424736023,0.3137073516845703,5.528234481811523,4.2375359535217285
883.0,0.0001,0.0,256.0,2.0,0.6431662440299988,0.4577568471431732,8.446667671203613,6.011695384979248,0.48321399092674255,0.32249119877815247,6.346023082733154,4.235259532928467
884.0,0.0001,0.0,256.0,2.0,0.5157999992370605,0.3399715721607208,7.177566051483154,4.730842590332031,0.6055790185928345,0.4334777593612671,8.426877975463867,6.032019138336182
885.0,0.0001,0.0,256.0,2.0,0.5846654176712036,0.4215032160282135,7.405275344848633,5.338689804077148,0.8478297591209412,0.4561280310153961,10.738471031188965,5.777242183685303
886.0,0.0001,0.0,256.0,2.0,0.5478402972221375,0.37354788184165955,7.373717784881592,5.027809143066406,0.5458051562309265,0.4174015522003174,7.346324920654297,5.618062496185303
887.0,0.0001,0.0,256.0,2.0,1.1848783493041992,0.4991180896759033,15.92523193359375,6.708343505859375,0.40037259459495544,0.30324795842170715,5.38116455078125,4.075771808624268
888.0,0.0001,0.0,256.0,2.0,0.45826035737991333,0.3150216042995453,6.277307510375977,4.315205097198486,0.48519453406333923,0.37888669967651367,6.646255970001221,5.190037727355957
889.0,0.0001,0.0,256.0,2.0,0.5718591809272766,0.3776395320892334,7.982845783233643,5.271644592285156,0.4351012110710144,0.2917045056819916,6.073777675628662,4.072037696838379
860.0,0.0001,0.0,256.0,4.0,0.4367314279079437,0.3388308584690094,6.306066989898682,4.892457485198975,0.38324546813964844,0.3104343116283417,5.5337700843811035,4.482433319091797
861.0,0.0001,0.0,256.0,4.0,0.5374884605407715,0.33537015318870544,7.50484561920166,4.682708263397217,0.39568212628364563,0.32476040720939636,5.524832248687744,4.534566402435303
862.0,0.0001,0.0,256.0,4.0,0.6934434175491333,0.4767106771469116,8.943124771118164,6.147989749908447,0.5439056158065796,0.3734166920185089,7.01458215713501,4.8158392906188965
863.0,0.0001,0.0,256.0,4.0,0.5379422903060913,0.39246082305908203,6.744531631469727,4.920536041259766,4.601216793060303,1.2634483575820923,57.688446044921875,15.840672492980957
864.0,0.0001,0.0,256.0,4.0,0.5206692218780518,0.40247711539268494,7.240581035614014,5.59696626663208,0.49091726541519165,0.32484111189842224,6.826841354370117,4.517337799072266
865.0,0.0001,0.0,256.0,4.0,0.7331230640411377,0.4826231896877289,9.529112815856934,6.273121356964111,0.4154514968395233,0.3219316899776459,5.400026798248291,4.1844587326049805
866.0,0.0001,0.0,256.0,4.0,0.4320056736469269,0.3457908630371094,5.691957950592041,4.556021690368652,0.5000024437904358,0.38565608859062195,6.587861061096191,5.081271648406982
867.0,0.0001,0.0,256.0,4.0,0.48655247688293457,0.34972915053367615,5.826075077056885,4.18772554397583,0.857780396938324,0.5604956746101379,10.271234512329102,6.71148681640625
868.0,0.0001,0.0,256.0,4.0,0.49213582277297974,0.36836060881614685,6.797552108764648,5.087925434112549,0.5785259008407593,0.4016372263431549,7.990801811218262,5.547554016113281
869.0,0.0001,0.0,256.0,4.0,0.5361722707748413,0.3779078423976898,7.218358516693115,5.087682247161865,0.5249621868133545,0.3893214166164398,7.067439556121826,5.2413411140441895
870.0,0.0001,0.0,256.0,4.0,0.6059821844100952,0.43939781188964844,8.137090682983398,5.900205612182617,0.44830477237701416,0.3282701075077057,6.019807815551758,4.407989978790283
871.0,0.0001,0.0,256.0,4.0,0.507121741771698,0.3708096444606781,7.1040358543396,5.194501876831055,0.5256940126419067,0.4126248359680176,7.364206314086914,5.780272960662842
872.0,0.0001,0.0,256.0,4.0,0.5979529023170471,0.41917920112609863,7.814596176147461,5.478218078613281,0.47644859552383423,0.3457583487033844,6.226667404174805,4.518687725067139
873.0,0.0001,0.0,256.0,4.0,0.6042152643203735,0.40723004937171936,8.171758651733398,5.50761604309082,0.49345409870147705,0.35460972785949707,6.673759937286377,4.795947551727295
874.0,0.0001,0.0,256.0,4.0,0.4508496820926666,0.33166512846946716,6.483061790466309,4.769228458404541,0.4222204387187958,0.2985530197620392,6.071382999420166,4.293088436126709
875.0,0.0001,0.0,256.0,4.0,0.46022123098373413,0.36619678139686584,6.351762294769287,5.054080486297607,0.6466483473777771,0.4267987310886383,8.924744606018066,5.8904805183410645
876.0,0.0001,0.0,256.0,4.0,0.3842185437679291,0.2871681749820709,5.15477180480957,3.852720260620117,0.745773434638977,0.4790169298648834,10.00548267364502,6.426610469818115
877.0,0.0001,0.0,256.0,4.0,0.42032521963119507,0.31304746866226196,5.606915473937988,4.175887107849121,1.0606952905654907,0.5693218111991882,14.149110794067383,7.5944504737854
878.0,0.0001,0.0,256.0,4.0,0.7364329695701599,0.46280309557914734,10.040005683898926,6.309529781341553,0.546326756477356,0.39412644505500793,7.448232173919678,5.373241424560547
879.0,0.0001,0.0,256.0,4.0,0.8914113640785217,0.4820980131626129,11.250849723815918,6.084746837615967,0.6362516283988953,0.4502619802951813,8.030378341674805,5.682931423187256
880.0,0.0001,0.0,256.0,4.0,0.3545437455177307,0.2704792022705078,4.936328887939453,3.765894651412964,0.5663467049598694,0.43474316596984863,7.885270595550537,6.052948474884033
881.0,0.0001,0.0,256.0,4.0,0.5431563258171082,0.45026418566703796,7.666285991668701,6.3551764488220215,0.6694254875183105,0.4365569055080414,9.448490142822266,6.161706447601318
882.0,0.0001,0.0,256.0,4.0,0.44721871614456177,0.34196019172668457,6.040997505187988,4.619173049926758,0.486941397190094,0.3495520353317261,6.577568054199219,4.7217230796813965
883.0,0.0001,0.0,256.0,4.0,0.6323015093803406,0.4532335698604584,8.303980827331543,5.952291965484619,0.49647584557533264,0.35051771998405457,6.5201897621154785,4.603330135345459
884.0,0.0001,0.0,256.0,4.0,0.4660204350948334,0.3248807489871979,6.484863758087158,4.520847797393799,0.6524119973182678,0.4674578607082367,9.07857894897461,6.504866123199463
885.0,0.0001,0.0,256.0,4.0,0.5968868136405945,0.4281524121761322,7.5600690841674805,5.42290735244751,1.0432052612304688,0.4973052442073822,13.213065147399902,6.298786163330078
886.0,0.0001,0.0,256.0,4.0,0.8832926750183105,0.5322744250297546,11.888773918151855,7.164206027984619,0.6180179715156555,0.45351529121398926,8.318281173706055,6.10413932800293
887.0,0.0001,0.0,256.0,4.0,0.6918888092041016,0.4304259717464447,9.299256324768066,5.78509521484375,0.4606160521507263,0.35514163970947266,6.190860748291016,4.773243427276611
888.0,0.0001,0.0,256.0,4.0,0.4670780301094055,0.339752197265625,6.3980937004089355,4.65396785736084,0.5019062161445618,0.3995131254196167,6.875174045562744,5.472581386566162
889.0,0.0001,0.0,256.0,4.0,0.5434008240699768,0.38363608717918396,7.585582256317139,5.355352878570557,0.4990929365158081,0.3558196723461151,6.967068195343018,4.967050552368164
860.0,0.0001,0.1,64.0,2.0,0.3904173970222473,0.30472028255462646,5.637327194213867,4.399926662445068,0.40004706382751465,0.3161562979221344,5.776372909545898,4.565054416656494
861.0,0.0001,0.1,64.0,2.0,0.5720385909080505,0.34832891821861267,7.987262725830078,4.863648414611816,0.39774614572525024,0.3092200458049774,5.553651809692383,4.31757926940918
862.0,0.0001,0.1,64.0,2.0,0.6594886183738708,0.4377213716506958,8.505220413208008,5.6451568603515625,0.6366026401519775,0.4479418694972992,8.210066795349121,5.776967525482178
863.0,0.0001,0.1,64.0,2.0,0.5052207708358765,0.373530775308609,6.3342814445495605,4.683197975158691,2.826531171798706,0.8550310134887695,35.43806076049805,10.720078468322754
864.0,0.0001,0.1,64.0,2.0,0.48765838146209717,0.38074788451194763,6.781522750854492,5.294793605804443,0.5119872689247131,0.352379709482193,7.119846820831299,4.90029764175415
865.0,0.0001,0.1,64.0,2.0,0.8748195767402649,0.4456283748149872,11.370878219604492,5.792264461517334,0.4058960974216461,0.3062700927257538,5.275825500488281,3.9808895587921143
866.0,0.0001,0.1,64.0,2.0,0.3723345398902893,0.2861131727695465,4.905752182006836,3.769728899002075,0.5160999894142151,0.38898447155952454,6.79995584487915,5.125125885009766
867.0,0.0001,0.1,64.0,2.0,0.476126104593277,0.29240095615386963,5.701228141784668,3.5012667179107666,0.840193510055542,0.5123710632324219,10.060644149780273,6.135232448577881
868.0,0.0001,0.1,64.0,2.0,0.5029596090316772,0.37166690826416016,6.947053909301758,5.133593559265137,0.5313082337379456,0.3682788610458374,7.338615417480469,5.086796283721924
869.0,0.0001,0.1,64.0,2.0,0.5722280144691467,0.40720072388648987,7.703768730163574,5.482046604156494,0.3961341083049774,0.31415823101997375,5.3330583572387695,4.229436874389648
870.0,0.0001,0.1,64.0,2.0,0.54441899061203,0.3817281723022461,7.310423374176025,5.125821590423584,0.5555944442749023,0.3613196909427643,7.46048641204834,4.851778030395508
871.0,0.0001,0.1,64.0,2.0,0.5215933918952942,0.3709707260131836,7.3067626953125,5.1967597007751465,0.4401068687438965,0.3346964120864868,6.165255546569824,4.6886091232299805
872.0,0.0001,0.1,64.0,2.0,0.5233436822891235,0.3467961847782135,6.839535713195801,4.532250881195068,0.5867639183998108,0.3779768645763397,7.668369770050049,4.939748764038086
873.0,0.0001,0.1,64.0,2.0,0.5658109784126282,0.36283251643180847,7.6523566246032715,4.9071574211120605,0.4802335500717163,0.3644625246524811,6.494957447052002,4.929203033447266
874.0,0.0001,0.1,64.0,2.0,0.4305897653102875,0.3176247477531433,6.191730976104736,4.567333221435547,0.3892722725868225,0.2761218845844269,5.597599506378174,3.970536470413208
875.0,0.0001,0.1,64.0,2.0,0.3990720212459564,0.3116948902606964,5.507809162139893,4.301869869232178,0.6196856498718262,0.404575914144516,8.552617073059082,5.583770751953125
876.0,0.0001,0.1,64.0,2.0,0.37480324506759644,0.2869698703289032,5.028453826904297,3.8500595092773438,0.7480172514915466,0.4389685094356537,10.0355863571167,5.88931131362915
877.0,0.0001,0.1,64.0,2.0,0.373592346906662,0.2860991060733795,4.983522891998291,3.8164100646972656,1.8287678956985474,0.6294994950294495,24.394790649414062,8.397189140319824
878.0,0.0001,0.1,64.0,2.0,0.6687858700752258,0.43484506011009216,9.117753982543945,5.928369998931885,0.46336960792541504,0.3490149974822998,6.317253112792969,4.758224010467529
879.0,0.0001,0.1,64.0,2.0,0.7991771697998047,0.40267637372016907,10.086725234985352,5.082334995269775,0.7004262804985046,0.4688839912414551,8.840352058410645,5.917966842651367
880.0,0.0001,0.1,64.0,2.0,0.3616846203804016,0.2533564865589142,5.0357513427734375,3.527493715286255,0.5207895636558533,0.3734622895717621,7.2509765625,5.199732303619385
881.0,0.0001,0.1,64.0,2.0,0.4947841465473175,0.40258535742759705,6.983543872833252,5.682220935821533,0.571849524974823,0.3680165112018585,8.071270942687988,5.194305419921875
882.0,0.0001,0.1,64.0,2.0,0.4301891028881073,0.3208349943161011,5.810963153839111,4.333816051483154,0.3676415681838989,0.2828633487224579,4.966075420379639,3.820897340774536
883.0,0.0001,0.1,64.0,2.0,0.6602995991706848,0.4367450773715973,8.67167854309082,5.735748767852783,0.4849337637424469,0.34679722785949707,6.3686089515686035,4.554469585418701
884.0,0.0001,0.1,64.0,2.0,0.47525548934936523,0.29467567801475525,6.613373756408691,4.100532054901123,0.6131111979484558,0.40090346336364746,8.531691551208496,5.578734874725342
885.0,0.0001,0.1,64.0,2.0,0.5800876617431641,0.40964245796203613,7.347293853759766,5.18846321105957,0.8091890811920166,0.4379238188266754,10.249054908752441,5.546670436859131
886.0,0.0001,0.1,64.0,2.0,1.0857510566711426,0.4777747690677643,14.613787651062012,6.430662631988525,0.603901743888855,0.3925016224384308,8.128283500671387,5.282919406890869
887.0,0.0001,0.1,64.0,2.0,0.4756786525249481,0.3572838306427002,6.393307685852051,4.802034854888916,0.4174425005912781,0.29915812611579895,5.610590934753418,4.0208024978637695
888.0,0.0001,0.1,64.0,2.0,0.44849923253059387,0.2903093993663788,6.143599033355713,3.9766948223114014,0.5121127367019653,0.3960140645503998,7.014984607696533,5.424650192260742
889.0,0.0001,0.1,64.0,2.0,0.5316231846809387,0.3508802354335785,7.421172618865967,4.898098945617676,0.4841466248035431,0.33538246154785156,6.758425712585449,4.681758403778076
860.0,0.0001,0.1,64.0,4.0,0.35976237058639526,0.2889595925807953,5.194692134857178,4.172354221343994,0.42576709389686584,0.32456913590431213,6.147749900817871,4.686529159545898
861.0,0.0001,0.1,64.0,4.0,0.5964927077293396,0.3569925129413605,8.32871150970459,4.984617233276367,0.3985627591609955,0.30929896235466003,5.565053939819336,4.318681240081787
862.0,0.0001,0.1,64.0,4.0,0.6513682007789612,0.4365723133087158,8.400493621826172,5.630338191986084,1.7903879880905151,0.6244822144508362,23.09008026123047,8.053753852844238
863.0,0.0001,0.1,64.0,4.0,0.45628222823143005,0.3487035930156708,5.720706462860107,4.371923446655273,2.1820805072784424,0.6633983254432678,27.35816192626953,8.317456245422363
864.0,0.0001,0.1,64.0,4.0,0.49310266971588135,0.3847026824951172,6.857232570648193,5.349790096282959,0.5343635678291321,0.37079790234565735,7.431019306182861,5.156425952911377
865.0,0.0001,0.1,64.0,4.0,1.4626067876815796,0.5754323601722717,19.01091766357422,7.479454517364502,0.3963277339935303,0.323808491230011,5.151456356048584,4.208853244781494
866.0,0.0001,0.1,64.0,4.0,0.3676760792732239,0.29241594672203064,4.84437370300293,3.8527719974517822,0.46394020318984985,0.3511265814304352,6.1127166748046875,4.626323223114014
867.0,0.0001,0.1,64.0,4.0,0.4631090462207794,0.30056262016296387,5.545360088348389,3.59899640083313,2.935070037841797,0.8801143765449524,35.145111083984375,10.538664817810059
868.0,0.0001,0.1,64.0,4.0,0.49402767419815063,0.35643208026885986,6.8236823081970215,4.9231648445129395,0.5848891139030457,0.40186986327171326,8.078693389892578,5.550767421722412
869.0,0.0001,0.1,64.0,4.0,0.6209419369697571,0.4242655336856842,8.359591484069824,5.711784839630127,0.41943806409835815,0.30943387746810913,5.646794319152832,4.165833950042725
870.0,0.0001,0.1,64.0,4.0,0.6079946756362915,0.40732744336128235,8.164113998413086,5.469567775726318,1.7022926807403564,0.5805581212043762,22.8582820892334,7.7956976890563965
871.0,0.0001,0.1,64.0,4.0,0.5455775856971741,0.35899004340171814,7.642746925354004,5.028926849365234,0.4514552056789398,0.32363036274909973,6.3242292404174805,4.533590316772461
872.0,0.0001,0.1,64.0,4.0,0.5723928213119507,0.3947616517543793,7.480554580688477,5.159107685089111,1.3330283164978027,0.47978997230529785,17.421239852905273,6.270334720611572
873.0,0.0001,0.1,64.0,4.0,0.5670047998428345,0.3761535584926605,7.668503284454346,5.087319374084473,0.4686497449874878,0.3409377336502075,6.338291645050049,4.611039638519287
874.0,0.0001,0.1,64.0,4.0,0.4539717435836792,0.3410261869430542,6.527956008911133,4.90383768081665,0.42033976316452026,0.29806074500083923,6.044340133666992,4.286010265350342
875.0,0.0001,0.1,64.0,4.0,0.3826521039009094,0.30167290568351746,5.281188488006592,4.163550853729248,0.5941358804702759,0.3937559127807617,8.199990272521973,5.434438228607178
876.0,0.0001,0.1,64.0,4.0,0.3791447579860687,0.2926359474658966,5.086700439453125,3.926076650619507,0.7618560791015625,0.4658752381801605,10.221251487731934,6.250298023223877
877.0,0.0001,0.1,64.0,4.0,0.37798747420310974,0.2851327955722809,5.042151927947998,3.8035199642181396,2.3692469596862793,0.685451328754425,31.604490280151367,9.14355754852295
878.0,0.0001,0.1,64.0,4.0,0.6230105757713318,0.38980746269226074,8.493685722351074,5.314359188079834,0.4692166745662689,0.3464895784854889,6.396968841552734,4.7237935066223145
879.0,0.0001,0.1,64.0,4.0,1.6787216663360596,0.5644415020942688,21.18779945373535,7.1240363121032715,0.6516579389572144,0.433081716299057,8.224827766418457,5.466092586517334
880.0,0.0001,0.1,64.0,4.0,0.3246115446090698,0.24305814504623413,4.5195817947387695,3.3841094970703125,0.5012691020965576,0.35425662994384766,6.97919225692749,4.93233060836792
881.0,0.0001,0.1,64.0,4.0,0.5241271257400513,0.41111183166503906,7.397700309753418,5.8025665283203125,0.5367945432662964,0.3457547128200531,7.576493740081787,4.880094528198242
882.0,0.0001,0.1,64.0,4.0,0.4080791175365448,0.3060694932937622,5.512302875518799,4.134364128112793,0.3943433463573456,0.29713889956474304,5.326761245727539,4.013730525970459
883.0,0.0001,0.1,64.0,4.0,0.667884886264801,0.4443894922733307,8.771295547485352,5.836143493652344,0.5038111805915833,0.34381628036499023,6.616524696350098,4.515320301055908
884.0,0.0001,0.1,64.0,4.0,0.4507075846195221,0.2886248528957367,6.271778583526611,4.016332149505615,0.5959649682044983,0.4161604344844818,8.293094635009766,5.791040897369385
885.0,0.0001,0.1,64.0,4.0,0.5827311873435974,0.4213639199733734,7.380776405334473,5.336925506591797,1.7357251644134521,0.5867539048194885,21.984405517578125,7.431728363037109
886.0,0.0001,0.1,64.0,4.0,2.0267608165740967,0.644706666469574,27.27941131591797,8.67750072479248,0.46211397647857666,0.3523935377597809,6.219874858856201,4.743079662322998
887.0,0.0001,0.1,64.0,4.0,1.3226470947265625,0.48695144057273865,17.776897430419922,6.544818878173828,0.4464300870895386,0.3291177749633789,6.0001959800720215,4.423471927642822
888.0,0.0001,0.1,64.0,4.0,0.5083646178245544,0.3350186347961426,6.96364164352417,4.589127063751221,0.487762987613678,0.3732287883758545,6.681439399719238,5.112534999847412
889.0,0.0001,0.1,64.0,4.0,0.5559234023094177,0.3722408711910248,7.760390281677246,5.1962809562683105,0.43942707777023315,0.3118678629398346,6.134164810180664,4.353507041931152
860.0,0.0001,0.1,256.0,2.0,0.41353869438171387,0.3207070827484131,5.9711809158325195,4.630764007568359,0.3963087797164917,0.30839550495147705,5.7223944664001465,4.4529948234558105
861.0,0.0001,0.1,256.0,2.0,0.6069889068603516,0.3661457598209381,8.475266456604004,5.11242151260376,0.3963538706302643,0.30515071749687195,5.5342116355896,4.2607598304748535
862.0,0.0001,0.1,256.0,2.0,0.6579897403717041,0.4682154357433319,8.485889434814453,6.038429260253906,1.5260857343673706,0.6030034422874451,19.681455612182617,7.776747226715088
863.0,0.0001,0.1,256.0,2.0,0.4928591549396515,0.36148086190223694,6.179295063018799,4.532120227813721,1.8683222532272339,0.7048055529594421,23.42436981201172,8.8366060256958
864.0,0.0001,0.1,256.0,2.0,0.523027241230011,0.39937448501586914,7.273372650146484,5.553821086883545,0.512376606464386,0.36628904938697815,7.125261306762695,5.093725204467773
865.0,0.0001,0.1,256.0,2.0,1.6353427171707153,0.6133219599723816,21.256134033203125,7.971940517425537,0.435545414686203,0.33510640263557434,5.6612067222595215,4.355703353881836
866.0,0.0001,0.1,256.0,2.0,0.4599227011203766,0.3648587167263031,6.059783458709717,4.807252883911133,0.4954965114593506,0.37729206681251526,6.528491973876953,4.971071243286133
867.0,0.0001,0.1,256.0,2.0,0.35265153646469116,0.2779432535171509,4.222719669342041,3.3281478881835938,1.0250356197357178,0.6233417391777039,12.273979187011719,7.464017391204834
868.0,0.0001,0.1,256.0,2.0,0.5109548568725586,0.3775370121002197,7.057486534118652,5.214672565460205,0.5870468616485596,0.4150487184524536,8.10849666595459,5.732798099517822
869.0,0.0001,0.1,256.0,2.0,0.577168345451355,0.40356287360191345,7.770279407501221,5.433069705963135,0.4674293100833893,0.34140118956565857,6.29288911819458,4.596202373504639
870.0,0.0001,0.1,256.0,2.0,0.5803035497665405,0.4098442494869232,7.79227876663208,5.50336217880249,1.2559202909469604,0.47395893931388855,16.864418029785156,6.364290714263916
871.0,0.0001,0.1,256.0,2.0,0.5224682092666626,0.3633299171924591,7.3190178871154785,5.089723110198975,0.48204100131988525,0.34213414788246155,6.752691745758057,4.792801380157471
872.0,0.0001,0.1,256.0,2.0,0.5843473076820374,0.3962269127368927,7.636785984039307,5.178256988525391,1.1864537000656128,0.5021740794181824,15.505663871765137,6.56287145614624
873.0,0.0001,0.1,256.0,2.0,0.6510912775993347,0.41472578048706055,8.805737495422363,5.608992099761963,0.48971468210220337,0.3492922782897949,6.623185634613037,4.724032402038574
874.0,0.0001,0.1,256.0,2.0,0.4951983690261841,0.3499518632888794,7.1207804679870605,5.032186508178711,0.42178523540496826,0.2855667769908905,6.065124988555908,4.106350898742676
875.0,0.0001,0.1,256.0,2.0,0.4174811840057373,0.3212956488132477,5.7618842124938965,4.434375286102295,0.6243233680725098,0.42528876662254333,8.61662483215332,5.869640350341797
876.0,0.0001,0.1,256.0,2.0,0.3993067443370819,0.3100024461746216,5.357198715209961,4.159070014953613,0.7563402652740479,0.4744602143764496,10.14725112915039,6.365476608276367
877.0,0.0001,0.1,256.0,2.0,0.41754257678985596,0.32747992873191833,5.569796562194824,4.368408203125,0.7068091630935669,0.483605295419693,9.428459167480469,6.451037883758545
878.0,0.0001,0.1,256.0,2.0,0.6587676405906677,0.41249075531959534,8.981171607971191,5.623607635498047,0.47772079706192017,0.35269489884376526,6.5129075050354,4.80839204788208
879.0,0.0001,0.1,256.0,2.0,1.027532935142517,0.48357608914375305,12.968893051147461,6.103402614593506,0.6540873050689697,0.4656341075897217,8.25549030303955,5.876949310302734
880.0,0.0001,0.1,256.0,2.0,0.35118961334228516,0.2631005048751831,4.889629364013672,3.6631603240966797,0.5297884345054626,0.3978923261165619,7.3762688636779785,5.539872646331787
881.0,0.0001,0.1,256.0,2.0,0.5545777082443237,0.4498399794101715,7.827490329742432,6.349188327789307,0.6933140754699707,0.43010926246643066,9.785660743713379,6.070703029632568
882.0,0.0001,0.1,256.0,2.0,0.4144288897514343,0.3109789192676544,5.598074913024902,4.200680255889893,0.38837653398513794,0.28044116497039795,5.246161460876465,3.7881784439086914
883.0,0.0001,0.1,256.0,2.0,0.6758813858032227,0.4670809209346771,8.876313209533691,6.134149074554443,0.4870692491531372,0.3161773979663849,6.396653175354004,4.152340412139893
884.0,0.0001,0.1,256.0,2.0,0.52734375,0.3359866142272949,7.338202476501465,4.675390243530273,0.6288232803344727,0.42297258973121643,8.75033187866211,5.885835647583008
885.0,0.0001,0.1,256.0,2.0,0.5882788896560669,0.41711464524269104,7.451042652130127,5.283105373382568,1.6504994630813599,0.5666117072105408,20.904951095581055,7.176610469818115
886.0,0.0001,0.1,256.0,2.0,0.868453860282898,0.4927739202976227,11.689050674438477,6.632545471191406,0.46962815523147583,0.3631775379180908,6.321012496948242,4.888227939605713
887.0,0.0001,0.1,256.0,2.0,0.8302061557769775,0.42302003502845764,11.158297538757324,5.685555934906006,0.4235799014568329,0.31453952193260193,5.693080425262451,4.227534770965576
888.0,0.0001,0.1,256.0,2.0,0.48975953459739685,0.35391244292259216,6.708787441253662,4.847937107086182,0.49290263652801514,0.4040285646915436,6.751842021942139,5.534433841705322
889.0,0.0001,0.1,256.0,2.0,0.5776540040969849,0.35792919993400574,8.063737869262695,4.9964985847473145,0.46602487564086914,0.3468273878097534,6.50545597076416,4.84152364730835
860.0,0.0001,0.1,256.0,4.0,0.39279064536094666,0.32135751843452454,5.671595573425293,4.640155792236328,0.40051811933517456,0.3179504871368408,5.783173561096191,4.59096097946167
861.0,0.0001,0.1,256.0,4.0,0.5928145051002502,0.3535933494567871,8.277352333068848,4.937155246734619,0.4053248465061188,0.33665168285369873,5.6594719886779785,4.700602054595947
862.0,0.0001,0.1,256.0,4.0,0.6703696250915527,0.4495486319065094,8.645549774169922,5.797688961029053,1.0235533714294434,0.5098143219947815,13.200450897216797,6.574916839599609
863.0,0.0001,0.1,256.0,4.0,0.4737231135368347,0.34558233618736267,5.939374923706055,4.332790374755859,2.098637342453003,0.7645767331123352,26.311981201171875,9.5859956741333
864.0,0.0001,0.1,256.0,4.0,0.5437615513801575,0.42477652430534363,7.561710357666016,5.907068729400635,0.5083991885185242,0.35497987270355225,7.069950580596924,4.936456203460693
865.0,0.0001,0.1,256.0,4.0,1.4831119775772095,0.5817233920097351,19.27744483947754,7.56122350692749,0.3747338354587555,0.2982839345932007,4.870779514312744,3.8770859241485596
866.0,0.0001,0.1,256.0,4.0,0.41700470447540283,0.3287598788738251,5.49431037902832,4.331626892089844,0.49119675159454346,0.38193392753601074,6.471839427947998,5.032229900360107
867.0,0.0001,0.1,256.0,4.0,0.4048445522785187,0.3037717640399933,4.847689151763916,3.637423515319824,0.7646730542182922,0.5028870105743408,9.156346321105957,6.021667957305908
868.0,0.0001,0.1,256.0,4.0,0.4900302588939667,0.36067068576812744,6.768469333648682,4.981709003448486,0.599297821521759,0.40153971314430237,8.277710914611816,5.546207427978516
869.0,0.0001,0.1,256.0,4.0,0.6064729690551758,0.4360937178134918,8.164800643920898,5.871026515960693,0.5046512484550476,0.33279672265052795,6.793998718261719,4.480362415313721
870.0,0.0001,0.1,256.0,4.0,0.575768232345581,0.38546136021614075,7.731379508972168,5.17595100402832,1.1857397556304932,0.4464345872402191,15.922038078308105,5.99469518661499
871.0,0.0001,0.1,256.0,4.0,0.5418689250946045,0.3853019177913666,7.590793609619141,5.397518157958984,0.5046667456626892,0.3689311444759369,7.069644927978516,5.168187618255615
872.0,0.0001,0.1,256.0,4.0,0.5744577646255493,0.39754343032836914,7.507540702819824,5.195462226867676,1.2635362148284912,0.5057244896888733,16.513050079345703,6.609272003173828
873.0,0.0001,0.1,256.0,4.0,0.6235082745552063,0.39516115188598633,8.43268871307373,5.34438943862915,0.4676389992237091,0.3265148103237152,6.32462215423584,4.415976047515869
874.0,0.0001,0.1,256.0,4.0,0.5051178336143494,0.34365448355674744,7.263418674468994,4.94163179397583,0.4396241009235382,0.3131832480430603,6.3216423988342285,4.503466606140137
875.0,0.0001,0.1,256.0,4.0,0.37427759170532227,0.3043585419654846,5.165607452392578,4.200616359710693,0.6615474820137024,0.428200364112854,9.130375862121582,5.909824848175049
876.0,0.0001,0.1,256.0,4.0,0.38828685879707336,0.29959478974342346,5.209353923797607,4.019439220428467,0.7858837842941284,0.4818662405014038,10.54361343383789,6.46483850479126
877.0,0.0001,0.1,256.0,4.0,0.3840542137622833,0.29203000664711,5.123079299926758,3.8955249786376953,0.7405961155891418,0.4689148962497711,9.879158020019531,6.255075931549072
878.0,0.0001,0.1,256.0,4.0,0.6878595352172852,0.44199204444885254,9.377790451049805,6.025806903839111,0.4709039330482483,0.3482600748538971,6.419970989227295,4.747931957244873
879.0,0.0001,0.1,256.0,4.0,0.8739519715309143,0.46921858191490173,11.030488014221191,5.922190189361572,0.6532387137413025,0.43886175751686096,8.244778633117676,5.5390448570251465
880.0,0.0001,0.1,256.0,4.0,0.3418355882167816,0.272045761346817,4.759392261505127,3.787705659866333,0.5336320996284485,0.3992953300476074,7.429783344268799,5.559406757354736
881.0,0.0001,0.1,256.0,4.0,0.5144779682159424,0.41579899191856384,7.261509418487549,5.868722438812256,0.6762447357177734,0.39300593733787537,9.544739723205566,5.547013759613037
882.0,0.0001,0.1,256.0,4.0,0.4476279616355896,0.36319366097450256,6.046525955200195,4.905993938446045,0.4271928668022156,0.3087562322616577,5.770489692687988,4.170656681060791
883.0,0.0001,0.1,256.0,4.0,0.6358668208122253,0.4474717676639557,8.350804328918457,5.876622676849365,0.5082557201385498,0.33271998167037964,6.674893856048584,4.369593143463135
884.0,0.0001,0.1,256.0,4.0,0.4842931628227234,0.33721423149108887,6.739136219024658,4.6924729347229,0.6520519852638245,0.44718191027641296,9.073568344116211,6.22271728515625
885.0,0.0001,0.1,256.0,4.0,0.5684375166893005,0.3886137008666992,7.199735641479492,4.922116756439209,1.6602613925933838,0.5614262223243713,21.028596878051758,7.110931396484375
886.0,0.0001,0.1,256.0,4.0,1.3083044290542603,0.5249490737915039,17.60926628112793,7.065610408782959,0.4809345304965973,0.3541037142276764,6.473191261291504,4.766098499298096
887.0,0.0001,0.1,256.0,4.0,1.6146879196166992,0.5756860375404358,21.70203971862793,7.737446308135986,0.4183086156845093,0.3184570074081421,5.622232437133789,4.280187606811523
888.0,0.0001,0.1,256.0,4.0,0.47692614793777466,0.3106597661972046,6.532993793487549,4.255456447601318,0.49436721205711365,0.3940922021865845,6.771904468536377,5.398324489593506
889.0,0.0001,0.1,256.0,4.0,0.5824066400527954,0.38397786021232605,8.130083084106445,5.360124111175537,0.4543827474117279,0.32331693172454834,6.34293794631958,4.513330459594727
