,seed,d,v,target_tree_size,val_rmse,val_mae,rmse,mae
0,900.0,1.0,0.05,1.0,1.435443756342552,1.1189495312188802,1.3378263438956564,1.0444452583902333
1,900.0,1.0,0.05,2.0,1.06851044628883,0.8422038351151764,1.0148886501610306,0.8088433323996782
2,900.0,1.0,0.05,3.0,1.0888782046016443,0.8486907146660858,1.059303082753606,0.8418087713403432
3,900.0,1.0,0.05,4.0,1.137100970205144,0.8836020769342469,1.1037402291865577,0.8661902534030462
4,900.0,1.0,0.05,5.0,1.2766253938582657,0.9810942686353535,1.2330546955310036,0.9555513117752653
5,900.0,1.0,0.05,6.0,1.3797458263507063,1.0428523872034652,1.3362049524573179,1.0400618027239386
6,900.0,1.0,0.05,7.0,1.5622443529828187,1.206800752281595,1.4835802206021385,1.1409157060083122
7,900.0,1.0,0.075,1.0,1.2707126914855686,0.9929893112383523,1.1653899428995176,0.9181147565165502
8,900.0,1.0,0.075,2.0,1.0625264172663853,0.8366183551491706,1.004527653963997,0.7958111520419713
9,900.0,1.0,0.075,3.0,1.0840918746281192,0.8434982626970162,1.0417818331508788,0.8244766696433153
10,900.0,1.0,0.075,4.0,1.146983395317366,0.8917473715589804,1.1265074880340005,0.8899744967127865
11,900.0,1.0,0.075,5.0,1.2652586540378998,0.9822029853633998,1.2310142366727956,0.9646890638961839
12,900.0,1.0,0.075,6.0,1.3984076535246235,1.0753512285034954,1.3641340568300748,1.0636887852578742
13,900.0,1.0,0.075,7.0,1.561700351413522,1.202481276176728,1.5134188053014483,1.1601166755457653
14,900.0,1.0,0.1,1.0,1.2298449795381936,0.9675190671300307,1.1287037386189178,0.8931952078860991
15,900.0,1.0,0.1,2.0,1.0629861467633661,0.8395226078872045,0.984085741279471,0.7775753379711521
16,900.0,1.0,0.1,3.0,1.0902418861745384,0.8475267472790741,1.062748495410514,0.8442269875154664
17,900.0,1.0,0.1,4.0,1.179032574886256,0.9248498500224681,1.1525174109592182,0.9103068342122762
18,900.0,1.0,0.1,5.0,1.2932660135094431,0.991240497712999,1.251456086991174,0.9891295272718735
19,900.0,1.0,0.1,6.0,1.415100665717544,1.0766122686682804,1.347866249555067,1.0526263501559867
20,900.0,1.0,0.1,7.0,1.5726764030794338,1.2233718064523,1.5455879741340028,1.20227601921584
21,900.0,1.0,0.125,1.0,1.283504637366752,1.0048680411475743,1.1801413708234945,0.9318414454622598
22,900.0,1.0,0.125,2.0,1.0850048408883053,0.8509491158358597,1.0089262237089238,0.7999023749613927
23,900.0,1.0,0.125,3.0,1.0934647641271034,0.843755312596856,1.0588322609567307,0.8367481678933857
24,900.0,1.0,0.125,4.0,1.1835382415554423,0.9232953434309338,1.151417013817381,0.9163401359114183
25,900.0,1.0,0.125,5.0,1.2903381590122338,1.0044795896424004,1.2378069675277916,0.9744405096985902
26,900.0,1.0,0.125,6.0,1.3515822159308022,1.0369954293236068,1.3228343825270172,1.0327401065519575
27,900.0,1.0,0.125,7.0,1.5441529682765873,1.205621707465269,1.5124563189691875,1.171009255040249
28,900.0,1.0,0.15,1.0,1.2643071664000365,0.9925565893476487,1.1649609903230211,0.9203066407875444
29,900.0,1.0,0.15,2.0,1.0779463100876454,0.8504632488369472,1.0266681381820029,0.8158291892491655
30,900.0,1.0,0.15,3.0,1.132835917168982,0.8897372831078528,1.1034326633353044,0.8684598490976939
31,900.0,1.0,0.15,4.0,1.1703647927391638,0.9212123384219075,1.170847173955707,0.9362574597281467
32,900.0,1.0,0.15,5.0,1.284715638433995,0.9820489237458394,1.2568572760937045,0.9929090713678722
33,900.0,1.0,0.15,6.0,1.4508234221738776,1.1277752518531274,1.389664155273868,1.0861144216829908
34,900.0,1.0,0.15,7.0,1.5667323137374134,1.2093063386966627,1.5349406254701172,1.1948038051320222
35,900.0,1.0,0.175,1.0,1.259861960463964,0.9894215118548311,1.1669574068166306,0.9242967460609812
36,900.0,1.0,0.175,2.0,1.0654295426837745,0.8427547203450331,1.0236428106363278,0.8096897199094525
37,900.0,1.0,0.175,3.0,1.1120915976617327,0.8815781366946601,1.077082948971113,0.8607364602584624
38,900.0,1.0,0.175,4.0,1.2265133675629039,0.9643531706662613,1.1731599925930096,0.9340271561541642
39,900.0,1.0,0.175,5.0,1.3236499970046491,1.024282774356411,1.2935006133497737,1.0149725819539233
40,900.0,1.0,0.175,6.0,1.4569427035007325,1.1309106587872948,1.4246090940165363,1.1016133364164444
41,900.0,1.0,0.175,7.0,1.606746298393199,1.2358619621109492,1.5202889549405392,1.1830493565717306
42,900.0,1.0,0.2,1.0,1.2686991999166801,0.9967262374658901,1.1664843843465487,0.9183964941673587
43,900.0,1.0,0.2,2.0,1.0776222795485995,0.8597092778061877,1.0263652554513534,0.8178298321465531
44,900.0,1.0,0.2,3.0,1.125623478767834,0.875311359681185,1.0926590603881488,0.8704563341941478
45,900.0,1.0,0.2,4.0,1.2434410080801048,0.9747448474654186,1.2312452757703625,0.9762600320164246
46,900.0,1.0,0.2,5.0,1.2995328186473323,1.0038668251728133,1.2738878151698994,1.0146387126972984
47,900.0,1.0,0.2,6.0,1.4682269645095034,1.1479557519505197,1.4051699853142081,1.1006060268069016
48,900.0,1.0,0.2,7.0,1.643553813356664,1.2789843130474265,1.5773249152774889,1.2122269280409386
49,900.0,1.0,0.225,1.0,1.2358205740397792,0.9739536300271413,1.133745134933505,0.8965673049589445
50,900.0,1.0,0.225,2.0,1.0678757583441694,0.8489152527148565,0.991461169851589,0.7994101788876651
51,900.0,1.0,0.225,3.0,1.1617183888468665,0.9213699719887719,1.109638849382328,0.886923133062553
52,900.0,1.0,0.225,4.0,1.2182841403740228,0.9600753155834659,1.2512768716865525,0.989645259549334
53,900.0,1.0,0.225,5.0,1.4144486357245558,1.1178536321179884,1.3715090327400057,1.1042935143660806
54,900.0,1.0,0.225,6.0,1.5163773868832973,1.1739158938648124,1.4341870563727097,1.1233365615474475
55,900.0,1.0,0.225,7.0,1.6510476006089934,1.2593249605368213,1.568908884420978,1.2084089846410615
56,900.0,1.0,0.25,1.0,1.2265165149785042,0.9711114016535659,1.1251259443343637,0.8887616949919569
57,900.0,1.0,0.25,2.0,1.1931765032177388,0.9373419039003852,1.0991554664439325,0.8640208057707272
58,900.0,1.0,0.25,3.0,1.185010252322832,0.9278541250519993,1.1344390697074975,0.8979847418420286
59,900.0,1.0,0.25,4.0,1.2734151707412924,0.9991006949396621,1.2662643643135576,0.9998260016432636
60,900.0,1.0,0.25,5.0,1.4034402617226234,1.10225011058281,1.3614459124946725,1.0608014747814738
61,900.0,1.0,0.25,6.0,1.5036406535355902,1.1713449693658695,1.4213442194908739,1.1166750666922831
62,900.0,1.0,0.25,7.0,1.6998310221929551,1.330010117779444,1.5767185514745403,1.2328455969297343
63,900.0,1.0,0.275,1.0,1.2111351925706448,0.9601350737963145,1.110518790131626,0.8795578585025692
64,900.0,1.0,0.275,2.0,1.0755864211226296,0.8555033619455564,1.0380398257774015,0.8162332580035118
65,900.0,1.0,0.275,3.0,1.236248372887232,0.9614720556642798,1.214252332127649,0.9624652322625129
66,900.0,1.0,0.275,4.0,1.3226381728594148,1.0472781247344747,1.2647979600628545,1.014425611683195
67,900.0,1.0,0.275,5.0,1.4290073098874045,1.111884049055322,1.3775602565452438,1.0839376582894875
68,900.0,1.0,0.275,6.0,1.578153093391486,1.2203758298753205,1.5148861255929675,1.188878651858452
69,900.0,1.0,0.275,7.0,1.733723520880499,1.3269852301598803,1.6363713852429276,1.273008731210316
70,900.0,1.0,0.3,1.0,1.25173998392544,0.9789060441579627,1.1495055951485496,0.9022061301749932
71,900.0,1.0,0.3,2.0,1.1092876975446082,0.8768934339152018,1.069471476250787,0.8435276601863608
72,900.0,1.0,0.3,3.0,1.242962878568679,0.9755688999966774,1.1553132358833054,0.9158479431952088
73,900.0,1.0,0.3,4.0,1.3324645399946642,1.0454930547470684,1.324647419271919,1.0496932805080368
74,900.0,1.0,0.3,5.0,1.5319822381496873,1.1803729181540579,1.4663077238019593,1.1521532901210074
75,900.0,1.0,0.3,6.0,1.6200757812351432,1.2542087165636295,1.5278852625496417,1.1877404786854573
76,900.0,1.0,0.3,7.0,1.7586594016255825,1.3756112797169202,1.6474465248301142,1.2889424000177232
77,900.0,2.0,0.05,1.0,1.5251130937309871,1.193854504945864,1.4748039426194008,1.163791170902216
78,900.0,2.0,0.05,2.0,1.1761289878302104,0.9241041768729188,1.1213468963110116,0.8896604100044248
79,900.0,2.0,0.05,3.0,1.1698007931663574,0.9161059454641614,1.153964146525461,0.909835057680535
80,900.0,2.0,0.05,4.0,1.3016878810054215,1.0110404695030484,1.3182158317465003,1.0270941185115434
81,900.0,2.0,0.05,5.0,1.3673232231428496,1.0571421840219446,1.3611133886641285,1.0697097999898597
82,900.0,2.0,0.05,6.0,1.5344522091203987,1.1856263303797248,1.5213936860741497,1.1804105954158148
83,900.0,2.0,0.05,7.0,1.7447579139067566,1.3529829250210956,1.7052199186329955,1.3262778806288948
84,900.0,2.0,0.075,1.0,1.3621914405341184,1.0627764203277494,1.311876641792105,1.0321140940730724
85,900.0,2.0,0.075,2.0,1.1509857518891442,0.9157936936475968,1.1027289094691877,0.8683676793451782
86,900.0,2.0,0.075,3.0,1.1709003250753791,0.9192641288014425,1.145171286218262,0.9009711474215276
87,900.0,2.0,0.075,4.0,1.312190834229004,1.0221986930620046,1.2960551385987367,1.0154763219744822
88,900.0,2.0,0.075,5.0,1.4066155900927964,1.0966074022619146,1.4069453204927347,1.0952493117931008
89,900.0,2.0,0.075,6.0,1.575720156243668,1.2320719119853876,1.5599098416025017,1.222530524152198
90,900.0,2.0,0.075,7.0,1.7359310952777873,1.3358592221452386,1.7370981099279525,1.3479234041529058
91,900.0,2.0,0.1,1.0,1.364550616007265,1.0642964650308337,1.315506400391556,1.0363804611041536
92,900.0,2.0,0.1,2.0,1.0944207397868653,0.8635021546133435,1.0595243988416096,0.8385386761984766
93,900.0,2.0,0.1,3.0,1.196520292065873,0.9391674530398619,1.1761111817190204,0.9295334846124332
94,900.0,2.0,0.1,4.0,1.2832141559746577,0.9889318268998375,1.2677571657639033,1.0000993802931344
95,900.0,2.0,0.1,5.0,1.4231054867078783,1.1029055271324757,1.4254526824938338,1.1154135854306477
96,900.0,2.0,0.1,6.0,1.5853940015377055,1.241112811190092,1.5414227129977918,1.1901421671093375
97,900.0,2.0,0.1,7.0,1.7771785712009853,1.3766585336802426,1.7365096037017376,1.3428796361365731
98,900.0,2.0,0.125,1.0,1.3351401068702238,1.043910730254343,1.2745954791481766,0.9986572457397929
99,900.0,2.0,0.125,2.0,1.1453166446032677,0.9029362241054832,1.0981559239887657,0.8610707925526766
100,900.0,2.0,0.125,3.0,1.2118629203660192,0.9442342082028681,1.1554690416900266,0.9125492659707082
101,900.0,2.0,0.125,4.0,1.2862354541316388,1.0057649431652822,1.2474545992234258,0.9804682297882839
102,900.0,2.0,0.125,5.0,1.431589420169188,1.0906349308930825,1.4031053296674196,1.0845881507747057
103,900.0,2.0,0.125,6.0,1.5153278205143814,1.169159777000543,1.476244684723013,1.1496883168117702
104,900.0,2.0,0.125,7.0,1.7720310142344469,1.3824801727828442,1.7376487776363152,1.3579721424654474
105,900.0,2.0,0.15,1.0,1.375785578000543,1.0762656940751159,1.3162165039745197,1.0362543028476712
106,900.0,2.0,0.15,2.0,1.137774173733285,0.8979558640886189,1.098726245059681,0.8671806971459082
107,900.0,2.0,0.15,3.0,1.1796722028480846,0.9326340425814802,1.1447707238618712,0.8952810871586707
108,900.0,2.0,0.15,4.0,1.3707331954956823,1.0758947474079914,1.3848714231519024,1.0921932855258352
109,900.0,2.0,0.15,5.0,1.4354751176597949,1.107108754009385,1.4081698769991438,1.092797099084199
110,900.0,2.0,0.15,6.0,1.606246658814569,1.2485407093706091,1.5772481330122092,1.241716642789668
111,900.0,2.0,0.15,7.0,1.8263423251294701,1.4108995058206828,1.7572327098244402,1.3676682781121914
112,900.0,2.0,0.175,1.0,1.3485360552644778,1.0592718384301256,1.2975817487540329,1.0268712905891935
113,900.0,2.0,0.175,2.0,1.2407615908321765,0.9880740449868829,1.1860742788326195,0.9441043634990188
114,900.0,2.0,0.175,3.0,1.2383322980093283,0.9764739730294516,1.2486610264150675,0.9802983319827054
115,900.0,2.0,0.175,4.0,1.3291838777654361,1.0390000124772887,1.305108660746474,1.0261750863712786
116,900.0,2.0,0.175,5.0,1.4173620056096008,1.0982478410287257,1.4304651845725156,1.115435735825476
117,900.0,2.0,0.175,6.0,1.6029982586720928,1.2297170071656822,1.5914341573866457,1.2248935415380964
118,900.0,2.0,0.175,7.0,1.815579687711972,1.4048115488786803,1.7689802079550176,1.3858247831491295
119,900.0,2.0,0.2,1.0,1.3184284407718962,1.0279383292964421,1.2662332480913772,0.9979495059349557
120,900.0,2.0,0.2,2.0,1.1193472293144233,0.8774247163907123,1.0813252278569288,0.8644313943592256
121,900.0,2.0,0.2,3.0,1.2580328553334292,0.9916010869765043,1.2396405290133592,0.9743761090910283
122,900.0,2.0,0.2,4.0,1.355424293329804,1.068224056103789,1.3693993749191091,1.0770704903534065
123,900.0,2.0,0.2,5.0,1.4768731894137554,1.1387495834969958,1.479503982381254,1.1458706465230262
124,900.0,2.0,0.2,6.0,1.6703219830915927,1.2914495725707889,1.645166580218292,1.2824722225570029
125,900.0,2.0,0.2,7.0,1.769692042904762,1.3593367988713994,1.7275100477915635,1.3541865764571839
126,900.0,2.0,0.225,1.0,1.3504459000429236,1.051108279163163,1.2986430199250878,1.0142581118588716
127,900.0,2.0,0.225,2.0,1.177616037490593,0.9273461307450082,1.1274407378460858,0.8964543745797013
128,900.0,2.0,0.225,3.0,1.3022335420853406,1.0231411632451444,1.2929817131193158,1.0019206867394173
129,900.0,2.0,0.225,4.0,1.4744299657521596,1.1546460537184384,1.456584013003928,1.1376614401955176
130,900.0,2.0,0.225,5.0,1.5026087051339867,1.1532584749893227,1.4959164463744803,1.1615877021875547
131,900.0,2.0,0.225,6.0,1.6074379352249721,1.2633320051046006,1.5803066237294916,1.2271495535827204
132,900.0,2.0,0.225,7.0,1.8059484470369074,1.4156313162254432,1.7852965575285031,1.3885969598230874
133,900.0,2.0,0.25,1.0,1.341206859297586,1.0497373878327865,1.2953038233604275,1.0206956329699584
134,900.0,2.0,0.25,2.0,1.221250545261898,0.960672470548595,1.1353456618550062,0.8838091811818066
135,900.0,2.0,0.25,3.0,1.3027329769682192,1.0238333422669068,1.2999939476008127,1.030398027190973
136,900.0,2.0,0.25,4.0,1.3955203155543632,1.0935545136112754,1.4142790676289385,1.0993734546455938
137,900.0,2.0,0.25,5.0,1.457628124469319,1.129283794546011,1.4780109520990414,1.1610762277179725
138,900.0,2.0,0.25,6.0,1.6670378503028134,1.3027943466428342,1.658999285269777,1.2799405887273225
139,900.0,2.0,0.25,7.0,1.7814436218262624,1.3594753415638334,1.7397715653158305,1.3613865616673055
140,900.0,2.0,0.275,1.0,1.3254005995298568,1.041141689477555,1.293450977995503,1.0269044669492173
141,900.0,2.0,0.275,2.0,1.3211752319036216,1.0478565162688034,1.2787126582774118,1.0170250522901578
142,900.0,2.0,0.275,3.0,1.3614987575876307,1.0607967880298674,1.3545953601622311,1.0593704523391536
143,900.0,2.0,0.275,4.0,1.398981363459077,1.0974918507636269,1.4599999397676016,1.1409152976201937
144,900.0,2.0,0.275,5.0,1.4955056602057066,1.1840487311664352,1.515868839166209,1.1952078344134904
145,900.0,2.0,0.275,6.0,1.6544683319990097,1.2927608078395103,1.6602450676851732,1.279132339304213
146,900.0,2.0,0.275,7.0,1.8805779862340186,1.4484765494437115,1.8207874811653646,1.4135149529104796
147,900.0,2.0,0.3,1.0,1.3265663118338933,1.0374676614922849,1.2908160854753328,1.0279675589975683
148,900.0,2.0,0.3,2.0,1.205686696014759,0.9571657791362285,1.167384761337276,0.9303776807878584
149,900.0,2.0,0.3,3.0,1.3406571718529745,1.045983650746998,1.3876659267851779,1.096147644324602
150,900.0,2.0,0.3,4.0,1.3644060118913748,1.0741577498284856,1.3680130454217307,1.0794846367663502
151,900.0,2.0,0.3,5.0,1.5996080527062302,1.2324591827791818,1.4847349539111738,1.167686839187754
152,900.0,2.0,0.3,6.0,1.739293055592307,1.3425248222427342,1.6855950054546687,1.2884825362579846
153,900.0,2.0,0.3,7.0,1.795255108010372,1.4053262232852812,1.8097322392777644,1.4227344967931463
154,900.0,3.0,0.05,1.0,1.6616198245079112,1.3104129069470454,1.6317894394864585,1.291687681478553
155,900.0,3.0,0.05,2.0,1.297930333056714,1.0402432200410416,1.2727700645616222,1.0202726217933715
156,900.0,3.0,0.05,3.0,1.3481153609377792,1.060493186252379,1.357208572876823,1.0585308423645752
157,900.0,3.0,0.05,4.0,1.4697392931334972,1.144186920712978,1.472137381968831,1.1426830371644479
158,900.0,3.0,0.05,5.0,1.5170474810270125,1.1769077711406062,1.5147620964601352,1.1837372824164079
159,900.0,3.0,0.05,6.0,1.7633708943923423,1.362108546393148,1.7377587284391713,1.3361888027565534
160,900.0,3.0,0.05,7.0,1.9877549228194904,1.5346311496835165,1.9458675264976806,1.5168904336352163
161,900.0,3.0,0.075,1.0,1.5168407527644703,1.188733497638904,1.4860729883541082,1.1732160839590546
162,900.0,3.0,0.075,2.0,1.3442637557479529,1.0730430073757242,1.3049559154105546,1.0395239665714706
163,900.0,3.0,0.075,3.0,1.392540748308929,1.0962261090797223,1.3914649632115603,1.0864763075681576
164,900.0,3.0,0.075,4.0,1.4620229943918326,1.1404331034751407,1.4799694721997907,1.160158683356511
165,900.0,3.0,0.075,5.0,1.5392675163246587,1.1912809743457402,1.5373152404298607,1.1971948693700822
166,900.0,3.0,0.075,6.0,1.7368222346687612,1.3460882949839565,1.715228298054867,1.3413180633230704
167,900.0,3.0,0.075,7.0,1.9782513233279513,1.5287820627303577,1.9306001902672603,1.5129195228674486
168,900.0,3.0,0.1,1.0,1.567689772325515,1.2295969356177083,1.5341949570840447,1.2134392472575852
169,900.0,3.0,0.1,2.0,1.3006333018200251,1.0353268324529086,1.2904639955302408,1.0300989434867684
170,900.0,3.0,0.1,3.0,1.3859309187377389,1.0787783675558975,1.3978076476468557,1.0897825735761684
171,900.0,3.0,0.1,4.0,1.4538337953385896,1.1376771321686083,1.4636801041547844,1.14733396985631
172,900.0,3.0,0.1,5.0,1.5215779091180053,1.1871733571568828,1.522698341582277,1.1809625300144755
173,900.0,3.0,0.1,6.0,1.7716351964658197,1.3784096441889306,1.732932373511969,1.3317988368939122
174,900.0,3.0,0.1,7.0,2.0225384970629623,1.5641722169183734,1.9748102401247274,1.5456079589745004
175,900.0,3.0,0.125,1.0,1.5063654360696792,1.1818614076897584,1.4733845770824128,1.16583173630314
176,900.0,3.0,0.125,2.0,1.2869725630031272,1.020380118015477,1.262247652402107,1.0041363482264456
177,900.0,3.0,0.125,3.0,1.3895451739093387,1.0900448130452554,1.3755214639258635,1.0837351682782126
178,900.0,3.0,0.125,4.0,1.4894176781488055,1.1774108101562126,1.4727103185389627,1.1618166750744612
179,900.0,3.0,0.125,5.0,1.600432264891287,1.252366563294132,1.5993778634357203,1.2514991420847337
180,900.0,3.0,0.125,6.0,1.7314415922421935,1.3466520110632159,1.7174086001333062,1.3327957161962423
181,900.0,3.0,0.125,7.0,1.9836357295121985,1.5314556770776924,1.9402529189372386,1.5082836305911815
182,900.0,3.0,0.15,1.0,1.5109927888899413,1.1848204065504508,1.4803478099833773,1.1708821407860566
183,900.0,3.0,0.15,2.0,1.3048680945004805,1.0379614521478329,1.2531795396219638,0.9798368205421618
184,900.0,3.0,0.15,3.0,1.3634844074314412,1.0811950790068168,1.3784000319966743,1.091301126845757
185,900.0,3.0,0.15,4.0,1.5180009412007665,1.1734701672389138,1.533211844433684,1.190023862089316
186,900.0,3.0,0.15,5.0,1.5581524103561593,1.2150088698859667,1.5827767383016516,1.24347760270134
187,900.0,3.0,0.15,6.0,1.7842602916851535,1.383900973569043,1.742634362801269,1.3358091910100152
188,900.0,3.0,0.15,7.0,1.9428487872980982,1.495299714405544,1.910415987800052,1.4795712615556058
189,900.0,3.0,0.175,1.0,1.4964080701336968,1.1660113470350353,1.4551245158700712,1.1492416362676732
190,900.0,3.0,0.175,2.0,1.3292586057576348,1.057508209910151,1.3095782490992156,1.0400703970062632
191,900.0,3.0,0.175,3.0,1.4126245894752174,1.132736181979388,1.4150556018534313,1.1109742754305993
192,900.0,3.0,0.175,4.0,1.5557448472307887,1.21679691848464,1.5400721097237817,1.2150430937417995
193,900.0,3.0,0.175,5.0,1.6197359606467552,1.2680221564293506,1.6210485920226696,1.2741897415885564
194,900.0,3.0,0.175,6.0,1.793423254068611,1.394630995984757,1.7515740805472872,1.347849633863926
195,900.0,3.0,0.175,7.0,2.0245879876559747,1.568744402724403,1.9414357266494355,1.5186305976550554
196,900.0,3.0,0.2,1.0,1.4928325626382768,1.1746835265684807,1.456921247403569,1.1510148439580985
197,900.0,3.0,0.2,2.0,1.2941828793015193,1.0312825872174622,1.2918340613834622,1.024715612933537
198,900.0,3.0,0.2,3.0,1.4600448161055457,1.1476707132657618,1.4467912111730896,1.1390266318836475
199,900.0,3.0,0.2,4.0,1.5524782157283243,1.1979994125582312,1.5419105729593952,1.2091383620620781
200,900.0,3.0,0.2,5.0,1.6343443879789827,1.2790841154601187,1.6619971555197517,1.2985089199501108
201,900.0,3.0,0.2,6.0,1.7715913724128043,1.3784247569421657,1.7224022761755273,1.3489993431059848
202,900.0,3.0,0.2,7.0,2.068015904452565,1.6011714465029931,2.0437583101699164,1.60044546798664
203,900.0,3.0,0.225,1.0,1.5300429822102526,1.2034084725631624,1.5003077950498,1.1863129612272054
204,900.0,3.0,0.225,2.0,1.300635540083107,1.022440817510382,1.2710198393404777,0.9986647388040988
205,900.0,3.0,0.225,3.0,1.4543276048488503,1.1455434377807427,1.424722383827993,1.1287972156554162
206,900.0,3.0,0.225,4.0,1.5617359636421255,1.2056412956582085,1.5754178322632064,1.221245629995876
207,900.0,3.0,0.225,5.0,1.6159784239562824,1.262712495152963,1.5968586981045139,1.2584451539516246
208,900.0,3.0,0.225,6.0,1.8131463116317599,1.381078531129146,1.783381020634763,1.398175980664152
209,900.0,3.0,0.225,7.0,2.1074006382223955,1.666505751291234,2.0298223038220917,1.6014045892360336
210,900.0,3.0,0.25,1.0,1.5114985939329517,1.1967826304271871,1.5006532345593389,1.190258222639581
211,900.0,3.0,0.25,2.0,1.301493010636889,1.0405757919961725,1.3223907343396994,1.0610667673346434
212,900.0,3.0,0.25,3.0,1.42966291536544,1.1240661306197757,1.3955538407001242,1.0881307081291383
213,900.0,3.0,0.25,4.0,1.6340827940577614,1.271026785409924,1.6520661618022663,1.2949420052637652
214,900.0,3.0,0.25,5.0,1.6753433557019084,1.3075192297948606,1.63164456883049,1.2753892885254314
215,900.0,3.0,0.25,6.0,1.7988955310801529,1.3840330490236081,1.8019255473208413,1.416897394405701
216,900.0,3.0,0.25,7.0,2.026740942318173,1.6229891294692531,1.990611756628897,1.5392981629747178
217,900.0,3.0,0.275,1.0,1.4787426256278766,1.1601869097083404,1.4411545994930721,1.1405685760864956
218,900.0,3.0,0.275,2.0,1.3914998929666127,1.1051852750870585,1.3669809771061305,1.0710551070429173
219,900.0,3.0,0.275,3.0,1.513419462229433,1.1941153249573409,1.5494394711046948,1.2323960501054407
220,900.0,3.0,0.275,4.0,1.6100356228282426,1.246589743916024,1.6535593717597104,1.3114817148665014
221,900.0,3.0,0.275,5.0,1.71166471845869,1.3396323755663657,1.7312269086829526,1.3321683551863392
222,900.0,3.0,0.275,6.0,1.9164373899058116,1.476004542499169,1.8861438800847374,1.4806021541231276
223,900.0,3.0,0.275,7.0,2.065615173949289,1.622504363646893,1.9998226172613844,1.5638193942652865
224,900.0,3.0,0.3,1.0,1.501596259421806,1.1874859589737408,1.4596554421973846,1.1551323875685506
225,900.0,3.0,0.3,2.0,1.4042604449783633,1.1248517410019743,1.3901422515206043,1.0960771339058415
226,900.0,3.0,0.3,3.0,1.561721528077899,1.2340295358245288,1.5140959954612458,1.1931860003208825
227,900.0,3.0,0.3,4.0,1.6808249399343027,1.2893853834446682,1.6582032036076366,1.2920309021061744
228,900.0,3.0,0.3,5.0,1.6845506376867454,1.3353087482566712,1.6465277180023106,1.323217153764637
229,900.0,3.0,0.3,6.0,1.8883922243831268,1.4728509764093018,1.8962197187095833,1.4918023949456605
230,900.0,3.0,0.3,7.0,2.1682330058532893,1.7089843157761244,2.039061006602702,1.5939631358215398
231,900.0,4.0,0.05,1.0,1.6970555560299816,1.3428862894032985,1.7254740498520857,1.3682331900490499
232,900.0,4.0,0.05,2.0,1.2822376764100438,1.0341745828384823,1.3172642992680694,1.049667214080545
233,900.0,4.0,0.05,3.0,1.401605294742811,1.1186803236092289,1.4130962174848976,1.1282280088209937
234,900.0,4.0,0.05,4.0,1.5234517605651856,1.195995552604144,1.5159213600810812,1.2006978752429922
235,900.0,4.0,0.05,5.0,1.5763534620752022,1.2226254076619485,1.5961870793477588,1.257434362688602
236,900.0,4.0,0.05,6.0,1.7844134454148757,1.383200131480039,1.7959955838902772,1.3976112566792833
237,900.0,4.0,0.05,7.0,1.9306425026116156,1.498770184561483,1.9329280238520885,1.515459731554192
238,900.0,4.0,0.075,1.0,1.565535577387905,1.2428074432643725,1.5962803288834642,1.2628394980380433
239,900.0,4.0,0.075,2.0,1.299487997977995,1.0517667298367068,1.3291014031415536,1.0544207563438832
240,900.0,4.0,0.075,3.0,1.3885442915828148,1.1027300206497475,1.4088286211621088,1.1167598782589305
241,900.0,4.0,0.075,4.0,1.544620138497083,1.2049832197063783,1.5213099747185876,1.2021084433648026
242,900.0,4.0,0.075,5.0,1.6171933000132463,1.2647216008784323,1.6304932843979942,1.2770268455338434
243,900.0,4.0,0.075,6.0,1.7479167785084362,1.361777711033748,1.7555582993322734,1.3771608620179745
244,900.0,4.0,0.075,7.0,1.9346777851535004,1.4968615681744368,1.933372295264568,1.5040610345983854
245,900.0,4.0,0.1,1.0,1.5674713606243047,1.2447913329053626,1.5991121946867346,1.2668261091963586
246,900.0,4.0,0.1,2.0,1.2787839593419987,1.029372578692546,1.3164026204318968,1.0472191500384913
247,900.0,4.0,0.1,3.0,1.3465174017362194,1.079987840860417,1.3516787936290824,1.086954939969385
248,900.0,4.0,0.1,4.0,1.5683867583338476,1.2403607936498307,1.547870100046986,1.2222890472608166
249,900.0,4.0,0.1,5.0,1.6113230603017945,1.2651731075147603,1.6239499912487165,1.270213900616937
250,900.0,4.0,0.1,6.0,1.7591952856899775,1.3496977972686415,1.771672962921639,1.3902222673501996
251,900.0,4.0,0.1,7.0,1.9691992421646047,1.5222129453035274,1.9392746171726403,1.5234041453616556
252,900.0,4.0,0.125,1.0,1.551056001987639,1.232838035879691,1.5755101517030772,1.2409401316033477
253,900.0,4.0,0.125,2.0,1.3482120482137199,1.0830919268647123,1.3685034270102774,1.0898738695232388
254,900.0,4.0,0.125,3.0,1.3953027155876012,1.1090049685354901,1.398513397766723,1.111535029107119
255,900.0,4.0,0.125,4.0,1.542221929689985,1.2177222651840955,1.5288991763070316,1.2156925075080953
256,900.0,4.0,0.125,5.0,1.607181306020952,1.2592003014935713,1.647496591145513,1.2871461675190325
257,900.0,4.0,0.125,6.0,1.8188796729860743,1.40978585621071,1.8333668061263835,1.4319974891853477
258,900.0,4.0,0.125,7.0,1.8926473614972272,1.470413714235935,1.9213883327932686,1.5098894553199476
259,900.0,4.0,0.15,1.0,1.539721662878516,1.2215518094649926,1.5759804026025155,1.2414180852182053
260,900.0,4.0,0.15,2.0,1.2607830817272454,1.0079113740343337,1.2886272981808493,1.0281339595737409
261,900.0,4.0,0.15,3.0,1.3576189985250235,1.0771549142085324,1.3554048628238913,1.0796609201743008
262,900.0,4.0,0.15,4.0,1.5999640310291539,1.2480164540185879,1.573471526196729,1.2517054693740133
263,900.0,4.0,0.15,5.0,1.5958488741254755,1.2671315594601589,1.6495206906584265,1.2895054771059398
264,900.0,4.0,0.15,6.0,1.78301879169535,1.3749184238681769,1.7780566277651577,1.3853907832381678
265,900.0,4.0,0.15,7.0,2.0788608482213466,1.6032271243671408,2.0041759161644004,1.5562163586620008
266,900.0,4.0,0.175,1.0,1.5692339595988472,1.25057089554329,1.5864320830076242,1.2473658832338352
267,900.0,4.0,0.175,2.0,1.3429170788110396,1.089424424622018,1.3660894603235219,1.1046425307168852
268,900.0,4.0,0.175,3.0,1.4742635807466817,1.1680343154946133,1.4867187834115425,1.1684745641939336
269,900.0,4.0,0.175,4.0,1.572107740938329,1.2376179385880006,1.5494245848638295,1.2331508382739558
270,900.0,4.0,0.175,5.0,1.6186655148720945,1.2669820387587174,1.6520204453390017,1.3054756029421268
271,900.0,4.0,0.175,6.0,1.846464131886439,1.4351333951361034,1.812194284876519,1.4131386997116975
272,900.0,4.0,0.175,7.0,1.9630530413672653,1.5224962671165494,1.913407058850843,1.50443820949767
273,900.0,4.0,0.2,1.0,1.547216122868151,1.229567672031103,1.5693553266301665,1.2340048200297107
274,900.0,4.0,0.2,2.0,1.31184470031881,1.0508921362695878,1.3044986249130655,1.0402766671039576
275,900.0,4.0,0.2,3.0,1.5367202512876788,1.2146456541479944,1.5244568235965856,1.2271364663213045
276,900.0,4.0,0.2,4.0,1.6294752545314175,1.27240924229441,1.6078104297130844,1.2658920591768208
277,900.0,4.0,0.2,5.0,1.6709455003936977,1.3045563056290619,1.6800176502653905,1.3059779012844912
278,900.0,4.0,0.2,6.0,1.7911700245980586,1.393755970544033,1.7720562645049314,1.3762166498288488
279,900.0,4.0,0.2,7.0,1.9895394927105456,1.5716587278832812,1.904804127931167,1.50762939899327
280,900.0,4.0,0.225,1.0,1.6053648307703372,1.27983283306902,1.6378355657694386,1.2990827258901008
281,900.0,4.0,0.225,2.0,1.2746755245391705,1.0207266079307038,1.2875919583529556,1.037104240671453
282,900.0,4.0,0.225,3.0,1.4745860708217078,1.162591313963193,1.506969478090086,1.1939883800851876
283,900.0,4.0,0.225,4.0,1.5673184989173818,1.2136017568275466,1.568151052752101,1.2329889492836208
284,900.0,4.0,0.225,5.0,1.7052117379651772,1.3377535734328054,1.6479692990102885,1.2931565309846023
285,900.0,4.0,0.225,6.0,1.807079661244924,1.4225920286723,1.7340094130583497,1.3472783263472725
286,900.0,4.0,0.225,7.0,1.9769332805056037,1.5424768420165667,1.9610589072901599,1.5271841669243527
287,900.0,4.0,0.25,1.0,1.586521676699886,1.265317363804551,1.6138274290249044,1.275590376097296
288,900.0,4.0,0.25,2.0,1.3345904455596433,1.067649454087482,1.356280647471078,1.082172315933293
289,900.0,4.0,0.25,3.0,1.4946551908015389,1.1859906767648283,1.5196244443382918,1.2079637502853389
290,900.0,4.0,0.25,4.0,1.6464483544247757,1.2834146374961515,1.6552704490538523,1.2935154673657079
291,900.0,4.0,0.25,5.0,1.721236599772911,1.3332625192250316,1.7009040391283623,1.3347582104075284
292,900.0,4.0,0.25,6.0,1.8092098968435968,1.425297798041583,1.8175558177645192,1.4245698584004625
293,900.0,4.0,0.25,7.0,2.1160248187481674,1.665093837343715,2.0307590392646278,1.581408156028643
294,900.0,4.0,0.275,1.0,1.5293280605662318,1.2108646943142463,1.5655554832925924,1.2316767220673202
295,900.0,4.0,0.275,2.0,1.3445723894997281,1.0707813884380712,1.3467450688921974,1.0848230741850324
296,900.0,4.0,0.275,3.0,1.559957935019366,1.23182210430157,1.5693146902606157,1.249303107432544
297,900.0,4.0,0.275,4.0,1.6935635997158127,1.319338894361094,1.6602622087741907,1.3173076867068012
298,900.0,4.0,0.275,5.0,1.7511069044222758,1.381582994167744,1.719740723150878,1.3541519784669007
299,900.0,4.0,0.275,6.0,1.8306450977032063,1.425214529753352,1.8603444061414585,1.4578582959494046
300,900.0,4.0,0.275,7.0,2.056810328713175,1.594410903565426,1.996188074457525,1.5752684999860003
301,900.0,4.0,0.3,1.0,1.5789031053493043,1.2520064272761402,1.6217868354075644,1.2759902316856815
302,900.0,4.0,0.3,2.0,1.3847871409103527,1.1203817228167319,1.3901200219217487,1.1126761708718655
303,900.0,4.0,0.3,3.0,1.569466360816597,1.25471481994988,1.6098225612363335,1.273601338112268
304,900.0,4.0,0.3,4.0,1.7474734423471812,1.3719573188869085,1.734509676596511,1.3768414253474053
305,900.0,4.0,0.3,5.0,1.8385641343574144,1.433786218403517,1.7864440810754239,1.4068843532188888
306,900.0,4.0,0.3,6.0,1.9209991830581965,1.5170035620740487,1.863752157646677,1.4843852650842433
307,900.0,4.0,0.3,7.0,2.1965836552552407,1.7277642984174204,2.140187132016584,1.6623654001086914
308,900.0,5.0,0.05,1.0,1.7935686918751772,1.4093226336181093,1.8448795366162343,1.4601388897358956
309,900.0,5.0,0.05,2.0,1.2810202721459802,1.0401079699043316,1.33052362396751,1.06034697842213
310,900.0,5.0,0.05,3.0,1.4066688746025149,1.1150763125871226,1.4142478394868725,1.121793714968197
311,900.0,5.0,0.05,4.0,1.451383452435804,1.13884684168817,1.4430651823950296,1.1374094190633832
312,900.0,5.0,0.05,5.0,1.5450207122969124,1.1992804608484202,1.5472330627878041,1.2026843079034268
313,900.0,5.0,0.05,6.0,1.7400126452258688,1.3594986103796705,1.7407379444055053,1.364507201967474
314,900.0,5.0,0.05,7.0,1.9393755469792744,1.5051938831777312,1.9134931452525774,1.5022650139051297
315,900.0,5.0,0.075,1.0,1.6790945308461058,1.3197814437861648,1.7357515808927895,1.3735767169810906
316,900.0,5.0,0.075,2.0,1.290564207641072,1.043967076395647,1.3319369344364287,1.0567995406437751
317,900.0,5.0,0.075,3.0,1.405953397472623,1.1193867554707222,1.4164662444681446,1.1268991456363102
318,900.0,5.0,0.075,4.0,1.4852004698049417,1.1677934106804646,1.463605177526134,1.1606490945649157
319,900.0,5.0,0.075,5.0,1.5840793781627243,1.2343424204063629,1.5823257551092087,1.224608693704212
320,900.0,5.0,0.075,6.0,1.7364177820734334,1.3548879661513806,1.7567264784331547,1.3783782292875166
321,900.0,5.0,0.075,7.0,1.9929536467062403,1.54619057337293,1.9611087377153615,1.5257614156301187
322,900.0,5.0,0.1,1.0,1.7112054549281392,1.3478275745399264,1.7740801816755711,1.4061780374880077
323,900.0,5.0,0.1,2.0,1.2536543886188707,1.0083116046711187,1.2993444043162334,1.0387595633554785
324,900.0,5.0,0.1,3.0,1.399345468404351,1.1015858127961915,1.4089591936393149,1.1179214159148785
325,900.0,5.0,0.1,4.0,1.4282027673670878,1.1219997346811723,1.4207627336860973,1.121288305234325
326,900.0,5.0,0.1,5.0,1.6189327941012044,1.2726724154611606,1.601379037775787,1.2541991214467048
327,900.0,5.0,0.1,6.0,1.7471099225453617,1.3563408904217271,1.7928878028673165,1.4005721118272436
328,900.0,5.0,0.1,7.0,1.9140038319212538,1.4908387312386953,1.911465554638568,1.4913354131229286
329,900.0,5.0,0.125,1.0,1.7094095437898558,1.3432403235423889,1.7614790022729565,1.3914152788341072
330,900.0,5.0,0.125,2.0,1.2705557901054798,1.0328057447707402,1.3297046421540415,1.0615034144195201
331,900.0,5.0,0.125,3.0,1.4408872352227253,1.1410249966650254,1.4466729220821046,1.159194414601543
332,900.0,5.0,0.125,4.0,1.5102887300047847,1.1830020379457349,1.5323269552051912,1.2115289156665923
333,900.0,5.0,0.125,5.0,1.5919508727478808,1.2541747629834274,1.5949616565282134,1.2449018806526122
334,900.0,5.0,0.125,6.0,1.7807056296744934,1.4066291747041515,1.7905975199400819,1.407186666222051
335,900.0,5.0,0.125,7.0,1.9777426485866467,1.5465793680505286,1.9413666747844591,1.529562558853186
336,900.0,5.0,0.15,1.0,1.6760218338234654,1.3195685968201956,1.7301084396530553,1.3690714536290625
337,900.0,5.0,0.15,2.0,1.2893219696549183,1.046261702660874,1.3416139408041992,1.0657871377096682
338,900.0,5.0,0.15,3.0,1.4676020281236395,1.166877866028059,1.4697817936429853,1.1680916374874855
339,900.0,5.0,0.15,4.0,1.4836466831714936,1.161375513983372,1.4837121538109772,1.1783312010484777
340,900.0,5.0,0.15,5.0,1.653707735350849,1.2978644080837902,1.6202375186018902,1.2694696311709126
341,900.0,5.0,0.15,6.0,1.7744294915602143,1.393460925664076,1.7757074707325944,1.3922192740993042
342,900.0,5.0,0.15,7.0,1.9009713201128906,1.4813530037947302,1.903321429912284,1.4921633281975282
343,900.0,5.0,0.175,1.0,1.6822099717151364,1.3190930472033169,1.7379661355545648,1.3703410345692513
344,900.0,5.0,0.175,2.0,1.2876253112829934,1.0327599379046473,1.3606799487502401,1.0750407914380726
345,900.0,5.0,0.175,3.0,1.4216225250965506,1.1075134397435482,1.4038191539555394,1.1119325560145867
346,900.0,5.0,0.175,4.0,1.4939524405034048,1.17816110381418,1.47375100905326,1.1677357854446924
347,900.0,5.0,0.175,5.0,1.6250386917199329,1.27083482343734,1.6416384653503415,1.2954489100252022
348,900.0,5.0,0.175,6.0,1.8077434309370226,1.4052859320488091,1.821373150397604,1.4171404624995383
349,900.0,5.0,0.175,7.0,1.9458873152613696,1.5176805751671592,1.9705519048779196,1.5479352210155244
350,900.0,5.0,0.2,1.0,1.666759128565483,1.3144516718394557,1.7055438061131611,1.345411941801859
351,900.0,5.0,0.2,2.0,1.3538440639576783,1.088557575705784,1.4016808802906509,1.1000864477629353
352,900.0,5.0,0.2,3.0,1.4950496247254486,1.1853806429336655,1.476502480631746,1.1845142918977463
353,900.0,5.0,0.2,4.0,1.5705767553756576,1.2393122577188656,1.5374456921501023,1.2000760794971428
354,900.0,5.0,0.2,5.0,1.670297391071907,1.296673317082369,1.6704647489969269,1.3139440942239946
355,900.0,5.0,0.2,6.0,1.861693055296357,1.45652371390185,1.8855788529400346,1.464650965377444
356,900.0,5.0,0.2,7.0,2.015961732936783,1.5777399808255839,2.044190192392189,1.602232026904297
357,900.0,5.0,0.225,1.0,1.7040137718864494,1.3327399879380424,1.7531887026433615,1.3871882262776898
358,900.0,5.0,0.225,2.0,1.314459145526776,1.058537033211741,1.3938448519951934,1.0994478446655738
359,900.0,5.0,0.225,3.0,1.5947061204732698,1.270814606684009,1.5331570208176224,1.2183822014382992
360,900.0,5.0,0.225,4.0,1.518414011591084,1.182872653681206,1.51577798345763,1.1833520340698505
361,900.0,5.0,0.225,5.0,1.7100086326777832,1.337726351990712,1.6652353204995347,1.3131734829648594
362,900.0,5.0,0.225,6.0,1.8658343559845276,1.4633426660046267,1.8830386706555606,1.475322315414004
363,900.0,5.0,0.225,7.0,2.0371100444956878,1.5800308197572444,2.0399434478150846,1.6024119377211972
364,900.0,5.0,0.25,1.0,1.7324079910502816,1.3525475284577064,1.7833293143398572,1.4063125180010292
365,900.0,5.0,0.25,2.0,1.2765470994341375,1.0138154156150503,1.3393024632505677,1.0568206450860613
366,900.0,5.0,0.25,3.0,1.4114414922767085,1.124751944868121,1.4426624745084289,1.1570258711260153
367,900.0,5.0,0.25,4.0,1.561123494297458,1.2309143462305714,1.5676624535490187,1.2334931988082234
368,900.0,5.0,0.25,5.0,1.7224432657123059,1.340569977488106,1.6909287571000955,1.3171994577087798
369,900.0,5.0,0.25,6.0,1.962198667794675,1.5343150946347572,1.9509204178533064,1.5282884972155317
370,900.0,5.0,0.25,7.0,2.090863181559622,1.6284129364980455,2.071282022335984,1.6208020961157594
371,900.0,5.0,0.275,1.0,1.6927127363268941,1.3394662562013013,1.7434538479246504,1.3771758804628988
372,900.0,5.0,0.275,2.0,1.3367988180924206,1.080789911288996,1.3422735995777917,1.0762545024262764
373,900.0,5.0,0.275,3.0,1.4639112540366173,1.1569704304699504,1.4601996651379625,1.169368586334413
374,900.0,5.0,0.275,4.0,1.561652610226312,1.244134186196838,1.5425912182085202,1.2248078236545172
375,900.0,5.0,0.275,5.0,1.7861774695926407,1.39583166730073,1.7334050447692664,1.3586969226807106
376,900.0,5.0,0.275,6.0,1.9529997666122836,1.5397479048310907,1.9171051527196645,1.5131450691381638
377,900.0,5.0,0.275,7.0,2.0415119536511943,1.5843113996364417,2.005308636536298,1.5724246311918935
378,900.0,5.0,0.3,1.0,1.6753118214342895,1.3173483739141012,1.702727846678953,1.3370226303031953
379,900.0,5.0,0.3,2.0,1.3436884964621645,1.0852742719670287,1.3767038780816014,1.1006247458899991
380,900.0,5.0,0.3,3.0,1.4290036341550594,1.1271196727065615,1.4099130419362291,1.1152208499636174
381,900.0,5.0,0.3,4.0,1.584268742167681,1.2421167304043006,1.5810069239241342,1.2538063013901262
382,900.0,5.0,0.3,5.0,1.7281408146047041,1.360278260928311,1.7631356970663585,1.399754293739479
383,900.0,5.0,0.3,6.0,1.9427581891308234,1.5319041863395464,1.9000831579112318,1.4989330094348385
384,900.0,5.0,0.3,7.0,2.041619069620167,1.5976634161056795,2.065028445333642,1.6038098396653544
385,900.0,6.0,0.05,1.0,1.9492319858727207,1.537034895621069,1.9852177250913225,1.5582591668697947
386,900.0,6.0,0.05,2.0,1.447218452408805,1.1596263676468452,1.5038144104416793,1.1917901165498668
387,900.0,6.0,0.05,3.0,1.5087498784075248,1.1921718410378275,1.5096319579905118,1.21139081816932
388,900.0,6.0,0.05,4.0,1.5065035951454968,1.1718849424013955,1.5167135770826072,1.2005372261268317
389,900.0,6.0,0.05,5.0,1.617588896431223,1.2649435924130128,1.6184248941229462,1.2677942686972006
390,900.0,6.0,0.05,6.0,1.8245457138570824,1.4182046705738953,1.8280442932578769,1.4188762124181549
391,900.0,6.0,0.05,7.0,1.9986491289575448,1.5647635836880438,1.9645416604257084,1.5400637136145963
392,900.0,6.0,0.075,1.0,1.9128513747024365,1.5112675103688762,1.9492912911603852,1.531845971266533
393,900.0,6.0,0.075,2.0,1.3886942524170627,1.1125529275655937,1.4392829436745296,1.1383143564338332
394,900.0,6.0,0.075,3.0,1.491441866979937,1.1777965506885826,1.494851875111529,1.1997644744538003
395,900.0,6.0,0.075,4.0,1.569713655470067,1.2260866217413358,1.574917578590277,1.2424487588259923
396,900.0,6.0,0.075,5.0,1.6385112195949065,1.278884331439435,1.6032758209971392,1.2649426036920355
397,900.0,6.0,0.075,6.0,1.8297776052137733,1.4351499637871727,1.8434770819573005,1.444210954159684
398,900.0,6.0,0.075,7.0,1.983898175297807,1.5523077958598532,1.9740622483090584,1.5494302593671445
399,900.0,6.0,0.1,1.0,1.8450081734613262,1.4548066635071268,1.8650107374908709,1.4540604556161656
400,900.0,6.0,0.1,2.0,1.4164288880245097,1.1286920184982887,1.4547520838172545,1.1555889073505792
401,900.0,6.0,0.1,3.0,1.5278079729745473,1.2128576113894465,1.5401996737819326,1.2351295111523026
402,900.0,6.0,0.1,4.0,1.5459083435722776,1.204926588191445,1.5475484554142485,1.2205679543653936
403,900.0,6.0,0.1,5.0,1.6232167945115394,1.2692883015463439,1.631385786990995,1.27191056329156
404,900.0,6.0,0.1,6.0,1.8243314065028586,1.4234435802953003,1.804508222639805,1.4117615410800153
405,900.0,6.0,0.1,7.0,1.9877979150230192,1.557868632238207,1.9771997547807652,1.5513408629580872
406,900.0,6.0,0.125,1.0,1.8855098322541335,1.4885860609776502,1.9187323810260195,1.5082421868304763
407,900.0,6.0,0.125,2.0,1.402889897607528,1.114517874212655,1.4562338884635526,1.1481661411053177
408,900.0,6.0,0.125,3.0,1.5083330131628143,1.188912952852498,1.4933372727283958,1.1949036354481577
409,900.0,6.0,0.125,4.0,1.5314019543002333,1.1939222707912456,1.5377455740904835,1.228584196341355
410,900.0,6.0,0.125,5.0,1.6998599595914512,1.3336754805517148,1.683298831147061,1.3192861294499494
411,900.0,6.0,0.125,6.0,1.798326141813246,1.3964254446771,1.8000460500838957,1.4122511061586955
412,900.0,6.0,0.125,7.0,1.9711547871665889,1.547489273703035,1.9641987421777165,1.5523454785806963
413,900.0,6.0,0.15,1.0,1.8959243297896884,1.4931391592011434,1.9296899778320644,1.5119860843349218
414,900.0,6.0,0.15,2.0,1.408167822040695,1.116041197165362,1.4520208605045049,1.1521420034864107
415,900.0,6.0,0.15,3.0,1.5315398827579734,1.2170300437416246,1.5434368134334528,1.2307444026890542
416,900.0,6.0,0.15,4.0,1.5449928905407226,1.20331611964563,1.5735270896386926,1.237990121534997
417,900.0,6.0,0.15,5.0,1.715856948132866,1.3430183648994518,1.7406442058990808,1.3608071825719472
418,900.0,6.0,0.15,6.0,1.8447198113552061,1.4348643774006709,1.8508422502702144,1.4458060120690321
419,900.0,6.0,0.15,7.0,1.9770867206056164,1.5357210159817551,1.9828505994980685,1.576107214430997
420,900.0,6.0,0.175,1.0,1.8525511323726118,1.4621208819693456,1.8613173314273004,1.4556842878807283
421,900.0,6.0,0.175,2.0,1.4219498020574395,1.1374512268141626,1.4311436880409174,1.12885226075706
422,900.0,6.0,0.175,3.0,1.5517270679880926,1.2210638990724005,1.57183989899957,1.2540434720313343
423,900.0,6.0,0.175,4.0,1.5787269340241088,1.236354457371786,1.5847128633142116,1.26034955662131
424,900.0,6.0,0.175,5.0,1.687457595156193,1.325363952014413,1.6839237668476232,1.3177567213850356
425,900.0,6.0,0.175,6.0,1.8528742261513116,1.4401938729719586,1.8653046523225836,1.4661610697814214
426,900.0,6.0,0.175,7.0,2.0654492846584027,1.6132183499325814,2.045986204165063,1.614664926253738
427,900.0,6.0,0.2,1.0,1.832887473754264,1.44839287256932,1.8780714576378938,1.480186693491542
428,900.0,6.0,0.2,2.0,1.3943559349848602,1.108869978554115,1.4416489748384642,1.1454116484186923
429,900.0,6.0,0.2,3.0,1.6166838107391757,1.2782166186115953,1.5554610724366078,1.2459945246015331
430,900.0,6.0,0.2,4.0,1.592303841463988,1.2348116307620476,1.5791812537202194,1.2428865491715875
431,900.0,6.0,0.2,5.0,1.699754570470838,1.3295818965676456,1.6515349150515224,1.2961197416504202
432,900.0,6.0,0.2,6.0,1.8911549332000974,1.4703088453019122,1.8382098618966143,1.4449225180807075
433,900.0,6.0,0.2,7.0,2.058319488734398,1.6210976290677728,2.026105055198558,1.6017445866966218
434,900.0,6.0,0.225,1.0,1.922093597481007,1.5201054014295292,1.9462315822790528,1.5322046047802382
435,900.0,6.0,0.225,2.0,1.4633425858035247,1.173858190243245,1.471914536744635,1.1619070100293063
436,900.0,6.0,0.225,3.0,1.5491357311932854,1.2219016255844048,1.5324112709751,1.2346352216481473
437,900.0,6.0,0.225,4.0,1.684849165705563,1.3239523728466138,1.679434011379615,1.3424126294291334
438,900.0,6.0,0.225,5.0,1.8100200369534545,1.4086431722465262,1.8038645616805944,1.3952187359548938
439,900.0,6.0,0.225,6.0,1.9505578356235245,1.5290930564827747,1.9454152985505195,1.52930133502832
440,900.0,6.0,0.225,7.0,2.114268292103983,1.660515661879967,2.03955890948548,1.6112755691360114
441,900.0,6.0,0.25,1.0,1.889238825930944,1.490790945588573,1.8999784888483648,1.4890758990902837
442,900.0,6.0,0.25,2.0,1.403523151401278,1.1159102506538952,1.434942823719583,1.135962881527034
443,900.0,6.0,0.25,3.0,1.6038160610943268,1.2663698313223963,1.5760331936435645,1.2670679579182924
444,900.0,6.0,0.25,4.0,1.6617635910212616,1.3069630154286893,1.6782098096104265,1.320325108500836
445,900.0,6.0,0.25,5.0,1.801649428315931,1.4202485645356424,1.7929331092828886,1.398582589481962
446,900.0,6.0,0.25,6.0,1.9423219098277615,1.5276555761093022,1.9143251316041963,1.5038421065126248
447,900.0,6.0,0.25,7.0,2.04941313340209,1.617563680388144,2.0652019028219843,1.6388802076027427
448,900.0,6.0,0.275,1.0,1.9010308379886887,1.4997034694423563,1.8980190150164644,1.4845549864701775
449,900.0,6.0,0.275,2.0,1.4782389013043506,1.1675311474083137,1.47085762845834,1.1671202766478972
450,900.0,6.0,0.275,3.0,1.6708653532368507,1.330388228625463,1.6650954256778963,1.3448051526375369
451,900.0,6.0,0.275,4.0,1.7066757337822962,1.3125949579696976,1.7417805674197777,1.3603927416330226
452,900.0,6.0,0.275,5.0,1.802061411853166,1.3937554119815676,1.8246084237980786,1.4158494323019855
453,900.0,6.0,0.275,6.0,1.9535043575153244,1.5299127891513424,1.982772495688871,1.564042453735874
454,900.0,6.0,0.275,7.0,2.1808304350613685,1.6751233724466517,2.125335942084954,1.6701509927068674
455,900.0,6.0,0.3,1.0,1.8728141894245767,1.474699996350441,1.8910676009391518,1.4894818999171466
456,900.0,6.0,0.3,2.0,1.4248772644158985,1.1249165686995768,1.4484780170983276,1.1449910317582148
457,900.0,6.0,0.3,3.0,1.502602237645181,1.2062418863216073,1.4799349716952033,1.1873393523703755
458,900.0,6.0,0.3,4.0,1.8007108242696022,1.3892811504108944,1.8038534925808223,1.427248342652816
459,900.0,6.0,0.3,5.0,1.8173914626464625,1.4376913049174505,1.7799483962334792,1.3867416825445278
460,900.0,6.0,0.3,6.0,2.0647166952239506,1.6090113783900366,2.00880298488783,1.5613945410955687
461,900.0,6.0,0.3,7.0,2.2067928318985808,1.7120637242886214,2.2069885961115805,1.7369220810240371
462,900.0,7.0,0.05,1.0,1.9995216734182462,1.5757919120447343,2.0388878996805304,1.6037776303787705
463,900.0,7.0,0.05,2.0,1.3843325888410294,1.1111252823352904,1.4286864909837143,1.1262297902258611
464,900.0,7.0,0.05,3.0,1.4889558449091091,1.1873341682146155,1.5040646529507649,1.211496654839308
465,900.0,7.0,0.05,4.0,1.4968386527475641,1.1727175290556155,1.5134716591192456,1.1927516658261927
466,900.0,7.0,0.05,5.0,1.683994601704109,1.3135923279623507,1.6687453424103007,1.3061999877451203
467,900.0,7.0,0.05,6.0,1.8299085269440052,1.435542732810274,1.8181933677452644,1.421738575357385
468,900.0,7.0,0.05,7.0,1.9690359671071518,1.5362106413219907,1.9522566521513003,1.529655104616054
469,900.0,7.0,0.075,1.0,1.970267490204686,1.5565449665116302,2.005053596813056,1.574553304637903
470,900.0,7.0,0.075,2.0,1.4202637827267253,1.1378444336709759,1.4685920210299543,1.163242427734318
471,900.0,7.0,0.075,3.0,1.4960044031867503,1.184028681037653,1.5049512232632987,1.2102187216474674
472,900.0,7.0,0.075,4.0,1.552390310759182,1.2131575602280933,1.5643801079795991,1.23693408185224
473,900.0,7.0,0.075,5.0,1.6986612439818691,1.3330950072489718,1.6840228339843368,1.316464800387522
474,900.0,7.0,0.075,6.0,1.8241216018211976,1.4262562841152193,1.8159611250434484,1.4098083920470097
475,900.0,7.0,0.075,7.0,1.985008480705036,1.5665088462001222,1.9686522782829405,1.5676504536417883
476,900.0,7.0,0.1,1.0,1.9719520215249005,1.5569634699749626,2.0205130725418154,1.5928081064028934
477,900.0,7.0,0.1,2.0,1.3830075905678372,1.10294854588508,1.4156303375126313,1.119106981104993
478,900.0,7.0,0.1,3.0,1.5102679576812497,1.2021296957437726,1.5063836207914305,1.2175703591893794
479,900.0,7.0,0.1,4.0,1.5453816050763771,1.2098723673967748,1.5518786860315985,1.231228042486906
480,900.0,7.0,0.1,5.0,1.7103362961454822,1.3283776313071827,1.6956201194735459,1.3298261898881243
481,900.0,7.0,0.1,6.0,1.8389928462992777,1.41959040695499,1.8207824390128162,1.4202677047407302
482,900.0,7.0,0.1,7.0,1.9170723787020578,1.5024973357897133,1.8899195021316721,1.4935415975629558
483,900.0,7.0,0.125,1.0,1.9922581894382891,1.5709998051161553,2.0473582206886785,1.6147050681426718
484,900.0,7.0,0.125,2.0,1.4302149039398862,1.1423787977305468,1.486644196346072,1.1770586199726036
485,900.0,7.0,0.125,3.0,1.512846322776221,1.2051438911958303,1.5124245533154335,1.219083301322731
486,900.0,7.0,0.125,4.0,1.602545990713563,1.2431350317189032,1.6047624890187702,1.259729942087501
487,900.0,7.0,0.125,5.0,1.7393464368035156,1.364158207011391,1.7067194604446816,1.3375965523236988
488,900.0,7.0,0.125,6.0,1.8463416807005704,1.4363602736777057,1.8633481025135141,1.456786821502083
489,900.0,7.0,0.125,7.0,2.059753236741317,1.6246168437811703,2.041845352254479,1.6201932095049152
490,900.0,7.0,0.15,1.0,1.9764294138062288,1.560414947591698,2.007304482863775,1.5802598366322247
491,900.0,7.0,0.15,2.0,1.3793301802719162,1.1002318845039831,1.4281606528784305,1.1305147836588967
492,900.0,7.0,0.15,3.0,1.5099971484938666,1.1970813128816848,1.4992390681240673,1.2072136452424032
493,900.0,7.0,0.15,4.0,1.621895682296684,1.2595954998659737,1.6036611834510037,1.2583246125134642
494,900.0,7.0,0.15,5.0,1.7392846833641857,1.3545213782868013,1.7193545760133986,1.3340391540508854
495,900.0,7.0,0.15,6.0,1.9286392509995873,1.5042946368678847,1.8953603257897287,1.4942344459650236
496,900.0,7.0,0.15,7.0,2.0207324492275536,1.5695676803908538,2.0623698292107897,1.6193428571402804
497,900.0,7.0,0.175,1.0,1.8736087776907953,1.4712215899983738,1.917740591896685,1.5004726262893586
498,900.0,7.0,0.175,2.0,1.4550658747826868,1.151451409173519,1.5022785121289288,1.186917677861722
499,900.0,7.0,0.175,3.0,1.5230297718515646,1.202533518873499,1.5475779046827567,1.2394279381560862
500,900.0,7.0,0.175,4.0,1.616995910241563,1.2528085110679155,1.641933455509763,1.2986111305197512
501,900.0,7.0,0.175,5.0,1.7306373058089735,1.323993569377986,1.7037125573646332,1.318386287057041
502,900.0,7.0,0.175,6.0,1.9488050045221452,1.5040014450157742,1.8783634561937357,1.4704117696476229
503,900.0,7.0,0.175,7.0,2.0028465554153603,1.549811559342053,1.9789286243785518,1.5744678159836307
504,900.0,7.0,0.2,1.0,1.9534747809696327,1.5410969562283172,1.9750181504853193,1.553589911167376
505,900.0,7.0,0.2,2.0,1.5473745767849014,1.230784250377394,1.6149462119033433,1.287814619471726
506,900.0,7.0,0.2,3.0,1.5633913177241425,1.2365361886627497,1.5912095517332985,1.2845461192813417
507,900.0,7.0,0.2,4.0,1.6622086830006693,1.304634744952857,1.675748024341826,1.332244955706325
508,900.0,7.0,0.2,5.0,1.7882026771651423,1.390665639568946,1.7547989630708916,1.3828262645785099
509,900.0,7.0,0.2,6.0,1.9468496565473408,1.5166719695587956,1.8930341054335302,1.5061625109724857
510,900.0,7.0,0.2,7.0,2.013105754409039,1.5781953675987943,2.053589230970777,1.609527340889851
511,900.0,7.0,0.225,1.0,1.930332285013881,1.5201923334323857,1.9773153572655384,1.5585746668180804
512,900.0,7.0,0.225,2.0,1.4341981495784464,1.1370886330973575,1.4281760746266714,1.1234494032545617
513,900.0,7.0,0.225,3.0,1.5750548816980983,1.2432617301988045,1.5912651407739997,1.2688831764718789
514,900.0,7.0,0.225,4.0,1.5777702196692442,1.2377327336625896,1.5976484498668682,1.2666463294358332
515,900.0,7.0,0.225,5.0,1.7685061146672307,1.3639051132559787,1.7186437811116002,1.3388632516141032
516,900.0,7.0,0.225,6.0,1.8694649704811301,1.4448226278045309,1.9053079438547285,1.5027206131271083
517,900.0,7.0,0.225,7.0,2.0314456137177217,1.592279742832293,1.9986262575851108,1.5694225107365205
518,900.0,7.0,0.25,1.0,1.9423177241904708,1.532238068126296,1.9745198437941398,1.5533799955055239
519,900.0,7.0,0.25,2.0,1.3760224881136076,1.104210938328613,1.372399412590451,1.088826123909382
520,900.0,7.0,0.25,3.0,1.6402027741844052,1.2809816139333399,1.6026650733198948,1.27329967848326
521,900.0,7.0,0.25,4.0,1.680088145346751,1.2935636747785935,1.6548061068030409,1.3106940519895016
522,900.0,7.0,0.25,5.0,1.7986069621005172,1.414833834237102,1.7508614877944864,1.3875888122855558
523,900.0,7.0,0.25,6.0,1.99093418331027,1.5456790574707977,1.9672513884283267,1.5488317674599756
524,900.0,7.0,0.25,7.0,2.038533222994074,1.5952950304589617,2.042808046763313,1.6002126349913675
525,900.0,7.0,0.275,1.0,1.9624853781306417,1.5534841750748347,1.968255088039385,1.5345506836662717
526,900.0,7.0,0.275,2.0,1.4591708407464592,1.1585862099034243,1.4892140852753781,1.1866015932021345
527,900.0,7.0,0.275,3.0,1.557015497171226,1.2448522500542611,1.5620355519012101,1.2622606489016717
528,900.0,7.0,0.275,4.0,1.607154641572274,1.2452018254510668,1.6195858732613932,1.2688217149243428
529,900.0,7.0,0.275,5.0,1.7820601710392117,1.3882304166911583,1.7166529056216444,1.3560650046533
530,900.0,7.0,0.275,6.0,2.0202286970511225,1.5637312804231787,1.9919465638791072,1.5675321085786895
531,900.0,7.0,0.275,7.0,2.1388922577235583,1.670694864261561,2.121884246996662,1.659895062834054
532,900.0,7.0,0.3,1.0,1.9053787079271614,1.5001239584663073,1.9276570450050856,1.5134500005213471
533,900.0,7.0,0.3,2.0,1.453779765374539,1.177387255166003,1.4931184123587207,1.1879502890452878
534,900.0,7.0,0.3,3.0,1.525252671094463,1.2029269463455798,1.5123246887923474,1.2014110391732764
535,900.0,7.0,0.3,4.0,1.8213851576786022,1.4293414399931166,1.776815874738449,1.401062126972713
536,900.0,7.0,0.3,5.0,1.8229259690745367,1.4149242606594288,1.7962333716557757,1.4274545414676754
537,900.0,7.0,0.3,6.0,1.9740830688513957,1.5417728604946128,1.94161269144206,1.5119550226906817
538,900.0,7.0,0.3,7.0,2.127291032978699,1.660657719329954,2.1121916665199287,1.6582623863905666
539,900.0,8.0,0.05,1.0,2.0240152694573967,1.5856470104116183,2.033960585914104,1.609822553055114
540,900.0,8.0,0.05,2.0,1.377040109461983,1.0956753321187105,1.4054647429224647,1.1157484790016072
541,900.0,8.0,0.05,3.0,1.46796895081291,1.1600699923531992,1.4753431190361983,1.1852444543444185
542,900.0,8.0,0.05,4.0,1.5689452792453205,1.2239266636633432,1.5680275694144703,1.2384437351825603
543,900.0,8.0,0.05,5.0,1.652731132916866,1.29407509568843,1.6412272248742072,1.2888302324002867
544,900.0,8.0,0.05,6.0,1.7966010434746043,1.3952146373914043,1.8391615423806362,1.44251526230712
545,900.0,8.0,0.05,7.0,1.906018870117724,1.4650233671397563,1.9310133334867432,1.512298088071991
546,900.0,8.0,0.075,1.0,1.9911271141010412,1.561463326576889,1.994918284809635,1.576115291336025
547,900.0,8.0,0.075,2.0,1.3919126715118353,1.0990651070338868,1.4097454522767354,1.1160052499468582
548,900.0,8.0,0.075,3.0,1.502323630699962,1.1816611895018168,1.5179556471803366,1.2226293716102135
549,900.0,8.0,0.075,4.0,1.5525140375527942,1.2125077461395448,1.5610510965761448,1.2347036203879842
550,900.0,8.0,0.075,5.0,1.7061218879677265,1.3321432884256523,1.6880837876031771,1.3203304036697703
551,900.0,8.0,0.075,6.0,1.7852211750293676,1.3831221590550107,1.7958345195240195,1.4122113574167816
552,900.0,8.0,0.075,7.0,1.9465180702995606,1.514458172821276,1.9726662083327664,1.5491156951751486
553,900.0,8.0,0.1,1.0,1.994226127024708,1.566666623353867,2.0082586359102863,1.5858185103551987
554,900.0,8.0,0.1,2.0,1.3765046125421738,1.104049313215775,1.3882157808795315,1.098280147660425
555,900.0,8.0,0.1,3.0,1.4633433181400306,1.153004904314725,1.48221565181646,1.1917867379019271
556,900.0,8.0,0.1,4.0,1.6105396733964898,1.2630196454276403,1.6264214280385565,1.2844577263478398
557,900.0,8.0,0.1,5.0,1.6667669567684746,1.3000124712084224,1.6842400681180885,1.3065825587807876
558,900.0,8.0,0.1,6.0,1.8314580085031682,1.4374354833228882,1.8547601597057184,1.4470063054580473
559,900.0,8.0,0.1,7.0,1.939366966825208,1.5240479014853567,1.9659443272813266,1.5553054864055584
560,900.0,8.0,0.125,1.0,1.9817922200696496,1.5512806456525536,1.99756089359222,1.5783698349029447
561,900.0,8.0,0.125,2.0,1.3972371582478194,1.1115125366012197,1.4210341857644697,1.1232231829538495
562,900.0,8.0,0.125,3.0,1.4769828043233268,1.1668330490316718,1.475890146853487,1.1896133398700486
563,900.0,8.0,0.125,4.0,1.5763887743622493,1.2337851064018677,1.577343670333035,1.2454616204301883
564,900.0,8.0,0.125,5.0,1.6684252542712827,1.3121317852799101,1.654822605639465,1.3172341580289213
565,900.0,8.0,0.125,6.0,1.834521477423873,1.4301176531255362,1.8508747213023786,1.4538682405164844
566,900.0,8.0,0.125,7.0,1.993008659237019,1.5556038402958803,1.9620479580410648,1.5623895354456205
567,900.0,8.0,0.15,1.0,2.085018505062659,1.6296606841688233,2.10078167061423,1.6616476440324655
568,900.0,8.0,0.15,2.0,1.3203124704386149,1.0520527096601864,1.329892837705429,1.0532091486750597
569,900.0,8.0,0.15,3.0,1.4841201182933583,1.1701321704869427,1.4883477332276631,1.1935327246012604
570,900.0,8.0,0.15,4.0,1.5906521066883716,1.2445709095970214,1.5709604240555581,1.2420498394942296
571,900.0,8.0,0.15,5.0,1.7028140698165601,1.3318555175757596,1.6801919197898196,1.3236256912179434
572,900.0,8.0,0.15,6.0,1.8949998599237488,1.4763670186898452,1.8677241290640296,1.473622062035626
573,900.0,8.0,0.15,7.0,1.9667897852522422,1.539730336881399,2.0060634654597522,1.6000149538757147
574,900.0,8.0,0.175,1.0,2.0262276790549434,1.5859340077001456,2.022397972343856,1.5997650860706831
575,900.0,8.0,0.175,2.0,1.3890974637547353,1.1033316581805315,1.4071841604449822,1.11535929144461
576,900.0,8.0,0.175,3.0,1.5295815904557022,1.2059454990855265,1.5165732848959812,1.2256948082699994
577,900.0,8.0,0.175,4.0,1.6085968572297473,1.2615030864972432,1.6036162943637133,1.2883712947870476
578,900.0,8.0,0.175,5.0,1.741112628193839,1.352512828677085,1.7617961894838639,1.387294941725253
579,900.0,8.0,0.175,6.0,1.8715882759351568,1.463174941117673,1.8909947872015136,1.5043836498362315
580,900.0,8.0,0.175,7.0,2.0831768405836977,1.6421465456670405,2.1112960164715378,1.671749424383131
581,900.0,8.0,0.2,1.0,2.0680227005591205,1.6182124540538252,2.0791574299389994,1.6426116843023264
582,900.0,8.0,0.2,2.0,1.4042342703077664,1.1138860209174413,1.3827401364857705,1.083128119476751
583,900.0,8.0,0.2,3.0,1.5114639962976892,1.1934379222548273,1.5328084439443077,1.2347591018066209
584,900.0,8.0,0.2,4.0,1.5587395320847488,1.2168572901005996,1.5687321874124496,1.248324360422308
585,900.0,8.0,0.2,5.0,1.7503269279772735,1.380197209981571,1.7430693339911802,1.380375797657416
586,900.0,8.0,0.2,6.0,1.9293422424885407,1.4991987629803984,1.934863854877037,1.5163693483778184
587,900.0,8.0,0.2,7.0,2.006065213156408,1.5589303877283511,2.0343591665477887,1.6186151853896404
588,900.0,8.0,0.225,1.0,1.989412577395502,1.5618905058321284,1.9974566157822204,1.5789994624418318
589,900.0,8.0,0.225,2.0,1.4029608992850082,1.1206516032977172,1.4279140454978276,1.130533228478514
590,900.0,8.0,0.225,3.0,1.5173208850385511,1.1900902401296387,1.5156713970054017,1.2213172529105891
591,900.0,8.0,0.225,4.0,1.6316083022139432,1.268427566298608,1.6346230695854802,1.28109515454363
592,900.0,8.0,0.225,5.0,1.8199924648505186,1.4138873541954922,1.8510589913069415,1.4246784424954662
593,900.0,8.0,0.225,6.0,1.9129621666438745,1.5082474934377637,1.8949355238734917,1.4785157092623005
594,900.0,8.0,0.225,7.0,1.9883533637408675,1.5756944489309839,1.98033784055452,1.5805532152875295
595,900.0,8.0,0.25,1.0,1.9988391511257637,1.5652901629964155,2.010118345785944,1.5956961943473498
596,900.0,8.0,0.25,2.0,1.4008233946937056,1.1271979212849979,1.4121213973618676,1.1121189002774248
597,900.0,8.0,0.25,3.0,1.5372239887350523,1.2089265915751646,1.5254713059469749,1.2297088852575235
598,900.0,8.0,0.25,4.0,1.6978000747248174,1.312672504009726,1.693841082009884,1.334216997896468
599,900.0,8.0,0.25,5.0,1.8317516676389527,1.4663175853618273,1.8054238075614155,1.4259255681801684
600,900.0,8.0,0.25,6.0,1.9490027078289178,1.536223538762228,1.984770208383373,1.583291936876798
601,900.0,8.0,0.25,7.0,2.117990851499343,1.6371219536440116,2.0879477233925203,1.642494411553341
602,900.0,8.0,0.275,1.0,2.029396114927424,1.5950761931934416,2.041247969069206,1.6045976107389206
603,900.0,8.0,0.275,2.0,1.4329164533990701,1.1507794604139827,1.442912335298434,1.1388335972018804
604,900.0,8.0,0.275,3.0,1.6770211396300112,1.326361954439734,1.6889939366611901,1.3459897553468203
605,900.0,8.0,0.275,4.0,1.6583127673038742,1.2702691868177394,1.725659683103364,1.341830707431329
606,900.0,8.0,0.275,5.0,1.8017341804371112,1.3874166516634212,1.8195824783417291,1.4310787475430224
607,900.0,8.0,0.275,6.0,2.096301848265004,1.6317589130270145,2.0657240907883283,1.6196732573318184
608,900.0,8.0,0.275,7.0,2.125233940252477,1.6542580382461234,2.127934567005138,1.6577272388481477
609,900.0,8.0,0.3,1.0,2.0172624880273298,1.5831536343939974,2.023975922976583,1.5915120255629587
610,900.0,8.0,0.3,2.0,1.4427241682072245,1.1567652768736525,1.4500245689395814,1.1376455665780107
611,900.0,8.0,0.3,3.0,1.5736027466996798,1.2660351564991752,1.5726661805391913,1.2691837776838857
612,900.0,8.0,0.3,4.0,1.718123135070363,1.3301668913102664,1.709339060256097,1.3358197773311395
613,900.0,8.0,0.3,5.0,1.7161486179237593,1.3503717644807542,1.7269488793883905,1.382878438151795
614,900.0,8.0,0.3,6.0,1.912812026254489,1.4918812816480305,1.9136164235698891,1.4918913291284956
615,900.0,8.0,0.3,7.0,2.1356492425036095,1.6548675072357715,2.062082320383487,1.6161127306295062
616,900.0,9.0,0.05,1.0,2.069674024276934,1.6171952923613226,2.0893637916398737,1.637866236490543
617,900.0,9.0,0.05,2.0,1.4243803448708328,1.138901673139557,1.457648994407206,1.1651263547788717
618,900.0,9.0,0.05,3.0,1.4746469622693428,1.1793366451486893,1.510287247354093,1.2070052461609717
619,900.0,9.0,0.05,4.0,1.526925991420348,1.2007002875453863,1.5373234809737848,1.2176672936971036
620,900.0,9.0,0.05,5.0,1.6189140590696984,1.2526900737720128,1.627436486787142,1.2798863007734524
621,900.0,9.0,0.05,6.0,1.780166696302237,1.3813502844045193,1.8204332254211535,1.4269059981625614
622,900.0,9.0,0.05,7.0,1.9071024312954516,1.4978195170034463,1.9084145423814014,1.5100859493685581
623,900.0,9.0,0.075,1.0,2.0483355495155235,1.6010325379615586,2.0738520952047046,1.625187065640531
624,900.0,9.0,0.075,2.0,1.429398248592692,1.139823769645839,1.4591741131884595,1.1613108356072186
625,900.0,9.0,0.075,3.0,1.501092574909776,1.1888520905146465,1.5284155453405708,1.2260935561957025
626,900.0,9.0,0.075,4.0,1.552966255221655,1.2275328883271677,1.5476482110180843,1.2310683136765574
627,900.0,9.0,0.075,5.0,1.6924660778125153,1.3040856112666006,1.7100916641115105,1.3446257285614294
628,900.0,9.0,0.075,6.0,1.7549156734610991,1.3575186295231803,1.7640278054539436,1.3956747244298484
629,900.0,9.0,0.075,7.0,1.877823494396192,1.4546095178961345,1.8562191813223117,1.4654117597080043
630,900.0,9.0,0.1,1.0,2.0671664704422628,1.6121602685165677,2.0912146327223002,1.6381669734352735
631,900.0,9.0,0.1,2.0,1.4568373908578678,1.1644289391322356,1.4861433106104027,1.1890651845268951
632,900.0,9.0,0.1,3.0,1.473981647079315,1.1727365894875534,1.5102896192725679,1.206534195026804
633,900.0,9.0,0.1,4.0,1.5182781231065263,1.1993395717764321,1.5186503823189086,1.1998568455248295
634,900.0,9.0,0.1,5.0,1.7029483943365153,1.3238917815635278,1.7225967848964352,1.3623329148660868
635,900.0,9.0,0.1,6.0,1.7939013730367595,1.394097978553636,1.7749109577561613,1.3870755576791975
636,900.0,9.0,0.1,7.0,1.9080834623890905,1.5010084667951924,1.9020466605954194,1.4988145987445358
637,900.0,9.0,0.125,1.0,2.0695905094643963,1.6146897332798866,2.091086463181783,1.6443300286492397
638,900.0,9.0,0.125,2.0,1.450760829083143,1.1529685162153684,1.473876219462428,1.1748462515747156
639,900.0,9.0,0.125,3.0,1.5243055017909661,1.2101891004592031,1.5617122826676981,1.246802301501604
640,900.0,9.0,0.125,4.0,1.575857055886713,1.2367163187156647,1.5868416471875693,1.243414812856253
641,900.0,9.0,0.125,5.0,1.6890313723548855,1.3111416779510068,1.6816366360908177,1.323862906647173
642,900.0,9.0,0.125,6.0,1.8679691600400947,1.471990173122285,1.8427934203179726,1.4415004772244315
643,900.0,9.0,0.125,7.0,1.9335831070215648,1.5254076840973267,1.9201581851886873,1.5170469959542965
644,900.0,9.0,0.15,1.0,2.0537688745046916,1.6035214269694456,2.075676035528879,1.627767528800967
645,900.0,9.0,0.15,2.0,1.5453597063990139,1.228347684358298,1.5406216386563847,1.2240092422410944
646,900.0,9.0,0.15,3.0,1.5741433243659029,1.2565955692558712,1.5836096442326864,1.2684462746981007
647,900.0,9.0,0.15,4.0,1.565611370364172,1.2265995996523775,1.5796076846230993,1.244112283379814
648,900.0,9.0,0.15,5.0,1.7275361116972996,1.3458641645383318,1.7379016937448497,1.354765293077588
649,900.0,9.0,0.15,6.0,1.845536966458545,1.4263083240929648,1.855648398318925,1.4523531462758597
650,900.0,9.0,0.15,7.0,1.9112694071536682,1.4902225212587565,1.888496230154388,1.4875125472461204
651,900.0,9.0,0.175,1.0,2.0651528831034027,1.611045707303319,2.065945361523844,1.6189556233085431
652,900.0,9.0,0.175,2.0,1.4034852075992295,1.1162039504090577,1.4073294945734185,1.1064450036162614
653,900.0,9.0,0.175,3.0,1.5349926429433904,1.227473927457062,1.544830855702019,1.2454498539098353
654,900.0,9.0,0.175,4.0,1.6123454196470388,1.2612517463619028,1.6071676019576873,1.267157331942675
655,900.0,9.0,0.175,5.0,1.6871398060904828,1.3220846328708298,1.6560448093299487,1.2954933955278143
656,900.0,9.0,0.175,6.0,1.875693212560379,1.4523100463956373,1.877650240074768,1.49440754862257
657,900.0,9.0,0.175,7.0,2.0384106596783584,1.5936040718265452,1.9725184512619378,1.5478663643085857
658,900.0,9.0,0.2,1.0,2.0451611656863724,1.5917834181873725,2.0694391229794653,1.625499056379551
659,900.0,9.0,0.2,2.0,1.4343977745769099,1.1544012884085086,1.4645550974756305,1.1662004171198606
660,900.0,9.0,0.2,3.0,1.499023732879423,1.2016966635101836,1.5399312082987302,1.2242418578820509
661,900.0,9.0,0.2,4.0,1.5795372054302352,1.245758266501121,1.6244627794073991,1.268810541200108
662,900.0,9.0,0.2,5.0,1.7017339357670311,1.3206110405488716,1.7314699840342862,1.3611029071540492
663,900.0,9.0,0.2,6.0,1.9312591598973878,1.5063781538098795,1.909439153045874,1.5109711020419752
664,900.0,9.0,0.2,7.0,2.0058903504313843,1.5563205440174588,2.0423254427365576,1.6046227928593813
665,900.0,9.0,0.225,1.0,2.041755407615402,1.5880304604522326,2.060383939824242,1.622051924955825
666,900.0,9.0,0.225,2.0,1.39800364325995,1.119533374691237,1.419709703508803,1.1302551588265044
667,900.0,9.0,0.225,3.0,1.5872419675886587,1.2643342245206814,1.5949589936388997,1.2824251945696346
668,900.0,9.0,0.225,4.0,1.6274150449912255,1.2830017449905249,1.606258165420114,1.2424787646479947
669,900.0,9.0,0.225,5.0,1.732044041667844,1.364881796156022,1.7757655267483488,1.4037561618725738
670,900.0,9.0,0.225,6.0,1.8901460119051574,1.4808692776509187,1.8756302805661287,1.5040378177880103
671,900.0,9.0,0.225,7.0,2.071378260532694,1.5990202718628246,1.9796799428398442,1.5573641168316017
672,900.0,9.0,0.25,1.0,2.0910186163488675,1.638383060241076,2.123149180315872,1.669100278253754
673,900.0,9.0,0.25,2.0,1.4746418250634676,1.1775644637161047,1.484835893258322,1.1712929186971786
674,900.0,9.0,0.25,3.0,1.6542494648862553,1.2989958321742643,1.7031435417576264,1.3557435399309994
675,900.0,9.0,0.25,4.0,1.6309277881904412,1.2728148495209044,1.6342813870476296,1.27802805037119
676,900.0,9.0,0.25,5.0,1.713455814641199,1.3280802355527133,1.7464536472929375,1.3746410757949874
677,900.0,9.0,0.25,6.0,2.0132005469036596,1.5856921082363031,1.9529032297911968,1.5321728529305714
678,900.0,9.0,0.25,7.0,2.135772516187102,1.6515112588642409,2.0328190625742577,1.6148122748915075
679,900.0,9.0,0.275,1.0,2.111539815768357,1.64945398536434,2.146527637515776,1.6878355038691388
680,900.0,9.0,0.275,2.0,1.4445362736615133,1.150098724108689,1.471982460892061,1.1744741373302274
681,900.0,9.0,0.275,3.0,1.5997514886232114,1.269345038355705,1.621210295781718,1.29815605428991
682,900.0,9.0,0.275,4.0,1.6468028427563726,1.2883840016793267,1.6547443681061962,1.308577941727931
683,900.0,9.0,0.275,5.0,1.8742203651268414,1.4689887176018293,1.8580122323590724,1.4753668800587518
684,900.0,9.0,0.275,6.0,2.0004010820547395,1.5548549889106664,1.9718373977554056,1.5512942713796385
685,900.0,9.0,0.275,7.0,2.141480611520194,1.6773987633416287,2.1292580644700805,1.6644970616862378
686,900.0,9.0,0.3,1.0,2.097895746392162,1.6421736828734284,2.1054665274197197,1.6522434270847657
687,900.0,9.0,0.3,2.0,1.574575500574222,1.2641897511538334,1.5953399298285433,1.2760402654929262
688,900.0,9.0,0.3,3.0,1.5135109329283971,1.2195332686711644,1.584318117185841,1.2687961896377133
689,900.0,9.0,0.3,4.0,1.7240936251512118,1.3484268188331643,1.6851604565289997,1.3199620823196925
690,900.0,9.0,0.3,5.0,1.8588806968142264,1.4318900347209655,1.8596840347293175,1.4703649914918646
691,900.0,9.0,0.3,6.0,1.8649482394541301,1.4682287255637967,1.858633867659448,1.4676568690756824
692,900.0,9.0,0.3,7.0,2.065352852604624,1.6254428575905122,2.0429262008028175,1.6061871338563676
693,900.0,10.0,0.05,1.0,2.365107062686679,1.831601516285154,2.328082044861863,1.8062175916007968
694,900.0,10.0,0.05,2.0,1.5262241643942382,1.2123889837517627,1.5290281889998483,1.2174795803918164
695,900.0,10.0,0.05,3.0,1.526256024620862,1.2062309699646485,1.5198590085554629,1.2130670073976804
696,900.0,10.0,0.05,4.0,1.581297047372719,1.2501547341982036,1.5754543154857166,1.246979295156522
697,900.0,10.0,0.05,5.0,1.695054985995248,1.3133334926656441,1.699915189412052,1.3317941395821606
698,900.0,10.0,0.05,6.0,1.7924726731430538,1.3928950668789517,1.7613624866864366,1.3792143840460254
699,900.0,10.0,0.05,7.0,1.9547176900355585,1.5251336068996806,1.9417552451268298,1.5199428616090773
700,900.0,10.0,0.075,1.0,2.393313086865858,1.8529887919199481,2.3555468165281064,1.824784726341095
701,900.0,10.0,0.075,2.0,1.4935778478937876,1.1845120022234537,1.502677731218283,1.195893401186012
702,900.0,10.0,0.075,3.0,1.5802929792645617,1.2446556957446657,1.576352138970348,1.2451326995189873
703,900.0,10.0,0.075,4.0,1.5367397602843296,1.2122088131282167,1.5172409730896872,1.1956045997193063
704,900.0,10.0,0.075,5.0,1.6579623001422936,1.2928040650673893,1.6616212106416688,1.2996043724515112
705,900.0,10.0,0.075,6.0,1.8696561855988605,1.4577362755845582,1.8384734780012097,1.433385287465818
706,900.0,10.0,0.075,7.0,1.9249463301283367,1.508131936091602,1.9245958700911157,1.5040154598510929
707,900.0,10.0,0.1,1.0,2.375366993646812,1.836504346915672,2.3347655508159755,1.8093124260056488
708,900.0,10.0,0.1,2.0,1.5422281723063387,1.2254454375824115,1.5343439686962532,1.220978291644642
709,900.0,10.0,0.1,3.0,1.5175622345048345,1.1972934593492024,1.4982666876605313,1.1982356285466442
710,900.0,10.0,0.1,4.0,1.5774735290467081,1.2410924602415616,1.5538021667185908,1.2254893773163469
711,900.0,10.0,0.1,5.0,1.659148842879843,1.2948793104294158,1.6682484866730825,1.3047481071943532
712,900.0,10.0,0.1,6.0,1.8092690797503146,1.3997194242344717,1.7954879670726753,1.422031257156333
713,900.0,10.0,0.1,7.0,1.949690581735813,1.5245144806313544,1.9274216848411287,1.5108835492594626
714,900.0,10.0,0.125,1.0,2.370843326047358,1.8360470289811388,2.3392622757530073,1.8151156533316306
715,900.0,10.0,0.125,2.0,1.5272217106732249,1.216630817962177,1.52929030275457,1.2174101874720167
716,900.0,10.0,0.125,3.0,1.5653712682468215,1.2336281642288456,1.5336267382452498,1.2270998720686002
717,900.0,10.0,0.125,4.0,1.549584085789,1.2166487552252778,1.54842875763045,1.2253453195704023
718,900.0,10.0,0.125,5.0,1.6700353537684867,1.2900749138747436,1.6579233613641189,1.3053707485078445
719,900.0,10.0,0.125,6.0,1.847662131718164,1.442717924700828,1.845838694407578,1.4485431597981147
720,900.0,10.0,0.125,7.0,1.9473538066247258,1.5281968467598066,1.923369304535566,1.5154526149507583
721,900.0,10.0,0.15,1.0,2.343617913797013,1.8128151396974772,2.3052990303555814,1.7868183698530151
722,900.0,10.0,0.15,2.0,1.533556491638862,1.2173623860654879,1.5124140473112313,1.2052035045289355
723,900.0,10.0,0.15,3.0,1.527043595058028,1.2085048222873918,1.5327518347748574,1.2265756885976093
724,900.0,10.0,0.15,4.0,1.5359595746049532,1.2198595453472802,1.5131537241819613,1.1933928783802212
725,900.0,10.0,0.15,5.0,1.7144875830834787,1.3304834400561263,1.6937219273415192,1.3403016595648014
726,900.0,10.0,0.15,6.0,1.8467030894099157,1.4504784725962687,1.8326066753451915,1.4430683218445524
727,900.0,10.0,0.15,7.0,1.9176170384982059,1.5047343174373216,1.9706174263565752,1.57300298444867
728,900.0,10.0,0.175,1.0,2.353066240021474,1.824289674835523,2.3108674534495486,1.7976354502131058
729,900.0,10.0,0.175,2.0,1.5733660269910557,1.2523495503249056,1.5748616318900326,1.2545196585342255
730,900.0,10.0,0.175,3.0,1.5138183254144388,1.204277695302825,1.5217958129654086,1.2108367780463083
731,900.0,10.0,0.175,4.0,1.6176581661035332,1.2642364470963225,1.5883020967169792,1.2539767723814412
732,900.0,10.0,0.175,5.0,1.6706991931031019,1.309276332625975,1.7068765336831864,1.3497229651969356
733,900.0,10.0,0.175,6.0,1.8367622699136466,1.4309785465936333,1.8363067945140195,1.4202594928547423
734,900.0,10.0,0.175,7.0,1.9427086229338872,1.5209522367510444,1.9484112983570456,1.5329269689385028
735,900.0,10.0,0.2,1.0,2.3805661979032826,1.8443159443764097,2.322558258396573,1.8062751150020728
736,900.0,10.0,0.2,2.0,1.5447226877726108,1.2154347470422733,1.519690572206571,1.1990491542426276
737,900.0,10.0,0.2,3.0,1.5073045950838548,1.1993505050080842,1.5255004710840476,1.2180070359932043
738,900.0,10.0,0.2,4.0,1.5861651549804099,1.2444273011447882,1.5846983566736972,1.2592106271006447
739,900.0,10.0,0.2,5.0,1.8108744394929825,1.4116176730920624,1.7857322539373401,1.409435470766185
740,900.0,10.0,0.2,6.0,1.9182521536745467,1.5042951239201625,1.891017882770089,1.5016116035262566
741,900.0,10.0,0.2,7.0,2.0209646492293714,1.5810477415174944,1.9797980298078688,1.5454380382953286
742,900.0,10.0,0.225,1.0,2.432436012073654,1.8878797230482456,2.3857907751655696,1.8524581807084242
743,900.0,10.0,0.225,2.0,1.5786619584610082,1.2472142001895068,1.5478213322443928,1.2301890465680936
744,900.0,10.0,0.225,3.0,1.606090176362255,1.2515465394618743,1.5653405827525855,1.2540790293424684
745,900.0,10.0,0.225,4.0,1.5564942664170853,1.2156573579534806,1.6028463606557832,1.2598356694996524
746,900.0,10.0,0.225,5.0,1.7737701676143942,1.4054731208406626,1.7614400209762129,1.3806139585232076
747,900.0,10.0,0.225,6.0,1.9315514611648354,1.5106894631828705,1.9060356117085937,1.510499734377228
748,900.0,10.0,0.225,7.0,2.0080177385181615,1.5833471342903545,2.001814128626426,1.591933354659986
749,900.0,10.0,0.25,1.0,2.3247231251318756,1.7910005618600453,2.2885944203951825,1.7679501759101264
750,900.0,10.0,0.25,2.0,1.5757767994426122,1.2678206014839375,1.5602587300364537,1.2273580579383387
751,900.0,10.0,0.25,3.0,1.6572557122290676,1.299077802433598,1.6268913279487582,1.2929653951320796
752,900.0,10.0,0.25,4.0,1.6368013202144098,1.2793387446788573,1.678485291051687,1.322830124215519
753,900.0,10.0,0.25,5.0,1.7433301075243475,1.3655446317645301,1.7588970639878576,1.392035414992964
754,900.0,10.0,0.25,6.0,1.9600557267367908,1.547381182556544,1.8978811254464545,1.5120494303171108
755,900.0,10.0,0.25,7.0,2.169705802971032,1.6928387150806457,2.114230161951686,1.6733888513694921
756,900.0,10.0,0.275,1.0,2.4466673345043564,1.8958469577245787,2.3998503613444813,1.8579666767037992
757,900.0,10.0,0.275,2.0,1.5808078850629639,1.256100069728432,1.532577917860879,1.2145579356048333
758,900.0,10.0,0.275,3.0,1.652888610087882,1.306750007714313,1.644940654495996,1.3136390597169139
759,900.0,10.0,0.275,4.0,1.7513078185421067,1.354901583555511,1.751773696271412,1.365298958883381
760,900.0,10.0,0.275,5.0,1.7671191877291421,1.3868581361722616,1.818235518138982,1.4248461219125856
761,900.0,10.0,0.275,6.0,1.9039946696653172,1.4775482497196313,1.8858010581570332,1.4805394812538488
762,900.0,10.0,0.275,7.0,2.1423765152648064,1.6548098495632062,2.1464178676298986,1.6950472721109124
763,900.0,10.0,0.3,1.0,2.361347465033081,1.8407996399359676,2.327700352688985,1.8002423938891954
764,900.0,10.0,0.3,2.0,1.6304911218273523,1.2711336999312548,1.6048324432163494,1.2733243688474931
765,900.0,10.0,0.3,3.0,1.620734487891057,1.2748976372890601,1.618441737235387,1.2764869568904984
766,900.0,10.0,0.3,4.0,1.6400766209238422,1.283952040138391,1.6977396572723165,1.3424201242575768
767,900.0,10.0,0.3,5.0,1.786420408833874,1.4033344631075537,1.8222053169515866,1.4339329690568308
768,900.0,10.0,0.3,6.0,2.039493568802317,1.5881230703339115,2.116271427991465,1.6721849040931884
769,900.0,10.0,0.3,7.0,2.185151677306727,1.690385907397445,2.1375092677553313,1.6738861195063035
770,900.0,11.0,0.05,1.0,2.657054613521027,2.0512339212517445,2.6103898377554535,2.0311194776614565
771,900.0,11.0,0.05,2.0,1.5812108869256718,1.2501834264094194,1.572233027670443,1.2619163800266016
772,900.0,11.0,0.05,3.0,1.5040268187230177,1.1869652332680407,1.4988734360324307,1.1950241447359078
773,900.0,11.0,0.05,4.0,1.5031355904982393,1.1794563435582508,1.5033477059533782,1.1844496005663354
774,900.0,11.0,0.05,5.0,1.6572147548429672,1.2954975280201557,1.677195075815292,1.3215860801673043
775,900.0,11.0,0.05,6.0,1.7981942790548513,1.4018101062363029,1.8081370101730694,1.4146306475296382
776,900.0,11.0,0.05,7.0,1.9773183047860612,1.5508173310472437,1.989952598954226,1.5589209537050577
777,900.0,11.0,0.075,1.0,2.7022800732898613,2.0796776216457467,2.660228095764702,2.072816093470106
778,900.0,11.0,0.075,2.0,1.5924570222590415,1.2631657493138555,1.5754884775888836,1.2658922677981976
779,900.0,11.0,0.075,3.0,1.4983929269205547,1.1863881568596149,1.4966696560513104,1.1982957887539591
780,900.0,11.0,0.075,4.0,1.541099208696786,1.2116472427681189,1.5125911814801052,1.1902307500757028
781,900.0,11.0,0.075,5.0,1.6199650560859302,1.2636769460341162,1.653900812705382,1.3005713848680047
782,900.0,11.0,0.075,6.0,1.7814521451155165,1.3966305037746316,1.815473867657435,1.4188594654780657
783,900.0,11.0,0.075,7.0,1.892862255286428,1.4864391135116035,1.9635212212419637,1.5415035779320365
784,900.0,11.0,0.1,1.0,2.7535103900680364,2.117601381417195,2.7108698369815265,2.1168831425610968
785,900.0,11.0,0.1,2.0,1.6124000019405131,1.2767368292787196,1.6032774276357173,1.2824699592277566
786,900.0,11.0,0.1,3.0,1.4532212526640274,1.151342180803995,1.467293597201078,1.176550105534629
787,900.0,11.0,0.1,4.0,1.5137116403153816,1.1851505786507888,1.4940317375473817,1.1728970865618653
788,900.0,11.0,0.1,5.0,1.651944255700482,1.2752459583826854,1.67580701089042,1.3027205702506695
789,900.0,11.0,0.1,6.0,1.8367653535373119,1.4210434686064042,1.8622494302628414,1.468441685880795
790,900.0,11.0,0.1,7.0,1.9258144176959213,1.5146394996181793,1.9626595672644451,1.5545935457980986
791,900.0,11.0,0.125,1.0,2.701348515548127,2.085795315344803,2.6587029466122094,2.0743569695431026
792,900.0,11.0,0.125,2.0,1.5903953032072733,1.2579290955388902,1.5813579289223436,1.2666506486393916
793,900.0,11.0,0.125,3.0,1.5630379816853484,1.228472500824679,1.5599711354170611,1.2400925952373527
794,900.0,11.0,0.125,4.0,1.548638266806907,1.2182163680234785,1.5330617489205596,1.2082747370157745
795,900.0,11.0,0.125,5.0,1.6660109990603813,1.2942242122284564,1.676726713961674,1.305848090288864
796,900.0,11.0,0.125,6.0,1.8253966865966582,1.4275677762463168,1.851165133377931,1.445245625272451
797,900.0,11.0,0.125,7.0,1.9634080226413424,1.5525440302573807,1.9983405617951695,1.5753409356875776
798,900.0,11.0,0.15,1.0,2.6736686234817557,2.0794637101895628,2.6341802036174067,2.0648775557380685
799,900.0,11.0,0.15,2.0,1.6064951261073903,1.2713448755254821,1.59441311422833,1.2751961734307937
800,900.0,11.0,0.15,3.0,1.512033738773508,1.1923037222758885,1.4854470554437738,1.1846137856364884
801,900.0,11.0,0.15,4.0,1.5534505717008005,1.2386756611720775,1.5436081731856581,1.2260308941133102
802,900.0,11.0,0.15,5.0,1.668434829092443,1.3045145255473753,1.761826733644879,1.3772975638064873
803,900.0,11.0,0.15,6.0,1.8032462844026158,1.4241524456933135,1.872099534719262,1.4629277578248225
804,900.0,11.0,0.15,7.0,1.9291979031763085,1.5231048659854765,1.95086595617891,1.5380448429401536
805,900.0,11.0,0.175,1.0,2.6714657627390426,2.0621601083697207,2.6574389496632502,2.0738030434126156
806,900.0,11.0,0.175,2.0,1.590612005078255,1.2614292870719888,1.5601068530043756,1.2510464735643168
807,900.0,11.0,0.175,3.0,1.4857311776549436,1.1825959403497759,1.5305692895366632,1.2218914569609625
808,900.0,11.0,0.175,4.0,1.557257700695815,1.2385977177528962,1.5911996220312168,1.2595187386176698
809,900.0,11.0,0.175,5.0,1.7166578732609565,1.3366860963143856,1.7895022546827644,1.3962027193689595
810,900.0,11.0,0.175,6.0,1.9102938222541312,1.4868797506359732,1.8767233102740333,1.4732157418583425
811,900.0,11.0,0.175,7.0,2.003104077848791,1.5789168409128784,1.9863764210306671,1.5458855671747795
812,900.0,11.0,0.2,1.0,2.661553834321947,2.062336568571448,2.6095174491547417,2.026283219074012
813,900.0,11.0,0.2,2.0,1.6027411866016286,1.2736918762307754,1.5937931845841506,1.2800695315155997
814,900.0,11.0,0.2,3.0,1.4936791901111581,1.1767035228834568,1.504458173441904,1.1981171193664377
815,900.0,11.0,0.2,4.0,1.596799436567604,1.244212347938196,1.5691064465972273,1.244496295765384
816,900.0,11.0,0.2,5.0,1.6444036125627237,1.274540067429772,1.647804446294001,1.3027325899363118
817,900.0,11.0,0.2,6.0,1.8631478312349714,1.4444747284720911,1.8941536946722253,1.4873818288168195
818,900.0,11.0,0.2,7.0,2.0304630705590303,1.5879027739615563,2.025857761985717,1.58716685822398
819,900.0,11.0,0.225,1.0,2.6104263073015646,2.0332075793664273,2.5527548966691436,1.9844711036102416
820,900.0,11.0,0.225,2.0,1.5760004646556227,1.2344495957679436,1.55482756412337,1.2274206173323983
821,900.0,11.0,0.225,3.0,1.6088123325623007,1.2832255387959846,1.6191741379812439,1.2895177465273064
822,900.0,11.0,0.225,4.0,1.5676215848465545,1.2298491867757328,1.5518147865032565,1.2384359963530256
823,900.0,11.0,0.225,5.0,1.7365494020851617,1.3694062518784431,1.740850020128185,1.3669033678871674
824,900.0,11.0,0.225,6.0,1.885796899799794,1.4701562356314937,1.8760134651100338,1.4766866994368393
825,900.0,11.0,0.225,7.0,2.0298402324439064,1.5855087244811243,2.0108319977798788,1.5762432306637069
826,900.0,11.0,0.25,1.0,2.7344488834615244,2.122379385372963,2.6973312772382765,2.1072100636576505
827,900.0,11.0,0.25,2.0,1.718722614409411,1.3606324669768162,1.682201033502138,1.331422989587784
828,900.0,11.0,0.25,3.0,1.6851966665236016,1.33033761299541,1.6518463474049117,1.305374121407981
829,900.0,11.0,0.25,4.0,1.6851407173661528,1.3193070486129612,1.6733949694656316,1.326140662474401
830,900.0,11.0,0.25,5.0,1.8425862737777574,1.4188982196079771,1.812932981942568,1.4175625475452918
831,900.0,11.0,0.25,6.0,1.9614446297393298,1.49830149096159,1.9714853580177572,1.529661467678058
832,900.0,11.0,0.25,7.0,2.1052581343097994,1.6401112780108489,2.0624457114781585,1.6051404723726566
833,900.0,11.0,0.275,1.0,2.657662268554421,2.0729408584135425,2.623127224391439,2.0495616736116027
834,900.0,11.0,0.275,2.0,1.6331672234883807,1.2727993379311182,1.6135193292053074,1.2679210420043172
835,900.0,11.0,0.275,3.0,1.6757156193635596,1.3149907952225168,1.6873220449352229,1.3383984209585291
836,900.0,11.0,0.275,4.0,1.6410808576144345,1.3007219361176798,1.697674720589176,1.320088520156301
837,900.0,11.0,0.275,5.0,1.892594087708164,1.476476378519218,1.8915570605232572,1.4680838843445163
838,900.0,11.0,0.275,6.0,2.084993920300369,1.608387857470245,2.0160464099953033,1.5543295244486004
839,900.0,11.0,0.275,7.0,2.175356680672575,1.7068717704664704,2.1789550869534304,1.6932987928190022
840,900.0,11.0,0.3,1.0,2.7168528243522703,2.0943520423591897,2.641576665273988,2.042211827337867
841,900.0,11.0,0.3,2.0,1.599492500781899,1.2686371428198417,1.5839453446324636,1.2444752657517486
842,900.0,11.0,0.3,3.0,1.6371777024603649,1.2987973533961292,1.6890792524233915,1.3435489839458201
843,900.0,11.0,0.3,4.0,1.605616614936313,1.2550684271314192,1.6211844172387961,1.2687711022715216
844,900.0,11.0,0.3,5.0,1.8253052480046685,1.4121514292664974,1.8828298502269447,1.4715647619457974
845,900.0,11.0,0.3,6.0,2.036162191960036,1.5844354704674117,1.9988989722714858,1.5516919727704155
846,900.0,11.0,0.3,7.0,2.150138469614004,1.6628619174555948,2.135966485734076,1.6484024830689905
847,900.0,12.0,0.05,1.0,3.1940996980054943,2.4476801395567938,3.1180302262851245,2.423778198140456
848,900.0,12.0,0.05,2.0,1.7137913528989699,1.3449824431407968,1.6572369602275934,1.318451110491769
849,900.0,12.0,0.05,3.0,1.5365257467282645,1.212598391680392,1.5178267540794042,1.2087617566782
850,900.0,12.0,0.05,4.0,1.5302214325129673,1.198993215342881,1.511878974366228,1.185871744358659
851,900.0,12.0,0.05,5.0,1.6636413063391207,1.2979689192899377,1.6463235369617806,1.2951567520711564
852,900.0,12.0,0.05,6.0,1.7765995854116599,1.3902052148422521,1.762582315117875,1.378216359155309
853,900.0,12.0,0.05,7.0,1.9291902436765924,1.5233257332858734,1.9595761266534975,1.538416730502076
854,900.0,12.0,0.075,1.0,3.1653204301194684,2.43050106278555,3.0894863527915026,2.402501166758156
855,900.0,12.0,0.075,2.0,1.659004503518936,1.2978038373933738,1.5996782371365394,1.2661520774370252
856,900.0,12.0,0.075,3.0,1.4866048229771756,1.1775198904063773,1.4738744407029494,1.1778053001406124
857,900.0,12.0,0.075,4.0,1.5425552919171392,1.2182925256064547,1.5213100313527894,1.2019729115291171
858,900.0,12.0,0.075,5.0,1.6962875705069602,1.317911138698305,1.6817888962341607,1.320713036010311
859,900.0,12.0,0.075,6.0,1.8110222785836987,1.4322320997148623,1.8098632246813522,1.4124672389077009
860,900.0,12.0,0.075,7.0,1.9462356327017631,1.5425837432473082,1.9327742308837563,1.5197323128039157
861,900.0,12.0,0.1,1.0,3.16864637351488,2.4304105938245284,3.0838286477777697,2.399598697446547
862,900.0,12.0,0.1,2.0,1.67575572488222,1.31351638628991,1.6216732405258876,1.2904819587769707
863,900.0,12.0,0.1,3.0,1.5458954172999748,1.2178721171412772,1.5087161601514314,1.1876437203482337
864,900.0,12.0,0.1,4.0,1.5432724187406,1.20100618709625,1.545298375467388,1.2213169586314865
865,900.0,12.0,0.1,5.0,1.6835021826815773,1.3077140188724246,1.6665318708143986,1.3161775415758545
866,900.0,12.0,0.1,6.0,1.8619956726298095,1.447690728764289,1.8467156617762504,1.4343704365215062
867,900.0,12.0,0.1,7.0,1.9752630190231568,1.5459534860087754,1.941423927569958,1.529190871939768
868,900.0,12.0,0.125,1.0,3.130770718015954,2.401341099718264,3.0511636624577703,2.3743413449648045
869,900.0,12.0,0.125,2.0,1.6249491464028902,1.2634035809349409,1.5782804199848435,1.242459569716074
870,900.0,12.0,0.125,3.0,1.597097925929409,1.2558091850664272,1.5587087308583112,1.2292227286156303
871,900.0,12.0,0.125,4.0,1.5726766073830112,1.21705759601625,1.5414896734707026,1.208538646400126
872,900.0,12.0,0.125,5.0,1.6491873358629827,1.2758055355723013,1.6289773592593044,1.2730098084587846
873,900.0,12.0,0.125,6.0,1.8322435636389318,1.4396192417895182,1.8296909075931962,1.448137214222159
874,900.0,12.0,0.125,7.0,1.9628258871541673,1.5381925064798578,1.997090976588719,1.5667611588980808
875,900.0,12.0,0.15,1.0,3.155159682889051,2.4253175445390753,3.079616624903699,2.3909829363848996
876,900.0,12.0,0.15,2.0,1.6450346337258492,1.2908446357691317,1.5896718191802124,1.2702319542759293
877,900.0,12.0,0.15,3.0,1.5673330081057208,1.235478005454362,1.5362198799184459,1.2272654776345067
878,900.0,12.0,0.15,4.0,1.5269767211889707,1.1877920232098185,1.479591699322501,1.17056867327177
879,900.0,12.0,0.15,5.0,1.7516134750411223,1.3542403987520215,1.7161925064099786,1.3498225674768052
880,900.0,12.0,0.15,6.0,1.9535952808566959,1.5458660356092158,1.9108459156405477,1.5148622787168846
881,900.0,12.0,0.15,7.0,1.995053430627831,1.5460554384709089,2.0124902802111406,1.596169749506221
882,900.0,12.0,0.175,1.0,3.237486324616684,2.471471250274207,3.1490892063329694,2.441667284681999
883,900.0,12.0,0.175,2.0,1.7828345983921066,1.4023883702345044,1.7192380804278842,1.3724839966983546
884,900.0,12.0,0.175,3.0,1.5862476639459029,1.2433104769670258,1.5622699811476328,1.244181285375777
885,900.0,12.0,0.175,4.0,1.6441852226491522,1.2935008703513737,1.645679580380645,1.2885760566999036
886,900.0,12.0,0.175,5.0,1.7987300162348077,1.417226385905691,1.7615033327274174,1.3960712491647618
887,900.0,12.0,0.175,6.0,1.8643902671079808,1.4694964020353463,1.8631581864263413,1.4525542833162304
888,900.0,12.0,0.175,7.0,1.9953214487977484,1.5587894337730195,1.9656593850747908,1.5610232777302395
889,900.0,12.0,0.2,1.0,2.945190213201356,2.3001830867702635,2.8667851239582927,2.243609775121814
890,900.0,12.0,0.2,2.0,1.676156012747341,1.3146551796228052,1.627930770615355,1.2848499726368219
891,900.0,12.0,0.2,3.0,1.5486553575599726,1.2171358992670116,1.5345901410494638,1.2202338629910527
892,900.0,12.0,0.2,4.0,1.6421668420796298,1.3000789453089947,1.6471129063547774,1.2998660502466435
893,900.0,12.0,0.2,5.0,1.8473067175963056,1.4212287065463598,1.8345487824063063,1.4298361121026828
894,900.0,12.0,0.2,6.0,1.8696644545664725,1.4573691658721966,1.8465042622344132,1.4349596072927047
895,900.0,12.0,0.2,7.0,2.0289637413533104,1.6026649183103638,1.9624866708655988,1.5353178601586226
896,900.0,12.0,0.225,1.0,2.967948655091011,2.312811551910422,2.883512459784056,2.2539888862613555
897,900.0,12.0,0.225,2.0,1.7242094330502449,1.3495521560997035,1.6484631112770696,1.3048342406203293
898,900.0,12.0,0.225,3.0,1.6217090016668585,1.2960715117098915,1.6102251194424824,1.2943226027327621
899,900.0,12.0,0.225,4.0,1.6327725282649685,1.2909356297041388,1.5996181729371282,1.2691596280383295
900,900.0,12.0,0.225,5.0,1.6516335538719271,1.2719143295682651,1.6637323690707504,1.294443202002595
901,900.0,12.0,0.225,6.0,1.8469198241931641,1.4339366568428284,1.8457679018433286,1.4656080963112899
902,900.0,12.0,0.225,7.0,2.032818573004291,1.5966239415124832,1.9901097703233728,1.580448736123507
903,900.0,12.0,0.25,1.0,3.0181232526064528,2.347863078072414,2.949457541622639,2.3034728350962896
904,900.0,12.0,0.25,2.0,1.7807313921818453,1.3880899378016027,1.7277560970200492,1.3809100924706539
905,900.0,12.0,0.25,3.0,1.716949737988456,1.3545088067420457,1.6416171013761318,1.2861157617727026
906,900.0,12.0,0.25,4.0,1.7153030998294485,1.338169558320253,1.7379250909777941,1.357845754737965
907,900.0,12.0,0.25,5.0,1.7728024158975373,1.3864575746423637,1.771728708321629,1.376611711895502
908,900.0,12.0,0.25,6.0,1.9189318154470474,1.5039815326106076,1.8893348934328134,1.4783888967159233
909,900.0,12.0,0.25,7.0,2.0250117832342363,1.5780709259192136,2.0178790096377974,1.5860123495178595
910,900.0,12.0,0.275,1.0,3.0376768714067888,2.353429810175765,2.963610895460159,2.3079415996999404
911,900.0,12.0,0.275,2.0,1.7405882374365726,1.359695161911482,1.677035997163332,1.3343884121983807
912,900.0,12.0,0.275,3.0,1.5833059059258843,1.2527930093014294,1.5654136005279338,1.2374897545553698
913,900.0,12.0,0.275,4.0,1.719752860498203,1.339024705557617,1.6928270083991122,1.329681454990362
914,900.0,12.0,0.275,5.0,1.837888376387812,1.450706665420052,1.7904272402034622,1.3865106672754075
915,900.0,12.0,0.275,6.0,1.97460484637757,1.5289513755461417,1.9375029975441982,1.509424403691212
916,900.0,12.0,0.275,7.0,2.075187712782799,1.623084624597528,2.03477798209782,1.6045234022218404
917,900.0,12.0,0.3,1.0,3.0351200417951074,2.359545705099906,2.932307988971895,2.286007797087964
918,900.0,12.0,0.3,2.0,1.7149515379690987,1.3353757201807661,1.6542594233574897,1.2897833962917844
919,900.0,12.0,0.3,3.0,1.6693193122935839,1.3194148709126565,1.7027952141797236,1.341853352125334
920,900.0,12.0,0.3,4.0,1.6536375576495481,1.3201172957212306,1.6339270539668933,1.2920638011164391
921,900.0,12.0,0.3,5.0,1.8047623792542096,1.3871597865215008,1.8342054838792325,1.4256218596447674
922,900.0,12.0,0.3,6.0,1.9659040076216878,1.5113595504790633,1.9272618764350833,1.5271227885772316
923,900.0,12.0,0.3,7.0,2.1170178109945,1.6548932642589216,2.0174709521510454,1.6117807865989395
924,900.0,13.0,0.05,1.0,3.6679181286327247,2.820567562414443,3.559305128245973,2.7598078795074317
925,900.0,13.0,0.05,2.0,1.986557517978782,1.5750466125129428,1.9123242460465089,1.513199681414456
926,900.0,13.0,0.05,3.0,1.5240377500072337,1.1971729465527214,1.4713452861058485,1.1689780404787165
927,900.0,13.0,0.05,4.0,1.5639555610825084,1.221446430248571,1.5608580088253503,1.2209665501432332
928,900.0,13.0,0.05,5.0,1.6592251036038992,1.303279131897623,1.6781132773474987,1.3196241728691425
929,900.0,13.0,0.05,6.0,1.7758764873756085,1.394348875786976,1.78695060476205,1.4055327220396443
930,900.0,13.0,0.05,7.0,1.8892806790220942,1.4937628321918217,1.9341036272055445,1.5313949655761157
931,900.0,13.0,0.075,1.0,3.7214190079187506,2.8588507519246997,3.6217747809032335,2.807924737523699
932,900.0,13.0,0.075,2.0,1.861067806239548,1.4665782722959406,1.7900864371169343,1.4112246559867792
933,900.0,13.0,0.075,3.0,1.5478732716073573,1.2174145652109736,1.4972080396448664,1.19504064526958
934,900.0,13.0,0.075,4.0,1.5662975386016984,1.2187160420477112,1.563765945081446,1.2195947267196334
935,900.0,13.0,0.075,5.0,1.653446356602797,1.2934707179141667,1.682068310256315,1.335219902391553
936,900.0,13.0,0.075,6.0,1.7536871644430119,1.3703294831060275,1.7978181655825454,1.4071523066427103
937,900.0,13.0,0.075,7.0,1.8907727278140138,1.4849723337982381,1.9424522341790433,1.5341796784615331
938,900.0,13.0,0.1,1.0,3.662639373968607,2.824593499732565,3.552827521784828,2.759854372552636
939,900.0,13.0,0.1,2.0,1.796030160502326,1.397534078004728,1.7252677984224924,1.3536703866855022
940,900.0,13.0,0.1,3.0,1.555466722576134,1.212251735114859,1.4892879543127349,1.1868076894414683
941,900.0,13.0,0.1,4.0,1.570017462038358,1.2199266666804844,1.5629662016411423,1.2218832153741959
942,900.0,13.0,0.1,5.0,1.6420054783501707,1.2772580133873732,1.6691187435695316,1.3060420151032945
943,900.0,13.0,0.1,6.0,1.7831148931393377,1.4027192746844181,1.8003501509511248,1.4133381143501251
944,900.0,13.0,0.1,7.0,1.9007473212268775,1.4972052180085196,1.9034146688754734,1.5005050556726287
945,900.0,13.0,0.125,1.0,3.4736847371398616,2.678675686303034,3.3247439833280605,2.5833225920514935
946,900.0,13.0,0.125,2.0,1.8593938406487889,1.444649965473995,1.7585514840143652,1.3785402901364168
947,900.0,13.0,0.125,3.0,1.5528537229084611,1.2356009839379827,1.5377392667815974,1.2277282277723212
948,900.0,13.0,0.125,4.0,1.6014829988771626,1.2450544081559782,1.5998842991798388,1.2510461288719343
949,900.0,13.0,0.125,5.0,1.660153753392924,1.2841418927979396,1.6742653116673505,1.3128901798891655
950,900.0,13.0,0.125,6.0,1.8254214814485104,1.420449602278231,1.8700646929243179,1.4638941754554853
951,900.0,13.0,0.125,7.0,1.8876927460795805,1.4740329806981425,1.9823506336079115,1.556057480237061
952,900.0,13.0,0.15,1.0,3.326414031582944,2.5947090454122597,3.1837123526968183,2.495519703964538
953,900.0,13.0,0.15,2.0,1.8877648001881502,1.4666928585181471,1.7900299381651446,1.4022758556219028
954,900.0,13.0,0.15,3.0,1.5577663610409167,1.2156376840892666,1.5042062579575577,1.1970018656371955
955,900.0,13.0,0.15,4.0,1.581152807916571,1.2372195738189384,1.5829167759575937,1.2506771523199556
956,900.0,13.0,0.15,5.0,1.6723485202260568,1.2966789281141955,1.6904940445685626,1.3271969397277585
957,900.0,13.0,0.15,6.0,1.81125493755445,1.4163809870648578,1.855872127726305,1.4722833328847824
958,900.0,13.0,0.15,7.0,1.917085108627448,1.5132620697149732,1.927975971713703,1.5321291038539804
959,900.0,13.0,0.175,1.0,3.3305909910038056,2.59282208375857,3.190912956932029,2.499402018161814
960,900.0,13.0,0.175,2.0,1.8767658661432984,1.4613222097077956,1.7881692613117606,1.4099123504997362
961,900.0,13.0,0.175,3.0,1.6120335745018846,1.2776842710620457,1.5472833693091677,1.2281826127568263
962,900.0,13.0,0.175,4.0,1.649499877287905,1.2888148338828005,1.631292315648294,1.2717522294788164
963,900.0,13.0,0.175,5.0,1.764281888530235,1.3859968838782177,1.7692985751208716,1.3937339649859313
964,900.0,13.0,0.175,6.0,1.8791067793636205,1.4844465367910324,1.8682269482065792,1.4559131907625247
965,900.0,13.0,0.175,7.0,2.0362211353275748,1.5914485669482366,2.0125801731994244,1.5923113537636733
966,900.0,13.0,0.2,1.0,3.8001481033007156,2.923015994434771,3.6948335133745562,2.871233890452649
967,900.0,13.0,0.2,2.0,1.8531319959808046,1.4389414712808588,1.7368149661905234,1.3483434050760787
968,900.0,13.0,0.2,3.0,1.6068126451806162,1.2693343753050195,1.5339219772937855,1.2403673030041105
969,900.0,13.0,0.2,4.0,1.6750280834051297,1.2950538549017412,1.684752629080538,1.3070705122140645
970,900.0,13.0,0.2,5.0,1.7778787617502168,1.396635017689839,1.8165845401420653,1.4310708021399254
971,900.0,13.0,0.2,6.0,1.9476287714318157,1.5168532539182793,1.9117989533281237,1.4834440992093183
972,900.0,13.0,0.2,7.0,2.0396468098888447,1.6031471547845266,2.0374219104728155,1.60667532018258
973,900.0,13.0,0.225,1.0,3.7586644875707074,2.8871461740867317,3.6480933003889264,2.8259613909619303
974,900.0,13.0,0.225,2.0,1.8557564164686027,1.432573595360068,1.7747989487798717,1.3894740785104227
975,900.0,13.0,0.225,3.0,1.675254641056986,1.3190227711635907,1.5876517718382324,1.2627696864764275
976,900.0,13.0,0.225,4.0,1.6005925784160622,1.2424265308628941,1.5517209012298216,1.2247302910627775
977,900.0,13.0,0.225,5.0,1.796850717555516,1.395479143391573,1.8038169615475046,1.4152675288919854
978,900.0,13.0,0.225,6.0,1.8413040013169184,1.4395846166090878,1.8734948703687302,1.4755965380302045
979,900.0,13.0,0.225,7.0,1.9568913234808851,1.5347744108681332,2.009566223883659,1.5909508868475581
980,900.0,13.0,0.25,1.0,3.3361629581973977,2.5994485081452763,3.1828836735798625,2.477352940106175
981,900.0,13.0,0.25,2.0,1.8747507327931492,1.4467310858585685,1.7769579009865077,1.3695292050663475
982,900.0,13.0,0.25,3.0,1.7250884469253236,1.3439873123012807,1.6237627780555184,1.2755783338219837
983,900.0,13.0,0.25,4.0,1.6968788132595847,1.3104881601636906,1.6759729593526729,1.3083609658306987
984,900.0,13.0,0.25,5.0,1.828822224594134,1.410471521470061,1.8191015917254791,1.429363178637997
985,900.0,13.0,0.25,6.0,1.9147829746447045,1.4911336429403323,1.9173919052969606,1.4934283412634581
986,900.0,13.0,0.25,7.0,2.014583222111098,1.58981709940282,2.031534354318213,1.5906967748512293
987,900.0,13.0,0.275,1.0,3.634798250152014,2.8088134456822282,3.5592716318386426,2.7633714763334094
988,900.0,13.0,0.275,2.0,1.9876214288129828,1.5327938489703596,1.9134056769055607,1.484328247440828
989,900.0,13.0,0.275,3.0,1.719370745575982,1.3382072496725308,1.6679002265832428,1.3069282284239423
990,900.0,13.0,0.275,4.0,1.7937596864050847,1.394166259268743,1.8010051069451376,1.4035946517501376
991,900.0,13.0,0.275,5.0,1.8295332997185492,1.4384238130106397,1.7809881123858866,1.390489324318692
992,900.0,13.0,0.275,6.0,1.9588803081501596,1.5157075689578827,1.9641442596132173,1.5357235902202055
993,900.0,13.0,0.275,7.0,2.1091302217177628,1.6200271599574771,2.066355074818445,1.6097558178340146
994,900.0,13.0,0.3,1.0,3.383825999189549,2.6724571366402787,3.2357644977268976,2.552370212661156
995,900.0,13.0,0.3,2.0,1.9454194019994606,1.4996654408244932,1.8699639674834687,1.4539226697366698
996,900.0,13.0,0.3,3.0,1.7552292337851965,1.381853370215848,1.7051417788050434,1.3561573937246254
997,900.0,13.0,0.3,4.0,1.8698273375309955,1.4485301863565652,1.7871980840570676,1.4058073915521578
998,900.0,13.0,0.3,5.0,1.8702072046346803,1.4581211711652686,1.8270484601533665,1.4102642774407077
999,900.0,13.0,0.3,6.0,1.964093379607323,1.5471861281030557,1.9382413996216028,1.5296089612358115
1000,900.0,13.0,0.3,7.0,2.1061263453669072,1.6476845572571892,2.1046544287357984,1.6385188993721753
1001,900.0,14.0,0.05,1.0,3.8139268840916976,2.9702228013359098,3.674662565012526,2.870633628590581
1002,900.0,14.0,0.05,2.0,2.0028986514000526,1.5915903727675866,1.9326194330054864,1.5404439859706123
1003,900.0,14.0,0.05,3.0,1.601945328091033,1.265072865467552,1.561969593023103,1.238182865708185
1004,900.0,14.0,0.05,4.0,1.5712123092776307,1.2414646800330633,1.5393551865528992,1.2079694230205695
1005,900.0,14.0,0.05,5.0,1.7379907480732018,1.361398585286274,1.7264543321945018,1.3417650375845718
1006,900.0,14.0,0.05,6.0,1.8061452781296656,1.4226326623294232,1.812037908058143,1.4291350216155638
1007,900.0,14.0,0.05,7.0,1.9429253802865698,1.526681241801142,1.9485559455231394,1.540160769593685
1008,900.0,14.0,0.075,1.0,3.671589698659852,2.8619419125304955,3.511867207323834,2.7563088856041786
1009,900.0,14.0,0.075,2.0,2.0026017143185433,1.5737421313715012,1.907534981164665,1.5130502306816274
1010,900.0,14.0,0.075,3.0,1.6012465604470978,1.2588283914994598,1.5429188203210373,1.2191315147350479
1011,900.0,14.0,0.075,4.0,1.55645779641312,1.222452973226937,1.5455972508388092,1.207334506897712
1012,900.0,14.0,0.075,5.0,1.6862835673082903,1.3267264831808303,1.6877410124813614,1.3228715995950202
1013,900.0,14.0,0.075,6.0,1.8077958289061893,1.4154429591536672,1.8027525676909342,1.413602384428148
1014,900.0,14.0,0.075,7.0,1.9456690026573422,1.5414246345864913,1.9605660416389719,1.5400692797713917
1015,900.0,14.0,0.1,1.0,3.8848695228638572,3.0264128080397974,3.7306681450717543,2.9120901061793374
1016,900.0,14.0,0.1,2.0,1.9929763143676542,1.569034538203257,1.9291463472757477,1.5379859325181473
1017,900.0,14.0,0.1,3.0,1.587282682017627,1.243989619100082,1.5432957481904304,1.2256862487567919
1018,900.0,14.0,0.1,4.0,1.6184486147457224,1.2753376261736675,1.5888641981593963,1.2432368568864827
1019,900.0,14.0,0.1,5.0,1.7612555434503103,1.3695961076368826,1.741154748192804,1.3594381568979834
1020,900.0,14.0,0.1,6.0,1.8042107951479986,1.4044486301214947,1.8014417711699036,1.4072809514158426
1021,900.0,14.0,0.1,7.0,1.9903030946777058,1.56383373105129,1.9794987104503,1.5466665232201735
1022,900.0,14.0,0.125,1.0,3.672406794307384,2.858754874129701,3.506349193408661,2.749185213634074
1023,900.0,14.0,0.125,2.0,1.8651100722081801,1.462370549055274,1.7863962028906037,1.4190083992871971
1024,900.0,14.0,0.125,3.0,1.597391860889454,1.2590014398579228,1.5723847310978656,1.24096186717
1025,900.0,14.0,0.125,4.0,1.630981108066732,1.2850172536819877,1.5911283719135607,1.244277338300315
1026,900.0,14.0,0.125,5.0,1.7279151524444596,1.3593180321789449,1.679327510935528,1.328893032173858
1027,900.0,14.0,0.125,6.0,1.8754252701633236,1.4657807687821336,1.8562521413975328,1.4562073907676252
1028,900.0,14.0,0.125,7.0,1.8435964024890463,1.4434853208364544,1.8613647005482066,1.4681929911403486
1029,900.0,14.0,0.15,1.0,3.95196305876327,3.0829736104153667,3.793475384093053,2.9580765222557837
1030,900.0,14.0,0.15,2.0,2.064254318724188,1.6237863751832784,1.9660201240819795,1.5603481185396033
1031,900.0,14.0,0.15,3.0,1.6019464883489758,1.2762761993573895,1.543024915028061,1.2374106982545756
1032,900.0,14.0,0.15,4.0,1.636507257437008,1.2783055847045068,1.6060565689861153,1.2663875288379023
1033,900.0,14.0,0.15,5.0,1.7200780887332738,1.3547337711860092,1.7164574842702642,1.349451051778494
1034,900.0,14.0,0.15,6.0,1.812834462541292,1.415697196448701,1.8564667845403826,1.4454799813415347
1035,900.0,14.0,0.15,7.0,1.9637803107852323,1.5306578998305718,1.9718954791160002,1.5641579393766014
1036,900.0,14.0,0.175,1.0,3.6031686820509163,2.8321774299343723,3.430612709626987,2.7176095768666566
1037,900.0,14.0,0.175,2.0,1.8361029319279991,1.4264504580700477,1.7703611723451116,1.406783989561521
1038,900.0,14.0,0.175,3.0,1.6277798691999605,1.2890346238629062,1.5864386478354358,1.265289036981548
1039,900.0,14.0,0.175,4.0,1.6734778692493,1.3180873601728473,1.6367623463635619,1.290985420153004
1040,900.0,14.0,0.175,5.0,1.8500696450417413,1.4520384956817236,1.7609815952199215,1.3845502706519441
1041,900.0,14.0,0.175,6.0,1.8367233466187174,1.4465769561361514,1.8370062968203185,1.4349295176486456
1042,900.0,14.0,0.175,7.0,1.9666409333991437,1.5398826074874448,1.8984810852752727,1.4995061001929264
1043,900.0,14.0,0.2,1.0,3.74968645225033,2.93051926071037,3.593319602537183,2.8220388946364285
1044,900.0,14.0,0.2,2.0,1.82191838389679,1.4046536286852178,1.7352577377554017,1.3673239937051471
1045,900.0,14.0,0.2,3.0,1.6305030486938457,1.298710376301272,1.5789499296614207,1.2781781191572883
1046,900.0,14.0,0.2,4.0,1.7060008498223045,1.3459546929998818,1.7325077049774205,1.3735608845524412
1047,900.0,14.0,0.2,5.0,1.832146606124849,1.4300834816911723,1.8432971728546002,1.4533295600169507
1048,900.0,14.0,0.2,6.0,1.9186588987040731,1.522981033659892,1.8872639216684575,1.4850599089430923
1049,900.0,14.0,0.2,7.0,2.0947990557974903,1.6381111598033626,2.0233863365982763,1.5895681084593138
1050,900.0,14.0,0.225,1.0,3.808175286257568,2.9821794048844237,3.67365292754487,2.885380886698429
1051,900.0,14.0,0.225,2.0,1.8809049926011052,1.4382421170329371,1.8051013717472721,1.4022620375972614
1052,900.0,14.0,0.225,3.0,1.7778513650928816,1.4045881278578485,1.703835490965112,1.3622725670415397
1053,900.0,14.0,0.225,4.0,1.6555496907188365,1.300566390531856,1.6161904101388649,1.2655133709590773
1054,900.0,14.0,0.225,5.0,1.7692869579750856,1.3931731278289334,1.7477029443164047,1.3834725484935668
1055,900.0,14.0,0.225,6.0,1.8396930648196501,1.4318766444953681,1.8096870517392893,1.4243181479661133
1056,900.0,14.0,0.225,7.0,2.116649258184296,1.6503675585362416,2.0453133771740135,1.6205497857281626
1057,900.0,14.0,0.25,1.0,4.019332893486887,3.1126828252753693,3.8926320984982037,3.0403862004797975
1058,900.0,14.0,0.25,2.0,1.9878254803037654,1.5399670104003775,1.8907351666757306,1.4892121603213873
1059,900.0,14.0,0.25,3.0,1.720056784176498,1.3434670197885807,1.68912472859753,1.3345843462427924
1060,900.0,14.0,0.25,4.0,1.7524110477303192,1.3639439000255724,1.7223367030970531,1.3510160248897487
1061,900.0,14.0,0.25,5.0,1.7662467444094367,1.3850154170041744,1.7804194851617288,1.4033900457998747
1062,900.0,14.0,0.25,6.0,1.9637457783342083,1.5365618645610581,1.9301193196901012,1.5027151839078043
1063,900.0,14.0,0.25,7.0,2.0268275304603716,1.600321019969663,1.9764062362306378,1.5575496343971553
1064,900.0,14.0,0.275,1.0,3.8786082655125784,3.0509203434108563,3.755321734307507,2.9592252601510984
1065,900.0,14.0,0.275,2.0,1.7990185272254904,1.4055617462957488,1.7461432330496285,1.3697301990525201
1066,900.0,14.0,0.275,3.0,1.7720339742915152,1.4017978148448655,1.6903709713755226,1.3426030125544195
1067,900.0,14.0,0.275,4.0,1.7997403988284078,1.3901141304970488,1.7236092360189679,1.355692187569092
1068,900.0,14.0,0.275,5.0,1.837509511828549,1.4227651281542748,1.8275364541107082,1.4306638979311435
1069,900.0,14.0,0.275,6.0,1.9167498638635814,1.5050971281611123,1.8783483987249046,1.468243376945124
1070,900.0,14.0,0.275,7.0,2.220357432201395,1.7330357116380546,2.1559643053451687,1.6989776662137934
1071,900.0,14.0,0.3,1.0,3.8235224536104075,2.9857512510516413,3.7147334077414014,2.9120184156473594
1072,900.0,14.0,0.3,2.0,2.0323272338563383,1.55591160547048,1.945616740153976,1.5244091118427423
1073,900.0,14.0,0.3,3.0,1.7493827889257216,1.3752519614235388,1.738473859699436,1.372002597822204
1074,900.0,14.0,0.3,4.0,1.8207933351418508,1.4077680862526645,1.7526674219577039,1.3783116880690047
1075,900.0,14.0,0.3,5.0,1.912960492547179,1.483533210784415,1.87350549555983,1.4490384998602104
1076,900.0,14.0,0.3,6.0,2.0011647747409307,1.5502007721885511,1.9217014520910867,1.4958470953486782
1077,900.0,14.0,0.3,7.0,2.177351452719459,1.7107585584270883,2.0551678915686615,1.6126407707291737
1078,900.0,15.0,0.05,1.0,4.037525431621517,3.141329684187623,3.9106511805264947,3.0480812830999993
1079,900.0,15.0,0.05,2.0,1.8739119553721841,1.4778244282441975,1.8123128999714777,1.439482477191477
1080,900.0,15.0,0.05,3.0,1.5754328660678707,1.2454307712495243,1.5510203311056465,1.2357390889132691
1081,900.0,15.0,0.05,4.0,1.5818489442796573,1.2433673086092119,1.569713695796544,1.2335875807819425
1082,900.0,15.0,0.05,5.0,1.6788965508434792,1.3115117149212543,1.6917409613878356,1.3090991390101363
1083,900.0,15.0,0.05,6.0,1.8130949616313619,1.4203289552357636,1.813771401244323,1.4090866228172345
1084,900.0,15.0,0.05,7.0,1.9038232028687585,1.487087638955505,1.9556160743708049,1.540461051296017
1085,900.0,15.0,0.075,1.0,4.019057605861581,3.132863709272639,3.8830684910911093,3.025371542857578
1086,900.0,15.0,0.075,2.0,1.8069352650864068,1.4252366481638543,1.7515300607626971,1.3914346144344691
1087,900.0,15.0,0.075,3.0,1.5396453914730208,1.218369664442723,1.5192836630824638,1.2114767525889307
1088,900.0,15.0,0.075,4.0,1.5536483557509684,1.2119285382853227,1.5516936342615837,1.2073160995052792
1089,900.0,15.0,0.075,5.0,1.738376920924744,1.3666000111893468,1.733783543143026,1.35414734644398
1090,900.0,15.0,0.075,6.0,1.7878824971114955,1.3919135538170115,1.7952570908829433,1.4033053522416763
1091,900.0,15.0,0.075,7.0,1.8790209413601868,1.4809214508670905,1.9296118859312639,1.5138902575837114
1092,900.0,15.0,0.1,1.0,3.8741127097341943,3.017396377861495,3.718167856849581,2.9064839213035176
1093,900.0,15.0,0.1,2.0,1.8678885358938795,1.4599707097188006,1.8305884156234613,1.451170319443421
1094,900.0,15.0,0.1,3.0,1.5691663591817464,1.2266403237479508,1.537570967852258,1.2284802032646385
1095,900.0,15.0,0.1,4.0,1.6011809541018331,1.2534675039315062,1.595988283554957,1.2548738153761694
1096,900.0,15.0,0.1,5.0,1.6965620586873134,1.3211129600445979,1.686941663924181,1.3214516435158628
1097,900.0,15.0,0.1,6.0,1.774068753128968,1.3922143930822921,1.7932780209261001,1.4154492663878886
1098,900.0,15.0,0.1,7.0,1.853271772241307,1.458432554131215,1.8749530346016978,1.475457781400062
1099,900.0,15.0,0.125,1.0,3.7909399487286612,2.9745476587124267,3.6389052684760834,2.8603802078298695
1100,900.0,15.0,0.125,2.0,1.8946921293521801,1.4831843350491059,1.8524088042899023,1.4711917869500193
1101,900.0,15.0,0.125,3.0,1.5595051799718886,1.2266776710840082,1.5630050686801817,1.2401856759468044
1102,900.0,15.0,0.125,4.0,1.6401782303277752,1.2980395146328045,1.6338137385412015,1.2814430795488974
1103,900.0,15.0,0.125,5.0,1.7615347416439342,1.3727632975268362,1.760514897392097,1.374685206453205
1104,900.0,15.0,0.125,6.0,1.8561343100377046,1.4427931768779254,1.851014515674655,1.4450787220962071
1105,900.0,15.0,0.125,7.0,1.9668022420289653,1.5363760115881109,1.931850046919797,1.514704617049219
1106,900.0,15.0,0.15,1.0,3.641001675432824,2.8730002679162925,3.5018073435053965,2.7697905420008366
1107,900.0,15.0,0.15,2.0,1.8987035252507587,1.5033060354661465,1.845066679908277,1.474370099723105
1108,900.0,15.0,0.15,3.0,1.6332921200243309,1.2814237877718275,1.569623604752837,1.24480764477747
1109,900.0,15.0,0.15,4.0,1.6000092492627769,1.2649576529621436,1.5698372641550367,1.2288424447464636
1110,900.0,15.0,0.15,5.0,1.7528939431360337,1.374173482121894,1.730631887608072,1.3583519199858942
1111,900.0,15.0,0.15,6.0,1.8057383779045049,1.416785866478798,1.852995064118344,1.4577784112114123
1112,900.0,15.0,0.15,7.0,1.9256349518296005,1.5122611242497732,1.9715177239900923,1.5439495880548102
1113,900.0,15.0,0.175,1.0,3.9854543189929,3.109557741557453,3.853597876853426,3.0203986427899254
1114,900.0,15.0,0.175,2.0,1.9691397145466394,1.5236759404414617,1.907392649302096,1.5015822084165928
1115,900.0,15.0,0.175,3.0,1.6326434847220326,1.2723709033196053,1.592076176859607,1.254620083020803
1116,900.0,15.0,0.175,4.0,1.6840495078711613,1.326469070195798,1.6305771489534415,1.2785329530220075
1117,900.0,15.0,0.175,5.0,1.7763888463138153,1.3819977219168076,1.8079993568721702,1.4137643291277469
1118,900.0,15.0,0.175,6.0,1.9581050344220887,1.5358802877218787,1.8952110288519735,1.470132803863181
1119,900.0,15.0,0.175,7.0,1.941534849797243,1.538034723934789,1.9747472042139271,1.5442865886286772
1120,900.0,15.0,0.2,1.0,4.031925892267302,3.167483814681292,3.878785766047711,3.0335958920356028
1121,900.0,15.0,0.2,2.0,2.001914143791872,1.5467723638362858,1.953838684799426,1.5370647515791138
1122,900.0,15.0,0.2,3.0,1.6114908252714324,1.2676129553507554,1.5753404911005295,1.2570256407203666
1123,900.0,15.0,0.2,4.0,1.72503345218438,1.3591027567358953,1.7113635307603197,1.34749634836217
1124,900.0,15.0,0.2,5.0,1.8783720949189788,1.4637770930311653,1.8558794129476817,1.4446905100001923
1125,900.0,15.0,0.2,6.0,1.97112815229427,1.527061308299295,1.9605384512890698,1.532748938142924
1126,900.0,15.0,0.2,7.0,2.014040365848554,1.588167258585163,1.9696961813770748,1.5742077970065724
1127,900.0,15.0,0.225,1.0,4.034459788432605,3.150019161599288,3.9153212870766394,3.0652440977131064
1128,900.0,15.0,0.225,2.0,1.8280352557098207,1.4356138583687517,1.7931490615125125,1.4023865710025363
1129,900.0,15.0,0.225,3.0,1.7439587908595655,1.3614823176229114,1.6795335425143318,1.323055262339234
1130,900.0,15.0,0.225,4.0,1.679685606205358,1.306639839851135,1.6258157718233543,1.2827726846675889
1131,900.0,15.0,0.225,5.0,1.8098111539111905,1.3978736928949902,1.8309493189094752,1.4120158695585245
1132,900.0,15.0,0.225,6.0,1.91444945558778,1.5073593885529426,1.8529455073942378,1.4719685648346523
1133,900.0,15.0,0.225,7.0,2.091511198322519,1.6401805794883708,2.005049796378496,1.5917611072596936
1134,900.0,15.0,0.25,1.0,3.69945779993042,2.918072773074077,3.564159757713643,2.815993002598948
1135,900.0,15.0,0.25,2.0,1.9124774537762954,1.4995641662354533,1.8774683780363344,1.4860473201092497
1136,900.0,15.0,0.25,3.0,1.7772314528639095,1.395180533425449,1.743239208891558,1.3759486212704748
1137,900.0,15.0,0.25,4.0,1.7043195038182288,1.3414180699739786,1.7223245366902191,1.3414594514620886
1138,900.0,15.0,0.25,5.0,1.775207974293842,1.379437478289151,1.8217262088368045,1.4185017905369754
1139,900.0,15.0,0.25,6.0,1.8723750302467508,1.4558681097437132,1.8896239976713043,1.475183678009141
1140,900.0,15.0,0.25,7.0,1.9833571658433267,1.52721776436733,1.9409417998948761,1.5197526029014203
1141,900.0,15.0,0.275,1.0,3.614212263968118,2.8844396551546434,3.493136683583925,2.7856369933081173
1142,900.0,15.0,0.275,2.0,2.0810496679981827,1.6123970129238219,2.0309722489281725,1.5903767044652146
1143,900.0,15.0,0.275,3.0,1.848513770153816,1.4700468882788058,1.8016655539750699,1.4161971837404408
1144,900.0,15.0,0.275,4.0,1.7955232156972656,1.398664164903029,1.7384872074733349,1.3622339964578072
1145,900.0,15.0,0.275,5.0,1.8809442388066053,1.4802884943981465,1.8704022418536337,1.4588094354962833
1146,900.0,15.0,0.275,6.0,1.9318581449977197,1.5080518171793738,1.9363048434285521,1.5241350458673195
1147,900.0,15.0,0.275,7.0,2.105524869800128,1.6480284235950158,2.082160700882747,1.6280569468611596
1148,900.0,15.0,0.3,1.0,3.805319299365999,3.030096582620506,3.6886854209847533,2.941759554475814
1149,900.0,15.0,0.3,2.0,2.0702262004212617,1.618526102950549,2.0516838708925134,1.6220530372676614
1150,900.0,15.0,0.3,3.0,1.7816049090154735,1.409291228552363,1.74601166589658,1.3895937090288428
1151,900.0,15.0,0.3,4.0,1.829605001611274,1.4108810372192215,1.7856105550316614,1.4138118420087926
1152,900.0,15.0,0.3,5.0,1.9147101477874666,1.498979832788736,1.9089076029713274,1.5176699609999968
1153,900.0,15.0,0.3,6.0,2.0197579688973732,1.568951620349996,1.9540757985836756,1.5136890445540685
1154,900.0,15.0,0.3,7.0,2.1649759202669743,1.6919434650658454,2.086783013653701,1.6260293409689939
1155,900.0,16.0,0.05,1.0,4.17671726216433,3.264974108900833,4.023745306493011,3.1504932937925476
1156,900.0,16.0,0.05,2.0,1.9972456344809566,1.5798681003742865,1.9586951088412898,1.5613497892845274
1157,900.0,16.0,0.05,3.0,1.7001214415929904,1.3463502579801712,1.6819945422761764,1.3476715661423855
1158,900.0,16.0,0.05,4.0,1.6388527240316726,1.2844176924994795,1.6054097750234038,1.2637291373137278
1159,900.0,16.0,0.05,5.0,1.7238739489231245,1.3497785126193702,1.712706341281201,1.344115397446768
1160,900.0,16.0,0.05,6.0,1.8214882107991106,1.4340178875157468,1.8398610063373617,1.4410211234584793
1161,900.0,16.0,0.05,7.0,1.9033759188318977,1.501880982788987,1.90333896515005,1.4955280231312882
1162,900.0,16.0,0.075,1.0,4.212845064310393,3.2923554539353708,4.05062770379587,3.169934996208121
1163,900.0,16.0,0.075,2.0,2.1973864910837566,1.7388594409536835,2.139224863885915,1.7072150067652356
1164,900.0,16.0,0.075,3.0,1.6389627887393243,1.2901031668770493,1.6087935590668219,1.276324413469949
1165,900.0,16.0,0.075,4.0,1.6475203184992169,1.2885073139933911,1.6206702992208366,1.274738878182276
1166,900.0,16.0,0.075,5.0,1.722268736973856,1.3443795471425317,1.7203379782989787,1.3499041409475088
1167,900.0,16.0,0.075,6.0,1.7984637681174387,1.3984622703901728,1.8278702257992658,1.4307826556321923
1168,900.0,16.0,0.075,7.0,1.9365443018532622,1.503682573522279,1.9411915589950384,1.5357314679717207
1169,900.0,16.0,0.1,1.0,4.2915200872797685,3.343939237582009,4.125025141331419,3.221634823226633
1170,900.0,16.0,0.1,2.0,2.0326425988336347,1.600505274781875,1.9729964006083527,1.5720684214014051
1171,900.0,16.0,0.1,3.0,1.6565401262907107,1.3062547754132816,1.619402721161211,1.2826631946206979
1172,900.0,16.0,0.1,4.0,1.65870888873799,1.310761711101688,1.629776743759551,1.2964390474989742
1173,900.0,16.0,0.1,5.0,1.7833020574094671,1.384291238853983,1.7654824242457754,1.3856751537005934
1174,900.0,16.0,0.1,6.0,1.799974386320565,1.4008518108960288,1.8362538793755525,1.4384923891748194
1175,900.0,16.0,0.1,7.0,1.9122596651582324,1.4881037908843433,1.9162189004182522,1.5069459504046872
1176,900.0,16.0,0.125,1.0,4.1353536137849725,3.223934830719264,3.960403317609351,3.092984734996282
1177,900.0,16.0,0.125,2.0,2.0033538459418763,1.589665661835202,1.9632699581832818,1.571645584970394
1178,900.0,16.0,0.125,3.0,1.6913030263687747,1.3206740493383153,1.6421895232418313,1.3034050775291843
1179,900.0,16.0,0.125,4.0,1.6719333718821718,1.3144497023455957,1.6047017973862845,1.2710178325121673
1180,900.0,16.0,0.125,5.0,1.7417315575976446,1.3645648665510592,1.7508728476212967,1.3742591279091285
1181,900.0,16.0,0.125,6.0,1.8073028288518809,1.4185709853020136,1.8107525156780213,1.4255012558597928
1182,900.0,16.0,0.125,7.0,1.9399438359820607,1.5083199982806068,1.9297860086985474,1.5198832883771924
1183,900.0,16.0,0.15,1.0,4.207683326593039,3.286985025915109,4.039792175814651,3.1596522614055575
1184,900.0,16.0,0.15,2.0,2.0521775593553637,1.6098601582603191,2.011047100710625,1.5938412597326928
1185,900.0,16.0,0.15,3.0,1.666802876761779,1.3112531338386497,1.6307637842829952,1.283979586670859
1186,900.0,16.0,0.15,4.0,1.6616484798318987,1.3061287488280202,1.6227722236226492,1.2786435471900364
1187,900.0,16.0,0.15,5.0,1.7412817947435488,1.365602170934945,1.7205228046014374,1.3570239964832993
1188,900.0,16.0,0.15,6.0,1.8199016171033495,1.4233394020068764,1.813713729277104,1.427104538068247
1189,900.0,16.0,0.15,7.0,1.9720144447447465,1.5370976704225323,1.9558613652479708,1.5584108007160493
1190,900.0,16.0,0.175,1.0,4.149914677876189,3.246569281551669,3.9988165112805514,3.1354303428907326
1191,900.0,16.0,0.175,2.0,2.3377923173388617,1.8245481888649013,2.252579805447899,1.7804913700840048
1192,900.0,16.0,0.175,3.0,1.7193911519979757,1.348641725634318,1.6457899100362088,1.2952186084835537
1193,900.0,16.0,0.175,4.0,1.7415459989294417,1.3627716887339916,1.687290074400258,1.327707257362908
1194,900.0,16.0,0.175,5.0,1.817619547599224,1.4156368432126523,1.7844366588562564,1.3967643304564945
1195,900.0,16.0,0.175,6.0,1.9737812377838415,1.5353978171132894,1.9455241642010312,1.5222791200553087
1196,900.0,16.0,0.175,7.0,2.0036917240205976,1.5494980341406,1.9474933965856358,1.5258113116279892
1197,900.0,16.0,0.2,1.0,4.41426291787546,3.459934819034791,4.256904471889961,3.3413312859193214
1198,900.0,16.0,0.2,2.0,2.0550757098379893,1.6107929000830865,2.0043036002845764,1.5820732769035184
1199,900.0,16.0,0.2,3.0,1.771603121072302,1.3936124936983334,1.7200695518294258,1.3764237416029836
1200,900.0,16.0,0.2,4.0,1.785519951684182,1.4139587196858274,1.7830850284918947,1.401412581864582
1201,900.0,16.0,0.2,5.0,1.9214378586787515,1.482769881018816,1.8538947589172252,1.4452597520578199
1202,900.0,16.0,0.2,6.0,2.006813871696641,1.5366448776530395,1.949819278218552,1.5224491597644032
1203,900.0,16.0,0.2,7.0,2.067879617334749,1.602951688025548,2.019174058276167,1.6035112791847628
1204,900.0,16.0,0.225,1.0,4.124495717413911,3.2532641060990963,3.994685751467516,3.164538487968486
1205,900.0,16.0,0.225,2.0,1.9003051888237683,1.5017650838791137,1.8755149841518988,1.4742349717418592
1206,900.0,16.0,0.225,3.0,1.840717278383364,1.4412565163657887,1.7580684621767633,1.4036952576994415
1207,900.0,16.0,0.225,4.0,1.6929589021729698,1.3244693154114908,1.6674077389720965,1.3188535714346872
1208,900.0,16.0,0.225,5.0,1.7457058524442488,1.370655806401417,1.7445484324734808,1.3544735574075721
1209,900.0,16.0,0.225,6.0,1.8977168669672189,1.458138226627666,1.8629358738163357,1.4670454084086786
1210,900.0,16.0,0.225,7.0,2.060104092955577,1.6247472663654838,2.003958996233649,1.5886183322883476
1211,900.0,16.0,0.25,1.0,4.230946321964746,3.3009003432981725,4.066672092595492,3.1857313302660706
1212,900.0,16.0,0.25,2.0,2.522624756502904,1.970405727249549,2.446972638143533,1.9341266041435758
1213,900.0,16.0,0.25,3.0,1.8859227785273815,1.4774909312994133,1.8720025513498801,1.4823029687116904
1214,900.0,16.0,0.25,4.0,1.8003140442354508,1.382616797173014,1.8430677262643722,1.4315353174005645
1215,900.0,16.0,0.25,5.0,1.8208765687781083,1.41897689612183,1.8418780445834493,1.4552233888631898
1216,900.0,16.0,0.25,6.0,1.8234388230438614,1.4381770383677082,1.8354051857320453,1.4516929506036969
1217,900.0,16.0,0.25,7.0,1.8994220086679103,1.4839615720049075,1.9346614919745952,1.527907519261801
1218,900.0,16.0,0.275,1.0,4.100456199893127,3.210451853261769,3.9572109445206602,3.1141986353322304
1219,900.0,16.0,0.275,2.0,2.254753469335995,1.7303240143132836,2.1911733355775276,1.7128131592058877
1220,900.0,16.0,0.275,3.0,1.8695930612795024,1.478025155117888,1.7956315502648519,1.4261080093614782
1221,900.0,16.0,0.275,4.0,1.9443750309174916,1.5137734649132821,1.8705672557061288,1.485550248103655
1222,900.0,16.0,0.275,5.0,2.0021127465526924,1.5625674166787913,1.9864712122917492,1.5545996739294814
1223,900.0,16.0,0.275,6.0,2.041810992575722,1.6106853604431244,2.017176854975337,1.5726508954793526
1224,900.0,16.0,0.275,7.0,2.120110252158337,1.668044596488066,2.053178019544039,1.5935537352283717
1225,900.0,16.0,0.3,1.0,4.20334432081524,3.329938904417466,4.068481087229694,3.2337211694802055
1226,900.0,16.0,0.3,2.0,2.490240556796592,1.9388015150086384,2.3967040902390617,1.8933473304930795
1227,900.0,16.0,0.3,3.0,1.8259066474195855,1.4322886916233442,1.795392648436871,1.42122609956822
1228,900.0,16.0,0.3,4.0,1.9757613355801096,1.5182187754819108,1.8940099821522571,1.4939777546833775
1229,900.0,16.0,0.3,5.0,2.020389594071113,1.5719767809427367,1.941409863487315,1.505480337627343
1230,900.0,16.0,0.3,6.0,2.123297705739917,1.642942099764187,2.047043942621941,1.5999357803727172
1231,900.0,16.0,0.3,7.0,2.1471922456286254,1.6751003934508037,2.0244169734603887,1.605418852625013
1232,900.0,17.0,0.05,1.0,4.568235221245072,3.582171504027404,4.413342276283985,3.4620674279663874
1233,900.0,17.0,0.05,2.0,2.0238114141648187,1.585675877328049,2.0021560864368424,1.5863276325050224
1234,900.0,17.0,0.05,3.0,1.7366339639266029,1.3778895329145353,1.7353712924499891,1.3835504141099069
1235,900.0,17.0,0.05,4.0,1.6456433768211154,1.2965499076764995,1.6147917020068099,1.2647018476237313
1236,900.0,17.0,0.05,5.0,1.7148870755283832,1.3391432963008705,1.7220249426417455,1.3429750729676095
1237,900.0,17.0,0.05,6.0,1.8294430772658252,1.4310611149877863,1.8522390122842607,1.4530029370803168
1238,900.0,17.0,0.05,7.0,1.9453747557132066,1.52679791119905,1.9319654244064985,1.5291057293733206
1239,900.0,17.0,0.075,1.0,4.637936370371258,3.649435097951271,4.482649553119022,3.5279308824204243
1240,900.0,17.0,0.075,2.0,2.1441223144424555,1.6713078977676732,2.1294641800637653,1.6840009405411787
1241,900.0,17.0,0.075,3.0,1.7140303012115004,1.354415134268519,1.6989702944330574,1.3530808560143828
1242,900.0,17.0,0.075,4.0,1.6270894629197004,1.278628450484395,1.6175189148477132,1.264767916556552
1243,900.0,17.0,0.075,5.0,1.8058391510798966,1.415871668458457,1.8168509191239317,1.4123728522948251
1244,900.0,17.0,0.075,6.0,1.9137293080547644,1.4796335237836424,1.9296613861279037,1.509972805430034
1245,900.0,17.0,0.075,7.0,1.9541862383077242,1.542469955327919,1.9648405056151996,1.5470731476930282
1246,900.0,17.0,0.1,1.0,4.285786859255393,3.3599804099430184,4.123731314424752,3.236975544128881
1247,900.0,17.0,0.1,2.0,2.1778286254289427,1.7100649496981701,2.1518486549664324,1.710665506811677
1248,900.0,17.0,0.1,3.0,1.7172098846774186,1.3568576802908887,1.6985401816112147,1.3611060628688734
1249,900.0,17.0,0.1,4.0,1.6591809313538657,1.3100143783196876,1.6293948486633456,1.2828369471157786
1250,900.0,17.0,0.1,5.0,1.778932011445934,1.3877038497842893,1.7579691543375475,1.3757897624254212
1251,900.0,17.0,0.1,6.0,1.9067007933643574,1.478554188309818,1.8957190003965478,1.4730141634819391
1252,900.0,17.0,0.1,7.0,1.9907953433056813,1.5574941202789137,1.9634410958356607,1.5371076560264103
1253,900.0,17.0,0.125,1.0,4.337482017701168,3.3957651658674037,4.1702088538575195,3.273243689455585
1254,900.0,17.0,0.125,2.0,2.137436315972153,1.6842099344263401,2.120515461148373,1.6875155921582785
1255,900.0,17.0,0.125,3.0,1.8181388117818873,1.4432470715692862,1.7989066015423318,1.4240735427642295
1256,900.0,17.0,0.125,4.0,1.7144707637755265,1.3498574999085549,1.684598007254143,1.3285954246359233
1257,900.0,17.0,0.125,5.0,1.8477180180184531,1.447223139429781,1.8261012747401932,1.414214605067223
1258,900.0,17.0,0.125,6.0,1.893010506830087,1.4665746482018749,1.8813826572930674,1.4649996708309179
1259,900.0,17.0,0.125,7.0,1.9430319445997035,1.5315099299206545,1.945206662702671,1.5363052939365498
1260,900.0,17.0,0.15,1.0,4.320699680940861,3.3916218433253804,4.166781098784256,3.258370447634858
1261,900.0,17.0,0.15,2.0,2.281996739600142,1.796687431549643,2.2640365663750317,1.7936198440654907
1262,900.0,17.0,0.15,3.0,1.7591452251179007,1.3884391300360275,1.7502029846139995,1.3945752206304214
1263,900.0,17.0,0.15,4.0,1.6683360612623097,1.3121272978491465,1.6270887634482358,1.277211582586534
1264,900.0,17.0,0.15,5.0,1.817475471122807,1.4236660209349599,1.7955089565846447,1.4117566313335541
1265,900.0,17.0,0.15,6.0,1.867125566729355,1.4560563095754395,1.883483718759579,1.4798926858977657
1266,900.0,17.0,0.15,7.0,1.925436636806715,1.4997475134668001,1.9367420574103065,1.5237282395598502
1267,900.0,17.0,0.175,1.0,4.279392321168515,3.347231095495243,4.093959592549945,3.20647498474418
1268,900.0,17.0,0.175,2.0,2.2918294724511163,1.7795104271494129,2.2333389188056048,1.7591624311730842
1269,900.0,17.0,0.175,3.0,1.7561668441964322,1.3974656904961094,1.7239259774563216,1.3570608910231208
1270,900.0,17.0,0.175,4.0,1.7299773436111947,1.348746133983439,1.674243482237978,1.307180650020674
1271,900.0,17.0,0.175,5.0,1.8215722339034317,1.4116885719329044,1.8698585979284148,1.4580733003946695
1272,900.0,17.0,0.175,6.0,1.8952575573975865,1.483923092866722,1.882928953345235,1.4676527720808306
1273,900.0,17.0,0.175,7.0,1.930952085863064,1.5069326212913194,1.9907200772123417,1.5693846811483616
1274,900.0,17.0,0.2,1.0,4.386137247280869,3.4606006743859417,4.248337110325975,3.352035845854951
1275,900.0,17.0,0.2,2.0,3.0873669139447486,2.441911654153753,2.9715536926904473,2.361369416565157
1276,900.0,17.0,0.2,3.0,1.783803852660702,1.3977086049642873,1.7391714801479197,1.3960776743126966
1277,900.0,17.0,0.2,4.0,1.7980985377619414,1.4041648781625387,1.8447585493854959,1.4451286304861735
1278,900.0,17.0,0.2,5.0,1.8674156210003825,1.4573696833294834,1.8251722462897615,1.4313524585842183
1279,900.0,17.0,0.2,6.0,1.9104597809874617,1.482322692074652,1.904228658939488,1.4710616060455997
1280,900.0,17.0,0.2,7.0,1.9959099852185422,1.5482374415542224,2.032608251540053,1.6032562648200734
1281,900.0,17.0,0.225,1.0,3.9529866877951334,3.160846755952527,3.7633976723020086,3.0045142137361043
1282,900.0,17.0,0.225,2.0,2.1498505465655535,1.676263817641746,2.104930391624174,1.6554178080611979
1283,900.0,17.0,0.225,3.0,1.8236701574250351,1.4401667370701081,1.796615577523552,1.4273900602481258
1284,900.0,17.0,0.225,4.0,1.6981205957220638,1.3378452120114361,1.6968786057969714,1.3427372739647492
1285,900.0,17.0,0.225,5.0,1.9544060550570785,1.511286968267879,1.9427617855862191,1.502810361098055
1286,900.0,17.0,0.225,6.0,2.0318613644289685,1.6104036528504455,2.0003470329986923,1.5738646267516718
1287,900.0,17.0,0.225,7.0,2.0370914940077984,1.5833505816446158,2.0292000786742617,1.5952844879977566
1288,900.0,17.0,0.25,1.0,3.9910270795721083,3.1395296429606714,3.772960447911853,2.9830254035514887
1289,900.0,17.0,0.25,2.0,2.290665053518166,1.7585152153507284,2.255841749018744,1.760268604894672
1290,900.0,17.0,0.25,3.0,1.808924997127757,1.409915048227987,1.720750119756768,1.3780996884299799
1291,900.0,17.0,0.25,4.0,1.804493221307451,1.407880895938809,1.7760390928790528,1.4024483168101756
1292,900.0,17.0,0.25,5.0,1.8393340681430477,1.4150811094073457,1.8809709182484584,1.46046254107361
1293,900.0,17.0,0.25,6.0,1.9991376105875027,1.5434263637831018,2.0167083013192877,1.58455031672096
1294,900.0,17.0,0.25,7.0,2.118975173919457,1.662960456412598,2.085714815312709,1.6467746784711803
1295,900.0,17.0,0.275,1.0,4.128820215135611,3.2664835831613424,3.9025597122280233,3.084730567051384
1296,900.0,17.0,0.275,2.0,2.2074414220263736,1.6892632376069368,2.178598900132844,1.700038266108506
1297,900.0,17.0,0.275,3.0,2.0591428862160437,1.6159204338364122,1.913158095652586,1.5044973007194704
1298,900.0,17.0,0.275,4.0,1.9652758777364379,1.5256781809179563,1.878632987562867,1.474067796899991
1299,900.0,17.0,0.275,5.0,2.0607656915160413,1.5942989466680566,2.0559622211712063,1.5787957122120049
1300,900.0,17.0,0.275,6.0,2.023415663465709,1.579677885537273,2.011334252754233,1.5623824159616844
1301,900.0,17.0,0.275,7.0,2.116920340152525,1.6417134298921097,2.0936560691893096,1.656338389371958
1302,900.0,17.0,0.3,1.0,4.863871207960695,3.8555595657720234,4.72443003911931,3.753138861693978
1303,900.0,17.0,0.3,2.0,2.4380281761758202,1.8713387237701695,2.3735418531756394,1.8459367026124853
1304,900.0,17.0,0.3,3.0,1.768422278768785,1.4149786179585302,1.7755676553335111,1.4153284641196302
1305,900.0,17.0,0.3,4.0,1.9300735631008543,1.4960972813429925,1.8197291970957983,1.436012524969621
1306,900.0,17.0,0.3,5.0,1.9455651316164366,1.4813351404628126,1.9340134585248774,1.4830899220339393
1307,900.0,17.0,0.3,6.0,2.1230191418455133,1.627495072776977,2.111217767992971,1.6272466055007013
1308,900.0,17.0,0.3,7.0,2.1155396612476336,1.6359533915480173,2.1453198888521046,1.6908398912089906
1309,900.0,18.0,0.05,1.0,4.643762085094668,3.6705475575912114,4.483864742119569,3.524549893662107
1310,900.0,18.0,0.05,2.0,2.4353688182679827,1.8753849968750456,2.4585412020926993,1.9170757369530493
1311,900.0,18.0,0.05,3.0,1.8415730974799005,1.453953742488355,1.8283992530136226,1.4681952302466041
1312,900.0,18.0,0.05,4.0,1.7077336135056682,1.3555088896968406,1.689886269687542,1.3419631622509902
1313,900.0,18.0,0.05,5.0,1.7916900564555667,1.41923832115765,1.8293399163614632,1.4378877802849643
1314,900.0,18.0,0.05,6.0,1.9016435622202332,1.4892532472841542,1.865768031855272,1.473804058850679
1315,900.0,18.0,0.05,7.0,1.9413870512517728,1.526208802655402,1.9151032192971011,1.529953655723126
1316,900.0,18.0,0.075,1.0,4.698947557125012,3.7240167203794785,4.542649717099754,3.578788666634231
1317,900.0,18.0,0.075,2.0,2.4568171699912824,1.9033882309655992,2.4826124627269723,1.9510652719481618
1318,900.0,18.0,0.075,3.0,1.8091654510211177,1.4216579100651952,1.7797050191450585,1.412293219263767
1319,900.0,18.0,0.075,4.0,1.7447017022067401,1.3880290154241761,1.7095841627819668,1.3538229181297448
1320,900.0,18.0,0.075,5.0,1.7521117398006683,1.379000963739867,1.8025019435420062,1.4200799643781665
1321,900.0,18.0,0.075,6.0,1.8395798592408883,1.4460085574094725,1.8682180860058144,1.4901397003246017
1322,900.0,18.0,0.075,7.0,1.9470210861764934,1.5270987556087352,1.9485639794611604,1.5334455912250449
1323,900.0,18.0,0.1,1.0,4.370094184175517,3.489351879739674,4.218389365461899,3.3315328950076855
1324,900.0,18.0,0.1,2.0,2.290019756560215,1.7714802975604085,2.3259293465673796,1.8150720581005362
1325,900.0,18.0,0.1,3.0,1.8686110840161483,1.4677452241579823,1.8281261927784356,1.452295215030871
1326,900.0,18.0,0.1,4.0,1.7725905551812888,1.4049655171934736,1.7356773011491504,1.3794058351567564
1327,900.0,18.0,0.1,5.0,1.7401937040399869,1.3621001075657333,1.7656988754976024,1.3933770726055998
1328,900.0,18.0,0.1,6.0,1.8855217155495452,1.4686899266833935,1.8889186963664713,1.4887212478304441
1329,900.0,18.0,0.1,7.0,1.99759867438007,1.5586855286155943,1.9534184192051303,1.5509327674486537
1330,900.0,18.0,0.125,1.0,4.870041342993258,3.85765122416725,4.725225149888014,3.7369901900377545
1331,900.0,18.0,0.125,2.0,2.213706320651004,1.7086028603660823,2.222820295145196,1.7314226824165957
1332,900.0,18.0,0.125,3.0,1.880878047292612,1.483647783910747,1.8673486807591033,1.4936878711459762
1333,900.0,18.0,0.125,4.0,1.7624994920136332,1.3986309921673146,1.7477758003674742,1.385648218474691
1334,900.0,18.0,0.125,5.0,1.8181799595615802,1.428593337233686,1.8579702956771054,1.4684172947720844
1335,900.0,18.0,0.125,6.0,1.8145587121145943,1.4154544214254772,1.8656731145396055,1.4567775290050053
1336,900.0,18.0,0.125,7.0,2.008665499830597,1.5680087756087278,1.9790926677432916,1.5614340235930886
1337,900.0,18.0,0.15,1.0,4.880907955822169,3.8690152647438825,4.72169189435809,3.7315380142920427
1338,900.0,18.0,0.15,2.0,2.5606901449312027,1.953735316015715,2.5581766337167244,1.975303392746835
1339,900.0,18.0,0.15,3.0,1.8931032829229768,1.4913249050196082,1.8616887208470656,1.487688288749314
1340,900.0,18.0,0.15,4.0,1.7553852719968897,1.3786609882762295,1.734478467316681,1.3923164188940602
1341,900.0,18.0,0.15,5.0,1.787619387594751,1.3798415875899226,1.8080757282205635,1.4152588271786133
1342,900.0,18.0,0.15,6.0,1.8604779544142702,1.456135895418345,1.8761661492651855,1.4763500043754414
1343,900.0,18.0,0.15,7.0,1.8986568552235645,1.487792869321532,1.9488553015901169,1.5538917297326513
1344,900.0,18.0,0.175,1.0,4.7219683247331785,3.747180687565965,4.5616887740178775,3.5900096145651115
1345,900.0,18.0,0.175,2.0,2.284096768986805,1.7687841258979535,2.3247205997323577,1.8193859030643589
1346,900.0,18.0,0.175,3.0,1.854499072044172,1.4563340960955624,1.8316881658587485,1.4329237037314302
1347,900.0,18.0,0.175,4.0,1.8438591675481166,1.4568907094621624,1.8367478927723366,1.4489216467982984
1348,900.0,18.0,0.175,5.0,1.7856156837676522,1.3977870260884802,1.8530652891108852,1.4706107034975464
1349,900.0,18.0,0.175,6.0,1.885580050600273,1.474129572915569,1.9220234092811253,1.5280298166274913
1350,900.0,18.0,0.175,7.0,1.958457159483134,1.5544384336237145,1.9385437719424676,1.5536084193657567
1351,900.0,18.0,0.2,1.0,4.349707425170158,3.483914539249397,4.167962676862992,3.314140428054029
1352,900.0,18.0,0.2,2.0,2.431266314507581,1.900608331874214,2.435824335104633,1.9090556436763093
1353,900.0,18.0,0.2,3.0,1.8426908647616476,1.4386262970731931,1.7987236702196174,1.4239784811106788
1354,900.0,18.0,0.2,4.0,1.8303105186022075,1.4314502757044547,1.8127395306606269,1.429716045222727
1355,900.0,18.0,0.2,5.0,1.870077933256376,1.4801049999492748,1.907387099042925,1.5140857558578598
1356,900.0,18.0,0.2,6.0,1.9391759285291144,1.5123361875530374,1.881341582486566,1.5117194613503284
1357,900.0,18.0,0.2,7.0,2.0829179707115792,1.6160234248764727,2.06248537129779,1.628253149915655
1358,900.0,18.0,0.225,1.0,4.382362431216995,3.4969379165105017,4.208360532316572,3.3145544944327
1359,900.0,18.0,0.225,2.0,2.3691210155060816,1.8092155850546041,2.399513849784735,1.848809915448709
1360,900.0,18.0,0.225,3.0,1.9552244192536026,1.515336201654715,1.9010833589493192,1.5031324145529898
1361,900.0,18.0,0.225,4.0,1.8758761746267638,1.4632654948066557,1.8907409092013376,1.49699688080336
1362,900.0,18.0,0.225,5.0,1.866352073670469,1.4640199458958827,1.8936293947183456,1.4892418916515133
1363,900.0,18.0,0.225,6.0,1.9594692036992887,1.5359509333246124,2.0023329272126102,1.5836123324943618
1364,900.0,18.0,0.225,7.0,2.0501719568044323,1.5972583385599164,2.0719073644362034,1.6264198740830311
1365,900.0,18.0,0.25,1.0,4.231970146956801,3.375314315006198,4.042035534723752,3.206456604584553
1366,900.0,18.0,0.25,2.0,2.704899083159211,2.042563868314365,2.702475598895996,2.0456432766722474
1367,900.0,18.0,0.25,3.0,1.869406111000426,1.4429924867506168,1.836373301472255,1.4436661138708584
1368,900.0,18.0,0.25,4.0,1.9327761014414184,1.5103368444595626,1.91613760882288,1.5000051510502708
1369,900.0,18.0,0.25,5.0,1.9700251553156662,1.5065482247316657,1.924834603984611,1.5155401566962445
1370,900.0,18.0,0.25,6.0,1.953962072790519,1.5191052754033458,1.9211206888042687,1.5187690599010606
1371,900.0,18.0,0.25,7.0,2.061862005702288,1.6084215635120345,2.0642656635005827,1.6249751343143544
1372,900.0,18.0,0.275,1.0,4.588402750162934,3.6822009339880375,4.454622639991874,3.5552505058931136
1373,900.0,18.0,0.275,2.0,2.2870374448803523,1.7185949286985376,2.338327537569773,1.7552466186752795
1374,900.0,18.0,0.275,3.0,1.8587116148324256,1.4560557123133375,1.822882713767135,1.4643839185742449
1375,900.0,18.0,0.275,4.0,1.973809443735282,1.547339622017556,1.970705986068888,1.5548037745803132
1376,900.0,18.0,0.275,5.0,1.9081419633413512,1.5134245807655213,1.8800483617525898,1.4923092560742044
1377,900.0,18.0,0.275,6.0,2.130685129129253,1.6368567063754986,2.0809114970522837,1.6065058130861523
1378,900.0,18.0,0.275,7.0,2.154198556872807,1.6754575561358307,2.1261180520221847,1.687493126916186
1379,900.0,18.0,0.3,1.0,4.588588445469572,3.638851151093085,4.411887047647698,3.4781166283457114
1380,900.0,18.0,0.3,2.0,2.6532413124451817,2.0244416113295665,2.67188740379739,2.084395774977438
1381,900.0,18.0,0.3,3.0,1.8471159304487912,1.4509824996693257,1.8841460775224257,1.4864022503847127
1382,900.0,18.0,0.3,4.0,1.921766980860119,1.4933737453435032,1.929401655561913,1.5142567027813534
1383,900.0,18.0,0.3,5.0,1.9765244555536297,1.5374951420682499,1.993189508899692,1.5585838283401086
1384,900.0,18.0,0.3,6.0,2.142983314811796,1.6652792349962238,2.0428989852231414,1.6193214197559787
1385,900.0,18.0,0.3,7.0,2.2352370207305903,1.7286497725841719,2.131590600235733,1.7006622068499515
1386,900.0,19.0,0.05,1.0,5.293630930302923,4.234438749613466,5.111631435355435,4.092249208213442
1387,900.0,19.0,0.05,2.0,2.704336044355036,2.1087464610329865,2.644148889765932,2.1090875478645867
1388,900.0,19.0,0.05,3.0,1.9017646790697318,1.500151122340912,1.886135722726518,1.5070393705740988
1389,900.0,19.0,0.05,4.0,1.7931055087212409,1.4193763054012243,1.7827851558775494,1.4210161978095146
1390,900.0,19.0,0.05,5.0,1.799499383799793,1.4084108714130494,1.802678376535629,1.4214673069520762
1391,900.0,19.0,0.05,6.0,1.866861030616833,1.4576332209160514,1.8749502561897098,1.470654690401856
1392,900.0,19.0,0.05,7.0,1.9993870268906004,1.5736197247835273,2.0249004581688705,1.5981871083880317
1393,900.0,19.0,0.075,1.0,4.730771342986071,3.794988344813957,4.547471435751553,3.636813702808924
1394,900.0,19.0,0.075,2.0,2.7521533928201696,2.140611098977254,2.70241830935293,2.1548984513929725
1395,900.0,19.0,0.075,3.0,1.9515356061142506,1.5349935160184824,1.9318386417438145,1.5572956475189468
1396,900.0,19.0,0.075,4.0,1.7636624868636148,1.4016759424391203,1.7600170327779545,1.3948963212485543
1397,900.0,19.0,0.075,5.0,1.7340765996538379,1.3641860387686735,1.7822345755314153,1.4065840454025875
1398,900.0,19.0,0.075,6.0,1.8629269982681218,1.4719248104582578,1.9046362130168994,1.50265923190417
1399,900.0,19.0,0.075,7.0,1.9505954018117975,1.5231073625599334,1.97667517583408,1.5440731756958646
1400,900.0,19.0,0.1,1.0,4.402717413478052,3.5391379021692217,4.179050089186313,3.359868496746047
1401,900.0,19.0,0.1,2.0,2.67775202372288,2.0999732225736913,2.6333671944822874,2.1056292789647877
1402,900.0,19.0,0.1,3.0,1.935772979910864,1.5183775331838134,1.9065270550371052,1.5160404537963166
1403,900.0,19.0,0.1,4.0,1.756455672308397,1.3822445434573998,1.7220308224270005,1.3597485227443071
1404,900.0,19.0,0.1,5.0,1.839941244100851,1.4292522643788166,1.8300603123321302,1.4397994493908615
1405,900.0,19.0,0.1,6.0,1.856612786326277,1.447483044834386,1.8724797300067793,1.4800523885263828
1406,900.0,19.0,0.1,7.0,1.9671153896471691,1.5428923306107414,1.9704563171582306,1.540443678317225
1407,900.0,19.0,0.125,1.0,4.980030466589342,3.980813509220009,4.795605945980496,3.832627080397153
1408,900.0,19.0,0.125,2.0,2.750484617339916,2.122829655797619,2.6753843131538857,2.1076376085335853
1409,900.0,19.0,0.125,3.0,1.9962104448787636,1.5784262521684513,1.9817449772768079,1.5812284059134558
1410,900.0,19.0,0.125,4.0,1.7734106407449874,1.4001516677975359,1.7493885685687536,1.3875018875831184
1411,900.0,19.0,0.125,5.0,1.833157028720509,1.4210128261063468,1.8227076509424804,1.4433480522557873
1412,900.0,19.0,0.125,6.0,1.858479191129467,1.4527615735612769,1.9082213082570894,1.4952446784947595
1413,900.0,19.0,0.125,7.0,1.9744861768693236,1.5451514476029469,2.03281859451048,1.589274809618716
1414,900.0,19.0,0.15,1.0,4.419879574737095,3.560894217252443,4.20465072296948,3.37596383416758
1415,900.0,19.0,0.15,2.0,2.876703881833305,2.253328231264569,2.814532575769583,2.2598664949822633
1416,900.0,19.0,0.15,3.0,2.020824798268331,1.5851536375360606,1.976470569905317,1.578347511960542
1417,900.0,19.0,0.15,4.0,1.823737194052633,1.4283410872805702,1.8382013174846679,1.4536555586944728
1418,900.0,19.0,0.15,5.0,1.8424269936046187,1.4369208905410036,1.867736502909408,1.4703550628324398
1419,900.0,19.0,0.15,6.0,1.9285613654503238,1.5121265427232036,1.8734080867491936,1.472997266164184
1420,900.0,19.0,0.15,7.0,1.9713987942812496,1.5329510419483643,1.9848644687314234,1.5564893732338914
1421,900.0,19.0,0.175,1.0,4.562636665172889,3.6674199931276013,4.358806745829767,3.4800055762276525
1422,900.0,19.0,0.175,2.0,2.508672422420472,1.9455190435434913,2.4873872678150906,1.9762206436590746
1423,900.0,19.0,0.175,3.0,2.090248988460902,1.6307312818903328,2.0476016061302404,1.6201142987446666
1424,900.0,19.0,0.175,4.0,1.846192910523425,1.4562152303080556,1.833230019098601,1.4586256944950504
1425,900.0,19.0,0.175,5.0,1.9261691173952442,1.474263349865897,1.9070965739168209,1.497160169284712
1426,900.0,19.0,0.175,6.0,1.9032905392769832,1.5023610188840926,1.9259543771310692,1.4986184945224823
1427,900.0,19.0,0.175,7.0,2.019942573990017,1.5811038608075123,2.040478763826137,1.6020188567439386
1428,900.0,19.0,0.2,1.0,4.448840803717087,3.578978004284496,4.234163911309327,3.3860809132606247
1429,900.0,19.0,0.2,2.0,2.6948515229526095,2.0431578220149986,2.615458192469342,2.0179164054546916
1430,900.0,19.0,0.2,3.0,1.9006041528047106,1.4845492534414406,1.858965231094911,1.4817624949212727
1431,900.0,19.0,0.2,4.0,1.927641214767711,1.509484122229356,1.9777864450672988,1.5449116806070415
1432,900.0,19.0,0.2,5.0,1.9768002790029073,1.5357298621387367,1.9357627971617832,1.5293634619848369
1433,900.0,19.0,0.2,6.0,1.9114045797890389,1.4904684554615948,1.9392313543206354,1.5051930550240573
1434,900.0,19.0,0.2,7.0,2.0101140899380106,1.566294993682693,1.974537496879771,1.559490750131827
1435,900.0,19.0,0.225,1.0,4.7811214913145434,3.8220684192558494,4.587972165429405,3.664020462459698
1436,900.0,19.0,0.225,2.0,2.7822033780333575,2.162403597424789,2.6947498276054707,2.1241964552295762
1437,900.0,19.0,0.225,3.0,2.0300550218901074,1.6025715247879548,1.966706882018353,1.5760013512583733
1438,900.0,19.0,0.225,4.0,1.9442325150447215,1.5286984066202514,1.9212932880711358,1.5128227240946055
1439,900.0,19.0,0.225,5.0,1.9422841831893045,1.5281027207215943,1.9721097793767735,1.5606107287172957
1440,900.0,19.0,0.225,6.0,1.9748870357382513,1.5361578614233837,1.9823502480258506,1.555826755408233
1441,900.0,19.0,0.225,7.0,2.0944717737224203,1.6214808115382553,2.079448389879993,1.6134122591101785
1442,900.0,19.0,0.25,1.0,4.461247525707473,3.6141360502447544,4.274583129467042,3.464430431461128
1443,900.0,19.0,0.25,2.0,2.761682068604226,2.0817079781038075,2.6427957347856066,2.0424013559895604
1444,900.0,19.0,0.25,3.0,2.080737487989774,1.630719961396018,1.9991332577709826,1.5883783169992434
1445,900.0,19.0,0.25,4.0,1.862387173457013,1.4636489226923277,1.8758203066667223,1.4725773124952093
1446,900.0,19.0,0.25,5.0,1.9257375855866132,1.5260806456378424,1.967568457458708,1.537884037331456
1447,900.0,19.0,0.25,6.0,1.9874037431150915,1.5484583704134216,1.9277598574462471,1.504802623297278
1448,900.0,19.0,0.25,7.0,2.0481067091919694,1.6074534158636962,2.042595565888206,1.6024744423709714
1449,900.0,19.0,0.275,1.0,4.551349970659317,3.70018278750305,4.351011425866802,3.52093467932087
1450,900.0,19.0,0.275,2.0,3.017782164858809,2.269740619030424,2.885160492255525,2.2100523010177646
1451,900.0,19.0,0.275,3.0,2.1851918117014817,1.691611098238603,2.12303509943335,1.688637568383595
1452,900.0,19.0,0.275,4.0,2.004070585044983,1.5345407997432021,1.9679826261785087,1.5518151373102682
1453,900.0,19.0,0.275,5.0,2.031513640555685,1.572288014447864,1.961999298817365,1.5513318686922222
1454,900.0,19.0,0.275,6.0,2.0672875644359205,1.6093419065607701,2.03292200660615,1.5611448538632446
1455,900.0,19.0,0.275,7.0,2.074443622148888,1.6181750384860898,2.1049120454631542,1.6366754515044635
1456,900.0,19.0,0.3,1.0,4.611397152538449,3.705316239343603,4.418577276708682,3.5465617366458737
1457,900.0,19.0,0.3,2.0,2.925614632078003,2.2617404577342795,2.870211027530408,2.2295374455142265
1458,900.0,19.0,0.3,3.0,2.1138917363226026,1.6326762468652096,2.0385789619399715,1.5917836073231593
1459,900.0,19.0,0.3,4.0,2.030480041073586,1.5760876065073803,2.0540796780482116,1.6088671748157175
1460,900.0,19.0,0.3,5.0,2.0143588964206876,1.558955653675403,1.972530654154227,1.5486145610564315
1461,900.0,19.0,0.3,6.0,2.1796197784747338,1.7202646056943554,2.1777297852415094,1.6879363286842224
1462,900.0,19.0,0.3,7.0,2.217289457348268,1.7556466686264072,2.1689963477436836,1.6911663740950595
1463,900.0,20.0,0.05,1.0,5.078772439938461,4.059749554718028,4.888029073816906,3.906032195587448
1464,900.0,20.0,0.05,2.0,3.1392598831883194,2.399658181403628,3.0498121191453658,2.389749754282383
1465,900.0,20.0,0.05,3.0,2.029096011301974,1.5735880609355155,1.992149790301763,1.5864141000103351
1466,900.0,20.0,0.05,4.0,1.8900092657970013,1.48003301914001,1.8798106535701016,1.4986504749265672
1467,900.0,20.0,0.05,5.0,1.777328424677187,1.3960087565727253,1.8141633717731505,1.4413155173062946
1468,900.0,20.0,0.05,6.0,1.8953787479582898,1.4729039238221011,1.9172725809291693,1.5034330358735575
1469,900.0,20.0,0.05,7.0,2.0033096427915624,1.5659395187594631,2.043882794367582,1.6032704273627365
1470,900.0,20.0,0.075,1.0,4.646763349541065,3.739051065476584,4.442522234393857,3.5645728628899715
1471,900.0,20.0,0.075,2.0,2.860605988616399,2.153169031788386,2.773752146233569,2.1539957506077942
1472,900.0,20.0,0.075,3.0,2.1221156875598406,1.6376719138316207,2.073821866237217,1.6557665798578605
1473,900.0,20.0,0.075,4.0,2.0181461020420888,1.5788661164739388,1.9986213536212687,1.5904821791124406
1474,900.0,20.0,0.075,5.0,1.8184317944308566,1.4291058872897757,1.8339814602364972,1.4682913733853868
1475,900.0,20.0,0.075,6.0,1.9411416940681383,1.512330026600369,1.972332202232579,1.5453815472153911
1476,900.0,20.0,0.075,7.0,2.0010630547812522,1.5709167491372982,2.0646638433042845,1.6168375407211089
1477,900.0,20.0,0.1,1.0,4.662358286286666,3.748601480235737,4.456681176481472,3.570096085687766
1478,900.0,20.0,0.1,2.0,2.972085162590623,2.2837156313471203,2.8606436270288356,2.25270953267943
1479,900.0,20.0,0.1,3.0,2.1777278342762156,1.686086233117535,2.148835157721264,1.7147603691526605
1480,900.0,20.0,0.1,4.0,1.9109860242472343,1.496476764505545,1.8788468928769895,1.50926573201149
1481,900.0,20.0,0.1,5.0,1.8392470571775088,1.446840778262023,1.8404399844872006,1.4496650000374534
1482,900.0,20.0,0.1,6.0,1.9555815227749926,1.5215413121264627,2.006956642092354,1.5672781561150742
1483,900.0,20.0,0.1,7.0,2.0627984993768873,1.6115650736864038,2.061605051664769,1.625177519230946
1484,900.0,20.0,0.125,1.0,4.774904644144762,3.8371280081564008,4.582674112403543,3.6789305161789994
1485,900.0,20.0,0.125,2.0,2.812989098141604,2.1547469338819423,2.7364158509314787,2.1427698398823387
1486,900.0,20.0,0.125,3.0,2.1455149403200133,1.6482988660315276,2.141290153639253,1.7089788210914896
1487,900.0,20.0,0.125,4.0,1.869562566093405,1.4627225250369762,1.8491496689588873,1.4664832854996595
1488,900.0,20.0,0.125,5.0,1.8850066543642605,1.4689700998092052,1.8980413662747686,1.5057393823096137
1489,900.0,20.0,0.125,6.0,1.9542414877252323,1.5171755540101375,1.968297760106733,1.5143961846341163
1490,900.0,20.0,0.125,7.0,2.0044358523611665,1.5742393010291353,2.1087129433097687,1.6445277909474865
1491,900.0,20.0,0.15,1.0,4.874672238691543,3.9132588628810696,4.679090614760648,3.7436312652629145
1492,900.0,20.0,0.15,2.0,3.1618571905876838,2.4270354534449283,3.0699088524736964,2.4074916712194194
1493,900.0,20.0,0.15,3.0,2.193199733152691,1.7015389092447835,2.2019264643224052,1.759445690459253
1494,900.0,20.0,0.15,4.0,1.943251977549108,1.5188758795143464,1.919233244819896,1.5299816277845153
1495,900.0,20.0,0.15,5.0,1.8820974003830726,1.443772770222038,1.8568846316292447,1.467531204405511
1496,900.0,20.0,0.15,6.0,2.028033872770362,1.5707862090939533,1.9764296628530162,1.5356682678123257
1497,900.0,20.0,0.15,7.0,2.0209783586502414,1.5928119555735698,2.0743405152732475,1.630887151698636
1498,900.0,20.0,0.175,1.0,4.6192177635042215,3.721974109649368,4.429588706783619,3.559269771393733
1499,900.0,20.0,0.175,2.0,3.4946349263223477,2.666380670334726,3.3435155441939073,2.583813365911347
1500,900.0,20.0,0.175,3.0,2.0722624071412494,1.6081194085565627,1.9955067998664504,1.5777235294274117
1501,900.0,20.0,0.175,4.0,1.988831494397812,1.5622915033864366,1.944747899465969,1.538440736094205
1502,900.0,20.0,0.175,5.0,1.9762322191541333,1.5556466328065712,1.950005435439389,1.5620713515545992
1503,900.0,20.0,0.175,6.0,1.9433986993035135,1.5168603402531649,1.9733929156387289,1.5345397012988073
1504,900.0,20.0,0.175,7.0,2.068602167001393,1.6009404462181283,2.084546462041996,1.6333860946362322
1505,900.0,20.0,0.2,1.0,4.489727821111408,3.600073458291412,4.269348251371809,3.4499379749524905
1506,900.0,20.0,0.2,2.0,2.9818497549259835,2.2965437035039415,2.8964266035462947,2.2718908701705285
1507,900.0,20.0,0.2,3.0,2.2712643506865633,1.7607588219673584,2.174903558708706,1.7242970215417013
1508,900.0,20.0,0.2,4.0,1.9849199592171496,1.5564980103232258,1.989234263668325,1.5792218927343027
1509,900.0,20.0,0.2,5.0,2.0257452117698653,1.5723544878425022,1.9746610817007404,1.5711071606077571
1510,900.0,20.0,0.2,6.0,2.011809224560903,1.565272434825245,2.0272834291619426,1.5880723736112652
1511,900.0,20.0,0.2,7.0,2.004244126406723,1.5470451091437776,2.0292331277564473,1.5911001293203417
1512,900.0,20.0,0.225,1.0,5.204675913910005,4.160500612457646,4.991958526993746,3.985001795137916
1513,900.0,20.0,0.225,2.0,3.2199169683323206,2.494842761407401,3.151984887140893,2.471338080636463
1514,900.0,20.0,0.225,3.0,2.2791508629145296,1.7746577634063745,2.249262931468614,1.8015390337260455
1515,900.0,20.0,0.225,4.0,2.007665639288248,1.5292552985659547,1.9818995483858135,1.5532294165623148
1516,900.0,20.0,0.225,5.0,2.056969979137991,1.5846625011954898,2.1047361374977225,1.668398317863098
1517,900.0,20.0,0.225,6.0,2.0721423844867775,1.6316767445750415,2.0647159171476077,1.6039944108454551
1518,900.0,20.0,0.225,7.0,2.079644643630306,1.6242494540981143,2.034385432176805,1.6064482610081185
1519,900.0,20.0,0.25,1.0,4.657472149070705,3.771190540984785,4.449265565496871,3.585161058385063
1520,900.0,20.0,0.25,2.0,3.016104516898128,2.2579310944552984,2.9524558928411437,2.293975833809145
1521,900.0,20.0,0.25,3.0,2.2007227151176956,1.6922199543956058,2.1602524145675606,1.6935502618857097
1522,900.0,20.0,0.25,4.0,1.9599589091173002,1.5327449063561767,1.9433081151809466,1.5378624746863512
1523,900.0,20.0,0.25,5.0,2.0471699611131213,1.56359810869621,2.040813643795299,1.5878467727202965
1524,900.0,20.0,0.25,6.0,2.0642804839741564,1.6298329977046124,2.0859066811058264,1.6182804344066601
1525,900.0,20.0,0.25,7.0,2.0794844634308176,1.620096434468827,2.1126716077898475,1.662590821251291
1526,900.0,20.0,0.275,1.0,6.087800221458929,4.891353954579463,5.8765143703112495,4.72633243317061
1527,900.0,20.0,0.275,2.0,3.1712184067789484,2.3687665802325606,3.0782958324578007,2.3531871429901368
1528,900.0,20.0,0.275,3.0,2.2770736409847485,1.7652744034418637,2.240371791872087,1.7669320271325832
1529,900.0,20.0,0.275,4.0,2.057809710027762,1.5822619298461142,2.1028864608448234,1.6454321603981448
1530,900.0,20.0,0.275,5.0,2.081436467335667,1.6480640595153548,2.002240125031974,1.6057385600155971
1531,900.0,20.0,0.275,6.0,2.2137709373498464,1.7151811475088925,2.173421209532672,1.6851316988004545
1532,900.0,20.0,0.275,7.0,2.1574771989436132,1.6746334899048405,2.161781082776895,1.689632927480469
1533,900.0,20.0,0.3,1.0,4.60442813055012,3.7119441133716045,4.372801198432537,3.523052890197045
1534,900.0,20.0,0.3,2.0,2.7198450542919774,2.0549036019591913,2.6978492751064715,2.0972146727613206
1535,900.0,20.0,0.3,3.0,2.194904339995664,1.6729550215723188,2.195978675652095,1.7356116263830728
1536,900.0,20.0,0.3,4.0,2.0788243431777853,1.6350297901776178,2.0680812524047805,1.6498976963712686
1537,900.0,20.0,0.3,5.0,2.1589833745899414,1.6895058713539814,2.0848398977117606,1.6392818131450633
1538,900.0,20.0,0.3,6.0,2.042758361110184,1.5887183412977484,2.1005012661425475,1.6362157617557747
1539,900.0,20.0,0.3,7.0,2.1527079759985996,1.6783505439603854,2.2113471135859104,1.7198414829693398
1540,901.0,1.0,0.05,1.0,1.259341500308645,0.9812919501007957,1.2118449363771335,0.9460036390656614
1541,901.0,1.0,0.05,2.0,0.9563804487261395,0.7642608581603233,0.9284740620974714,0.7331404531790098
1542,901.0,1.0,0.05,3.0,0.9956657531833017,0.7797956572876507,0.9624414879682678,0.7518491468973691
1543,901.0,1.0,0.05,4.0,1.0961855492688939,0.8584299147603373,1.0234568791346348,0.7973717572918532
1544,901.0,1.0,0.05,5.0,1.1663304918508735,0.9145057892214596,1.1188383224724443,0.8777582076372658
1545,901.0,1.0,0.05,6.0,1.2290826204806404,0.9845784329137461,1.1940932682827696,0.9329111072837629
1546,901.0,1.0,0.05,7.0,1.344329167031379,1.0674394218299634,1.294685111894174,1.0195468300911157
1547,901.0,1.0,0.075,1.0,1.160704562102249,0.9114025035873285,1.1209049086815428,0.8810298354992081
1548,901.0,1.0,0.075,2.0,0.9603491664458618,0.7705158884625354,0.9252948944576199,0.7315351686506519
1549,901.0,1.0,0.075,3.0,0.9991524235329449,0.7948980139281601,0.9650650260823537,0.7492173707465345
1550,901.0,1.0,0.075,4.0,1.1163556575089864,0.8687349981109115,1.0531361888627009,0.8246700556119132
1551,901.0,1.0,0.075,5.0,1.1412616996839913,0.8867312797697532,1.084794465422185,0.8530271008004985
1552,901.0,1.0,0.075,6.0,1.263031556416466,1.0027872941799787,1.2220919252128952,0.9696411672320453
1553,901.0,1.0,0.075,7.0,1.3387574575061534,1.0668693302102505,1.3215899672629121,1.028592100612863
1554,901.0,1.0,0.1,1.0,1.1557872223504364,0.9080104771121662,1.1152379901065532,0.8764713657898365
1555,901.0,1.0,0.1,2.0,0.9438086861774758,0.7499500912619176,0.9159494989473703,0.7228114575852945
1556,901.0,1.0,0.1,3.0,1.0178901925727732,0.8024735109622682,0.9953395684622289,0.7809328170348758
1557,901.0,1.0,0.1,4.0,1.0780454160830135,0.8396872902570712,1.031069169680741,0.8075599338842528
1558,901.0,1.0,0.1,5.0,1.172840185112776,0.901454105262599,1.1033010355856814,0.859353961001343
1559,901.0,1.0,0.1,6.0,1.2433732159216717,0.9792857283763486,1.2296812140976574,0.9812093851292343
1560,901.0,1.0,0.1,7.0,1.3982568201826997,1.1033390373855076,1.3359685322734582,1.0433741127593745
1561,901.0,1.0,0.125,1.0,1.122091769041605,0.8869399851376688,1.0903017432387447,0.8618690627237905
1562,901.0,1.0,0.125,2.0,0.9712861613412147,0.7704374124879054,0.9578137308335524,0.7466650367007518
1563,901.0,1.0,0.125,3.0,1.039121534764159,0.8140376545794191,1.0025741119633689,0.7902293419810523
1564,901.0,1.0,0.125,4.0,1.0928618528361136,0.8523791197158564,1.034487989159291,0.8034792166537577
1565,901.0,1.0,0.125,5.0,1.1956506822669841,0.939220444614501,1.1618547261924197,0.9095783950962997
1566,901.0,1.0,0.125,6.0,1.255759345839937,1.0004433149995076,1.2269146010224539,0.9587721203852757
1567,901.0,1.0,0.125,7.0,1.3728560257699487,1.089894686647599,1.3702927147579722,1.0716965371877554
1568,901.0,1.0,0.15,1.0,1.1176681646844473,0.8862066319215776,1.0928729542512845,0.8633379986101806
1569,901.0,1.0,0.15,2.0,0.9854589154026103,0.7853791804169741,0.9495874638494268,0.7461212721048225
1570,901.0,1.0,0.15,3.0,1.0260161895591484,0.8079338442075634,0.9715701326440578,0.7729541913004855
1571,901.0,1.0,0.15,4.0,1.0915124653643447,0.8543364669887977,1.0646201821770735,0.8342358515349176
1572,901.0,1.0,0.15,5.0,1.1825465777723965,0.9294312192457679,1.1525908558728588,0.8956772866997927
1573,901.0,1.0,0.15,6.0,1.316529077219699,1.0459315320924354,1.250279518058335,0.973696497812207
1574,901.0,1.0,0.15,7.0,1.366754983096159,1.0776179428804524,1.3390563948970509,1.0374682457132576
1575,901.0,1.0,0.175,1.0,1.1128795092713433,0.879882283917142,1.0873751436409167,0.8625533063974012
1576,901.0,1.0,0.175,2.0,0.9750358810535922,0.7836934827737106,0.9338156406556517,0.7361344036069297
1577,901.0,1.0,0.175,3.0,1.0940660000948939,0.8603537983555118,1.0564388155047124,0.8295018410782098
1578,901.0,1.0,0.175,4.0,1.1616611916849318,0.8984353356393879,1.1229166321600925,0.8704028056622714
1579,901.0,1.0,0.175,5.0,1.2143964301166463,0.9455348584408139,1.192744995310139,0.9455091420682524
1580,901.0,1.0,0.175,6.0,1.2917143569463367,1.0276439386490783,1.3043680791028567,1.0196680449393802
1581,901.0,1.0,0.175,7.0,1.4363260017192323,1.136833469242295,1.4042849295691109,1.1026716514553938
1582,901.0,1.0,0.2,1.0,1.1653634755037479,0.9240765951387154,1.1330538314652752,0.8942683236832961
1583,901.0,1.0,0.2,2.0,1.0264610907324685,0.8105460877142983,1.0117535110822566,0.8101221629869906
1584,901.0,1.0,0.2,3.0,1.0903318107490687,0.8582725944965209,1.064783460406021,0.8406548703768524
1585,901.0,1.0,0.2,4.0,1.1311304855618065,0.8867277889327201,1.1176824672700914,0.8867071403629291
1586,901.0,1.0,0.2,5.0,1.163949221966447,0.9289935129316964,1.125590507328035,0.8824697297637626
1587,901.0,1.0,0.2,6.0,1.3682180263848494,1.091982028497577,1.3167482729433255,1.026078364809977
1588,901.0,1.0,0.2,7.0,1.4167220802054399,1.1174245324976164,1.3801764604505873,1.0714055617643077
1589,901.0,1.0,0.225,1.0,1.1397684672868027,0.9016859736490346,1.121193629902765,0.8831003725474723
1590,901.0,1.0,0.225,2.0,1.0386388930023307,0.8321253410712136,1.024102670485719,0.8081453297345286
1591,901.0,1.0,0.225,3.0,1.0922538739287675,0.8612679340577877,1.0784736895477671,0.8506644512236224
1592,901.0,1.0,0.225,4.0,1.119810346806414,0.8677227443826157,1.117442553591427,0.8848759819885924
1593,901.0,1.0,0.225,5.0,1.2181096653003765,0.9467649085189717,1.1845905639864707,0.9273410102399101
1594,901.0,1.0,0.225,6.0,1.3522508537507676,1.0631865279663497,1.3051009148863428,1.0111342360207254
1595,901.0,1.0,0.225,7.0,1.4876152200588464,1.1793238216253994,1.405113403699671,1.1166222762449216
1596,901.0,1.0,0.25,1.0,1.1243716657254859,0.8938977969528216,1.129187401170011,0.8881723781387632
1597,901.0,1.0,0.25,2.0,1.0502777779980252,0.8410839272009368,1.0182122431877736,0.8068661707227464
1598,901.0,1.0,0.25,3.0,1.0924466188187345,0.8738884008435511,1.042505332572012,0.8172617579420792
1599,901.0,1.0,0.25,4.0,1.1824835708207848,0.9145905695849135,1.185333307500184,0.9261722036502594
1600,901.0,1.0,0.25,5.0,1.2616439655726013,0.997790064453014,1.2249697784209284,0.9530245666283047
1601,901.0,1.0,0.25,6.0,1.428396922429582,1.1259239931557459,1.3537848931843413,1.0543136901563817
1602,901.0,1.0,0.25,7.0,1.4551733706070342,1.1561978416281662,1.4529455340675217,1.1344134450731689
1603,901.0,1.0,0.275,1.0,1.134626794453424,0.9008924125951286,1.1384414915198569,0.8952237399794464
1604,901.0,1.0,0.275,2.0,1.0608138921084054,0.8440324173795548,1.0570132070537543,0.8373803246933412
1605,901.0,1.0,0.275,3.0,1.151452538007688,0.906276796727495,1.1326699390652157,0.901964533308487
1606,901.0,1.0,0.275,4.0,1.2039676194100848,0.9478608342341817,1.1635276563252785,0.9204039961694142
1607,901.0,1.0,0.275,5.0,1.266510594613955,0.9871052886433979,1.2325870591740928,0.9633455024842822
1608,901.0,1.0,0.275,6.0,1.3994544103303055,1.104665164929635,1.3602995043947437,1.0696873018403448
1609,901.0,1.0,0.275,7.0,1.5455072090258817,1.216846879225285,1.4935232182102447,1.16695694021408
1610,901.0,1.0,0.3,1.0,1.1862598555810298,0.9471864932328785,1.1633083938666093,0.9191798267816623
1611,901.0,1.0,0.3,2.0,1.0359569353883298,0.8338659335431341,1.0485291144677877,0.8373742180552652
1612,901.0,1.0,0.3,3.0,1.1480562379359085,0.9040391571600951,1.0831746431707583,0.8615866078441623
1613,901.0,1.0,0.3,4.0,1.2727595986120808,0.9923277095261542,1.2563152828580693,0.9968590205459662
1614,901.0,1.0,0.3,5.0,1.3005918100703358,1.0029478681183697,1.2882233407329078,1.0088236577973884
1615,901.0,1.0,0.3,6.0,1.4609977634971874,1.1629581239238733,1.42238903825316,1.1206192600307203
1616,901.0,1.0,0.3,7.0,1.5190730588386951,1.2201377018773232,1.4899459757321838,1.149608457248707
1617,901.0,2.0,0.05,1.0,1.322429018037516,1.0305446832282146,1.291395754585121,1.0009977132578405
1618,901.0,2.0,0.05,2.0,1.0496532047803369,0.8354448425467124,1.0467012391564061,0.8376091564702826
1619,901.0,2.0,0.05,3.0,1.0952644481821334,0.8630764829979198,1.1091586490430774,0.8786160483808386
1620,901.0,2.0,0.05,4.0,1.134620193276485,0.8825025853063514,1.1687968097706931,0.9207343106171326
1621,901.0,2.0,0.05,5.0,1.2075236032508578,0.9339813148165902,1.2438470715448176,0.9762480062307093
1622,901.0,2.0,0.05,6.0,1.3231143001635568,1.0202415330502352,1.3546178030589888,1.0728015838946945
1623,901.0,2.0,0.05,7.0,1.4608559953240154,1.1438220213186963,1.5334758449750687,1.2205032598053973
1624,901.0,2.0,0.075,1.0,1.2360521854029676,0.9686020294425768,1.2216879219805994,0.94662753251422
1625,901.0,2.0,0.075,2.0,1.0176370451873031,0.8139363418374624,1.023931979951136,0.8171502488590838
1626,901.0,2.0,0.075,3.0,1.0941902496932436,0.8531776840797698,1.1393011396437962,0.9067017645371142
1627,901.0,2.0,0.075,4.0,1.1612802033411398,0.9057502827672447,1.1694561517956343,0.9217975615779831
1628,901.0,2.0,0.075,5.0,1.2047189516675605,0.935824007843075,1.270911415902404,0.9950113242543548
1629,901.0,2.0,0.075,6.0,1.309781296238729,1.0148843733547568,1.3638952788442864,1.084549610552266
1630,901.0,2.0,0.075,7.0,1.487112138221007,1.1676230045273948,1.5693556455901472,1.2422444203631962
1631,901.0,2.0,0.1,1.0,1.2159950205845143,0.9566392137634088,1.2080175014580714,0.9402310832420514
1632,901.0,2.0,0.1,2.0,1.06516243839209,0.849712259184868,1.0520767341545025,0.8446125503110606
1633,901.0,2.0,0.1,3.0,1.1296482233533642,0.8771734031510486,1.1434547962824346,0.909286308263709
1634,901.0,2.0,0.1,4.0,1.1510899277249231,0.8975042963017275,1.1856660290182743,0.9426989106778272
1635,901.0,2.0,0.1,5.0,1.250803445173356,0.9817202109793852,1.2718569505928299,0.9974364534191091
1636,901.0,2.0,0.1,6.0,1.3084442554469238,1.014382140149198,1.3483739238274064,1.0718011980395485
1637,901.0,2.0,0.1,7.0,1.449447766326457,1.1321103379803081,1.5057493212182402,1.1913155197389609
1638,901.0,2.0,0.125,1.0,1.2528775511595414,0.9853176454670676,1.2367701964388536,0.9661835294965567
1639,901.0,2.0,0.125,2.0,1.0622762181999184,0.8471574163932613,1.0545633153448115,0.851174748135499
1640,901.0,2.0,0.125,3.0,1.1515457372807933,0.9078957226848695,1.1611969161260973,0.9106539608262517
1641,901.0,2.0,0.125,4.0,1.1521546489571084,0.9089898874867799,1.1916171253457997,0.9350414087151419
1642,901.0,2.0,0.125,5.0,1.2647412503556015,0.9867287675494663,1.3062365435603134,1.0313395560384342
1643,901.0,2.0,0.125,6.0,1.313869742559492,1.0218323797107287,1.3538358132809585,1.0669152609612584
1644,901.0,2.0,0.125,7.0,1.5008882421486494,1.1704942623497003,1.608451047769583,1.2766851323657438
1645,901.0,2.0,0.15,1.0,1.219558342167131,0.9580030445151422,1.2162747651001056,0.9482551299230316
1646,901.0,2.0,0.15,2.0,1.022159412169585,0.8155128121074606,0.998423085734229,0.7883822106279993
1647,901.0,2.0,0.15,3.0,1.103325520232699,0.8696693401190628,1.1309867946438172,0.8977126140946182
1648,901.0,2.0,0.15,4.0,1.196004762238651,0.9293874983120797,1.2191591213571924,0.9437193467770231
1649,901.0,2.0,0.15,5.0,1.3374632884094573,1.0449030880984909,1.3459160667574928,1.0657146931516617
1650,901.0,2.0,0.15,6.0,1.3333325870572397,1.0429246130689855,1.3731370762631006,1.0855713634945634
1651,901.0,2.0,0.15,7.0,1.5647445946223992,1.2168086309392383,1.6543096256397536,1.2987243452105999
1652,901.0,2.0,0.175,1.0,1.2172877903617987,0.9546414910440708,1.2145317188975435,0.9388918978519494
1653,901.0,2.0,0.175,2.0,1.1397802929036238,0.9081710528336955,1.1313440784026798,0.8987643389990353
1654,901.0,2.0,0.175,3.0,1.1524961807256342,0.9010526800094817,1.1470591132791317,0.9041519349067122
1655,901.0,2.0,0.175,4.0,1.2103196154320304,0.9594244696401145,1.2532048212854525,0.9907425280633361
1656,901.0,2.0,0.175,5.0,1.2890927637247482,1.0072769929300163,1.295936595164823,1.0209517595957605
1657,901.0,2.0,0.175,6.0,1.3710964250626814,1.0827603220446005,1.4157484196219925,1.1188860535649479
1658,901.0,2.0,0.175,7.0,1.5467570704379985,1.223088953086899,1.6320438689799486,1.285762528132329
1659,901.0,2.0,0.2,1.0,1.202054193284184,0.9435332941573503,1.205346987311783,0.9358791520105741
1660,901.0,2.0,0.2,2.0,1.0646182943156886,0.8417316837628762,1.0441352371909327,0.8270954620116479
1661,901.0,2.0,0.2,3.0,1.180148331228777,0.9167082536477341,1.2079973486184354,0.9535980118868407
1662,901.0,2.0,0.2,4.0,1.2316586848779953,0.9667959740852905,1.264585570519632,0.9960940822114855
1663,901.0,2.0,0.2,5.0,1.3202691083965763,1.0396077806290536,1.347065855481148,1.049585960242508
1664,901.0,2.0,0.2,6.0,1.3801446318474,1.0859157830535127,1.4619527498650284,1.1738725382030013
1665,901.0,2.0,0.2,7.0,1.5337303399676636,1.2045793012519899,1.6006450007905442,1.2792545603029253
1666,901.0,2.0,0.225,1.0,1.202245646269047,0.9426258177332186,1.2054701990906216,0.9379828248808416
1667,901.0,2.0,0.225,2.0,1.0835967547565644,0.8571314658820595,1.0402558147511793,0.825628183718986
1668,901.0,2.0,0.225,3.0,1.1622517780145467,0.9015472751717136,1.1649267055208161,0.9242279375339346
1669,901.0,2.0,0.225,4.0,1.2399990839886548,0.9751761840570292,1.2746400336489538,1.0104043158238118
1670,901.0,2.0,0.225,5.0,1.4135610056009977,1.115423941957468,1.3990518446696945,1.0979291329957945
1671,901.0,2.0,0.225,6.0,1.3864666994985746,1.0812729657229552,1.4516744389881302,1.1513485552536322
1672,901.0,2.0,0.225,7.0,1.5798653474447388,1.2607856616837074,1.5835784055821234,1.2602945487421744
1673,901.0,2.0,0.25,1.0,1.2210161911189388,0.9565481673940855,1.226212166744738,0.952622185539
1674,901.0,2.0,0.25,2.0,1.1187593129662539,0.9050621564035782,1.114072137850472,0.8872667259932723
1675,901.0,2.0,0.25,3.0,1.2080831988192438,0.952914391837284,1.285167393083288,1.0055326715296935
1676,901.0,2.0,0.25,4.0,1.3163071626125034,1.0419441226737054,1.3155946768344051,1.0298285756807743
1677,901.0,2.0,0.25,5.0,1.4039006292404572,1.0866612483197529,1.3820351094605767,1.0981642915605863
1678,901.0,2.0,0.25,6.0,1.42737222802611,1.1155043331997494,1.4885097301782475,1.1601176445089585
1679,901.0,2.0,0.25,7.0,1.5778563798375735,1.244777000282163,1.6695159107685758,1.3050396163015134
1680,901.0,2.0,0.275,1.0,1.2202446289674256,0.9624757456353166,1.2108333724586802,0.9421818004753683
1681,901.0,2.0,0.275,2.0,1.0785130273100685,0.8625049660984215,1.0832603311070832,0.8627242718764172
1682,901.0,2.0,0.275,3.0,1.1734923016541734,0.9163695462041372,1.2316778378742412,0.9562855207873335
1683,901.0,2.0,0.275,4.0,1.3520379610945745,1.065731882818884,1.3815058875947868,1.0983310709978378
1684,901.0,2.0,0.275,5.0,1.3891240906097437,1.1053528248502507,1.372543478620745,1.098628759403659
1685,901.0,2.0,0.275,6.0,1.4781350500908412,1.1705834242360573,1.5299125692388131,1.2189092045094423
1686,901.0,2.0,0.275,7.0,1.669184294518737,1.3185650961040454,1.752639416516002,1.378100346772218
1687,901.0,2.0,0.3,1.0,1.2467915934556066,0.9848662426261349,1.2532098337132338,0.9759530929441389
1688,901.0,2.0,0.3,2.0,1.1332544169948147,0.9048633421425748,1.1250694722462138,0.8959155037812065
1689,901.0,2.0,0.3,3.0,1.1964271624909895,0.9339137991352672,1.2424984473728857,0.9920510584220568
1690,901.0,2.0,0.3,4.0,1.2868449751492232,1.0212334624724706,1.3271849702657104,1.0572704051223827
1691,901.0,2.0,0.3,5.0,1.4157071377850323,1.10588182252741,1.4187443886056754,1.131576617013681
1692,901.0,2.0,0.3,6.0,1.5428531705337434,1.2119873197571478,1.5951536636632362,1.2565690835756371
1693,901.0,2.0,0.3,7.0,1.658854622766521,1.2936399355921893,1.6952329189269408,1.345758781730246
1694,901.0,3.0,0.05,1.0,1.3554673368962362,1.0737776666083985,1.3263461650260167,1.0437144621029157
1695,901.0,3.0,0.05,2.0,1.0639051618823963,0.8454476009507716,1.035156162731576,0.8338609953529826
1696,901.0,3.0,0.05,3.0,1.148679230850049,0.9076124352380786,1.134404559463537,0.900674092523324
1697,901.0,3.0,0.05,4.0,1.2572145555624725,0.9783139295009757,1.2247424544876009,0.964877368970803
1698,901.0,3.0,0.05,5.0,1.3503614757689535,1.065564583982814,1.3264162820485368,1.0567860568376184
1699,901.0,3.0,0.05,6.0,1.4910165792258154,1.172485849172795,1.4760784228904895,1.1697163628680392
1700,901.0,3.0,0.05,7.0,1.630502189281836,1.2823815875795748,1.6219693918160434,1.2861595975972504
1701,901.0,3.0,0.075,1.0,1.3006894560598106,1.0314738819082572,1.2908867592300608,1.0142344138698796
1702,901.0,3.0,0.075,2.0,1.0450217388956626,0.825828850651769,1.0207565181712939,0.8179453406971071
1703,901.0,3.0,0.075,3.0,1.1812088742421547,0.9371036729876578,1.1887755547633,0.9355709956734872
1704,901.0,3.0,0.075,4.0,1.3037413654657435,1.0059407850482958,1.2581233898691002,0.9788956113929164
1705,901.0,3.0,0.075,5.0,1.3369580196289754,1.0542875840375228,1.2991911661145152,1.029366616097157
1706,901.0,3.0,0.075,6.0,1.4725190378793238,1.1603636897651644,1.4379030849955796,1.1400780593755266
1707,901.0,3.0,0.075,7.0,1.6762628078909059,1.3100170767197865,1.6314457897213077,1.2961613081314367
1708,901.0,3.0,0.1,1.0,1.3811066025099081,1.097243175465751,1.346647344052091,1.059885797128655
1709,901.0,3.0,0.1,2.0,1.1143078866867953,0.8865008813452366,1.0776178338927866,0.8697796294464827
1710,901.0,3.0,0.1,3.0,1.1905634447582816,0.9465664342807913,1.172538995381823,0.9382065392324956
1711,901.0,3.0,0.1,4.0,1.297525519001539,1.016342581117335,1.2665747774923544,0.9936998510223913
1712,901.0,3.0,0.1,5.0,1.334021857696263,1.0523169509876142,1.3261722165485512,1.0455088755644424
1713,901.0,3.0,0.1,6.0,1.5034494881425298,1.187456012544002,1.4604992743243768,1.1575438815786425
1714,901.0,3.0,0.1,7.0,1.6833092318631444,1.325368005122511,1.6536103152450958,1.2988447380575976
1715,901.0,3.0,0.125,1.0,1.317914246639695,1.052640527523356,1.3018945204413532,1.026709269407692
1716,901.0,3.0,0.125,2.0,1.0464517744253181,0.8263674598308185,0.9925212403670128,0.7886515809359466
1717,901.0,3.0,0.125,3.0,1.1490235859097395,0.9196086113578772,1.1167571452857534,0.8828258040172103
1718,901.0,3.0,0.125,4.0,1.3021944812959456,1.0068412394607795,1.3030989680511567,1.0150308693494088
1719,901.0,3.0,0.125,5.0,1.396496121803,1.1051898320841091,1.3302760901603197,1.050493435204118
1720,901.0,3.0,0.125,6.0,1.514296287214554,1.1975730050639743,1.4418430204650114,1.1320968532787234
1721,901.0,3.0,0.125,7.0,1.6703892159171705,1.3015418245456485,1.6231106358254797,1.2926804341925053
1722,901.0,3.0,0.15,1.0,1.2790033238617087,1.0119080478084421,1.272227438615174,0.995380643026794
1723,901.0,3.0,0.15,2.0,1.0999679585565587,0.8717875824858052,1.1061918023241264,0.8813609970410121
1724,901.0,3.0,0.15,3.0,1.1864589695120293,0.9412577352667287,1.2251854145423964,0.9789254346716214
1725,901.0,3.0,0.15,4.0,1.2925777970171841,1.016947593644874,1.2576476269977546,0.9807559505487518
1726,901.0,3.0,0.15,5.0,1.460857743970585,1.1657786141681208,1.394152692660009,1.0920071762007915
1727,901.0,3.0,0.15,6.0,1.4753553594371773,1.1573085678807797,1.5146082776832908,1.1901109455289047
1728,901.0,3.0,0.15,7.0,1.7126678304521978,1.3514502990459618,1.6650363495432157,1.322899167298814
1729,901.0,3.0,0.175,1.0,1.3178467582030917,1.0530015552358414,1.2878567393234752,1.0130440130002296
1730,901.0,3.0,0.175,2.0,1.0734707275121271,0.8419240040988224,1.0420992249181873,0.8281757533727245
1731,901.0,3.0,0.175,3.0,1.1825454999240705,0.9321070111008712,1.1600377692388388,0.9172395580053969
1732,901.0,3.0,0.175,4.0,1.315708223866931,1.0369397800311142,1.2749728674362368,1.0168827105258809
1733,901.0,3.0,0.175,5.0,1.40590252506639,1.1028038556090392,1.3737967602062675,1.0903875704035118
1734,901.0,3.0,0.175,6.0,1.5378399661344742,1.210088993393164,1.5388158405510715,1.2128606161594189
1735,901.0,3.0,0.175,7.0,1.6847241509806217,1.3339339859892747,1.6371277765118037,1.2955148269513717
1736,901.0,3.0,0.2,1.0,1.331419964120819,1.0482366926307995,1.3155012795491297,1.0274143434838154
1737,901.0,3.0,0.2,2.0,1.0650784454461402,0.8559240374447444,1.0333752973678305,0.8220502754781085
1738,901.0,3.0,0.2,3.0,1.2097443638003245,0.9647590796615337,1.2048179125730483,0.9557526699468399
1739,901.0,3.0,0.2,4.0,1.3294120324500196,1.053122431380687,1.3546852790996007,1.0703794785489722
1740,901.0,3.0,0.2,5.0,1.4377721154240153,1.119518634701526,1.4148342635365525,1.117472366049496
1741,901.0,3.0,0.2,6.0,1.5963803967723238,1.2523037110818054,1.5468231069898182,1.2274845964219536
1742,901.0,3.0,0.2,7.0,1.7309133928126144,1.3485540188933556,1.7414800288886807,1.3767678044406946
1743,901.0,3.0,0.225,1.0,1.3489107075257285,1.06496611394782,1.3470222788982256,1.0553330802758207
1744,901.0,3.0,0.225,2.0,1.1895008214907763,0.9487726248731546,1.1669970202083657,0.9317845694913534
1745,901.0,3.0,0.225,3.0,1.2423966510874238,0.977784615075796,1.2181608336799796,0.9685518945420606
1746,901.0,3.0,0.225,4.0,1.402351045380802,1.0899606604495309,1.3380009458706168,1.0414379030990482
1747,901.0,3.0,0.225,5.0,1.4658250894257165,1.1620812754624852,1.4356628995166147,1.1255708629381789
1748,901.0,3.0,0.225,6.0,1.60124831887524,1.263864385750831,1.5321445941484957,1.219200892020256
1749,901.0,3.0,0.225,7.0,1.7747728861397942,1.3974345465949922,1.769174202198409,1.3753213574076255
1750,901.0,3.0,0.25,1.0,1.3302488390594798,1.054223803974077,1.3492601507474238,1.0611596219529078
1751,901.0,3.0,0.25,2.0,1.1122395563918854,0.8909421571480594,1.0568417437710595,0.8381823239435796
1752,901.0,3.0,0.25,3.0,1.2893999307509207,1.0231119214464126,1.325497994739518,1.065285510524263
1753,901.0,3.0,0.25,4.0,1.3976667623474226,1.1014248337935855,1.3989571788454918,1.1176343005870422
1754,901.0,3.0,0.25,5.0,1.543459080928915,1.2179500983294724,1.4921055483928458,1.1734590143931087
1755,901.0,3.0,0.25,6.0,1.6326265926582335,1.297327578870088,1.5219230385815008,1.2005640867707197
1756,901.0,3.0,0.25,7.0,1.7984896425521935,1.4084262275188333,1.755757709459321,1.3676482185050658
1757,901.0,3.0,0.275,1.0,1.3237248568632318,1.0454076885838341,1.3495983640555076,1.0520211355750646
1758,901.0,3.0,0.275,2.0,1.2217175640063973,0.9704527402417962,1.1748284733228278,0.9263583209122853
1759,901.0,3.0,0.275,3.0,1.277378296544756,1.0251397809023965,1.2805996315428987,1.0297596869680474
1760,901.0,3.0,0.275,4.0,1.4176304608044965,1.1234576257853155,1.3790164215796317,1.0957907280353723
1761,901.0,3.0,0.275,5.0,1.5362809916352185,1.2021435306553072,1.4898247736102868,1.19026086975531
1762,901.0,3.0,0.275,6.0,1.7458326696618331,1.375281199036672,1.6752681126436504,1.299851646437516
1763,901.0,3.0,0.275,7.0,1.7861717332992477,1.4187349569110739,1.8672556378288894,1.4729766143368113
1764,901.0,3.0,0.3,1.0,1.341428847051499,1.067069550498977,1.3591818465404562,1.0603945622777353
1765,901.0,3.0,0.3,2.0,1.109281236157495,0.873414242061556,1.065255085941385,0.8399239443491665
1766,901.0,3.0,0.3,3.0,1.26717535968389,0.9935595898550302,1.2271829296779277,0.9706722802286284
1767,901.0,3.0,0.3,4.0,1.371162098242197,1.083364294447208,1.3658843938854277,1.0595693509220174
1768,901.0,3.0,0.3,5.0,1.5731635820043606,1.2255003034209913,1.5411854175381754,1.2121593765387542
1769,901.0,3.0,0.3,6.0,1.7088107721734505,1.3235775872168263,1.6355080710916388,1.2796937280733767
1770,901.0,3.0,0.3,7.0,1.8072806327365702,1.436514342240683,1.8820157015072942,1.484433419705724
1771,901.0,4.0,0.05,1.0,1.5834152289740648,1.2578528222683902,1.5312204326968517,1.2205822076276878
1772,901.0,4.0,0.05,2.0,1.1501750491328102,0.9175961414584177,1.1094848197938354,0.8813559603973499
1773,901.0,4.0,0.05,3.0,1.2364767666755332,0.9760003793598191,1.2092954065472543,0.9620484906547587
1774,901.0,4.0,0.05,4.0,1.348936027653829,1.0508615603487572,1.279617935816746,1.0209198253871734
1775,901.0,4.0,0.05,5.0,1.4122415720150645,1.117437301261272,1.35219778733834,1.08781221711544
1776,901.0,4.0,0.05,6.0,1.5560165578441179,1.2325698604133613,1.5241450683498072,1.2260182804641875
1777,901.0,4.0,0.05,7.0,1.668458128351706,1.3098002343335264,1.612670551024994,1.2808221177220112
1778,901.0,4.0,0.075,1.0,1.4590244389390408,1.1636323219891702,1.4217548546128358,1.126954778375501
1779,901.0,4.0,0.075,2.0,1.19167135324476,0.9489385314894909,1.1450212973183738,0.9032192737826394
1780,901.0,4.0,0.075,3.0,1.2574901458433267,0.9890849267308912,1.2395015555708233,0.9823894044907825
1781,901.0,4.0,0.075,4.0,1.3661032185236142,1.0584127127753629,1.3155672300912622,1.0573250437914845
1782,901.0,4.0,0.075,5.0,1.3984960325412092,1.1003309870745333,1.3635176768096828,1.0873205302715536
1783,901.0,4.0,0.075,6.0,1.5462756543149925,1.219478217020843,1.5109728093354433,1.1946555658918074
1784,901.0,4.0,0.075,7.0,1.6388434473553242,1.274474977099463,1.595270555771966,1.26848659721679
1785,901.0,4.0,0.1,1.0,1.4699935002376299,1.177463479660495,1.4409425988858393,1.1463545782756153
1786,901.0,4.0,0.1,2.0,1.152098143996911,0.9109075596260098,1.0977281399807888,0.8612666087741534
1787,901.0,4.0,0.1,3.0,1.2825742457843055,0.9985614508583934,1.257292300108523,0.9925409209468253
1788,901.0,4.0,0.1,4.0,1.360746207459697,1.0613996216243238,1.2899511547875648,1.0286807273042613
1789,901.0,4.0,0.1,5.0,1.4469134912253865,1.1385766230641903,1.3922501788532622,1.1054176231938238
1790,901.0,4.0,0.1,6.0,1.5586601885908034,1.2198982477688407,1.5127717768007556,1.2023374742896062
1791,901.0,4.0,0.1,7.0,1.713163603446787,1.3540855549679978,1.6611472248843044,1.3066151829357884
1792,901.0,4.0,0.125,1.0,1.4714125169623706,1.1821749092528102,1.4311961068871144,1.139764810157669
1793,901.0,4.0,0.125,2.0,1.178937299186729,0.9309739603995395,1.1366947973314896,0.9080113741127298
1794,901.0,4.0,0.125,3.0,1.2543150356286068,0.9984237163522979,1.256354452414382,1.0051303214034302
1795,901.0,4.0,0.125,4.0,1.3734682257941166,1.065204151398192,1.3213796427806295,1.0503638791869143
1796,901.0,4.0,0.125,5.0,1.4391733210589126,1.1458827892900827,1.421381209999187,1.1262653909110416
1797,901.0,4.0,0.125,6.0,1.5848355816933302,1.2542177084581032,1.5732910039001762,1.2550086455945046
1798,901.0,4.0,0.125,7.0,1.7071709076606163,1.3404115287548806,1.6550983124860426,1.3050113191440014
1799,901.0,4.0,0.15,1.0,1.46080876877156,1.1637288319426393,1.413849544507011,1.1177747847287338
1800,901.0,4.0,0.15,2.0,1.262151766998155,1.0068632170129463,1.2259394213526358,0.9717154510166177
1801,901.0,4.0,0.15,3.0,1.3048733913580648,1.029760743640743,1.2767169127049243,1.0043840069607768
1802,901.0,4.0,0.15,4.0,1.4305501174781834,1.108727463587455,1.3966620404269103,1.1062774640928514
1803,901.0,4.0,0.15,5.0,1.4624290886818607,1.169368223600503,1.4474318123750254,1.1430737102870876
1804,901.0,4.0,0.15,6.0,1.5895694708344852,1.2594853354144042,1.5518012439267292,1.234649504102597
1805,901.0,4.0,0.15,7.0,1.7637187675136523,1.3792556396683662,1.7317247755184553,1.3581798666917142
1806,901.0,4.0,0.175,1.0,1.452382080267583,1.1599669840871274,1.4119802235558836,1.1184612978995625
1807,901.0,4.0,0.175,2.0,1.241695569741669,0.9953880747616406,1.186507290411274,0.9519251904021655
1808,901.0,4.0,0.175,3.0,1.305783957657792,1.0418464653101651,1.2872250818694517,1.0205436572894122
1809,901.0,4.0,0.175,4.0,1.3870195239612833,1.0788383114858284,1.3866043776731911,1.0970013776277174
1810,901.0,4.0,0.175,5.0,1.4785689912971762,1.1708381523276152,1.487406714945067,1.1750479359234591
1811,901.0,4.0,0.175,6.0,1.5956503734289567,1.2684144101315118,1.5605586527297621,1.238091567955872
1812,901.0,4.0,0.175,7.0,1.783676441151275,1.4095835793979075,1.7474006292773676,1.3841586191796607
1813,901.0,4.0,0.2,1.0,1.4697729385223306,1.1640204535828658,1.4415797649922886,1.1276914661840587
1814,901.0,4.0,0.2,2.0,1.2191435884239803,0.9711563405933792,1.194124202602351,0.9445079906319318
1815,901.0,4.0,0.2,3.0,1.3008335170484713,1.0327866262965477,1.2990148103585093,1.0274352179996475
1816,901.0,4.0,0.2,4.0,1.4312215745356,1.1302792565815463,1.4073702373966779,1.1184375514963578
1817,901.0,4.0,0.2,5.0,1.59037683204186,1.2336463278901928,1.5946117988872723,1.2457411549876778
1818,901.0,4.0,0.2,6.0,1.584604570735716,1.248583584151795,1.5030661719630163,1.1958250381643079
1819,901.0,4.0,0.2,7.0,1.778700352522439,1.4056858239993144,1.7530236831299446,1.3617349450334533
1820,901.0,4.0,0.225,1.0,1.5051730557765906,1.208255951864508,1.470997983536069,1.168811874889699
1821,901.0,4.0,0.225,2.0,1.2982449456477407,1.0422944697108874,1.2587605958613974,1.0132442354800886
1822,901.0,4.0,0.225,3.0,1.2885888395927647,1.0240770878003984,1.2377256469274374,0.9799379889522126
1823,901.0,4.0,0.225,4.0,1.4267894180719272,1.0988462267870491,1.3769221075799174,1.104479447704622
1824,901.0,4.0,0.225,5.0,1.5606791156514448,1.2095784226175879,1.5017639947362795,1.187128925889946
1825,901.0,4.0,0.225,6.0,1.7019458217267593,1.3474357676390376,1.649399767211638,1.292333606084837
1826,901.0,4.0,0.225,7.0,1.8350187757588354,1.448478589344953,1.7851086847903186,1.4119705963960374
1827,901.0,4.0,0.25,1.0,1.4849922614683015,1.1850867962600993,1.4485655631896732,1.1465996887169203
1828,901.0,4.0,0.25,2.0,1.291879104443894,1.0305890208087043,1.2316043058256183,0.9742972476312202
1829,901.0,4.0,0.25,3.0,1.3184246092087353,1.0471660094185893,1.267312503510479,1.0017816427633686
1830,901.0,4.0,0.25,4.0,1.3892508502199346,1.0827384129252282,1.4293699474977863,1.1183725722615658
1831,901.0,4.0,0.25,5.0,1.5332039058429072,1.203430114782196,1.4899732577222078,1.1774743835035755
1832,901.0,4.0,0.25,6.0,1.8201507179424168,1.4198642432731605,1.8226825578939325,1.4365337120046542
1833,901.0,4.0,0.25,7.0,1.835747100743736,1.4343940459935312,1.8140593772565548,1.4322392985881256
1834,901.0,4.0,0.275,1.0,1.5002048117912492,1.2069341784975254,1.467550417865676,1.1672010363019263
1835,901.0,4.0,0.275,2.0,1.2698612359081638,1.0054745659429984,1.1792808346240986,0.9269917349410224
1836,901.0,4.0,0.275,3.0,1.3912008410928574,1.0949646241602236,1.3238079658061452,1.0456892211084363
1837,901.0,4.0,0.275,4.0,1.4368260884071087,1.1340851478565945,1.3961150442613064,1.0999731993465625
1838,901.0,4.0,0.275,5.0,1.6104354239606813,1.2780622692300774,1.5708396735993329,1.255836976815554
1839,901.0,4.0,0.275,6.0,1.7852003102862426,1.3887423597645983,1.7758540459107093,1.3926506264304084
1840,901.0,4.0,0.275,7.0,1.9170601492096635,1.4710847802481204,1.915030724864032,1.4894824807466902
1841,901.0,4.0,0.3,1.0,1.4894272803533757,1.1804472708184015,1.4668747904935342,1.157271648769181
1842,901.0,4.0,0.3,2.0,1.2476877348556417,0.9995791886502203,1.250470633123462,1.0009385521369423
1843,901.0,4.0,0.3,3.0,1.406861137606133,1.1116035612957427,1.3988074691241126,1.104797730934096
1844,901.0,4.0,0.3,4.0,1.4418161837826653,1.1388383509315434,1.4320348588431002,1.131106018622113
1845,901.0,4.0,0.3,5.0,1.6124293893766855,1.2884774419022347,1.6200690735709504,1.2788317081823488
1846,901.0,4.0,0.3,6.0,1.7654413039846648,1.3685186873805606,1.727204475888789,1.360945392010267
1847,901.0,4.0,0.3,7.0,1.8976524923092521,1.4977126393692566,1.8489077727145444,1.4516637649722202
1848,901.0,5.0,0.05,1.0,1.572582087281082,1.2628974340155301,1.5261584533962926,1.2117385955462403
1849,901.0,5.0,0.05,2.0,1.2499892578850114,1.0006456337953782,1.1816083404058149,0.942546082668147
1850,901.0,5.0,0.05,3.0,1.3309367717095455,1.0558803831625387,1.2802033760744527,1.0187389631502082
1851,901.0,5.0,0.05,4.0,1.4199494646013848,1.1151449872714143,1.3691168132805882,1.0912920606267058
1852,901.0,5.0,0.05,5.0,1.4633386447241852,1.1591707083595433,1.4228645921975347,1.1371360203941612
1853,901.0,5.0,0.05,6.0,1.5743685653419166,1.2438022379251588,1.528238962309523,1.2313354074743783
1854,901.0,5.0,0.05,7.0,1.731915890174869,1.3642829595160204,1.7042490530378012,1.3652631584031572
1855,901.0,5.0,0.075,1.0,1.619979574040113,1.3005519356764652,1.5657874873757658,1.2443194034153995
1856,901.0,5.0,0.075,2.0,1.2415896323946214,0.9919506973139448,1.169318217603524,0.9275619077518006
1857,901.0,5.0,0.075,3.0,1.3208873722900347,1.0499527048685187,1.2701242691202868,1.0141826865888706
1858,901.0,5.0,0.075,4.0,1.3776514999558171,1.0924769514440904,1.3381145841518245,1.070389867890413
1859,901.0,5.0,0.075,5.0,1.5129510864462221,1.2051786745231985,1.443812200015333,1.1506552408652562
1860,901.0,5.0,0.075,6.0,1.5675391430825445,1.2384146379893535,1.5523988435649636,1.248639352594389
1861,901.0,5.0,0.075,7.0,1.7604701098126674,1.3855778646843173,1.7268074257129307,1.3819752008003299
1862,901.0,5.0,0.1,1.0,1.5551143589542245,1.2499692062218009,1.5157782194671277,1.2000098600338838
1863,901.0,5.0,0.1,2.0,1.233844167011728,0.9767646170196606,1.1737990886076322,0.9401967518794656
1864,901.0,5.0,0.1,3.0,1.3459998268035953,1.0771156418800363,1.293293341245738,1.02959989448205
1865,901.0,5.0,0.1,4.0,1.429950600182352,1.1239679011631065,1.377686338442534,1.1016058596088028
1866,901.0,5.0,0.1,5.0,1.5133388607663605,1.1794711178786605,1.4993786731706005,1.1958224193266944
1867,901.0,5.0,0.1,6.0,1.6076741183747347,1.2778258091854053,1.592876528419159,1.2879444454438216
1868,901.0,5.0,0.1,7.0,1.8121124820855847,1.426398404452475,1.79989805601028,1.4498576543253017
1869,901.0,5.0,0.125,1.0,1.5456885706601091,1.2415693564096486,1.5140562359950238,1.1971663584468002
1870,901.0,5.0,0.125,2.0,1.3092188822138289,1.0552979567683354,1.2528686622451137,1.005290507195263
1871,901.0,5.0,0.125,3.0,1.353588303994452,1.0822745096681996,1.3020068221276209,1.0442110557736646
1872,901.0,5.0,0.125,4.0,1.3713771106754098,1.0839348735957504,1.3358128445109716,1.0665083568141416
1873,901.0,5.0,0.125,5.0,1.5010494860906751,1.1864442451001196,1.4161104075640383,1.1396287807922703
1874,901.0,5.0,0.125,6.0,1.6508725577123693,1.302566732641225,1.5990352629688611,1.2756009228647702
1875,901.0,5.0,0.125,7.0,1.8076659369407566,1.4213557595076114,1.8103018676058982,1.452692476008213
1876,901.0,5.0,0.15,1.0,1.5523897519159766,1.2473818021333072,1.5072100353256765,1.193704999265486
1877,901.0,5.0,0.15,2.0,1.2603620221583094,1.005959497911459,1.1968870396357871,0.9603675565760832
1878,901.0,5.0,0.15,3.0,1.362282124591502,1.0806481045932397,1.2784775389651568,1.0164840942338402
1879,901.0,5.0,0.15,4.0,1.4529447865632275,1.1465170149013835,1.4349709592976547,1.139471648051877
1880,901.0,5.0,0.15,5.0,1.4822647774296223,1.1772049207666209,1.4529983108505549,1.1558412377490883
1881,901.0,5.0,0.15,6.0,1.6483246296712295,1.3073281056458281,1.635412514710836,1.3124176386636492
1882,901.0,5.0,0.15,7.0,1.8346943868945877,1.4481846287102937,1.8147221983163944,1.4477985786303238
1883,901.0,5.0,0.175,1.0,1.5485973070892582,1.245294687560633,1.5054246109011529,1.1911715907311313
1884,901.0,5.0,0.175,2.0,1.231563955329379,0.9962553209997611,1.1748506673774641,0.9362873415645393
1885,901.0,5.0,0.175,3.0,1.421081932708001,1.116508444562382,1.3745698560805975,1.0863769295679917
1886,901.0,5.0,0.175,4.0,1.4364332836607152,1.1315428839635246,1.3768657242370321,1.1027199666136402
1887,901.0,5.0,0.175,5.0,1.5027043756355223,1.1844506667600003,1.504302683721038,1.187913844852237
1888,901.0,5.0,0.175,6.0,1.6451185753779203,1.2951885125435951,1.5993056508258694,1.2974011528667637
1889,901.0,5.0,0.175,7.0,1.8221721891723983,1.428891117232719,1.8476558981763402,1.472103800259862
1890,901.0,5.0,0.2,1.0,1.6408187088843562,1.3203609942525603,1.5790901772197252,1.2575172766281277
1891,901.0,5.0,0.2,2.0,1.269109617617248,1.0027434469683734,1.215784924334398,0.9729889076606887
1892,901.0,5.0,0.2,3.0,1.3343594958140936,1.0650673750756732,1.3040450732566868,1.028229773836274
1893,901.0,5.0,0.2,4.0,1.4246980453853526,1.1266540842771602,1.3667247918837238,1.0939269924517816
1894,901.0,5.0,0.2,5.0,1.5816441627960458,1.2589830772830206,1.529049747986214,1.1995333970334014
1895,901.0,5.0,0.2,6.0,1.6438971543563126,1.301910034850554,1.5732387908294967,1.269887640445103
1896,901.0,5.0,0.2,7.0,1.8165147113722924,1.4333157026947634,1.8053125809035655,1.4555548343819344
1897,901.0,5.0,0.225,1.0,1.631538622305906,1.3107635599150076,1.568365297348361,1.2429463433020183
1898,901.0,5.0,0.225,2.0,1.3375877699406775,1.0775650526182963,1.2875218989303763,1.0188854325847618
1899,901.0,5.0,0.225,3.0,1.371697746182017,1.083212729087731,1.367021709736936,1.0652610023823208
1900,901.0,5.0,0.225,4.0,1.4469471882498481,1.1370148004765874,1.3804206014296774,1.1011030663305368
1901,901.0,5.0,0.225,5.0,1.6251710600499827,1.3041232724802507,1.6065036759016746,1.2681091065987038
1902,901.0,5.0,0.225,6.0,1.6801692590888384,1.342735738262753,1.6055019212166501,1.2828404351265632
1903,901.0,5.0,0.225,7.0,1.8764488935650805,1.4642913128978807,1.8583290575648832,1.4702338325195003
1904,901.0,5.0,0.25,1.0,1.5997310844979273,1.2842552058374452,1.5497951799643634,1.2287926394036008
1905,901.0,5.0,0.25,2.0,1.3161767401081819,1.0633307636743117,1.2673371009045507,1.0166133146166596
1906,901.0,5.0,0.25,3.0,1.3804910594768736,1.078655615680417,1.346646133454902,1.048929324153944
1907,901.0,5.0,0.25,4.0,1.482477624761702,1.161994744847115,1.477733153290374,1.1695474005514783
1908,901.0,5.0,0.25,5.0,1.6106659730927035,1.284512114710054,1.566308714552828,1.2303300393730703
1909,901.0,5.0,0.25,6.0,1.7844765802945584,1.4132751388689093,1.7412141192712465,1.397853849645191
1910,901.0,5.0,0.25,7.0,1.9418849976467494,1.5435558717138593,1.926752260499607,1.527689819043494
1911,901.0,5.0,0.275,1.0,1.622406245667367,1.3105716056628467,1.5623538919363211,1.2393651453598464
1912,901.0,5.0,0.275,2.0,1.3033813922848476,1.0422523910851238,1.235897096271736,0.9996951802414492
1913,901.0,5.0,0.275,3.0,1.3835927465415248,1.1122959593193231,1.3182625167530728,1.0526656251283328
1914,901.0,5.0,0.275,4.0,1.5344265504744434,1.2037013982949725,1.4889612456011776,1.176815105646449
1915,901.0,5.0,0.275,5.0,1.560413161391471,1.237523754152351,1.5315670224601035,1.2270845960255552
1916,901.0,5.0,0.275,6.0,1.7876601992450847,1.4262947468593352,1.7666768963387753,1.4244709977777739
1917,901.0,5.0,0.275,7.0,1.8907096139466462,1.4655448136647302,1.8313563567735762,1.4803050217255427
1918,901.0,5.0,0.3,1.0,1.6934521118405497,1.3624054177427136,1.621911872195793,1.287297733140269
1919,901.0,5.0,0.3,2.0,1.393069064723446,1.1062794280924013,1.3202253192269648,1.0595229893504765
1920,901.0,5.0,0.3,3.0,1.4076187853920594,1.1349357645338736,1.4123955223409264,1.1348567492298798
1921,901.0,5.0,0.3,4.0,1.6574157263791955,1.3000934284798797,1.5872434199390026,1.2457244802458247
1922,901.0,5.0,0.3,5.0,1.685447462129824,1.3524693678221396,1.6486683642764943,1.322911940575534
1923,901.0,5.0,0.3,6.0,1.7374915885379711,1.409966419413523,1.7232267685437217,1.40249548457904
1924,901.0,5.0,0.3,7.0,1.8520674877534882,1.4559069471279882,1.8406889972857423,1.4818910040244604
1925,901.0,6.0,0.05,1.0,1.742597949982149,1.4050626767130765,1.7005128297131662,1.3664690164202666
1926,901.0,6.0,0.05,2.0,1.2918975671412072,1.0380569829790647,1.244996705833169,0.9895514298580015
1927,901.0,6.0,0.05,3.0,1.3701013828052495,1.1081678870318925,1.3525179163085679,1.0767062167964192
1928,901.0,6.0,0.05,4.0,1.3692313720542875,1.082867873390161,1.3619734443135418,1.0851116576922815
1929,901.0,6.0,0.05,5.0,1.4338302225257022,1.1414934178012572,1.448674538216125,1.1564429222854833
1930,901.0,6.0,0.05,6.0,1.5198523112919178,1.1998234349818653,1.542640484331464,1.234486617915096
1931,901.0,6.0,0.05,7.0,1.6972488423353245,1.3472414870280187,1.6978825864034772,1.3581530486194717
1932,901.0,6.0,0.075,1.0,1.7180017173841604,1.3896067744975684,1.6789396340617169,1.3488803738300899
1933,901.0,6.0,0.075,2.0,1.3244087691244775,1.0675119157138022,1.2744298988563216,1.0202218922520057
1934,901.0,6.0,0.075,3.0,1.364082588640963,1.0921185830951818,1.3440503784753668,1.0639309843982212
1935,901.0,6.0,0.075,4.0,1.3445724353853863,1.0775571195748985,1.3741980374252996,1.0995751497968604
1936,901.0,6.0,0.075,5.0,1.4129517488652132,1.1156686426922269,1.4336006350526358,1.1587382578595262
1937,901.0,6.0,0.075,6.0,1.5861158879093706,1.2482012195950989,1.6233655699951868,1.3054571112735363
1938,901.0,6.0,0.075,7.0,1.704055829739054,1.3585204648602962,1.7467308575228455,1.4020684929215694
1939,901.0,6.0,0.1,1.0,1.8922646509497494,1.5273930313283415,1.836867907152968,1.4696220661389408
1940,901.0,6.0,0.1,2.0,1.301896232726867,1.0515202976154736,1.2608470404195655,1.003579633635015
1941,901.0,6.0,0.1,3.0,1.3473004214170698,1.075222575156069,1.3331158742957427,1.0625643579483925
1942,901.0,6.0,0.1,4.0,1.4054607027112636,1.1150614101410259,1.3926628566747679,1.1021298843747163
1943,901.0,6.0,0.1,5.0,1.4943334006722013,1.1972009270428892,1.5147629007630936,1.2161668264447782
1944,901.0,6.0,0.1,6.0,1.593789013860104,1.2624948725681904,1.5953526025930542,1.2716485111706757
1945,901.0,6.0,0.1,7.0,1.7373633373356754,1.38187065840304,1.7538544504943625,1.395102775281759
1946,901.0,6.0,0.125,1.0,1.7192506827574385,1.3902645093589103,1.6815454561862904,1.3504859970232133
1947,901.0,6.0,0.125,2.0,1.2347206894519687,0.99709364049236,1.1989007109347,0.9565995091447755
1948,901.0,6.0,0.125,3.0,1.3542909490086894,1.0644744613114416,1.3371028828060683,1.0517351698481432
1949,901.0,6.0,0.125,4.0,1.3941471000655035,1.104958346369246,1.3693527647771533,1.086625152206052
1950,901.0,6.0,0.125,5.0,1.4603871775361654,1.1488368055453568,1.507432508569623,1.1986439269797897
1951,901.0,6.0,0.125,6.0,1.6087697562864354,1.2887615798070091,1.6165951146042745,1.2917769850552363
1952,901.0,6.0,0.125,7.0,1.7948380850786612,1.419765404163812,1.78535656912972,1.415427649000002
1953,901.0,6.0,0.15,1.0,1.7110208780328033,1.3835275278010564,1.6798344874491185,1.3500849718300154
1954,901.0,6.0,0.15,2.0,1.3347577865854314,1.0686378233827052,1.2778747157111345,1.0251520827556584
1955,901.0,6.0,0.15,3.0,1.355869444708045,1.0974788518898422,1.3517240422083154,1.0769748745348906
1956,901.0,6.0,0.15,4.0,1.434500206581381,1.1470034499809172,1.445668296072582,1.1339036612785054
1957,901.0,6.0,0.15,5.0,1.4921853228281758,1.201734584471609,1.5084368288184675,1.182958692186408
1958,901.0,6.0,0.15,6.0,1.6289466582265317,1.2992151805047425,1.6284755167794676,1.3074045891599115
1959,901.0,6.0,0.15,7.0,1.7797456115836905,1.4191091887025915,1.7583698006781625,1.3974654974309264
1960,901.0,6.0,0.175,1.0,1.7243574071136185,1.3907221933427518,1.6823846324922629,1.3510647215591476
1961,901.0,6.0,0.175,2.0,1.430684064776076,1.1598300896543092,1.401498223114815,1.116088411322632
1962,901.0,6.0,0.175,3.0,1.3425789518608884,1.0684648003984651,1.3385000633958075,1.0677592817620583
1963,901.0,6.0,0.175,4.0,1.4064188077707538,1.1169270980178967,1.4416321215057977,1.1377207904335294
1964,901.0,6.0,0.175,5.0,1.5906851416743855,1.2592424119219408,1.591104737291022,1.2631861069292032
1965,901.0,6.0,0.175,6.0,1.6294230149420286,1.3111136372309629,1.6196476646024829,1.285172571535473
1966,901.0,6.0,0.175,7.0,1.7918207455606796,1.4105981458307242,1.8041976859422437,1.4352596140124023
1967,901.0,6.0,0.2,1.0,1.7168198903944982,1.3883546278644077,1.6779891021593516,1.3491023333869263
1968,901.0,6.0,0.2,2.0,1.2596842673791924,1.0124008281909564,1.242591766547683,0.9881711695437788
1969,901.0,6.0,0.2,3.0,1.3826957412790664,1.099430143538467,1.3475731180625476,1.063061940050999
1970,901.0,6.0,0.2,4.0,1.4706884125243456,1.1835863474816914,1.439774974388804,1.1532899600943307
1971,901.0,6.0,0.2,5.0,1.5532043475646344,1.2478148329456926,1.562473850237842,1.250678074252512
1972,901.0,6.0,0.2,6.0,1.6619868715436656,1.3217228782827228,1.7090593676643582,1.3664353390066668
1973,901.0,6.0,0.2,7.0,1.7722501212037958,1.4173601339487474,1.771419678490623,1.4055312033035785
1974,901.0,6.0,0.225,1.0,1.7712583825047699,1.438585027384781,1.7302501892443944,1.3939428427181104
1975,901.0,6.0,0.225,2.0,1.3181399411236203,1.0654928398714996,1.3058667411466993,1.0453303570612922
1976,901.0,6.0,0.225,3.0,1.4816849938081489,1.180163734992938,1.4861205619462121,1.1760729369189864
1977,901.0,6.0,0.225,4.0,1.4718348359113946,1.1571631493261643,1.495517113868924,1.1820256440345316
1978,901.0,6.0,0.225,5.0,1.5701930295340443,1.2442309204290696,1.5950308561550481,1.2811769715110368
1979,901.0,6.0,0.225,6.0,1.8008607058320254,1.4298391121845058,1.7955868793376664,1.4248960269459376
1980,901.0,6.0,0.225,7.0,1.8429692852133894,1.4633310959892107,1.8529236304519048,1.462888460952687
1981,901.0,6.0,0.25,1.0,1.7406937371065905,1.407027362243266,1.7007174937520773,1.3683161656313594
1982,901.0,6.0,0.25,2.0,1.3134279913186557,1.0658189574549222,1.3305029903385466,1.065990125246879
1983,901.0,6.0,0.25,3.0,1.4081743030776295,1.126822931723105,1.3486305519965474,1.0661559524099002
1984,901.0,6.0,0.25,4.0,1.4502203959940527,1.160770071852799,1.4822023094983212,1.1870445693422798
1985,901.0,6.0,0.25,5.0,1.635454497881106,1.3037448317555054,1.6137543593615338,1.2786921312132726
1986,901.0,6.0,0.25,6.0,1.680250418903876,1.3380412945798745,1.6775107202992126,1.336292734293964
1987,901.0,6.0,0.25,7.0,1.8618618582936663,1.4644490711904103,1.8636103984515162,1.4756857796269855
1988,901.0,6.0,0.275,1.0,1.7492702934816615,1.4028328610286527,1.7215701547186004,1.373942361946245
1989,901.0,6.0,0.275,2.0,1.291629582526155,1.04111397899266,1.2536707642142286,1.0027862621984411
1990,901.0,6.0,0.275,3.0,1.3825032358994644,1.1010897652257767,1.383806912701536,1.100827757837071
1991,901.0,6.0,0.275,4.0,1.5401109966777247,1.1982588757678376,1.5613762980643768,1.2277528537225444
1992,901.0,6.0,0.275,5.0,1.6692886654276176,1.3167595766941311,1.6655143484133632,1.307553297134356
1993,901.0,6.0,0.275,6.0,1.7090747054548807,1.3629413923356615,1.7538109722160435,1.3943381340802647
1994,901.0,6.0,0.275,7.0,1.8634562772592558,1.4868778831473042,1.8714615970259665,1.4985260363826747
1995,901.0,6.0,0.3,1.0,1.787480714748134,1.4404987920795866,1.7653263324765212,1.4102051430929439
1996,901.0,6.0,0.3,2.0,1.435558874931077,1.1651644068289362,1.4228197035310914,1.1485369217201415
1997,901.0,6.0,0.3,3.0,1.4905538883288212,1.1742621500315882,1.483313609132955,1.1780401017173048
1998,901.0,6.0,0.3,4.0,1.6336850065630684,1.2952416172494936,1.6767745253908632,1.3221347119627336
1999,901.0,6.0,0.3,5.0,1.5449435405551153,1.227500173482349,1.5713052494980442,1.2402470049425622
2000,901.0,6.0,0.3,6.0,1.7369060737955917,1.3982324284037315,1.7155301105054725,1.3763506102901557
2001,901.0,6.0,0.3,7.0,1.9469348299561073,1.540904237064428,1.9169586503662643,1.5361769786664567
2002,901.0,7.0,0.05,1.0,1.88281973054901,1.5315171415585624,1.8370071890947495,1.4872846419127437
2003,901.0,7.0,0.05,2.0,1.4234677991109401,1.1485871955938451,1.3857473217250689,1.1169234068769929
2004,901.0,7.0,0.05,3.0,1.4397815993864964,1.1570294456613237,1.3926853115485496,1.098688884164486
2005,901.0,7.0,0.05,4.0,1.4362504607379505,1.1457125079457264,1.361170864464672,1.0808687100405086
2006,901.0,7.0,0.05,5.0,1.5506470397323606,1.2300696458092963,1.4691224145718365,1.162550583940062
2007,901.0,7.0,0.05,6.0,1.6365784933901963,1.3026498974253438,1.5835355421463786,1.2608355949247207
2008,901.0,7.0,0.05,7.0,1.8604594201283333,1.479181450405862,1.763690114826424,1.4151049433813487
2009,901.0,7.0,0.075,1.0,1.953666954569163,1.5930538821529738,1.9000116905377336,1.5367568797401303
2010,901.0,7.0,0.075,2.0,1.3983666892429554,1.1258649436549808,1.3505347904568015,1.0847115223519768
2011,901.0,7.0,0.075,3.0,1.438069868855359,1.1535344723543735,1.377811459307089,1.092286117624506
2012,901.0,7.0,0.075,4.0,1.4333040062613611,1.1334860032845615,1.3521297206431209,1.0826422892145002
2013,901.0,7.0,0.075,5.0,1.540610774685197,1.2180708912771936,1.4399844728469402,1.1422022932121232
2014,901.0,7.0,0.075,6.0,1.6537230418318754,1.3173470884989364,1.6248891205985345,1.292749956870539
2015,901.0,7.0,0.075,7.0,1.8182892851708192,1.4429691587642728,1.7249287117770866,1.3817508621774819
2016,901.0,7.0,0.1,1.0,1.8640402950235386,1.5098431152466503,1.8199420607864176,1.4699770194246218
2017,901.0,7.0,0.1,2.0,1.4113143701598565,1.1382914988581405,1.383067827922635,1.113994374913939
2018,901.0,7.0,0.1,3.0,1.456677865555124,1.1659870767511185,1.4028491877256628,1.1082812171085699
2019,901.0,7.0,0.1,4.0,1.4527755360650612,1.1511297983484161,1.3909639139637868,1.0989025271067254
2020,901.0,7.0,0.1,5.0,1.5805447621805797,1.2583571653912855,1.4888935404664596,1.1706484880766628
2021,901.0,7.0,0.1,6.0,1.638619161128938,1.305329335287999,1.619444341102866,1.291702236916159
2022,901.0,7.0,0.1,7.0,1.8548344228419804,1.4808738020002612,1.780076930228249,1.416877121824557
2023,901.0,7.0,0.125,1.0,1.8510778463034963,1.500600562620958,1.8024787941273852,1.4546970346765524
2024,901.0,7.0,0.125,2.0,1.4524340137155891,1.1614255869055283,1.415799144302953,1.1317803030430649
2025,901.0,7.0,0.125,3.0,1.4401406847628804,1.1487061915900407,1.3924644382664013,1.1008387041286634
2026,901.0,7.0,0.125,4.0,1.4700368891499704,1.1671377338380624,1.381017573184526,1.097807959892268
2027,901.0,7.0,0.125,5.0,1.6280867186748547,1.2965083567990374,1.5213024182418284,1.2153747015214298
2028,901.0,7.0,0.125,6.0,1.6371696852378734,1.29779755420317,1.620710850212396,1.2861530393368261
2029,901.0,7.0,0.125,7.0,1.8311131676510328,1.450667740170413,1.7673544065230786,1.414445898761086
2030,901.0,7.0,0.15,1.0,1.9932206954970038,1.624817250791442,1.9354959265245526,1.5636339823987424
2031,901.0,7.0,0.15,2.0,1.4657158697112114,1.1838544362316454,1.4291516101794324,1.1469549185900687
2032,901.0,7.0,0.15,3.0,1.4975043325067394,1.1918700500611126,1.4695633778822794,1.1490637442313336
2033,901.0,7.0,0.15,4.0,1.4548289262021965,1.169844146925173,1.3758456818698952,1.0926538242218244
2034,901.0,7.0,0.15,5.0,1.55711918926811,1.2502797531320933,1.4823039890965997,1.1833491544945687
2035,901.0,7.0,0.15,6.0,1.7247806281225044,1.3774739261045932,1.6939422298548927,1.3576789685528343
2036,901.0,7.0,0.15,7.0,1.8907344527574956,1.496814040360393,1.7857511917956665,1.4401420767105255
2037,901.0,7.0,0.175,1.0,1.8642180526174867,1.513105762898062,1.8206034705965297,1.470282143861006
2038,901.0,7.0,0.175,2.0,1.4276493333926012,1.1579150486225362,1.375683926431587,1.1078009270831302
2039,901.0,7.0,0.175,3.0,1.4678719737859147,1.1719450397498508,1.412359934402541,1.1103570551974602
2040,901.0,7.0,0.175,4.0,1.5423218961554568,1.2246321811419023,1.4663784101653077,1.1597534858071872
2041,901.0,7.0,0.175,5.0,1.591857115639032,1.2762443221802418,1.5437406637402187,1.2295480615375778
2042,901.0,7.0,0.175,6.0,1.769036922820685,1.4030038144703676,1.7212092838789237,1.3794266349399746
2043,901.0,7.0,0.175,7.0,1.8704285861276375,1.4904140686063014,1.798991919295468,1.4488124205630895
2044,901.0,7.0,0.2,1.0,1.871844580603537,1.5213744601910748,1.8286041905214252,1.4844116952909303
2045,901.0,7.0,0.2,2.0,1.4889839677355434,1.206857320095205,1.441575179459175,1.1637988168087332
2046,901.0,7.0,0.2,3.0,1.4737298944281927,1.1873938909894775,1.4137377675656926,1.1232919942867963
2047,901.0,7.0,0.2,4.0,1.5184695325223152,1.1956146079112384,1.4322647473250898,1.1353592289063368
2048,901.0,7.0,0.2,5.0,1.5763567227453443,1.2505120659129252,1.4696131937805355,1.1591295089730427
2049,901.0,7.0,0.2,6.0,1.717664452765173,1.351609193836424,1.682698667941239,1.3449997843426633
2050,901.0,7.0,0.2,7.0,1.8446281252927488,1.4733589851807558,1.8456809603178064,1.4776440894610419
2051,901.0,7.0,0.225,1.0,1.8593658050248207,1.507629581119314,1.8137158880399225,1.4646028997633056
2052,901.0,7.0,0.225,2.0,1.4108823790332354,1.1369268825640557,1.3726804547313443,1.0941403925871394
2053,901.0,7.0,0.225,3.0,1.4727748844691317,1.185517405204023,1.4149690608448742,1.1273753984827504
2054,901.0,7.0,0.225,4.0,1.519139119243621,1.1990916712209045,1.4613751312069194,1.1605823794100096
2055,901.0,7.0,0.225,5.0,1.667394753107167,1.332626205462263,1.5496548859584396,1.2384733434346178
2056,901.0,7.0,0.225,6.0,1.691427827693683,1.3246125290514232,1.6772959516464598,1.3299500153002568
2057,901.0,7.0,0.225,7.0,1.9082216739105928,1.5297719174294404,1.7953988527946945,1.4314441464760868
2058,901.0,7.0,0.25,1.0,1.8474207541141543,1.4992856107113812,1.8046872403638157,1.4568352897330228
2059,901.0,7.0,0.25,2.0,1.4532363984478576,1.1785953949590524,1.403394990528231,1.1277000809338993
2060,901.0,7.0,0.25,3.0,1.46948566957232,1.1791115143520345,1.4301877690390237,1.1314726494724723
2061,901.0,7.0,0.25,4.0,1.5703453571444594,1.237428142340535,1.5178784364737434,1.1913890375209648
2062,901.0,7.0,0.25,5.0,1.6066433237713174,1.2789057687920558,1.5239919978625778,1.2134350231997928
2063,901.0,7.0,0.25,6.0,1.8830929660601816,1.4980648996543873,1.7577884847817962,1.3952219137079702
2064,901.0,7.0,0.25,7.0,1.9048360009907879,1.517565395373109,1.8436710912486343,1.4673775696574471
2065,901.0,7.0,0.275,1.0,1.8620034015426445,1.5113766443690841,1.8159634961744628,1.4690984645337624
2066,901.0,7.0,0.275,2.0,1.4552110353498615,1.1822834880311275,1.409344944885388,1.129908603416778
2067,901.0,7.0,0.275,3.0,1.465115699433502,1.1763508087312864,1.4181063250668513,1.126529394191412
2068,901.0,7.0,0.275,4.0,1.6109065827830544,1.2753966360044238,1.5901687894646417,1.2592736276122272
2069,901.0,7.0,0.275,5.0,1.6846871245238046,1.3229001901553619,1.612748264121125,1.281410448339376
2070,901.0,7.0,0.275,6.0,1.846604035921659,1.4868957631492465,1.7496412106947008,1.3994940456890133
2071,901.0,7.0,0.275,7.0,1.8998230014195538,1.5017977643541862,1.8731680968155067,1.5115724473458327
2072,901.0,7.0,0.3,1.0,1.891751192057446,1.524006251546897,1.8457174489637884,1.4823005634908046
2073,901.0,7.0,0.3,2.0,1.4372388217798382,1.1606477062670701,1.413697682682289,1.1399817045471643
2074,901.0,7.0,0.3,3.0,1.5101879891261423,1.225538863591714,1.4480310128452805,1.1485404746273538
2075,901.0,7.0,0.3,4.0,1.4987752197392006,1.2032811616106807,1.444777236020734,1.1712318577900087
2076,901.0,7.0,0.3,5.0,1.677211058614374,1.3167005431109096,1.5755029804776701,1.2457250808679627
2077,901.0,7.0,0.3,6.0,1.825026145312313,1.4051249777596202,1.7416055874428475,1.369240951126872
2078,901.0,7.0,0.3,7.0,2.0228881768160534,1.6152076159877153,1.9709938146838433,1.5843955224779156
2079,901.0,8.0,0.05,1.0,2.0435874077106035,1.650990548194119,2.0184239927220853,1.6374489358111861
2080,901.0,8.0,0.05,2.0,1.5606510091314885,1.2471497183610718,1.516517175588903,1.210098635702016
2081,901.0,8.0,0.05,3.0,1.4322152922837954,1.1402859430026937,1.3807790341987187,1.089732040203311
2082,901.0,8.0,0.05,4.0,1.4913861304577964,1.1863741103418197,1.4324359022971864,1.1357374829148048
2083,901.0,8.0,0.05,5.0,1.5776845660422083,1.243433220900404,1.5408873940704129,1.224430838852167
2084,901.0,8.0,0.05,6.0,1.6417313251794865,1.3030199565011258,1.5992217273785847,1.2775979072127275
2085,901.0,8.0,0.05,7.0,1.852748596115469,1.4697244919470431,1.7977673770135725,1.4163247823666407
2086,901.0,8.0,0.075,1.0,2.0687606566463397,1.6753298656020073,2.0451156548889227,1.6598858510496268
2087,901.0,8.0,0.075,2.0,1.537880536918251,1.2310672306713484,1.4980476967684604,1.1915768940088078
2088,901.0,8.0,0.075,3.0,1.4764833398701733,1.172321404930977,1.4184568925804486,1.1189514760902568
2089,901.0,8.0,0.075,4.0,1.4758087913056623,1.1792060202866872,1.4405423499664902,1.131283798980241
2090,901.0,8.0,0.075,5.0,1.5701961634975943,1.2464464120841525,1.52127291982395,1.2097715302935659
2091,901.0,8.0,0.075,6.0,1.6678788857377511,1.322057835453577,1.629451339436383,1.2865600145250116
2092,901.0,8.0,0.075,7.0,1.823702815367748,1.4410246830824784,1.7626150647806658,1.3979058054072961
2093,901.0,8.0,0.1,1.0,2.060228041033048,1.6654380520730236,2.0380204453198902,1.652750430235549
2094,901.0,8.0,0.1,2.0,1.5224647067585446,1.2108429466437989,1.4946666434018971,1.1844676695794105
2095,901.0,8.0,0.1,3.0,1.425131107315569,1.138153930508179,1.400449887884404,1.10851328057309
2096,901.0,8.0,0.1,4.0,1.549976681936709,1.221777384507961,1.5241172236328688,1.2009017838288392
2097,901.0,8.0,0.1,5.0,1.5808272253281488,1.2498615106984527,1.517581505944193,1.2074608750029165
2098,901.0,8.0,0.1,6.0,1.6955971142777904,1.3398257233448028,1.6203877024398534,1.285326768483536
2099,901.0,8.0,0.1,7.0,1.8261162083795264,1.445061697490656,1.7654134237008272,1.4044110584038039
2100,901.0,8.0,0.125,1.0,2.068263051369888,1.6753213924927919,2.0518518161783486,1.6645824627627304
2101,901.0,8.0,0.125,2.0,1.5391980888553456,1.2292462811877147,1.4953190718789002,1.1887098884464367
2102,901.0,8.0,0.125,3.0,1.4894436268495934,1.1851367627427276,1.4428821506926164,1.1464169779791074
2103,901.0,8.0,0.125,4.0,1.5137654228119843,1.1922972719248737,1.4919143181333823,1.1867986711654204
2104,901.0,8.0,0.125,5.0,1.5853842328356147,1.2505343646683094,1.6199570848951805,1.290379694602056
2105,901.0,8.0,0.125,6.0,1.6717881757307311,1.3294814866346714,1.6007442069469822,1.2638920462415608
2106,901.0,8.0,0.125,7.0,1.8463610795465157,1.4688965982011162,1.8098699901922097,1.4285931091082904
2107,901.0,8.0,0.15,1.0,1.9770970863794533,1.588943578603585,1.9459199750634641,1.5621102463758154
2108,901.0,8.0,0.15,2.0,1.5251357469265026,1.2063665834310844,1.4806944172080618,1.1621881849336837
2109,901.0,8.0,0.15,3.0,1.4279200964269323,1.1278605780474753,1.415196018078055,1.1142383315052158
2110,901.0,8.0,0.15,4.0,1.524669759102483,1.2109849804053157,1.4916374070329097,1.1826573063505847
2111,901.0,8.0,0.15,5.0,1.6613552018416067,1.314329327670395,1.6232551213321205,1.2839141022795604
2112,901.0,8.0,0.15,6.0,1.6732982802339877,1.3222580864641833,1.6470982912997643,1.3003384296097917
2113,901.0,8.0,0.15,7.0,1.8906217306103261,1.5008059573842882,1.846955874028511,1.464459950473195
2114,901.0,8.0,0.175,1.0,2.0657613606892102,1.669003840492996,2.0505628872932133,1.662512395156271
2115,901.0,8.0,0.175,2.0,1.6225369323384846,1.2977813259378923,1.5901299928941526,1.267754859769949
2116,901.0,8.0,0.175,3.0,1.50145277769451,1.1895819905773215,1.4719580424898024,1.1634835167591822
2117,901.0,8.0,0.175,4.0,1.556345181641659,1.2313385891323045,1.513303615835275,1.1876484031244567
2118,901.0,8.0,0.175,5.0,1.6380502673020394,1.2989569184821972,1.6114434056315905,1.2600111800850522
2119,901.0,8.0,0.175,6.0,1.7246341196084336,1.3721558201796968,1.658515900816071,1.3216807985472505
2120,901.0,8.0,0.175,7.0,1.8730723439960835,1.477169174481815,1.799848114698579,1.4226054702440925
2121,901.0,8.0,0.2,1.0,2.0547598073312034,1.6607100424963257,2.0245891224685453,1.6415425096395182
2122,901.0,8.0,0.2,2.0,1.3663857075967558,1.0915182793375926,1.3871446902938511,1.0970196576022069
2123,901.0,8.0,0.2,3.0,1.5463194795199,1.2438915386482545,1.5208680474776461,1.1968394507706848
2124,901.0,8.0,0.2,4.0,1.5999616718371015,1.2421505306811005,1.5950291625493187,1.2540104583277272
2125,901.0,8.0,0.2,5.0,1.7407887095984682,1.3902280984911932,1.630540274097635,1.2970018067717775
2126,901.0,8.0,0.2,6.0,1.769089209845808,1.3930970393399889,1.7231783438980504,1.3844623719460443
2127,901.0,8.0,0.2,7.0,1.8449545634986824,1.4657167804747573,1.814541219855786,1.4564379582615445
2128,901.0,8.0,0.225,1.0,2.0419382989491055,1.6457424992735512,2.0184293828248765,1.6346556804598016
2129,901.0,8.0,0.225,2.0,1.4592616349784058,1.1817851485486819,1.444427220508825,1.1403285533053227
2130,901.0,8.0,0.225,3.0,1.4950291352647178,1.1784806016274634,1.4613577366541222,1.1485815245385316
2131,901.0,8.0,0.225,4.0,1.5941367527231023,1.2544029499181046,1.5605091039463541,1.2258302145200792
2132,901.0,8.0,0.225,5.0,1.6457148794708931,1.3083830076022482,1.5856795881935997,1.2715747564417523
2133,901.0,8.0,0.225,6.0,1.7322763811131816,1.3756838659374546,1.7058287794373752,1.3610330269041373
2134,901.0,8.0,0.225,7.0,1.8398586326944184,1.461951950298292,1.8094481340052104,1.4376897927027972
2135,901.0,8.0,0.25,1.0,2.0418080467025956,1.6463248221328832,2.012885531655343,1.6324690300332054
2136,901.0,8.0,0.25,2.0,1.5422859133463311,1.239146512455701,1.5106386717187463,1.2020327036580478
2137,901.0,8.0,0.25,3.0,1.5232414433182133,1.2117548396632138,1.4891484963914712,1.1810598958144554
2138,901.0,8.0,0.25,4.0,1.579081739796048,1.2410219933374638,1.6052599829492347,1.2602436520342697
2139,901.0,8.0,0.25,5.0,1.7428901346613666,1.389119698939384,1.6603085484967155,1.3366722745775588
2140,901.0,8.0,0.25,6.0,1.7744045005861115,1.3915712513050362,1.7555716966295762,1.404516918312777
2141,901.0,8.0,0.25,7.0,1.9187377765677,1.51309098739936,1.896371885644088,1.497441005049033
2142,901.0,8.0,0.275,1.0,2.058258795806908,1.6578033307930569,2.022709284275325,1.6401669036999669
2143,901.0,8.0,0.275,2.0,1.5084296175776404,1.2131614622246771,1.4622819513158405,1.1484341913468847
2144,901.0,8.0,0.275,3.0,1.4459778176472524,1.1567446849533258,1.4073664910893582,1.117488090704538
2145,901.0,8.0,0.275,4.0,1.6670774006361093,1.3108264074575275,1.6368743865495654,1.2893862819938946
2146,901.0,8.0,0.275,5.0,1.7264809275341249,1.3720287715651125,1.7501854429923631,1.3941051673832556
2147,901.0,8.0,0.275,6.0,1.8085330445407788,1.4326085734560279,1.827395237781812,1.4590243621808259
2148,901.0,8.0,0.275,7.0,1.8655092204685149,1.4837962226944161,1.860576756552315,1.4714555386895505
2149,901.0,8.0,0.3,1.0,2.010358338443543,1.617825658635461,1.985423256421915,1.5997768089492415
2150,901.0,8.0,0.3,2.0,1.5035658784281205,1.2091519431190973,1.5002425033717728,1.1878005103151645
2151,901.0,8.0,0.3,3.0,1.6106463756553013,1.2904225208848894,1.5809317135858345,1.2523700059854523
2152,901.0,8.0,0.3,4.0,1.676165662849082,1.3353659224852559,1.651753232900687,1.3048933859963836
2153,901.0,8.0,0.3,5.0,1.8316405808723781,1.4568559837884127,1.755005076410049,1.4043880332712255
2154,901.0,8.0,0.3,6.0,1.8483775852648188,1.4675735224604907,1.8320764937136544,1.4642797613804601
2155,901.0,8.0,0.3,7.0,1.9806485605366986,1.5572250255685756,1.98322017720278,1.5660767248982779
2156,901.0,9.0,0.05,1.0,2.1706650509597165,1.7523743624279982,2.1601316274788607,1.749366732139851
2157,901.0,9.0,0.05,2.0,1.536026414874512,1.217640129180606,1.4998014041056056,1.1861673598369025
2158,901.0,9.0,0.05,3.0,1.6249176110974888,1.292102775746008,1.5646802360143517,1.235723645105014
2159,901.0,9.0,0.05,4.0,1.514427696713587,1.204786829482413,1.4705364673429238,1.1654036487439394
2160,901.0,9.0,0.05,5.0,1.6646003573467862,1.3184584185226804,1.6017726581114402,1.272180661480746
2161,901.0,9.0,0.05,6.0,1.6821049319303882,1.3257071209865656,1.6555672547204385,1.3191670346608082
2162,901.0,9.0,0.05,7.0,1.915552838422785,1.5210564925598313,1.8627992256937196,1.4743469788809034
2163,901.0,9.0,0.075,1.0,2.1550480701596477,1.7364078189951289,2.147172288666918,1.7375336679352797
2164,901.0,9.0,0.075,2.0,1.6656091541480107,1.3128469801412457,1.624566934413858,1.278474285852271
2165,901.0,9.0,0.075,3.0,1.5337124818258177,1.2274240729671242,1.4964618503439775,1.1799428249312958
2166,901.0,9.0,0.075,4.0,1.5377327922315986,1.2132887118553786,1.45750608990381,1.1430930986180081
2167,901.0,9.0,0.075,5.0,1.660799333286236,1.319433375564813,1.581794488790487,1.2548216377476842
2168,901.0,9.0,0.075,6.0,1.7362697791737396,1.3737864335618142,1.698874052669868,1.3656136810562298
2169,901.0,9.0,0.075,7.0,1.9129075741862978,1.51271148050839,1.86899182721207,1.4881531237293912
2170,901.0,9.0,0.1,1.0,2.217461807748941,1.7892323529353276,2.2002939746748718,1.7817044644267628
2171,901.0,9.0,0.1,2.0,1.6940592029444033,1.3382824582907202,1.6546960135428987,1.304469200620784
2172,901.0,9.0,0.1,3.0,1.4934481099748451,1.179506897030857,1.4207916996786505,1.1146255358382082
2173,901.0,9.0,0.1,4.0,1.535546663537347,1.2161274903491552,1.487374661706387,1.1565932184337884
2174,901.0,9.0,0.1,5.0,1.672888008227748,1.3207657086688314,1.5845005444310394,1.253872530353764
2175,901.0,9.0,0.1,6.0,1.739399395918474,1.3850776445927921,1.7057581636808188,1.3495188675193257
2176,901.0,9.0,0.1,7.0,1.944259489882791,1.5305086025234536,1.8396487913186101,1.4628797438249
2177,901.0,9.0,0.125,1.0,2.082587806348941,1.6690178000405136,2.064544321062248,1.6653430032068546
2178,901.0,9.0,0.125,2.0,1.5893347724176783,1.2520829487037999,1.5354596101064844,1.2161391701677635
2179,901.0,9.0,0.125,3.0,1.4708935268390502,1.1691492387799252,1.4161413848404427,1.1065261032023495
2180,901.0,9.0,0.125,4.0,1.5827952479544345,1.2507232306752663,1.5279351403594401,1.212444976608759
2181,901.0,9.0,0.125,5.0,1.6781197348438674,1.3197581211330107,1.6312586333124903,1.2927779440420717
2182,901.0,9.0,0.125,6.0,1.7804880628914774,1.4090449628134907,1.7247872322842432,1.366434825879076
2183,901.0,9.0,0.125,7.0,1.9525008669231545,1.5460673800166251,1.8791826721990788,1.490913719187287
2184,901.0,9.0,0.15,1.0,2.1416275706261407,1.7271144960189904,2.125062868797751,1.7221189294550898
2185,901.0,9.0,0.15,2.0,1.5277814392859683,1.2097869940900772,1.4834777363676723,1.1837133154016384
2186,901.0,9.0,0.15,3.0,1.5433030320297447,1.2304344803567242,1.4335753914070957,1.1420219189953416
2187,901.0,9.0,0.15,4.0,1.5897430674286832,1.2757160810498063,1.5401379587519397,1.2309496770146549
2188,901.0,9.0,0.15,5.0,1.6736614830515928,1.335456722145428,1.5940231360417032,1.2578671282250202
2189,901.0,9.0,0.15,6.0,1.7457531887734419,1.3828030055251888,1.7433780719402194,1.3834914924448203
2190,901.0,9.0,0.15,7.0,1.9194435456021095,1.536276065743663,1.9108440061634984,1.5377110048821865
2191,901.0,9.0,0.175,1.0,2.14189714758258,1.7200317677191905,2.128378804784194,1.7213887224181472
2192,901.0,9.0,0.175,2.0,1.6439037596619117,1.3077050969336803,1.6209771740907826,1.2842951168568038
2193,901.0,9.0,0.175,3.0,1.5705301551253472,1.2513483557491638,1.5282287254045606,1.201377568999883
2194,901.0,9.0,0.175,4.0,1.627182336374539,1.2813385412662825,1.5737179549508227,1.228492037403763
2195,901.0,9.0,0.175,5.0,1.7152184684567198,1.3717010988065585,1.6803588514204368,1.316648546210005
2196,901.0,9.0,0.175,6.0,1.7955039380124391,1.4099901298618585,1.7701278516608374,1.4000591739497938
2197,901.0,9.0,0.175,7.0,1.8793667958958193,1.4890573792139121,1.8947274079461514,1.495237392297879
2198,901.0,9.0,0.2,1.0,2.0672007454106445,1.6533958256815366,2.0463079188318614,1.6468475267960805
2199,901.0,9.0,0.2,2.0,1.5541574808578926,1.233866116532344,1.5313304805987251,1.2249709770551533
2200,901.0,9.0,0.2,3.0,1.6383679215141662,1.3112004811397773,1.611261521558405,1.2695690285762053
2201,901.0,9.0,0.2,4.0,1.6142240748875827,1.2672991931929083,1.5741281740297157,1.2274618561023964
2202,901.0,9.0,0.2,5.0,1.669111601722722,1.2990051662716469,1.6377893273659914,1.2932198210736556
2203,901.0,9.0,0.2,6.0,1.7872499787663707,1.4038142323243783,1.7593051277496456,1.4091383133581872
2204,901.0,9.0,0.2,7.0,1.954949433999221,1.5386688017064194,1.917740429680427,1.5158114757463785
2205,901.0,9.0,0.225,1.0,2.1445930913652584,1.7268409430946996,2.134060369402773,1.7226321875846693
2206,901.0,9.0,0.225,2.0,1.4713553560905146,1.1744458308134218,1.451456775324721,1.1503452230669464
2207,901.0,9.0,0.225,3.0,1.5991884707912545,1.2606326528986314,1.5896138705646434,1.2492435875998524
2208,901.0,9.0,0.225,4.0,1.616166543092566,1.2728952910666493,1.581941360652464,1.2391605522973579
2209,901.0,9.0,0.225,5.0,1.698362981221374,1.341375201077357,1.6527455209830162,1.298610826267588
2210,901.0,9.0,0.225,6.0,1.8163908522078227,1.4240864899256795,1.7731879918112987,1.4118825970407154
2211,901.0,9.0,0.225,7.0,1.9166058427653714,1.5188789196175887,1.9801477599198094,1.5746743373596712
2212,901.0,9.0,0.25,1.0,2.234807521226436,1.7994808200649473,2.2191382161147675,1.7938896067069974
2213,901.0,9.0,0.25,2.0,1.5710719018354655,1.2510994166914136,1.5330916989401784,1.2235708058595642
2214,901.0,9.0,0.25,3.0,1.537158758689571,1.2121758335426347,1.5140470162695872,1.189889169829689
2215,901.0,9.0,0.25,4.0,1.6091993571642282,1.2809152055519906,1.5773882908417722,1.2546922636498905
2216,901.0,9.0,0.25,5.0,1.7640492504764234,1.384396167630996,1.6487292579330237,1.3317132368312214
2217,901.0,9.0,0.25,6.0,1.7903146668499925,1.3978616391469436,1.7078738604105268,1.3534980058622186
2218,901.0,9.0,0.25,7.0,2.068770141211035,1.6411141450999134,1.990864985259448,1.603131491070178
2219,901.0,9.0,0.275,1.0,2.2051878128544002,1.776581594198866,2.183017389558718,1.7662290557663798
2220,901.0,9.0,0.275,2.0,1.5807184518836435,1.2512159560245277,1.5664703813033756,1.2423052169328548
2221,901.0,9.0,0.275,3.0,1.5885558356517888,1.2550154875788675,1.5443604547198104,1.2109481726500488
2222,901.0,9.0,0.275,4.0,1.6153156219708706,1.2759884650391455,1.565349560340851,1.2415988518020098
2223,901.0,9.0,0.275,5.0,1.785425828465028,1.407548108362337,1.7230189210710032,1.359857499835512
2224,901.0,9.0,0.275,6.0,1.8564997305944533,1.4588510610484675,1.8186943567769593,1.4402384140218523
2225,901.0,9.0,0.275,7.0,2.023168290785322,1.6052956950245973,2.009306736146752,1.5876646747546876
2226,901.0,9.0,0.3,1.0,2.1720467130252525,1.7461985540167302,2.157719953694488,1.7401605483633504
2227,901.0,9.0,0.3,2.0,1.539470665710853,1.2077595703265787,1.4841163524420982,1.1708700073823244
2228,901.0,9.0,0.3,3.0,1.636852893189765,1.3041948093242177,1.6037815410997276,1.2577485863924651
2229,901.0,9.0,0.3,4.0,1.7382436796355558,1.378986132880415,1.6776787769034465,1.3334935708699582
2230,901.0,9.0,0.3,5.0,1.7338330761321996,1.366673222750273,1.7351830713670795,1.3903738183174024
2231,901.0,9.0,0.3,6.0,1.8721472815149216,1.4667955520733398,1.8660575873509893,1.4875548398045961
2232,901.0,9.0,0.3,7.0,2.0148831980115953,1.596109836257083,1.9978035381582293,1.5961607940576865
2233,901.0,10.0,0.05,1.0,2.315707563142351,1.8688462733382418,2.2841382597155797,1.8459815113494968
2234,901.0,10.0,0.05,2.0,1.6927716586459252,1.3354835962588658,1.6632229452201126,1.3023358669621439
2235,901.0,10.0,0.05,3.0,1.5527897564639157,1.230472750846683,1.5083468339260147,1.17289622874462
2236,901.0,10.0,0.05,4.0,1.5762656622519804,1.2568318296354464,1.537023210562856,1.2027341330594599
2237,901.0,10.0,0.05,5.0,1.6697367057009875,1.3120481293777861,1.619417314307468,1.263760934164974
2238,901.0,10.0,0.05,6.0,1.7869518507732363,1.4168447195649907,1.754168368017814,1.3704308087138106
2239,901.0,10.0,0.05,7.0,1.9936176027769086,1.575144730315771,1.9649823595696405,1.5350012903234362
2240,901.0,10.0,0.075,1.0,2.2629083024518897,1.8229759870388604,2.2352552052249153,1.8039762437653735
2241,901.0,10.0,0.075,2.0,1.659241494331154,1.307495987671957,1.641998836483001,1.286657957375302
2242,901.0,10.0,0.075,3.0,1.5085319481878494,1.1894340466928075,1.4638360320737727,1.1379349602077435
2243,901.0,10.0,0.075,4.0,1.5506953122991838,1.2200917590375857,1.4891976645605811,1.168305971272738
2244,901.0,10.0,0.075,5.0,1.7299891297070658,1.3517105712253064,1.6443841567449295,1.292206818788962
2245,901.0,10.0,0.075,6.0,1.8438897896769435,1.468715867261574,1.8222109310977923,1.4301885696181034
2246,901.0,10.0,0.075,7.0,2.0182942627869034,1.5952230957310112,1.998703604878721,1.5723218385941413
2247,901.0,10.0,0.1,1.0,2.1918673573223253,1.759096078583336,2.156547718767131,1.7371241761072034
2248,901.0,10.0,0.1,2.0,1.613945432075068,1.266168894202167,1.5562670371506642,1.212132300375075
2249,901.0,10.0,0.1,3.0,1.490765481481572,1.1815786754781297,1.4731635161782637,1.1499189689330924
2250,901.0,10.0,0.1,4.0,1.579302066536152,1.2439121275838045,1.5312070100608584,1.1955282670103702
2251,901.0,10.0,0.1,5.0,1.6957477943778334,1.327389348002347,1.6547283655333704,1.2954233719733206
2252,901.0,10.0,0.1,6.0,1.8599895317977488,1.475458744479196,1.7980480724181347,1.4075483360365528
2253,901.0,10.0,0.1,7.0,2.0235871590458214,1.5979937805173163,1.9817123933900236,1.5586577273142277
2254,901.0,10.0,0.125,1.0,2.249660249308478,1.8113294325987126,2.2207577765037394,1.7913228929203182
2255,901.0,10.0,0.125,2.0,1.5097162368274308,1.1926921409099809,1.4627876458766973,1.1506466094457688
2256,901.0,10.0,0.125,3.0,1.4781285232992543,1.1630985785202799,1.4618117558555912,1.1306087092800203
2257,901.0,10.0,0.125,4.0,1.5659276657869121,1.2373068519707313,1.4971319689914664,1.1739675460005694
2258,901.0,10.0,0.125,5.0,1.6260440505330571,1.2889618366337763,1.5973309220665144,1.257859768504754
2259,901.0,10.0,0.125,6.0,1.7830581702193675,1.4148417896748788,1.7663752073765193,1.393957467255996
2260,901.0,10.0,0.125,7.0,1.9594579323078503,1.5537130895843914,1.9072782983821253,1.491464348399351
2261,901.0,10.0,0.15,1.0,2.3094840092622793,1.8623240992862484,2.278907158129595,1.840559601244393
2262,901.0,10.0,0.15,2.0,1.7468910067458019,1.3821507771600596,1.722081911669204,1.351431341824441
2263,901.0,10.0,0.15,3.0,1.4808083535329717,1.1696052918146616,1.447681635513797,1.1251984960489672
2264,901.0,10.0,0.15,4.0,1.6080139674418072,1.2578836699262743,1.5654474520812567,1.2118450460865178
2265,901.0,10.0,0.15,5.0,1.7667144857170198,1.3983128444825927,1.7550477975307703,1.3848086320374269
2266,901.0,10.0,0.15,6.0,1.861164649438525,1.4701154746224672,1.7826033761762459,1.4138863684135468
2267,901.0,10.0,0.15,7.0,2.07401041198268,1.6422477780162459,2.04516333177153,1.6087138393692997
2268,901.0,10.0,0.175,1.0,2.306937660408998,1.8593236799393138,2.273846887730192,1.8383386250476819
2269,901.0,10.0,0.175,2.0,1.506454117756492,1.184437278911619,1.4602529041390426,1.1413381159417268
2270,901.0,10.0,0.175,3.0,1.5718142986744479,1.2521642503561177,1.5359222716162504,1.1921260653496686
2271,901.0,10.0,0.175,4.0,1.69432314204904,1.3223373441164745,1.656736849444154,1.2847904330289812
2272,901.0,10.0,0.175,5.0,1.6963088141248654,1.3237553854123694,1.7001684826301167,1.326593736093499
2273,901.0,10.0,0.175,6.0,1.9448658972722588,1.526183129561215,1.889662730995187,1.464872232968353
2274,901.0,10.0,0.175,7.0,2.022699958133632,1.5958896633352935,1.964139527188062,1.5388338645552497
2275,901.0,10.0,0.2,1.0,2.198589643465274,1.7642823317162115,2.169002682154204,1.746787092601367
2276,901.0,10.0,0.2,2.0,1.5258485296043858,1.205122411954045,1.481502532456562,1.1636814071085937
2277,901.0,10.0,0.2,3.0,1.5509895336109139,1.2202783649520932,1.502569670803239,1.1646887703409332
2278,901.0,10.0,0.2,4.0,1.641041775469403,1.2887763702269517,1.571712206743444,1.2187875886565784
2279,901.0,10.0,0.2,5.0,1.7254113011898042,1.358732946531214,1.6444567009885107,1.2919290362352727
2280,901.0,10.0,0.2,6.0,1.9236389099385625,1.5319753622010295,1.880983480087404,1.48533903715536
2281,901.0,10.0,0.2,7.0,2.039528290864441,1.61965175564164,1.9823465373811642,1.5428138615219587
2282,901.0,10.0,0.225,1.0,2.2697923432644402,1.824942258980711,2.2443809069658327,1.806706373604294
2283,901.0,10.0,0.225,2.0,1.5090570491363204,1.188769674250068,1.4720314725192727,1.15581228840627
2284,901.0,10.0,0.225,3.0,1.6186692235857418,1.272725661204486,1.5503771670590873,1.22342328236834
2285,901.0,10.0,0.225,4.0,1.7413585900539763,1.3695873576298576,1.6975918606619922,1.32280721251478
2286,901.0,10.0,0.225,5.0,1.7788505465979474,1.4196688023046116,1.773163801581972,1.3963529193566497
2287,901.0,10.0,0.225,6.0,1.9190252419229925,1.5192608431617534,1.9069418488740066,1.4955251360457222
2288,901.0,10.0,0.225,7.0,1.9982934168677609,1.5829084896387031,1.9263065525165695,1.5202398151671541
2289,901.0,10.0,0.25,1.0,2.1945890488141813,1.754491221658984,2.162879626832485,1.7370975327981055
2290,901.0,10.0,0.25,2.0,1.7061014761699704,1.345326698064232,1.648047790264426,1.2801783891005782
2291,901.0,10.0,0.25,3.0,1.647855104325477,1.3018446448583383,1.5631738539620166,1.2370970305079494
2292,901.0,10.0,0.25,4.0,1.652554228601786,1.3050982563050282,1.5936443344484998,1.2598159163364318
2293,901.0,10.0,0.25,5.0,1.783645593469462,1.4266436128581663,1.7199694733069972,1.3674975363984307
2294,901.0,10.0,0.25,6.0,1.8779756200110203,1.4784530352273777,1.8199922494565173,1.4199504604774456
2295,901.0,10.0,0.25,7.0,2.052610345988245,1.6233629202926032,2.0262488302261317,1.6078450590342772
2296,901.0,10.0,0.275,1.0,2.3169107759305465,1.8612090164170614,2.278138680635716,1.832869223155291
2297,901.0,10.0,0.275,2.0,1.55696239088065,1.2307048468113417,1.5128103430068343,1.1975474232949423
2298,901.0,10.0,0.275,3.0,1.6143778663949515,1.2700761018404003,1.5539002122563883,1.213808165491322
2299,901.0,10.0,0.275,4.0,1.7960514397901852,1.4086571252032432,1.7594798881858007,1.3922392117164377
2300,901.0,10.0,0.275,5.0,1.8337276418358956,1.4437807908597606,1.748534811720131,1.3898632546817258
2301,901.0,10.0,0.275,6.0,1.9685171658222411,1.5683171016781026,1.9067407066667195,1.4994440250191579
2302,901.0,10.0,0.275,7.0,2.0583380037023615,1.621503537609573,2.0786603758120252,1.6236668193445376
2303,901.0,10.0,0.3,1.0,2.1419203113770675,1.7055895497908644,2.110629568790183,1.6870399343554547
2304,901.0,10.0,0.3,2.0,1.6356124851350426,1.2778084859217438,1.6030344067611404,1.2512815663770904
2305,901.0,10.0,0.3,3.0,1.5811739591632394,1.2535680874048267,1.5284192721031988,1.1949544812172552
2306,901.0,10.0,0.3,4.0,1.6280294159207434,1.2386338198649844,1.5911515471922544,1.2415048737810834
2307,901.0,10.0,0.3,5.0,1.7983997254911042,1.4111268858885524,1.711344987821084,1.3557532320268517
2308,901.0,10.0,0.3,6.0,1.9557454316959384,1.5139236074737181,1.932811690263002,1.5193502160593548
2309,901.0,10.0,0.3,7.0,2.0493186792850744,1.622419160330919,2.028932600513932,1.6002128943603888
2310,901.0,11.0,0.05,1.0,2.4362342264134136,1.9654526016789886,2.3956472351438705,1.9315569726156578
2311,901.0,11.0,0.05,2.0,1.7200027247189325,1.3454201280389997,1.661111337507391,1.286289288005058
2312,901.0,11.0,0.05,3.0,1.5852820987192655,1.233852552547048,1.527521682771283,1.1967569448626796
2313,901.0,11.0,0.05,4.0,1.612995966660473,1.2671027723595414,1.5296124683820593,1.1913072596558518
2314,901.0,11.0,0.05,5.0,1.6828105992802405,1.329807519270661,1.642985839227092,1.272344826591892
2315,901.0,11.0,0.05,6.0,1.7597770800277805,1.389465972756107,1.7422202420145574,1.3503358334912385
2316,901.0,11.0,0.05,7.0,1.8819906897825904,1.486580274273905,1.9127206555078473,1.4999194096373372
2317,901.0,11.0,0.075,1.0,2.5955650870281173,2.0947758751245975,2.5391705300162077,2.047088463940553
2318,901.0,11.0,0.075,2.0,1.7007536716772211,1.3280003044959903,1.631826165857512,1.2667058446522845
2319,901.0,11.0,0.075,3.0,1.6284476804762025,1.2726206845039434,1.5502477091764628,1.2234621055905792
2320,901.0,11.0,0.075,4.0,1.6097329684735884,1.2753595994832552,1.5402704936569558,1.2119129096204717
2321,901.0,11.0,0.075,5.0,1.6945175454099055,1.3429306071293237,1.6552040333546703,1.286337901911006
2322,901.0,11.0,0.075,6.0,1.8152513408763702,1.4348472063709539,1.77378383791403,1.3766126842855673
2323,901.0,11.0,0.075,7.0,1.8909533670119634,1.5018670214481722,1.922378479159703,1.5079739002908608
2324,901.0,11.0,0.1,1.0,2.303641652876632,1.852762164873039,2.268124215369044,1.8272260260359412
2325,901.0,11.0,0.1,2.0,1.5964807109589092,1.2425831166415262,1.5306001250323655,1.1970135858506332
2326,901.0,11.0,0.1,3.0,1.5561113206665742,1.2129341104060758,1.4687038965278556,1.1474556972653835
2327,901.0,11.0,0.1,4.0,1.6212286097809934,1.2758537305494568,1.5478003015600825,1.1886071142223336
2328,901.0,11.0,0.1,5.0,1.7135708082941021,1.3552770165951051,1.660099241097513,1.2948309101988178
2329,901.0,11.0,0.1,6.0,1.7918363427961788,1.4063512546741963,1.7775950623686783,1.3800821393216565
2330,901.0,11.0,0.1,7.0,1.8712009761665933,1.4746900269991468,1.8848668388529493,1.4783242317328207
2331,901.0,11.0,0.125,1.0,2.5267284714559035,2.0359558661973733,2.4793001162679356,2.001812469298721
2332,901.0,11.0,0.125,2.0,1.6103320353769444,1.2557375370994464,1.5237212272931024,1.1843834599672491
2333,901.0,11.0,0.125,3.0,1.6385313953540617,1.2678796305133975,1.5767055093785614,1.243358692132253
2334,901.0,11.0,0.125,4.0,1.6429105144203633,1.2919545680615678,1.6043443370578176,1.255044780381275
2335,901.0,11.0,0.125,5.0,1.7033697103676846,1.3467173912734784,1.6224499312192535,1.2682124251080709
2336,901.0,11.0,0.125,6.0,1.8823938102321822,1.4870164020569414,1.8498417733140655,1.4424605603880438
2337,901.0,11.0,0.125,7.0,2.004563307706588,1.5811164276921554,2.0222356399524033,1.5837905231750573
2338,901.0,11.0,0.15,1.0,2.225836740312542,1.7807939635637613,2.1879681168822365,1.7541937515778587
2339,901.0,11.0,0.15,2.0,1.708527196364924,1.3333887386622538,1.6523213938317474,1.274597485731749
2340,901.0,11.0,0.15,3.0,1.6757256513938918,1.311006324682693,1.6181659449900692,1.2734538822022008
2341,901.0,11.0,0.15,4.0,1.648342974147376,1.28828191073824,1.550936900640355,1.2091808096832728
2342,901.0,11.0,0.15,5.0,1.7079196200290312,1.3443033180686164,1.661328274772912,1.2920582148133921
2343,901.0,11.0,0.15,6.0,1.7750050861125333,1.4156650574942353,1.831096863103446,1.438074743805265
2344,901.0,11.0,0.15,7.0,1.8894843237013823,1.5091339467903657,1.9576133650086678,1.5460824994447029
2345,901.0,11.0,0.175,1.0,2.115475042162328,1.6832010894059548,2.0825261065596754,1.6596565255991391
2346,901.0,11.0,0.175,2.0,1.7217188339330944,1.346637972371137,1.6676702365294143,1.2880789802371235
2347,901.0,11.0,0.175,3.0,1.6413390606658291,1.276961983251671,1.5929154256485292,1.2471866462571661
2348,901.0,11.0,0.175,4.0,1.6526154765055105,1.288757689459282,1.5154388458610122,1.1750173125305436
2349,901.0,11.0,0.175,5.0,1.8289943582450128,1.4415507894462238,1.7967153476767552,1.3848995688823014
2350,901.0,11.0,0.175,6.0,1.8415041276549948,1.4474573882815347,1.8058017018975097,1.400901685285621
2351,901.0,11.0,0.175,7.0,1.8907630681722334,1.487791893644558,1.910803982036605,1.475936130098324
2352,901.0,11.0,0.2,1.0,2.363888581212628,1.897034988839444,2.3211593768803125,1.866228095553778
2353,901.0,11.0,0.2,2.0,1.5890091968271849,1.238700476324854,1.5334202906651762,1.192150936957649
2354,901.0,11.0,0.2,3.0,1.6356372737177503,1.2673373838715285,1.5608010806956345,1.2199862732399147
2355,901.0,11.0,0.2,4.0,1.7043360620127783,1.3456631476820535,1.634845348548296,1.2869214886307458
2356,901.0,11.0,0.2,5.0,1.7960361931297377,1.413378883788252,1.7328870448070113,1.3635884470139503
2357,901.0,11.0,0.2,6.0,1.8982971783216251,1.4951358802308818,1.8644484728109603,1.4500986875463637
2358,901.0,11.0,0.2,7.0,2.0076025827795214,1.5810483550573158,1.9521834379611371,1.5198430757722683
2359,901.0,11.0,0.225,1.0,2.200626812053655,1.7593269419308992,2.171919520912966,1.7451774890066194
2360,901.0,11.0,0.225,2.0,1.5647723373544309,1.2116267362018402,1.5235699534013225,1.187953805850838
2361,901.0,11.0,0.225,3.0,1.5846402611130392,1.2450563432722197,1.5472248064057643,1.2133711972001924
2362,901.0,11.0,0.225,4.0,1.7706164661041353,1.3946062131910761,1.6937891015915023,1.3224311981695718
2363,901.0,11.0,0.225,5.0,1.811424146846565,1.431195882864582,1.7533088148110347,1.3765154733118443
2364,901.0,11.0,0.225,6.0,1.9639419993329263,1.5562677812485626,1.9848493256585917,1.5585393047740794
2365,901.0,11.0,0.225,7.0,1.9672194687400555,1.549849402829563,1.9758133932416697,1.5324639296284903
2366,901.0,11.0,0.25,1.0,2.303972623251771,1.8486745227592887,2.2661416943284514,1.8237245689754553
2367,901.0,11.0,0.25,2.0,1.5684219700441855,1.2331746738389064,1.4697320468592587,1.1478415717576875
2368,901.0,11.0,0.25,3.0,1.671542240776653,1.3080582592632317,1.5707012783865222,1.2424697113094891
2369,901.0,11.0,0.25,4.0,1.6739752671739399,1.3094328938326465,1.5845187509230805,1.2449624341798655
2370,901.0,11.0,0.25,5.0,1.8320359193317866,1.4511431870541027,1.7582722643610185,1.3812802990988822
2371,901.0,11.0,0.25,6.0,1.9075374560599916,1.5097861346422201,1.8996452248350337,1.4999424241061927
2372,901.0,11.0,0.25,7.0,1.9414770654771685,1.5243459060810203,1.927070083252976,1.4884196844165525
2373,901.0,11.0,0.275,1.0,2.0787881941570574,1.6466176201731249,2.0370431049430575,1.6127359596980388
2374,901.0,11.0,0.275,2.0,1.7301915540846797,1.3601158469881334,1.6538291957180253,1.3048359185706304
2375,901.0,11.0,0.275,3.0,1.7966026301524358,1.4011603504125556,1.7035587420777378,1.3484258046405058
2376,901.0,11.0,0.275,4.0,1.7613637004215097,1.3784904473503867,1.6726083397456166,1.3081775776926026
2377,901.0,11.0,0.275,5.0,1.8700880993300424,1.4746479702373583,1.8251753962994295,1.4094328476960194
2378,901.0,11.0,0.275,6.0,1.9508572446317711,1.5442835103134254,1.9640711550295267,1.53970637860616
2379,901.0,11.0,0.275,7.0,2.022915960393102,1.5969573285337164,2.097182615642964,1.6214297616978
2380,901.0,11.0,0.3,1.0,2.3487763936871677,1.8890870633404806,2.309177548499471,1.849401220341431
2381,901.0,11.0,0.3,2.0,1.6546758970782605,1.3003522486644952,1.6418888089318395,1.272930452608189
2382,901.0,11.0,0.3,3.0,1.7020401222178498,1.320143960639718,1.598557820224676,1.2603314363849982
2383,901.0,11.0,0.3,4.0,1.800353568612625,1.4221940975466405,1.6989097390353136,1.3245684365571708
2384,901.0,11.0,0.3,5.0,1.8891855472064563,1.47795249990397,1.899548866845655,1.4739810034603256
2385,901.0,11.0,0.3,6.0,1.983083416418672,1.5814637193551884,1.980590459517663,1.537096462616706
2386,901.0,11.0,0.3,7.0,2.0381537257265783,1.6104856325886159,2.0383322330011113,1.6016695770859741
2387,901.0,12.0,0.05,1.0,2.5071227237295384,2.0241575588504315,2.457265925555381,1.9758844170453727
2388,901.0,12.0,0.05,2.0,1.7829985375628508,1.4113049686049426,1.7189840922692536,1.3408758444459876
2389,901.0,12.0,0.05,3.0,1.6101501924780612,1.2595579194911524,1.5312083453454735,1.2038765628556767
2390,901.0,12.0,0.05,4.0,1.7078882684492056,1.3313438831213775,1.6334348047344291,1.2845846215473384
2391,901.0,12.0,0.05,5.0,1.8141065227152275,1.422720023334108,1.7400531909662287,1.3642362733038171
2392,901.0,12.0,0.05,6.0,1.8573543077304802,1.4821472946337553,1.8007525255884047,1.4243999925563513
2393,901.0,12.0,0.05,7.0,1.9602838160285017,1.5528739785105283,1.9381389772082327,1.5250927322569334
2394,901.0,12.0,0.075,1.0,2.245066904811066,1.80143574435842,2.207964101206907,1.7704920582755763
2395,901.0,12.0,0.075,2.0,1.7066655267462423,1.339136602679424,1.6249524607535493,1.2662191966196652
2396,901.0,12.0,0.075,3.0,1.5739238439075247,1.2261272478461542,1.48977163753986,1.1602928269201294
2397,901.0,12.0,0.075,4.0,1.7005970644334267,1.3322305822055998,1.6220153043556742,1.273655498896483
2398,901.0,12.0,0.075,5.0,1.7836027064638733,1.3980783020293688,1.7284179757715301,1.3502677388948046
2399,901.0,12.0,0.075,6.0,1.866840701743946,1.492230162417969,1.7997849127770063,1.423808474471361
2400,901.0,12.0,0.075,7.0,1.9464414758715285,1.54759999649965,1.9743544167012876,1.5508055645116696
2401,901.0,12.0,0.1,1.0,2.413244576462734,1.9448324540140507,2.3717285901227805,1.90756759644741
2402,901.0,12.0,0.1,2.0,1.6350929346197862,1.2904421003773505,1.5387050978691295,1.2002241530166438
2403,901.0,12.0,0.1,3.0,1.6421113411309454,1.294883491592826,1.561265851030804,1.2305112509365217
2404,901.0,12.0,0.1,4.0,1.6843562487807844,1.3139978568565056,1.6425022769094897,1.2799970626847792
2405,901.0,12.0,0.1,5.0,1.845704246697618,1.441394698036489,1.792589610622504,1.3970803518382093
2406,901.0,12.0,0.1,6.0,1.8758829857085866,1.4909683091580275,1.8277160989506935,1.442491064748216
2407,901.0,12.0,0.1,7.0,2.0004100813850734,1.5875548075077683,1.97518049710979,1.5486900694546835
2408,901.0,12.0,0.125,1.0,2.406030226896746,1.9379792377325433,2.3625309974396878,1.900196664352489
2409,901.0,12.0,0.125,2.0,1.776152337704925,1.3973689639698803,1.6928054555404932,1.3177673361549571
2410,901.0,12.0,0.125,3.0,1.6145450421668284,1.2545907562941716,1.5319704493942898,1.20223588710705
2411,901.0,12.0,0.125,4.0,1.715126673794576,1.3597615458379604,1.6310316278602606,1.2821153273054062
2412,901.0,12.0,0.125,5.0,1.8628823797980758,1.4661305368553794,1.7635165289195023,1.3814971513701662
2413,901.0,12.0,0.125,6.0,1.854836465248825,1.4775354188847372,1.8422477208763008,1.4412158746600736
2414,901.0,12.0,0.125,7.0,2.0226982748901357,1.605184274227852,1.9972933633087881,1.5596455157949545
2415,901.0,12.0,0.15,1.0,2.2498871604166517,1.803059953203413,2.2122142060278263,1.7716564685002036
2416,901.0,12.0,0.15,2.0,1.7778064732910739,1.4021652667401832,1.7072776048621718,1.3321288391327726
2417,901.0,12.0,0.15,3.0,1.7505855781188782,1.357400826506457,1.6994437264906548,1.3147452000823379
2418,901.0,12.0,0.15,4.0,1.7132275069730922,1.3288940159174112,1.6254273444478342,1.2685179851764967
2419,901.0,12.0,0.15,5.0,1.8672387550589438,1.461550092529785,1.8085310781626083,1.4051309880799145
2420,901.0,12.0,0.15,6.0,1.8264669566854128,1.4525762456577116,1.812503948283506,1.4310974937109273
2421,901.0,12.0,0.15,7.0,1.9842563916477374,1.5845730952808963,1.9528233198335012,1.528736533809018
2422,901.0,12.0,0.175,1.0,2.155174148165726,1.721344760276717,2.1169856524594444,1.6895216458760078
2423,901.0,12.0,0.175,2.0,1.6676626236721497,1.3038526113724749,1.5961187337966365,1.2489318064524466
2424,901.0,12.0,0.175,3.0,1.6646159953497341,1.3024394901853538,1.633690542992871,1.2743990150340747
2425,901.0,12.0,0.175,4.0,1.7490189737566184,1.362575755478249,1.6909056919926015,1.3032968367254332
2426,901.0,12.0,0.175,5.0,1.8079897084359906,1.4011045206245485,1.733652708812275,1.3470574229129968
2427,901.0,12.0,0.175,6.0,1.9002619395277778,1.5075978511611139,1.8529137267678528,1.4406673909228644
2428,901.0,12.0,0.175,7.0,2.0485312420182358,1.6156754929678492,2.0254820092638783,1.596831634716062
2429,901.0,12.0,0.2,1.0,2.2882563646996767,1.8365556173343693,2.245897818961255,1.7970980833380503
2430,901.0,12.0,0.2,2.0,1.6987451230435886,1.333297990559322,1.605214898454775,1.2511279571816813
2431,901.0,12.0,0.2,3.0,1.7149997201839573,1.342617951776523,1.652123040656366,1.2963944067947215
2432,901.0,12.0,0.2,4.0,1.7615986526989076,1.3659869927916846,1.7125908611700293,1.343697331982553
2433,901.0,12.0,0.2,5.0,1.7688166643085002,1.3713116255732485,1.7442353450015289,1.3694587443943425
2434,901.0,12.0,0.2,6.0,1.9882219441089646,1.5570168899853034,1.96241453265404,1.5327002665173544
2435,901.0,12.0,0.2,7.0,2.007306714837952,1.5833366023440039,1.9676491394340343,1.5482944920735293
2436,901.0,12.0,0.225,1.0,2.5039573400271253,2.021639443889492,2.450341100076067,1.973168822007653
2437,901.0,12.0,0.225,2.0,1.6866513359615858,1.331222959740926,1.6315200227704023,1.2727266173510916
2438,901.0,12.0,0.225,3.0,1.6681207627990513,1.2963853885394456,1.5883369431865668,1.231692405871612
2439,901.0,12.0,0.225,4.0,1.7912726343165917,1.3942028618391031,1.7146541294740847,1.334914449074603
2440,901.0,12.0,0.225,5.0,1.9581966110023807,1.561529806553925,1.8910413762131533,1.4786126384853646
2441,901.0,12.0,0.225,6.0,1.9595421383381675,1.5461862272010853,1.9292520321084967,1.5089943588962174
2442,901.0,12.0,0.225,7.0,2.0519319249373713,1.6352989579946289,2.068402249296811,1.6416194854762753
2443,901.0,12.0,0.25,1.0,2.233287610616255,1.7911283196337413,2.1936563151286026,1.7596690868727254
2444,901.0,12.0,0.25,2.0,1.6834707730562108,1.31948856135189,1.6325276003400344,1.2776035258217966
2445,901.0,12.0,0.25,3.0,1.6657606420777045,1.294456487666278,1.6131660343956244,1.237374482383245
2446,901.0,12.0,0.25,4.0,1.767628547778713,1.3850452749944446,1.7512963921145088,1.3726386770169288
2447,901.0,12.0,0.25,5.0,1.8183033393797188,1.4425282952648695,1.8278585586902527,1.438382395494013
2448,901.0,12.0,0.25,6.0,1.8339901772467635,1.4588410838587849,1.8079537232512903,1.4223664284577011
2449,901.0,12.0,0.25,7.0,2.0768222288691844,1.6456348555296558,2.0888313406485617,1.6455086575053115
2450,901.0,12.0,0.275,1.0,2.3951921637027898,1.9296351838997667,2.3477830240436623,1.8842727487045952
2451,901.0,12.0,0.275,2.0,1.6959106329708125,1.3361901002075098,1.6294963421862108,1.290019331936167
2452,901.0,12.0,0.275,3.0,1.7170023486024353,1.332594204327751,1.6621121865114175,1.2912598389472683
2453,901.0,12.0,0.275,4.0,1.865944606862778,1.448393410269585,1.737448119665888,1.3546792298327728
2454,901.0,12.0,0.275,5.0,1.9842534761377661,1.5522329378297213,1.906210416523909,1.486935439355742
2455,901.0,12.0,0.275,6.0,1.929044884632391,1.535891830733699,1.908481947598724,1.5018402463757465
2456,901.0,12.0,0.275,7.0,2.1009515246113892,1.6783213421665177,2.0944834175873717,1.6472324084326349
2457,901.0,12.0,0.3,1.0,3.4640789493644157,2.8049975647342427,3.3425226603888483,2.687345642847982
2458,901.0,12.0,0.3,2.0,1.8861547746873213,1.4871110255775015,1.8520473387539735,1.4475049161380857
2459,901.0,12.0,0.3,3.0,1.7276638345588196,1.331181198706746,1.6516517546936544,1.286326988534299
2460,901.0,12.0,0.3,4.0,1.9121658248654685,1.4785073246147657,1.8031450929913795,1.4121547166076949
2461,901.0,12.0,0.3,5.0,2.0522957226452716,1.5981967555924619,1.9668266114353088,1.5406634236051893
2462,901.0,12.0,0.3,6.0,1.9532907202723064,1.561872107789789,1.9182395713260594,1.522852066508403
2463,901.0,12.0,0.3,7.0,2.148488722484338,1.701038705969784,2.1310593035362237,1.6622418474566116
2464,901.0,13.0,0.05,1.0,2.5230746411380944,2.0317210114023947,2.4833245456881694,1.9957039437450843
2465,901.0,13.0,0.05,2.0,1.716969431891858,1.3576288629568478,1.6656036896061392,1.3030217227241392
2466,901.0,13.0,0.05,3.0,1.5889031846335318,1.2479881376624526,1.5517101939833804,1.221775103551478
2467,901.0,13.0,0.05,4.0,1.6339906900391121,1.2974679265987228,1.6001691521341663,1.2607007957201577
2468,901.0,13.0,0.05,5.0,1.6573744594093323,1.2961609998482873,1.640744925992858,1.275776074443545
2469,901.0,13.0,0.05,6.0,1.7174718877576591,1.3589611708573424,1.7705917284371548,1.3999886079414638
2470,901.0,13.0,0.05,7.0,1.879261822468433,1.5059679873496048,1.9380701678475798,1.5466760591270672
2471,901.0,13.0,0.075,1.0,2.1853152069423882,1.7466950299198238,2.1537440847909153,1.7227014529697338
2472,901.0,13.0,0.075,2.0,1.70032331332675,1.3404938903449142,1.6533016609892164,1.2876776943658998
2473,901.0,13.0,0.075,3.0,1.5710710981847213,1.2328707118392244,1.5359965022875037,1.199887772199357
2474,901.0,13.0,0.075,4.0,1.5983388396121996,1.2678099434653445,1.5623875850975995,1.222105816419155
2475,901.0,13.0,0.075,5.0,1.6993239091700982,1.3355644976961096,1.7038667999022858,1.3332453180879855
2476,901.0,13.0,0.075,6.0,1.7238209745969262,1.3544899708531224,1.7579749545603367,1.3788829175584445
2477,901.0,13.0,0.075,7.0,1.9231006322290602,1.5244365734748735,1.9686696366909138,1.5741705750826955
2478,901.0,13.0,0.1,1.0,2.342852705342414,1.881444253754653,2.3132532641985755,1.8562884257659724
2479,901.0,13.0,0.1,2.0,1.6289733131005684,1.2977309280821032,1.5938553922783634,1.2423542253110027
2480,901.0,13.0,0.1,3.0,1.6762659486941012,1.3031103082769313,1.6283627878101392,1.2635106909895122
2481,901.0,13.0,0.1,4.0,1.6264302025610284,1.2837047618767436,1.62019178279092,1.2661510779842102
2482,901.0,13.0,0.1,5.0,1.6240599641463604,1.2827216152102907,1.613436143748255,1.2633345890210792
2483,901.0,13.0,0.1,6.0,1.7264599935865752,1.3576350571006717,1.7795995208979813,1.3987810847350233
2484,901.0,13.0,0.1,7.0,1.9379945140992316,1.5327462963259049,1.979910428679251,1.579076041751346
2485,901.0,13.0,0.125,1.0,2.258327164280306,1.8066598260229352,2.229566713016202,1.78801209133275
2486,901.0,13.0,0.125,2.0,1.7312285914668908,1.3685111537657453,1.6838530472825022,1.3127473921819879
2487,901.0,13.0,0.125,3.0,1.5237309995855017,1.18899807727853,1.4561495868390577,1.1406524447511328
2488,901.0,13.0,0.125,4.0,1.6813907091714324,1.317761995663658,1.6624098040073336,1.3012475505751881
2489,901.0,13.0,0.125,5.0,1.7017879762453814,1.3530891144259194,1.6759182482353745,1.320554321445106
2490,901.0,13.0,0.125,6.0,1.7241148354545144,1.3525310217710433,1.7499265597548261,1.3777089347084266
2491,901.0,13.0,0.125,7.0,1.94831969719021,1.5553256654127536,1.9959294784944643,1.5767244476334836
2492,901.0,13.0,0.15,1.0,2.104886134055241,1.674532325618215,2.071254595577309,1.646430722994337
2493,901.0,13.0,0.15,2.0,1.580715188424151,1.2477154913652049,1.520067615128611,1.1833059888170947
2494,901.0,13.0,0.15,3.0,1.5905349240640936,1.241191667528202,1.54304255676604,1.2124191927127965
2495,901.0,13.0,0.15,4.0,1.7122993357758496,1.323782685757264,1.6851420733770124,1.297757181848699
2496,901.0,13.0,0.15,5.0,1.6282858066972907,1.2774198686334999,1.627705824040136,1.2669878753233401
2497,901.0,13.0,0.15,6.0,1.7477993772405187,1.381981637415502,1.7859807842161273,1.406353111925368
2498,901.0,13.0,0.15,7.0,1.9301578271851532,1.5429656920518648,1.9479600642004233,1.53773076995113
2499,901.0,13.0,0.175,1.0,2.1941658233554535,1.7534966615647694,2.1579275228613564,1.722354531272284
2500,901.0,13.0,0.175,2.0,1.635631505755248,1.2886985842621197,1.622812210715313,1.257544075509822
2501,901.0,13.0,0.175,3.0,1.6301581571283013,1.28066421744805,1.58368924736243,1.2505486824841932
2502,901.0,13.0,0.175,4.0,1.634187993025627,1.2923454193621644,1.5869943247501184,1.2480785229337141
2503,901.0,13.0,0.175,5.0,1.6506855743514346,1.2984017084418615,1.6730845684346198,1.3073952397463644
2504,901.0,13.0,0.175,6.0,1.7984621008107715,1.3998374744521676,1.7916479698452568,1.4276709784335335
2505,901.0,13.0,0.175,7.0,1.9883333462591934,1.5766206679480488,2.0598720383857563,1.6251924048463124
2506,901.0,13.0,0.2,1.0,2.3032746793267878,1.8468015017623172,2.274979196887491,1.8277986144862037
2507,901.0,13.0,0.2,2.0,1.605339588647717,1.2669359434839966,1.5549689539726774,1.2085645872951378
2508,901.0,13.0,0.2,3.0,1.4884541947261676,1.1662494980903024,1.423353322060983,1.1175002344903202
2509,901.0,13.0,0.2,4.0,1.617596532876029,1.2710432206784463,1.6027073167204333,1.25118156481504
2510,901.0,13.0,0.2,5.0,1.6979412914641427,1.3251236366933612,1.7075332484095527,1.3277493278857018
2511,901.0,13.0,0.2,6.0,1.8586049564903162,1.459278398131549,1.859185482355895,1.4482502252074732
2512,901.0,13.0,0.2,7.0,1.925486431010437,1.5168416380251615,2.041035376507941,1.6307009120736533
2513,901.0,13.0,0.225,1.0,2.262544837103482,1.810438300281751,2.224983152658977,1.7845260064660247
2514,901.0,13.0,0.225,2.0,1.6404873438235101,1.2874488627352347,1.571119152291886,1.230557668222662
2515,901.0,13.0,0.225,3.0,1.612492923828374,1.2503072615868838,1.5827642076956732,1.2359663123672358
2516,901.0,13.0,0.225,4.0,1.6876774262150764,1.332627646539619,1.6833100196048203,1.3196137611023162
2517,901.0,13.0,0.225,5.0,1.7320324368586464,1.3448359484932162,1.7611916580637885,1.3956153567531353
2518,901.0,13.0,0.225,6.0,1.832006516673665,1.437694785414348,1.828805867795688,1.4571990090449014
2519,901.0,13.0,0.225,7.0,2.0030568806147984,1.6066757620259207,2.1085893669960667,1.6654599102884307
2520,901.0,13.0,0.25,1.0,2.3253885675864696,1.8657953621328298,2.2850623982514677,1.8257920611796672
2521,901.0,13.0,0.25,2.0,1.728446539967615,1.37767383144773,1.6750693527050193,1.3130524214892072
2522,901.0,13.0,0.25,3.0,1.6114706264042835,1.2567399768910041,1.5755506000879531,1.2367706414037465
2523,901.0,13.0,0.25,4.0,1.758876197873689,1.3848495983455096,1.7427920306862048,1.3657378656495252
2524,901.0,13.0,0.25,5.0,1.7888857396178632,1.3868366513303687,1.7788363363643585,1.3795166797033558
2525,901.0,13.0,0.25,6.0,1.9326808535866755,1.50783801052616,1.9435469857684833,1.5248116885664762
2526,901.0,13.0,0.25,7.0,2.0574954637741603,1.6281637845127912,2.0533736167830177,1.621529029148813
2527,901.0,13.0,0.275,1.0,2.0361508895634115,1.6224754587384023,1.9994573502327464,1.5865511344308065
2528,901.0,13.0,0.275,2.0,1.5819492614218842,1.2354892194668468,1.4994762791693228,1.1639409093414932
2529,901.0,13.0,0.275,3.0,1.5787678173657171,1.2462570543315705,1.53251127476912,1.2170977504253928
2530,901.0,13.0,0.275,4.0,1.6982903299241052,1.3384527033975542,1.6865152096568794,1.3428923444291254
2531,901.0,13.0,0.275,5.0,1.7269389446893704,1.3616074484413117,1.7402373354948264,1.3622183669796013
2532,901.0,13.0,0.275,6.0,1.8739126693137926,1.4748846568263312,1.8587339685086008,1.4610064893177404
2533,901.0,13.0,0.275,7.0,2.0125959936722535,1.5892487071127381,2.1135618020460587,1.6682015429753523
2534,901.0,13.0,0.3,1.0,1.9936766319431374,1.5765803659130946,1.9522913780788347,1.5395590027260273
2535,901.0,13.0,0.3,2.0,1.7745138125166906,1.411726024333545,1.739477206862279,1.3342967221017092
2536,901.0,13.0,0.3,3.0,1.6128374936114882,1.2463282577861947,1.5784896880267902,1.2347922944432017
2537,901.0,13.0,0.3,4.0,1.8595845396142998,1.4674935670384253,1.8150183926466288,1.4350078587024282
2538,901.0,13.0,0.3,5.0,1.7096820268467217,1.3496891824255273,1.7802751856405385,1.4244003635136222
2539,901.0,13.0,0.3,6.0,1.8820748693225695,1.4805947504999204,1.8646408908963805,1.4704766747661775
2540,901.0,13.0,0.3,7.0,2.077944845761822,1.6443702822219592,2.016000715735011,1.576442353035466
2541,901.0,14.0,0.05,1.0,2.529766385301287,2.037160531307714,2.4907295426067506,2.0073145203042007
2542,901.0,14.0,0.05,2.0,1.7347014205425304,1.372689308422471,1.678150696546821,1.3159861323298991
2543,901.0,14.0,0.05,3.0,1.6211237670718825,1.2594331269418009,1.5575292909180356,1.2226436379288872
2544,901.0,14.0,0.05,4.0,1.5724128433433737,1.217721374388016,1.478629241591574,1.1580682791779597
2545,901.0,14.0,0.05,5.0,1.6333909495940597,1.2667234682605721,1.5798138100279884,1.2357691152053458
2546,901.0,14.0,0.05,6.0,1.6903891112489975,1.3168063658632285,1.6773266221013359,1.3433652060017645
2547,901.0,14.0,0.05,7.0,1.739229229222114,1.3582923710349672,1.745871858035688,1.4066309038856213
2548,901.0,14.0,0.075,1.0,2.3537622628749677,1.8931881148992786,2.3243103923127855,1.871390092163406
2549,901.0,14.0,0.075,2.0,1.8149486517001243,1.429067031573347,1.762635375240617,1.376951198546531
2550,901.0,14.0,0.075,3.0,1.628966848258126,1.2692559223926614,1.5501299773074546,1.2143601134947482
2551,901.0,14.0,0.075,4.0,1.6462034534196155,1.28983960202807,1.5388660177219076,1.213150283836587
2552,901.0,14.0,0.075,5.0,1.6309854568126105,1.2710165135509948,1.5653226093676054,1.2284406631026108
2553,901.0,14.0,0.075,6.0,1.68797019094995,1.3279552898218139,1.6861519391423239,1.3467391085704532
2554,901.0,14.0,0.075,7.0,1.7258053315068624,1.3563022812517487,1.7016074634092204,1.3695295681142876
2555,901.0,14.0,0.1,1.0,2.3327080596063374,1.8735357456082689,2.298547594778767,1.8477645135103584
2556,901.0,14.0,0.1,2.0,1.6640006431801695,1.3026402979753828,1.5897886377577846,1.2474085128965484
2557,901.0,14.0,0.1,3.0,1.629598425695394,1.2666167487964124,1.565896594191903,1.2326099814662805
2558,901.0,14.0,0.1,4.0,1.5768478104100139,1.2346814055424462,1.4720390115729052,1.1690519723871624
2559,901.0,14.0,0.1,5.0,1.6428910928989875,1.2807548912378763,1.6173255614398263,1.2705662955896182
2560,901.0,14.0,0.1,6.0,1.6994178832528095,1.3190620143934326,1.6757200344736947,1.324423730410972
2561,901.0,14.0,0.1,7.0,1.7372656450293016,1.3636498622997262,1.7817753293577376,1.417576257162328
2562,901.0,14.0,0.125,1.0,2.361412373507426,1.8962589474524383,2.3303691387851706,1.8745936123054174
2563,901.0,14.0,0.125,2.0,1.6701863355032152,1.3132749753148403,1.5943781109572928,1.2510060598115338
2564,901.0,14.0,0.125,3.0,1.5864125890837004,1.2298803443368362,1.5715128723837222,1.2206870436410517
2565,901.0,14.0,0.125,4.0,1.5650122166863476,1.2259381834195142,1.486077966519283,1.175205245060482
2566,901.0,14.0,0.125,5.0,1.685457350605136,1.3105088783406607,1.6297532535449768,1.2813092769051084
2567,901.0,14.0,0.125,6.0,1.69385382700428,1.308661534509097,1.6499319113821125,1.309224777949537
2568,901.0,14.0,0.125,7.0,1.8110360509206718,1.4253581824630015,1.7780675437285791,1.4235268753724242
2569,901.0,14.0,0.15,1.0,2.278574940002666,1.8274158444437585,2.248591731705974,1.8103071581715922
2570,901.0,14.0,0.15,2.0,1.6784107800379033,1.305299306318741,1.621762693247223,1.264857147861922
2571,901.0,14.0,0.15,3.0,1.5688678303977412,1.2117607062150366,1.4753681725716985,1.1623431312080243
2572,901.0,14.0,0.15,4.0,1.577820218098216,1.2281832315908314,1.5336757017887341,1.212980171477867
2573,901.0,14.0,0.15,5.0,1.6878389624095096,1.322250469342064,1.6356206826558586,1.2852019301456898
2574,901.0,14.0,0.15,6.0,1.7344335791053278,1.347561581230532,1.6731871340125302,1.3291265820362879
2575,901.0,14.0,0.15,7.0,1.7360794183190356,1.3788114720338855,1.7165192683732924,1.3672369973788385
2576,901.0,14.0,0.175,1.0,2.495772247562833,2.0094278047652527,2.4554117528488226,1.9785842066879966
2577,901.0,14.0,0.175,2.0,1.7029000437700124,1.3270230764156221,1.6226948726830295,1.2726374075237272
2578,901.0,14.0,0.175,3.0,1.5824043417568958,1.2277353629885397,1.5212601396222525,1.1884479038340199
2579,901.0,14.0,0.175,4.0,1.5242375976685891,1.1996880564428907,1.4435224320458795,1.1498806075908112
2580,901.0,14.0,0.175,5.0,1.6732320087318524,1.2971260845492254,1.6244856308940232,1.2752353946430375
2581,901.0,14.0,0.175,6.0,1.760740269719324,1.3629810998253409,1.6817684733499731,1.3080253019184707
2582,901.0,14.0,0.175,7.0,1.8003575252609996,1.4155579844506583,1.780511766357982,1.4129664864755747
2583,901.0,14.0,0.2,1.0,2.315408777811221,1.8558252382375617,2.2744540805525677,1.827233510952169
2584,901.0,14.0,0.2,2.0,1.7278860475017623,1.3429168932409958,1.6680959733773122,1.302682968488297
2585,901.0,14.0,0.2,3.0,1.6013437988926298,1.252162247641223,1.5481014587681838,1.2285714795191764
2586,901.0,14.0,0.2,4.0,1.6687592819863288,1.3160597403875045,1.5594569124798559,1.2344290355565843
2587,901.0,14.0,0.2,5.0,1.7598173409823634,1.370177769885517,1.7007676981721116,1.3431381793471109
2588,901.0,14.0,0.2,6.0,1.7815649077181595,1.4062928593581645,1.7573108378574245,1.3963266571249568
2589,901.0,14.0,0.2,7.0,1.8797440122513258,1.4780061757859584,1.9080683078867087,1.4954016244935542
2590,901.0,14.0,0.225,1.0,2.197202618080867,1.7532193736835306,2.1549592000637903,1.7274754199936082
2591,901.0,14.0,0.225,2.0,1.7373840062203452,1.356759808453337,1.6910919792997121,1.3304947821863056
2592,901.0,14.0,0.225,3.0,1.6702833126608703,1.3266037181465908,1.6449790955050088,1.3001793893025313
2593,901.0,14.0,0.225,4.0,1.589923206001067,1.251591985063179,1.5213507332735434,1.2000058483030804
2594,901.0,14.0,0.225,5.0,1.7143158983978342,1.3212935743434457,1.6416434006522063,1.2890276978956225
2595,901.0,14.0,0.225,6.0,1.807577449451389,1.4228165081736575,1.7570285866828792,1.4076229979884243
2596,901.0,14.0,0.225,7.0,1.8574625580823427,1.4540445057356488,1.877368665564576,1.4833259922712374
2597,901.0,14.0,0.25,1.0,2.2563650460839035,1.8014640413904732,2.216462858457791,1.7742405487926283
2598,901.0,14.0,0.25,2.0,1.5945109715654175,1.2620477664707437,1.4948331898253813,1.1635179864367706
2599,901.0,14.0,0.25,3.0,1.5402145808223178,1.2124844693564156,1.4546220117040551,1.1587174636707598
2600,901.0,14.0,0.25,4.0,1.5871488742412345,1.2506729209082705,1.486054225296003,1.1766085623232942
2601,901.0,14.0,0.25,5.0,1.7063617795910668,1.33520909179417,1.6160297055411068,1.2764056804494106
2602,901.0,14.0,0.25,6.0,1.8549970477135842,1.43626386212256,1.7792970509907808,1.418452459398456
2603,901.0,14.0,0.25,7.0,1.9172062044243086,1.5121168555376643,1.8855384329969187,1.5031226381346199
2604,901.0,14.0,0.275,1.0,2.3723876251272507,1.897173888607351,2.3380242377953064,1.8838546595755028
2605,901.0,14.0,0.275,2.0,1.8381332640521335,1.4485963446836123,1.7849713424267726,1.4060760155273495
2606,901.0,14.0,0.275,3.0,1.7127226329754393,1.3292343255117844,1.6671090202464995,1.3136612152655347
2607,901.0,14.0,0.275,4.0,1.7032347291636862,1.3551617938612335,1.6390149122271256,1.2979385212879837
2608,901.0,14.0,0.275,5.0,1.7932214493149252,1.4134739911562966,1.7589994667758775,1.4012995708089229
2609,901.0,14.0,0.275,6.0,1.8130047255649908,1.4317452103346624,1.7740002718622574,1.403889865982826
2610,901.0,14.0,0.275,7.0,1.8927561567223405,1.4941744560505137,1.8627727755220118,1.5054841909346843
2611,901.0,14.0,0.3,1.0,2.2830454350909783,1.8274687302797414,2.2460273441388434,1.80283648740152
2612,901.0,14.0,0.3,2.0,1.6927114360401432,1.3246030905265933,1.664334856353817,1.2928050178772987
2613,901.0,14.0,0.3,3.0,1.7964389196912038,1.4033092070207127,1.7132194112994585,1.345260598726287
2614,901.0,14.0,0.3,4.0,1.709384902583418,1.3756110713245846,1.5962061720108338,1.260029372938433
2615,901.0,14.0,0.3,5.0,1.7983082222879887,1.430537132937845,1.7511395518773032,1.387426095834678
2616,901.0,14.0,0.3,6.0,1.8282699697397984,1.4361833925370002,1.740574027734368,1.374277931105693
2617,901.0,14.0,0.3,7.0,1.9304926236704822,1.496964021283055,1.8838869763677615,1.4833233935095296
2618,901.0,15.0,0.05,1.0,2.582118263611335,2.0875891714492107,2.532271830093877,2.0395314769126287
2619,901.0,15.0,0.05,2.0,1.8917760238995662,1.5016926367364556,1.8226432661376346,1.4261364319511527
2620,901.0,15.0,0.05,3.0,1.6805279387631429,1.3413222825242712,1.611789997456923,1.2692347406519549
2621,901.0,15.0,0.05,4.0,1.6608717229814511,1.318874798518987,1.565606218300462,1.2451851546630814
2622,901.0,15.0,0.05,5.0,1.55389871643046,1.2164720364208483,1.4896973412122676,1.1659901268059065
2623,901.0,15.0,0.05,6.0,1.5570692065689138,1.218912832188616,1.5406354127904236,1.2118617033596548
2624,901.0,15.0,0.05,7.0,1.5611869751609702,1.2430195372424104,1.567574529202981,1.236332290540342
2625,901.0,15.0,0.075,1.0,2.2954286210921726,1.850446291596861,2.2525709259643136,1.8083535197655005
2626,901.0,15.0,0.075,2.0,1.9491434570116168,1.5448569785657638,1.9012469700719745,1.4832371542767941
2627,901.0,15.0,0.075,3.0,1.670881184632252,1.3222500460262057,1.5806444931141008,1.2414353086454244
2628,901.0,15.0,0.075,4.0,1.6774059259196126,1.3295776113896995,1.5748933005615497,1.251766487943078
2629,901.0,15.0,0.075,5.0,1.5801420002452828,1.2417603484511948,1.5261343538683223,1.208824902650533
2630,901.0,15.0,0.075,6.0,1.6026173883268033,1.2544074326549421,1.569370863056095,1.2435696843440078
2631,901.0,15.0,0.075,7.0,1.6252409718780438,1.2985513415168002,1.5882064131505422,1.2511956690248585
2632,901.0,15.0,0.1,1.0,2.585101290635991,2.086586652949067,2.5313465482059336,2.0381023532846263
2633,901.0,15.0,0.1,2.0,1.9001781388530101,1.4989641149072097,1.8387849945542154,1.437039657556474
2634,901.0,15.0,0.1,3.0,1.5919996629497144,1.242196396030812,1.5187663875649917,1.197162704087788
2635,901.0,15.0,0.1,4.0,1.5660275959511445,1.231187656008956,1.4986334637680667,1.1823973005499133
2636,901.0,15.0,0.1,5.0,1.581859639754901,1.2398541978879047,1.5250585561563021,1.1940365874709973
2637,901.0,15.0,0.1,6.0,1.6021919258933839,1.2531404221862468,1.5481301874281024,1.2263152666220145
2638,901.0,15.0,0.1,7.0,1.5900021255647145,1.2667749761922595,1.5890270973822407,1.2650387400520544
2639,901.0,15.0,0.125,1.0,2.2796042478624687,1.8323567140010462,2.228383511950597,1.7879862041903718
2640,901.0,15.0,0.125,2.0,1.9411497852150252,1.5462012434398775,1.8688399465907273,1.4592544450020069
2641,901.0,15.0,0.125,3.0,1.6400569219358323,1.3019199076658265,1.558223525082002,1.2423121220971995
2642,901.0,15.0,0.125,4.0,1.6753784009558657,1.3228460797056145,1.5734970444977086,1.2472117678043273
2643,901.0,15.0,0.125,5.0,1.604007466978775,1.2544969806568615,1.5567050765014612,1.2313689278738351
2644,901.0,15.0,0.125,6.0,1.555045983635929,1.2285258700079416,1.525099585951036,1.1991284753485827
2645,901.0,15.0,0.125,7.0,1.6373960015666174,1.2940295640587043,1.6105903233080998,1.2772206980867786
2646,901.0,15.0,0.15,1.0,2.35293074045665,1.895582550594229,2.3093534067873462,1.8573199834313776
2647,901.0,15.0,0.15,2.0,1.8219611980260286,1.444221811380409,1.7585625125238065,1.3739393645404896
2648,901.0,15.0,0.15,3.0,1.609678220695561,1.2717972636259718,1.5531477008354615,1.2233655332319642
2649,901.0,15.0,0.15,4.0,1.5825760499281285,1.254644428698629,1.530003691618772,1.2132100289171486
2650,901.0,15.0,0.15,5.0,1.5361301001664507,1.2003406248747284,1.4924300095776186,1.1675135045599285
2651,901.0,15.0,0.15,6.0,1.5457168840288134,1.2174574754757672,1.5278059681765175,1.2023464218909405
2652,901.0,15.0,0.15,7.0,1.652529361981577,1.2997569075449231,1.6615097848895068,1.3216364028691054
2653,901.0,15.0,0.175,1.0,2.4442550984269293,1.9658727620129992,2.3799695479978484,1.9134469847236213
2654,901.0,15.0,0.175,2.0,1.9976204103029072,1.6060289216500245,1.947619501109643,1.5277881820697077
2655,901.0,15.0,0.175,3.0,1.6546957355036493,1.3126131635951488,1.5619242873296,1.2308935907138179
2656,901.0,15.0,0.175,4.0,1.6295695859017423,1.2761922857185743,1.533881465604447,1.2103196158357632
2657,901.0,15.0,0.175,5.0,1.6863001384980383,1.3342610299003745,1.6133281164579611,1.2663185415084885
2658,901.0,15.0,0.175,6.0,1.6453816034919093,1.2982046814183759,1.6387263487812562,1.3058832652917094
2659,901.0,15.0,0.175,7.0,1.7080027373393547,1.353897284974124,1.6807891545291067,1.351609343212064
2660,901.0,15.0,0.2,1.0,2.435783715359342,1.9637924944250453,2.387317248381568,1.9212964953859002
2661,901.0,15.0,0.2,2.0,1.9167310855530448,1.5011914995099034,1.8415506702786837,1.4209960087111368
2662,901.0,15.0,0.2,3.0,1.6096760958094778,1.2657212277907413,1.5759498737568776,1.2320613216967113
2663,901.0,15.0,0.2,4.0,1.6631847827883688,1.2944635280423882,1.5636706989830536,1.2299748635162737
2664,901.0,15.0,0.2,5.0,1.6292438658767068,1.2606869535988707,1.565949571378618,1.243093649747875
2665,901.0,15.0,0.2,6.0,1.613305253241179,1.2888859700295743,1.6279527716951812,1.3036708773912957
2666,901.0,15.0,0.2,7.0,1.6656981858750854,1.3199916812707138,1.7302094428890336,1.3601986620413395
2667,901.0,15.0,0.225,1.0,2.2154531865254485,1.7739101291107204,2.163786788257326,1.7271275061003617
2668,901.0,15.0,0.225,2.0,2.1105965959724853,1.6738323335649783,2.0108283471872492,1.5657028158319284
2669,901.0,15.0,0.225,3.0,1.7312715819692592,1.3531119864556778,1.6390446676273158,1.2908210128657711
2670,901.0,15.0,0.225,4.0,1.7774385755666122,1.3810233489071533,1.6418912165779362,1.2916977294913639
2671,901.0,15.0,0.225,5.0,1.6782719945883924,1.3178145926909284,1.6126195969919337,1.2715363382797855
2672,901.0,15.0,0.225,6.0,1.7356656351347384,1.3578010090189458,1.7412300766183817,1.363047314517222
2673,901.0,15.0,0.225,7.0,1.7267773451619324,1.3650203736617565,1.7259729661907548,1.3677127214080964
2674,901.0,15.0,0.25,1.0,2.4524052838179085,1.98221057792287,2.4022341565552527,1.9371127031364699
2675,901.0,15.0,0.25,2.0,1.8508771747849624,1.44528299369885,1.7879693499493168,1.378276808791476
2676,901.0,15.0,0.25,3.0,1.6541271712890695,1.2940009113068802,1.5544540927343464,1.2176338784269625
2677,901.0,15.0,0.25,4.0,1.6856296454061357,1.339918271189909,1.6188975225948583,1.271113870537682
2678,901.0,15.0,0.25,5.0,1.6938280288834309,1.3246530535055019,1.6095104447483346,1.2586679596781492
2679,901.0,15.0,0.25,6.0,1.6670429755708855,1.3393794292424708,1.7066597396869043,1.3545335791102715
2680,901.0,15.0,0.25,7.0,1.835099329909861,1.4392885146551284,1.825323568556545,1.4433441740610402
2681,901.0,15.0,0.275,1.0,2.3798539747019922,1.9130221306772641,2.328426266927608,1.8715135772119322
2682,901.0,15.0,0.275,2.0,2.0359220271649843,1.62148733754755,1.9667197686347966,1.5550242946122517
2683,901.0,15.0,0.275,3.0,1.8001728010038613,1.4090478159008772,1.7337925492371746,1.3578754151762495
2684,901.0,15.0,0.275,4.0,1.7126312038546394,1.3393389349433968,1.6434816478396506,1.308029892739756
2685,901.0,15.0,0.275,5.0,1.769147633855517,1.3960955345094659,1.7565783003373197,1.3801315550108706
2686,901.0,15.0,0.275,6.0,1.7711766772529303,1.3965198757238222,1.8464006967473492,1.4597962121338568
2687,901.0,15.0,0.275,7.0,1.8445621617424683,1.468915803186345,1.8533547732400375,1.4537078639420835
2688,901.0,15.0,0.3,1.0,2.28894192817702,1.8419924882289693,2.238054123869682,1.7951580045523592
2689,901.0,15.0,0.3,2.0,1.745648858987328,1.379173080472826,1.704079021688909,1.3159047208042722
2690,901.0,15.0,0.3,3.0,1.7610505742283573,1.3704359594513698,1.7140989935897073,1.3329335808202492
2691,901.0,15.0,0.3,4.0,1.885503529731023,1.4804674466760046,1.783884995216174,1.402282205590444
2692,901.0,15.0,0.3,5.0,1.731443354868795,1.3279132944650334,1.6648853973637028,1.3061161086969686
2693,901.0,15.0,0.3,6.0,1.7785026160466693,1.3944061003994679,1.7702246965810413,1.3907374954222012
2694,901.0,15.0,0.3,7.0,1.8815817723429156,1.487554303675894,1.909501566210092,1.5009777801837396
2695,901.0,16.0,0.05,1.0,2.5849180213579634,2.088856045635382,2.520854774072453,2.029194427574591
2696,901.0,16.0,0.05,2.0,2.3224096729794423,1.8772521479837205,2.2434092670728605,1.7868626790431046
2697,901.0,16.0,0.05,3.0,1.7940130904314882,1.449430336151268,1.7021572164332894,1.3567038844555137
2698,901.0,16.0,0.05,4.0,1.609856489564713,1.2902219959625623,1.5268500542243708,1.2201185295500843
2699,901.0,16.0,0.05,5.0,1.4869716448101304,1.1896795187260059,1.438885356416456,1.1446121082732152
2700,901.0,16.0,0.05,6.0,1.4604536100007286,1.1679958898952518,1.442826351879586,1.1420283531943982
2701,901.0,16.0,0.05,7.0,1.559644766632193,1.2545480448863409,1.5643239671031717,1.2457011883795825
2702,901.0,16.0,0.075,1.0,2.3527784077246836,1.898425178549874,2.2951944233737325,1.8448095837857412
2703,901.0,16.0,0.075,2.0,2.179096493793906,1.7582833921627985,2.115509472680404,1.680588680709916
2704,901.0,16.0,0.075,3.0,1.6532708677493313,1.3236927773758138,1.5872501746855572,1.2521171788837395
2705,901.0,16.0,0.075,4.0,1.6047980507777322,1.2897227298769158,1.5210641600353496,1.2108256947050635
2706,901.0,16.0,0.075,5.0,1.4948826932934969,1.1887940697724353,1.4527529083524053,1.144443236953881
2707,901.0,16.0,0.075,6.0,1.5042909606095796,1.2031226098537235,1.4795163463804661,1.1859903950284398
2708,901.0,16.0,0.075,7.0,1.5775522093803667,1.2583921436235987,1.6029000233394635,1.264333201072693
2709,901.0,16.0,0.1,1.0,2.5647388123258112,2.0706135528692164,2.506170162709287,2.0160985982022313
2710,901.0,16.0,0.1,2.0,2.0184573476668293,1.6109451113517703,1.9394222049655163,1.527044553313433
2711,901.0,16.0,0.1,3.0,1.7308734279365594,1.4009821775329652,1.6382515848919328,1.313443419305764
2712,901.0,16.0,0.1,4.0,1.6251507132378853,1.2955502419612066,1.5645489028233788,1.2498757251132229
2713,901.0,16.0,0.1,5.0,1.5096596320756057,1.2048933093351393,1.425399008748292,1.1361679235026059
2714,901.0,16.0,0.1,6.0,1.4712244379828339,1.1685711861318857,1.5031176929709338,1.2058856156246964
2715,901.0,16.0,0.1,7.0,1.578310122945969,1.259754244950762,1.6010393793440554,1.2773164070290854
2716,901.0,16.0,0.125,1.0,2.5157493961927573,2.0317483494748108,2.4541721394440588,1.9755699027180216
2717,901.0,16.0,0.125,2.0,2.0202357370663626,1.6114598816246748,1.959543202486892,1.5389311977808802
2718,901.0,16.0,0.125,3.0,1.5584366569294128,1.243590951564975,1.5223207514103732,1.2009408824477878
2719,901.0,16.0,0.125,4.0,1.6576359530470437,1.3289240160858327,1.5781114210696796,1.2619558862388323
2720,901.0,16.0,0.125,5.0,1.5335025319338318,1.2259474594101125,1.508990074960071,1.2023547026487682
2721,901.0,16.0,0.125,6.0,1.508262616444276,1.200901953058951,1.5197102376680063,1.202647167483151
2722,901.0,16.0,0.125,7.0,1.5798293597484292,1.2562203193691863,1.5986385546496942,1.2850456076586374
2723,901.0,16.0,0.15,1.0,2.524611775199431,2.0401962840491934,2.4640340331885366,1.9853504911449615
2724,901.0,16.0,0.15,2.0,2.220370737672617,1.7954137166411515,2.145575666048301,1.7056431416508684
2725,901.0,16.0,0.15,3.0,1.6626539013518167,1.330630046957434,1.6118745876375657,1.2768681997226272
2726,901.0,16.0,0.15,4.0,1.6205934476255903,1.2899717844035334,1.5576133428977632,1.2418042017716158
2727,901.0,16.0,0.15,5.0,1.5790029120493985,1.2509895301997098,1.5288417161588665,1.224423130741037
2728,901.0,16.0,0.15,6.0,1.5575216169988042,1.2258741454415827,1.5079806875505912,1.2096438255582582
2729,901.0,16.0,0.15,7.0,1.5710905295887196,1.2608278566450122,1.5999976209242155,1.261455721890607
2730,901.0,16.0,0.175,1.0,2.554082163133263,2.056353506419855,2.482678291673313,1.994401126518133
2731,901.0,16.0,0.175,2.0,2.020366203610244,1.612639864392737,1.934546139571312,1.5177250499340573
2732,901.0,16.0,0.175,3.0,1.7045586199154186,1.3890813825397106,1.6433808177461526,1.3120340363449008
2733,901.0,16.0,0.175,4.0,1.6033746119970942,1.282317217042502,1.5437097398778528,1.2250126373839791
2734,901.0,16.0,0.175,5.0,1.5372759720494094,1.205749922360575,1.473715177246706,1.1670740771601018
2735,901.0,16.0,0.175,6.0,1.6021003345144627,1.286602960481521,1.6111776987022772,1.2787334381363147
2736,901.0,16.0,0.175,7.0,1.6026093951535108,1.2795033017191413,1.6813187262125686,1.327050508194122
2737,901.0,16.0,0.2,1.0,2.548837523039292,2.0608104767257753,2.482805685251659,2.0040653153191745
2738,901.0,16.0,0.2,2.0,2.0967217169542574,1.6715848101552915,2.029047825510925,1.5983366772601275
2739,901.0,16.0,0.2,3.0,1.6402922487981086,1.3107861988643421,1.5974242121839264,1.2750183165283204
2740,901.0,16.0,0.2,4.0,1.5728945275540627,1.2436313627680902,1.4845957960874872,1.182001099309902
2741,901.0,16.0,0.2,5.0,1.6179432507650944,1.2889746638387674,1.5415792513086979,1.2291754169314713
2742,901.0,16.0,0.2,6.0,1.699158245914408,1.3462153269701762,1.6197196518768393,1.29015701481303
2743,901.0,16.0,0.2,7.0,1.6497566555381482,1.3152007838902884,1.6541047832318228,1.3080296386471668
2744,901.0,16.0,0.225,1.0,2.4648031715673517,1.988121365757386,2.4000574245644266,1.9323390195767387
2745,901.0,16.0,0.225,2.0,2.0267095467877922,1.6296322913041572,1.966520014096808,1.550380766024021
2746,901.0,16.0,0.225,3.0,1.6452517469521681,1.308266136879239,1.551966124718493,1.2095385372320364
2747,901.0,16.0,0.225,4.0,1.618778619950167,1.2748641780543155,1.5748841470425585,1.2517202647473726
2748,901.0,16.0,0.225,5.0,1.5541117286295416,1.2231107703261812,1.5074351914418518,1.196720844930522
2749,901.0,16.0,0.225,6.0,1.588954439471474,1.2614648432187672,1.558784533891599,1.2281543206853203
2750,901.0,16.0,0.225,7.0,1.7288818608502339,1.3872195619242083,1.667816103818416,1.3189027493540688
2751,901.0,16.0,0.25,1.0,2.3006371747644923,1.8587416890600512,2.2451881566922296,1.8016580685037418
2752,901.0,16.0,0.25,2.0,1.942473600209325,1.5461402331583054,1.8614632295923064,1.4681385745681814
2753,901.0,16.0,0.25,3.0,1.7700709138416586,1.406012995543168,1.705862787046804,1.321760111720936
2754,901.0,16.0,0.25,4.0,1.6385056587489333,1.2877362240599268,1.6078566100143001,1.2612303152092146
2755,901.0,16.0,0.25,5.0,1.609244771202188,1.2727712916922351,1.5379628352398005,1.2038778646826074
2756,901.0,16.0,0.25,6.0,1.6607140964336227,1.3249655607317032,1.6222352011426011,1.2870864999408145
2757,901.0,16.0,0.25,7.0,1.7654114189430627,1.4007445709970827,1.7546797189688206,1.3914934601115403
2758,901.0,16.0,0.275,1.0,2.785072519157084,2.2498423974682096,2.7021964176264697,2.1793293687128505
2759,901.0,16.0,0.275,2.0,1.8474189002070254,1.4848245223112257,1.7847687455703984,1.3895403093104264
2760,901.0,16.0,0.275,3.0,1.5855531204050757,1.2613414340771343,1.5772436399263619,1.226905750483821
2761,901.0,16.0,0.275,4.0,1.6789937705616549,1.346447771710234,1.6263580070930144,1.2839417285375487
2762,901.0,16.0,0.275,5.0,1.5942277567161884,1.2409469414579535,1.5561976340107726,1.2384567797646873
2763,901.0,16.0,0.275,6.0,1.6261654429506212,1.2904920549384573,1.6323584247206473,1.2761385853398741
2764,901.0,16.0,0.275,7.0,1.8095996796331189,1.4329048993518394,1.780412547885221,1.4044642808728987
2765,901.0,16.0,0.3,1.0,2.264955710082985,1.824531052832977,2.19588511252454,1.7633885949888644
2766,901.0,16.0,0.3,2.0,1.9416049456031115,1.5465773059529628,1.8755654960840473,1.4725107225073581
2767,901.0,16.0,0.3,3.0,1.8099299442140977,1.4502955162341533,1.7828415875157038,1.3986815086037423
2768,901.0,16.0,0.3,4.0,1.7810477109169638,1.4136812629381077,1.6991603591696645,1.3512285209602413
2769,901.0,16.0,0.3,5.0,1.6388986486839994,1.2792263990307469,1.6754037244899782,1.3227829838325846
2770,901.0,16.0,0.3,6.0,1.7740576161007522,1.3855227934170562,1.711373585831263,1.3662095301902222
2771,901.0,16.0,0.3,7.0,1.782814248265848,1.4312029262624684,1.7717483129639473,1.4102082817126258
2772,901.0,17.0,0.05,1.0,2.964708841619147,2.4068400858235344,2.883054879944058,2.317701766633768
2773,901.0,17.0,0.05,2.0,2.4671597428078322,1.9999897035400134,2.388628019560029,1.9240340368359057
2774,901.0,17.0,0.05,3.0,1.7819449037142976,1.4345436354877124,1.7358313709825945,1.3880911960280442
2775,901.0,17.0,0.05,4.0,1.680684009470075,1.3500703398029548,1.5915749331728344,1.272375250848882
2776,901.0,17.0,0.05,5.0,1.5573072292257273,1.2490523770153217,1.5109510040056022,1.2038178959264898
2777,901.0,17.0,0.05,6.0,1.4692976361390055,1.182819136295925,1.4867197239327943,1.1920395829694568
2778,901.0,17.0,0.05,7.0,1.5238153333556175,1.2104767080864987,1.541975191437451,1.231538906605255
2779,901.0,17.0,0.075,1.0,2.7065648390600097,2.194666345513117,2.6407030650226258,2.126208751874764
2780,901.0,17.0,0.075,2.0,2.271358085774432,1.8415041818257585,2.1821901028269837,1.7413677724458463
2781,901.0,17.0,0.075,3.0,1.7210217093667501,1.368475625137763,1.7301505946210936,1.3791894760558363
2782,901.0,17.0,0.075,4.0,1.6561872062139662,1.331992324274478,1.5818049471235265,1.2639885147046388
2783,901.0,17.0,0.075,5.0,1.5491011726903263,1.2435371468534484,1.4956076008888866,1.190140329736054
2784,901.0,17.0,0.075,6.0,1.5060972745458197,1.200594646531726,1.5193459941833038,1.2332578794019877
2785,901.0,17.0,0.075,7.0,1.5255393895990528,1.2251935043787916,1.5688808574147455,1.2459165574042539
2786,901.0,17.0,0.1,1.0,2.6011266558872292,2.1088605651847283,2.5432502584925736,2.0482086569154885
2787,901.0,17.0,0.1,2.0,2.2282630517109596,1.8015797508597777,2.1465435157852415,1.7156133938035731
2788,901.0,17.0,0.1,3.0,1.743687957832463,1.3970624644749652,1.7016195857424257,1.3575115309159094
2789,901.0,17.0,0.1,4.0,1.6274886117377227,1.2930415801185995,1.5650761558341595,1.2470284134316483
2790,901.0,17.0,0.1,5.0,1.589058406700793,1.2751230537989553,1.539259492669878,1.2277254719810795
2791,901.0,17.0,0.1,6.0,1.50268613140538,1.2049944488099775,1.4749369571386175,1.184232357597458
2792,901.0,17.0,0.1,7.0,1.5379855086944991,1.2153873931104109,1.5584766789744866,1.233443415405232
2793,901.0,17.0,0.125,1.0,2.6870327711124724,2.1763771071563163,2.6209950137458735,2.107859105880864
2794,901.0,17.0,0.125,2.0,2.116212857519278,1.6927703205933964,2.048189181964586,1.6226123433393056
2795,901.0,17.0,0.125,3.0,1.7458196874262335,1.4009258162317664,1.7068456121531497,1.3524225392763713
2796,901.0,17.0,0.125,4.0,1.6655347344177922,1.3225154213664991,1.6262156115773208,1.300533766386886
2797,901.0,17.0,0.125,5.0,1.663531133324474,1.3351014156516534,1.640306013714633,1.3111002208894693
2798,901.0,17.0,0.125,6.0,1.5201246596927807,1.1981671907400666,1.478741867240594,1.2004943645915265
2799,901.0,17.0,0.125,7.0,1.6071724515433026,1.275705892287249,1.5840940655525697,1.2687515404062422
2800,901.0,17.0,0.15,1.0,2.774337916964259,2.252721557694677,2.7036785207561875,2.1763846797975694
2801,901.0,17.0,0.15,2.0,2.1395299401525065,1.7144328119114018,2.0515314343173556,1.6262743344588115
2802,901.0,17.0,0.15,3.0,1.7018825535017859,1.3516995661198414,1.6836703594734026,1.3352066929739053
2803,901.0,17.0,0.15,4.0,1.6751472759600423,1.3293645849810727,1.6181550410428471,1.2889824734855926
2804,901.0,17.0,0.15,5.0,1.636848834930417,1.30991783279835,1.6051529923952477,1.28515453506614
2805,901.0,17.0,0.15,6.0,1.592798984482235,1.277344802182269,1.5736016637390187,1.2640508256558514
2806,901.0,17.0,0.15,7.0,1.5682968379187163,1.2608630105931424,1.6043085395081627,1.2730610219413896
2807,901.0,17.0,0.175,1.0,2.75673491789849,2.2363358425556696,2.688891655799276,2.162954682614308
2808,901.0,17.0,0.175,2.0,2.292820608213748,1.8452962867637526,2.1945827691823223,1.7376089523015426
2809,901.0,17.0,0.175,3.0,2.002579025126793,1.6194215833661378,1.9486200636731905,1.558871241697897
2810,901.0,17.0,0.175,4.0,1.5990287147243751,1.274668674551234,1.5443930548123448,1.2406574767973564
2811,901.0,17.0,0.175,5.0,1.6548520823773392,1.3229950093658471,1.6430300209302275,1.3097137136521533
2812,901.0,17.0,0.175,6.0,1.6241190658199394,1.293107056039952,1.63926239387391,1.3053117556054434
2813,901.0,17.0,0.175,7.0,1.6742589353790713,1.3194834540638158,1.723350551239919,1.3727031727833685
2814,901.0,17.0,0.2,1.0,2.811356105685451,2.27652405764764,2.738598175942453,2.1993481962543036
2815,901.0,17.0,0.2,2.0,2.227981518895438,1.7816679121143055,2.1283161230388057,1.6939037395337702
2816,901.0,17.0,0.2,3.0,2.060858179953714,1.6468311108597975,1.9884152002438304,1.5869691227377218
2817,901.0,17.0,0.2,4.0,1.6743793259327182,1.3381810665528822,1.5850121771144134,1.2650012502730423
2818,901.0,17.0,0.2,5.0,1.7203992000523967,1.359809175281422,1.6963941528219124,1.3515438666117128
2819,901.0,17.0,0.2,6.0,1.6968482370939875,1.3343927339070718,1.7222202166559475,1.3705775274593948
2820,901.0,17.0,0.2,7.0,1.6750620155093146,1.3226380254749535,1.7009940936705128,1.3710450134889183
2821,901.0,17.0,0.225,1.0,2.6103831832458315,2.111427640341935,2.547760336544062,2.0474625106375677
2822,901.0,17.0,0.225,2.0,2.2194197085841694,1.8008638219988358,2.16077976327692,1.72040441676202
2823,901.0,17.0,0.225,3.0,1.8152153364204784,1.4483058310736767,1.7794742435481268,1.429426365572601
2824,901.0,17.0,0.225,4.0,1.7142624579081636,1.3704417489387644,1.6682705700137543,1.327272935292004
2825,901.0,17.0,0.225,5.0,1.7220423991450793,1.3700458210507196,1.7199363415975015,1.3687135168624511
2826,901.0,17.0,0.225,6.0,1.7349786317502938,1.3641881474060304,1.7770570075513614,1.4039508297462964
2827,901.0,17.0,0.225,7.0,1.8154973884863987,1.437731482762826,1.8138776184932308,1.4465966392169218
2828,901.0,17.0,0.25,1.0,2.5512926295049185,2.0614158763378665,2.4959744102963777,1.998932073812677
2829,901.0,17.0,0.25,2.0,2.101679528127834,1.6783602023817756,2.0366588121881333,1.6051159729168858
2830,901.0,17.0,0.25,3.0,1.8995557039046236,1.5450226910261895,1.8334219130739933,1.462711042103476
2831,901.0,17.0,0.25,4.0,1.747300022993357,1.3986317138641162,1.7007207564388966,1.3419635665527347
2832,901.0,17.0,0.25,5.0,1.7636394798333046,1.4237911380188177,1.7332548636199374,1.387641264630241
2833,901.0,17.0,0.25,6.0,1.7693007998259702,1.3930247262554027,1.7914584210177018,1.4352054052825562
2834,901.0,17.0,0.25,7.0,1.781288967074743,1.4106687761275176,1.8112102739200717,1.4270995027240039
2835,901.0,17.0,0.275,1.0,2.7276456570558962,2.2123381607786,2.656096759056158,2.1371628459369667
2836,901.0,17.0,0.275,2.0,2.0021461564855034,1.5958290981900736,1.9969363932675286,1.5690026110715585
2837,901.0,17.0,0.275,3.0,1.7455774711509648,1.3875779817537892,1.727281081855464,1.3772399655230774
2838,901.0,17.0,0.275,4.0,1.7488430908323567,1.3637968864548033,1.7133254559190034,1.345137344164212
2839,901.0,17.0,0.275,5.0,1.8296537664563122,1.4378568069522575,1.7955150120722327,1.4300424663313398
2840,901.0,17.0,0.275,6.0,1.7883245375155579,1.4293894586103097,1.72405590762055,1.3577988740566824
2841,901.0,17.0,0.275,7.0,1.8444455847793233,1.436569647023054,1.8295335480449781,1.4370024916706856
2842,901.0,17.0,0.3,1.0,2.6218593744470318,2.111814290316968,2.5556669635114244,2.0547912108250683
2843,901.0,17.0,0.3,2.0,1.9924842236735467,1.5780275572208096,1.9394931139572165,1.5264146207765843
2844,901.0,17.0,0.3,3.0,1.7875762828243007,1.4270708198671613,1.843725095084077,1.4741130581165096
2845,901.0,17.0,0.3,4.0,1.6851538511867028,1.3441199181967163,1.615308224960748,1.287766162542122
2846,901.0,17.0,0.3,5.0,1.6978436731051294,1.3584550162238203,1.729812691307485,1.3749009412058504
2847,901.0,17.0,0.3,6.0,1.9142650950754128,1.5044879907214104,1.9401188373079432,1.4985227326353239
2848,901.0,17.0,0.3,7.0,1.9399745893400835,1.4990031776306034,1.9725184640684623,1.5403654515408973
2849,901.0,18.0,0.05,1.0,3.058008913081154,2.47718128274859,2.9665051584727054,2.375764600086954
2850,901.0,18.0,0.05,2.0,2.331995331322899,1.875952189049087,2.2554441586596092,1.7992898455882564
2851,901.0,18.0,0.05,3.0,2.126117197384188,1.7109158265024527,2.0483854453037553,1.6408063178189276
2852,901.0,18.0,0.05,4.0,1.7445012172885013,1.4007151109438862,1.65928773677085,1.3311956188472223
2853,901.0,18.0,0.05,5.0,1.6024650175868067,1.286205688298316,1.548131768907851,1.2395683654540037
2854,901.0,18.0,0.05,6.0,1.5466415267216835,1.2441118849866495,1.4839806864476324,1.2088682234292865
2855,901.0,18.0,0.05,7.0,1.4668135910049973,1.1794837887761682,1.4864786200745836,1.1989422243330339
2856,901.0,18.0,0.075,1.0,2.8739403563289754,2.328439191370186,2.7879742675174555,2.2368625978638104
2857,901.0,18.0,0.075,2.0,2.5694043331365575,2.0768703489152216,2.472124489709886,1.9923995903236837
2858,901.0,18.0,0.075,3.0,2.0879932699481314,1.676606388427213,2.014348486846969,1.6136111437994578
2859,901.0,18.0,0.075,4.0,1.748378344183771,1.4039869483174061,1.6770586855646832,1.3546907047514132
2860,901.0,18.0,0.075,5.0,1.581775229627513,1.267233032474243,1.52731546462873,1.2178164042787847
2861,901.0,18.0,0.075,6.0,1.4876487981366397,1.197761060500418,1.4990008033960003,1.2100676306403655
2862,901.0,18.0,0.075,7.0,1.5549334070390701,1.2303380799458747,1.5560490175222024,1.2520392818985373
2863,901.0,18.0,0.1,1.0,2.9073834944935886,2.3535765284938286,2.8198621851326764,2.2605008071537163
2864,901.0,18.0,0.1,2.0,2.2990642990034034,1.858353263375202,2.246379866214517,1.7923112776337502
2865,901.0,18.0,0.1,3.0,2.0731114871714755,1.6699604304428979,1.9869151499676396,1.595804737978122
2866,901.0,18.0,0.1,4.0,1.8018868507635328,1.4298430392225074,1.7053650863257295,1.3648720060922046
2867,901.0,18.0,0.1,5.0,1.6552475697787041,1.3129627586951782,1.5955737015349654,1.2704924633771866
2868,901.0,18.0,0.1,6.0,1.5464051896034288,1.2401149530743827,1.5633983377271652,1.2576078149166192
2869,901.0,18.0,0.1,7.0,1.546255600564576,1.226798064537369,1.5132634971756467,1.2142158027120349
2870,901.0,18.0,0.125,1.0,2.8127266419024024,2.2783641812654323,2.7275244103330563,2.189521139630033
2871,901.0,18.0,0.125,2.0,2.4929731340319514,2.0019049794056083,2.414507612911195,1.9341787893553104
2872,901.0,18.0,0.125,3.0,2.070855515115522,1.6599626280018842,2.0053037428973246,1.6021502784471815
2873,901.0,18.0,0.125,4.0,1.767185881976195,1.3968890438137198,1.7013396053542982,1.3512786319856478
2874,901.0,18.0,0.125,5.0,1.6780861376506822,1.331607040379852,1.5998424105297249,1.2794131856858122
2875,901.0,18.0,0.125,6.0,1.5479991452574635,1.2349456301982635,1.5481864851441403,1.2357041179895423
2876,901.0,18.0,0.125,7.0,1.5103387608490917,1.192742141846412,1.5549721500734583,1.247503749514718
2877,901.0,18.0,0.15,1.0,2.684059541135436,2.1677676000960293,2.607788936315885,2.094497869678126
2878,901.0,18.0,0.15,2.0,2.257073453529619,1.823286756366104,2.18668003714783,1.7488958047713412
2879,901.0,18.0,0.15,3.0,1.9270291032148585,1.5527550700448411,1.898270830122984,1.519648014398734
2880,901.0,18.0,0.15,4.0,1.7970909231972052,1.451241329365162,1.7006948105377095,1.3801177633930106
2881,901.0,18.0,0.15,5.0,1.6484331332470001,1.314637199819807,1.578733724419662,1.276009576002901
2882,901.0,18.0,0.15,6.0,1.57468825587462,1.2635314204551893,1.5758335837554376,1.2759530836788218
2883,901.0,18.0,0.15,7.0,1.5859944376722046,1.2649294417467896,1.5996674746791735,1.2759975102984176
2884,901.0,18.0,0.175,1.0,2.7673165951321352,2.2411641608843214,2.6785761935393975,2.1519728769033635
2885,901.0,18.0,0.175,2.0,2.4597784127997775,2.0020366349428276,2.390067050979552,1.919900319116023
2886,901.0,18.0,0.175,3.0,1.9435415047217306,1.5484512152014303,1.8769990430142152,1.487558264005634
2887,901.0,18.0,0.175,4.0,1.8486551752918088,1.4571526392183145,1.8032650432963402,1.432123372382628
2888,901.0,18.0,0.175,5.0,1.659371463519532,1.3120141155989058,1.5735729544584545,1.255154103425687
2889,901.0,18.0,0.175,6.0,1.5643229040767355,1.231945399251179,1.5423395879306327,1.223336771553716
2890,901.0,18.0,0.175,7.0,1.6043936316560756,1.268891766514367,1.6265218652118316,1.2909257033424055
2891,901.0,18.0,0.2,1.0,2.6972983192617357,2.1837354589933646,2.6346047405173416,2.113476784683088
2892,901.0,18.0,0.2,2.0,2.336401650585386,1.87907338136458,2.261684094493696,1.8061435183713843
2893,901.0,18.0,0.2,3.0,2.105595510567761,1.6939843410005775,2.0644456684610706,1.6515111789736092
2894,901.0,18.0,0.2,4.0,1.846737298657829,1.4619477729315877,1.7706465814440862,1.4086052975614265
2895,901.0,18.0,0.2,5.0,1.7815392617885597,1.4233793750747692,1.752417594479976,1.3980734421168326
2896,901.0,18.0,0.2,6.0,1.6548851942567038,1.3040367522289698,1.6845204733362444,1.3390416186695844
2897,901.0,18.0,0.2,7.0,1.655446778810352,1.3152034038348552,1.7299467811816012,1.3833362585614417
2898,901.0,18.0,0.225,1.0,2.4627565228795296,1.9777868650749515,2.407747181750266,1.9192079580798533
2899,901.0,18.0,0.225,2.0,2.2745116966471204,1.8410252897469719,2.2123192619151175,1.7492673914132038
2900,901.0,18.0,0.225,3.0,2.1218756934874037,1.712332061892616,2.0402213442185233,1.63821219136733
2901,901.0,18.0,0.225,4.0,1.9120208530255405,1.516707300865386,1.8038577401723674,1.4323775479797352
2902,901.0,18.0,0.225,5.0,1.669617959309941,1.3300134077390198,1.6047850777492487,1.262546093204341
2903,901.0,18.0,0.225,6.0,1.7402972653008337,1.3741450080823303,1.6561277715211726,1.3035815945797307
2904,901.0,18.0,0.225,7.0,1.7858485442410807,1.4128332502624328,1.756591196769403,1.381441936942967
2905,901.0,18.0,0.25,1.0,2.659185722954975,2.14395092672299,2.586639239111085,2.07513573967488
2906,901.0,18.0,0.25,2.0,2.6746251178230818,2.161297672483708,2.5638347537474084,2.0574656329758008
2907,901.0,18.0,0.25,3.0,1.8949409829372208,1.4948973685854514,1.9046862769224777,1.5421570591224212
2908,901.0,18.0,0.25,4.0,1.8928474952130254,1.477138869261664,1.761917063933884,1.4109056753374394
2909,901.0,18.0,0.25,5.0,1.81272448172571,1.4186635816730468,1.808514688431672,1.4058205089348645
2910,901.0,18.0,0.25,6.0,1.7153004306812711,1.358043090934551,1.7167094972574193,1.3383554574309624
2911,901.0,18.0,0.25,7.0,1.6402486277756119,1.28436661513628,1.6770636603758253,1.3214321750666265
2912,901.0,18.0,0.275,1.0,2.866875110750831,2.3232042245062514,2.7806300241414177,2.2369459019705826
2913,901.0,18.0,0.275,2.0,2.2379910593510712,1.7901919888858333,2.1720084243687476,1.7093264827670058
2914,901.0,18.0,0.275,3.0,1.910670871852212,1.5294162011689127,1.891035504517324,1.5117272436035865
2915,901.0,18.0,0.275,4.0,1.8172490504442744,1.4386022984905154,1.7199122102675608,1.3737404126019463
2916,901.0,18.0,0.275,5.0,1.760292398168602,1.351980241606339,1.651716211238875,1.2961973121242327
2917,901.0,18.0,0.275,6.0,1.7392645814167973,1.3530945769836227,1.796284572558076,1.410459529211002
2918,901.0,18.0,0.275,7.0,1.8002135329527664,1.3996123137429908,1.8007382155580232,1.39031732947636
2919,901.0,18.0,0.3,1.0,2.5211622670903546,2.0268319937493002,2.4457763859275348,1.9456642826929078
2920,901.0,18.0,0.3,2.0,2.3203950085130636,1.8709109151987984,2.2683113573908544,1.8094968504963154
2921,901.0,18.0,0.3,3.0,2.0945095042732453,1.675366885323117,1.990302733412719,1.588512093695179
2922,901.0,18.0,0.3,4.0,1.80279102442874,1.416309270266685,1.6704942526672009,1.3369708021545395
2923,901.0,18.0,0.3,5.0,1.7947385525422201,1.4162826579994765,1.7077718703934701,1.3539815935030584
2924,901.0,18.0,0.3,6.0,1.808840420606448,1.415919303734493,1.811178077211739,1.3965505186243832
2925,901.0,18.0,0.3,7.0,1.8674206499896948,1.455439862117076,1.9140511476571878,1.4535738254813113
2926,901.0,19.0,0.05,1.0,3.1672570846559087,2.562136668515639,3.065593556450197,2.454532696252188
2927,901.0,19.0,0.05,2.0,2.5423828232204495,2.0497246146069967,2.4552261359429965,1.9757604660159818
2928,901.0,19.0,0.05,3.0,2.140990619162466,1.7256982065914621,2.10839517259147,1.6888819270720392
2929,901.0,19.0,0.05,4.0,1.9238056442108198,1.553535696675619,1.8551516630184972,1.4867278899894847
2930,901.0,19.0,0.05,5.0,1.6229159337770696,1.300643414988677,1.5378909934010467,1.2326341201494515
2931,901.0,19.0,0.05,6.0,1.5762699210762667,1.258684846304404,1.5507736967792218,1.2388476595064328
2932,901.0,19.0,0.05,7.0,1.48824648108885,1.1985332083019276,1.4386117675141497,1.1466554046688098
2933,901.0,19.0,0.075,1.0,3.216529791100309,2.6028970338206463,3.1218047851449273,2.499660471872184
2934,901.0,19.0,0.075,2.0,2.545007851807438,2.056569539717335,2.450940934444299,1.9755963184800627
2935,901.0,19.0,0.075,3.0,2.184459620553077,1.7733968480103608,2.1458930756691053,1.723530970586352
2936,901.0,19.0,0.075,4.0,1.988511356839033,1.6027684586505142,1.90053889738118,1.518303812332639
2937,901.0,19.0,0.075,5.0,1.7191133562685184,1.3725653339494128,1.6454720379508625,1.3215152226302744
2938,901.0,19.0,0.075,6.0,1.5142018302729543,1.2082428532970513,1.4628517056133044,1.17215666572727
2939,901.0,19.0,0.075,7.0,1.4844490942637807,1.174361181034864,1.4817691141588643,1.1845551284942535
2940,901.0,19.0,0.1,1.0,3.263465425696869,2.6417087895041838,3.161992225985741,2.5307775815587936
2941,901.0,19.0,0.1,2.0,2.9205025261618265,2.3762414644373444,2.833493601680223,2.2814276000978024
2942,901.0,19.0,0.1,3.0,2.1295431288378186,1.7178083113213987,2.07728388328258,1.664414795720686
2943,901.0,19.0,0.1,4.0,1.9610059702318208,1.5750298741655593,1.9118190533682313,1.528509868978987
2944,901.0,19.0,0.1,5.0,1.7416672199995447,1.3820951390286356,1.646437001126535,1.3057457912373875
2945,901.0,19.0,0.1,6.0,1.5297337782799616,1.2089993170726794,1.4951290423240355,1.1712931482931799
2946,901.0,19.0,0.1,7.0,1.5358787024158431,1.2173572369236831,1.5179673930832756,1.2098963084991015
2947,901.0,19.0,0.125,1.0,2.9930054483979194,2.427453360234018,2.889896661560587,2.3222065450334384
2948,901.0,19.0,0.125,2.0,2.620238596754271,2.1146646762755092,2.5038516277880896,2.012727153750309
2949,901.0,19.0,0.125,3.0,2.0708547218789604,1.6615580985474248,2.0464589119317504,1.6363415066174252
2950,901.0,19.0,0.125,4.0,1.8627876522518811,1.4904003658638387,1.7887387242912471,1.4406540077443875
2951,901.0,19.0,0.125,5.0,1.9233235549666456,1.5336907287280104,1.795083535647841,1.4193105878785877
2952,901.0,19.0,0.125,6.0,1.5631755665509508,1.2509539416731554,1.54690436619042,1.2320220467221372
2953,901.0,19.0,0.125,7.0,1.5313720791232688,1.2098579779325416,1.5474423127859838,1.230519033046043
2954,901.0,19.0,0.15,1.0,3.1224976705821534,2.52907228230135,3.0180684754343834,2.4204362908557373
2955,901.0,19.0,0.15,2.0,2.352227283654792,1.8879440428340306,2.2925149810769816,1.824537385389739
2956,901.0,19.0,0.15,3.0,2.2819561607492327,1.8334930219334888,2.2184572632092596,1.7812336002098066
2957,901.0,19.0,0.15,4.0,2.0358206662726896,1.6272987824136758,1.9560347814386454,1.5524777161349286
2958,901.0,19.0,0.15,5.0,1.7944197099013046,1.4307456289922482,1.7537206700527468,1.385280773226908
2959,901.0,19.0,0.15,6.0,1.6149205763560508,1.2948861141305235,1.5937192356794159,1.2760094538162154
2960,901.0,19.0,0.15,7.0,1.5178034397895683,1.2194252188089478,1.587881539593212,1.2933129426648622
2961,901.0,19.0,0.175,1.0,3.282755623630311,2.649975483007746,3.1745247758862516,2.537972100056631
2962,901.0,19.0,0.175,2.0,2.4359737146443776,1.9530271700624144,2.3491053157553154,1.883912915273154
2963,901.0,19.0,0.175,3.0,2.1255794949241946,1.704766628552408,2.0901361091138044,1.66944731454227
2964,901.0,19.0,0.175,4.0,1.9174771055729465,1.5148225687963082,1.885688568283412,1.489925115970872
2965,901.0,19.0,0.175,5.0,1.6598933485974128,1.3174461588941262,1.6579608991288841,1.323641161243409
2966,901.0,19.0,0.175,6.0,1.6268042524279025,1.2957702890094729,1.6228657770990738,1.2850463358588764
2967,901.0,19.0,0.175,7.0,1.5946767361082843,1.2489021121848527,1.6102890889172505,1.2819425639068773
2968,901.0,19.0,0.2,1.0,2.8860432319803135,2.3311468286973813,2.7914994956006605,2.242335763981492
2969,901.0,19.0,0.2,2.0,2.3803743680699214,1.905346207155485,2.3203279004504083,1.8601146357252387
2970,901.0,19.0,0.2,3.0,1.997632025780144,1.5949907706196118,1.9770433262103788,1.5715562903549274
2971,901.0,19.0,0.2,4.0,1.9771235270410346,1.5918376953816729,1.889452645977513,1.5092766380112916
2972,901.0,19.0,0.2,5.0,1.6606588320891464,1.3264423594891164,1.6186305579273605,1.2932581389639486
2973,901.0,19.0,0.2,6.0,1.6454618903325557,1.2961255501304036,1.6354437188585784,1.304524263188363
2974,901.0,19.0,0.2,7.0,1.5996436189623822,1.2689813325781616,1.6044629161252575,1.2656416711465355
2975,901.0,19.0,0.225,1.0,2.9865775685037232,2.4164882500456772,2.899118557891831,2.331240062990834
2976,901.0,19.0,0.225,2.0,2.2771672350249044,1.8118705337555026,2.1889199489943967,1.732921025294002
2977,901.0,19.0,0.225,3.0,2.221027199573825,1.7987424814888613,2.1664834755593056,1.7386397052744633
2978,901.0,19.0,0.225,4.0,2.082063829845604,1.6663363880173152,2.044565404042487,1.6209313716817773
2979,901.0,19.0,0.225,5.0,1.7995127159641975,1.41902973637062,1.757846728081242,1.3845124624974974
2980,901.0,19.0,0.225,6.0,1.696024246936783,1.3538327089290787,1.6471659653295703,1.308625391294923
2981,901.0,19.0,0.225,7.0,1.6557848483348248,1.325201629788543,1.6446862561327094,1.3058297649279034
2982,901.0,19.0,0.25,1.0,3.2640277200593633,2.6360383917251466,3.17883798548617,2.53451779521403
2983,901.0,19.0,0.25,2.0,2.451344846030543,1.9598323881941155,2.3814182691162844,1.8983838405455467
2984,901.0,19.0,0.25,3.0,1.988414684479471,1.6043869781349658,1.900312126638164,1.4979215691280603
2985,901.0,19.0,0.25,4.0,2.0351244633538963,1.6032690251095378,1.9438892083897215,1.556330813438609
2986,901.0,19.0,0.25,5.0,1.887568127496444,1.5134490891965962,1.811006664018642,1.4411729616038484
2987,901.0,19.0,0.25,6.0,1.6846482057361276,1.3347697647275447,1.6070356359280156,1.28919311910783
2988,901.0,19.0,0.25,7.0,1.778898656086194,1.409517589636695,1.707868893829077,1.353942173003687
2989,901.0,19.0,0.275,1.0,3.199403567996397,2.59647313447296,3.0985675736800515,2.4815082953809378
2990,901.0,19.0,0.275,2.0,2.323118581952036,1.8637612247459643,2.2603379546394318,1.7969713318089033
2991,901.0,19.0,0.275,3.0,2.1271778825191947,1.7250827716591874,2.10306054317918,1.6716986096604283
2992,901.0,19.0,0.275,4.0,2.047801788982528,1.6229899080627488,2.0005717864907777,1.5802703455705849
2993,901.0,19.0,0.275,5.0,1.8171398750032648,1.435302857359789,1.6684660653300762,1.3183315412108612
2994,901.0,19.0,0.275,6.0,1.7815258787185004,1.4191771033227165,1.7867709150805504,1.4132833860819638
2995,901.0,19.0,0.275,7.0,1.7529265374933443,1.3942571723325505,1.77883596758155,1.4001472621282465
2996,901.0,19.0,0.3,1.0,2.997317172746488,2.4222331249540683,2.9062402084173016,2.3268578011992997
2997,901.0,19.0,0.3,2.0,2.4016905747985366,1.9092864695126204,2.318294664722494,1.8492089335657176
2998,901.0,19.0,0.3,3.0,2.115419462405534,1.6899778663052456,2.037668444219422,1.6383380665476714
2999,901.0,19.0,0.3,4.0,2.0158862558388084,1.5985285257873825,1.904915550425515,1.517116947108354
3000,901.0,19.0,0.3,5.0,1.8969115260536962,1.515037836006472,1.862276135643397,1.4790025421980697
3001,901.0,19.0,0.3,6.0,1.8968174530439141,1.5154110747656127,1.7962973054987181,1.4408712823465375
3002,901.0,19.0,0.3,7.0,1.725476947017043,1.3801875476617964,1.7248978033633098,1.385378792141099
3003,901.0,20.0,0.05,1.0,3.5853033116191386,2.909273289553343,3.5171965367694678,2.8248699431685926
3004,901.0,20.0,0.05,2.0,3.1201637290257835,2.539325895124047,3.040110867211274,2.4475794751531357
3005,901.0,20.0,0.05,3.0,2.6252207407979644,2.115808227113045,2.538712060522682,2.0512893425719794
3006,901.0,20.0,0.05,4.0,2.0927586539562824,1.6898349116393152,2.0051549354048706,1.615012263088733
3007,901.0,20.0,0.05,5.0,1.7384001395634616,1.392797344478396,1.6786961654224666,1.346930346664387
3008,901.0,20.0,0.05,6.0,1.631186866198964,1.3124291520316005,1.5828633449956129,1.2883190855203597
3009,901.0,20.0,0.05,7.0,1.4539285461266465,1.1693691752006958,1.4157273540663682,1.138478772331066
3010,901.0,20.0,0.075,1.0,3.390965426725953,2.7486081141185887,3.322784009539517,2.6606732923303067
3011,901.0,20.0,0.075,2.0,3.134299935398545,2.5491643779923185,3.070299440299531,2.459719691261968
3012,901.0,20.0,0.075,3.0,2.3863655429706725,1.9319288977186027,2.3506923286702617,1.888520195927123
3013,901.0,20.0,0.075,4.0,2.1385818709921733,1.732446424208272,2.0353510773347048,1.6415430204380599
3014,901.0,20.0,0.075,5.0,1.760488725938305,1.4164775122912572,1.645595680152668,1.323845245164744
3015,901.0,20.0,0.075,6.0,1.6456703674162234,1.3407505519710503,1.6074502487502418,1.2952883838725542
3016,901.0,20.0,0.075,7.0,1.513495721795213,1.2176555920159373,1.4417370263745988,1.1653339542467467
3017,901.0,20.0,0.1,1.0,3.6224032518167313,2.945704806144112,3.557293126283661,2.858644280173505
3018,901.0,20.0,0.1,2.0,2.9877402223036436,2.4251180124882,2.899156807670703,2.338414450169639
3019,901.0,20.0,0.1,3.0,2.5463391041415404,2.05470467337947,2.4613258130344087,1.987387687271429
3020,901.0,20.0,0.1,4.0,2.0661682243121864,1.67174024769547,2.008888323006834,1.61142080415197
3021,901.0,20.0,0.1,5.0,1.8368884821628744,1.4815058482933514,1.7920449546148658,1.4386200580196866
3022,901.0,20.0,0.1,6.0,1.6580094373926126,1.3517360004406132,1.6263318929754,1.3105972679081774
3023,901.0,20.0,0.1,7.0,1.5188741118823277,1.2206083999289998,1.5413083996477426,1.2328577952319366
3024,901.0,20.0,0.125,1.0,3.195203222093439,2.5858199941560356,3.119234583869354,2.504234504802457
3025,901.0,20.0,0.125,2.0,2.9494268136342656,2.401430890280065,2.8551739470959867,2.2975405925985
3026,901.0,20.0,0.125,3.0,2.375883983445499,1.9245396567599538,2.3398177291075264,1.8754283280186446
3027,901.0,20.0,0.125,4.0,2.2581461876736415,1.8141420482608135,2.1357688818064724,1.719263804726991
3028,901.0,20.0,0.125,5.0,1.8505578391798077,1.4781340508180838,1.8070626854701548,1.4414981579990482
3029,901.0,20.0,0.125,6.0,1.5774450426516997,1.2636700096278086,1.564463513169208,1.261007778196507
3030,901.0,20.0,0.125,7.0,1.6482613146679304,1.3295591376745637,1.605450160133501,1.2864820053066741
3031,901.0,20.0,0.15,1.0,3.2423603813442785,2.6250731867778603,3.168385350672005,2.5409922077422085
3032,901.0,20.0,0.15,2.0,3.1654905094888304,2.570879902348154,3.075238342527187,2.4650536094200475
3033,901.0,20.0,0.15,3.0,2.301946584932795,1.8593356181218097,2.255872808799629,1.799107738246823
3034,901.0,20.0,0.15,4.0,2.081503007236385,1.6964293921282836,1.9922379189695592,1.6014523713212896
3035,901.0,20.0,0.15,5.0,1.9107614659357386,1.5399416357171787,1.8245350814439405,1.465291466718191
3036,901.0,20.0,0.15,6.0,1.6880797515418917,1.3551285195458769,1.6657789737791586,1.3477519620134044
3037,901.0,20.0,0.15,7.0,1.5698701698617497,1.246148144254561,1.6161543180638485,1.2897035217726862
3038,901.0,20.0,0.175,1.0,3.687757902794443,3.002370579272446,3.6239316501348067,2.9260829281107315
3039,901.0,20.0,0.175,2.0,2.8434780195479483,2.3007163677575666,2.7381409304198283,2.204862459013851
3040,901.0,20.0,0.175,3.0,2.5432983503021833,2.041496627104975,2.437076923951974,1.960378599180649
3041,901.0,20.0,0.175,4.0,2.2287855261376754,1.7866289336164363,2.1441001161287394,1.7141163834996551
3042,901.0,20.0,0.175,5.0,1.9131653481638433,1.5397212159435845,1.8658498712736822,1.5050356281523432
3043,901.0,20.0,0.175,6.0,1.727368233247341,1.3854803929936632,1.6791470468870018,1.3546130958195568
3044,901.0,20.0,0.175,7.0,1.63897585460766,1.3118008062367896,1.6066034562591678,1.276575998291139
3045,901.0,20.0,0.2,1.0,2.9257610509805727,2.3590444143704863,2.851106038544543,2.2974676207668865
3046,901.0,20.0,0.2,2.0,2.9895683657456025,2.412708066517573,2.9069701137950013,2.3295899709688057
3047,901.0,20.0,0.2,3.0,2.7011166354954765,2.1820769557860458,2.607978760716907,2.085222378321398
3048,901.0,20.0,0.2,4.0,2.058573236407347,1.6455089046850422,1.9921566478519237,1.586459275704412
3049,901.0,20.0,0.2,5.0,2.026478063293233,1.6236753806002402,1.9299255380868463,1.5471173137951004
3050,901.0,20.0,0.2,6.0,1.5756286727452467,1.2582964551005853,1.5089938853698495,1.2075766410919404
3051,901.0,20.0,0.2,7.0,1.6430073478796612,1.3139307102800737,1.6472241570812973,1.3016273504185236
3052,901.0,20.0,0.225,1.0,3.1588799248780424,2.5548803294579674,3.0937775770346847,2.488901646133023
3053,901.0,20.0,0.225,2.0,2.973859075427462,2.4177769646463294,2.901035219579347,2.3272138247609027
3054,901.0,20.0,0.225,3.0,2.345798856919047,1.8920060699143273,2.2369082431822354,1.786427465657148
3055,901.0,20.0,0.225,4.0,2.222042071904285,1.7786275105235865,2.184497053374089,1.7394146974440907
3056,901.0,20.0,0.225,5.0,2.0110451695664233,1.6082369036757151,1.9133866321464938,1.517503881101944
3057,901.0,20.0,0.225,6.0,1.7291359034469485,1.3713688024304478,1.6903600457892687,1.333526110265069
3058,901.0,20.0,0.225,7.0,1.637735537143709,1.2875801141060366,1.6001923769751623,1.24718578619617
3059,901.0,20.0,0.25,1.0,3.5980250620255054,2.925364531207177,3.5390362194712894,2.843624463965195
3060,901.0,20.0,0.25,2.0,3.001871739241359,2.4331564310203393,2.9543587550460884,2.3642719392485017
3061,901.0,20.0,0.25,3.0,2.5781452208312357,2.078233873450802,2.502166602533113,2.01093553031047
3062,901.0,20.0,0.25,4.0,2.12550654508858,1.6874067153402337,2.0281031211543556,1.6176500794443167
3063,901.0,20.0,0.25,5.0,1.9549479955584634,1.5188421527261222,1.8746776507602467,1.4831883759553253
3064,901.0,20.0,0.25,6.0,1.8723090006680825,1.484182943587446,1.7587609138805846,1.397396537175969
3065,901.0,20.0,0.25,7.0,1.7067811062648106,1.3466711724166707,1.7291619346047369,1.3768201746490272
3066,901.0,20.0,0.275,1.0,3.0951168133350397,2.497275514023688,3.0392298001033597,2.4390860208002425
3067,901.0,20.0,0.275,2.0,2.803478794728579,2.2497870214737676,2.6459662558907726,2.1129977538154274
3068,901.0,20.0,0.275,3.0,2.291094694217389,1.8263481502916772,2.244227397306071,1.7987657237990922
3069,901.0,20.0,0.275,4.0,2.281206864989935,1.844597063574425,2.1710214131734324,1.7176117684224073
3070,901.0,20.0,0.275,5.0,1.997948554125497,1.58311604382621,1.8565771914066176,1.4797524799306798
3071,901.0,20.0,0.275,6.0,1.9870246841625425,1.5435372592526755,1.7943266642884166,1.4229352070553696
3072,901.0,20.0,0.275,7.0,1.8813587437976198,1.5044693162510547,1.8542381297719426,1.4752889945772558
3073,901.0,20.0,0.3,1.0,3.2031826277491326,2.5929498396206117,3.1475508638977248,2.521171693590872
3074,901.0,20.0,0.3,2.0,2.8946155896061887,2.2955004478141565,2.7832330806138925,2.2099981928851085
3075,901.0,20.0,0.3,3.0,2.306529846575823,1.8541537615009138,2.282519777212061,1.8325587032815462
3076,901.0,20.0,0.3,4.0,2.1177649030726102,1.6514116374255372,2.06389707631828,1.6117199319133484
3077,901.0,20.0,0.3,5.0,1.9781676768016987,1.5951943882068664,1.9013260292215124,1.5145787497985543
3078,901.0,20.0,0.3,6.0,1.9552115211767973,1.440488791733541,1.915875511306497,1.4337979081650183
3079,901.0,20.0,0.3,7.0,1.8030110073298218,1.424321634603909,1.795629603120391,1.438860219052483
3080,902.0,1.0,0.05,1.0,1.1799749823399193,0.9372531503357461,1.1692974925016941,0.9305230998881993
3081,902.0,1.0,0.05,2.0,0.8649436882735236,0.6900271116831829,0.8064302896003396,0.6465032667750772
3082,902.0,1.0,0.05,3.0,0.9549742215582311,0.757584161757213,0.9204525455001777,0.728040034055206
3083,902.0,1.0,0.05,4.0,1.0354422254304185,0.80613865081123,0.9689679969892396,0.7707304608563379
3084,902.0,1.0,0.05,5.0,1.113022854246161,0.8753245876572462,1.0523234593670832,0.8329056193657312
3085,902.0,1.0,0.05,6.0,1.1834621884066514,0.9393512609776646,1.144646566460442,0.902105380030563
3086,902.0,1.0,0.05,7.0,1.2849328497492567,1.012781078065386,1.232996380639025,0.975559079185239
3087,902.0,1.0,0.075,1.0,1.0665913947123367,0.8492192095547305,1.0486864519617436,0.838038116478529
3088,902.0,1.0,0.075,2.0,0.883113808040752,0.706250537151532,0.8189985469543123,0.6615686881414164
3089,902.0,1.0,0.075,3.0,0.9742214141515387,0.7709818769733967,0.9352428222539688,0.7495577328107442
3090,902.0,1.0,0.075,4.0,1.0483905627866634,0.8101686527766185,0.9630477155548214,0.7605461920663266
3091,902.0,1.0,0.075,5.0,1.0911721643359973,0.8567628072570957,1.029962604527714,0.808995500867331
3092,902.0,1.0,0.075,6.0,1.1925841010775764,0.9339162837249472,1.1628325258447318,0.9243522063084942
3093,902.0,1.0,0.075,7.0,1.2805943014432535,1.0071753509596186,1.2523820463549933,0.9915276296820916
3094,902.0,1.0,0.1,1.0,1.0320878986775905,0.8211560277483134,1.009924617668303,0.8091953295479523
3095,902.0,1.0,0.1,2.0,0.8758737743179139,0.6974615423908324,0.8240543376652769,0.6622403618074288
3096,902.0,1.0,0.1,3.0,0.9862377087276607,0.7684780404126927,0.9380390202177655,0.7527538630001505
3097,902.0,1.0,0.1,4.0,1.0347072932912469,0.8113473953710963,0.9595766583253782,0.7551603838038241
3098,902.0,1.0,0.1,5.0,1.0959241591353674,0.8562409755832776,1.0512119121578927,0.8302409335944373
3099,902.0,1.0,0.1,6.0,1.224091199344758,0.9497179873151287,1.1553580208419898,0.9139555714724036
3100,902.0,1.0,0.1,7.0,1.3096776179790999,1.0405795583914623,1.2579610645757797,1.0030925384252125
3101,902.0,1.0,0.125,1.0,1.049809537250422,0.8364494551795019,1.0300906983148344,0.8256776385043069
3102,902.0,1.0,0.125,2.0,0.891124212743489,0.7091692424282023,0.8290832340023274,0.6671250961411783
3103,902.0,1.0,0.125,3.0,0.977691981527932,0.7718839410525918,0.9465759217427199,0.7522457151030637
3104,902.0,1.0,0.125,4.0,1.0858946385699788,0.8403586301667146,1.012696707757804,0.8051130142125281
3105,902.0,1.0,0.125,5.0,1.098613922990369,0.8630563418377093,1.062279893048547,0.8533561996461717
3106,902.0,1.0,0.125,6.0,1.2395632682710365,0.9834065197921337,1.2108763551493607,0.9490482099568515
3107,902.0,1.0,0.125,7.0,1.3302484918051942,1.0702119668501155,1.2558843502942816,0.9910755300724534
3108,902.0,1.0,0.15,1.0,1.042519554357445,0.8302610515164368,1.023749584792982,0.8217691659691789
3109,902.0,1.0,0.15,2.0,0.8821849841517498,0.7005239153116913,0.8512697611193141,0.692848341765133
3110,902.0,1.0,0.15,3.0,0.9704945535030332,0.7646175252942256,0.9301614559695427,0.7317449262478991
3111,902.0,1.0,0.15,4.0,1.1008043928981799,0.8604140146923914,1.0212434534705823,0.8107131467078946
3112,902.0,1.0,0.15,5.0,1.1625329294455342,0.9136928799198268,1.0955831819711859,0.8647558152257703
3113,902.0,1.0,0.15,6.0,1.260315558279952,0.9889894975072602,1.2490394006580026,0.974636246179348
3114,902.0,1.0,0.15,7.0,1.3484345338099661,1.065886683300295,1.2902884117087263,1.0208714903753333
3115,902.0,1.0,0.175,1.0,1.0359715127657443,0.8257663258505593,1.01272972171359,0.8136566549621875
3116,902.0,1.0,0.175,2.0,0.9464659908755825,0.756934406400533,0.8814228090219653,0.7124191474480959
3117,902.0,1.0,0.175,3.0,1.0060939039171781,0.7863640727014299,0.9397147656553062,0.7534221099389516
3118,902.0,1.0,0.175,4.0,1.1042611444591297,0.8608789618355368,1.0240246811028635,0.80215002946482
3119,902.0,1.0,0.175,5.0,1.1901615040171012,0.9225769970670642,1.1660208292890595,0.9312965254915928
3120,902.0,1.0,0.175,6.0,1.2509921281611214,0.9885398297345879,1.2192596585614635,0.9690457577058987
3121,902.0,1.0,0.175,7.0,1.363347584207403,1.0791607055291983,1.3261616500084712,1.0528729100002625
3122,902.0,1.0,0.2,1.0,1.0438872506917447,0.8317155191253878,1.0160457537014635,0.8153150447029122
3123,902.0,1.0,0.2,2.0,0.9088634513481083,0.721315934247154,0.8737814330834235,0.7011354584175974
3124,902.0,1.0,0.2,3.0,1.0390558700000225,0.8197681746785487,0.9633363688753621,0.7805682626347877
3125,902.0,1.0,0.2,4.0,1.098238558217942,0.8590701465588341,1.0421063998253257,0.8146811011979593
3126,902.0,1.0,0.2,5.0,1.2427785069799797,0.974913774839486,1.146954060572108,0.910475840816452
3127,902.0,1.0,0.2,6.0,1.260052193160025,0.9897395962725248,1.2337858889089115,0.9662239221597811
3128,902.0,1.0,0.2,7.0,1.3282620417241435,1.047874831733325,1.3193959463560676,1.047959082493414
3129,902.0,1.0,0.225,1.0,1.0566599608357163,0.838931650240023,1.0348670492224374,0.8265379860965455
3130,902.0,1.0,0.225,2.0,0.936925968508525,0.7420854231502343,0.8820048663965706,0.6970234741088975
3131,902.0,1.0,0.225,3.0,1.0794619277890949,0.8430132187873105,1.0350976059042496,0.8219391679909132
3132,902.0,1.0,0.225,4.0,1.1587712921981892,0.9075330732665007,1.085921339973734,0.8485706355508598
3133,902.0,1.0,0.225,5.0,1.2515696037122255,0.9940754129829793,1.1807659585902908,0.9367241132985198
3134,902.0,1.0,0.225,6.0,1.2874253653205334,1.0085748652934687,1.3079329664301218,1.0276680109768148
3135,902.0,1.0,0.225,7.0,1.4639755880447218,1.1346646662621296,1.3861756548891688,1.0948939631018288
3136,902.0,1.0,0.25,1.0,1.050200541260089,0.835868769542271,1.0258565120035306,0.819160155741932
3137,902.0,1.0,0.25,2.0,0.9313485247037049,0.7391346631513991,0.8476510300882896,0.6877276050965827
3138,902.0,1.0,0.25,3.0,1.0472150431821916,0.8298892960221633,1.0207497588948191,0.81440786003154
3139,902.0,1.0,0.25,4.0,1.1835262367154378,0.9279148062212265,1.0675375133224916,0.8406883309191888
3140,902.0,1.0,0.25,5.0,1.313946716510504,1.0221414443437074,1.2053914239906551,0.9435534149142615
3141,902.0,1.0,0.25,6.0,1.306399862505756,1.0384687165587312,1.3330906971135865,1.0468998199216977
3142,902.0,1.0,0.25,7.0,1.4047995721218152,1.108977088233071,1.4166184346951547,1.1163979869470377
3143,902.0,1.0,0.275,1.0,1.035828459912263,0.8253369781447372,1.0174696731360386,0.8153673094906917
3144,902.0,1.0,0.275,2.0,0.9228495477057767,0.737759038701721,0.8751212670996468,0.7006508852529472
3145,902.0,1.0,0.275,3.0,1.0911018012077305,0.8556324745535949,1.0211481797104867,0.8012654160718694
3146,902.0,1.0,0.275,4.0,1.1796563367497959,0.9235006846843368,1.110482380081162,0.892604780275424
3147,902.0,1.0,0.275,5.0,1.256496375655944,0.9924419313498403,1.2549382069132484,0.9808384734101978
3148,902.0,1.0,0.275,6.0,1.327713181260695,1.0631612971878737,1.3223104684085236,1.0536426294846335
3149,902.0,1.0,0.275,7.0,1.4483195637406956,1.156405405226238,1.396108992219596,1.1085357267988087
3150,902.0,1.0,0.3,1.0,1.0475033080577199,0.8341462966982849,1.0243900064025555,0.8199405938887165
3151,902.0,1.0,0.3,2.0,1.0157413706206173,0.7977392878689812,0.9351256494943112,0.7493216481222907
3152,902.0,1.0,0.3,3.0,1.0914748836105863,0.8558172955596289,1.0570807633352288,0.831290674018195
3153,902.0,1.0,0.3,4.0,1.2127707828031695,0.9697652607406804,1.1404556875820702,0.9039365185745871
3154,902.0,1.0,0.3,5.0,1.3080013776684916,1.0204752354292734,1.2311468531471992,0.9802555372168128
3155,902.0,1.0,0.3,6.0,1.3678201335599107,1.0760861520935519,1.2947609125625084,1.0062175483488123
3156,902.0,1.0,0.3,7.0,1.4724478730812627,1.172822757995965,1.4368683873251835,1.142246876079965
3157,902.0,2.0,0.05,1.0,1.3281394544841651,1.061090689101728,1.32977188336993,1.0696996002103834
3158,902.0,2.0,0.05,2.0,1.0500530418861735,0.8461081808570678,1.0063082570716948,0.8133615572077358
3159,902.0,2.0,0.05,3.0,1.1111796168974213,0.8992060064880992,1.0757690236106168,0.8691852082952682
3160,902.0,2.0,0.05,4.0,1.2282148102362487,0.9811023687207273,1.1760274835838975,0.9335225509753932
3161,902.0,2.0,0.05,5.0,1.2932995229271678,1.0220672395473007,1.2363795010056418,0.9865843611836661
3162,902.0,2.0,0.05,6.0,1.3713498633715548,1.0868213050187037,1.3026489023487795,1.0440385017914109
3163,902.0,2.0,0.05,7.0,1.4564408690792818,1.1436956125572368,1.3980392300430442,1.1083864916188413
3164,902.0,2.0,0.075,1.0,1.222348797958915,0.9739371613069024,1.2236042539472791,0.9839527709467006
3165,902.0,2.0,0.075,2.0,1.0669662487324176,0.8551396706438021,1.023787551903621,0.8230789668752011
3166,902.0,2.0,0.075,3.0,1.147437057297145,0.9259031648573268,1.0806038916847431,0.867730338933043
3167,902.0,2.0,0.075,4.0,1.248969000574614,0.9954622863235096,1.1911475148634818,0.9557097356160771
3168,902.0,2.0,0.075,5.0,1.2555713874236216,0.9990157394516773,1.2059829364961592,0.9665847442674166
3169,902.0,2.0,0.075,6.0,1.417579927143625,1.1217975546452867,1.3407666699808116,1.0687627096704315
3170,902.0,2.0,0.075,7.0,1.4791737761651902,1.1798359901808666,1.3960483215967814,1.0938207177595582
3171,902.0,2.0,0.1,1.0,1.2188694341745507,0.969175880093921,1.2169241600918175,0.9770859156133702
3172,902.0,2.0,0.1,2.0,1.0857477478111506,0.8729557201313997,1.0268454784084304,0.8290881612002375
3173,902.0,2.0,0.1,3.0,1.164949332277676,0.9263986543612479,1.1163615417079849,0.8935368852249969
3174,902.0,2.0,0.1,4.0,1.253417953467001,0.9864236755532925,1.1786288196944268,0.9407057455445883
3175,902.0,2.0,0.1,5.0,1.336115813122979,1.0546818394671418,1.2806119860020893,1.0159494542864917
3176,902.0,2.0,0.1,6.0,1.3639768809098323,1.0785445184103013,1.2972555520623745,1.0343677503661726
3177,902.0,2.0,0.1,7.0,1.4292099601327124,1.120877706994211,1.4219251926326553,1.12404036965911
3178,902.0,2.0,0.125,1.0,1.2157650836255751,0.967039623405258,1.2160036293497272,0.9780765383576259
3179,902.0,2.0,0.125,2.0,1.0972021227633584,0.8763613082200017,1.0515204752375227,0.8452038038792083
3180,902.0,2.0,0.125,3.0,1.186686231490803,0.9498013841946936,1.1418660190060481,0.9207688465751582
3181,902.0,2.0,0.125,4.0,1.2839159639419166,1.0162357477400634,1.2129579834939777,0.9638954829058552
3182,902.0,2.0,0.125,5.0,1.3230456782955222,1.0490849844543573,1.25003775921539,0.9998550913047175
3183,902.0,2.0,0.125,6.0,1.3467730746362845,1.068197078644655,1.3224172663191989,1.06259770973565
3184,902.0,2.0,0.125,7.0,1.4724917634528039,1.1524466193649514,1.4253682738655429,1.1122034674845656
3185,902.0,2.0,0.15,1.0,1.1920951019282149,0.947294582909972,1.184692515838381,0.9511190003601484
3186,902.0,2.0,0.15,2.0,1.0569580094092124,0.8546117028750346,1.0202110687954475,0.8213183645186778
3187,902.0,2.0,0.15,3.0,1.1662586377656987,0.9401950987363342,1.107140359600077,0.8851754685831279
3188,902.0,2.0,0.15,4.0,1.258488162443897,0.9955080304019754,1.1704097900887875,0.9345978987441528
3189,902.0,2.0,0.15,5.0,1.2994766802486288,1.0392979394909259,1.2692583523797119,1.006812717437373
3190,902.0,2.0,0.15,6.0,1.4001590177660257,1.1165444651646381,1.3534773918414595,1.0818409166144007
3191,902.0,2.0,0.15,7.0,1.5247858378853736,1.1991954242953926,1.4980349630080996,1.1735617167795447
3192,902.0,2.0,0.175,1.0,1.1924041922096482,0.94755496723221,1.187277307032536,0.9508107312733936
3193,902.0,2.0,0.175,2.0,1.107056320512367,0.891134571370198,1.040062970207787,0.8422377091396597
3194,902.0,2.0,0.175,3.0,1.1845029663068956,0.9469693836369742,1.130208069567434,0.908694674286834
3195,902.0,2.0,0.175,4.0,1.306920659658339,1.0327376524558831,1.2340378543778319,0.9822571124722479
3196,902.0,2.0,0.175,5.0,1.297775987648371,1.0251658252160867,1.2716822014801465,1.020516475244332
3197,902.0,2.0,0.175,6.0,1.4163864903963268,1.109772239116754,1.3512858664660947,1.0767156132503362
3198,902.0,2.0,0.175,7.0,1.4968479601305342,1.1869027219934705,1.4334398997600886,1.1461061898436988
3199,902.0,2.0,0.2,1.0,1.1838700117668683,0.9419258905229252,1.1836421733092397,0.9502957391208352
3200,902.0,2.0,0.2,2.0,1.0877021638903739,0.8713493362103892,1.025887395706295,0.8316299047588451
3201,902.0,2.0,0.2,3.0,1.194976753505793,0.9546316001851569,1.1501549809501663,0.9305685663422766
3202,902.0,2.0,0.2,4.0,1.344031178774604,1.0734166953015174,1.2410395875435145,0.9947796646211989
3203,902.0,2.0,0.2,5.0,1.354549169432614,1.0639517540179713,1.268305754276878,1.0158448255981953
3204,902.0,2.0,0.2,6.0,1.4436025012738212,1.1514546853252023,1.4135884689236258,1.1230184018048526
3205,902.0,2.0,0.2,7.0,1.5634259749535295,1.2294668349091977,1.586551138291729,1.2627924470977476
3206,902.0,2.0,0.225,1.0,1.2127564607995824,0.9652590050886295,1.2155589757427596,0.9753207277507138
3207,902.0,2.0,0.225,2.0,1.0965208698856503,0.8828808509082827,1.0360094584052328,0.8443437843987553
3208,902.0,2.0,0.225,3.0,1.2720794813989447,1.0074536064628337,1.1929879994950852,0.9620298718728277
3209,902.0,2.0,0.225,4.0,1.37342160396088,1.0714035755935456,1.2496119887579857,0.9837626496516203
3210,902.0,2.0,0.225,5.0,1.4371663578233296,1.1386150540171525,1.3442983679549785,1.0622953333208565
3211,902.0,2.0,0.225,6.0,1.502733041946151,1.184196505410881,1.4361297164526685,1.1308940807651109
3212,902.0,2.0,0.225,7.0,1.6769724531081045,1.3108142506892897,1.5698148688590527,1.2418900529792605
3213,902.0,2.0,0.25,1.0,1.2133602744351764,0.9660651720305181,1.217600012675766,0.9771628128788531
3214,902.0,2.0,0.25,2.0,1.1259785150680515,0.8991674779712332,1.060870779257587,0.8564032952041509
3215,902.0,2.0,0.25,3.0,1.238162171298976,1.0056011648119982,1.1602123199157255,0.9285671763048876
3216,902.0,2.0,0.25,4.0,1.3429855673059223,1.049566741314568,1.2834042202884086,1.0290381390871002
3217,902.0,2.0,0.25,5.0,1.4676183438793893,1.158941837008646,1.3744050737070803,1.0908318940308657
3218,902.0,2.0,0.25,6.0,1.538547760803524,1.2177088278269588,1.4681843338546188,1.1644543280179567
3219,902.0,2.0,0.25,7.0,1.6577192004885506,1.318006164567475,1.6018614697692093,1.2614078118723577
3220,902.0,2.0,0.275,1.0,1.2130389536421837,0.9648631194601005,1.2294735531991925,0.9853152052814933
3221,902.0,2.0,0.275,2.0,1.1025927218033107,0.8854972996466486,1.0413104862142744,0.85259652440927
3222,902.0,2.0,0.275,3.0,1.2757497728463902,1.0235112144522953,1.196628211645068,0.944980900354315
3223,902.0,2.0,0.275,4.0,1.386811470427808,1.1092737734649705,1.3361799946215573,1.0548994365877387
3224,902.0,2.0,0.275,5.0,1.4258818673487714,1.1123795515120765,1.3237703288816915,1.0581935310043735
3225,902.0,2.0,0.275,6.0,1.5542837371593499,1.205351297914916,1.531686647530603,1.2100839487312491
3226,902.0,2.0,0.275,7.0,1.6099832500023974,1.2665481667704805,1.5545412357937778,1.2215004421841875
3227,902.0,2.0,0.3,1.0,1.1817834167961248,0.9463940070612281,1.1844269545259558,0.9537665855300046
3228,902.0,2.0,0.3,2.0,1.1639146247709282,0.9370554790306667,1.104438999432919,0.8949578591677207
3229,902.0,2.0,0.3,3.0,1.2956846737411023,1.049920531554542,1.2108921551549583,0.9715502850001259
3230,902.0,2.0,0.3,4.0,1.4661695928161844,1.165817551946619,1.3524382823002343,1.0841202175408622
3231,902.0,2.0,0.3,5.0,1.4553517572568835,1.164432826782217,1.4523791549366751,1.152490755822661
3232,902.0,2.0,0.3,6.0,1.6271016451810871,1.2879358679829152,1.523203043118241,1.1981749317603816
3233,902.0,2.0,0.3,7.0,1.66001865517335,1.3198589414997186,1.6154027489397187,1.276139857742534
3234,902.0,3.0,0.05,1.0,1.5018439421457288,1.20322543062941,1.5185344743150133,1.2040755568244597
3235,902.0,3.0,0.05,2.0,1.2312783234159113,0.9924908321154453,1.2215923165342764,0.9798783530458147
3236,902.0,3.0,0.05,3.0,1.3147414833449027,1.0533413125209508,1.2830473984651587,1.0233507667926103
3237,902.0,3.0,0.05,4.0,1.401586322224599,1.1199170318312386,1.3551712408863277,1.0708308005713394
3238,902.0,3.0,0.05,5.0,1.4948157396379218,1.2112866112012821,1.453145634385707,1.1532479778560862
3239,902.0,3.0,0.05,6.0,1.5476928444982982,1.2462274147286512,1.5120015181500055,1.1862304763509757
3240,902.0,3.0,0.05,7.0,1.6405686550206997,1.3237394456967864,1.588819515717072,1.26506407886747
3241,902.0,3.0,0.075,1.0,1.4358912718012735,1.1489059891453794,1.45188848289524,1.1515108640696967
3242,902.0,3.0,0.075,2.0,1.265748207071593,1.0153136307831057,1.2401645680906737,0.9928974268876039
3243,902.0,3.0,0.075,3.0,1.3399645636555093,1.0765338244866482,1.3012884271475615,1.0364210382347756
3244,902.0,3.0,0.075,4.0,1.3950981616896725,1.1235289543305043,1.351109932938278,1.0716256988913302
3245,902.0,3.0,0.075,5.0,1.4989234075899927,1.2130854403807698,1.4718237893255193,1.1620337676215822
3246,902.0,3.0,0.075,6.0,1.5751617892648992,1.2528823737729113,1.5251543249683117,1.2043489208331635
3247,902.0,3.0,0.075,7.0,1.6830080592958119,1.3634450340934046,1.6627809483370817,1.3284636704895656
3248,902.0,3.0,0.1,1.0,1.4323766529315989,1.1451516432657307,1.4435947558363185,1.1435916450946342
3249,902.0,3.0,0.1,2.0,1.2421155876785284,1.0007888658928505,1.2290756287225126,0.9880613554063825
3250,902.0,3.0,0.1,3.0,1.3506835088431186,1.0883906169998434,1.2840623015828931,1.013002122361565
3251,902.0,3.0,0.1,4.0,1.4227770360587058,1.1457211035953783,1.3844772822129385,1.0967540266185867
3252,902.0,3.0,0.1,5.0,1.5001918743284683,1.2185780447979377,1.490624932344869,1.1787433607089621
3253,902.0,3.0,0.1,6.0,1.5522651462845392,1.2499283483722374,1.5174200306929944,1.1993031499001017
3254,902.0,3.0,0.1,7.0,1.6963482020760399,1.3674891159661584,1.6963349560272778,1.3517578623837414
3255,902.0,3.0,0.125,1.0,1.417722770165551,1.1318324279438412,1.4258177053158245,1.1295605833492193
3256,902.0,3.0,0.125,2.0,1.2602177205583225,1.0177711794216708,1.2307968269179634,0.9818764453202782
3257,902.0,3.0,0.125,3.0,1.383027447429344,1.1117504395415077,1.319312554050368,1.0521251532287517
3258,902.0,3.0,0.125,4.0,1.429854597518362,1.1452469064299307,1.3868522676953152,1.0975783640882228
3259,902.0,3.0,0.125,5.0,1.5123535569484572,1.2235038970594172,1.4629555393463416,1.1566560555938368
3260,902.0,3.0,0.125,6.0,1.629373505659043,1.317625626710142,1.5731813154898526,1.2600203257550238
3261,902.0,3.0,0.125,7.0,1.7340294904160571,1.398560667461343,1.6954857442557838,1.3356877125536186
3262,902.0,3.0,0.15,1.0,1.429127610822357,1.1377735468334678,1.4425254132664076,1.1409351303619644
3263,902.0,3.0,0.15,2.0,1.2693516955854236,1.0154043602608653,1.2464618252886452,1.0006648617140768
3264,902.0,3.0,0.15,3.0,1.325955238679987,1.0588060882770893,1.28308917941605,1.0139926562830701
3265,902.0,3.0,0.15,4.0,1.4370765937882624,1.1480619926765108,1.3846454132307227,1.1012840734330072
3266,902.0,3.0,0.15,5.0,1.5655151199075725,1.2564488490621786,1.4945185864467059,1.1863028898089691
3267,902.0,3.0,0.15,6.0,1.6425273352824974,1.3196681027421304,1.601642376358075,1.2692939675064203
3268,902.0,3.0,0.15,7.0,1.7138365015091734,1.361843885335219,1.6888832028850447,1.3230951182841375
3269,902.0,3.0,0.175,1.0,1.4070688257546378,1.1220550080230083,1.4121796010878689,1.118806107028321
3270,902.0,3.0,0.175,2.0,1.2478901423836106,1.0105999830589274,1.2060040224366821,0.9658414374420465
3271,902.0,3.0,0.175,3.0,1.4159852678177995,1.1417103616509425,1.369588755077674,1.0957244004511326
3272,902.0,3.0,0.175,4.0,1.4958831334896143,1.1964036329241177,1.4420064907256742,1.1611322989398367
3273,902.0,3.0,0.175,5.0,1.5990588706057642,1.2733871806150319,1.513348902837731,1.2099486612674812
3274,902.0,3.0,0.175,6.0,1.6863907659436153,1.3425691476306028,1.6652420977068345,1.3224878496013142
3275,902.0,3.0,0.175,7.0,1.7476763366146097,1.4048893365743835,1.7649691353282695,1.3819813510863417
3276,902.0,3.0,0.2,1.0,1.5018383665617112,1.2036617624420092,1.5071738202242326,1.1957098880989823
3277,902.0,3.0,0.2,2.0,1.2941632416601945,1.0527752593175985,1.27341404439454,1.0339679478994293
3278,902.0,3.0,0.2,3.0,1.3863765482857306,1.1073337585464522,1.3582704267893173,1.0882585115528332
3279,902.0,3.0,0.2,4.0,1.5445719300399363,1.2313083661562465,1.462753589018616,1.170399857550116
3280,902.0,3.0,0.2,5.0,1.5952076411078537,1.2574367432989915,1.5350213342530803,1.2092004107368024
3281,902.0,3.0,0.2,6.0,1.6847393296205755,1.3432055156097549,1.660857584113321,1.3159901314695581
3282,902.0,3.0,0.2,7.0,1.7926468703536398,1.4447211950840837,1.7750712798091859,1.4226072907315317
3283,902.0,3.0,0.225,1.0,1.3953062855712437,1.1092416843836164,1.4031654801636995,1.1087969560721171
3284,902.0,3.0,0.225,2.0,1.2987347895885164,1.046334084189599,1.2637028119289588,1.007924783991625
3285,902.0,3.0,0.225,3.0,1.4440819582722555,1.1460164624403875,1.3987639506751257,1.1125161979020177
3286,902.0,3.0,0.225,4.0,1.530002796522713,1.2297224439616807,1.5010774336809618,1.1878331010297514
3287,902.0,3.0,0.225,5.0,1.5994350186086295,1.289893302101469,1.5725031142350772,1.256580530252562
3288,902.0,3.0,0.225,6.0,1.7724178448763097,1.395198479420073,1.7050315029175662,1.3348760976776275
3289,902.0,3.0,0.225,7.0,1.919479469754466,1.5481765515102057,1.7931328572759966,1.4330941661253982
3290,902.0,3.0,0.25,1.0,1.4409568914912767,1.1467556086186117,1.4441878501072982,1.1392765253010895
3291,902.0,3.0,0.25,2.0,1.2801451940294581,1.0334218870604537,1.2865014048742234,1.0263424620035573
3292,902.0,3.0,0.25,3.0,1.4286696909945364,1.1353779197286367,1.3806252635624363,1.089774577387043
3293,902.0,3.0,0.25,4.0,1.5458087435428858,1.2190156003358648,1.505924069246839,1.1844051590998947
3294,902.0,3.0,0.25,5.0,1.6372239524170116,1.3053894738026017,1.560308966748159,1.2249885442706578
3295,902.0,3.0,0.25,6.0,1.7056015985615856,1.3647444741134762,1.678918246076386,1.3178149437133122
3296,902.0,3.0,0.25,7.0,1.8217939084261046,1.4530156199716133,1.8569212611344754,1.4874153011001767
3297,902.0,3.0,0.275,1.0,1.4188591147049214,1.1278180261168742,1.4206549404771467,1.1220015104553178
3298,902.0,3.0,0.275,2.0,1.3065370429810865,1.0399962829102385,1.2913693191114166,1.0249559330583085
3299,902.0,3.0,0.275,3.0,1.524956106297967,1.2212668127229902,1.461106738944073,1.1768346335666764
3300,902.0,3.0,0.275,4.0,1.5276874085557879,1.1998185466687328,1.469184329435084,1.1513099740997328
3301,902.0,3.0,0.275,5.0,1.7458275157306693,1.375842680714987,1.641506676163182,1.3190172939769644
3302,902.0,3.0,0.275,6.0,1.7721540660075794,1.4168914626457012,1.7115888835130406,1.3520208177768869
3303,902.0,3.0,0.275,7.0,1.8168826671771732,1.4485518698121045,1.8196650417725844,1.451837751898104
3304,902.0,3.0,0.3,1.0,1.4127479786108295,1.1257352383825567,1.4243453565222763,1.130963454868684
3305,902.0,3.0,0.3,2.0,1.3201396467375885,1.051657809382292,1.2945705321292846,1.0338589509429648
3306,902.0,3.0,0.3,3.0,1.4887244485479614,1.1787605068795068,1.4061660966878815,1.1209616126804738
3307,902.0,3.0,0.3,4.0,1.6714855780627276,1.3352495003197415,1.6468951522749877,1.2831851738389985
3308,902.0,3.0,0.3,5.0,1.7755510494604902,1.4022979977890693,1.671902094523611,1.3223237458133363
3309,902.0,3.0,0.3,6.0,1.7850625999815084,1.4161388002089792,1.785649825408323,1.4183004999274642
3310,902.0,3.0,0.3,7.0,1.8696349429317962,1.4761477792865412,1.898491883833768,1.5029418561961034
3311,902.0,4.0,0.05,1.0,1.6534029298416322,1.315230233757337,1.6309147525823475,1.2839302344706154
3312,902.0,4.0,0.05,2.0,1.471581742956171,1.1731097942383208,1.404976494542832,1.1206230815503495
3313,902.0,4.0,0.05,3.0,1.5004051740297744,1.192878504839864,1.420879694632435,1.1347997920527697
3314,902.0,4.0,0.05,4.0,1.586236183710027,1.2681928247884124,1.5170402680276407,1.2040264508316
3315,902.0,4.0,0.05,5.0,1.6470818249360777,1.2982144935503448,1.5384591066718807,1.21347003870339
3316,902.0,4.0,0.05,6.0,1.7076503276195347,1.349934644264673,1.6261701010696976,1.2631968892470438
3317,902.0,4.0,0.05,7.0,1.8551272983041391,1.46213132219537,1.7386081932645105,1.365093961251854
3318,902.0,4.0,0.075,1.0,1.6907223207667992,1.343490909664333,1.6662145273498699,1.308944710384671
3319,902.0,4.0,0.075,2.0,1.3994455602849165,1.1130900890019961,1.3483517749456366,1.0727579961332143
3320,902.0,4.0,0.075,3.0,1.5264314327769515,1.215468528159757,1.4595105452873176,1.1498126127119779
3321,902.0,4.0,0.075,4.0,1.554607778450992,1.2332635338662135,1.516298015980325,1.2116748813653453
3322,902.0,4.0,0.075,5.0,1.6567047886925372,1.3118975420535044,1.5561472201668247,1.237920000721877
3323,902.0,4.0,0.075,6.0,1.7387540087663806,1.3753209600241765,1.6625816396916013,1.3089964107828
3324,902.0,4.0,0.075,7.0,1.8400634290825097,1.447287096879359,1.724264812145989,1.3534336718945483
3325,902.0,4.0,0.1,1.0,1.7842006549479907,1.4196320228242234,1.7581056048635875,1.3865203902262988
3326,902.0,4.0,0.1,2.0,1.4402292603981592,1.1423238624747007,1.3719014076223317,1.0931330864965156
3327,902.0,4.0,0.1,3.0,1.534709614066425,1.2226208388301438,1.411826605852043,1.1243730660979459
3328,902.0,4.0,0.1,4.0,1.5597807045955614,1.2324801190708756,1.4942603394509693,1.189853679441464
3329,902.0,4.0,0.1,5.0,1.739168721174418,1.380927312058519,1.6343888096121175,1.284144223099926
3330,902.0,4.0,0.1,6.0,1.824927089203395,1.4482727817150927,1.6940130517147864,1.3321184161149868
3331,902.0,4.0,0.1,7.0,1.8665959929946783,1.4495559725418474,1.7273771630124621,1.3576303451650573
3332,902.0,4.0,0.125,1.0,1.6080992678428794,1.2796342196488066,1.584487278243816,1.2468986534471147
3333,902.0,4.0,0.125,2.0,1.433489610649583,1.1437535696827057,1.3830405474760095,1.0965705342475958
3334,902.0,4.0,0.125,3.0,1.5291981590134414,1.2297729409541769,1.3963653872969188,1.109337015418599
3335,902.0,4.0,0.125,4.0,1.6231384776216977,1.2988005038363286,1.5663524942881137,1.2482070102135048
3336,902.0,4.0,0.125,5.0,1.706800509531828,1.3582303441506596,1.6159975075967732,1.297161910275192
3337,902.0,4.0,0.125,6.0,1.7738945944217883,1.401020926107884,1.692048643396712,1.3302429083403322
3338,902.0,4.0,0.125,7.0,1.927358817084267,1.520225454844462,1.7989607940649075,1.395979045614538
3339,902.0,4.0,0.15,1.0,1.6543065386305846,1.3155281716178875,1.6256690879735254,1.276383143324305
3340,902.0,4.0,0.15,2.0,1.4432961676953293,1.152847969182313,1.3846176692397834,1.096336845897884
3341,902.0,4.0,0.15,3.0,1.5385256991040541,1.2295813339732276,1.4638135962988936,1.1719399743071672
3342,902.0,4.0,0.15,4.0,1.6490214869637,1.3257772665316938,1.553782683073558,1.2356892680624014
3343,902.0,4.0,0.15,5.0,1.7487888717785072,1.3718722126264173,1.6232989494910681,1.2885841410925254
3344,902.0,4.0,0.15,6.0,1.8779093527099884,1.4836217000442788,1.8171922290591476,1.44288626888583
3345,902.0,4.0,0.15,7.0,2.006900771501778,1.5711927804143762,1.8298305287756482,1.4234883021540674
3346,902.0,4.0,0.175,1.0,1.598917865767526,1.2765327358035563,1.5681543975634085,1.2379488082715049
3347,902.0,4.0,0.175,2.0,1.462848028374201,1.1603173432569702,1.3918336538736829,1.0936869083112906
3348,902.0,4.0,0.175,3.0,1.5127546281760382,1.2044743169996357,1.4179332988210056,1.1314508096531821
3349,902.0,4.0,0.175,4.0,1.6335599781472208,1.309154942629727,1.5835405242668623,1.259514673033128
3350,902.0,4.0,0.175,5.0,1.735721959975965,1.3888282875339764,1.7021083689386969,1.3279784595996567
3351,902.0,4.0,0.175,6.0,1.8279306201133667,1.444361347742059,1.7399492838319524,1.3784620830395946
3352,902.0,4.0,0.175,7.0,2.0495368074348863,1.5923118903156406,1.9020182711816929,1.5081687037260152
3353,902.0,4.0,0.2,1.0,1.6369169074494878,1.3069386316766978,1.6046881291077655,1.2661363649179023
3354,902.0,4.0,0.2,2.0,1.4695665438687628,1.1592810113415077,1.35936281813231,1.0782029887970734
3355,902.0,4.0,0.2,3.0,1.6195490565285193,1.2905760778523276,1.5599484078076873,1.2328304214323316
3356,902.0,4.0,0.2,4.0,1.6569617254458595,1.3236403730897586,1.604722728274116,1.274598783378576
3357,902.0,4.0,0.2,5.0,1.8094294968583702,1.4356596471705838,1.6808737977252186,1.335740732361825
3358,902.0,4.0,0.2,6.0,1.9251065828465435,1.5228668784081243,1.8033215436985635,1.4317380159752346
3359,902.0,4.0,0.2,7.0,2.0658187070630167,1.624436709284304,1.936553275173191,1.5068452293473733
3360,902.0,4.0,0.225,1.0,1.5555663388962904,1.2380979190793204,1.5191045523632067,1.20308230650745
3361,902.0,4.0,0.225,2.0,1.4308303991107587,1.1484920675277872,1.3725249788691256,1.0899548571973003
3362,902.0,4.0,0.225,3.0,1.5687303863813487,1.2463264481481446,1.5010666408448299,1.1832153285703553
3363,902.0,4.0,0.225,4.0,1.746488031805859,1.3846728855421824,1.6853336899423765,1.342365486543401
3364,902.0,4.0,0.225,5.0,1.8913684598712726,1.4866998160598963,1.720221827431643,1.3749642329364855
3365,902.0,4.0,0.225,6.0,1.9806309151817265,1.5614727624027305,1.8917477607700606,1.4838639839472147
3366,902.0,4.0,0.225,7.0,2.128139407066375,1.6878319489441314,1.956055698643904,1.5607185237003864
3367,902.0,4.0,0.25,1.0,1.5507469562797471,1.232338320210388,1.526953968868105,1.201226557318641
3368,902.0,4.0,0.25,2.0,1.5788950090001965,1.2575040812314309,1.5156925013517584,1.2052894991428897
3369,902.0,4.0,0.25,3.0,1.6816872326902395,1.3158126467691236,1.489609265717789,1.1852124720903319
3370,902.0,4.0,0.25,4.0,1.644633623298868,1.2913988440675885,1.5631605462073757,1.2340197582115293
3371,902.0,4.0,0.25,5.0,1.8859346777759425,1.4766423443511372,1.8319326131353166,1.4450534978000682
3372,902.0,4.0,0.25,6.0,1.9659584808280979,1.5461368353670093,1.8778590084879785,1.4915488764061346
3373,902.0,4.0,0.25,7.0,2.056793025650404,1.6207447106142416,1.9711361623245522,1.5638989351996402
3374,902.0,4.0,0.275,1.0,1.6760280988196408,1.344692542551794,1.647761731914655,1.3065987113605357
3375,902.0,4.0,0.275,2.0,1.503500267085077,1.1943580643623977,1.4449383720938866,1.1389147057821833
3376,902.0,4.0,0.275,3.0,1.6384162440858774,1.316191811635586,1.5379349195056484,1.2110643838832935
3377,902.0,4.0,0.275,4.0,1.726418604792437,1.3858357111791115,1.7223474386768585,1.3592134823495394
3378,902.0,4.0,0.275,5.0,1.8815271495913772,1.4805800045461723,1.8252951221793057,1.4477293743911133
3379,902.0,4.0,0.275,6.0,1.9533260058973585,1.537438673309691,1.9349258608713944,1.532038173747212
3380,902.0,4.0,0.275,7.0,2.170067853398777,1.6906897271237116,1.9789186147221656,1.5651309329390515
3381,902.0,4.0,0.3,1.0,1.6390884966862715,1.3018461285311818,1.5972764570762754,1.251124446914907
3382,902.0,4.0,0.3,2.0,1.4655916909496194,1.1551064199903507,1.4173536025301499,1.124027605338035
3383,902.0,4.0,0.3,3.0,1.6510332765883053,1.3050825052198702,1.5227538680828079,1.2144485438766106
3384,902.0,4.0,0.3,4.0,1.6767053904792424,1.3571779660454437,1.6556254114461062,1.3045412918815773
3385,902.0,4.0,0.3,5.0,1.9141508529357456,1.499333126159983,1.841923636486459,1.477092267937654
3386,902.0,4.0,0.3,6.0,2.0134478796484276,1.5799105787565353,1.9561736315535623,1.543136207702907
3387,902.0,4.0,0.3,7.0,2.1860336517358636,1.725815519039009,2.0705781372845995,1.6243433278624362
3388,902.0,5.0,0.05,1.0,1.9688220165034966,1.5722557994444553,1.9389361714131639,1.5372254789656412
3389,902.0,5.0,0.05,2.0,1.771565081861886,1.4235188121993398,1.723769895526873,1.3684421106942055
3390,902.0,5.0,0.05,3.0,1.7400958746592994,1.385877484092017,1.6549230837006814,1.3048285621943074
3391,902.0,5.0,0.05,4.0,1.775967163694113,1.4076163341291426,1.6719721457545373,1.3176998844099268
3392,902.0,5.0,0.05,5.0,1.8087508969021937,1.4013941977841775,1.7395782404753386,1.377311668791962
3393,902.0,5.0,0.05,6.0,1.9570325695793,1.53228950194053,1.8922760727467782,1.4893062588339743
3394,902.0,5.0,0.05,7.0,2.0035127348356827,1.556496673399869,1.963986820177955,1.5464627549775591
3395,902.0,5.0,0.075,1.0,1.937848009092832,1.5486369390082262,1.9078218458749299,1.510564097238779
3396,902.0,5.0,0.075,2.0,1.7262897820127214,1.3872587503084464,1.6636367240381464,1.3235821535930736
3397,902.0,5.0,0.075,3.0,1.7679523618667132,1.4061291851131588,1.6666037828213276,1.3170530048719715
3398,902.0,5.0,0.075,4.0,1.7609206811784908,1.3867868878925342,1.6641007046015135,1.318164421118716
3399,902.0,5.0,0.075,5.0,1.895506836406535,1.4717443642623638,1.7960283087635773,1.4256420630249067
3400,902.0,5.0,0.075,6.0,1.9221375019620373,1.4993265914860596,1.8789065976879427,1.482056248918915
3401,902.0,5.0,0.075,7.0,2.06258775396205,1.5991895809607222,2.0058720742843397,1.5756720023107686
3402,902.0,5.0,0.1,1.0,1.919831514393034,1.5327687385242263,1.8915734157455282,1.498505912019424
3403,902.0,5.0,0.1,2.0,1.6878031690350552,1.3465699796565245,1.6062100787861466,1.2827468079088569
3404,902.0,5.0,0.1,3.0,1.803829506105873,1.4401640567158853,1.7059934104423007,1.342990619657194
3405,902.0,5.0,0.1,4.0,1.808642373112058,1.4332956121760376,1.68471439972625,1.3383333822816466
3406,902.0,5.0,0.1,5.0,1.893017956917528,1.468658994197212,1.8218069354633917,1.4286648105063633
3407,902.0,5.0,0.1,6.0,2.0058781671204455,1.547578825049833,1.9300903331766301,1.5302913112234562
3408,902.0,5.0,0.1,7.0,2.1044731475758183,1.6242454122766385,2.0151852536936223,1.594202080978788
3409,902.0,5.0,0.125,1.0,2.014724243983586,1.6055256284935362,1.9810096488068285,1.569600065246459
3410,902.0,5.0,0.125,2.0,1.7271788167703284,1.3798138802754099,1.663320615616551,1.3107647438972996
3411,902.0,5.0,0.125,3.0,1.7848817652533968,1.4234994792626503,1.6788512318651445,1.3272707987799306
3412,902.0,5.0,0.125,4.0,1.8693428297292283,1.4588080058907322,1.725852230111415,1.344989224153275
3413,902.0,5.0,0.125,5.0,1.9353445729936687,1.4781515418590538,1.7844108121438622,1.3892036251153446
3414,902.0,5.0,0.125,6.0,2.0434577125119695,1.5823257455218127,1.914516166866422,1.5216408808598454
3415,902.0,5.0,0.125,7.0,2.1219416677181364,1.6464028538976094,2.088086297655119,1.6462721262570137
3416,902.0,5.0,0.15,1.0,1.9020764328302961,1.5184116288483838,1.8763289087646156,1.4841021634443885
3417,902.0,5.0,0.15,2.0,1.760903807906413,1.407395562905645,1.6813780472044613,1.3348302024978915
3418,902.0,5.0,0.15,3.0,1.7991933922884324,1.4445814088996816,1.718268410672756,1.3558220625429864
3419,902.0,5.0,0.15,4.0,1.9089141716423887,1.5065566479345343,1.7809264907844469,1.4110691395736183
3420,902.0,5.0,0.15,5.0,1.9646714390780582,1.5254607501709483,1.8783548400342336,1.4594872645514185
3421,902.0,5.0,0.15,6.0,2.0233782933602424,1.574696232530896,2.002178235546008,1.5562188240093537
3422,902.0,5.0,0.15,7.0,2.2900258726789415,1.7675549777197561,2.2070985229687903,1.749459061741551
3423,902.0,5.0,0.175,1.0,1.9971248869411429,1.5921854218334925,1.9667218466518785,1.5603709021518861
3424,902.0,5.0,0.175,2.0,1.7880173645200466,1.4276453417049815,1.6862685273323461,1.343363885825167
3425,902.0,5.0,0.175,3.0,1.8060897392220885,1.4188841044906153,1.678174188880969,1.309402212572049
3426,902.0,5.0,0.175,4.0,1.8805626618624267,1.4788728634651243,1.7761647601763673,1.3972591890633739
3427,902.0,5.0,0.175,5.0,1.988174976872369,1.5545830786826524,1.939208149860972,1.5212163437460386
3428,902.0,5.0,0.175,6.0,2.106319341077555,1.6564920469523843,2.0728518351170786,1.6533245296066879
3429,902.0,5.0,0.175,7.0,2.12587831433287,1.6409167358663057,2.111605385415614,1.641276628430183
3430,902.0,5.0,0.2,1.0,1.826194061842781,1.4521930202308317,1.771037104208477,1.3952631878226083
3431,902.0,5.0,0.2,2.0,1.8561692034799164,1.4922960522542459,1.769470531071002,1.4056924716370915
3432,902.0,5.0,0.2,3.0,1.8227528580803671,1.4424094727252332,1.7329616632013762,1.374705113655778
3433,902.0,5.0,0.2,4.0,1.9090529238214815,1.4879312715333821,1.820934210137139,1.436459754490375
3434,902.0,5.0,0.2,5.0,2.135392036733369,1.6728773060395283,2.027745264314855,1.6093345361914488
3435,902.0,5.0,0.2,6.0,2.064457994868152,1.6002305526649847,1.9848500634623274,1.5431757469919787
3436,902.0,5.0,0.2,7.0,2.242634735206814,1.7347328307503316,2.1953082410716975,1.699328812335579
3437,902.0,5.0,0.225,1.0,1.9378884496832343,1.5426032033004842,1.9021772042930971,1.5036047085738764
3438,902.0,5.0,0.225,2.0,1.858733749894642,1.4882345681127775,1.7657017733634277,1.4097099099120063
3439,902.0,5.0,0.225,3.0,1.9004633055293263,1.5071833516427768,1.7580511331934263,1.3882263356804565
3440,902.0,5.0,0.225,4.0,1.902615051607123,1.4838106245702696,1.844348316627462,1.4301863319833388
3441,902.0,5.0,0.225,5.0,2.016344199541982,1.5493847058122314,1.9391604181329807,1.530253415621286
3442,902.0,5.0,0.225,6.0,2.1558075198955877,1.6535182700500415,2.058661394294446,1.6057292264097822
3443,902.0,5.0,0.225,7.0,2.218394296445165,1.7208607822942898,2.22271928693381,1.702246228059606
3444,902.0,5.0,0.25,1.0,1.9446805332115942,1.548689679201073,1.91767941579614,1.518180407907189
3445,902.0,5.0,0.25,2.0,1.8332499688154016,1.4794950842565373,1.76336545628147,1.3960702395099807
3446,902.0,5.0,0.25,3.0,1.8468560995694685,1.4730879578288678,1.7687921085441103,1.3939821091313493
3447,902.0,5.0,0.25,4.0,2.0071221100535945,1.5635844538452224,1.8731035608561821,1.4652190893726456
3448,902.0,5.0,0.25,5.0,2.1072166932548977,1.6242630329460073,1.9394723984004099,1.516341701044452
3449,902.0,5.0,0.25,6.0,2.1737382431231156,1.6834175197966104,2.127852347874928,1.6728236512113344
3450,902.0,5.0,0.25,7.0,2.2582314852510197,1.7932289606166114,2.1797801286236647,1.6803678633110963
3451,902.0,5.0,0.275,1.0,1.9625966871159997,1.5757554803074383,1.929273998086101,1.535881716114106
3452,902.0,5.0,0.275,2.0,1.7934760121183015,1.4130591908168406,1.7180428382080457,1.351628103632392
3453,902.0,5.0,0.275,3.0,1.898208261316676,1.5178000458493084,1.814547319238801,1.4488094624614212
3454,902.0,5.0,0.275,4.0,2.0830443464341766,1.6318412147952797,1.9637721938630122,1.5545698005481758
3455,902.0,5.0,0.275,5.0,2.1183826509790094,1.6330172096086422,2.0114403910830227,1.568552690861544
3456,902.0,5.0,0.275,6.0,2.314442873725299,1.7925191728269219,2.1721566568823616,1.6945092123973686
3457,902.0,5.0,0.275,7.0,2.423584777178388,1.9061735666531212,2.2888899575144075,1.794921236998207
3458,902.0,5.0,0.3,1.0,1.9109358692951057,1.5269328643161744,1.8953407821074955,1.508271341602849
3459,902.0,5.0,0.3,2.0,1.753849979519415,1.3970658351767287,1.7275406872969852,1.3690239852288852
3460,902.0,5.0,0.3,3.0,1.9313269898066039,1.543069012976093,1.8430525721217352,1.4503358435756295
3461,902.0,5.0,0.3,4.0,2.032721845768074,1.5894118780999007,1.9381060510293084,1.5153714235812545
3462,902.0,5.0,0.3,5.0,2.096651040909377,1.6316300411612252,2.0179433464429275,1.586916049551282
3463,902.0,5.0,0.3,6.0,2.323766119252051,1.7777710534661841,2.218607181652946,1.7338555266540647
3464,902.0,5.0,0.3,7.0,2.3760538664819397,1.8271193421616676,2.313853711455391,1.795376959452981
3465,902.0,6.0,0.05,1.0,2.2641976832457686,1.8373428462062138,2.2220487386769516,1.7688709483531047
3466,902.0,6.0,0.05,2.0,2.105674026287082,1.717602780269571,2.033710192308419,1.6341661239512013
3467,902.0,6.0,0.05,3.0,1.9531479060178332,1.5832338156506254,1.8908255320548633,1.500731743152092
3468,902.0,6.0,0.05,4.0,2.0508483364964825,1.6212329525791478,1.9970041504638771,1.5812748748323633
3469,902.0,6.0,0.05,5.0,2.0373185240815257,1.5834333452351843,1.9930816648642533,1.5408419788612877
3470,902.0,6.0,0.05,6.0,2.0597474610255477,1.5892972362463134,2.059763117904441,1.5998346123463691
3471,902.0,6.0,0.05,7.0,2.187587827074361,1.6662491428378146,2.1132437434227747,1.6143523737152388
3472,902.0,6.0,0.075,1.0,2.282391306884824,1.852057387610891,2.240319650995516,1.7818168058520367
3473,902.0,6.0,0.075,2.0,2.004418114869245,1.6338699255708233,1.9427973042132696,1.560667559582866
3474,902.0,6.0,0.075,3.0,1.9648896301131302,1.5736084041212979,1.8426965636630532,1.450465012610021
3475,902.0,6.0,0.075,4.0,2.0200800787244346,1.593096700110071,1.9122275302622431,1.4814320008352098
3476,902.0,6.0,0.075,5.0,2.0270470005363963,1.564064929137377,1.9165786697997884,1.4860226601878106
3477,902.0,6.0,0.075,6.0,2.1283913468555165,1.6592958540267615,2.093963281572581,1.617882027753765
3478,902.0,6.0,0.075,7.0,2.1861697615021587,1.6616229429901224,2.1440383977099096,1.6174135520691173
3479,902.0,6.0,0.1,1.0,2.3076257395068764,1.8729046882279017,2.2699925060131347,1.805915102294001
3480,902.0,6.0,0.1,2.0,2.0018361541100247,1.6326667925205591,1.9442284630348912,1.5556865969608935
3481,902.0,6.0,0.1,3.0,2.0097552159801095,1.6324125427717868,1.9133078213376218,1.519982688247145
3482,902.0,6.0,0.1,4.0,2.0178132312852837,1.5703591333273983,1.986141091799023,1.557324585190709
3483,902.0,6.0,0.1,5.0,2.043633294974223,1.5952562029352149,1.9866634824891223,1.5276049807806382
3484,902.0,6.0,0.1,6.0,2.1632147631057084,1.6466638375665452,2.09563795369706,1.6235552896409275
3485,902.0,6.0,0.1,7.0,2.221182828024837,1.709909617080401,2.098528361377079,1.6035392473940075
3486,902.0,6.0,0.125,1.0,2.2878534069826717,1.8539544583804448,2.249500716889218,1.788876431153968
3487,902.0,6.0,0.125,2.0,2.0192093618430893,1.6373867201577013,1.9619944735960635,1.5677591768617185
3488,902.0,6.0,0.125,3.0,1.9860090734611273,1.572068708561856,1.8716119397305606,1.4723631231559016
3489,902.0,6.0,0.125,4.0,1.973294934666775,1.558653831692972,1.8906641049495225,1.4868361495090294
3490,902.0,6.0,0.125,5.0,2.087790947298453,1.6211935203546164,2.0426217921423193,1.5829824240761776
3491,902.0,6.0,0.125,6.0,2.192377745986244,1.6704682507711641,2.1362985678105675,1.6734362153810534
3492,902.0,6.0,0.125,7.0,2.2680438142752486,1.7525763843923314,2.2043437768029657,1.7010013786505602
3493,902.0,6.0,0.15,1.0,2.717249606367991,2.205118074394531,2.6738609879524575,2.1455817987662194
3494,902.0,6.0,0.15,2.0,2.056037931067061,1.672971244373838,1.9860946479546555,1.5814087493422535
3495,902.0,6.0,0.15,3.0,2.008052116012476,1.6101473350210471,1.9495259909534508,1.5454489372676607
3496,902.0,6.0,0.15,4.0,2.026209368504144,1.5922178664376538,1.951024273804529,1.5329975841168144
3497,902.0,6.0,0.15,5.0,2.1107076113330643,1.6588710794516732,2.006703370148048,1.5526904084123059
3498,902.0,6.0,0.15,6.0,2.1326515588604993,1.6338284982552707,2.096688850965662,1.6113163654841232
3499,902.0,6.0,0.15,7.0,2.3719609859435185,1.8153412373860656,2.4029779837563368,1.8545865355051963
3500,902.0,6.0,0.175,1.0,2.295033057795622,1.8561598476008823,2.2530231718033544,1.7986690814784332
3501,902.0,6.0,0.175,2.0,1.988773302130072,1.6092542265523286,1.8781990259805115,1.495921504940249
3502,902.0,6.0,0.175,3.0,2.1022067933200606,1.6863865838924026,1.9768022043427729,1.557684347615126
3503,902.0,6.0,0.175,4.0,2.018658570273064,1.5735079184710052,1.9516629808354191,1.5242956747786334
3504,902.0,6.0,0.175,5.0,2.2506719778308657,1.7285387963138847,2.0508433880240844,1.6104594844063318
3505,902.0,6.0,0.175,6.0,2.2044674389255356,1.6736827583353875,2.190319163047089,1.6558087279888862
3506,902.0,6.0,0.175,7.0,2.3424113079746722,1.788498195069353,2.314863635939446,1.8156576241872275
3507,902.0,6.0,0.2,1.0,2.29538736256215,1.8685770944213245,2.2547060732090407,1.7994588894648342
3508,902.0,6.0,0.2,2.0,2.072536320903559,1.6819939083169984,2.0490459684303755,1.6410489062265388
3509,902.0,6.0,0.2,3.0,2.1615420580148075,1.7638564088298945,2.0612409802954996,1.6567158821981904
3510,902.0,6.0,0.2,4.0,2.151253681935367,1.7004331844438605,2.1008101450177703,1.6469200717271404
3511,902.0,6.0,0.2,5.0,2.169150824815884,1.6994096272910977,2.106169354696055,1.6536129050284425
3512,902.0,6.0,0.2,6.0,2.268120209134892,1.7627531735636714,2.2563923548113816,1.7561706655772094
3513,902.0,6.0,0.2,7.0,2.3936464239937645,1.8238997171521296,2.3814342026859867,1.8250733182383978
3514,902.0,6.0,0.225,1.0,2.159335652118485,1.7646029073240839,2.117787746142427,1.6799012756351688
3515,902.0,6.0,0.225,2.0,2.1102328263771355,1.7052593359786088,2.0369755722521696,1.6206046760467017
3516,902.0,6.0,0.225,3.0,2.1203060541633962,1.6885224657993383,2.0467059877986853,1.6136159073895044
3517,902.0,6.0,0.225,4.0,2.0988980853059482,1.6574548309074646,2.0569551946166458,1.6144235404070428
3518,902.0,6.0,0.225,5.0,2.1830296054723606,1.7054263779685788,2.1679500216145144,1.6752938526721959
3519,902.0,6.0,0.225,6.0,2.271837492996213,1.7645187839561667,2.2834220103329077,1.7839034717952977
3520,902.0,6.0,0.225,7.0,2.375932334952488,1.7841026840678633,2.3159869439762475,1.7826868460299716
3521,902.0,6.0,0.25,1.0,2.4014655953179487,1.947439425674895,2.3667037427743094,1.8976457921342038
3522,902.0,6.0,0.25,2.0,2.0463293768094815,1.6711070085835453,1.9916932403512841,1.5966233037405968
3523,902.0,6.0,0.25,3.0,2.148205642417898,1.7214457578559814,2.0233126205313674,1.6055637036713624
3524,902.0,6.0,0.25,4.0,2.007400450775601,1.5842227408467013,1.9075936551923698,1.4914240006839805
3525,902.0,6.0,0.25,5.0,2.200690240971128,1.7345327056045272,2.1697017976850987,1.6821954881933427
3526,902.0,6.0,0.25,6.0,2.3809772242878173,1.82990381027564,2.375274141448538,1.823556423904156
3527,902.0,6.0,0.25,7.0,2.557818599960894,1.9758053766811512,2.5581784732098,1.9429113906823743
3528,902.0,6.0,0.275,1.0,2.246467324573634,1.816143011444818,2.218994154243605,1.760653404940895
3529,902.0,6.0,0.275,2.0,2.070690736392822,1.678443065714605,1.9868067266587541,1.6034154656827582
3530,902.0,6.0,0.275,3.0,2.1305228838605683,1.7042129301480604,2.0539269357976577,1.6344403929088474
3531,902.0,6.0,0.275,4.0,2.1730076096355124,1.7285825080043073,2.1169573843002993,1.6687393818122591
3532,902.0,6.0,0.275,5.0,2.3288924740926626,1.8250285535792377,2.299687770070434,1.7744350413217294
3533,902.0,6.0,0.275,6.0,2.433794227830868,1.88958658841008,2.432833641029722,1.8662214974359057
3534,902.0,6.0,0.275,7.0,2.477323358353999,1.9031605430203982,2.515051276009276,1.8797616998949012
3535,902.0,6.0,0.3,1.0,2.2887859253318363,1.8459440786302805,2.2499651438939545,1.7911587376640112
3536,902.0,6.0,0.3,2.0,1.9353890453910743,1.5632233948617795,1.8737127218269498,1.4899923800677857
3537,902.0,6.0,0.3,3.0,2.1390375848821965,1.6987533024605073,1.975457994725562,1.5441408842843285
3538,902.0,6.0,0.3,4.0,2.3948008255661866,1.8580272817045849,2.246792281770247,1.733493396564044
3539,902.0,6.0,0.3,5.0,2.347720478007714,1.8445374439340572,2.3387308052558597,1.7905198939226434
3540,902.0,6.0,0.3,6.0,2.3711176809323318,1.8509759347255808,2.3863919590195097,1.845284460564113
3541,902.0,6.0,0.3,7.0,2.4004449546348985,1.8517655763006884,2.403363217311238,1.8321361746403884
3542,902.0,7.0,0.05,1.0,3.0215444880556626,2.4636705476924288,2.9323428517883317,2.34581671233514
3543,902.0,7.0,0.05,2.0,2.1913976032637312,1.7482994201520459,2.1149846614779952,1.6658497287975487
3544,902.0,7.0,0.05,3.0,2.2286648473821065,1.7819605771345617,2.1206298481547075,1.67593672556194
3545,902.0,7.0,0.05,4.0,2.1723787838388304,1.6957309545260346,2.0807487052958726,1.6302326319740421
3546,902.0,7.0,0.05,5.0,2.273696511884653,1.7574421713624524,2.1621526819861687,1.6695638744619683
3547,902.0,7.0,0.05,6.0,2.266799925767786,1.704498822233104,2.1419887565019105,1.6369788090309905
3548,902.0,7.0,0.05,7.0,2.2719542698280906,1.7088515035395302,2.1152806285478394,1.6215871647925808
3549,902.0,7.0,0.075,1.0,3.104018735627073,2.5369200727332597,3.005370923149431,2.4044283351284657
3550,902.0,7.0,0.075,2.0,2.305278548285478,1.8471819474409192,2.236508198878926,1.781349450409029
3551,902.0,7.0,0.075,3.0,2.2698624459477266,1.8056052313031272,2.166606323372172,1.7138977029807676
3552,902.0,7.0,0.075,4.0,2.165368056685776,1.6728082178877102,2.0679819424950323,1.59365543221268
3553,902.0,7.0,0.075,5.0,2.1941722540993625,1.6934995191187172,2.094589421421908,1.622281226640389
3554,902.0,7.0,0.075,6.0,2.2770462632452975,1.71824293639397,2.1749426663130746,1.657853287955675
3555,902.0,7.0,0.075,7.0,2.3388468059478402,1.7560516498815189,2.2072370190360457,1.664004689630402
3556,902.0,7.0,0.1,1.0,3.0314110640773055,2.4699855007514175,2.943366504194616,2.3534760989006993
3557,902.0,7.0,0.1,2.0,2.1766007517556085,1.7209963276581377,2.1146527270217392,1.6643095415869227
3558,902.0,7.0,0.1,3.0,2.2984441501569286,1.8436074567281753,2.180123952400787,1.713646529996944
3559,902.0,7.0,0.1,4.0,2.224203193942351,1.732223236916886,2.105803505481178,1.6423730894836113
3560,902.0,7.0,0.1,5.0,2.3312406658384055,1.7859739830584906,2.1531473755883255,1.6788313232562437
3561,902.0,7.0,0.1,6.0,2.324275655402746,1.7485358845560515,2.1629724472948797,1.6477776061192266
3562,902.0,7.0,0.1,7.0,2.382372264572217,1.8006096937303968,2.208727079935671,1.684931908586146
3563,902.0,7.0,0.125,1.0,2.782384079037511,2.2450111406836837,2.7098002104742243,2.1593373319336533
3564,902.0,7.0,0.125,2.0,2.3382817927780475,1.8781270304021478,2.2438563462116967,1.7888888401572274
3565,902.0,7.0,0.125,3.0,2.244500148250411,1.7939887761450373,2.1306734508978353,1.675013576516631
3566,902.0,7.0,0.125,4.0,2.1370946503679713,1.6762800422361925,2.049436353470962,1.5999990711592782
3567,902.0,7.0,0.125,5.0,2.2932625912894666,1.728434642372189,2.1533139234073553,1.6658144567145667
3568,902.0,7.0,0.125,6.0,2.367787234465102,1.812801624419043,2.2145609885825777,1.6838759865398176
3569,902.0,7.0,0.125,7.0,2.4744520366120013,1.8342330610876327,2.3381556587814494,1.7764191743223623
3570,902.0,7.0,0.15,1.0,3.196327150622293,2.6178429901627114,3.0906390795034393,2.47551248582305
3571,902.0,7.0,0.15,2.0,2.219538178069666,1.776527374767313,2.1470840467897174,1.691645089651802
3572,902.0,7.0,0.15,3.0,2.350985536066706,1.904563987917148,2.3228221713110755,1.843283001842311
3573,902.0,7.0,0.15,4.0,2.1676040568663035,1.6895365961283082,2.093185303495936,1.6164545165903337
3574,902.0,7.0,0.15,5.0,2.311324298549379,1.7701761823533184,2.2176846944676454,1.6948810079759729
3575,902.0,7.0,0.15,6.0,2.427948320245725,1.836126911801341,2.2337910159704464,1.7353285616975924
3576,902.0,7.0,0.15,7.0,2.4558873143250057,1.8672786406509925,2.3225242434213866,1.7701906737864583
3577,902.0,7.0,0.175,1.0,2.807342500944463,2.274225211994897,2.7419284859947335,2.193697407041532
3578,902.0,7.0,0.175,2.0,2.1908706254445316,1.7464665882162078,2.117724397393692,1.6720640021179636
3579,902.0,7.0,0.175,3.0,2.2170536356137784,1.7756152544121602,2.1463186397542096,1.6854310831759856
3580,902.0,7.0,0.175,4.0,2.178121631992173,1.6861288240758867,2.064075468843982,1.5928354570736776
3581,902.0,7.0,0.175,5.0,2.476831161503906,1.9399103859712286,2.3055156553757414,1.8059071171868177
3582,902.0,7.0,0.175,6.0,2.381503455606319,1.8037334000715264,2.2718556272791095,1.712667473757185
3583,902.0,7.0,0.175,7.0,2.5987821690975914,1.9606588355459857,2.422575354315166,1.8811813115857048
3584,902.0,7.0,0.2,1.0,3.0605289843742853,2.4917187774790373,2.9656333624206868,2.374150747858345
3585,902.0,7.0,0.2,2.0,2.30689473506673,1.8339719413469031,2.2296595970761723,1.7521471324026712
3586,902.0,7.0,0.2,3.0,2.363351859559477,1.8846046979002467,2.2653443719291717,1.8034996258275084
3587,902.0,7.0,0.2,4.0,2.3074946706249526,1.793639812533204,2.17571435018497,1.7092094826369495
3588,902.0,7.0,0.2,5.0,2.437516112065771,1.8589520344505999,2.388159119163408,1.8052040368336155
3589,902.0,7.0,0.2,6.0,2.441687922662205,1.8592411884478943,2.299559037701356,1.762382022537969
3590,902.0,7.0,0.2,7.0,2.636688644629498,1.9664352901363253,2.4432604804489526,1.8464850967304305
3591,902.0,7.0,0.225,1.0,2.377656768746524,1.9029866892280738,2.2999504580403425,1.8303287003111106
3592,902.0,7.0,0.225,2.0,2.2469103398745323,1.7953370308687622,2.206321504627435,1.7598982274274244
3593,902.0,7.0,0.225,3.0,2.3170158194900337,1.8498454321054476,2.2249007298318566,1.7616892308927103
3594,902.0,7.0,0.225,4.0,2.342123154192885,1.8307331926140182,2.2723044975759783,1.7746310482207668
3595,902.0,7.0,0.225,5.0,2.4414362388903457,1.8828247459137764,2.3861533196598557,1.8074889905216678
3596,902.0,7.0,0.225,6.0,2.4272579187828582,1.8460930675712288,2.3283083532584965,1.8114341267808773
3597,902.0,7.0,0.225,7.0,2.6437681068217733,1.992040804100231,2.495905636293085,1.908823804792491
3598,902.0,7.0,0.25,1.0,2.5905165691106102,2.0913834416896773,2.4954702042119963,1.9923933112156895
3599,902.0,7.0,0.25,2.0,2.182557542875482,1.7202716683145514,2.147069471289829,1.7185954353485964
3600,902.0,7.0,0.25,3.0,2.327488664031421,1.8451399632014318,2.244343439258075,1.7616452956380781
3601,902.0,7.0,0.25,4.0,2.437974789365717,1.9391605927556865,2.4325518606180596,1.8418995651793242
3602,902.0,7.0,0.25,5.0,2.443218169646605,1.9041424217472815,2.388403805561206,1.8006127580619422
3603,902.0,7.0,0.25,6.0,2.701810293276623,2.0862021215249977,2.4985078464990154,1.932873743325902
3604,902.0,7.0,0.25,7.0,2.7768518649712473,2.1091982782656333,2.6238765735007488,1.9738917527931352
3605,902.0,7.0,0.275,1.0,2.5374271428503086,2.036372197892945,2.4439354117093446,1.9299836410317102
3606,902.0,7.0,0.275,2.0,2.252471553766809,1.7913119542585856,2.1656347292891893,1.7067465608261683
3607,902.0,7.0,0.275,3.0,2.2516334125408055,1.783412611954144,2.1539480407097105,1.6827705419414487
3608,902.0,7.0,0.275,4.0,2.3909325411605753,1.8715006657067101,2.3979402589794017,1.8844647534198098
3609,902.0,7.0,0.275,5.0,2.4161502337964555,1.8270194627554905,2.360879998003565,1.8143409607249965
3610,902.0,7.0,0.275,6.0,2.5504513961300175,1.8985132229443116,2.4941863789457273,1.9334814131675597
3611,902.0,7.0,0.275,7.0,2.9322594233729187,2.230257950203227,2.63234353641165,2.0417124673917857
3612,902.0,7.0,0.3,1.0,2.479107734276818,1.979444232149107,2.4335962408907332,1.933614629945693
3613,902.0,7.0,0.3,2.0,2.3219904584824143,1.8168600181871628,2.1608943234792877,1.6964901683408924
3614,902.0,7.0,0.3,3.0,2.3260497504649535,1.8429639382779541,2.2340140214509634,1.753986957621048
3615,902.0,7.0,0.3,4.0,2.4169234921660445,1.880421208067704,2.339793074139501,1.80840749957986
3616,902.0,7.0,0.3,5.0,2.596157387155884,1.9928788943235727,2.4782089653914423,1.8899067805982732
3617,902.0,7.0,0.3,6.0,2.5967801284475898,1.978876270094327,2.6458124978286084,2.0179852298077954
3618,902.0,7.0,0.3,7.0,2.826326722797292,2.144344204066943,2.696367691163047,2.059403946896449
3619,902.0,8.0,0.05,1.0,3.146176560835141,2.5731289687847956,3.0541063000769197,2.4387076112770223
3620,902.0,8.0,0.05,2.0,2.5350003965405654,2.0586578936225246,2.469828521080385,1.9817302032358977
3621,902.0,8.0,0.05,3.0,2.3671737225631513,1.9161548069616678,2.2905666173092087,1.8401088543837865
3622,902.0,8.0,0.05,4.0,2.350900105773507,1.8658161504263124,2.2381876610145053,1.7871491628052025
3623,902.0,8.0,0.05,5.0,2.4294953638735812,1.9308950238419724,2.240245415212758,1.761397770870621
3624,902.0,8.0,0.05,6.0,2.3455206613450654,1.837574524531929,2.1426488261037355,1.6835857071088747
3625,902.0,8.0,0.05,7.0,2.4309041591961953,1.8736341281793671,2.2556027238076535,1.7708680050681895
3626,902.0,8.0,0.075,1.0,2.9798955998766665,2.4186668410753214,2.895564678817036,2.306661899177059
3627,902.0,8.0,0.075,2.0,2.8427289963421805,2.327937744565535,2.7478815534152323,2.2185840469382283
3628,902.0,8.0,0.075,3.0,2.3638861200896883,1.9086805438514955,2.292935837362781,1.836510574573489
3629,902.0,8.0,0.075,4.0,2.4170928519627393,1.9022938676863352,2.2854294483746425,1.8190226373524425
3630,902.0,8.0,0.075,5.0,2.426683125057148,1.9124380216251233,2.2513938569170557,1.7705010066427114
3631,902.0,8.0,0.075,6.0,2.4553264683869642,1.9272973172231638,2.284624165543509,1.8016331255189284
3632,902.0,8.0,0.075,7.0,2.4194989269270257,1.883888390462605,2.28703138677354,1.801149606013167
3633,902.0,8.0,0.1,1.0,2.8104035677220813,2.2652712656215037,2.72960195857368,2.173854700294178
3634,902.0,8.0,0.1,2.0,2.411366276671431,1.938408201597842,2.3471089826724265,1.8681479529527774
3635,902.0,8.0,0.1,3.0,2.4995663695122086,2.03021727159395,2.4597992882342954,1.960948414304554
3636,902.0,8.0,0.1,4.0,2.422655009705039,1.8981139443895967,2.236145358613662,1.7873732364495163
3637,902.0,8.0,0.1,5.0,2.387190243809468,1.884299493167025,2.2823242147937246,1.8197414855980825
3638,902.0,8.0,0.1,6.0,2.356697101845072,1.7738951838763901,2.238993799359196,1.7475741513843237
3639,902.0,8.0,0.1,7.0,2.551964017814011,1.952179467353963,2.399754297256214,1.8882285181248122
3640,902.0,8.0,0.125,1.0,3.0053779182431124,2.4408398749319593,2.921722700384061,2.327290869758638
3641,902.0,8.0,0.125,2.0,2.5242098735197014,2.040884234155979,2.4469865356301153,1.9611254010160168
3642,902.0,8.0,0.125,3.0,2.421900181026086,1.9503598256555235,2.353189407720452,1.8629302587166223
3643,902.0,8.0,0.125,4.0,2.4319714928229774,1.9029845112267199,2.2781601748606266,1.79053011310378
3644,902.0,8.0,0.125,5.0,2.605502932721172,2.0515453512112525,2.3992693876762994,1.899331503691121
3645,902.0,8.0,0.125,6.0,2.5002613939106935,1.92687853751189,2.2425109418961804,1.7727263540898028
3646,902.0,8.0,0.125,7.0,2.5692980891242723,1.9740421717198404,2.348612526361497,1.8190386680788075
3647,902.0,8.0,0.15,1.0,3.1736291110351487,2.594599858654734,3.083380230242545,2.4620661358774045
3648,902.0,8.0,0.15,2.0,2.5021274764148536,2.03427176864307,2.430503003864621,1.949701503978837
3649,902.0,8.0,0.15,3.0,2.505013347034354,2.033036029078489,2.4850547554596316,1.9856645264267077
3650,902.0,8.0,0.15,4.0,2.4548870490591286,1.945473588828754,2.3081911396344355,1.825466791612072
3651,902.0,8.0,0.15,5.0,2.5008023171600757,1.944401104898429,2.303356747742067,1.8219147502812962
3652,902.0,8.0,0.15,6.0,2.4667400406038698,1.9041247624052526,2.4085328088913682,1.8729684397593869
3653,902.0,8.0,0.15,7.0,2.7732205250538935,2.1265256972286823,2.559930264321895,2.0272537813609555
3654,902.0,8.0,0.175,1.0,3.118767343504187,2.5373900182402203,3.0337397219680393,2.418837118852137
3655,902.0,8.0,0.175,2.0,2.362123315543778,1.9003070229599412,2.29513458990105,1.8381627436187828
3656,902.0,8.0,0.175,3.0,2.505298257129263,2.00980522524793,2.4674372372108917,1.9557629882325205
3657,902.0,8.0,0.175,4.0,2.461104298198027,1.9357461995028393,2.3972658085596,1.8979046032692817
3658,902.0,8.0,0.175,5.0,2.686622617754143,2.045051943009171,2.537298808627103,1.9410644227119123
3659,902.0,8.0,0.175,6.0,2.471589436203812,1.8244854655984972,2.2107099882220735,1.6984596641690213
3660,902.0,8.0,0.175,7.0,2.714162926173865,2.1150314559604646,2.619506000855572,2.031558831839532
3661,902.0,8.0,0.2,1.0,3.0363884377811003,2.465586884077642,2.95666713608204,2.355264019894691
3662,902.0,8.0,0.2,2.0,2.5116424407102342,2.025330695581507,2.4508545695980315,1.9500932968231102
3663,902.0,8.0,0.2,3.0,2.4257468654570338,1.9608980411671153,2.3613887553538118,1.8895799187926527
3664,902.0,8.0,0.2,4.0,2.519872390672422,2.0188966688409358,2.487304519016349,1.9042818565038515
3665,902.0,8.0,0.2,5.0,2.411040750549062,1.8710430964887559,2.3762959428233295,1.8321610524595493
3666,902.0,8.0,0.2,6.0,2.5618602691767562,1.9012568712253923,2.3331923904066927,1.8047323895198437
3667,902.0,8.0,0.2,7.0,2.807518309567112,2.1011748215543853,2.620226772691676,2.0041525954855235
3668,902.0,8.0,0.225,1.0,2.964013396438871,2.390734274448612,2.885574222112218,2.299354210229237
3669,902.0,8.0,0.225,2.0,2.475968589566522,1.9922654246053761,2.4336730723039395,1.9385718238685994
3670,902.0,8.0,0.225,3.0,2.5076374438850078,2.0203511594612342,2.5114821922617514,1.9856845906212535
3671,902.0,8.0,0.225,4.0,2.5920945113636567,2.0322369570440855,2.495899034801768,1.950279102509371
3672,902.0,8.0,0.225,5.0,2.539429922259943,2.0019130377544685,2.4676176189877057,1.9431634786544665
3673,902.0,8.0,0.225,6.0,2.7406882170948106,2.085233092298098,2.545847154711663,1.9815175143132575
3674,902.0,8.0,0.225,7.0,2.7779885826246975,2.1487204892403633,2.5654868286041106,2.0108916615882726
3675,902.0,8.0,0.25,1.0,3.4788504112379415,2.88140374486774,3.352658330726307,2.707503073408228
3676,902.0,8.0,0.25,2.0,2.4763653664223337,1.97083402926117,2.4071818484024186,1.913318224659774
3677,902.0,8.0,0.25,3.0,2.5226875922527707,2.046320630669199,2.4503325397302693,1.9713041253350652
3678,902.0,8.0,0.25,4.0,2.5360811167244592,2.0015322059567375,2.4525215867995653,1.926019705013845
3679,902.0,8.0,0.25,5.0,2.6576458645305125,2.06902171705602,2.4907252457401574,1.9177446133512983
3680,902.0,8.0,0.25,6.0,2.788813530548389,2.119225729081973,2.548612723506602,1.9816815568530006
3681,902.0,8.0,0.25,7.0,2.7056574184106728,2.0314755699250475,2.430130415924349,1.9007992322641152
3682,902.0,8.0,0.275,1.0,3.006506109970025,2.4276166875429332,2.9080310685550406,2.3123704327001984
3683,902.0,8.0,0.275,2.0,2.4565596037397093,1.9274189074532069,2.4334833060802836,1.9070911707461227
3684,902.0,8.0,0.275,3.0,2.599052228277719,2.028738399403161,2.4944170798397827,1.9457360540266713
3685,902.0,8.0,0.275,4.0,2.488141040438709,1.9396049784057174,2.401219822189576,1.8616921860781526
3686,902.0,8.0,0.275,5.0,2.753722461939661,2.1296919433862724,2.7655713305236955,2.12987228452758
3687,902.0,8.0,0.275,6.0,2.91735956980766,2.203292028598306,2.743335470806873,2.081616630525573
3688,902.0,8.0,0.275,7.0,2.968386766747387,2.261831292916907,2.7597838531876744,2.105817742371574
3689,902.0,8.0,0.3,1.0,2.835885427010707,2.2635821927045425,2.7658814852687397,2.2079366415358663
3690,902.0,8.0,0.3,2.0,2.760970295889691,2.23608045659628,2.6901717214113456,2.1647578239990417
3691,902.0,8.0,0.3,3.0,2.5472246769089026,2.0482669630208266,2.533701719841313,2.002947883760548
3692,902.0,8.0,0.3,4.0,2.6159862531376183,2.0455839272745133,2.560464237271496,2.008636057209577
3693,902.0,8.0,0.3,5.0,2.992618749656162,2.2777538980038,2.78276310611552,2.1474562225137137
3694,902.0,8.0,0.3,6.0,2.88628026361386,2.1766054963681034,2.659085223730669,2.0296821709661677
3695,902.0,8.0,0.3,7.0,3.0591118865226345,2.31400149065366,2.872338288426678,2.2150722237796527
3696,902.0,9.0,0.05,1.0,3.7532617857040464,3.1373963503953357,3.6719745070730414,2.9886704876321404
3697,902.0,9.0,0.05,2.0,3.2235319868132373,2.653098388867835,3.1464714981692885,2.533887451224501
3698,902.0,9.0,0.05,3.0,2.8758886389023717,2.330073827935057,2.8761617959909738,2.3131387352607082
3699,902.0,9.0,0.05,4.0,2.8506711780554683,2.2978142639650887,2.877261148300875,2.2868790358636533
3700,902.0,9.0,0.05,5.0,2.669998561176195,2.1124501658877697,2.7170912089825436,2.1452837052969143
3701,902.0,9.0,0.05,6.0,2.6985872974743144,2.0587134097811464,2.628895988563757,2.0486981418827135
3702,902.0,9.0,0.05,7.0,2.645306258472434,2.086431970547361,2.566902381431825,2.0133796284911636
3703,902.0,9.0,0.075,1.0,3.7509277378393295,3.135675144077275,3.66447607162746,2.9836516920740506
3704,902.0,9.0,0.075,2.0,2.8922153151160512,2.341344530817222,2.8618651167681914,2.28745268855542
3705,902.0,9.0,0.075,3.0,2.9254695339244816,2.365744084146211,2.89432741818628,2.3287622088388633
3706,902.0,9.0,0.075,4.0,2.848306725353973,2.2824862990823886,2.9141574947080424,2.336763999022415
3707,902.0,9.0,0.075,5.0,2.6457942542969017,2.080908022809932,2.6420312399709753,2.0756738600463365
3708,902.0,9.0,0.075,6.0,2.7419665274736453,2.132907973857907,2.6816265178434477,2.067636772343973
3709,902.0,9.0,0.075,7.0,2.748995501678391,2.1574150037951387,2.6487074800824755,2.0634997235764487
3710,902.0,9.0,0.1,1.0,3.7559255908837494,3.139704799567244,3.663708209917056,2.981947146134358
3711,902.0,9.0,0.1,2.0,3.1713197488131453,2.6048900013875027,3.1066620387574786,2.5035268912199826
3712,902.0,9.0,0.1,3.0,2.940065316536002,2.394462136876871,2.9082602735633962,2.329928619852013
3713,902.0,9.0,0.1,4.0,2.9788211129796727,2.398952356797272,2.921025385030521,2.3417004940895065
3714,902.0,9.0,0.1,5.0,2.6694325675356327,2.1137574205999434,2.7563314705130133,2.1816900612243457
3715,902.0,9.0,0.1,6.0,2.723434081994566,2.0902473563225716,2.7771877440121724,2.104272918222205
3716,902.0,9.0,0.1,7.0,2.8212946640712158,2.163978747948144,2.699919162407189,2.0799154440873915
3717,902.0,9.0,0.125,1.0,3.7566979369190294,3.1430633657133185,3.672333914499735,2.984305619662927
3718,902.0,9.0,0.125,2.0,2.8831058034344337,2.3361840180442868,2.845349936092228,2.286553326748962
3719,902.0,9.0,0.125,3.0,2.910993855177089,2.3442303506573454,2.844428319056626,2.26916164749878
3720,902.0,9.0,0.125,4.0,3.0870222124814517,2.464073328882231,3.055200317546257,2.430687005299014
3721,902.0,9.0,0.125,5.0,2.703482460025565,2.1473539453141877,2.8138969679385846,2.1763411084008912
3722,902.0,9.0,0.125,6.0,2.7691895216534568,2.1413393035064336,2.7638641733940976,2.1166814608030546
3723,902.0,9.0,0.125,7.0,2.884733783069304,2.224354215525363,2.726097379916772,2.1272611052482295
3724,902.0,9.0,0.15,1.0,3.601641509354394,2.990681993451365,3.5258665039967765,2.8500279342206443
3725,902.0,9.0,0.15,2.0,2.870174674164162,2.3193345876346676,2.876120716363217,2.289657864920535
3726,902.0,9.0,0.15,3.0,2.8092426581395906,2.261331205947173,2.879240234894463,2.2733249456653257
3727,902.0,9.0,0.15,4.0,2.848638379626483,2.231543648330651,2.9171181784014437,2.2917859152456734
3728,902.0,9.0,0.15,5.0,2.863265962230589,2.2772753837447044,2.9783313244557226,2.2986714391171046
3729,902.0,9.0,0.15,6.0,2.7613428188291254,2.0733520876718416,2.7093784878398366,2.072223243838306
3730,902.0,9.0,0.15,7.0,2.906598701903751,2.190780432261998,2.7860035157517964,2.109666075267701
3731,902.0,9.0,0.175,1.0,3.7541214333007247,3.1437241634425463,3.6558476050913744,2.9803629585269817
3732,902.0,9.0,0.175,2.0,2.992720636361767,2.441648378623311,2.9790786787228316,2.35950817608561
3733,902.0,9.0,0.175,3.0,2.910202487540517,2.3868461302263895,2.9195159061719274,2.3262915651389604
3734,902.0,9.0,0.175,4.0,2.9891295141602567,2.436185735823996,3.0265098734786626,2.395548940883812
3735,902.0,9.0,0.175,5.0,2.8790856362782433,2.2330562440627872,2.993919434043744,2.3190312524059187
3736,902.0,9.0,0.175,6.0,2.739853713817914,2.1447284564172047,2.890018516602461,2.238691712378309
3737,902.0,9.0,0.175,7.0,2.822810828677797,2.1154949826150897,2.7549709262487267,2.119117959893736
3738,902.0,9.0,0.2,1.0,3.8056394040492667,3.18609933042556,3.702945108907148,3.0107722579987852
3739,902.0,9.0,0.2,2.0,3.2490677670743073,2.653575067398107,3.2175823584964944,2.574686283202468
3740,902.0,9.0,0.2,3.0,3.05837290136864,2.46630578984264,3.0403387109280717,2.425443742902641
3741,902.0,9.0,0.2,4.0,3.000541401935016,2.429159428555974,2.980738436734821,2.3698243120055826
3742,902.0,9.0,0.2,5.0,3.017942762482793,2.3493098338279004,3.071285027868217,2.3518590272885778
3743,902.0,9.0,0.2,6.0,3.0017333561755657,2.3182841141194586,3.06174978267554,2.416088250544646
3744,902.0,9.0,0.2,7.0,3.0156278388950075,2.2837771517849097,2.8615811667131448,2.196588397690284
3745,902.0,9.0,0.225,1.0,3.267771933281575,2.668527048427322,3.2069302740165075,2.567582513694657
3746,902.0,9.0,0.225,2.0,3.0318219605285437,2.4775741480193263,2.978817216074674,2.3791545069103766
3747,902.0,9.0,0.225,3.0,3.0354905869210786,2.4298559198581335,3.056769388513344,2.430844183531607
3748,902.0,9.0,0.225,4.0,2.9148831808281477,2.29618404006339,3.0668494523909273,2.4062272739446344
3749,902.0,9.0,0.225,5.0,2.8629599614579653,2.2432217690809195,3.055748801793426,2.379293532109502
3750,902.0,9.0,0.225,6.0,3.016991539028188,2.316485864544619,3.0689771138295625,2.3540133585100285
3751,902.0,9.0,0.225,7.0,3.005879607828982,2.2324202124891417,2.904244341281325,2.192946114065353
3752,902.0,9.0,0.25,1.0,2.9887272624967585,2.408615330282052,2.950712916398747,2.350984386356946
3753,902.0,9.0,0.25,2.0,2.882918294397943,2.312112271571331,2.865449035770178,2.242308801855328
3754,902.0,9.0,0.25,3.0,3.1561129111231274,2.5351048995879735,3.1665506758229816,2.531064474622246
3755,902.0,9.0,0.25,4.0,3.3872754503328255,2.6928509815720427,3.359444021448604,2.6155878341095793
3756,902.0,9.0,0.25,5.0,2.9435844354537815,2.3143568044137184,2.9713652178608774,2.3300752585147517
3757,902.0,9.0,0.25,6.0,3.0385834134417293,2.2898718886804477,3.0881661271887637,2.3543704615650367
3758,902.0,9.0,0.25,7.0,3.1819860622856857,2.4062056418620195,3.0858987110970335,2.3366059998543913
3759,902.0,9.0,0.275,1.0,3.107401876368674,2.513009039034162,3.0574911054668164,2.4229249710472778
3760,902.0,9.0,0.275,2.0,3.097777774526552,2.505219077068903,3.058448329962331,2.4372895250787536
3761,902.0,9.0,0.275,3.0,3.1541728571913863,2.539597773685811,3.11518403276166,2.4890475970841734
3762,902.0,9.0,0.275,4.0,3.249289781224591,2.5874653757979167,3.3680208224318826,2.635662116962555
3763,902.0,9.0,0.275,5.0,3.378711925422307,2.6003578736577824,3.3911489842221636,2.596046869280108
3764,902.0,9.0,0.275,6.0,3.4972120773735664,2.640488243837238,3.3875905348289637,2.597233927956937
3765,902.0,9.0,0.275,7.0,3.2718555358390105,2.481085774982653,3.1641478919912895,2.4028379936327804
3766,902.0,9.0,0.3,1.0,3.1586855544141033,2.5610196570971993,3.0913896765298907,2.47096739298798
3767,902.0,9.0,0.3,2.0,3.0100370775757943,2.400423010804302,2.9545445271956323,2.3369174558242225
3768,902.0,9.0,0.3,3.0,3.095961766809369,2.4840287925192563,3.095806179211527,2.4452443803159722
3769,902.0,9.0,0.3,4.0,3.142638315907537,2.5211646171342803,3.261807671592981,2.5232131094510013
3770,902.0,9.0,0.3,5.0,3.108939836660247,2.4421777102715403,3.2444811067088053,2.5152342478672387
3771,902.0,9.0,0.3,6.0,3.3237935885357954,2.5464825602101357,3.3073957926121498,2.550966487038473
3772,902.0,9.0,0.3,7.0,3.445343559798829,2.509243725921595,3.301597081768596,2.4176222339495443
3773,902.0,10.0,0.05,1.0,3.819598217371036,3.1609762013366325,3.731614454868223,3.03328515688522
3774,902.0,10.0,0.05,2.0,3.6098207654597982,2.9750648509421342,3.534561451367401,2.8573999288053256
3775,902.0,10.0,0.05,3.0,3.152173794212137,2.5341530280714943,3.1374762276331096,2.521001915553662
3776,902.0,10.0,0.05,4.0,3.0859984399969167,2.461466336891982,3.089324555105083,2.4612368089963077
3777,902.0,10.0,0.05,5.0,3.0605686509170758,2.3748033462837137,3.0828644506212037,2.429038383724354
3778,902.0,10.0,0.05,6.0,2.899060207684907,2.214105730922931,2.8238511196782854,2.154249909057169
3779,902.0,10.0,0.05,7.0,3.055897664278425,2.2865228709007535,2.864137734467699,2.2153405930105556
3780,902.0,10.0,0.075,1.0,3.817721135356252,3.1577681040768244,3.728328071308117,3.036369224280999
3781,902.0,10.0,0.075,2.0,3.6291512998888975,2.9987604822609235,3.5451556955577535,2.859915600316129
3782,902.0,10.0,0.075,3.0,3.1572575912617906,2.544591717317238,3.12266071595077,2.5070215059762084
3783,902.0,10.0,0.075,4.0,3.195902491606297,2.5217693758247552,3.156027285679124,2.50726648226229
3784,902.0,10.0,0.075,5.0,3.041082686440765,2.400669501157053,2.9842791139170397,2.371186106907005
3785,902.0,10.0,0.075,6.0,3.081387782219379,2.355435056608947,2.9522249370445848,2.2719333906345662
3786,902.0,10.0,0.075,7.0,3.1222967532866015,2.357427266361242,2.91672932845265,2.2379726365631627
3787,902.0,10.0,0.1,1.0,3.825388499548813,3.1641333592716925,3.7335208153056474,3.0353346053705463
3788,902.0,10.0,0.1,2.0,3.661125789686408,3.003144087490041,3.571260753768564,2.8756852470016194
3789,902.0,10.0,0.1,3.0,3.1915538199990454,2.577772840622214,3.186925688586033,2.543766378104828
3790,902.0,10.0,0.1,4.0,3.11821258290299,2.474071569784821,3.150481190475403,2.508286991995513
3791,902.0,10.0,0.1,5.0,3.0116092333378592,2.330503011832868,3.029099448116913,2.387183113154901
3792,902.0,10.0,0.1,6.0,3.017397808142359,2.2834777142525975,2.919839747551092,2.2515476669395116
3793,902.0,10.0,0.1,7.0,3.16574881540807,2.3710231686526546,2.94344516011008,2.256726466729253
3794,902.0,10.0,0.125,1.0,3.817142034306652,3.161699098691991,3.7283973606841396,3.021712041413786
3795,902.0,10.0,0.125,2.0,3.583549634645352,2.9465894155403514,3.4947266580008933,2.8098594118710354
3796,902.0,10.0,0.125,3.0,3.1205825784901537,2.5311702024115394,3.084237167384128,2.4449167903827274
3797,902.0,10.0,0.125,4.0,3.1520748871379958,2.4775687280932885,3.131021174612819,2.4577668035721136
3798,902.0,10.0,0.125,5.0,3.123792347785937,2.4771609049209764,3.175426343358905,2.507755480524372
3799,902.0,10.0,0.125,6.0,3.166382559737504,2.4558605045711657,3.0132374876774772,2.347162017087181
3800,902.0,10.0,0.125,7.0,3.1345053154029365,2.3543051677606552,2.996337169164842,2.2778192866080906
3801,902.0,10.0,0.15,1.0,3.8276580503773885,3.169599401771589,3.7290197193989028,3.0359247273527328
3802,902.0,10.0,0.15,2.0,3.8012481470297916,3.1526123952785228,3.710805745746114,2.996000135305637
3803,902.0,10.0,0.15,3.0,3.0746847027665964,2.4582464718921764,3.039070562184863,2.3998970436911797
3804,902.0,10.0,0.15,4.0,3.1939714646405686,2.5580632569386856,3.164511387263432,2.513060346757921
3805,902.0,10.0,0.15,5.0,3.125613644331102,2.4416448769936423,2.9999800584094674,2.3496555035855424
3806,902.0,10.0,0.15,6.0,3.2406080329364295,2.4565198958595214,2.9614017850998677,2.277441356800612
3807,902.0,10.0,0.15,7.0,3.172498037004487,2.2970934616076857,2.9281134720246933,2.2007122305914053
3808,902.0,10.0,0.175,1.0,3.8447905294926787,3.181258479977623,3.762312776390901,3.0520807439498
3809,902.0,10.0,0.175,2.0,3.523295307158023,2.8920561324478733,3.471112486646605,2.767134215707114
3810,902.0,10.0,0.175,3.0,3.359979313600022,2.6927656526191837,3.34008279316462,2.65926220363645
3811,902.0,10.0,0.175,4.0,3.4287431175818677,2.7452526819295033,3.458598569485108,2.762494804555475
3812,902.0,10.0,0.175,5.0,3.3496756700859,2.595512416206284,3.3744435051125587,2.6106159235577304
3813,902.0,10.0,0.175,6.0,3.4787052349419687,2.6625301338756535,3.3830004298443246,2.634566183858017
3814,902.0,10.0,0.175,7.0,3.259737643669138,2.412643447187517,3.031878768166671,2.2781555914376965
3815,902.0,10.0,0.2,1.0,3.864626913552528,3.207273235592541,3.766528992200941,3.0517631209975806
3816,902.0,10.0,0.2,2.0,3.5432197620950436,2.907447706839431,3.4231662540393564,2.7520303842773135
3817,902.0,10.0,0.2,3.0,3.1688478503676096,2.544513490917802,3.1631868200944817,2.4955021742881844
3818,902.0,10.0,0.2,4.0,3.0455506745043976,2.4161681579885346,3.1595831011143583,2.484225771036311
3819,902.0,10.0,0.2,5.0,3.2740426495600996,2.569960407525915,3.168547109064482,2.4783944421694937
3820,902.0,10.0,0.2,6.0,3.474628294465992,2.600859626867208,3.183631334621109,2.402035137239255
3821,902.0,10.0,0.2,7.0,3.2678764999577243,2.3790626520989817,3.2656739794383665,2.3998840010085676
3822,902.0,10.0,0.225,1.0,3.820203507037197,3.1652854206241625,3.7200979963288527,3.017636895037544
3823,902.0,10.0,0.225,2.0,3.665740445977448,2.9513934329869262,3.6268092895697057,2.8989403244744536
3824,902.0,10.0,0.225,3.0,3.447594145599584,2.7976947938483416,3.4162567931220096,2.7175670770856613
3825,902.0,10.0,0.225,4.0,3.48619063749859,2.7479848166788226,3.587763037116749,2.818637448654836
3826,902.0,10.0,0.225,5.0,3.305581053396235,2.529193823204656,3.3318559617222276,2.613327406264204
3827,902.0,10.0,0.225,6.0,3.707379520108464,2.675956706308765,3.2618734310656317,2.51299371941996
3828,902.0,10.0,0.225,7.0,3.5473892539889595,2.626553455087657,3.3451113676125637,2.562618779712435
3829,902.0,10.0,0.25,1.0,3.8992679792743945,3.229185336218272,3.824654506252807,3.0831294589634983
3830,902.0,10.0,0.25,2.0,3.4744107063652665,2.8343623263431605,3.375813472732535,2.689910132393846
3831,902.0,10.0,0.25,3.0,3.2596831795880155,2.607961365420261,3.1720294196094074,2.533102127304043
3832,902.0,10.0,0.25,4.0,3.5063593394181134,2.7172770221949993,3.3984868664159835,2.6755458133227776
3833,902.0,10.0,0.25,5.0,3.6295361546914435,2.784629945369142,3.57297851711161,2.744205415234687
3834,902.0,10.0,0.25,6.0,3.6406797825964157,2.7740372925542762,3.5522739016814144,2.7436243965874083
3835,902.0,10.0,0.25,7.0,3.33122015863812,2.5153207654286116,3.121455641843809,2.4107396871433218
3836,902.0,10.0,0.275,1.0,3.890420974865005,3.2206740033671677,3.8157144193011496,3.077797927015422
3837,902.0,10.0,0.275,2.0,3.3944141482107515,2.7539864678745,3.3361417285623465,2.6661960058589114
3838,902.0,10.0,0.275,3.0,3.468071429468456,2.7643284192078053,3.693054221172016,2.8647936030361674
3839,902.0,10.0,0.275,4.0,3.6349395228125108,2.7907266935938133,3.408460254034824,2.6978891081727046
3840,902.0,10.0,0.275,5.0,3.4764643530099835,2.646379597657817,3.2538499567095784,2.568373710255452
3841,902.0,10.0,0.275,6.0,3.507936060798228,2.572196463665395,3.2273351308465474,2.4953771145602133
3842,902.0,10.0,0.275,7.0,3.667124000842332,2.757019024420179,3.527813123385043,2.6693934032938285
3843,902.0,10.0,0.3,1.0,3.8527053446033985,3.1835855468725205,3.7656393132458867,3.051710754465732
3844,902.0,10.0,0.3,2.0,3.406456471943381,2.721730872244595,3.345224746824112,2.671592200030931
3845,902.0,10.0,0.3,3.0,3.3280393997229036,2.683814263242746,3.3058091911639997,2.620754754092872
3846,902.0,10.0,0.3,4.0,3.7154988324216793,2.8973257814536746,3.6566947399733865,2.831096852175983
3847,902.0,10.0,0.3,5.0,3.7424966927762338,2.854073785792417,3.7425980489016246,2.884458195286054
3848,902.0,10.0,0.3,6.0,3.6600958606201996,2.73244727297485,3.649697959816648,2.6699947108413906
3849,902.0,10.0,0.3,7.0,3.7299874728186,2.806178962651136,3.3917242001233494,2.632919560733725
3850,902.0,11.0,0.05,1.0,3.8817957355220005,3.19676399222912,3.7509006222368853,3.059654090247087
3851,902.0,11.0,0.05,2.0,3.887687055784372,3.1840691978429985,3.78030834796787,3.0713463399950656
3852,902.0,11.0,0.05,3.0,3.6694864832512026,2.9839910660605073,3.6120915251439025,2.9274515551452174
3853,902.0,11.0,0.05,4.0,3.501722391340688,2.8234017046129347,3.3835738787624896,2.7107754993056843
3854,902.0,11.0,0.05,5.0,3.1508276723566206,2.5201393898365625,3.167230656190146,2.5297557864372853
3855,902.0,11.0,0.05,6.0,3.32544877884953,2.59699969946926,3.1576438931137956,2.456906538164066
3856,902.0,11.0,0.05,7.0,3.235480621488453,2.507046302897675,3.2064557477656637,2.4298964547670123
3857,902.0,11.0,0.075,1.0,3.8807191567887145,3.196850910300434,3.7520987463116624,3.0588617874265958
3858,902.0,11.0,0.075,2.0,3.897396850949184,3.1982529031755567,3.7845111215792233,3.0838072662666973
3859,902.0,11.0,0.075,3.0,3.539603557206406,2.8807283656069718,3.4814739003174386,2.8036167041602127
3860,902.0,11.0,0.075,4.0,3.5640102294586646,2.869891346109351,3.4641875160652473,2.7725433284793497
3861,902.0,11.0,0.075,5.0,3.3135834284753285,2.6509857306049027,3.26318100835415,2.6121637674268205
3862,902.0,11.0,0.075,6.0,3.2583995153225183,2.5417421139511,3.117875293693703,2.4394010366520726
3863,902.0,11.0,0.075,7.0,3.2921589291925004,2.518392201092897,3.28172684594517,2.4494415213312157
3864,902.0,11.0,0.1,1.0,3.9060309425813045,3.2180483764433574,3.777875971549785,3.059398659285161
3865,902.0,11.0,0.1,2.0,3.7334932546537836,3.0364307979276015,3.647523123349243,2.9575954941021196
3866,902.0,11.0,0.1,3.0,3.6040114617825285,2.943795703484102,3.5224166849630234,2.8281596203162955
3867,902.0,11.0,0.1,4.0,3.410210168160679,2.720648349105833,3.368048189208087,2.7070221498704115
3868,902.0,11.0,0.1,5.0,3.4328111960031538,2.721971747056571,3.4336147807394455,2.7306487108440907
3869,902.0,11.0,0.1,6.0,3.2553454920795435,2.5026140987991465,3.1063504178693946,2.4121980394599594
3870,902.0,11.0,0.1,7.0,3.2630692207308285,2.487411842672825,3.300894881388312,2.5014772826360785
3871,902.0,11.0,0.125,1.0,3.8898904363631455,3.2043622463251267,3.761308252336255,3.052175211661174
3872,902.0,11.0,0.125,2.0,3.957183624513374,3.244119320200056,3.8492823173160104,3.1133969181777807
3873,902.0,11.0,0.125,3.0,3.784915181287336,3.0763347639826923,3.6501917686823098,2.920530598338239
3874,902.0,11.0,0.125,4.0,3.73783255154331,3.028779614957363,3.6495580980274176,2.9600646786157356
3875,902.0,11.0,0.125,5.0,3.3307516678244338,2.624103388499772,3.3682828951188744,2.631081110907294
3876,902.0,11.0,0.125,6.0,3.4665922409205603,2.7175672627946614,3.324963740835431,2.5974798561347203
3877,902.0,11.0,0.125,7.0,3.341089147186543,2.5795781992398097,3.3537362728319215,2.4910807276877667
3878,902.0,11.0,0.15,1.0,3.900165790016086,3.2150537305763134,3.77278870892299,3.051858048531755
3879,902.0,11.0,0.15,2.0,3.913466129814625,3.2087029766127815,3.8445142225969833,3.116524217260001
3880,902.0,11.0,0.15,3.0,3.7441716639722817,3.0208207119433355,3.687972662958246,2.964417435067968
3881,902.0,11.0,0.15,4.0,3.452077168288447,2.749902390968874,3.376876121859949,2.7028198704914823
3882,902.0,11.0,0.15,5.0,3.4545338550793367,2.7712694656898647,3.300941341157946,2.5975990046967543
3883,902.0,11.0,0.15,6.0,3.527927649292237,2.718641893157157,3.4987751120107715,2.7029827215990108
3884,902.0,11.0,0.15,7.0,3.1955121139906844,2.374651473743553,3.123906438016979,2.3062721079185904
3885,902.0,11.0,0.175,1.0,3.9461139178551843,3.248391834297912,3.8278047982310004,3.0904362910130265
3886,902.0,11.0,0.175,2.0,3.850409650219563,3.166571524584434,3.74576742478371,3.050094027371285
3887,902.0,11.0,0.175,3.0,3.80298030993457,3.099545297212836,3.7183590957762997,2.9687092001373423
3888,902.0,11.0,0.175,4.0,3.7270829823677474,2.981126930660859,3.758572303262874,2.945495441502849
3889,902.0,11.0,0.175,5.0,3.3380376056216496,2.6714162638637653,3.396240415764736,2.6989868155750356
3890,902.0,11.0,0.175,6.0,3.641065440633445,2.7752587305168914,3.5441398520849647,2.678308981295247
3891,902.0,11.0,0.175,7.0,3.4223157994824387,2.5317569365441495,3.3740629904069372,2.4698668504475205
3892,902.0,11.0,0.2,1.0,3.895788976710241,3.210924938878636,3.77522354070349,3.059148048062626
3893,902.0,11.0,0.2,2.0,3.930200193369066,3.217978366351729,3.8547019632736,3.1042664080507185
3894,902.0,11.0,0.2,3.0,3.859938536492104,3.1086542703776856,3.870395442165465,3.0197485290867627
3895,902.0,11.0,0.2,4.0,3.64887003079183,2.955527769220941,3.646838177796382,2.920415290806752
3896,902.0,11.0,0.2,5.0,3.695764973605205,2.920612586912471,3.6071746843862926,2.882676342821641
3897,902.0,11.0,0.2,6.0,3.2265282576330887,2.5256247467818658,3.3682329312864723,2.612164468297819
3898,902.0,11.0,0.2,7.0,3.620314001969055,2.7098823041215767,3.6850445216225136,2.641286111286056
3899,902.0,11.0,0.225,1.0,3.8964436702177765,3.214336801168869,3.777247631287907,3.0574812773671356
3900,902.0,11.0,0.225,2.0,4.008888414547034,3.291553699938348,3.921446967599294,3.165161686824099
3901,902.0,11.0,0.225,3.0,3.881809604219556,3.1471559650638645,3.7840016371745184,2.9765280453670986
3902,902.0,11.0,0.225,4.0,3.679102655901565,2.9569994194197577,3.566644350700278,2.821797212198837
3903,902.0,11.0,0.225,5.0,4.011726161740553,3.1371712794218265,3.770156367958564,2.963974334772813
3904,902.0,11.0,0.225,6.0,3.586437048259904,2.7855593172259456,3.49800705916019,2.6982730198589313
3905,902.0,11.0,0.225,7.0,3.6138639128245433,2.6572369492179364,3.639141790043595,2.610231370383337
3906,902.0,11.0,0.25,1.0,3.9296646153822397,3.2390102336395223,3.8203052211578585,3.084452761866036
3907,902.0,11.0,0.25,2.0,3.959420189783324,3.2590797322748966,3.8111613950043095,3.1039445743441703
3908,902.0,11.0,0.25,3.0,3.667474370207092,2.944529806182344,3.5378225567483366,2.847647819405245
3909,902.0,11.0,0.25,4.0,3.9654294991873584,3.1666978639952394,3.839496397271781,3.046010269224428
3910,902.0,11.0,0.25,5.0,3.778069124764132,2.8939283254643495,3.520860050193617,2.763051875717573
3911,902.0,11.0,0.25,6.0,3.490998916592617,2.7733016780959643,3.4360515359400092,2.699022571141819
3912,902.0,11.0,0.25,7.0,3.638458533549381,2.7639379256665424,3.7337628571208983,2.8056618678557443
3913,902.0,11.0,0.275,1.0,3.9335133429345848,3.247139512517886,3.8153014929313804,3.0748705018611355
3914,902.0,11.0,0.275,2.0,3.6652463462898743,2.9719465945857992,3.558597719930352,2.858575516315971
3915,902.0,11.0,0.275,3.0,3.8063015173345254,3.0535715832768577,3.8664157507403893,3.0629261660504707
3916,902.0,11.0,0.275,4.0,3.6201809204731785,2.8596183623975087,3.421498605205094,2.6864169141044303
3917,902.0,11.0,0.275,5.0,3.821799294954819,2.946708326003154,3.758569373688832,2.944392137562577
3918,902.0,11.0,0.275,6.0,3.9301784164972595,2.9723903492249453,3.9211904967522457,3.0132062586350905
3919,902.0,11.0,0.275,7.0,3.590303207431547,2.6256101264148994,3.614424253769927,2.5661884637251444
3920,902.0,11.0,0.3,1.0,3.873514520039731,3.1888890111755352,3.756308350981111,3.06292863011128
3921,902.0,11.0,0.3,2.0,3.5538748153421653,2.897329505778966,3.481352694282013,2.784392230864335
3922,902.0,11.0,0.3,3.0,3.930624892401911,3.106563708869152,3.906756159845912,3.060655432976306
3923,902.0,11.0,0.3,4.0,4.330981128291931,3.4616748338713803,4.239895985253768,3.4544254637272362
3924,902.0,11.0,0.3,5.0,3.938068729707712,3.089924837010548,3.7243681819541865,2.9244995391686026
3925,902.0,11.0,0.3,6.0,3.8364423578005913,2.9848635789158817,3.710391464448165,2.8612000727131766
3926,902.0,11.0,0.3,7.0,3.8611681825232105,3.001904579134793,3.922050922432405,2.8695700590103086
3927,902.0,12.0,0.05,1.0,3.9733848893862675,3.249316885844609,3.820223779232784,3.1114235963669485
3928,902.0,12.0,0.05,2.0,4.024803622559042,3.282970619197793,3.8508878229420533,3.136237305892168
3929,902.0,12.0,0.05,3.0,4.078647219265308,3.3391992093974676,3.955434375764199,3.1973745347741898
3930,902.0,12.0,0.05,4.0,3.8011201797258627,3.0984914522355043,3.643782334857946,2.932997023458887
3931,902.0,12.0,0.05,5.0,3.598739666346954,2.869199569338004,3.4321898135811533,2.7593481724997666
3932,902.0,12.0,0.05,6.0,3.869325448147369,2.9883121489547695,3.717654619531198,2.8745039260930625
3933,902.0,12.0,0.05,7.0,3.520465031184993,2.735963690777248,3.271588491006459,2.478791694147761
3934,902.0,12.0,0.075,1.0,3.9784594689231714,3.250898875621111,3.8262554107009965,3.1119896675771694
3935,902.0,12.0,0.075,2.0,4.053690653107204,3.3135342578724822,3.8716044003323624,3.1323424805324622
3936,902.0,12.0,0.075,3.0,4.058041161331079,3.3317798965437198,3.9124872024572275,3.1733895832531562
3937,902.0,12.0,0.075,4.0,3.825527955352145,3.102054393669281,3.6747238661662904,2.9542782553192826
3938,902.0,12.0,0.075,5.0,3.968194263579703,3.1568959770725553,3.694020524479681,2.949996569708308
3939,902.0,12.0,0.075,6.0,3.733704786310849,2.898195423838873,3.5754890800405414,2.769461178068947
3940,902.0,12.0,0.075,7.0,3.42433116899712,2.5818872001581976,3.3098272345108843,2.432948346666745
3941,902.0,12.0,0.1,1.0,4.007102978727969,3.2739706772117088,3.850819550081575,3.1192305970892176
3942,902.0,12.0,0.1,2.0,3.9477296018175205,3.235460303822928,3.8003105953344463,3.0936021879537923
3943,902.0,12.0,0.1,3.0,3.970193488074596,3.2128655459874773,3.858137208772065,3.1126121582604007
3944,902.0,12.0,0.1,4.0,4.0302237379566,3.251419182071976,3.7814716889926525,3.037123466432888
3945,902.0,12.0,0.1,5.0,3.7715464130424667,2.9761336496152735,3.521266409283804,2.8188082162824903
3946,902.0,12.0,0.1,6.0,3.752663899283389,2.915885849773733,3.581550888188026,2.765566200977519
3947,902.0,12.0,0.1,7.0,3.3916167901732974,2.534841049551122,3.3444205390196675,2.453701180492215
3948,902.0,12.0,0.125,1.0,4.002732355129796,3.2670419218868973,3.851902941071467,3.1242422562184555
3949,902.0,12.0,0.125,2.0,4.073485371321634,3.319822809202498,3.9383533069669996,3.1723519274132688
3950,902.0,12.0,0.125,3.0,3.9203035031014455,3.1936078325201023,3.741039169182568,3.000420748820904
3951,902.0,12.0,0.125,4.0,3.7835285223742687,3.050303461718845,3.6428321793412533,2.9395906117402975
3952,902.0,12.0,0.125,5.0,3.6803838866006284,2.96293848981953,3.5956524788455932,2.9050660030960307
3953,902.0,12.0,0.125,6.0,3.8419514548286866,2.9320768568101356,3.661201189386113,2.8168485947512174
3954,902.0,12.0,0.125,7.0,3.6266463087875853,2.798056700382112,3.433658300302343,2.6386449885956518
3955,902.0,12.0,0.15,1.0,3.9345764958210476,3.222969963466126,3.7753035514119104,3.06266098657981
3956,902.0,12.0,0.15,2.0,4.089710073163623,3.323472006414989,3.9030295164264692,3.1430292279471823
3957,902.0,12.0,0.15,3.0,4.100804255461623,3.3548887774797502,3.920542682193091,3.1549674485101553
3958,902.0,12.0,0.15,4.0,4.038401090868908,3.259415792030406,3.9398865349397942,3.1552922652909
3959,902.0,12.0,0.15,5.0,3.8924124398519173,3.0987842605947433,3.7030595603094323,2.9951881676142613
3960,902.0,12.0,0.15,6.0,3.9031689039580826,3.020296185087953,3.73408931736839,2.89249445727685
3961,902.0,12.0,0.15,7.0,3.645193365803071,2.7905289605699486,3.5148967454050535,2.678845078734878
3962,902.0,12.0,0.175,1.0,3.9991231113614223,3.2657131311837775,3.84680142057764,3.115611395481908
3963,902.0,12.0,0.175,2.0,4.038654279712382,3.2997529810915434,3.855191847765005,3.12833072892351
3964,902.0,12.0,0.175,3.0,4.070694006594934,3.3324575142502817,3.955486686151511,3.1772031347630714
3965,902.0,12.0,0.175,4.0,3.990312900246645,3.1843693272159435,3.7661668851298127,3.0287296767155776
3966,902.0,12.0,0.175,5.0,4.030034573596695,3.189291015031926,3.816511903170382,3.031110323582456
3967,902.0,12.0,0.175,6.0,4.020971076024563,3.051155570381038,3.839116631319202,3.006567262092173
3968,902.0,12.0,0.175,7.0,3.9870022871258457,3.0988523005655506,3.870116745961356,2.933014594378156
3969,902.0,12.0,0.2,1.0,3.9997264827225987,3.268145373282546,3.8433003446729668,3.1183753064912794
3970,902.0,12.0,0.2,2.0,4.029868663160451,3.2995262714016507,3.8356012033580225,3.1245747236255976
3971,902.0,12.0,0.2,3.0,4.082613943863761,3.344388343774197,3.975808761591511,3.184747995915019
3972,902.0,12.0,0.2,4.0,4.006196453470259,3.2534512070199826,3.9657608791464685,3.2117185313920884
3973,902.0,12.0,0.2,5.0,4.313249663142027,3.4213331100608584,4.215686457208337,3.320108438278933
3974,902.0,12.0,0.2,6.0,4.076589492759695,3.1718954135288597,3.979697166450534,3.117604115632392
3975,902.0,12.0,0.2,7.0,3.677012566163243,2.8202697815902042,3.5304877456499715,2.735888847109944
3976,902.0,12.0,0.225,1.0,3.978825306752942,3.260894041871962,3.8192024494005006,3.092391674220144
3977,902.0,12.0,0.225,2.0,4.123114787925957,3.380364138608282,3.9315472743065896,3.1915887694124256
3978,902.0,12.0,0.225,3.0,3.8725158832004944,3.128446814327566,3.654979079758709,2.9195454255085695
3979,902.0,12.0,0.225,4.0,3.945271354494498,3.161090857825693,3.7769833304309683,3.001811922979963
3980,902.0,12.0,0.225,5.0,4.2904348215923624,3.4040729897848188,4.186675235820049,3.2900992545931387
3981,902.0,12.0,0.225,6.0,3.778185164508737,2.9909451417029147,3.736268682188059,2.8924094838762304
3982,902.0,12.0,0.225,7.0,3.8112880840251417,2.9029673166891254,3.881006559655462,2.8899523220685404
3983,902.0,12.0,0.25,1.0,4.030996710079344,3.289115496896771,3.8683171282409554,3.139520418085258
3984,902.0,12.0,0.25,2.0,4.22244471434132,3.43766993911631,4.082717921256622,3.294483256521683
3985,902.0,12.0,0.25,3.0,4.236428048124271,3.4862326266052053,4.095500030200852,3.300058004022413
3986,902.0,12.0,0.25,4.0,4.098996347469964,3.2824948428588803,3.95256060133992,3.176489507719182
3987,902.0,12.0,0.25,5.0,4.245684385943843,3.3484724316843137,4.174538964535503,3.29657904160074
3988,902.0,12.0,0.25,6.0,3.9018462376873613,2.9694907458309188,3.6735216191812614,2.8424343902866194
3989,902.0,12.0,0.25,7.0,4.1290794279925915,3.148722004062108,3.9536759196626003,3.009988865082655
3990,902.0,12.0,0.275,1.0,4.060246628606232,3.3073446583039985,3.9024385288984216,3.163011715211724
3991,902.0,12.0,0.275,2.0,4.212730407874707,3.4381701146123147,4.055911606642246,3.2734644958587316
3992,902.0,12.0,0.275,3.0,4.486377903997696,3.6286847569895233,4.346310996435874,3.467163916262978
3993,902.0,12.0,0.275,4.0,4.8155611515307895,3.786249992992125,4.7206493435634265,3.731087037332352
3994,902.0,12.0,0.275,5.0,4.62285064821737,3.561238880987299,4.403771867289696,3.4848385540524407
3995,902.0,12.0,0.275,6.0,3.8883667692091253,3.009134466872242,3.895466655706455,2.957686404278717
3996,902.0,12.0,0.275,7.0,4.2036924832791955,3.16957153518314,3.9952041542270114,2.995643253518522
3997,902.0,12.0,0.3,1.0,4.016744217173284,3.2632500913183806,3.859662330343328,3.136539300216086
3998,902.0,12.0,0.3,2.0,4.130606537625551,3.377359853247259,3.9181459626121886,3.1719219138519703
3999,902.0,12.0,0.3,3.0,4.43894701040441,3.591010650285401,4.235454610907988,3.364152094026973
4000,902.0,12.0,0.3,4.0,4.312587854317667,3.404768579134161,4.263808982102356,3.4151049236946935
4001,902.0,12.0,0.3,5.0,4.674029373762118,3.610758708251119,4.530667202361401,3.5555582542562734
4002,902.0,12.0,0.3,6.0,4.237845623762131,3.174403498707136,4.222787573671636,3.1109846870433615
4003,902.0,12.0,0.3,7.0,3.9448817904270594,2.876515093818293,3.8581581853654145,2.7750642290002006
4004,902.0,13.0,0.05,1.0,4.114062006313547,3.329983333981184,3.9655187152187885,3.2202039198155634
4005,902.0,13.0,0.05,2.0,4.1021592940209395,3.345090783480352,3.910108100722315,3.181269703535739
4006,902.0,13.0,0.05,3.0,4.1880164748206345,3.4050093758647306,4.060599714575706,3.2843955171476886
4007,902.0,13.0,0.05,4.0,4.113135831030423,3.3437844032772173,4.0051985202408975,3.2284617954742396
4008,902.0,13.0,0.05,5.0,4.122924896589334,3.2718309961391028,3.9547807075725814,3.1400623947589663
4009,902.0,13.0,0.05,6.0,4.0454207607678905,3.0973844072809915,3.9390572332278375,2.9638760713794636
4010,902.0,13.0,0.05,7.0,4.261677485383205,3.2256963739239484,4.100722653470111,3.072999792381027
4011,902.0,13.0,0.075,1.0,4.152669183470468,3.358623050302609,4.007223543710222,3.257009711929376
4012,902.0,13.0,0.075,2.0,4.168603046876164,3.3881173911806512,3.98500434652757,3.2067783403577472
4013,902.0,13.0,0.075,3.0,4.1882032903263084,3.416148737055572,4.013833391162052,3.2325790123969274
4014,902.0,13.0,0.075,4.0,4.1969093775773505,3.425467917022479,4.105874634223729,3.2889889770717855
4015,902.0,13.0,0.075,5.0,4.160942572917783,3.3150029262599645,3.929876509574231,3.103214411061604
4016,902.0,13.0,0.075,6.0,4.311951124735722,3.284061983525412,4.21887965019774,3.0955019026716326
4017,902.0,13.0,0.075,7.0,3.846155764771172,2.884694288499482,3.762953457210081,2.8230054813027574
4018,902.0,13.0,0.1,1.0,4.123135899418105,3.339139741359404,3.972813655686212,3.2294203968294504
4019,902.0,13.0,0.1,2.0,4.221627582820424,3.4223267558864756,4.0585223814885545,3.2497464064033053
4020,902.0,13.0,0.1,3.0,4.272533033840206,3.450449772203029,4.100329201434466,3.318524408909365
4021,902.0,13.0,0.1,4.0,4.205896499523293,3.3838145224038634,4.068649923962557,3.2347111176520675
4022,902.0,13.0,0.1,5.0,4.161310674296561,3.3111275700438827,4.069455842566411,3.241998298526478
4023,902.0,13.0,0.1,6.0,4.222868612245639,3.227123579685642,4.090616472560273,3.0208503838563194
4024,902.0,13.0,0.1,7.0,4.0426728549038815,3.063163833438563,3.9554172449724225,2.8917640466458954
4025,902.0,13.0,0.125,1.0,4.1547778533511375,3.357384128291739,4.004678227616615,3.2491697330783005
4026,902.0,13.0,0.125,2.0,4.198499588668183,3.412073479359113,4.0139821762170325,3.24458623133015
4027,902.0,13.0,0.125,3.0,4.2994437634560745,3.5105729339150815,4.176969490200264,3.3626765097589595
4028,902.0,13.0,0.125,4.0,4.247564716565983,3.4296595034115267,4.120926135236865,3.3216912350383354
4029,902.0,13.0,0.125,5.0,4.397448603512821,3.541286332710304,4.185614790334217,3.3521132361016917
4030,902.0,13.0,0.125,6.0,4.343410575566836,3.3153991375468514,4.286155028724576,3.225768379379016
4031,902.0,13.0,0.125,7.0,3.822288253806339,2.896908533723118,3.817178745932252,2.878470260134277
4032,902.0,13.0,0.15,1.0,4.10113554880281,3.323118082869524,3.9411362016124696,3.200557877555156
4033,902.0,13.0,0.15,2.0,4.1916947810380085,3.4091688931430117,4.0039270211700115,3.2330961410000767
4034,902.0,13.0,0.15,3.0,4.420214596677824,3.574226097660982,4.259362618564301,3.423388948531924
4035,902.0,13.0,0.15,4.0,4.2956339099785446,3.4252300876436275,4.131230586190511,3.314384075490972
4036,902.0,13.0,0.15,5.0,4.333633426239047,3.4722389313198065,4.272357885823801,3.4088778938594024
4037,902.0,13.0,0.15,6.0,3.918054988401432,3.0503167350984888,3.8432796370546067,2.964347225745907
4038,902.0,13.0,0.15,7.0,4.036246001087822,2.9563933814350216,3.952821719958498,2.8743740851711035
4039,902.0,13.0,0.175,1.0,4.100673915415038,3.315156575500381,3.9435449220405565,3.2001553023418166
4040,902.0,13.0,0.175,2.0,4.23082995878623,3.41547018338601,4.076946174638808,3.260344796900618
4041,902.0,13.0,0.175,3.0,4.340797503245333,3.5064896516355923,4.2690856904909795,3.3333290936529543
4042,902.0,13.0,0.175,4.0,4.431171432019319,3.574869242705718,4.2533527617944555,3.4067615695838005
4043,902.0,13.0,0.175,5.0,4.474332161357569,3.526417544757074,4.159761796346464,3.286896946360297
4044,902.0,13.0,0.175,6.0,4.365936416266734,3.3708934432120823,4.061142097662802,3.1684400084845588
4045,902.0,13.0,0.175,7.0,4.372790959482091,3.203160718973021,4.428714401056159,3.055477670036342
4046,902.0,13.0,0.2,1.0,4.169523717445779,3.3657199352330163,4.007438614420579,3.2573944285740546
4047,902.0,13.0,0.2,2.0,4.195111082070606,3.402631020322229,4.023851993879744,3.2222254539834734
4048,902.0,13.0,0.2,3.0,4.57832590670354,3.6797623719862482,4.318383156901106,3.4477051143812902
4049,902.0,13.0,0.2,4.0,4.51383413515486,3.6323428181700703,4.586177512355927,3.6843945387827772
4050,902.0,13.0,0.2,5.0,4.583934756887451,3.6436731429440874,4.3252713381925005,3.4601042700700546
4051,902.0,13.0,0.2,6.0,4.268521340349684,3.3517724992138884,4.084888362327417,3.1735376246506775
4052,902.0,13.0,0.2,7.0,4.245460691669429,3.1001120430085325,4.436201070888286,3.1061030141959405
4053,902.0,13.0,0.225,1.0,4.119850416167696,3.3482758969748647,3.972038088574222,3.216046232565638
4054,902.0,13.0,0.225,2.0,4.254758799484439,3.436200981701802,4.040026521634173,3.286305632697569
4055,902.0,13.0,0.225,3.0,4.3685098602722325,3.559182908604453,4.154526437424727,3.355462491935323
4056,902.0,13.0,0.225,4.0,4.729176101807534,3.725281278402734,4.5530037008096675,3.595236147614936
4057,902.0,13.0,0.225,5.0,4.9196535371884735,3.8923293769650433,4.7088884719547055,3.746563697044448
4058,902.0,13.0,0.225,6.0,4.756324920225078,3.6015575675259313,4.5619438330314175,3.4053555323706735
4059,902.0,13.0,0.225,7.0,4.522557785134983,3.274513409584398,4.204793221533001,3.028784911734837
4060,902.0,13.0,0.25,1.0,4.164947189326789,3.3686472896884543,4.000763197528932,3.2486235804643915
4061,902.0,13.0,0.25,2.0,4.332786308316802,3.493825391190859,4.143899745036621,3.298808320370473
4062,902.0,13.0,0.25,3.0,4.586433156222772,3.708374535938697,4.593838060567147,3.6272627564385975
4063,902.0,13.0,0.25,4.0,4.6413209896806125,3.688414247506349,4.356717091444574,3.5077648288714363
4064,902.0,13.0,0.25,5.0,4.947707963013543,3.8665891754876163,4.898938269158797,3.8860954438696456
4065,902.0,13.0,0.25,6.0,4.580565223779359,3.4595375706071474,4.618311512190673,3.460695095279405
4066,902.0,13.0,0.25,7.0,4.124870325217907,3.091955918353089,4.106686269794136,3.0021890719643767
4067,902.0,13.0,0.275,1.0,4.069996224208223,3.2989956601476007,3.9070763184885555,3.166174974903088
4068,902.0,13.0,0.275,2.0,4.255593120981408,3.45874243063588,4.109247009284385,3.3069608718343573
4069,902.0,13.0,0.275,3.0,4.579390279205784,3.6997928961521067,4.516230172912581,3.5389111711987207
4070,902.0,13.0,0.275,4.0,4.914981688563894,3.889618607951939,4.720859696216331,3.732154802995881
4071,902.0,13.0,0.275,5.0,4.955123936146277,3.8598740480207363,4.710124589016099,3.706046367303639
4072,902.0,13.0,0.275,6.0,4.74526940604093,3.5308913266304827,4.666663206452297,3.449714960661573
4073,902.0,13.0,0.275,7.0,4.465561390016639,3.308739212809013,4.650288254660361,3.3767038396800664
4074,902.0,13.0,0.3,1.0,4.1967557719182835,3.4097773014753154,4.035605516691011,3.2719019663723885
4075,902.0,13.0,0.3,2.0,4.533697156673963,3.6301299937271807,4.3013976815389565,3.393773036639034
4076,902.0,13.0,0.3,3.0,4.852555723988386,3.8713759871346416,4.517497511271883,3.609430487261355
4077,902.0,13.0,0.3,4.0,5.297129855658486,4.21712410812261,5.081972687391709,4.0702241053584975
4078,902.0,13.0,0.3,5.0,5.493014021796738,4.287959551000986,5.254939042750814,4.117376511884884
4079,902.0,13.0,0.3,6.0,4.946876232893079,3.6799745404492605,4.990618551450271,3.613771081063591
4080,902.0,13.0,0.3,7.0,4.956494409601467,3.684642681963167,5.072540450814641,3.57441451814475
4081,902.0,14.0,0.05,1.0,4.397080953256225,3.521735421336904,4.285736469360875,3.4802529184302684
4082,902.0,14.0,0.05,2.0,4.629687593166033,3.6847151289839704,4.576854960374185,3.658068488143867
4083,902.0,14.0,0.05,3.0,4.482523652265679,3.5861441566866166,4.300099945139694,3.465856594215559
4084,902.0,14.0,0.05,4.0,4.65214593383864,3.755037758318156,4.366516491632121,3.4697959242771934
4085,902.0,14.0,0.05,5.0,4.650370941090173,3.720528364597687,4.475255241876739,3.565856723311992
4086,902.0,14.0,0.05,6.0,4.536186745909184,3.5038018549429104,4.206819215487263,3.266383608147817
4087,902.0,14.0,0.05,7.0,3.956149067564409,2.8434870046917857,3.631735834093608,2.6481134910214195
4088,902.0,14.0,0.075,1.0,4.405673235024194,3.5177313139799096,4.30421368959758,3.4848368474679403
4089,902.0,14.0,0.075,2.0,4.624903791503283,3.68320936458087,4.522923505890875,3.634262132261799
4090,902.0,14.0,0.075,3.0,4.630145458345222,3.664316385606166,4.456372671892733,3.559488855423053
4091,902.0,14.0,0.075,4.0,4.578591835430565,3.6669783302796413,4.38989410313056,3.5150525471852285
4092,902.0,14.0,0.075,5.0,4.723804939999736,3.767717454500799,4.5512814030423465,3.6402568704237837
4093,902.0,14.0,0.075,6.0,4.84034557329708,3.715352787914549,4.4593055674980535,3.482062600741668
4094,902.0,14.0,0.075,7.0,4.173968262370224,2.9810968969940435,3.7863339574663777,2.7568783443040004
4095,902.0,14.0,0.1,1.0,4.4107010438966405,3.536096495591961,4.292054759963792,3.482170008890707
4096,902.0,14.0,0.1,2.0,4.658756383875821,3.6722318389970363,4.6176077518848215,3.6422453039376106
4097,902.0,14.0,0.1,3.0,4.5230030784391735,3.646825364699038,4.378933994293942,3.5162501274699496
4098,902.0,14.0,0.1,4.0,4.774317741522414,3.8377003097299704,4.489474955816669,3.592986677358734
4099,902.0,14.0,0.1,5.0,4.6974361839075325,3.733727793425991,4.518140944483106,3.575830523922658
4100,902.0,14.0,0.1,6.0,4.802929045762021,3.682693471364731,4.446751868049427,3.4054673115288514
4101,902.0,14.0,0.1,7.0,4.461577936193241,3.133504533628584,3.983525179051889,2.8482486206635103
4102,902.0,14.0,0.125,1.0,4.457613761101134,3.574557543942346,4.34465014237875,3.5271101450514437
4103,902.0,14.0,0.125,2.0,4.720653365851485,3.73065095637584,4.640330475649653,3.685498522442564
4104,902.0,14.0,0.125,3.0,4.441047459201128,3.549174833942666,4.2240329715295735,3.369573436779271
4105,902.0,14.0,0.125,4.0,5.0207035141794645,4.042195258926262,4.635720879701994,3.706518374652923
4106,902.0,14.0,0.125,5.0,5.042100474071909,3.942828057808919,4.8409346370312685,3.7633330104922917
4107,902.0,14.0,0.125,6.0,4.743606761608109,3.6598974817086414,4.441538793584276,3.4030440037964773
4108,902.0,14.0,0.125,7.0,4.73714717329896,3.3958735580054924,4.184544105965134,3.0694567760866143
4109,902.0,14.0,0.15,1.0,4.391090731282184,3.493289970302786,4.274623069863916,3.4403747211763474
4110,902.0,14.0,0.15,2.0,4.781607685294656,3.7845599098531593,4.699306297290312,3.6926368598591184
4111,902.0,14.0,0.15,3.0,4.916273265237182,3.9089770280053124,4.656117750853105,3.749693034492788
4112,902.0,14.0,0.15,4.0,4.928249380882128,3.879593002686778,4.698418134355506,3.6958836034788374
4113,902.0,14.0,0.15,5.0,5.076161869902296,3.9710159858608343,5.04669454434573,3.904891223265955
4114,902.0,14.0,0.15,6.0,5.028218964574907,3.7627407652571057,4.74319621070955,3.476795572344704
4115,902.0,14.0,0.15,7.0,4.228093587739784,3.1178717507472804,3.6948747125496606,2.750374928887969
4116,902.0,14.0,0.175,1.0,4.307075788973752,3.4417144525031813,4.170594989960005,3.3706936113700934
4117,902.0,14.0,0.175,2.0,4.474418673639581,3.569037038769838,4.263750453215342,3.4081991743056896
4118,902.0,14.0,0.175,3.0,4.770439385215072,3.737359279883332,4.52350358593447,3.5776180773035886
4119,902.0,14.0,0.175,4.0,4.757952270493704,3.748068830614805,4.418906751549266,3.479070672726921
4120,902.0,14.0,0.175,5.0,5.281553490934879,4.020503825094726,5.072078263344994,3.933722810983758
4121,902.0,14.0,0.175,6.0,4.785499178951903,3.7278266039096413,4.459083250054506,3.4846459396893734
4122,902.0,14.0,0.175,7.0,4.320642510088771,3.2155758620213657,4.180084561782721,3.0408971818277215
4123,902.0,14.0,0.2,1.0,4.398978139996708,3.5169997073000028,4.264945715991916,3.4624629730704988
4124,902.0,14.0,0.2,2.0,4.556414221457964,3.5836296596103208,4.538495622628627,3.492880867514671
4125,902.0,14.0,0.2,3.0,4.982194661100152,3.9247632076875547,4.757097386908143,3.775538397936478
4126,902.0,14.0,0.2,4.0,5.179735306701078,4.09389605047757,4.853141374730177,3.8013629934507933
4127,902.0,14.0,0.2,5.0,5.234030895213105,3.971244318473683,5.21487849115586,3.9660057218340006
4128,902.0,14.0,0.2,6.0,5.316981777468003,4.015514299893268,4.864837371729996,3.7447339541736127
4129,902.0,14.0,0.2,7.0,3.9481114777234767,2.822179280986212,3.9124755253255055,2.81029603064493
4130,902.0,14.0,0.225,1.0,4.420487201319722,3.52766504383781,4.288872559715774,3.473135751221471
4131,902.0,14.0,0.225,2.0,4.739644796669996,3.6844254382161736,4.637142238786118,3.6373665841805267
4132,902.0,14.0,0.225,3.0,5.299648744957921,4.165659192279465,4.97046266195717,3.9283652412233168
4133,902.0,14.0,0.225,4.0,5.205836451440068,4.101386210632918,5.0066777386432015,3.9759590403239264
4134,902.0,14.0,0.225,5.0,5.635584010328185,4.330468123766886,5.330086717129976,4.082021298759526
4135,902.0,14.0,0.225,6.0,5.181104943735019,3.979594907563395,4.892419099393391,3.7457914423509098
4136,902.0,14.0,0.225,7.0,4.932498229568487,3.552567675833064,4.391868305758212,3.1877665205011616
4137,902.0,14.0,0.25,1.0,4.319220882987138,3.452794957021003,4.20873652680758,3.402761516729345
4138,902.0,14.0,0.25,2.0,4.851101917668283,3.8093309590237556,4.723980221361495,3.7030584362069434
4139,902.0,14.0,0.25,3.0,4.837736494308065,3.8351762023818337,4.802681619340883,3.7529993439757883
4140,902.0,14.0,0.25,4.0,5.61495498442191,4.270658228611914,5.037361195325041,3.898792529486554
4141,902.0,14.0,0.25,5.0,5.511094806143387,4.2316143518084735,5.37258360408939,4.121584412130109
4142,902.0,14.0,0.25,6.0,5.655397129753947,4.2095427238008085,5.251855475506628,3.902419856401392
4143,902.0,14.0,0.25,7.0,4.60040243309787,3.350425324292831,4.586348063329239,3.221474892854466
4144,902.0,14.0,0.275,1.0,4.494783359672837,3.597055887791479,4.448170515127799,3.5736712452921555
4145,902.0,14.0,0.275,2.0,4.6762813864673936,3.707703349334396,4.489430285351068,3.5821007143867525
4146,902.0,14.0,0.275,3.0,4.994522457992663,3.990423353293302,4.727056526610839,3.7816154851614847
4147,902.0,14.0,0.275,4.0,5.605155708052944,4.375345206840617,5.4441641227856925,4.264534388344779
4148,902.0,14.0,0.275,5.0,5.440749577890703,4.269328851884309,5.264721223790712,4.135646248657644
4149,902.0,14.0,0.275,6.0,5.522293717572587,4.157972947142725,5.504242298937729,4.186759394127495
4150,902.0,14.0,0.275,7.0,4.509873099708052,3.1824053277921003,4.210198231031897,3.063243363807308
4151,902.0,14.0,0.3,1.0,4.479745754710332,3.5613917798578214,4.428275524941361,3.5385956628666038
4152,902.0,14.0,0.3,2.0,4.934187210525644,3.8209273818234952,4.808399772706757,3.7548338445331337
4153,902.0,14.0,0.3,3.0,5.382800620933333,4.289494801161358,5.113948184446487,4.012224833661528
4154,902.0,14.0,0.3,4.0,5.61490492945796,4.370732959901148,5.409071189907435,4.237463245587523
4155,902.0,14.0,0.3,5.0,5.458701951034176,4.083993337245675,5.222650558363797,3.909040288949992
4156,902.0,14.0,0.3,6.0,5.807464949425294,4.2428613046611625,5.558418110600108,4.052820710965192
4157,902.0,14.0,0.3,7.0,4.472907566149763,3.2001349786873736,4.271130931680387,3.162902092187214
4158,902.0,15.0,0.05,1.0,4.764125412233211,3.7824740981098692,4.677475361743067,3.7719865219387003
4159,902.0,15.0,0.05,2.0,4.931047254147484,3.8930954752863007,4.864236789026605,3.8601568629710905
4160,902.0,15.0,0.05,3.0,4.861564793764255,3.8342771098074757,4.665473943549212,3.7275238868309115
4161,902.0,15.0,0.05,4.0,4.904391292539457,3.8656609117315828,4.613828231866514,3.6686290297090833
4162,902.0,15.0,0.05,5.0,5.29340043091213,4.10817600154207,5.044794053634142,3.872143283813601
4163,902.0,15.0,0.05,6.0,5.505194325360534,4.078447224641641,5.104955010156782,3.754957768306328
4164,902.0,15.0,0.05,7.0,4.692176832982348,3.3135933683860723,4.437221056718499,3.151848095853645
4165,902.0,15.0,0.075,1.0,4.734648259335594,3.7593859748064102,4.650159884625683,3.7487081430634133
4166,902.0,15.0,0.075,2.0,4.960703025516893,3.88008848920054,4.916035344915006,3.833082793020702
4167,902.0,15.0,0.075,3.0,4.812006487855382,3.7683186012083936,4.665775206614934,3.6445606894884177
4168,902.0,15.0,0.075,4.0,4.92511145620467,3.9478448075804216,4.658853799166053,3.6601462852042723
4169,902.0,15.0,0.075,5.0,4.849323933508987,3.8109552754996607,4.653736296576453,3.6679711238907053
4170,902.0,15.0,0.075,6.0,5.232865908954294,3.875506292323459,4.949841643975242,3.599230984869731
4171,902.0,15.0,0.075,7.0,4.581585702310907,3.186164514549397,4.412940001355737,3.0062893213725514
4172,902.0,15.0,0.1,1.0,4.682182073936203,3.7107376234741802,4.596574799503863,3.6960512310190907
4173,902.0,15.0,0.1,2.0,4.939087003290949,3.8726972609395682,4.878204058680158,3.845211418402564
4174,902.0,15.0,0.1,3.0,5.025974531212802,3.942424783121209,4.787011368715693,3.7795625080026944
4175,902.0,15.0,0.1,4.0,4.966067690585739,3.910256604654913,4.599029440207689,3.64642145481612
4176,902.0,15.0,0.1,5.0,5.044188891549703,3.886669878795072,4.743426207593695,3.702684785052408
4177,902.0,15.0,0.1,6.0,5.103764771375448,3.691234792918508,4.969718633088036,3.5787564496445077
4178,902.0,15.0,0.1,7.0,4.810986861571038,3.2767870209149015,4.611564880435806,3.125441696607753
4179,902.0,15.0,0.125,1.0,4.697338948007805,3.7211754375580814,4.613350259301984,3.7083503885766653
4180,902.0,15.0,0.125,2.0,5.086767248789985,3.964345189752962,5.018101018524045,3.891508056226062
4181,902.0,15.0,0.125,3.0,4.964597684500878,3.9147918277459777,4.683185974521567,3.740370588553396
4182,902.0,15.0,0.125,4.0,5.44427491556619,4.288514965611996,5.120376462971779,3.9993258998407493
4183,902.0,15.0,0.125,5.0,5.725902400799553,4.4355413874713925,5.2264988678011415,4.034352688625714
4184,902.0,15.0,0.125,6.0,5.762536513263605,4.112703767853152,5.66062194144995,3.983577908165763
4185,902.0,15.0,0.125,7.0,5.068461823577466,3.4161813478097343,4.86018256348957,3.211829785881867
4186,902.0,15.0,0.15,1.0,4.748309533675027,3.757030946985593,4.659265007283272,3.751807274053762
4187,902.0,15.0,0.15,2.0,4.854078943986729,3.7622745199142926,4.759255444197407,3.6934046858872525
4188,902.0,15.0,0.15,3.0,5.032216161211545,3.995611630946951,4.811007831596421,3.825043321791768
4189,902.0,15.0,0.15,4.0,4.86701251997712,3.8745381703233988,4.747377625677629,3.759592656763733
4190,902.0,15.0,0.15,5.0,5.179519896844293,4.071044912658876,4.933833320125179,3.8759654568749027
4191,902.0,15.0,0.15,6.0,5.584299685837649,3.859659253774026,5.436095481322639,3.697370105938866
4192,902.0,15.0,0.15,7.0,5.6448633013271685,3.6419757408622746,5.382965148117616,3.4194866546609886
4193,902.0,15.0,0.175,1.0,4.690192971340054,3.6988776330057354,4.58844934682136,3.681553643981378
4194,902.0,15.0,0.175,2.0,5.228996367372516,4.059235523450872,5.142469788996501,3.985375648832034
4195,902.0,15.0,0.175,3.0,5.067364768118147,3.9913448909076723,4.890631525512977,3.831653655477261
4196,902.0,15.0,0.175,4.0,4.9828394934711975,3.981441087289987,4.757506592312675,3.7505921271379163
4197,902.0,15.0,0.175,5.0,5.203028006285789,3.931781490351027,5.001649788051394,3.8333240639819235
4198,902.0,15.0,0.175,6.0,5.831088827723863,4.141110817234019,5.467483364617731,3.8874265444136085
4199,902.0,15.0,0.175,7.0,4.827470123564564,3.5312214520782925,4.468423286023954,3.2691926313803013
4200,902.0,15.0,0.2,1.0,4.699657525999957,3.702219218448598,4.630595690618777,3.6913736223062688
4201,902.0,15.0,0.2,2.0,4.9512873170045335,3.8473103688002186,4.872121703055545,3.7720148025805575
4202,902.0,15.0,0.2,3.0,5.225952808352991,4.043792716695167,5.155225032283221,3.903251306285201
4203,902.0,15.0,0.2,4.0,5.120919671823498,4.057619609294373,4.9116353539366155,3.8177829728842196
4204,902.0,15.0,0.2,5.0,5.692640220126874,4.414347009003047,5.444407846181375,4.203916032787767
4205,902.0,15.0,0.2,6.0,5.453779579107371,3.9494686901975666,4.989904248383146,3.623794841045723
4206,902.0,15.0,0.2,7.0,4.955531110385098,3.607981807035693,4.75067151529786,3.3616181634155238
4207,902.0,15.0,0.225,1.0,4.794509551947086,3.7863732696038284,4.703756548177445,3.7783143892820106
4208,902.0,15.0,0.225,2.0,5.193423277172917,3.969500207527893,5.212735434188136,3.9529678078413024
4209,902.0,15.0,0.225,3.0,5.594983342450213,4.323040070237133,5.503477042521376,4.2007435991084
4210,902.0,15.0,0.225,4.0,5.050609309114305,3.955949440274989,4.915690532237501,3.8672560148695245
4211,902.0,15.0,0.225,5.0,5.880334573903188,4.5180602744529486,5.36541775949215,4.113773610563838
4212,902.0,15.0,0.225,6.0,5.728527256959467,4.036321624673053,5.598829923910486,4.005572783032756
4213,902.0,15.0,0.225,7.0,5.6539729361523285,3.7266733496931383,5.596416593556421,3.4552769155855922
4214,902.0,15.0,0.25,1.0,4.838178681091971,3.833729822297027,4.771854969987836,3.833243134868675
4215,902.0,15.0,0.25,2.0,5.047198934565572,3.9174327883159474,4.911284036749253,3.8236070374879185
4216,902.0,15.0,0.25,3.0,5.472394521655749,4.297428475052589,5.287207382209797,4.095705207464906
4217,902.0,15.0,0.25,4.0,5.695892418512105,4.356423233105875,5.717957902251635,4.270117535428277
4218,902.0,15.0,0.25,5.0,5.904948021861864,4.401914881100591,5.309204767845607,4.01402893120267
4219,902.0,15.0,0.25,6.0,5.82921380963874,4.175560974343535,5.82348312105766,4.081379949844972
4220,902.0,15.0,0.25,7.0,5.72434361705492,3.753009547750434,5.1593000328802985,3.404569002917641
4221,902.0,15.0,0.275,1.0,4.7751014832576475,3.760201812795425,4.696908594380954,3.7354304137121463
4222,902.0,15.0,0.275,2.0,5.433112251010416,4.2003759480372596,5.022040292930803,3.9472469406696966
4223,902.0,15.0,0.275,3.0,5.453609433616255,4.206735670699116,5.217824537855645,4.153826223776221
4224,902.0,15.0,0.275,4.0,5.779746925046936,4.556159002767721,5.481037748648001,4.341366978706732
4225,902.0,15.0,0.275,5.0,6.075402077268349,4.616931771178799,5.769686720917238,4.368361346769798
4226,902.0,15.0,0.275,6.0,5.50352011337144,3.833134510188414,5.546818543630782,3.6768851873187
4227,902.0,15.0,0.275,7.0,5.687159779504676,3.7750618916734076,5.8636066204657755,3.8931512721046677
4228,902.0,15.0,0.3,1.0,5.01267528719944,3.9509638890840946,5.003770404437236,3.9681379329485806
4229,902.0,15.0,0.3,2.0,5.360275703838801,4.1065375731277545,5.259345661056601,4.075183675348404
4230,902.0,15.0,0.3,3.0,5.531711589587189,4.335944828195713,5.396459007760853,4.224831727222403
4231,902.0,15.0,0.3,4.0,5.967631429599693,4.658357377356789,5.738032650669466,4.524878032012974
4232,902.0,15.0,0.3,5.0,6.331749205215765,4.7076891381699655,5.870256416468499,4.475744146343218
4233,902.0,15.0,0.3,6.0,6.371919287538112,4.285635743463462,6.13710588754414,4.157404700897683
4234,902.0,15.0,0.3,7.0,5.894624165646743,3.7862609126675095,5.912124600832915,3.780432787319792
4235,902.0,16.0,0.05,1.0,5.304764832307822,4.2526160571376135,5.241789261795187,4.248816222410162
4236,902.0,16.0,0.05,2.0,5.485230563142868,4.300482538209608,5.400971918185897,4.237770732146963
4237,902.0,16.0,0.05,3.0,5.28970354276758,4.151252147919021,5.108696578868527,4.043425937059134
4238,902.0,16.0,0.05,4.0,5.442968968483497,4.186821902422766,5.201163793605828,3.962380982586689
4239,902.0,16.0,0.05,5.0,5.959428012921608,4.5309385536233675,5.741062603351512,4.283651319264698
4240,902.0,16.0,0.05,6.0,6.2799997531454474,4.374832472277432,5.99071644040324,4.119578774208383
4241,902.0,16.0,0.05,7.0,5.761073332555417,3.7221080391259664,5.214274949100222,3.488051740178557
4242,902.0,16.0,0.075,1.0,5.152670118709662,4.091020170801171,5.096932078340006,4.080528127114014
4243,902.0,16.0,0.075,2.0,5.138669435884065,4.034121755734782,4.919460676708917,3.9508872883172033
4244,902.0,16.0,0.075,3.0,5.231806953147797,4.088074868659826,5.059363305330486,3.9531461234608534
4245,902.0,16.0,0.075,4.0,5.364158656896871,4.164322989262856,5.203514565345153,4.012780652237082
4246,902.0,16.0,0.075,5.0,5.999885359592467,4.5551492371059865,5.660923129180341,4.251727419937277
4247,902.0,16.0,0.075,6.0,6.160916010722166,4.30417848614359,5.781220799318251,4.098028456036253
4248,902.0,16.0,0.075,7.0,5.947091146868341,3.8439860847573835,5.417476697393178,3.518017606948946
4249,902.0,16.0,0.1,1.0,5.147792076820729,4.088063443603644,5.077570717343385,4.0629445936826
4250,902.0,16.0,0.1,2.0,5.4821977197288785,4.271301832566,5.362054307587265,4.151195134242392
4251,902.0,16.0,0.1,3.0,5.210696290567979,4.061471939499133,4.885354863274886,3.816340520082837
4252,902.0,16.0,0.1,4.0,5.613681002386114,4.306655911014835,5.438830946453435,4.112803236151369
4253,902.0,16.0,0.1,5.0,6.01871676379732,4.584162943375115,5.7372906501622705,4.303754475384129
4254,902.0,16.0,0.1,6.0,5.8262876026784385,4.260867194371457,5.409298587092081,3.9328507302428313
4255,902.0,16.0,0.1,7.0,5.337474130282582,3.367186069631686,4.822985367132108,3.180020872514001
4256,902.0,16.0,0.125,1.0,5.118814149557524,4.0659099909098915,5.057796084275081,4.049933572782499
4257,902.0,16.0,0.125,2.0,5.599063788717877,4.316352483949381,5.655803194958418,4.2732128198550505
4258,902.0,16.0,0.125,3.0,5.6682171449198995,4.394017947730899,5.396614949894986,4.188753525769947
4259,902.0,16.0,0.125,4.0,5.3934151288561525,4.1891903799666155,5.2069585511712395,3.955251597928385
4260,902.0,16.0,0.125,5.0,5.611442624691168,4.217572922664881,5.464033870930922,4.081699070575155
4261,902.0,16.0,0.125,6.0,6.504919183476153,4.436915354378294,6.2722262747335105,4.300699988080548
4262,902.0,16.0,0.125,7.0,6.064218704302645,3.8679686431491174,5.47608930904699,3.573079125944476
4263,902.0,16.0,0.15,1.0,5.076361560109188,4.02498505329332,5.020705540637291,4.030543731897321
4264,902.0,16.0,0.15,2.0,5.506755949868027,4.375443696979032,5.52738627271307,4.363001133118141
4265,902.0,16.0,0.15,3.0,5.380757904167428,4.268008396279663,5.0656556031120825,4.065259780826092
4266,902.0,16.0,0.15,4.0,5.94555352374505,4.567342705480754,5.8328407467211845,4.41481567295367
4267,902.0,16.0,0.15,5.0,6.1879300270735484,4.700929092632834,6.004408220050776,4.509393890741696
4268,902.0,16.0,0.15,6.0,7.295531819817255,4.97035730453804,6.854173389983358,4.657074909051272
4269,902.0,16.0,0.15,7.0,6.151556228164061,3.970241339374419,6.123442789430243,3.828099624307829
4270,902.0,16.0,0.175,1.0,5.42235931882097,4.32529758752074,5.391578716961852,4.3387696674796015
4271,902.0,16.0,0.175,2.0,5.789404459381678,4.424386482478657,5.643033253864681,4.31170641523515
4272,902.0,16.0,0.175,3.0,5.261125866303616,4.099200029896436,4.9472141094884385,3.9052548181237507
4273,902.0,16.0,0.175,4.0,5.881998235459327,4.399908653605471,5.695249799205603,4.268113037974737
4274,902.0,16.0,0.175,5.0,5.877573213263328,4.435294099178426,5.5483232076807765,4.260008003779656
4275,902.0,16.0,0.175,6.0,7.213294311167999,4.57701404887198,6.91903570408395,4.32590121921749
4276,902.0,16.0,0.175,7.0,6.406261729296769,3.9178565530575313,6.512043062952187,3.8819334957952116
4277,902.0,16.0,0.2,1.0,5.269811056156699,4.189930233776946,5.243080230828156,4.173497295808911
4278,902.0,16.0,0.2,2.0,5.680113255180182,4.411667485499958,5.476534981608662,4.305383810016577
4279,902.0,16.0,0.2,3.0,5.790267986718831,4.522036223215171,5.822802598554588,4.458464237188482
4280,902.0,16.0,0.2,4.0,5.982525331957767,4.553107793442164,5.652236074696925,4.395500007366098
4281,902.0,16.0,0.2,5.0,6.829638558580455,5.200070662478842,6.41457452515784,4.826665664570472
4282,902.0,16.0,0.2,6.0,7.754388307937955,4.687856014669628,7.325906016079384,4.341635772796335
4283,902.0,16.0,0.2,7.0,6.9444761742091385,3.9871930346991706,6.534751525154676,3.6659309856189917
4284,902.0,16.0,0.225,1.0,5.244519530383861,4.191984100015914,5.187216645634472,4.176774669767952
4285,902.0,16.0,0.225,2.0,5.705815312081958,4.426305402356509,5.534847101731118,4.33575865787062
4286,902.0,16.0,0.225,3.0,5.732464291343337,4.395277767453234,5.511195845960978,4.277192644710254
4287,902.0,16.0,0.225,4.0,6.7268054584324934,5.110676436368658,6.799145951996516,4.999282336107106
4288,902.0,16.0,0.225,5.0,6.040493412727815,4.7183508743136855,5.822938168929176,4.459398228128451
4289,902.0,16.0,0.225,6.0,7.455777894872457,4.977043414406358,6.832561969696215,4.531785189693921
4290,902.0,16.0,0.225,7.0,6.011701799411836,4.043535728861955,5.581859383618575,3.8279933658590775
4291,902.0,16.0,0.25,1.0,5.310642148754944,4.24648973834384,5.299704683504526,4.252933034917038
4292,902.0,16.0,0.25,2.0,5.502231697149146,4.322390157517012,5.472096531456643,4.242726858891095
4293,902.0,16.0,0.25,3.0,5.7042057296780415,4.4165051806052835,5.326516650722164,4.131086617188973
4294,902.0,16.0,0.25,4.0,6.370696355278816,4.821643796616427,6.076960373418157,4.5483253603019556
4295,902.0,16.0,0.25,5.0,6.3117922812891045,4.66118999032618,6.2096799747912135,4.488792724929423
4296,902.0,16.0,0.25,6.0,6.6010466267735275,4.581332934309018,6.302640343423007,4.300379699346215
4297,902.0,16.0,0.25,7.0,6.724539121659077,4.157016382552334,5.906831761307935,3.7570322875993627
4298,902.0,16.0,0.275,1.0,5.356050583001341,4.270240198135433,5.355604939465709,4.25683237879995
4299,902.0,16.0,0.275,2.0,5.739887768399771,4.307023733229442,5.575719205235043,4.202370819843553
4300,902.0,16.0,0.275,3.0,6.548292183029742,5.007118984755639,6.354881110802731,4.88663652801333
4301,902.0,16.0,0.275,4.0,5.939065738367448,4.426209829633471,5.795865911284147,4.315667131317733
4302,902.0,16.0,0.275,5.0,6.957353547415765,5.1644399926510385,6.658629193232363,4.988626326738798
4303,902.0,16.0,0.275,6.0,7.211432998298457,4.778990957754715,6.841698737472281,4.6059256970648494
4304,902.0,16.0,0.275,7.0,6.839974299793277,4.119273269424704,5.900709727421706,3.6891228618140923
4305,902.0,16.0,0.3,1.0,5.530863264352988,4.3808710173672765,5.560483917094957,4.4271777080019294
4306,902.0,16.0,0.3,2.0,6.004743891091606,4.501529309488702,6.061165720061397,4.447680760431087
4307,902.0,16.0,0.3,3.0,6.169908133366411,4.752733333122001,5.446273511427147,4.203789096270391
4308,902.0,16.0,0.3,4.0,7.284433186764298,5.396900671318775,6.704227470496979,5.031375551405778
4309,902.0,16.0,0.3,5.0,6.974647206402626,5.098710243524514,6.606404298674644,4.888718938728651
4310,902.0,16.0,0.3,6.0,7.5572128995405725,4.7069014005384275,7.193144165703741,4.4512861931491985
4311,902.0,16.0,0.3,7.0,6.859602192355051,4.119810555875817,6.172541410116821,3.8455550597628294
4312,902.0,17.0,0.05,1.0,5.784105619569245,4.654550898404607,5.754365676736437,4.679267470828236
4313,902.0,17.0,0.05,2.0,5.520909133866794,4.356347558047061,5.519452453342059,4.374838419176669
4314,902.0,17.0,0.05,3.0,5.281387050462599,4.141227120864225,5.267777172002463,4.072644854666476
4315,902.0,17.0,0.05,4.0,5.564304517728642,4.287651673234115,5.458330092759533,4.15786641963567
4316,902.0,17.0,0.05,5.0,6.120581131997049,4.6748187604067315,5.929368192272558,4.434985443780207
4317,902.0,17.0,0.05,6.0,5.040490772592469,3.9669694552611463,5.028112779382281,3.8074513187061227
4318,902.0,17.0,0.05,7.0,4.704913974481148,3.5370085342183093,4.682285013675671,3.3924540210078136
4319,902.0,17.0,0.075,1.0,5.642732707759942,4.482799774917888,5.638164035137868,4.508168860836716
4320,902.0,17.0,0.075,2.0,5.766980892676635,4.426746689758488,5.837768907405763,4.43271560385368
4321,902.0,17.0,0.075,3.0,5.385823213086971,4.2799595190219115,5.269457782255671,4.178649702566632
4322,902.0,17.0,0.075,4.0,5.586995478638739,4.337043452032058,5.671312883846615,4.2975301053106705
4323,902.0,17.0,0.075,5.0,6.2623307964671495,4.7321219002536905,6.156301897484536,4.520565821926337
4324,902.0,17.0,0.075,6.0,5.3727981003715435,4.085107866807974,5.3769456601450685,3.9724398640036966
4325,902.0,17.0,0.075,7.0,4.679888690702575,3.56368964060851,4.73143599007744,3.4706638595581225
4326,902.0,17.0,0.1,1.0,5.570308480105794,4.440457199956245,5.552261236231238,4.459888137678419
4327,902.0,17.0,0.1,2.0,6.055674573721522,4.8343533201291145,6.025253141995198,4.829840242516162
4328,902.0,17.0,0.1,3.0,5.6223819306016045,4.437574015544973,5.4467209810053605,4.282820613254655
4329,902.0,17.0,0.1,4.0,5.286745963199486,4.130218200499761,5.272038695631564,4.070229688787266
4330,902.0,17.0,0.1,5.0,5.328915482163388,4.16819036638893,5.318211299066253,4.051599703299735
4331,902.0,17.0,0.1,6.0,5.147601764702111,3.8725812891768565,5.341144394914778,3.7838448298564535
4332,902.0,17.0,0.1,7.0,4.895271296080824,3.6922221381177556,4.847980593277049,3.6384525375888503
4333,902.0,17.0,0.125,1.0,5.745040170254714,4.590736870475773,5.7295667292261925,4.616796320288161
4334,902.0,17.0,0.125,2.0,5.8865028664043475,4.602836956047692,6.0224280528046545,4.6393316538163685
4335,902.0,17.0,0.125,3.0,5.317815567212861,4.221058764433665,5.020400501907236,3.9864529008992573
4336,902.0,17.0,0.125,4.0,5.967253769005273,4.735106919855584,6.036555585827971,4.666293989766067
4337,902.0,17.0,0.125,5.0,6.385493107679035,4.638804046086032,6.389778131488267,4.627022961091667
4338,902.0,17.0,0.125,6.0,5.58997786350699,4.220079196222309,5.556163296321662,4.0695800316651685
4339,902.0,17.0,0.125,7.0,4.881267483450236,3.660123686692844,5.0610858169667186,3.552221668761829
4340,902.0,17.0,0.15,1.0,5.651127039330374,4.5181092279061525,5.614491884394007,4.521755030119468
4341,902.0,17.0,0.15,2.0,5.6986826061699585,4.424466186768743,5.915870735161441,4.474181063421946
4342,902.0,17.0,0.15,3.0,5.606596845193021,4.376423139603495,5.3767435079236465,4.156005583305927
4343,902.0,17.0,0.15,4.0,5.613599458845135,4.34856972860146,5.4435767252729885,4.218761320298487
4344,902.0,17.0,0.15,5.0,5.656572154137253,4.288507057926407,5.48978775263352,4.0705176236825675
4345,902.0,17.0,0.15,6.0,5.085081980992892,3.9712161895080516,5.420052066359336,3.9555041827773794
4346,902.0,17.0,0.15,7.0,4.647935983698079,3.445580142771837,4.60915145272696,3.3337832291665843
4347,902.0,17.0,0.175,1.0,5.651663357202537,4.488614579897679,5.65196544082644,4.51763762172962
4348,902.0,17.0,0.175,2.0,6.183505354017769,4.731536533224955,6.144627423811125,4.666136011461975
4349,902.0,17.0,0.175,3.0,6.161359591810894,4.770260820058566,5.8091668602748125,4.518344883216885
4350,902.0,17.0,0.175,4.0,5.911950173409371,4.619365080838349,5.841213735218101,4.518791505830321
4351,902.0,17.0,0.175,5.0,6.278597673699173,4.6586583015094005,6.032273420386509,4.436475870835108
4352,902.0,17.0,0.175,6.0,5.700102953560382,4.409564229302065,5.688777002549839,4.266136235563888
4353,902.0,17.0,0.175,7.0,4.865758640028683,3.7189714675638506,4.989756406511437,3.614451628487921
4354,902.0,17.0,0.2,1.0,5.7872871875328125,4.6355380151497245,5.745547777635201,4.652430300227598
4355,902.0,17.0,0.2,2.0,5.51198077661146,4.344927839201389,5.434076512994588,4.292649523199721
4356,902.0,17.0,0.2,3.0,6.367812957675865,5.015471339721328,6.315159981692018,4.850369324146053
4357,902.0,17.0,0.2,4.0,6.218028638202502,4.830589380435163,6.351615413929455,4.743462428836036
4358,902.0,17.0,0.2,5.0,7.025050237842845,5.2969492704304075,6.828637221088089,5.043611861299051
4359,902.0,17.0,0.2,6.0,5.550942290675459,4.27549393146139,5.564045635109211,4.271385633797318
4360,902.0,17.0,0.2,7.0,5.129935166136802,3.6038905167772834,4.847554984055615,3.4165085610933286
4361,902.0,17.0,0.225,1.0,5.533550626368581,4.34043399637416,5.4836067245071725,4.356988712724752
4362,902.0,17.0,0.225,2.0,6.150687797724298,4.780836202989443,5.7097662010948715,4.5814288843899
4363,902.0,17.0,0.225,3.0,6.732471706048721,5.13739572782559,6.558402407602228,5.02464758225549
4364,902.0,17.0,0.225,4.0,7.188279126755428,5.303937768556285,7.116970400115005,5.321121860787134
4365,902.0,17.0,0.225,5.0,7.230994686403644,5.377612284698254,7.093851356359278,5.193654419232295
4366,902.0,17.0,0.225,6.0,6.506565354776745,4.855280083214805,6.445411775657236,4.635960580901309
4367,902.0,17.0,0.225,7.0,4.926530317546019,3.710207204310217,5.022977094667394,3.6864868905433803
4368,902.0,17.0,0.25,1.0,5.740780814082863,4.521724975811015,5.742708037759496,4.563803049387594
4369,902.0,17.0,0.25,2.0,6.101394825379891,4.725983329564786,6.168642479739834,4.840429074242293
4370,902.0,17.0,0.25,3.0,5.709375581157722,4.515854092266465,5.709145750230668,4.523024880267803
4371,902.0,17.0,0.25,4.0,6.3300050257036045,4.845639180078489,6.172379126281491,4.72990528044119
4372,902.0,17.0,0.25,5.0,6.716293081402759,5.127637626999161,6.400205202298754,4.729166170282376
4373,902.0,17.0,0.25,6.0,6.883328871368436,5.033852789316858,6.947545434603238,5.041296792772795
4374,902.0,17.0,0.25,7.0,4.795126190084835,3.551958890976221,4.698755730970182,3.4414306184763146
4375,902.0,17.0,0.275,1.0,5.611368313030797,4.384769150526192,5.62268324588441,4.41255593892146
4376,902.0,17.0,0.275,2.0,6.6075282779062015,5.106200565069363,6.57165343798292,4.971282754144768
4377,902.0,17.0,0.275,3.0,5.970841805854931,4.64041504043479,5.843918891152651,4.587017765809054
4378,902.0,17.0,0.275,4.0,6.6529924852923426,4.939689257892889,6.394213676226145,4.727226268865708
4379,902.0,17.0,0.275,5.0,7.195228932891291,5.340316978459056,7.192705956207272,5.119613954898863
4380,902.0,17.0,0.275,6.0,5.888427886567214,4.560083529649039,6.173335152205002,4.480594469362417
4381,902.0,17.0,0.275,7.0,4.946943733760787,3.617742120046737,4.757325640553603,3.4396589801268163
4382,902.0,17.0,0.3,1.0,5.488881253474963,4.272142945322805,5.520374564728784,4.269285486645959
4383,902.0,17.0,0.3,2.0,5.2900093027958945,4.038660407163298,5.334183716588184,4.047142562545205
4384,902.0,17.0,0.3,3.0,6.724349469303533,5.148723389670128,6.591187236738109,5.008129375176091
4385,902.0,17.0,0.3,4.0,6.806941066252684,5.026009251738449,6.110849055706029,4.564354323905037
4386,902.0,17.0,0.3,5.0,6.72626169594982,5.076459473419905,6.3665017364776135,4.642447200568744
4387,902.0,17.0,0.3,6.0,5.612465156524002,4.206593572107114,5.7534411387196105,4.184438044170926
4388,902.0,17.0,0.3,7.0,6.322581758409204,4.331056795969971,6.497910621315064,4.279515712242327
4389,902.0,18.0,0.05,1.0,6.154499783694342,4.969317055723357,6.105787838579461,4.989898513029346
4390,902.0,18.0,0.05,2.0,6.053770193554148,4.80264343681967,6.0506675503258975,4.790195290647258
4391,902.0,18.0,0.05,3.0,5.7856828094447055,4.581255619225314,5.50376586808548,4.363799611855584
4392,902.0,18.0,0.05,4.0,5.340900080197217,4.279273752107587,5.091370408760302,4.059132992367341
4393,902.0,18.0,0.05,5.0,6.544450433042942,5.055945134516784,6.447082207778855,4.815142444980083
4394,902.0,18.0,0.05,6.0,5.1111583535007155,3.9176196185735197,5.091225218258008,3.865782110081861
4395,902.0,18.0,0.05,7.0,5.0159497590788416,3.707423265759012,4.925168037750256,3.581690630134911
4396,902.0,18.0,0.075,1.0,6.025178647245765,4.7954322625337245,5.980558272673953,4.80509742256292
4397,902.0,18.0,0.075,2.0,5.9793971025506,4.6380390001884315,5.88735512031956,4.552217276087569
4398,902.0,18.0,0.075,3.0,5.402818562461233,4.309774148410612,5.349724427968605,4.211135267793903
4399,902.0,18.0,0.075,4.0,5.694325234383044,4.482060904773798,5.465157315332143,4.278298563052113
4400,902.0,18.0,0.075,5.0,6.780531174555646,5.047268855244818,6.684830492429495,4.876770383732921
4401,902.0,18.0,0.075,6.0,5.457329193936242,4.195967295478446,5.134267797915611,3.9497005811659935
4402,902.0,18.0,0.075,7.0,5.465186905133187,4.006933580864558,5.198773714290095,3.8291560029148894
4403,902.0,18.0,0.1,1.0,6.211127530345567,5.0468791353993385,6.150214663500345,5.055802401456001
4404,902.0,18.0,0.1,2.0,6.2858109685240375,4.84432294721988,6.172491125773847,4.733245387610257
4405,902.0,18.0,0.1,3.0,6.23829248288998,4.886779012758614,6.010863718577372,4.613671712991104
4406,902.0,18.0,0.1,4.0,5.573683785603686,4.428786249278763,5.414206141154079,4.227730183413463
4407,902.0,18.0,0.1,5.0,6.406002367290747,4.810481440766856,6.2680011965967894,4.594284199860356
4408,902.0,18.0,0.1,6.0,5.391105383724383,4.149039128308333,5.157939392421384,3.886781619945128
4409,902.0,18.0,0.1,7.0,5.173467084264147,3.826992164450252,4.944944940653491,3.655606281104765
4410,902.0,18.0,0.125,1.0,6.121083597956746,4.883393434196716,6.083646549934148,4.912162109044968
4411,902.0,18.0,0.125,2.0,5.972229555452109,4.702358116538047,5.969357750010437,4.656936769364917
4412,902.0,18.0,0.125,3.0,5.784870727389789,4.6161453872045835,5.580677476437153,4.4106969939107765
4413,902.0,18.0,0.125,4.0,5.624984838462781,4.442346180651772,5.504152172868051,4.319428818662145
4414,902.0,18.0,0.125,5.0,6.108987947368638,4.653648081002682,5.95677990877416,4.474089662748023
4415,902.0,18.0,0.125,6.0,5.8330316499184995,4.431383557293966,5.537278164492322,4.1411034316235815
4416,902.0,18.0,0.125,7.0,4.856546754943207,3.635161526662951,4.677005276716795,3.5161681413553096
4417,902.0,18.0,0.15,1.0,5.794147769665663,4.595416249713642,5.738873722841152,4.586645435078264
4418,902.0,18.0,0.15,2.0,6.02088425965095,4.722230600621714,5.922752315003507,4.57509719085262
4419,902.0,18.0,0.15,3.0,6.064591967369986,4.773848395463776,5.869645967507147,4.607813531175662
4420,902.0,18.0,0.15,4.0,6.207323181153273,4.959227587819405,6.052829348741129,4.774589546651756
4421,902.0,18.0,0.15,5.0,6.896728299902466,5.11557591604207,6.78205360676129,4.870652881545568
4422,902.0,18.0,0.15,6.0,5.366741359944946,4.117771163217487,5.011610404758704,3.800644274107368
4423,902.0,18.0,0.15,7.0,5.3288515862414405,4.000399989340469,5.38287475592421,3.9065274975480433
4424,902.0,18.0,0.175,1.0,6.312864853125919,5.036910867097878,6.2940475387201005,5.050978161270915
4425,902.0,18.0,0.175,2.0,6.563245295358095,5.188823795329765,6.554734385955341,5.135499249084667
4426,902.0,18.0,0.175,3.0,6.638179664620641,5.271890529171109,6.381568903149963,5.056703740513644
4427,902.0,18.0,0.175,4.0,6.516567836083362,5.0416739846149285,6.024520977194549,4.6847651786286075
4428,902.0,18.0,0.175,5.0,6.394370861899305,4.813034687780523,6.36522213409526,4.735073332127315
4429,902.0,18.0,0.175,6.0,5.729567623746986,4.367561223894869,5.421219616129884,4.17027783680505
4430,902.0,18.0,0.175,7.0,5.677266990666966,3.8411662866237575,5.369285035278947,3.7210378393224186
4431,902.0,18.0,0.2,1.0,6.369525556843408,5.169382243119144,6.320362388993527,5.175219904826793
4432,902.0,18.0,0.2,2.0,6.324527942565741,4.759048905775246,6.336892833914196,4.633143886364598
4433,902.0,18.0,0.2,3.0,6.05848761647973,4.8598862242044705,5.979922657510484,4.762507557973433
4434,902.0,18.0,0.2,4.0,6.6366252181549985,5.111670638792284,6.634624141081359,5.0599930855776964
4435,902.0,18.0,0.2,5.0,6.731127472755697,5.115271056722504,6.657798690072017,4.94875337652853
4436,902.0,18.0,0.2,6.0,6.1665568827738095,4.688859508763152,5.7975600614771725,4.458807830846615
4437,902.0,18.0,0.2,7.0,5.230932558431348,3.7976822168189734,5.016738138436,3.753752827044651
4438,902.0,18.0,0.225,1.0,5.724499334042159,4.471728170241082,5.62119678800098,4.438045969265415
4439,902.0,18.0,0.225,2.0,6.560655596297792,5.004670029217107,6.663011547925171,4.815221006023757
4440,902.0,18.0,0.225,3.0,6.057426857770009,4.703271219929705,5.872180153125631,4.605227282365197
4441,902.0,18.0,0.225,4.0,6.551145948771674,5.062991333500786,6.3438761590942905,4.985638298522874
4442,902.0,18.0,0.225,5.0,6.842987656766665,5.182463437597826,6.383151193121439,4.787583205090659
4443,902.0,18.0,0.225,6.0,5.935450652831467,4.489705625231473,5.821828371030002,4.3804425751753024
4444,902.0,18.0,0.225,7.0,5.090372397017564,3.809133259289003,4.968003891739255,3.675706837205732
4445,902.0,18.0,0.25,1.0,6.212359306152927,4.91022365485402,6.125709204124843,4.900779107902311
4446,902.0,18.0,0.25,2.0,6.5863405631283465,5.056999624473566,6.624436846244702,4.98285287589674
4447,902.0,18.0,0.25,3.0,6.698740074030753,5.103043197930464,6.380391571790385,4.814510568785213
4448,902.0,18.0,0.25,4.0,8.248811349465598,6.213656928594535,7.760111951203601,5.854151624865819
4449,902.0,18.0,0.25,5.0,6.404697961472324,4.91152066739928,6.078539514518685,4.6382818600422775
4450,902.0,18.0,0.25,6.0,6.231009496486347,4.586924537306275,5.918124037082323,4.354396424216431
4451,902.0,18.0,0.25,7.0,5.361384416511157,3.77715588471532,5.5994367703171335,3.849750567093281
4452,902.0,18.0,0.275,1.0,6.301047154680403,4.936093526012193,6.260255217420892,4.922267332540807
4453,902.0,18.0,0.275,2.0,7.1605752210523805,5.600198405822112,7.144449511968303,5.398863293483895
4454,902.0,18.0,0.275,3.0,6.3023341351411135,4.971379638761912,6.32237759057927,4.935556825391704
4455,902.0,18.0,0.275,4.0,7.2936716235639425,5.653188562811373,7.225296570879239,5.569864065892818
4456,902.0,18.0,0.275,5.0,7.221745723647818,5.469063529884039,6.996842691020851,5.332782302641663
4457,902.0,18.0,0.275,6.0,6.350259654684069,4.503181863737306,6.436906477652808,4.458149272564883
4458,902.0,18.0,0.275,7.0,5.054262205162255,3.624775563740851,4.870830833291528,3.47741909612955
4459,902.0,18.0,0.3,1.0,5.9066371350090785,4.5564404114165855,5.8728853800902465,4.507741149786752
4460,902.0,18.0,0.3,2.0,7.044815660253137,5.175513013237972,7.072082288062654,5.024997273085295
4461,902.0,18.0,0.3,3.0,7.294143316369208,5.498986936759076,7.0701660353894225,5.287420553952157
4462,902.0,18.0,0.3,4.0,8.215100083235829,6.347754173809417,8.328312092143097,6.363105209916967
4463,902.0,18.0,0.3,5.0,6.710788186675715,4.992012284726897,6.4038265578958,4.813021286858262
4464,902.0,18.0,0.3,6.0,5.935594836411957,4.139132198797946,5.886435624458779,4.21310526371364
4465,902.0,18.0,0.3,7.0,5.425720453302229,3.9467616248266295,5.139627749090394,3.7082451743576184
4466,902.0,19.0,0.05,1.0,6.652158881643306,5.397203324867851,6.629855144146316,5.458680872811879
4467,902.0,19.0,0.05,2.0,6.584377110612019,5.213287637735804,6.532815840166828,5.202483903225149
4468,902.0,19.0,0.05,3.0,6.044725576508121,4.779124815245074,5.807832899067027,4.626153645185199
4469,902.0,19.0,0.05,4.0,5.961439051858441,4.7265244356547536,5.672019778169306,4.479947147726795
4470,902.0,19.0,0.05,5.0,6.592821700363399,5.005982529937965,6.490664169835265,4.797184267249096
4471,902.0,19.0,0.05,6.0,5.030270138735401,3.943525402593204,5.0316709894870995,3.907385922706143
4472,902.0,19.0,0.05,7.0,4.612785913340035,3.7222089458522447,4.455277072657648,3.554515998681243
4473,902.0,19.0,0.075,1.0,6.5769543158490515,5.334521623982374,6.556315568538614,5.393448143618727
4474,902.0,19.0,0.075,2.0,6.529593441921016,4.937295899674703,6.405113211454803,4.805512685370451
4475,902.0,19.0,0.075,3.0,6.231112082132406,4.827183116431328,6.107635236197874,4.710770872516712
4476,902.0,19.0,0.075,4.0,5.707095776376445,4.536779904220466,5.598231602598902,4.38250486057446
4477,902.0,19.0,0.075,5.0,6.784283931069952,5.102870127496544,6.632294509779376,4.855626335862459
4478,902.0,19.0,0.075,6.0,5.120418968158319,3.9144852027638235,4.983645368679077,3.7400987328780184
4479,902.0,19.0,0.075,7.0,4.567982028115785,3.5130585574769864,4.310946022746859,3.3309670392758703
4480,902.0,19.0,0.1,1.0,6.727051127487232,5.492117155827268,6.699591361222258,5.546302438145459
4481,902.0,19.0,0.1,2.0,6.49500471422682,4.9983587535603125,6.544119610358977,4.996674312628307
4482,902.0,19.0,0.1,3.0,5.979110851328194,4.692544730111897,5.713850893579435,4.497427452398571
4483,902.0,19.0,0.1,4.0,6.073090216432877,4.7500756182545585,5.770191287581662,4.524538422477922
4484,902.0,19.0,0.1,5.0,6.400571475505559,4.753748944346077,6.3654619017781675,4.582779135423432
4485,902.0,19.0,0.1,6.0,5.7905056159098045,4.374569177631769,5.666224129071019,4.275901828088657
4486,902.0,19.0,0.1,7.0,5.251257941864027,3.917110602004863,5.279848477909114,3.8615693094203136
4487,902.0,19.0,0.125,1.0,6.476572170195816,5.1854405724595765,6.483724919331655,5.260314542415783
4488,902.0,19.0,0.125,2.0,6.831595825513077,5.232611098853744,6.988552092647145,5.144758449279976
4489,902.0,19.0,0.125,3.0,6.173072318130923,4.833102800710211,6.084941195067969,4.744379410028392
4490,902.0,19.0,0.125,4.0,6.581939205770083,5.065919732101601,6.363371695692659,5.000650432754547
4491,902.0,19.0,0.125,5.0,6.125234206084047,4.840092274455241,6.102884149456498,4.731585926417903
4492,902.0,19.0,0.125,6.0,5.112957236308535,4.009961946416286,5.131604126726305,3.997255775510425
4493,902.0,19.0,0.125,7.0,4.928398240498923,3.7482122137516343,4.86363562095747,3.6153949284367606
4494,902.0,19.0,0.15,1.0,6.575869332572872,5.294917054637506,6.558004401605263,5.341143611224291
4495,902.0,19.0,0.15,2.0,6.427431082166791,4.911654147760424,6.2899284136026585,4.773815944282503
4496,902.0,19.0,0.15,3.0,6.648299662329396,5.205753498663673,6.331344164618834,5.001565708795748
4497,902.0,19.0,0.15,4.0,6.352835593490888,4.944488637679379,6.320668864431635,4.9156144719390955
4498,902.0,19.0,0.15,5.0,6.76162010574533,4.971433757709113,6.771658223962141,4.949234200026227
4499,902.0,19.0,0.15,6.0,5.4786731680892204,4.183657274012438,5.482032588168945,4.148290410422829
4500,902.0,19.0,0.15,7.0,5.060618223210838,3.7422908528987464,4.688037913594901,3.581582936972529
4501,902.0,19.0,0.175,1.0,6.409932540890171,5.056331931637076,6.415437653345367,5.103096172915524
4502,902.0,19.0,0.175,2.0,6.424472054661569,4.836334813550421,6.044008259249683,4.618413171972606
4503,902.0,19.0,0.175,3.0,6.449596649402007,4.985580105087114,6.222756056143493,4.777881171618481
4504,902.0,19.0,0.175,4.0,6.614940684045307,5.085886742845192,6.400753735750363,5.060616099471896
4505,902.0,19.0,0.175,5.0,6.735926296240394,5.030142863448465,6.783560165322674,5.0408599984950655
4506,902.0,19.0,0.175,6.0,5.907114069439909,4.487901671636335,5.62781732524649,4.224252537465072
4507,902.0,19.0,0.175,7.0,5.730285241697583,4.158919189551446,5.3205988558145485,3.940799818415641
4508,902.0,19.0,0.2,1.0,6.453841295988813,5.212770528943624,6.436027887838741,5.240717764493192
4509,902.0,19.0,0.2,2.0,7.530771625953505,5.883132867040058,7.4725625014075945,5.870037803023791
4510,902.0,19.0,0.2,3.0,6.832905551868811,5.423076094916659,6.820515783932338,5.225729330857679
4511,902.0,19.0,0.2,4.0,6.585776769704441,5.048034957409553,6.517700228698249,5.082940479736376
4512,902.0,19.0,0.2,5.0,7.813749072972068,5.618910617702672,7.870286259537881,5.564055607329255
4513,902.0,19.0,0.2,6.0,6.04010970118589,4.517968182117087,5.8001882547294,4.391829423614542
4514,902.0,19.0,0.2,7.0,5.070650150667466,3.781473196911422,4.9582890727856785,3.699826248291074
4515,902.0,19.0,0.225,1.0,6.489493958691271,5.111279729650534,6.429902808003052,5.155491501139059
4516,902.0,19.0,0.225,2.0,7.138640030756186,5.495461383130999,7.056611402382111,5.345429155712709
4517,902.0,19.0,0.225,3.0,7.3485984934219095,5.612477468035044,7.157613037695033,5.551966187040774
4518,902.0,19.0,0.225,4.0,6.960201376322454,5.522330445703854,6.860297143004472,5.484173764122834
4519,902.0,19.0,0.225,5.0,7.316332616156412,5.608262082217409,7.506285929130141,5.535169142607582
4520,902.0,19.0,0.225,6.0,6.7120305863402825,4.368555398164981,6.455097985224385,4.099238934977762
4521,902.0,19.0,0.225,7.0,5.319723638364244,3.808642380473432,5.4015497347400405,3.8418115809032605
4522,902.0,19.0,0.25,1.0,7.240786713361186,5.843862069157123,7.18683114126879,5.877003685806553
4523,902.0,19.0,0.25,2.0,6.968421812874345,5.420750267052028,6.766108285458484,5.2517469771841565
4524,902.0,19.0,0.25,3.0,7.302656966303057,5.7835704059416795,7.196851488781415,5.6583863132374965
4525,902.0,19.0,0.25,4.0,9.10647463476041,6.395107312924247,8.46529786573434,5.976060979028909
4526,902.0,19.0,0.25,5.0,6.474083874791291,4.736930695233319,6.4714993637755756,4.646037065843824
4527,902.0,19.0,0.25,6.0,6.044037807542454,4.403181206676799,5.697041516134015,4.27030925306518
4528,902.0,19.0,0.25,7.0,6.1813559200544805,4.250794669142244,6.358006351395496,4.204488921997458
4529,902.0,19.0,0.275,1.0,6.289582320468305,4.846076015017294,6.296009996277375,4.892465533295212
4530,902.0,19.0,0.275,2.0,6.696626308531674,5.1843584304009465,6.412056815664248,5.027293471319754
4531,902.0,19.0,0.275,3.0,8.058270863802237,6.229578727509383,7.79751607839494,6.074183079979135
4532,902.0,19.0,0.275,4.0,7.817988665725016,5.873941447296989,7.605138907099459,5.573062380691837
4533,902.0,19.0,0.275,5.0,7.518495540854356,5.417861674608698,7.219765831760035,5.254541607705469
4534,902.0,19.0,0.275,6.0,7.3701598398794435,4.737149932709267,6.970295865573678,4.505367746026596
4535,902.0,19.0,0.275,7.0,6.169640968976088,4.283102868579302,5.733119220360858,4.05784281490766
4536,902.0,19.0,0.3,1.0,6.6658890696435575,5.1451421243611515,6.641137766500442,5.093358399254479
4537,902.0,19.0,0.3,2.0,8.020965986176904,5.9550195899437774,7.579404668870408,5.717842732458324
4538,902.0,19.0,0.3,3.0,7.792145171708817,6.107170328426955,7.513787319748749,5.92699568923406
4539,902.0,19.0,0.3,4.0,8.985772156398808,6.523539103599353,8.989691032019934,6.452985918312682
4540,902.0,19.0,0.3,5.0,7.516489939859069,5.416258196316063,7.529172883750205,5.493283436004755
4541,902.0,19.0,0.3,6.0,6.071022858231405,4.4771974108065224,5.705493597225498,4.190159117951645
4542,902.0,19.0,0.3,7.0,6.372915121644677,4.023248831521594,6.489130934378321,3.9933407452582603
4543,902.0,20.0,0.05,1.0,7.3010240422803205,6.06358588892969,7.278320196583878,6.097930877961701
4544,902.0,20.0,0.05,2.0,7.148190974563611,5.577063730731147,6.842891067725595,5.447346759435539
4545,902.0,20.0,0.05,3.0,6.540575398039943,5.166288831606104,6.1482797697427864,4.876978961855036
4546,902.0,20.0,0.05,4.0,6.885941134454227,5.418042632110728,6.695318112551916,5.176180961197169
4547,902.0,20.0,0.05,5.0,6.666048664328695,4.970861189167057,6.646915876839185,4.797392329607608
4548,902.0,20.0,0.05,6.0,5.851714939187391,4.295506413875073,5.648700668103745,4.142961435122805
4549,902.0,20.0,0.05,7.0,4.936036846743238,3.836217849772834,4.677592261585748,3.6436694265788088
4550,902.0,20.0,0.075,1.0,7.439571669965628,6.200084977194947,7.414545739042579,6.231982157147286
4551,902.0,20.0,0.075,2.0,6.8348940277186445,5.397390400847628,6.650422232945809,5.303607916762916
4552,902.0,20.0,0.075,3.0,6.866506138046672,5.453033501827525,6.591354311703613,5.251967763502498
4553,902.0,20.0,0.075,4.0,7.159112257083492,5.490287698620173,6.891316392769497,5.295829575137843
4554,902.0,20.0,0.075,5.0,7.161112463948315,5.135034004408222,7.05512373141612,4.99068305439231
4555,902.0,20.0,0.075,6.0,5.347393934555747,4.101192387138068,5.317523279837485,4.057206983204579
4556,902.0,20.0,0.075,7.0,5.115567848167966,3.7493105418700137,4.840875420742217,3.5871812710447317
4557,902.0,20.0,0.1,1.0,7.239316707360727,5.859308938947789,7.2182794292780175,5.9174062853654
4558,902.0,20.0,0.1,2.0,7.5893403567419515,5.887591810279538,7.4276376543481275,5.859911123273161
4559,902.0,20.0,0.1,3.0,6.667704926007764,5.265815092879812,6.259760940226259,5.001129541548213
4560,902.0,20.0,0.1,4.0,6.766180580733386,5.344083712155545,6.5169887882131805,5.175219034676864
4561,902.0,20.0,0.1,5.0,6.969692557477634,5.098258334295623,6.655092692342847,4.73577448922785
4562,902.0,20.0,0.1,6.0,5.672940187060324,4.126772635273049,5.714786493833353,4.121879987365002
4563,902.0,20.0,0.1,7.0,4.749841491789619,3.608945146395415,4.620418716811962,3.516850262700281
4564,902.0,20.0,0.125,1.0,6.95812059834516,5.552669026323504,6.927614176063433,5.597469733582724
4565,902.0,20.0,0.125,2.0,7.3810672328693965,5.719524991948792,7.1899593482877195,5.642652062675703
4566,902.0,20.0,0.125,3.0,6.589634724743691,5.019546864742066,6.27345942730867,4.738614368005202
4567,902.0,20.0,0.125,4.0,6.705274818238266,5.209825629511635,6.3658067035289925,4.965932183790332
4568,902.0,20.0,0.125,5.0,6.9278677448971075,5.266587475263034,6.740360674320934,4.941696193297687
4569,902.0,20.0,0.125,6.0,6.497612191116795,4.809288573262854,6.374575577429545,4.581540365789407
4570,902.0,20.0,0.125,7.0,5.86274633247792,4.16256330578234,5.727683018553489,4.060065729961714
4571,902.0,20.0,0.15,1.0,7.62612617448405,6.306791753318734,7.599673167813977,6.333944298450667
4572,902.0,20.0,0.15,2.0,6.9420556094847,5.187908642988068,6.559426423069971,4.9851287727997695
4573,902.0,20.0,0.15,3.0,7.232834450206499,5.600552008290911,6.948504743380697,5.395928608415017
4574,902.0,20.0,0.15,4.0,7.291788712743462,5.594326590926081,6.919008469324162,5.396904000633971
4575,902.0,20.0,0.15,5.0,7.877421979547751,5.813813109099783,7.383732041328383,5.367552754258848
4576,902.0,20.0,0.15,6.0,6.135464847085777,4.613169000597704,5.753861860778398,4.330967085620227
4577,902.0,20.0,0.15,7.0,5.338957304950459,3.6961521247832714,5.1566074594196305,3.704084125979337
4578,902.0,20.0,0.175,1.0,7.532594103287591,6.023757359544113,7.528987862228157,6.088266073151155
4579,902.0,20.0,0.175,2.0,6.958348002851137,5.255787599201347,6.790782959392938,5.138379500948833
4580,902.0,20.0,0.175,3.0,7.491816554142527,5.901291519540914,6.830790040277348,5.440854716427175
4581,902.0,20.0,0.175,4.0,6.975347039640803,5.558974743886075,6.9824858985647,5.556790715586598
4582,902.0,20.0,0.175,5.0,7.238479331639303,5.538996301137469,7.248498047977821,5.4369038718817135
4583,902.0,20.0,0.175,6.0,6.285120742475685,4.767660527350308,6.276034913798126,4.84222573470172
4584,902.0,20.0,0.175,7.0,4.993939566370575,3.8021649080304427,4.544952573243831,3.5170242430800482
4585,902.0,20.0,0.2,1.0,7.359225389592485,6.037377934775235,7.307666358106328,6.0747318138081425
4586,902.0,20.0,0.2,2.0,7.31281544203097,5.559374240350515,6.9328546245535545,5.337936674096864
4587,902.0,20.0,0.2,3.0,8.173915584109317,6.2712122411159905,7.7805839884970975,6.119807133267964
4588,902.0,20.0,0.2,4.0,7.5367403073442105,5.769462024112865,7.526070660061746,5.697849954843945
4589,902.0,20.0,0.2,5.0,6.163526633972675,4.7651814219048685,6.071036874984953,4.5769999442888
4590,902.0,20.0,0.2,6.0,6.058428280764686,4.565551876120079,5.893877215594142,4.439773562067794
4591,902.0,20.0,0.2,7.0,4.621756566544859,3.4880481908152308,4.718486778497369,3.5360944917359642
4592,902.0,20.0,0.225,1.0,7.636618157599918,6.253351654124125,7.615757593766982,6.293681250033647
4593,902.0,20.0,0.225,2.0,7.985989368801828,5.764026377905024,7.783373609233718,5.5593808421065365
4594,902.0,20.0,0.225,3.0,8.314686063684764,6.432666355265254,8.023705853896153,6.151132947250015
4595,902.0,20.0,0.225,4.0,7.752074070466381,5.807748895230501,7.421024467446855,5.5779114753026375
4596,902.0,20.0,0.225,5.0,6.774185602582008,5.087668319394436,6.328995951601409,4.923060622650388
4597,902.0,20.0,0.225,6.0,5.899047493532459,4.475679052292834,5.849644015678841,4.506263016247307
4598,902.0,20.0,0.225,7.0,5.216692798869145,4.013452034107433,5.1438478002349814,3.946603280189774
4599,902.0,20.0,0.25,1.0,6.823345007970551,5.322496392628673,6.775105918469898,5.338429109711036
4600,902.0,20.0,0.25,2.0,7.327299497987988,5.809494514193593,7.0324084073665025,5.601794844336517
4601,902.0,20.0,0.25,3.0,8.123222758380665,5.994744227001751,7.9347444573987564,5.825153295695508
4602,902.0,20.0,0.25,4.0,8.16380573290117,6.223837642269259,7.965056736734065,6.051240710058571
4603,902.0,20.0,0.25,5.0,6.519451483511668,4.936659275739975,6.167247135302206,4.669973246484767
4604,902.0,20.0,0.25,6.0,8.75879456978567,5.725082571183264,8.286872702284747,5.5019428345744625
4605,902.0,20.0,0.25,7.0,6.446564214180286,4.622504462987426,6.1642731394822095,4.3395844875198435
4606,902.0,20.0,0.275,1.0,7.266925607938373,5.898294668040098,7.2927549431914365,5.928656307057252
4607,902.0,20.0,0.275,2.0,8.56135288057946,6.383330223346871,8.198286758765953,6.153600112557509
4608,902.0,20.0,0.275,3.0,9.179806888368988,6.965554449209741,8.943478078667741,6.825599337477088
4609,902.0,20.0,0.275,4.0,9.06256039273067,6.502006546129799,8.501523778825229,6.004194783941935
4610,902.0,20.0,0.275,5.0,8.195655955303215,5.914134867501474,8.276685503390297,5.99359800583724
4611,902.0,20.0,0.275,6.0,6.010649503255382,4.247600550643265,6.041846821183017,4.192738551577207
4612,902.0,20.0,0.275,7.0,5.496594151875787,4.03125762966993,5.527365337100146,4.060234003373498
4613,902.0,20.0,0.3,1.0,6.39588100348806,4.996424322671726,6.318654873064514,4.984644732859992
4614,902.0,20.0,0.3,2.0,7.437070408917485,5.648953997275976,7.299014995501019,5.508313706896757
4615,902.0,20.0,0.3,3.0,7.496877505945517,5.674342317481867,6.831785936264813,5.329773534199393
4616,902.0,20.0,0.3,4.0,8.733521437128793,6.569390792780537,8.660770720650516,6.304860250449512
4617,902.0,20.0,0.3,5.0,7.807232388732592,5.640209842511997,7.9357268613606795,5.5488964658259
4618,902.0,20.0,0.3,6.0,7.71678425640431,5.619511211350242,7.489750096471354,5.5492904449499365
4619,902.0,20.0,0.3,7.0,5.293856405004139,3.9809117188768446,4.9072956841857724,3.7811701564628555
4620,903.0,1.0,0.05,1.0,1.126795652245349,0.9025457133246195,1.1552408638819671,0.9115908503520698
4621,903.0,1.0,0.05,2.0,0.9738453472538642,0.7686568661761092,0.9275134945742547,0.7221899794775023
4622,903.0,1.0,0.05,3.0,1.0474537315770007,0.8138602636766641,0.9699745834409933,0.7494389087576888
4623,903.0,1.0,0.05,4.0,1.0959464188816121,0.8525109815215438,1.0120593313550514,0.7839914313126173
4624,903.0,1.0,0.05,5.0,1.1258591731589855,0.8741945889809645,1.0526149271208867,0.8267358700704848
4625,903.0,1.0,0.05,6.0,1.2255579161248265,0.9482836936186092,1.158598912572103,0.9033631664351968
4626,903.0,1.0,0.05,7.0,1.3568447651725786,1.057130398852427,1.277518673003859,0.9926732544331405
4627,903.0,1.0,0.075,1.0,1.0640848631068807,0.8556586303624645,1.0831616961679695,0.8537425184962396
4628,903.0,1.0,0.075,2.0,0.9348867303800216,0.7301354565270053,0.8961166601245314,0.6837703013952433
4629,903.0,1.0,0.075,3.0,1.042956268333541,0.8189032466142772,0.9586017951395815,0.7403873211556499
4630,903.0,1.0,0.075,4.0,1.103927139177999,0.8613598849344285,1.0233703089361639,0.7998160252284617
4631,903.0,1.0,0.075,5.0,1.1742939097573892,0.9093538410291615,1.0911436883036536,0.8522499224373871
4632,903.0,1.0,0.075,6.0,1.223714961685966,0.9522025514364291,1.184122010688849,0.9202478674243566
4633,903.0,1.0,0.075,7.0,1.3757973416001879,1.0680474051311142,1.2995672906983993,1.022954845732705
4634,903.0,1.0,0.1,1.0,1.0688791326462754,0.8573508459739119,1.0926497030282918,0.863303216100343
4635,903.0,1.0,0.1,2.0,0.9832133109108407,0.7675954398116915,0.9462047949930011,0.7283969478437756
4636,903.0,1.0,0.1,3.0,1.047688661370431,0.8079245362767471,0.9540957270333436,0.7440058266908476
4637,903.0,1.0,0.1,4.0,1.1264258407838845,0.8850453632159473,1.0431593885837356,0.8082854658190332
4638,903.0,1.0,0.1,5.0,1.180011215004478,0.9094693279028572,1.0913496272070646,0.8382674928100602
4639,903.0,1.0,0.1,6.0,1.266645538739372,0.9797678147365552,1.2019683166160477,0.9425066938407864
4640,903.0,1.0,0.1,7.0,1.4173894552295372,1.0954414372348542,1.3554830606071477,1.0590360161694556
4641,903.0,1.0,0.125,1.0,1.0449586461872373,0.8381430581146403,1.0618438787124562,0.8342996958405767
4642,903.0,1.0,0.125,2.0,0.9920981581774853,0.7783876593337938,0.9383558206260612,0.730750344238154
4643,903.0,1.0,0.125,3.0,1.0159791140129832,0.7903594190110018,0.9597655056273139,0.7392962730034691
4644,903.0,1.0,0.125,4.0,1.1698855102832497,0.9118449078780363,1.0631804292796048,0.8245600167691962
4645,903.0,1.0,0.125,5.0,1.18323994553971,0.9125862028646673,1.131067724415238,0.8767024611763927
4646,903.0,1.0,0.125,6.0,1.2630430259288292,0.9710438447103045,1.1915689689853437,0.9307699868474283
4647,903.0,1.0,0.125,7.0,1.4723519397277498,1.1419680468491793,1.3839360395613263,1.0778609288008933
4648,903.0,1.0,0.15,1.0,1.106696683429304,0.8922861355073843,1.130490085100874,0.8949518435241488
4649,903.0,1.0,0.15,2.0,1.0032153987776888,0.7830304204341956,0.9746208513392122,0.7556000364874537
4650,903.0,1.0,0.15,3.0,1.0430510073909836,0.809372016771274,0.9638378990988511,0.7404649501578358
4651,903.0,1.0,0.15,4.0,1.1547035939987516,0.900445394550082,1.0916067349027676,0.8533113821275414
4652,903.0,1.0,0.15,5.0,1.2906239339424108,0.9916224955955826,1.1970599057434734,0.9151668215612129
4653,903.0,1.0,0.15,6.0,1.2564632290349194,0.9709571294914461,1.187106778584361,0.9283305121489128
4654,903.0,1.0,0.15,7.0,1.4440504014365514,1.1255269843658593,1.3893359291990854,1.0818296287685685
4655,903.0,1.0,0.175,1.0,1.0974934318773808,0.8778230679510013,1.1265199029082478,0.8893396774952675
4656,903.0,1.0,0.175,2.0,1.0149366194496543,0.7951798253587435,0.9621925431262593,0.7478734840640288
4657,903.0,1.0,0.175,3.0,1.0711005370550386,0.8192242956898448,1.0225151991062882,0.7762171726067605
4658,903.0,1.0,0.175,4.0,1.1452846529085057,0.8933254140766026,1.1200939838236113,0.887517239318309
4659,903.0,1.0,0.175,5.0,1.242407380414519,0.9719028249494568,1.1534737848670202,0.8947417032440597
4660,903.0,1.0,0.175,6.0,1.3158196908313302,1.0311351495318408,1.2348465290938717,0.9652391709133709
4661,903.0,1.0,0.175,7.0,1.4702099444876562,1.140441109804291,1.3508336954166105,1.0543046677282564
4662,903.0,1.0,0.2,1.0,1.0909630924506608,0.87269825350372,1.117680720724875,0.8824917366088668
4663,903.0,1.0,0.2,2.0,1.0542941968997972,0.8158566911038783,1.0146813882244172,0.7828132037704629
4664,903.0,1.0,0.2,3.0,1.110734541709071,0.8620561821359584,1.0426076179395305,0.8004245785544554
4665,903.0,1.0,0.2,4.0,1.1852954843500838,0.9260338440487176,1.1158462513199545,0.8688447822949644
4666,903.0,1.0,0.2,5.0,1.2811549351377485,0.9955425165929639,1.19174104890397,0.9281469898419383
4667,903.0,1.0,0.2,6.0,1.3784212550858432,1.0622374474787315,1.272851424671974,0.996153558920412
4668,903.0,1.0,0.2,7.0,1.475140437228505,1.1482067951732327,1.395809562657754,1.1004467744739133
4669,903.0,1.0,0.225,1.0,1.0559869719224144,0.8469587308573444,1.0594868860515503,0.8344817972423749
4670,903.0,1.0,0.225,2.0,1.0850362202694723,0.8498175071628666,1.0310775036978574,0.8006910442521588
4671,903.0,1.0,0.225,3.0,1.1572883689241817,0.8893998599628877,1.1138187472663723,0.855790162502444
4672,903.0,1.0,0.225,4.0,1.197590267741462,0.9327412103695865,1.1043651222143045,0.8720485783813824
4673,903.0,1.0,0.225,5.0,1.279019223915697,1.013723962019426,1.1921262182626169,0.9384909517226881
4674,903.0,1.0,0.225,6.0,1.378938923053985,1.0668308584217652,1.3313809214978956,1.0451977309688467
4675,903.0,1.0,0.225,7.0,1.4858066622048456,1.151323887526582,1.4799618469023883,1.1364242701632634
4676,903.0,1.0,0.25,1.0,1.070536641952303,0.8588630395539081,1.0922971204096152,0.8648262575551828
4677,903.0,1.0,0.25,2.0,0.997865509575111,0.7845973511781957,0.9745795469728075,0.7591234391578757
4678,903.0,1.0,0.25,3.0,1.187361677036033,0.9200408561682816,1.1137330225904127,0.8533602027263251
4679,903.0,1.0,0.25,4.0,1.2554202495785343,0.9814309090749405,1.1623857972735665,0.9035288467408739
4680,903.0,1.0,0.25,5.0,1.2919678159592793,1.0077795356580421,1.2422268391599,0.9757673055691437
4681,903.0,1.0,0.25,6.0,1.377591445038234,1.071904418072796,1.3060426370458513,1.0130093720947932
4682,903.0,1.0,0.25,7.0,1.5321408777288439,1.1898731782646992,1.523451687237254,1.1948097759113832
4683,903.0,1.0,0.275,1.0,1.0600557565067599,0.8483466813330299,1.0775031722680923,0.8490648958476698
4684,903.0,1.0,0.275,2.0,1.0750990908503952,0.8455275219422833,1.0471441051972177,0.8182330498295833
4685,903.0,1.0,0.275,3.0,1.1815739176504376,0.9322167098775471,1.1031736187286159,0.8537966184955528
4686,903.0,1.0,0.275,4.0,1.2491934291409146,0.9676998217875269,1.2149618081887419,0.9502887717342875
4687,903.0,1.0,0.275,5.0,1.373655030296943,1.081702357850367,1.2782118302815082,1.0036153930949634
4688,903.0,1.0,0.275,6.0,1.4091232605221482,1.1001172772305856,1.3493206816021388,1.053563761177301
4689,903.0,1.0,0.275,7.0,1.5597608221012151,1.2208706831990077,1.4910662935280337,1.1722994691349222
4690,903.0,1.0,0.3,1.0,1.100070231364022,0.8906969963908712,1.1147816290604742,0.8799029278123178
4691,903.0,1.0,0.3,2.0,1.0681159220354208,0.8430212638330299,1.024603788452416,0.7980681547476886
4692,903.0,1.0,0.3,3.0,1.1701321725366969,0.9132593256094773,1.1389165023763903,0.8809577773897942
4693,903.0,1.0,0.3,4.0,1.2869467583710428,0.9954628395729351,1.280352154952118,1.005912774088396
4694,903.0,1.0,0.3,5.0,1.381436320912077,1.068027354354165,1.2993125641640106,1.0131408537976485
4695,903.0,1.0,0.3,6.0,1.4469109623514067,1.1220270125355887,1.4210903685220675,1.117725069641281
4696,903.0,1.0,0.3,7.0,1.528421780584494,1.2009415556178242,1.4979240289426639,1.1614854042860712
4697,903.0,2.0,0.05,1.0,1.334943453326165,1.069705374488927,1.3859788553073717,1.1058194264518815
4698,903.0,2.0,0.05,2.0,1.09835960280981,0.8770036942652284,1.0756364725025012,0.8509878417570308
4699,903.0,2.0,0.05,3.0,1.160038950142763,0.9107570006454045,1.1448876281388845,0.8961619856696813
4700,903.0,2.0,0.05,4.0,1.1840164537750049,0.9333695417375094,1.165739575120013,0.916848287510049
4701,903.0,2.0,0.05,5.0,1.301417500300166,1.0227245860522283,1.313287923572057,1.0350207489726293
4702,903.0,2.0,0.05,6.0,1.444665526729632,1.1457004778328246,1.4115036312783176,1.1171422375613855
4703,903.0,2.0,0.05,7.0,1.549436152813161,1.2169005287747203,1.483502840294743,1.165298299496887
4704,903.0,2.0,0.075,1.0,1.3432289278602838,1.0764026424393156,1.394945285873211,1.1134134797277297
4705,903.0,2.0,0.075,2.0,1.1125357422644064,0.8747011888631898,1.084275321055219,0.8538358028494305
4706,903.0,2.0,0.075,3.0,1.136127061912946,0.8956174902554072,1.1096761901534549,0.8723093321872091
4707,903.0,2.0,0.075,4.0,1.2318272316902747,0.9735938660143426,1.2236042190800616,0.970283973386842
4708,903.0,2.0,0.075,5.0,1.297411645683254,1.0181405047304213,1.2958144628903099,1.017226075978312
4709,903.0,2.0,0.075,6.0,1.4759634715259338,1.1575248446564232,1.397866226280601,1.1020038786667656
4710,903.0,2.0,0.075,7.0,1.5727976715725995,1.2258017286262766,1.5313801902581687,1.2023988587458285
4711,903.0,2.0,0.1,1.0,1.3293108313292672,1.063858850280113,1.3844197133647713,1.1060528329137482
4712,903.0,2.0,0.1,2.0,1.0823793822953878,0.8558177163056008,1.06639843558184,0.8416207917816723
4713,903.0,2.0,0.1,3.0,1.1489369313903004,0.9030727204636053,1.1267977332137993,0.8840118704998319
4714,903.0,2.0,0.1,4.0,1.2420934248076116,0.967460966058875,1.2192100232444318,0.9567148087993061
4715,903.0,2.0,0.1,5.0,1.3037951223763344,1.0201592786752427,1.321693561588689,1.0406102202739274
4716,903.0,2.0,0.1,6.0,1.4741123431135068,1.1697636765503931,1.4453397952533775,1.1393168104072993
4717,903.0,2.0,0.1,7.0,1.5627922138529335,1.2235470053635074,1.5136399228427282,1.1959355002745182
4718,903.0,2.0,0.125,1.0,1.2735555085541184,1.0217598367953211,1.3048049618720434,1.043577327434987
4719,903.0,2.0,0.125,2.0,1.0520422165890786,0.8277036724276655,1.0170159404183385,0.8027654834198296
4720,903.0,2.0,0.125,3.0,1.181140617453627,0.9169764763497796,1.1830104129429035,0.9279646904234615
4721,903.0,2.0,0.125,4.0,1.2622537039882353,0.9704140944735812,1.228821728663983,0.9725158244831478
4722,903.0,2.0,0.125,5.0,1.3309055415746343,1.0581847312083497,1.3226099718773774,1.0454443475411794
4723,903.0,2.0,0.125,6.0,1.4855679598385965,1.1646125059658692,1.4421406106179973,1.1301507194982756
4724,903.0,2.0,0.125,7.0,1.5689242469138778,1.2252959255680853,1.502551365553374,1.1883543080639467
4725,903.0,2.0,0.15,1.0,1.261543528930093,1.0080126360207238,1.2945196325956425,1.0359591265824724
4726,903.0,2.0,0.15,2.0,1.1180515776990982,0.8850022044496434,1.0743880975195619,0.8508432064059795
4727,903.0,2.0,0.15,3.0,1.1726780920395001,0.9140177049125813,1.1913227152059978,0.9533465877414321
4728,903.0,2.0,0.15,4.0,1.2447984895668522,0.9837761257583436,1.2224403493928566,0.9616796152166821
4729,903.0,2.0,0.15,5.0,1.372172594959175,1.0761451466372782,1.3858766466703925,1.0858553371754516
4730,903.0,2.0,0.15,6.0,1.514798770039507,1.1815955564181404,1.4961104398693517,1.1771744960559236
4731,903.0,2.0,0.15,7.0,1.6260663355824023,1.2684701980059467,1.5984644300209874,1.250293277313781
4732,903.0,2.0,0.175,1.0,1.250104644399739,0.9953463726047641,1.2989337191183115,1.0392807746730957
4733,903.0,2.0,0.175,2.0,1.1565691185302858,0.9202109691013072,1.1204426378374057,0.8849611249086339
4734,903.0,2.0,0.175,3.0,1.225869269051249,0.9658778045836467,1.2031212141739251,0.9454910511200787
4735,903.0,2.0,0.175,4.0,1.317960158776712,1.0292625095995043,1.2705002923155106,0.9948204668245719
4736,903.0,2.0,0.175,5.0,1.3744060968131524,1.0703009717266332,1.369543259729698,1.070022883606011
4737,903.0,2.0,0.175,6.0,1.5196201776627052,1.184755732911714,1.5012776394382341,1.172873108364358
4738,903.0,2.0,0.175,7.0,1.6094085262105444,1.2509530394512416,1.569568117212444,1.2277775599531013
4739,903.0,2.0,0.2,1.0,1.2320905188590396,0.9819496644433352,1.268321035354028,1.0123709357156276
4740,903.0,2.0,0.2,2.0,1.170117511808638,0.9148403829505128,1.1798967648284155,0.9249050900752975
4741,903.0,2.0,0.2,3.0,1.2082968290067182,0.9354949504124948,1.1930225336720632,0.9197433660037495
4742,903.0,2.0,0.2,4.0,1.3405395680611654,1.0326315757140436,1.3692249146994344,1.075039734857013
4743,903.0,2.0,0.2,5.0,1.411995001583188,1.0858394855961038,1.3356482847164248,1.054322807714118
4744,903.0,2.0,0.2,6.0,1.5609381786026015,1.2193741609978284,1.5295774653397436,1.2066601637179935
4745,903.0,2.0,0.2,7.0,1.663597302549318,1.2972276812890873,1.6118707534548768,1.2758174493339005
4746,903.0,2.0,0.225,1.0,1.2501666394904603,0.9963412475433823,1.2832029813384938,1.025817301885128
4747,903.0,2.0,0.225,2.0,1.155447552378399,0.90722383492808,1.124623755097445,0.8972104671828219
4748,903.0,2.0,0.225,3.0,1.219434155668156,0.9656132943817922,1.225528831134016,0.9615662773908537
4749,903.0,2.0,0.225,4.0,1.3819583029039852,1.0938240873627156,1.36170790081191,1.0761190975725394
4750,903.0,2.0,0.225,5.0,1.4442612614560077,1.1336468649570206,1.4540851511405075,1.133245939160914
4751,903.0,2.0,0.225,6.0,1.6096849154132353,1.2604177710246813,1.5779590228298526,1.234343553558333
4752,903.0,2.0,0.225,7.0,1.68313688148949,1.3238611329195566,1.669982851201104,1.3329655292398315
4753,903.0,2.0,0.25,1.0,1.3225843368742056,1.0517948086016558,1.3820770777429876,1.1005535867338068
4754,903.0,2.0,0.25,2.0,1.183669119921248,0.9251783056374409,1.1195960019073838,0.8771168027076842
4755,903.0,2.0,0.25,3.0,1.2665119053382121,1.0048879972676696,1.2792305894640261,0.9999669598747175
4756,903.0,2.0,0.25,4.0,1.432979684539347,1.1220049340829117,1.4363456686853575,1.1290487319514886
4757,903.0,2.0,0.25,5.0,1.4566855691905134,1.1421862797577949,1.4503352443335553,1.1474993071785466
4758,903.0,2.0,0.25,6.0,1.5757458991816364,1.241406604833906,1.546002103010541,1.2069566866688206
4759,903.0,2.0,0.25,7.0,1.7089113876756252,1.3383203924862295,1.7124455444524571,1.3563205820096327
4760,903.0,2.0,0.275,1.0,1.2453737774389688,0.9911742482077082,1.286296070221174,1.0266312097766181
4761,903.0,2.0,0.275,2.0,1.2531554897581847,0.987781214786505,1.2117036228863278,0.9556179206668937
4762,903.0,2.0,0.275,3.0,1.3376868947462188,1.0431323755280764,1.3589356254335083,1.0646356944650324
4763,903.0,2.0,0.275,4.0,1.3432781318450713,1.04586967207551,1.3431815264809506,1.0410264119580648
4764,903.0,2.0,0.275,5.0,1.5443957208733696,1.2167755945552148,1.5123070157927199,1.2128349189475836
4765,903.0,2.0,0.275,6.0,1.5720157181918657,1.241311445095887,1.6041331940779253,1.2768499379842913
4766,903.0,2.0,0.275,7.0,1.7273508503743795,1.364683859186312,1.7507940204585886,1.367730686914549
4767,903.0,2.0,0.3,1.0,1.2686038747634283,1.008977705892146,1.300177151865714,1.0370856728112512
4768,903.0,2.0,0.3,2.0,1.2269874895979687,0.9642859162620137,1.189880150120233,0.9321441269699814
4769,903.0,2.0,0.3,3.0,1.4128532719854447,1.0971803056313727,1.4261404268552853,1.119342636639281
4770,903.0,2.0,0.3,4.0,1.409395546174517,1.110908557507034,1.3890558045606187,1.1146647545968162
4771,903.0,2.0,0.3,5.0,1.568749958634608,1.2312048811625622,1.495027444706902,1.1807649368885835
4772,903.0,2.0,0.3,6.0,1.5887973011805212,1.2453821740453483,1.5884297549934512,1.2563603238475816
4773,903.0,2.0,0.3,7.0,1.7487955434825841,1.3751690115826514,1.7565081856064513,1.3787573406681604
4774,903.0,3.0,0.05,1.0,1.5520654205953608,1.2714787830697336,1.6287447587463644,1.3258032052622981
4775,903.0,3.0,0.05,2.0,1.3613883537227098,1.1056630198748238,1.3426034054472746,1.085504379144635
4776,903.0,3.0,0.05,3.0,1.3775653410310484,1.1143359136757849,1.3390906998092342,1.0746839483257842
4777,903.0,3.0,0.05,4.0,1.3664998084923197,1.0997819211666728,1.372581524008779,1.1128563571979948
4778,903.0,3.0,0.05,5.0,1.4803384310630932,1.178892082133103,1.4805698114223653,1.1909136534297418
4779,903.0,3.0,0.05,6.0,1.530743292887958,1.2204976690119318,1.506544429758936,1.221801400170866
4780,903.0,3.0,0.05,7.0,1.6303795368232703,1.2829579650719656,1.6455000765849652,1.312303874676663
4781,903.0,3.0,0.075,1.0,1.4011243502686084,1.1314693672590648,1.4779059595565613,1.1987601385460382
4782,903.0,3.0,0.075,2.0,1.3029515695924625,1.0573274772220198,1.2999073125480156,1.0372525255254352
4783,903.0,3.0,0.075,3.0,1.3259810278332815,1.0560747355741054,1.3005459679944829,1.0271534496650447
4784,903.0,3.0,0.075,4.0,1.3703856437145536,1.0784162673107578,1.3757663561918558,1.0812796456270757
4785,903.0,3.0,0.075,5.0,1.454404625066025,1.1374429214012303,1.4420210507177986,1.1434929158811216
4786,903.0,3.0,0.075,6.0,1.490249087073777,1.1725934963261948,1.5104900091230884,1.2037244504774158
4787,903.0,3.0,0.075,7.0,1.634547407279902,1.2962353947935508,1.6669224628966461,1.3403583630545162
4788,903.0,3.0,0.1,1.0,1.413319725263387,1.1443797791688195,1.4948149148052723,1.2128350418614957
4789,903.0,3.0,0.1,2.0,1.3503612527997617,1.0933290329121998,1.3483059788213332,1.0867233352555805
4790,903.0,3.0,0.1,3.0,1.33919935201697,1.0755528598857553,1.3242532503304854,1.044619750352954
4791,903.0,3.0,0.1,4.0,1.3451572778141734,1.0598894870254534,1.3589787281439056,1.0866612452811621
4792,903.0,3.0,0.1,5.0,1.4688205238634573,1.158984547127939,1.4514634243334676,1.1522297081671016
4793,903.0,3.0,0.1,6.0,1.4910776761816606,1.1831195096480642,1.4760145907754056,1.17533164508556
4794,903.0,3.0,0.1,7.0,1.570522865129232,1.2428139811223071,1.660466367281532,1.3256430529954255
4795,903.0,3.0,0.125,1.0,1.4664542968810286,1.192394417135115,1.5426445983383388,1.2509640178274715
4796,903.0,3.0,0.125,2.0,1.2715315354654437,1.0174651099462886,1.246954392897501,0.9878949712488041
4797,903.0,3.0,0.125,3.0,1.2845627941658246,1.0099432638680517,1.2572485247361718,0.9836551484185131
4798,903.0,3.0,0.125,4.0,1.409127688782527,1.1193249398912777,1.4028250819909922,1.1247404299907722
4799,903.0,3.0,0.125,5.0,1.464342736656699,1.1355139273650243,1.4139358022385407,1.1257093536929834
4800,903.0,3.0,0.125,6.0,1.5640141473698381,1.2351606867721412,1.5713915792906443,1.2537017619579087
4801,903.0,3.0,0.125,7.0,1.6863245876695048,1.3345865472309644,1.7069992078986542,1.378047323341419
4802,903.0,3.0,0.15,1.0,1.4028991532380175,1.1335869551946993,1.4808124006257302,1.1999577598834914
4803,903.0,3.0,0.15,2.0,1.2966357081537538,1.0448590583480104,1.2913003244340713,1.0439560467895221
4804,903.0,3.0,0.15,3.0,1.3442476182248777,1.063014899603537,1.3483146433561988,1.0649694055024825
4805,903.0,3.0,0.15,4.0,1.4006301499568228,1.1291017239794379,1.4206974806787698,1.136622933665968
4806,903.0,3.0,0.15,5.0,1.501881924015383,1.1694667860074597,1.5107145275540197,1.2017187061142542
4807,903.0,3.0,0.15,6.0,1.5471416447653759,1.2281649543273288,1.5469700075444954,1.2409795505273657
4808,903.0,3.0,0.15,7.0,1.7145680990174736,1.3478385487653946,1.7259396577173056,1.3899774663532727
4809,903.0,3.0,0.175,1.0,1.4517421044461851,1.1805460909419905,1.5346548490262915,1.2480538591392274
4810,903.0,3.0,0.175,2.0,1.2737355793625895,1.0318886151690907,1.2696571286771587,1.0038784381684298
4811,903.0,3.0,0.175,3.0,1.3959514487440328,1.111258349349322,1.4020041353173724,1.0963603646925304
4812,903.0,3.0,0.175,4.0,1.3942452492171846,1.0861888836732978,1.371375921183739,1.0776599545045569
4813,903.0,3.0,0.175,5.0,1.4933609627255138,1.1727449853729772,1.486880358466589,1.1994757578985231
4814,903.0,3.0,0.175,6.0,1.5825717802355692,1.2463124287504366,1.6278520626797417,1.2985355517397752
4815,903.0,3.0,0.175,7.0,1.7258986457165193,1.3762534480409359,1.7908187182831197,1.421285600845527
4816,903.0,3.0,0.2,1.0,1.4225780390402407,1.149029737168554,1.5058239485592093,1.2193293868432737
4817,903.0,3.0,0.2,2.0,1.393857911196929,1.1155556420708033,1.4174287442520588,1.1287619962686162
4818,903.0,3.0,0.2,3.0,1.3492776915770768,1.0837740639763538,1.3492119161959977,1.0534378181864898
4819,903.0,3.0,0.2,4.0,1.506762476603291,1.1790139027025848,1.4603057221772064,1.1481372077954024
4820,903.0,3.0,0.2,5.0,1.4961587241180807,1.170090454361036,1.5191946168892263,1.2131460959633538
4821,903.0,3.0,0.2,6.0,1.625779097753959,1.2947892134100396,1.6487461702580264,1.3204038017209296
4822,903.0,3.0,0.2,7.0,1.7234265972482088,1.3505093167055444,1.7305132125952143,1.3756509369101775
4823,903.0,3.0,0.225,1.0,1.4063728637308097,1.1329715243072065,1.4940569562862167,1.2060369833335989
4824,903.0,3.0,0.225,2.0,1.377001751905254,1.0978957689170201,1.378713230928176,1.1035836727100037
4825,903.0,3.0,0.225,3.0,1.4157826674836622,1.1272878541917943,1.4001726576577072,1.1069418980156323
4826,903.0,3.0,0.225,4.0,1.4141188299256044,1.118704002795611,1.4277294175456934,1.112832376300254
4827,903.0,3.0,0.225,5.0,1.6049794397554242,1.2816549297531483,1.5600107818732818,1.2400448585280393
4828,903.0,3.0,0.225,6.0,1.6844053554804834,1.3271197044210008,1.6928017546446545,1.3302857795704435
4829,903.0,3.0,0.225,7.0,1.7826863318572646,1.3968317768001308,1.7986312747606925,1.4306892155862938
4830,903.0,3.0,0.25,1.0,1.396808068169455,1.1172262853325492,1.489525957836013,1.2043882340987333
4831,903.0,3.0,0.25,2.0,1.372493108689255,1.0863290598882573,1.3744607713845227,1.0893419746649593
4832,903.0,3.0,0.25,3.0,1.4133869355274784,1.1162225892444604,1.408189329354973,1.1208615379405937
4833,903.0,3.0,0.25,4.0,1.5031190028950283,1.1765033758271384,1.5491961449963823,1.2221758616767577
4834,903.0,3.0,0.25,5.0,1.5872698633313596,1.2595284613417057,1.620984707416485,1.2674092590355654
4835,903.0,3.0,0.25,6.0,1.7364718402744315,1.3884561856778177,1.7524258925715075,1.3875129290644055
4836,903.0,3.0,0.25,7.0,1.8178024265779635,1.4148648363214147,1.8899830623262839,1.5213161154232624
4837,903.0,3.0,0.275,1.0,1.380778999332247,1.0956233349499283,1.4697339422262836,1.1912069492342205
4838,903.0,3.0,0.275,2.0,1.3478104140545506,1.070763416825484,1.3572247231208248,1.0909281765529857
4839,903.0,3.0,0.275,3.0,1.4544201099730596,1.1508201422387385,1.4332315882598798,1.1482985394872431
4840,903.0,3.0,0.275,4.0,1.4950251359270144,1.1692936311961284,1.5363948803809109,1.230382590295382
4841,903.0,3.0,0.275,5.0,1.7005486803276868,1.3258440264757365,1.6444668440000785,1.2899590273287411
4842,903.0,3.0,0.275,6.0,1.7624176004148049,1.3678943123342033,1.7608425660631641,1.3984811418411918
4843,903.0,3.0,0.275,7.0,1.8401829038989086,1.4429110075934337,1.9127668547958585,1.528031246971984
4844,903.0,3.0,0.3,1.0,1.516416365600271,1.2232591476672405,1.6011771215122756,1.2951631053809993
4845,903.0,3.0,0.3,2.0,1.3616578612603427,1.088011719727179,1.3765784727346635,1.1033603647692982
4846,903.0,3.0,0.3,3.0,1.469236173900455,1.159226790226919,1.494344671147951,1.1721430918667926
4847,903.0,3.0,0.3,4.0,1.4983893075293826,1.185678703029727,1.5869689091845243,1.266339032566309
4848,903.0,3.0,0.3,5.0,1.6425837470424676,1.2761453404823542,1.6239973666075143,1.2730877234819287
4849,903.0,3.0,0.3,6.0,1.7510744019535047,1.3765806160271876,1.7735478961188562,1.3938088286330685
4850,903.0,3.0,0.3,7.0,1.8868153835963013,1.4466732933315962,1.8731479923341203,1.4954096484603183
4851,903.0,4.0,0.05,1.0,1.5505555181765405,1.258976935475155,1.5819409808892775,1.2756435289019292
4852,903.0,4.0,0.05,2.0,1.4304890507279966,1.1526357605972979,1.4077850109562904,1.1343576259402393
4853,903.0,4.0,0.05,3.0,1.4399994482214673,1.1463355770514418,1.4216672647938597,1.1285463938965672
4854,903.0,4.0,0.05,4.0,1.3812379755178246,1.0839190004415564,1.4187899225946738,1.124926950068775
4855,903.0,4.0,0.05,5.0,1.4987115707582295,1.1901271708007006,1.4691676731216141,1.1702611984345297
4856,903.0,4.0,0.05,6.0,1.5048929066253236,1.178553282038042,1.4959280032226596,1.191928243452154
4857,903.0,4.0,0.05,7.0,1.6355257679267567,1.2886901373414648,1.6258304586581562,1.3032966070456542
4858,903.0,4.0,0.075,1.0,1.6347415348213679,1.32692296523538,1.671166115104197,1.3526868877517264
4859,903.0,4.0,0.075,2.0,1.4294861082738632,1.1520337379825847,1.4224389007499172,1.1431362657529034
4860,903.0,4.0,0.075,3.0,1.3947586754082455,1.0988938779372874,1.4072493070148808,1.1160836049004002
4861,903.0,4.0,0.075,4.0,1.4136166855199963,1.089217024170044,1.382288188989622,1.0876907928594137
4862,903.0,4.0,0.075,5.0,1.514800342464562,1.2028691074641524,1.5057947750761365,1.2184227270491184
4863,903.0,4.0,0.075,6.0,1.5201529082037895,1.2011532182681264,1.5231536700281993,1.21248051334408
4864,903.0,4.0,0.075,7.0,1.618747628146734,1.293020189787987,1.6125372872999002,1.2935193675022287
4865,903.0,4.0,0.1,1.0,1.5688897039081369,1.272738258458796,1.6008750464891903,1.2913004180977348
4866,903.0,4.0,0.1,2.0,1.3704749912412586,1.0994862317128118,1.375196305709856,1.1092935509560853
4867,903.0,4.0,0.1,3.0,1.4517927112073414,1.153154854645917,1.4522726844916949,1.1556683637251877
4868,903.0,4.0,0.1,4.0,1.374062930784325,1.0784110448119728,1.3727867401747813,1.0937175836957231
4869,903.0,4.0,0.1,5.0,1.5092823127076085,1.19626605535599,1.498811361778624,1.1992644795170977
4870,903.0,4.0,0.1,6.0,1.580638948428171,1.255884478203664,1.5524547728062403,1.2432679733001246
4871,903.0,4.0,0.1,7.0,1.6664005848059718,1.3110845782736738,1.6686694029658906,1.325322816881389
4872,903.0,4.0,0.125,1.0,1.648555691317902,1.3370298767230966,1.6828660994369868,1.3615275405568237
4873,903.0,4.0,0.125,2.0,1.3802972466302048,1.1051969935945536,1.3859351334373236,1.1188461458171068
4874,903.0,4.0,0.125,3.0,1.4759475008160141,1.1901184315563451,1.4571657512721872,1.180176741307495
4875,903.0,4.0,0.125,4.0,1.4282795471041918,1.1441429731308808,1.4437110197831042,1.1622602414717014
4876,903.0,4.0,0.125,5.0,1.4661294630117734,1.1547716939639368,1.4516691679331382,1.1351180788223578
4877,903.0,4.0,0.125,6.0,1.6418463109959207,1.28083951755963,1.5989374969828714,1.2711285161680665
4878,903.0,4.0,0.125,7.0,1.6665589779416667,1.3286387677711546,1.6607662009760256,1.3208647387508727
4879,903.0,4.0,0.15,1.0,1.6001803388051548,1.304779480500807,1.6260109469733763,1.3176879198660545
4880,903.0,4.0,0.15,2.0,1.401643080274628,1.122121383744839,1.4094104632026638,1.131307615149765
4881,903.0,4.0,0.15,3.0,1.4854870282685737,1.1818547742804217,1.4987431393415918,1.202691653794857
4882,903.0,4.0,0.15,4.0,1.4094931788033238,1.1081454043998442,1.4352820774157256,1.1363944005775433
4883,903.0,4.0,0.15,5.0,1.5805063751807087,1.2486232332200589,1.594269921619389,1.2530583285999
4884,903.0,4.0,0.15,6.0,1.5863843585485724,1.2427746878385215,1.5279038384513532,1.211263950564813
4885,903.0,4.0,0.15,7.0,1.648657840511276,1.3039528565954583,1.6677423197527306,1.3141947642920244
4886,903.0,4.0,0.175,1.0,1.52671285238196,1.246420480215803,1.5581396394840206,1.2509548993810682
4887,903.0,4.0,0.175,2.0,1.3911785931377008,1.1259748150214752,1.4167502889188808,1.1462782748139062
4888,903.0,4.0,0.175,3.0,1.4535388174024677,1.1623056786507264,1.4527751801119586,1.164116719241688
4889,903.0,4.0,0.175,4.0,1.4713927721643698,1.1577853442702524,1.500463261596582,1.1838836546325955
4890,903.0,4.0,0.175,5.0,1.613825014845041,1.2709961522570896,1.655786728769923,1.3034089501965516
4891,903.0,4.0,0.175,6.0,1.625179562402296,1.286130581328456,1.617661206684956,1.2942913939977307
4892,903.0,4.0,0.175,7.0,1.7497256740644593,1.3820209226915185,1.7024216021055223,1.3598750955887795
4893,903.0,4.0,0.2,1.0,1.5571699497855458,1.2625402451237535,1.5972195767785553,1.2943384750838487
4894,903.0,4.0,0.2,2.0,1.4355640637684413,1.1442773749708226,1.412170338537949,1.1300500770883697
4895,903.0,4.0,0.2,3.0,1.4492376460671936,1.1328058347283763,1.4872412470335434,1.1790706358300826
4896,903.0,4.0,0.2,4.0,1.522525815213567,1.1827018041920978,1.5219673732970431,1.1983441954357195
4897,903.0,4.0,0.2,5.0,1.6113951408901308,1.2604473045272844,1.6815309188783245,1.325924263377435
4898,903.0,4.0,0.2,6.0,1.723647393316083,1.347522818895923,1.7076217298383625,1.3650887272953756
4899,903.0,4.0,0.2,7.0,1.7562765369990736,1.3876496492096582,1.7362808011116242,1.3757237826053925
4900,903.0,4.0,0.225,1.0,1.4905085616201708,1.2096419567343246,1.532397391173203,1.2277807390097535
4901,903.0,4.0,0.225,2.0,1.499361115508289,1.2036533629343968,1.463553672333876,1.1859924201183076
4902,903.0,4.0,0.225,3.0,1.479549466752908,1.1588542532051251,1.4672130925659905,1.1605305242767259
4903,903.0,4.0,0.225,4.0,1.4972616159911742,1.1549636605183928,1.526635938589293,1.1817443014742615
4904,903.0,4.0,0.225,5.0,1.5698380102673761,1.2297674215339292,1.5824076641428215,1.2586913489302898
4905,903.0,4.0,0.225,6.0,1.6969141448849727,1.3426489372278512,1.7482713287027052,1.3965337071164297
4906,903.0,4.0,0.225,7.0,1.7451485440059735,1.3781381496425837,1.7375521042162614,1.3728277400121565
4907,903.0,4.0,0.25,1.0,1.534015351057349,1.2445647070056105,1.5677497666802933,1.261521232333231
4908,903.0,4.0,0.25,2.0,1.4991436421692157,1.2003847471721127,1.4835778458729723,1.1845503467217082
4909,903.0,4.0,0.25,3.0,1.4283318948079229,1.1243821798051434,1.4500018487834414,1.151307897735448
4910,903.0,4.0,0.25,4.0,1.5288574475228647,1.1916861694555558,1.5875749155584784,1.2514662349969663
4911,903.0,4.0,0.25,5.0,1.7122790937301964,1.346066911996656,1.7982131135585395,1.4381670275738503
4912,903.0,4.0,0.25,6.0,1.7407688460446364,1.3804884827978519,1.790461461928629,1.4337558026379418
4913,903.0,4.0,0.25,7.0,1.8738694559254234,1.4795628707053774,1.823647771032648,1.439510426510622
4914,903.0,4.0,0.275,1.0,1.5900314620927496,1.2830447197141799,1.6066016035861532,1.2901480441251405
4915,903.0,4.0,0.275,2.0,1.4093053257346635,1.119912518936202,1.4511496622602746,1.1648336087466469
4916,903.0,4.0,0.275,3.0,1.5003152452723936,1.201221165126099,1.5068480421631412,1.2065879654108547
4917,903.0,4.0,0.275,4.0,1.5496473892684715,1.2183456666134327,1.6124984889877905,1.2777008648743367
4918,903.0,4.0,0.275,5.0,1.7184270082789994,1.3297895640607211,1.7175155897551089,1.3454567035522782
4919,903.0,4.0,0.275,6.0,1.795623665633556,1.4177001317331999,1.7668851905009764,1.415738063695434
4920,903.0,4.0,0.275,7.0,1.8646400630692304,1.4737616916160752,1.8845510628780293,1.4773395489932983
4921,903.0,4.0,0.3,1.0,1.4727975126520019,1.1907571345414145,1.4996804937501913,1.1994638235684194
4922,903.0,4.0,0.3,2.0,1.524338712351341,1.2114257109250226,1.5123039657156547,1.2239619308942722
4923,903.0,4.0,0.3,3.0,1.5149122272278452,1.1841641972743333,1.5274194297629726,1.2089015429600245
4924,903.0,4.0,0.3,4.0,1.6254431999829446,1.2416927498212889,1.651975074570146,1.2758940067985716
4925,903.0,4.0,0.3,5.0,1.7941155841807597,1.4047836948133967,1.8248935187500557,1.435090842733468
4926,903.0,4.0,0.3,6.0,1.8137359656238041,1.4500878684697422,1.8532710051811645,1.4681636072854098
4927,903.0,4.0,0.3,7.0,1.7844389072190454,1.410714965808028,1.7958711807550671,1.4198878163668724
4928,903.0,5.0,0.05,1.0,1.7826682587652272,1.452233820245559,1.8123848376123968,1.4757505751596949
4929,903.0,5.0,0.05,2.0,1.6002731026745158,1.2912277174673925,1.5931893001448412,1.2843219422607655
4930,903.0,5.0,0.05,3.0,1.4218691790459468,1.1392319465744014,1.4556057763356656,1.1818150416980793
4931,903.0,5.0,0.05,4.0,1.5456407808600572,1.2513678188151676,1.6142168876145053,1.31432467419045
4932,903.0,5.0,0.05,5.0,1.5597390268817548,1.2425584705847932,1.6195741923983142,1.3086404238529972
4933,903.0,5.0,0.05,6.0,1.6239709476206063,1.3018660851950945,1.6747643360795552,1.3592547553987688
4934,903.0,5.0,0.05,7.0,1.6796664770541125,1.3068754567714127,1.7221950827264807,1.3839323027405
4935,903.0,5.0,0.075,1.0,1.8084548926870614,1.4722947015347394,1.8388033922417275,1.4983453890371285
4936,903.0,5.0,0.075,2.0,1.5603692742506998,1.248242187518331,1.568778388363763,1.261530747327176
4937,903.0,5.0,0.075,3.0,1.4750533533295729,1.1815142938027314,1.495507810474537,1.2119325812866981
4938,903.0,5.0,0.075,4.0,1.4733846942109763,1.1755836762947274,1.553592036982804,1.2626059370030678
4939,903.0,5.0,0.075,5.0,1.6886005018697339,1.3487852889337273,1.7224657298542085,1.3987931049975573
4940,903.0,5.0,0.075,6.0,1.5594927335867024,1.24332169114195,1.6657321695556055,1.3488269946790092
4941,903.0,5.0,0.075,7.0,1.7057370478322196,1.3335802547564608,1.7539822242983663,1.4045564929230212
4942,903.0,5.0,0.1,1.0,1.8285742542948658,1.4888693700849303,1.8560121322408292,1.5105521068836718
4943,903.0,5.0,0.1,2.0,1.5947687592291802,1.277508437450481,1.5797164733711855,1.2756634735031844
4944,903.0,5.0,0.1,3.0,1.5398348610993118,1.240286239166856,1.5512206553889767,1.2682947873005213
4945,903.0,5.0,0.1,4.0,1.4686199359070695,1.1620215472106454,1.5275697858245942,1.208031684393329
4946,903.0,5.0,0.1,5.0,1.6107624539374001,1.2993067504609852,1.6876721725473336,1.3705217551435493
4947,903.0,5.0,0.1,6.0,1.6410302560378767,1.3219418288328937,1.7106473077563815,1.3788375980379939
4948,903.0,5.0,0.1,7.0,1.7238782939105493,1.3567532491299366,1.7694261850232296,1.408325236199776
4949,903.0,5.0,0.125,1.0,1.841167832751986,1.5026703013757714,1.8771268759988442,1.5374963210855228
4950,903.0,5.0,0.125,2.0,1.5955843861605714,1.2816806280711384,1.576552617248979,1.2637545007059827
4951,903.0,5.0,0.125,3.0,1.5173047840998026,1.2124710905177953,1.5604557946416298,1.26377533367641
4952,903.0,5.0,0.125,4.0,1.6010488803208982,1.2830227596523096,1.6475599506962826,1.3381430128545517
4953,903.0,5.0,0.125,5.0,1.6107816810808357,1.2972174064237938,1.700397108004544,1.3699866514045276
4954,903.0,5.0,0.125,6.0,1.5931247936070763,1.2595488237403765,1.68807341254617,1.3507785478727907
4955,903.0,5.0,0.125,7.0,1.7361296962336474,1.3758932046825594,1.7772934043465054,1.4155135727393695
4956,903.0,5.0,0.15,1.0,1.7567697499429245,1.4303494685187497,1.7981471038466588,1.4562947779635533
4957,903.0,5.0,0.15,2.0,1.632097825449299,1.3170162500052442,1.6010615491179931,1.288541415250143
4958,903.0,5.0,0.15,3.0,1.5071604741889468,1.203905286706293,1.5407840256518777,1.2385487958029728
4959,903.0,5.0,0.15,4.0,1.5573288162216783,1.2408253279246784,1.641862966309128,1.3104428392643357
4960,903.0,5.0,0.15,5.0,1.6154688438126976,1.2887144969501034,1.6816276705104602,1.3582279090302136
4961,903.0,5.0,0.15,6.0,1.6011498691054984,1.2660477514876942,1.7328494440776376,1.3912206072899655
4962,903.0,5.0,0.15,7.0,1.7351953569754965,1.3682002298929483,1.7746798087792872,1.41797102320384
4963,903.0,5.0,0.175,1.0,1.827074326606316,1.491525398498487,1.8735503209466722,1.5329632424210415
4964,903.0,5.0,0.175,2.0,1.5486860807632037,1.2411768156046112,1.572861565025154,1.2791311589072016
4965,903.0,5.0,0.175,3.0,1.5518239044309479,1.2352763066519674,1.534493011193556,1.2534949801279394
4966,903.0,5.0,0.175,4.0,1.5655915337797317,1.2345148961730237,1.6505311585382305,1.3182913601025625
4967,903.0,5.0,0.175,5.0,1.6824356867337065,1.3323720601733358,1.797588134263943,1.417722193812296
4968,903.0,5.0,0.175,6.0,1.68167289429719,1.3354883226099867,1.7457286618339773,1.4069281883061198
4969,903.0,5.0,0.175,7.0,1.734539019840006,1.3509362483703344,1.8314500939113227,1.4718372498596837
4970,903.0,5.0,0.2,1.0,1.753064066914291,1.4201504671411294,1.7883941814635278,1.45041213094993
4971,903.0,5.0,0.2,2.0,1.4929113640121248,1.1980431669481924,1.527082749003991,1.2298880326137833
4972,903.0,5.0,0.2,3.0,1.5996189838234407,1.2797754161526749,1.5612164778569302,1.2672520063748385
4973,903.0,5.0,0.2,4.0,1.5284802171803886,1.2183832332395907,1.6213734207274562,1.2869233987668294
4974,903.0,5.0,0.2,5.0,1.6033799021085542,1.2667286438328895,1.6612162334596998,1.3563409541864138
4975,903.0,5.0,0.2,6.0,1.702666409566856,1.3367414963142679,1.7354794117846017,1.3941829414915776
4976,903.0,5.0,0.2,7.0,1.852216562414196,1.422528706835894,1.945974774503085,1.519647568849091
4977,903.0,5.0,0.225,1.0,1.8319784560624082,1.4943149092757384,1.8696653602697861,1.5281637156631367
4978,903.0,5.0,0.225,2.0,1.6778209832363995,1.3373655027425861,1.6754964043967866,1.3454996623408237
4979,903.0,5.0,0.225,3.0,1.473969703498613,1.1774254741942909,1.5151343708501606,1.21093462281723
4980,903.0,5.0,0.225,4.0,1.585825580407062,1.23677937638206,1.645912215295774,1.3021369873136808
4981,903.0,5.0,0.225,5.0,1.7614245647017024,1.4111344323261736,1.7803619139181381,1.4380052746715286
4982,903.0,5.0,0.225,6.0,1.7523376352063502,1.372111288810253,1.8161742116254525,1.4381156750406077
4983,903.0,5.0,0.225,7.0,1.8472959556921433,1.4525756524023963,1.9483912873345812,1.55980863719411
4984,903.0,5.0,0.25,1.0,1.7497716831931729,1.4189472347336842,1.7860526152151095,1.4355051965605412
4985,903.0,5.0,0.25,2.0,1.5660853081882502,1.2688126199724623,1.5576719295255037,1.2637835946564773
4986,903.0,5.0,0.25,3.0,1.557561522116986,1.2340233198346475,1.6156513573675908,1.3123346575903865
4987,903.0,5.0,0.25,4.0,1.6307496472210956,1.2796590574317692,1.710690638583533,1.3662363650889784
4988,903.0,5.0,0.25,5.0,1.6926456781001304,1.3304453002951306,1.8123970557380689,1.4679796703333676
4989,903.0,5.0,0.25,6.0,1.7910092433096167,1.4065938952799375,1.8848556047448122,1.500229962830219
4990,903.0,5.0,0.25,7.0,1.9002409040955799,1.455745069122936,1.9013096163707635,1.4975620832787333
4991,903.0,5.0,0.275,1.0,1.7469726126297438,1.4259289234336634,1.7948912583660996,1.4526253984721653
4992,903.0,5.0,0.275,2.0,1.4656521888459282,1.1875352635638259,1.5600173222097837,1.2450906554472387
4993,903.0,5.0,0.275,3.0,1.6031189984672578,1.297472679035126,1.648855594183062,1.3052547762015148
4994,903.0,5.0,0.275,4.0,1.5629984158935117,1.2248219859200384,1.6891759925893162,1.3532946174326808
4995,903.0,5.0,0.275,5.0,1.7618857011365008,1.3935209538198672,1.7774633883295705,1.4172806603016244
4996,903.0,5.0,0.275,6.0,1.8577269173131756,1.4472961942967595,1.8218892693656,1.4542228721325483
4997,903.0,5.0,0.275,7.0,1.947914265578134,1.5239553338252598,2.005384164002043,1.582528229707251
4998,903.0,5.0,0.3,1.0,1.6726241380886626,1.3577710870125501,1.732254442241544,1.3873218098410238
4999,903.0,5.0,0.3,2.0,1.802650024431158,1.4488107509821688,1.7255703099013668,1.3945566658029755
5000,903.0,5.0,0.3,3.0,1.7120612130928745,1.3555899595568066,1.7476245089128806,1.4045936629599787
5001,903.0,5.0,0.3,4.0,1.6371928295739222,1.2885432171583102,1.75754344263979,1.4079672773288945
5002,903.0,5.0,0.3,5.0,1.7153797185606534,1.3702436565045064,1.717316327014171,1.382949758121202
5003,903.0,5.0,0.3,6.0,1.7982317199309057,1.390744635638004,1.8576267927283316,1.4727233127132349
5004,903.0,5.0,0.3,7.0,1.9314942861449846,1.5173980825691085,2.049711152944664,1.6221027390435763
5005,903.0,6.0,0.05,1.0,2.0452649914726986,1.686769683322238,2.054123802517393,1.6875544645697633
5006,903.0,6.0,0.05,2.0,1.6908040214159763,1.381004575310094,1.6682292391822695,1.3568696982723323
5007,903.0,6.0,0.05,3.0,1.6430526460928288,1.3444828406594684,1.6812784057317312,1.4016627969531734
5008,903.0,6.0,0.05,4.0,1.6026765938447727,1.301949156392864,1.6188986744915386,1.322552296882154
5009,903.0,6.0,0.05,5.0,1.611918432049564,1.3053029374331395,1.6078111919207145,1.3132593201523959
5010,903.0,6.0,0.05,6.0,1.6013546470332207,1.2677003000624456,1.6509739390098228,1.3152643368479782
5011,903.0,6.0,0.05,7.0,1.6976425402160564,1.3322571626695652,1.7180607735972249,1.3632506427907982
5012,903.0,6.0,0.075,1.0,2.0475849139286515,1.6884411640689059,2.0535911341530415,1.6884469436282774
5013,903.0,6.0,0.075,2.0,1.673022510328885,1.3669834449485079,1.6506498023508467,1.3455065598970806
5014,903.0,6.0,0.075,3.0,1.6833205944140537,1.3658290284485113,1.704806287871932,1.4192818900415234
5015,903.0,6.0,0.075,4.0,1.5273010467163708,1.2185644674811165,1.5447417093334628,1.243308379744048
5016,903.0,6.0,0.075,5.0,1.627196290835686,1.3172283575572932,1.5993048804884165,1.3072059213445186
5017,903.0,6.0,0.075,6.0,1.6220339543858637,1.2847241603098918,1.6435185522728886,1.315613556900606
5018,903.0,6.0,0.075,7.0,1.6948555520224449,1.3366122499629356,1.6914358503409337,1.3340588938265319
5019,903.0,6.0,0.1,1.0,2.019483237056266,1.660786689025796,2.02479000044805,1.6616855849032173
5020,903.0,6.0,0.1,2.0,1.699006950607253,1.3777131829857616,1.6718623765452199,1.35378881469301
5021,903.0,6.0,0.1,3.0,1.6193976215269428,1.3244047279256475,1.666721547008979,1.3756627902227956
5022,903.0,6.0,0.1,4.0,1.6336658796789751,1.3144175011306334,1.642928777190184,1.3531093971208192
5023,903.0,6.0,0.1,5.0,1.6256945324875685,1.318813937114053,1.62288053904802,1.3146563229908392
5024,903.0,6.0,0.1,6.0,1.5798629153024109,1.2650470983983453,1.6238048988480671,1.2957414516302217
5025,903.0,6.0,0.1,7.0,1.7112460005040482,1.3340297545979745,1.7256712465550332,1.3724673124527924
5026,903.0,6.0,0.125,1.0,2.039683096198107,1.6797354066081553,2.045068919431219,1.6762343380524702
5027,903.0,6.0,0.125,2.0,1.6616781877114315,1.3474382952340824,1.6423260726617843,1.3261387881767432
5028,903.0,6.0,0.125,3.0,1.6252171182967845,1.3154252057639593,1.6525095392157056,1.3583027420168665
5029,903.0,6.0,0.125,4.0,1.6253613242285,1.2968001893182046,1.6810461022157293,1.3550026020423234
5030,903.0,6.0,0.125,5.0,1.6378063131070362,1.3353299458163155,1.6211645385115008,1.3072668978139759
5031,903.0,6.0,0.125,6.0,1.6603303584254299,1.3235017396544815,1.6958674344980589,1.3404108555941001
5032,903.0,6.0,0.125,7.0,1.7727464593080617,1.4167317168701752,1.7453760412206916,1.3863470054228304
5033,903.0,6.0,0.15,1.0,2.020079777588175,1.6564927911444673,2.022841366121032,1.6514216827290373
5034,903.0,6.0,0.15,2.0,1.748859011319107,1.4111990200237041,1.7152077122026952,1.3857283625479175
5035,903.0,6.0,0.15,3.0,1.7384194765100545,1.4174725555115135,1.7444726895447529,1.4315947891879381
5036,903.0,6.0,0.15,4.0,1.6645542649071718,1.3268765667742528,1.6762025240058058,1.3418639156151444
5037,903.0,6.0,0.15,5.0,1.6408955747997058,1.3319437255481135,1.7050717691530615,1.3841260047139312
5038,903.0,6.0,0.15,6.0,1.691421169601069,1.343475354146328,1.6810142021337948,1.3485229718134288
5039,903.0,6.0,0.15,7.0,1.7509888723910694,1.3637785536331704,1.728011298265005,1.3524579851443936
5040,903.0,6.0,0.175,1.0,2.077579201150669,1.7150095778975323,2.0810448126996857,1.7143741797396805
5041,903.0,6.0,0.175,2.0,1.7528471665069485,1.41717356907774,1.7117810603044823,1.3856161174824169
5042,903.0,6.0,0.175,3.0,1.6410926449913836,1.3048831130711143,1.645254322289277,1.3219519612568453
5043,903.0,6.0,0.175,4.0,1.659501711279027,1.3271921483938074,1.6848454176847034,1.3656288178665514
5044,903.0,6.0,0.175,5.0,1.7430508578649329,1.4134623670699962,1.6771548098049411,1.371342272540051
5045,903.0,6.0,0.175,6.0,1.6087859002963816,1.2744651336128627,1.6430156366188815,1.3137596186732874
5046,903.0,6.0,0.175,7.0,1.7960816128023345,1.4112233694611886,1.7998578690817364,1.4292836575236074
5047,903.0,6.0,0.2,1.0,2.1297716904171065,1.75867768034494,2.1294266510568196,1.7522169464892428
5048,903.0,6.0,0.2,2.0,1.7597711807113585,1.4127618892494607,1.726481706687993,1.381043113398576
5049,903.0,6.0,0.2,3.0,1.6094628892871126,1.2825542300885286,1.6004176164939095,1.2940970716460747
5050,903.0,6.0,0.2,4.0,1.6489294295755759,1.3001204773979016,1.7178327858720852,1.3881475599088406
5051,903.0,6.0,0.2,5.0,1.6442883506718522,1.3299590068777607,1.6724022966802097,1.3477007939057408
5052,903.0,6.0,0.2,6.0,1.7497188438343816,1.3911786995650863,1.688933772761346,1.358718340940054
5053,903.0,6.0,0.2,7.0,1.6515197735398175,1.2943111083511711,1.6952448244059766,1.3544903174402785
5054,903.0,6.0,0.225,1.0,1.9956473352105195,1.6332357243547122,2.011301163631656,1.6494830870873882
5055,903.0,6.0,0.225,2.0,1.8950620204704915,1.5377513150342492,1.8449212545934743,1.5032708640242993
5056,903.0,6.0,0.225,3.0,1.647981940517877,1.3373646652739517,1.7067856159211843,1.4041263501997454
5057,903.0,6.0,0.225,4.0,1.6928024902878838,1.359100822180577,1.7438057662281508,1.4001433907881482
5058,903.0,6.0,0.225,5.0,1.785986610889412,1.4270916308839228,1.830720611563563,1.4803579412679593
5059,903.0,6.0,0.225,6.0,1.757686088881599,1.402245288105499,1.8034070170954797,1.432280112598371
5060,903.0,6.0,0.225,7.0,1.8208934198321525,1.4237538688035953,1.8504505694972666,1.456703664464551
5061,903.0,6.0,0.25,1.0,2.0340342507195825,1.664183337272881,2.0476831454823134,1.6602973804932695
5062,903.0,6.0,0.25,2.0,1.8618223653601245,1.4974028904075098,1.8276298289570343,1.4760917290124371
5063,903.0,6.0,0.25,3.0,1.6529492454156691,1.3177839310685568,1.683481367203069,1.3588969641280984
5064,903.0,6.0,0.25,4.0,1.6956437190655969,1.3445759586969024,1.7044650525002318,1.3543380539714822
5065,903.0,6.0,0.25,5.0,1.733115041771416,1.3880158369231759,1.7563437624600635,1.4120907437610608
5066,903.0,6.0,0.25,6.0,1.726799668570428,1.3690670017627877,1.7053178306356769,1.3651227460134339
5067,903.0,6.0,0.25,7.0,1.8597272555469668,1.4666686343125284,1.89906699866407,1.506713831734351
5068,903.0,6.0,0.275,1.0,1.9816029258934655,1.6175889099440766,1.9957988074303377,1.6330506338717101
5069,903.0,6.0,0.275,2.0,1.9465374281964156,1.5602688951060653,1.9220833773961972,1.525457828462501
5070,903.0,6.0,0.275,3.0,1.7969747269634462,1.4351958302101775,1.7907860424649125,1.4313175583351985
5071,903.0,6.0,0.275,4.0,1.7701508344183325,1.366018456330991,1.7691885585314535,1.415607833459643
5072,903.0,6.0,0.275,5.0,1.7247979323321834,1.3607569598333853,1.7582516185230408,1.403459149269656
5073,903.0,6.0,0.275,6.0,1.7299797862705655,1.3791470346534516,1.7393175348548873,1.3873985683731975
5074,903.0,6.0,0.275,7.0,1.8480274419445932,1.4763591995389806,1.9168108826584287,1.539906650924673
5075,903.0,6.0,0.3,1.0,1.8827412679063904,1.5373771776862581,1.8908862712447647,1.5241274868587307
5076,903.0,6.0,0.3,2.0,1.8617488165675633,1.4988846933599982,1.8611490114640312,1.5067415946883491
5077,903.0,6.0,0.3,3.0,1.7429584531519435,1.378499709626899,1.776599215881472,1.4211462609399732
5078,903.0,6.0,0.3,4.0,1.8575073413153949,1.465894759725827,1.9025106584369358,1.5465017088717692
5079,903.0,6.0,0.3,5.0,1.8894965197268023,1.5027670295721565,1.8928777247842765,1.5086238166979784
5080,903.0,6.0,0.3,6.0,1.8296131601937298,1.4321201928764418,1.8551814492631977,1.4895361353664842
5081,903.0,6.0,0.3,7.0,1.9088425769906803,1.4982163651465394,1.894446169309745,1.5069805249607215
5082,903.0,7.0,0.05,1.0,2.16111475122183,1.7769287854848663,2.2098934651998845,1.8211253100221827
5083,903.0,7.0,0.05,2.0,1.794976170020874,1.4820208522559837,1.7838296496652783,1.4594421340726151
5084,903.0,7.0,0.05,3.0,1.646560748760949,1.3567011469490622,1.699236432839424,1.405824624730337
5085,903.0,7.0,0.05,4.0,1.5917674321339665,1.29365826281429,1.61984452667318,1.3291399095360275
5086,903.0,7.0,0.05,5.0,1.5341994623272825,1.2313793888019557,1.5907258327062939,1.2867063267359051
5087,903.0,7.0,0.05,6.0,1.5387340301442336,1.2361872983985138,1.5996379358627681,1.2766652022076297
5088,903.0,7.0,0.05,7.0,1.5234990715251966,1.2186186277751536,1.578503804960023,1.2538033080132773
5089,903.0,7.0,0.075,1.0,2.1165305603817712,1.7417799772686262,2.1626966343690164,1.775881817971307
5090,903.0,7.0,0.075,2.0,1.7992295426839227,1.4415642985085484,1.7715089594127644,1.4157931361208795
5091,903.0,7.0,0.075,3.0,1.6588245421797299,1.3595679972938948,1.683088828635494,1.3912755174762204
5092,903.0,7.0,0.075,4.0,1.580213894887495,1.2763148393922985,1.6190383447254308,1.3239706631532062
5093,903.0,7.0,0.075,5.0,1.5615287246351188,1.2616450785434772,1.614734335138967,1.3045581955039651
5094,903.0,7.0,0.075,6.0,1.5440182520123522,1.2519270181881306,1.6289162921977873,1.3098376713598858
5095,903.0,7.0,0.075,7.0,1.5632855746349663,1.2486802219709598,1.6216771290126604,1.2910753226884428
5096,903.0,7.0,0.1,1.0,2.1591476589955083,1.776127498018784,2.1967728389931227,1.8104267412308994
5097,903.0,7.0,0.1,2.0,1.814322859919397,1.494165386695555,1.8184314986904395,1.4783182519549736
5098,903.0,7.0,0.1,3.0,1.6766495857810624,1.3577133609971588,1.720561487736481,1.4034697431541918
5099,903.0,7.0,0.1,4.0,1.587664112861059,1.266578759603079,1.6341658693259276,1.3380956432435387
5100,903.0,7.0,0.1,5.0,1.586099828431166,1.2919446483131887,1.638846871563446,1.3307310026968302
5101,903.0,7.0,0.1,6.0,1.5593331970562971,1.239411407625858,1.6805991068778923,1.3408565605065814
5102,903.0,7.0,0.1,7.0,1.5660065916859862,1.2430365090264628,1.600447026791667,1.2769885658143885
5103,903.0,7.0,0.125,1.0,2.1783638873459377,1.7938301700713737,2.2234517003372027,1.8301018443998143
5104,903.0,7.0,0.125,2.0,1.8881088504643462,1.5376214487448014,1.8689843244419913,1.5061331153344208
5105,903.0,7.0,0.125,3.0,1.5492647696101598,1.245628981739499,1.5844771373998263,1.2745924049903419
5106,903.0,7.0,0.125,4.0,1.6163971385255471,1.3009760402150559,1.650179861400277,1.3185894804833689
5107,903.0,7.0,0.125,5.0,1.566770845157368,1.2712997718278578,1.6042407137410886,1.2866906137377399
5108,903.0,7.0,0.125,6.0,1.6105463803968583,1.2847698365893088,1.6011907700525252,1.2776005502170764
5109,903.0,7.0,0.125,7.0,1.6025941322692874,1.2501589151300028,1.652417479878452,1.310818087672504
5110,903.0,7.0,0.15,1.0,2.1756519034325135,1.786563430136469,2.2110390102179887,1.8154951585168184
5111,903.0,7.0,0.15,2.0,1.8587945680417342,1.5000879735185713,1.8447740639339052,1.485964599181204
5112,903.0,7.0,0.15,3.0,1.7729522559816748,1.4517960601148387,1.8202409714541175,1.4893580463650142
5113,903.0,7.0,0.15,4.0,1.662200610143271,1.3115262033391564,1.6662162587555176,1.3291250716923777
5114,903.0,7.0,0.15,5.0,1.664924321595968,1.3304423852851863,1.7651216982285527,1.4276893851905819
5115,903.0,7.0,0.15,6.0,1.6268081454501633,1.293784188639167,1.6958420660345577,1.3621596739210282
5116,903.0,7.0,0.15,7.0,1.6335864930822352,1.3049068411145737,1.7120502807493057,1.3624499150557798
5117,903.0,7.0,0.175,1.0,2.033574840177428,1.6675548822482402,2.082671400003101,1.7039043680014099
5118,903.0,7.0,0.175,2.0,1.83891237563055,1.4779409287449667,1.8296567975802953,1.4629743302465368
5119,903.0,7.0,0.175,3.0,1.7675528351860141,1.4301905634867622,1.8099609909526622,1.4867850151313962
5120,903.0,7.0,0.175,4.0,1.7238534447380611,1.3807700270644518,1.7313009003108843,1.4144705543606328
5121,903.0,7.0,0.175,5.0,1.6735096757752757,1.332224535760824,1.7100541302899568,1.3814796977064918
5122,903.0,7.0,0.175,6.0,1.602416866069708,1.2920749484278076,1.7092513686181654,1.3697605591510915
5123,903.0,7.0,0.175,7.0,1.7123810719867545,1.3531500096645708,1.7743013837122292,1.4152882952927992
5124,903.0,7.0,0.2,1.0,2.1281132085834673,1.7471781112960871,2.1714130362771202,1.7792113311587587
5125,903.0,7.0,0.2,2.0,2.019022427456216,1.6509043890384,2.0089863588186154,1.6379251957710665
5126,903.0,7.0,0.2,3.0,1.7196216235119266,1.3966558214069784,1.8087269577541454,1.4762918179963334
5127,903.0,7.0,0.2,4.0,1.6342602791027643,1.295076305786032,1.7017501290005466,1.3646226469121963
5128,903.0,7.0,0.2,5.0,1.65078457800017,1.3218742963070818,1.683235481589977,1.35069253242527
5129,903.0,7.0,0.2,6.0,1.6316362490125529,1.255206223558333,1.677356692091102,1.3443812589173056
5130,903.0,7.0,0.2,7.0,1.732968692384944,1.361986213322479,1.756885093049494,1.386492968169772
5131,903.0,7.0,0.225,1.0,2.156834359932865,1.7655483155612384,2.197430074603246,1.8019294653508333
5132,903.0,7.0,0.225,2.0,1.9068952397975065,1.549565748338409,1.8666634793299628,1.4872678929916838
5133,903.0,7.0,0.225,3.0,1.7092152055265544,1.388013156784233,1.7659422431050809,1.4378896475045713
5134,903.0,7.0,0.225,4.0,1.6640922805583596,1.3128495890567147,1.6752427281917615,1.348845710160382
5135,903.0,7.0,0.225,5.0,1.7514123542169118,1.368203452145687,1.822697089388453,1.4427341779996845
5136,903.0,7.0,0.225,6.0,1.603760173903754,1.26214787587523,1.6725184988917754,1.3183689110668766
5137,903.0,7.0,0.225,7.0,1.7040614426298006,1.3614699143365383,1.783928688907998,1.4276754518306727
5138,903.0,7.0,0.25,1.0,2.130952636610654,1.744637776747901,2.1546529677026514,1.7597971097202352
5139,903.0,7.0,0.25,2.0,1.9322236933755785,1.545176774038502,1.9282237097277337,1.5314952519315483
5140,903.0,7.0,0.25,3.0,1.8623264978494225,1.5087197035182707,1.890804774074912,1.53117304388553
5141,903.0,7.0,0.25,4.0,1.8422433338995785,1.4563655361643046,1.8126257415273894,1.4721104441133201
5142,903.0,7.0,0.25,5.0,1.7181420506682448,1.3438125704801756,1.818495840608803,1.4677777881424492
5143,903.0,7.0,0.25,6.0,1.7397252035704658,1.3900749877150287,1.8505810461948384,1.475269248089155
5144,903.0,7.0,0.25,7.0,1.8758938342343934,1.4513738180672626,1.8243802201158352,1.4384824448450235
5145,903.0,7.0,0.275,1.0,2.102947055994104,1.7168276250806938,2.13111908618313,1.724991799336187
5146,903.0,7.0,0.275,2.0,2.0497677420364586,1.650016388187051,1.996180124465494,1.6129206476617015
5147,903.0,7.0,0.275,3.0,1.5958463490530297,1.247775936608445,1.5947930286614758,1.2739188902623122
5148,903.0,7.0,0.275,4.0,1.6730209233619722,1.3290219005124828,1.708634604059685,1.3583701421075407
5149,903.0,7.0,0.275,5.0,1.903108684522887,1.516450709757985,1.9020257671199396,1.5210317102440303
5150,903.0,7.0,0.275,6.0,1.8021877478100234,1.424775507918187,1.8466033786209737,1.4606865060902647
5151,903.0,7.0,0.275,7.0,1.8141222223359346,1.4047123551270198,1.8334722041308713,1.4269923569919774
5152,903.0,7.0,0.3,1.0,2.113326774774155,1.7205659066885004,2.144076625817038,1.744583724574869
5153,903.0,7.0,0.3,2.0,2.039109488378447,1.6315088393920123,1.9942562450202697,1.5868091424032211
5154,903.0,7.0,0.3,3.0,1.8617645994345826,1.4569963153811414,1.8886756858542006,1.5048196076596867
5155,903.0,7.0,0.3,4.0,1.9213649792476828,1.4911359992013171,1.890633633185945,1.5260374154105705
5156,903.0,7.0,0.3,5.0,1.7398074696834904,1.3735721500478886,1.8370652865213408,1.4898153135956016
5157,903.0,7.0,0.3,6.0,1.7153591525275125,1.3553449762229033,1.7647998477167777,1.4054801410047153
5158,903.0,7.0,0.3,7.0,1.6862843113431178,1.329787350766936,1.7968214844983121,1.4074496910524494
5159,903.0,8.0,0.05,1.0,2.2314027716059512,1.8297244158197246,2.251253825101013,1.8338253767311372
5160,903.0,8.0,0.05,2.0,1.8715851620384771,1.542933355649539,1.8651058522506883,1.5260704633760456
5161,903.0,8.0,0.05,3.0,1.5796695115149175,1.285316150264644,1.6107000282301531,1.3269369546459715
5162,903.0,8.0,0.05,4.0,1.5746775275777445,1.2802967694076541,1.610371171874458,1.3286696786972356
5163,903.0,8.0,0.05,5.0,1.5644827737469817,1.2429273399127938,1.552262188934871,1.2645025857322294
5164,903.0,8.0,0.05,6.0,1.5754912906004086,1.241018099065127,1.5812167578455962,1.2843813247838114
5165,903.0,8.0,0.05,7.0,1.5612280586143181,1.2424192453122076,1.6657762177060356,1.337452062029172
5166,903.0,8.0,0.075,1.0,2.2553278496680638,1.8438402648958756,2.2815917111158344,1.8599866754581613
5167,903.0,8.0,0.075,2.0,1.888861134819104,1.5520413411932446,1.892275232045921,1.5496739513321804
5168,903.0,8.0,0.075,3.0,1.6634962608460693,1.371210972563776,1.6906024697682667,1.396760592120608
5169,903.0,8.0,0.075,4.0,1.594935083263855,1.2914939733014748,1.617189023762903,1.3341350978894324
5170,903.0,8.0,0.075,5.0,1.5732220435576836,1.2436003867275962,1.598454617832175,1.2973965324312462
5171,903.0,8.0,0.075,6.0,1.5270627426888184,1.2103675492488524,1.5839171817490574,1.262621173834476
5172,903.0,8.0,0.075,7.0,1.5899738685639988,1.2467837171344491,1.6308152086964134,1.3039448341423336
5173,903.0,8.0,0.1,1.0,2.2217864188424636,1.821208862666622,2.240244869379569,1.8228554193123259
5174,903.0,8.0,0.1,2.0,1.807570846007547,1.4665773427085946,1.7992048620410408,1.448972193919678
5175,903.0,8.0,0.1,3.0,1.584512637800518,1.2855904746713926,1.5846618577595484,1.2969640594752168
5176,903.0,8.0,0.1,4.0,1.5691277847465146,1.2518114937255995,1.5702639373790743,1.2949356465280175
5177,903.0,8.0,0.1,5.0,1.6051527376434822,1.243742202869736,1.659721596715066,1.3470789460117079
5178,903.0,8.0,0.1,6.0,1.5549018998615443,1.2217264889949515,1.6278968627302093,1.3074769995710112
5179,903.0,8.0,0.1,7.0,1.6807699088788286,1.3154058997446179,1.7672726106985293,1.3993062142271862
5180,903.0,8.0,0.125,1.0,2.266628213513914,1.8563345705698315,2.2823217109031777,1.858260937042171
5181,903.0,8.0,0.125,2.0,1.9532066159644934,1.5861373522864712,1.9599379031320843,1.5911984249069313
5182,903.0,8.0,0.125,3.0,1.6548416264876176,1.3422773897993998,1.6672705147362843,1.3737803259906585
5183,903.0,8.0,0.125,4.0,1.535319368347122,1.2261413843340834,1.5891494212923691,1.2813840086068666
5184,903.0,8.0,0.125,5.0,1.5487798445089584,1.2304611737173754,1.556415650996507,1.2667873315529878
5185,903.0,8.0,0.125,6.0,1.5683183321177083,1.2314011156902924,1.577935073241413,1.2627920931916248
5186,903.0,8.0,0.125,7.0,1.6713743938302317,1.3046077883318177,1.7007509632982365,1.3611374983619526
5187,903.0,8.0,0.15,1.0,2.2626641068184483,1.8514770190215435,2.2666805898175957,1.8518212946320831
5188,903.0,8.0,0.15,2.0,1.8107761275099736,1.481364077705043,1.8083884540577482,1.471808169407324
5189,903.0,8.0,0.15,3.0,1.7155189908204775,1.39466724822498,1.7544256955059012,1.4170285383675003
5190,903.0,8.0,0.15,4.0,1.6553669881933883,1.3292007172050435,1.646086344473206,1.329812084011904
5191,903.0,8.0,0.15,5.0,1.5345933871490207,1.2051786488551886,1.5984044182367465,1.2911563445526462
5192,903.0,8.0,0.15,6.0,1.6240794037755906,1.2775395781541705,1.6974477380033552,1.3590489955678138
5193,903.0,8.0,0.15,7.0,1.6417140496385083,1.271946945394617,1.6387702851174046,1.2982034847810788
5194,903.0,8.0,0.175,1.0,2.163958512137632,1.7781968830736192,2.2016000734069023,1.7912908519956168
5195,903.0,8.0,0.175,2.0,1.8412615712659282,1.4986202253611791,1.8210838296539507,1.4744814043482106
5196,903.0,8.0,0.175,3.0,1.7017490222718135,1.3669337964493191,1.6776105938701877,1.3652487107403426
5197,903.0,8.0,0.175,4.0,1.6512539020074797,1.3135114518259507,1.713197037865273,1.3897234870796056
5198,903.0,8.0,0.175,5.0,1.6921952949946373,1.3493105087767827,1.6805046614936912,1.3634935745704395
5199,903.0,8.0,0.175,6.0,1.7159648419174913,1.338527395977226,1.7713898451933143,1.4014845425646252
5200,903.0,8.0,0.175,7.0,1.7577253439370093,1.3615360388698523,1.789255126613055,1.414925422023166
5201,903.0,8.0,0.2,1.0,2.1833279680981166,1.785400829747121,2.177646503367032,1.7648804323188851
5202,903.0,8.0,0.2,2.0,1.708564090091375,1.3772572413144386,1.7557957017764123,1.4049989531904956
5203,903.0,8.0,0.2,3.0,1.7740407509394471,1.4431064056030123,1.8037292692846465,1.480910137587261
5204,903.0,8.0,0.2,4.0,1.717022493517103,1.3744464043549387,1.8075127212033744,1.466433634992919
5205,903.0,8.0,0.2,5.0,1.676107560479633,1.343845169443095,1.6958031323075942,1.377809465693726
5206,903.0,8.0,0.2,6.0,1.6138483046492034,1.269910165329904,1.6901026601395446,1.3548528733015022
5207,903.0,8.0,0.2,7.0,1.7003992080641197,1.3307887920847947,1.726966188514437,1.358931429614097
5208,903.0,8.0,0.225,1.0,2.306106386532812,1.887377469033089,2.3118308316440537,1.8728556064237956
5209,903.0,8.0,0.225,2.0,2.011951609389557,1.6371320906343914,1.9410091055933338,1.5661600500607393
5210,903.0,8.0,0.225,3.0,1.8394403442315426,1.4743059212453518,1.8190076779333852,1.4818081144841693
5211,903.0,8.0,0.225,4.0,1.6928979544975282,1.3507290882771659,1.773645036969455,1.414723783365278
5212,903.0,8.0,0.225,5.0,1.654027754960187,1.3032103504895245,1.6402544452612995,1.293093837772536
5213,903.0,8.0,0.225,6.0,1.7563829538917557,1.3636635688782652,1.7508454192072493,1.377013279679916
5214,903.0,8.0,0.225,7.0,1.773302877935927,1.402194012093556,1.7944658608413027,1.4209796645441148
5215,903.0,8.0,0.25,1.0,2.2911251390497105,1.881728507218531,2.31546869287287,1.8902508735685315
5216,903.0,8.0,0.25,2.0,1.9376702500868546,1.5358453959621696,1.9597142713568643,1.5742485348766209
5217,903.0,8.0,0.25,3.0,1.843318669633443,1.4679798455789719,1.8087294583745355,1.454853989538835
5218,903.0,8.0,0.25,4.0,1.7247610016023311,1.3758055541781244,1.7438374482515557,1.3937944099489832
5219,903.0,8.0,0.25,5.0,1.7561440403329924,1.3778734028747974,1.8254471879535408,1.4607926292322777
5220,903.0,8.0,0.25,6.0,1.8075467967833345,1.431926468343877,1.8661440143652415,1.4502403318270662
5221,903.0,8.0,0.25,7.0,1.8847015025056812,1.4980172514510104,1.9358781450265234,1.5223810380885117
5222,903.0,8.0,0.275,1.0,2.24395744001189,1.839999676845236,2.2450217080898387,1.816590328808812
5223,903.0,8.0,0.275,2.0,1.9885790566442045,1.5901540812152908,1.9586035201215857,1.540765341517888
5224,903.0,8.0,0.275,3.0,1.6922696624248326,1.3324091101660158,1.6476104136101075,1.3127716854084912
5225,903.0,8.0,0.275,4.0,1.8764934601716772,1.4684096311388457,1.9012170796988366,1.531907537199717
5226,903.0,8.0,0.275,5.0,1.8832771129226977,1.468930827850786,1.862530746931837,1.4645762190363336
5227,903.0,8.0,0.275,6.0,1.9091628963735872,1.483921216669862,1.9061430208354402,1.4999025487449456
5228,903.0,8.0,0.275,7.0,1.8275008633934593,1.4136861761282289,1.785972651047056,1.434516886752845
5229,903.0,8.0,0.3,1.0,2.3589006692112866,1.9202283624240153,2.3664445854649174,1.919075331564268
5230,903.0,8.0,0.3,2.0,1.9905232098639267,1.6195047795669886,1.9795519535851538,1.60053935812348
5231,903.0,8.0,0.3,3.0,1.8721600541238756,1.4865833919628317,1.851644162391773,1.4488817355758483
5232,903.0,8.0,0.3,4.0,1.9515737765181032,1.5556273441900927,1.9339838610303237,1.5797102354614698
5233,903.0,8.0,0.3,5.0,1.8683079712142268,1.4527505454629719,1.9685150534958644,1.5907642904546402
5234,903.0,8.0,0.3,6.0,1.6997450210563614,1.3195206893503888,1.7331576628618226,1.384032806818941
5235,903.0,8.0,0.3,7.0,1.8146255863999103,1.4300545124390849,1.8141501167697094,1.4255039933360336
5236,903.0,9.0,0.05,1.0,2.363425811242164,1.9190349867168301,2.4104607680263515,1.9508782297093021
5237,903.0,9.0,0.05,2.0,1.798136723620899,1.475543148046154,1.830529719390748,1.4991988414818478
5238,903.0,9.0,0.05,3.0,1.6389217311723128,1.351517774211996,1.671286697702748,1.3910562785443554
5239,903.0,9.0,0.05,4.0,1.547002425006404,1.253047109117979,1.5887037270129467,1.3020705280666416
5240,903.0,9.0,0.05,5.0,1.481465921168618,1.1844146127879867,1.497250474079611,1.2243686811148664
5241,903.0,9.0,0.05,6.0,1.5117314601820968,1.2091874273309735,1.5519954943301488,1.2534454475808448
5242,903.0,9.0,0.05,7.0,1.5119305671159016,1.1866945018351271,1.5599724534964368,1.2490233563869337
5243,903.0,9.0,0.075,1.0,2.317024841103183,1.8747422155441726,2.3472034004413067,1.899466961182768
5244,903.0,9.0,0.075,2.0,1.8292827375153438,1.5153608438408093,1.8499872234349146,1.5291826631919656
5245,903.0,9.0,0.075,3.0,1.694416670985829,1.391839452037105,1.734829653874273,1.4322700863656124
5246,903.0,9.0,0.075,4.0,1.5931239509787483,1.2770437564380106,1.6315405759937278,1.3300987568706601
5247,903.0,9.0,0.075,5.0,1.5042807222797359,1.202841829001548,1.518394402666301,1.2302856730416842
5248,903.0,9.0,0.075,6.0,1.4663818121628456,1.1506822536757493,1.5145706911950387,1.2262063247916148
5249,903.0,9.0,0.075,7.0,1.5841971064137956,1.2346350042390222,1.5894049714528047,1.2717272794291714
5250,903.0,9.0,0.1,1.0,2.277447436447503,1.8440974584747627,2.3239436058358116,1.8809828794182126
5251,903.0,9.0,0.1,2.0,1.8525283915246389,1.5206559262480719,1.876189509540306,1.5243749542036331
5252,903.0,9.0,0.1,3.0,1.7157410424912027,1.4053979854194878,1.7323982719008206,1.4319944546651673
5253,903.0,9.0,0.1,4.0,1.589899162084211,1.277441788109521,1.624770059665665,1.3326716492727173
5254,903.0,9.0,0.1,5.0,1.5234681505889762,1.2202423499807056,1.5653533191445788,1.27225857612184
5255,903.0,9.0,0.1,6.0,1.6041895606727143,1.275591919097488,1.6490019691680002,1.3286550924413523
5256,903.0,9.0,0.1,7.0,1.5517478038030423,1.2179199579608264,1.5780985071898421,1.2522084210646685
5257,903.0,9.0,0.125,1.0,2.3364803457801644,1.8896010581873415,2.3735927614104204,1.9240451012652335
5258,903.0,9.0,0.125,2.0,1.855251844204735,1.5207928384744587,1.8877921049316837,1.5415838537152995
5259,903.0,9.0,0.125,3.0,1.720856414098334,1.4090733976070884,1.7792951121911413,1.4750852779194972
5260,903.0,9.0,0.125,4.0,1.665558350643436,1.3352975995749166,1.6969548328041042,1.389742562900631
5261,903.0,9.0,0.125,5.0,1.5463320158541491,1.2338622934405294,1.5550726003277477,1.2638936800011507
5262,903.0,9.0,0.125,6.0,1.5357067917856293,1.1923821356536073,1.6020244845545324,1.2806816917867194
5263,903.0,9.0,0.125,7.0,1.592201031685255,1.261603738606809,1.6120450210490904,1.2705332041150592
5264,903.0,9.0,0.15,1.0,2.2913212089142303,1.8630031431906378,2.331862526149386,1.8910068803322657
5265,903.0,9.0,0.15,2.0,1.8831238804618886,1.552838635212206,1.9305495891078628,1.5733265483021925
5266,903.0,9.0,0.15,3.0,1.7193752494628185,1.4129702781290971,1.797636051570344,1.482676606963621
5267,903.0,9.0,0.15,4.0,1.5487750315137074,1.214516336365999,1.595426758134988,1.2756593116429276
5268,903.0,9.0,0.15,5.0,1.577803478578871,1.2465810492969547,1.6189433213040523,1.2970265282139812
5269,903.0,9.0,0.15,6.0,1.6475443553053244,1.3010124989786231,1.7210630667797293,1.3941742420311234
5270,903.0,9.0,0.15,7.0,1.605541712965844,1.2567395421777992,1.6248364709170091,1.2914204890160446
5271,903.0,9.0,0.175,1.0,2.3127081413306994,1.8690122834410967,2.353137311352761,1.9021261942626593
5272,903.0,9.0,0.175,2.0,1.7923522059725019,1.4539383495104679,1.7973633850612778,1.4299919809425763
5273,903.0,9.0,0.175,3.0,1.6479586086398808,1.3289707183482742,1.6659477193577128,1.3623223481046676
5274,903.0,9.0,0.175,4.0,1.6102037635555888,1.289076437560017,1.6483759287069393,1.3275826821705037
5275,903.0,9.0,0.175,5.0,1.6717777322147596,1.317557523996762,1.7271092756522788,1.393312645323074
5276,903.0,9.0,0.175,6.0,1.6549635015401563,1.3044104593687065,1.7094234415692349,1.3825705045364776
5277,903.0,9.0,0.175,7.0,1.6769945676776776,1.3189791686180394,1.736550695502886,1.3822654977208608
5278,903.0,9.0,0.2,1.0,2.3060104017179963,1.8655733302448982,2.3280697146387044,1.8796524190411943
5279,903.0,9.0,0.2,2.0,1.9139928007971216,1.5596077197743856,1.9230797996383706,1.5474710117541373
5280,903.0,9.0,0.2,3.0,1.7218769608206939,1.394597973824236,1.7419445536677975,1.4335024918433201
5281,903.0,9.0,0.2,4.0,1.7128137071543215,1.3655088109684625,1.70092767566495,1.3800580374689941
5282,903.0,9.0,0.2,5.0,1.621943579282499,1.2910034706661755,1.6497551416191774,1.3327648999949733
5283,903.0,9.0,0.2,6.0,1.6040477837907354,1.249803738743958,1.6019497224667847,1.29222763626429
5284,903.0,9.0,0.2,7.0,1.6633369043321715,1.3006934366806877,1.6846392333132876,1.3406492167097972
5285,903.0,9.0,0.225,1.0,2.338123837367727,1.891526630964836,2.3692589728343454,1.913403368118531
5286,903.0,9.0,0.225,2.0,2.0060534384527844,1.622005178732517,1.9874751221879634,1.6042877258523358
5287,903.0,9.0,0.225,3.0,1.7853944569159816,1.414316490693714,1.8085188744961596,1.4526847237493465
5288,903.0,9.0,0.225,4.0,1.6752477120940088,1.3371293457528513,1.6962154218025958,1.3775009394754265
5289,903.0,9.0,0.225,5.0,1.7858856350867005,1.3914807901000859,1.8310208661867826,1.4642416966985543
5290,903.0,9.0,0.225,6.0,1.6814327828101154,1.3252269459751151,1.722586810002467,1.3847525106989145
5291,903.0,9.0,0.225,7.0,1.6619372752930246,1.3003710589065387,1.6701658826088057,1.3165714114888605
5292,903.0,9.0,0.25,1.0,2.3736189748560554,1.9213352609176235,2.422392700705511,1.946925409558393
5293,903.0,9.0,0.25,2.0,2.058449413753086,1.65470590565256,2.0854852185105934,1.6617239127457477
5294,903.0,9.0,0.25,3.0,1.6990953361460888,1.3548713178373375,1.7232730892264427,1.4083729131945886
5295,903.0,9.0,0.25,4.0,1.7650109277107844,1.3918904250345827,1.7939159879177875,1.4234258832132884
5296,903.0,9.0,0.25,5.0,1.6964699428995746,1.3405236214802225,1.7409073351608004,1.3913053050910262
5297,903.0,9.0,0.25,6.0,1.7558151908028594,1.3715547556633325,1.7540781500571871,1.3993223538709652
5298,903.0,9.0,0.25,7.0,1.756793634491583,1.3760078529777804,1.8402655175325995,1.442799270993766
5299,903.0,9.0,0.275,1.0,2.3188167664755697,1.8651488608276254,2.343260664298484,1.8695897533146288
5300,903.0,9.0,0.275,2.0,1.9362255589530852,1.5264788732489423,1.885746803037757,1.4874597228844988
5301,903.0,9.0,0.275,3.0,1.851987837845112,1.5135503880132777,1.8914663289458917,1.536029142804959
5302,903.0,9.0,0.275,4.0,1.7465778408635415,1.401503439713666,1.7521321618415135,1.4153333167847928
5303,903.0,9.0,0.275,5.0,1.8161724913534032,1.4399556297866092,1.8981188861005014,1.490266173538665
5304,903.0,9.0,0.275,6.0,1.8060078451071264,1.4338354968208908,1.9079877308744357,1.514751754543529
5305,903.0,9.0,0.275,7.0,1.7361430581187822,1.3406860162961252,1.760525419389949,1.3890113245663096
5306,903.0,9.0,0.3,1.0,2.3552613299236302,1.8954651950425536,2.3659875821998466,1.9059505539120705
5307,903.0,9.0,0.3,2.0,2.040218259382745,1.6238880655088295,1.9879865755515094,1.5886668972854996
5308,903.0,9.0,0.3,3.0,1.7860632435525694,1.4152130514021293,1.7405017873234554,1.4013543661838386
5309,903.0,9.0,0.3,4.0,1.8206004568162295,1.4255107547278778,1.8869459031495512,1.5296444356775447
5310,903.0,9.0,0.3,5.0,1.8218736655326262,1.4281459192828745,1.870069316495091,1.4743167388610185
5311,903.0,9.0,0.3,6.0,2.0177629657446623,1.5550359361827595,2.082745437286751,1.6472098141188096
5312,903.0,9.0,0.3,7.0,1.9221895291090791,1.5080795359158796,2.044943566419463,1.5996743297550406
5313,903.0,10.0,0.05,1.0,2.3487664886394266,1.902530009652191,2.344842822879162,1.8957850504765148
5314,903.0,10.0,0.05,2.0,1.8668036337969725,1.530186031204748,1.8778626199219963,1.5343307579408907
5315,903.0,10.0,0.05,3.0,1.6968088901326308,1.39292983289216,1.7478852417197683,1.4369614811839704
5316,903.0,10.0,0.05,4.0,1.6150595076164898,1.3122666889728896,1.643982537484414,1.3502479380662662
5317,903.0,10.0,0.05,5.0,1.5310309663671786,1.2149581464710373,1.5689356703979465,1.277048368875324
5318,903.0,10.0,0.05,6.0,1.4821252488070507,1.1917963349339484,1.5148250480128864,1.2140552069213355
5319,903.0,10.0,0.05,7.0,1.5594727218542157,1.2320524747410682,1.5595397934304969,1.2383290084180811
5320,903.0,10.0,0.075,1.0,2.36746881379319,1.9208547280042554,2.3567560906610354,1.9120030496023206
5321,903.0,10.0,0.075,2.0,1.8596963186209277,1.520084375372237,1.8602948479067534,1.5187743342863291
5322,903.0,10.0,0.075,3.0,1.7018518692814926,1.3855272426072889,1.7388438804303488,1.4332459488605838
5323,903.0,10.0,0.075,4.0,1.6631789363627143,1.3484376553177002,1.6705918528029433,1.370874402668443
5324,903.0,10.0,0.075,5.0,1.5614227601250963,1.2407319406395638,1.5979078173572077,1.296528638500814
5325,903.0,10.0,0.075,6.0,1.5634651124224817,1.2336841317369336,1.5831684592512771,1.2682100330718977
5326,903.0,10.0,0.075,7.0,1.568334232294037,1.2500563391988495,1.6183078554888917,1.2881373428734046
5327,903.0,10.0,0.1,1.0,2.382064342799147,1.925416510639307,2.3761134206472208,1.9286053625163302
5328,903.0,10.0,0.1,2.0,1.8754616216150168,1.5418517747356018,1.8658228372843457,1.5170454598704308
5329,903.0,10.0,0.1,3.0,1.7218612823287678,1.3950199588172123,1.7668564878417266,1.4434564932697935
5330,903.0,10.0,0.1,4.0,1.6445041229786903,1.3306024297259296,1.6729833649068822,1.3591354146499421
5331,903.0,10.0,0.1,5.0,1.5743480989951213,1.2508736046027997,1.6200840268073697,1.3110501476452756
5332,903.0,10.0,0.1,6.0,1.5136049890732421,1.2084485624291033,1.5837108391148733,1.272120215698563
5333,903.0,10.0,0.1,7.0,1.5019825760456078,1.1893170625541838,1.5363656244829527,1.238352131662986
5334,903.0,10.0,0.125,1.0,2.3345272602151437,1.8894217376356945,2.331182623398433,1.8869287638793446
5335,903.0,10.0,0.125,2.0,1.8372248456793354,1.507654278640745,1.833482171030474,1.4948868321283317
5336,903.0,10.0,0.125,3.0,1.6838607189218682,1.3696117765540041,1.7504556640048152,1.4346906013786438
5337,903.0,10.0,0.125,4.0,1.6131167479937398,1.3043453477967732,1.650565156906956,1.3443486574552448
5338,903.0,10.0,0.125,5.0,1.632756213010969,1.301270922195154,1.697016558546037,1.3546216462874971
5339,903.0,10.0,0.125,6.0,1.58330945030664,1.2579075130508286,1.6161272657502463,1.2994981643590182
5340,903.0,10.0,0.125,7.0,1.5749843251645792,1.2425205721980415,1.5767533374469078,1.2414786892564713
5341,903.0,10.0,0.15,1.0,2.354443378907214,1.9117080134093112,2.3471299816112863,1.9095437310999013
5342,903.0,10.0,0.15,2.0,1.9320946065045184,1.5609698080897016,1.9136171363956165,1.544554865576304
5343,903.0,10.0,0.15,3.0,1.718112616641562,1.3715267566652052,1.7451119507613038,1.4124616768132674
5344,903.0,10.0,0.15,4.0,1.679491328454559,1.3510971704353105,1.732608366972601,1.40172695695733
5345,903.0,10.0,0.15,5.0,1.673907873067636,1.3272108789172585,1.654292303447606,1.3460829958554796
5346,903.0,10.0,0.15,6.0,1.7441960266071928,1.35745690393313,1.730496706530197,1.3655195362833679
5347,903.0,10.0,0.15,7.0,1.7100915059240067,1.3462182956233035,1.7178218557677,1.37966759669923
5348,903.0,10.0,0.175,1.0,2.3347245749890027,1.8910740676315436,2.3385378803073005,1.8888597769124116
5349,903.0,10.0,0.175,2.0,1.8792015059753064,1.5252606755220801,1.878590622467118,1.5186538730398138
5350,903.0,10.0,0.175,3.0,1.7429823464164373,1.401804015323047,1.797663651405777,1.4692252559136545
5351,903.0,10.0,0.175,4.0,1.6862063240238054,1.357992516080631,1.7268931662021236,1.4010739043276315
5352,903.0,10.0,0.175,5.0,1.6120091859966377,1.2897606442070355,1.7143866370087635,1.3768473127511112
5353,903.0,10.0,0.175,6.0,1.627642986262729,1.3039037354570797,1.6198777871458578,1.3076267728964177
5354,903.0,10.0,0.175,7.0,1.6557671129208544,1.3119942410359549,1.6946828269477145,1.347171923395222
5355,903.0,10.0,0.2,1.0,2.3114368451981564,1.8578318915482464,2.2822388793618527,1.8374520991067815
5356,903.0,10.0,0.2,2.0,1.9881268567494927,1.6098230599020076,1.982600000492271,1.584539987298254
5357,903.0,10.0,0.2,3.0,1.6637833861969082,1.327199296967636,1.7430493509619867,1.3879127810246368
5358,903.0,10.0,0.2,4.0,1.7716719457010812,1.4101496337884623,1.794385537320153,1.4553891132727608
5359,903.0,10.0,0.2,5.0,1.6813522962014815,1.3423172343226688,1.6945299621940444,1.359416038722075
5360,903.0,10.0,0.2,6.0,1.675327045425224,1.3160922188829354,1.6973676657011607,1.3568508925687779
5361,903.0,10.0,0.2,7.0,1.6112592625505027,1.2841659100495886,1.6419259456485134,1.2927840176684033
5362,903.0,10.0,0.225,1.0,2.3653769353698153,1.9146938063920083,2.3278126102764607,1.8696106660630476
5363,903.0,10.0,0.225,2.0,1.965526945204747,1.6152997750253972,1.9274297486294336,1.56306118115481
5364,903.0,10.0,0.225,3.0,1.8071878133589145,1.4503617319978466,1.8409185079246848,1.4898425109483606
5365,903.0,10.0,0.225,4.0,1.7679951042488635,1.4140586638351293,1.7550818354191855,1.4128953713336234
5366,903.0,10.0,0.225,5.0,1.7511807613735546,1.391938681292656,1.826854232808975,1.4686509176161016
5367,903.0,10.0,0.225,6.0,1.6909896886002498,1.3352804109084684,1.7087240621982756,1.3727771027212619
5368,903.0,10.0,0.225,7.0,1.7321783596895814,1.338254267662449,1.7683317672928476,1.4029100490594597
5369,903.0,10.0,0.25,1.0,2.3607628632732616,1.9040288299210442,2.322421422007692,1.8724257328182414
5370,903.0,10.0,0.25,2.0,2.0963111193527233,1.6975360802375157,2.0690676463175164,1.6220730196225177
5371,903.0,10.0,0.25,3.0,1.905637606271846,1.5168380318070958,1.9047337883201239,1.5105658809786122
5372,903.0,10.0,0.25,4.0,1.8253952238385385,1.4271693277320605,1.9038609516620077,1.5190855539852903
5373,903.0,10.0,0.25,5.0,1.9189225080685535,1.5331924966991246,1.963503476076614,1.5781969841857124
5374,903.0,10.0,0.25,6.0,1.8388048660375755,1.453516196414586,1.921460713348543,1.533189089413624
5375,903.0,10.0,0.25,7.0,1.837025390804652,1.421440269322218,1.8567686405363357,1.466770770801826
5376,903.0,10.0,0.275,1.0,2.362127075331864,1.9004187937244637,2.3376244642986665,1.879516051693471
5377,903.0,10.0,0.275,2.0,1.9592213145470028,1.5630277979859204,1.997535470014471,1.5766879966989527
5378,903.0,10.0,0.275,3.0,1.827576730024369,1.4512021279693181,1.8835210822946036,1.522293736317938
5379,903.0,10.0,0.275,4.0,1.7917833766290137,1.4142198576206257,1.8127955974294683,1.4470693085964943
5380,903.0,10.0,0.275,5.0,1.885469753312857,1.4714192336800616,1.8806038714589444,1.488774275135517
5381,903.0,10.0,0.275,6.0,1.7622389609891569,1.3973393162046202,1.8456710056266246,1.4499833053785147
5382,903.0,10.0,0.275,7.0,1.7510028131626847,1.3600479487355952,1.8506769111425758,1.4414453838983496
5383,903.0,10.0,0.3,1.0,2.3825424134929998,1.9260109184731615,2.378174764674499,1.9152922704318407
5384,903.0,10.0,0.3,2.0,2.1143069591960906,1.7127056798404097,2.0964230557575134,1.6698773506655922
5385,903.0,10.0,0.3,3.0,1.8432578476741905,1.4555097404806805,1.8351717096711722,1.4912094248749412
5386,903.0,10.0,0.3,4.0,1.855499063516829,1.4460295704573731,1.9888466899470802,1.5899441512086991
5387,903.0,10.0,0.3,5.0,1.9609146712309606,1.539423225577544,1.9748478190447254,1.5573567138951598
5388,903.0,10.0,0.3,6.0,2.0107886871254568,1.5628791673659839,2.1208068655729124,1.6760674813435048
5389,903.0,10.0,0.3,7.0,1.875896341131849,1.4583203743525655,1.9568483701467856,1.5555358354368514
5390,903.0,11.0,0.05,1.0,2.478547747053284,1.9704311670355987,2.4863982652241723,1.9787679178647664
5391,903.0,11.0,0.05,2.0,1.9222500470873172,1.5740757229154114,1.9361876598349474,1.5892663761174342
5392,903.0,11.0,0.05,3.0,1.7105952771263617,1.3972250427377544,1.8058438019744603,1.487765081620191
5393,903.0,11.0,0.05,4.0,1.53232637701576,1.248696695956874,1.589018450978127,1.2945007790035725
5394,903.0,11.0,0.05,5.0,1.5105825766591185,1.2009221364886502,1.5611425150342435,1.2659296549169272
5395,903.0,11.0,0.05,6.0,1.4920603936043355,1.1770748134428004,1.5187267266525941,1.2248044898411177
5396,903.0,11.0,0.05,7.0,1.546772368730153,1.2134473050268613,1.5770312452659696,1.2509909022035663
5397,903.0,11.0,0.075,1.0,2.4845072060119104,1.9770746499827565,2.486731855002593,1.9766372516928905
5398,903.0,11.0,0.075,2.0,1.8809164728922965,1.537863983403702,1.904645253516264,1.5515641261666202
5399,903.0,11.0,0.075,3.0,1.6556802920898583,1.3453331563751953,1.7362049885059145,1.4241426246914488
5400,903.0,11.0,0.075,4.0,1.5737171191683657,1.2784414419490746,1.6227322474180907,1.3302194025659715
5401,903.0,11.0,0.075,5.0,1.532135463417196,1.2086671654457322,1.5962436556296955,1.2702780867423153
5402,903.0,11.0,0.075,6.0,1.5270106040539457,1.1845680675678856,1.5780733959521276,1.2462398636648335
5403,903.0,11.0,0.075,7.0,1.5204825635076615,1.1931229418382767,1.586067318984443,1.2532514650250879
5404,903.0,11.0,0.1,1.0,2.446560201508671,1.9469242234545387,2.4489315549468933,1.9466000337722138
5405,903.0,11.0,0.1,2.0,1.9053405353137165,1.537312700468542,1.9161578467835225,1.5475053228558624
5406,903.0,11.0,0.1,3.0,1.6996336374066856,1.3869512764060372,1.7569120186459435,1.4487513787465982
5407,903.0,11.0,0.1,4.0,1.6215247682883869,1.3137050904213592,1.651843459150758,1.3572563930861608
5408,903.0,11.0,0.1,5.0,1.5397424997269278,1.2255560875520182,1.6219734034995377,1.3050820509572763
5409,903.0,11.0,0.1,6.0,1.6221361347393213,1.2753774857838862,1.7055802615292877,1.349382519426721
5410,903.0,11.0,0.1,7.0,1.584438984578294,1.2497074756895563,1.69750347973179,1.3356370810192197
5411,903.0,11.0,0.125,1.0,2.485113842948855,1.9729370208628803,2.489199563298663,1.9825096746661088
5412,903.0,11.0,0.125,2.0,1.948387327395552,1.574114523509563,1.9544967416896593,1.5707642972415972
5413,903.0,11.0,0.125,3.0,1.7141689464351733,1.3866694243704498,1.807493806228709,1.4822259405040064
5414,903.0,11.0,0.125,4.0,1.6758748641857895,1.3417964059402017,1.6809496822552654,1.3573880665038247
5415,903.0,11.0,0.125,5.0,1.637783701953436,1.3114118851761,1.6881642443128555,1.3595778928568945
5416,903.0,11.0,0.125,6.0,1.541025031355171,1.2115413771724384,1.5895590870541016,1.268683118571449
5417,903.0,11.0,0.125,7.0,1.696766031638811,1.3282170274204075,1.7381287115109636,1.3715854741136626
5418,903.0,11.0,0.15,1.0,2.4858438810662067,1.978256193638939,2.47298793521072,1.9738081501452038
5419,903.0,11.0,0.15,2.0,1.8299370955047416,1.4881272704518456,1.8490724157133689,1.4928400833860116
5420,903.0,11.0,0.15,3.0,1.7269005350242241,1.390638223668878,1.7786245349387848,1.4596462532812569
5421,903.0,11.0,0.15,4.0,1.60169708640837,1.2893908072098488,1.6697026965839314,1.351240827038086
5422,903.0,11.0,0.15,5.0,1.6690980897589307,1.3192902697761653,1.7715850930224581,1.403590537834675
5423,903.0,11.0,0.15,6.0,1.590502489453936,1.25578203182631,1.6233422631539276,1.2994628665820955
5424,903.0,11.0,0.15,7.0,1.647843670804111,1.2828148114209263,1.6921835586771008,1.3340812128007675
5425,903.0,11.0,0.175,1.0,2.562038748246563,2.0396502905072214,2.558420428824736,2.019327406379667
5426,903.0,11.0,0.175,2.0,1.9666620292981145,1.5784723019185323,1.9953709524466061,1.609614392592127
5427,903.0,11.0,0.175,3.0,1.7559371386821845,1.4226101369388393,1.8374017967439413,1.5077790271446456
5428,903.0,11.0,0.175,4.0,1.672552793710793,1.3599903889508722,1.722446467605454,1.3921634048802096
5429,903.0,11.0,0.175,5.0,1.6485660687266253,1.3154941149536925,1.6662001898594327,1.3372500506111342
5430,903.0,11.0,0.175,6.0,1.5339175014762487,1.2229577266504466,1.5829102645276785,1.2677493038531642
5431,903.0,11.0,0.175,7.0,1.561188401827842,1.2293930788824412,1.5855861243711857,1.26213087693716
5432,903.0,11.0,0.2,1.0,2.5453702257140214,2.025810204986739,2.5375678448288355,2.031386745498586
5433,903.0,11.0,0.2,2.0,1.861974317211729,1.4905693340436956,1.8668182441867722,1.5006187587704198
5434,903.0,11.0,0.2,3.0,1.6466387203825537,1.3172316011989615,1.751753140034186,1.4172113360161562
5435,903.0,11.0,0.2,4.0,1.6939595892958872,1.355748046681892,1.7205873324359517,1.39691429470318
5436,903.0,11.0,0.2,5.0,1.7043508340320577,1.3601574459034933,1.7890260626380314,1.4393791388810586
5437,903.0,11.0,0.2,6.0,1.5322299013152796,1.2217675648336659,1.5799425801240687,1.2538644469230527
5438,903.0,11.0,0.2,7.0,1.593922017905904,1.2685966988896789,1.6384745438901545,1.280637489471092
5439,903.0,11.0,0.225,1.0,2.543561096784154,2.025807542530428,2.520650583641948,2.0021936859018266
5440,903.0,11.0,0.225,2.0,1.8735665410269717,1.5204936335288046,1.8768063313894623,1.5042073931870918
5441,903.0,11.0,0.225,3.0,1.844049808510403,1.4882570493688834,1.9254912580239063,1.5588865199694997
5442,903.0,11.0,0.225,4.0,1.7164337337102475,1.3401886177415956,1.7539591977087587,1.4149536472889153
5443,903.0,11.0,0.225,5.0,1.7182908402680674,1.3609803975982064,1.7397218337470726,1.3958341963442293
5444,903.0,11.0,0.225,6.0,1.690478153402515,1.3373982116174161,1.7378462114656035,1.3673196681349766
5445,903.0,11.0,0.225,7.0,1.7504375213410226,1.3492428874060651,1.7211362842840818,1.3534198984980217
5446,903.0,11.0,0.25,1.0,2.510068349173122,2.0085444700800785,2.518840397202766,2.00974937141164
5447,903.0,11.0,0.25,2.0,2.0411216501538756,1.643145909695436,1.9770640414118896,1.5686387861257887
5448,903.0,11.0,0.25,3.0,1.7774596916558298,1.4400710758314985,1.8327731348466898,1.4799919104303432
5449,903.0,11.0,0.25,4.0,1.7696919974515433,1.4179491373177024,1.7431438949212676,1.3833077851515694
5450,903.0,11.0,0.25,5.0,1.6646854360125332,1.3204366840538495,1.6849995005048546,1.3304411563072458
5451,903.0,11.0,0.25,6.0,1.8288198568520855,1.4270085443519414,1.8774181157506433,1.4943692582198593
5452,903.0,11.0,0.25,7.0,1.8036869567388325,1.4060129289637362,1.8171800507130698,1.429799404280945
5453,903.0,11.0,0.275,1.0,2.6063525130047016,2.0514661006525996,2.6055601725388673,2.0364881744326984
5454,903.0,11.0,0.275,2.0,2.0367494076602752,1.6354763409926498,2.019447290123126,1.606487764018747
5455,903.0,11.0,0.275,3.0,1.7488627446390892,1.3670663068794113,1.7784146173877198,1.4236444498687792
5456,903.0,11.0,0.275,4.0,1.8503888965498017,1.4659329822474985,1.9094322534880268,1.5332130997268512
5457,903.0,11.0,0.275,5.0,1.8004814340013997,1.4174917683434538,1.886818731385691,1.4918946349958324
5458,903.0,11.0,0.275,6.0,1.9417024579565196,1.496101022495001,1.995262655933314,1.5673282091445833
5459,903.0,11.0,0.275,7.0,1.8679878944450707,1.4604995396207454,1.9519425947063556,1.4981415703994518
5460,903.0,11.0,0.3,1.0,2.4650496028173032,1.9875479705833414,2.455489539293903,1.9741439696115213
5461,903.0,11.0,0.3,2.0,2.128776055964627,1.6973417642338378,2.142452770964761,1.711223413597982
5462,903.0,11.0,0.3,3.0,1.865772961571382,1.4911326894697545,1.9378919409400086,1.5518122369881038
5463,903.0,11.0,0.3,4.0,1.7944419365544264,1.407723374945816,1.8616405337904793,1.4874294498356961
5464,903.0,11.0,0.3,5.0,1.7912225561380595,1.4184867090629694,1.9041409900548965,1.5300964390221083
5465,903.0,11.0,0.3,6.0,1.882118631936969,1.506322555366037,1.9686124584560027,1.5445400669419407
5466,903.0,11.0,0.3,7.0,1.6884953262313136,1.34181875757467,1.869761839385926,1.4584330008287794
5467,903.0,12.0,0.05,1.0,2.627417123616091,2.077923918669172,2.6348257939640396,2.0788842034579913
5468,903.0,12.0,0.05,2.0,1.8788449726086351,1.5350233935424065,1.900379587896016,1.5670970948924623
5469,903.0,12.0,0.05,3.0,1.7182941782636283,1.408888509939301,1.7884034659715375,1.4716777875819385
5470,903.0,12.0,0.05,4.0,1.5232706721857356,1.2341003120202143,1.5631153414097818,1.2895195838375482
5471,903.0,12.0,0.05,5.0,1.4937469866942468,1.1844823761918557,1.5118906619962724,1.2347134162319446
5472,903.0,12.0,0.05,6.0,1.498994589534511,1.1838838990089908,1.548394508365976,1.2376252655336926
5473,903.0,12.0,0.05,7.0,1.5323734730977991,1.1976928554410373,1.595717055262369,1.2664733024922985
5474,903.0,12.0,0.075,1.0,2.5982170086216163,2.065612156826456,2.5918779756708696,2.0432081888366196
5475,903.0,12.0,0.075,2.0,1.8905316647275334,1.5443380945917355,1.8910821340940762,1.55531528449859
5476,903.0,12.0,0.075,3.0,1.7206281249008726,1.409073499270575,1.7777164043273717,1.4553113022527195
5477,903.0,12.0,0.075,4.0,1.5331830017888488,1.237351776906547,1.5958086239919775,1.303737236897395
5478,903.0,12.0,0.075,5.0,1.5003005259956523,1.2021387598021007,1.533890751785576,1.2441370137922867
5479,903.0,12.0,0.075,6.0,1.487025672912905,1.1688549220204998,1.5282603390119427,1.218462980785294
5480,903.0,12.0,0.075,7.0,1.5246015799773482,1.1894348451626997,1.5455829258662632,1.2377196398151318
5481,903.0,12.0,0.1,1.0,2.59220411356482,2.0637416170340734,2.589056833773129,2.0430199827578273
5482,903.0,12.0,0.1,2.0,1.8922545073240262,1.533242193054344,1.8997250922123643,1.554834080805857
5483,903.0,12.0,0.1,3.0,1.5794947725924462,1.2786380272698392,1.6117546077031133,1.3062866538573452
5484,903.0,12.0,0.1,4.0,1.5840023983996578,1.2809435930250046,1.6662133399922294,1.3486243829558233
5485,903.0,12.0,0.1,5.0,1.5412817656978477,1.2363026665587558,1.558131986924124,1.2639631684259545
5486,903.0,12.0,0.1,6.0,1.525950232521119,1.1962575657872723,1.5505258671513105,1.2452759193362612
5487,903.0,12.0,0.1,7.0,1.5729339153175548,1.2256841468411726,1.6249870549247176,1.2926167625645837
5488,903.0,12.0,0.125,1.0,2.637935161653961,2.095657365050163,2.6309073930165026,2.0763879413328383
5489,903.0,12.0,0.125,2.0,1.9301820763273898,1.5611214478143443,1.93595071187175,1.581587998674728
5490,903.0,12.0,0.125,3.0,1.7566731927870876,1.434778424344933,1.7946844643564492,1.4775770402969322
5491,903.0,12.0,0.125,4.0,1.5715817236125758,1.2675701713905518,1.5869624443902157,1.2971097998718115
5492,903.0,12.0,0.125,5.0,1.4407303167471124,1.1471850744421976,1.517840839495351,1.2174903975834719
5493,903.0,12.0,0.125,6.0,1.5499648978439136,1.2273945515530056,1.5845648197359656,1.261220045459434
5494,903.0,12.0,0.125,7.0,1.5708605417466956,1.2222839659091822,1.6287543729725058,1.3082599404312967
5495,903.0,12.0,0.15,1.0,2.587120945973433,2.05206907852695,2.5996816483137937,2.057086554922239
5496,903.0,12.0,0.15,2.0,1.8453381329514653,1.475692510620167,1.8666305438226236,1.4991818267694144
5497,903.0,12.0,0.15,3.0,1.6584390495477164,1.342790270297122,1.7158135691013756,1.3980558097172266
5498,903.0,12.0,0.15,4.0,1.6050500067655495,1.298832097392993,1.6369928738758506,1.3471825532490875
5499,903.0,12.0,0.15,5.0,1.6064660729442242,1.2770182322700552,1.6029506224890298,1.3013046402823187
5500,903.0,12.0,0.15,6.0,1.5965979123986962,1.2639977361470491,1.6104611334651147,1.29757568211246
5501,903.0,12.0,0.15,7.0,1.592304618406708,1.2479256950580822,1.5926583482160959,1.2750810333338918
5502,903.0,12.0,0.175,1.0,2.5871989755564435,2.074409635702144,2.5782412365416763,2.046325325540721
5503,903.0,12.0,0.175,2.0,2.0382283238756767,1.6426700901277123,1.987516621927224,1.6200886362391502
5504,903.0,12.0,0.175,3.0,1.680038893762136,1.352978168798686,1.7217134771196174,1.3961998719134894
5505,903.0,12.0,0.175,4.0,1.5640412040655234,1.25619031456455,1.6145234175622256,1.2963698228477012
5506,903.0,12.0,0.175,5.0,1.52971306193683,1.1974387324507259,1.6136856963101,1.2913969534989647
5507,903.0,12.0,0.175,6.0,1.5216354311328106,1.1980968332873088,1.4970835733825776,1.2006278277070355
5508,903.0,12.0,0.175,7.0,1.5855135983023982,1.2315502256712656,1.5797537864365918,1.2585027861008093
5509,903.0,12.0,0.2,1.0,2.604130921221983,2.087720416836797,2.5837816341791306,2.0607333492907487
5510,903.0,12.0,0.2,2.0,2.0303430102788917,1.6349246502205643,1.993137851349439,1.6255077444631418
5511,903.0,12.0,0.2,3.0,1.669489268921416,1.3532746272793559,1.714151689872434,1.3988436960387591
5512,903.0,12.0,0.2,4.0,1.6184781581893988,1.3030542397991627,1.6468040687641896,1.348039010658843
5513,903.0,12.0,0.2,5.0,1.598751462008784,1.2612671579966857,1.6505882131049765,1.3313225920905771
5514,903.0,12.0,0.2,6.0,1.6001951722909205,1.2555235752683738,1.6080737780882375,1.2878443732803493
5515,903.0,12.0,0.2,7.0,1.627747633489368,1.2777347997378978,1.6293749008238052,1.2949232462751634
5516,903.0,12.0,0.225,1.0,2.620902520992049,2.0865169579912175,2.620960578013686,2.068728055875395
5517,903.0,12.0,0.225,2.0,1.9973090937978242,1.6172554667560974,1.950288548738377,1.5559820728260956
5518,903.0,12.0,0.225,3.0,1.7362075714715786,1.3796412870616515,1.7955691644619287,1.4330500988717296
5519,903.0,12.0,0.225,4.0,1.6767912301180665,1.3377225404823072,1.6738191440963162,1.3431822814788474
5520,903.0,12.0,0.225,5.0,1.7307349776065024,1.3564838705888078,1.7723169240401317,1.4382101295566854
5521,903.0,12.0,0.225,6.0,1.7193331735184985,1.3457985953057652,1.755832141220485,1.3834960515491939
5522,903.0,12.0,0.225,7.0,1.705610084248705,1.341833131468325,1.7527048680620245,1.409691482337841
5523,903.0,12.0,0.25,1.0,2.7098362775917977,2.1506274180733915,2.6944644369408053,2.1269841317187
5524,903.0,12.0,0.25,2.0,1.9529004321716459,1.5613264174180759,1.9345744671253966,1.5597080583351959
5525,903.0,12.0,0.25,3.0,1.9522627282712812,1.5832164131077262,1.9701759164153445,1.6089002573838458
5526,903.0,12.0,0.25,4.0,1.7628611779952297,1.3974901989630761,1.7932194965011068,1.4320675616146918
5527,903.0,12.0,0.25,5.0,1.8174577002505905,1.4469001040398652,1.833896252835914,1.466479127955171
5528,903.0,12.0,0.25,6.0,1.8666384823693485,1.4831899208719983,1.8447972449157368,1.4597960969423294
5529,903.0,12.0,0.25,7.0,1.8806717874158017,1.472784960969458,1.866077990321638,1.4816248151471112
5530,903.0,12.0,0.275,1.0,2.612079644415853,2.106907532783809,2.593469148533346,2.0704092796546867
5531,903.0,12.0,0.275,2.0,1.9572611027932696,1.558452546581068,1.9432649925011432,1.5590532300619668
5532,903.0,12.0,0.275,3.0,1.7450715309704328,1.3939436059188597,1.7681106432739142,1.417537278331199
5533,903.0,12.0,0.275,4.0,1.728751074533684,1.38769311850889,1.7677023729048613,1.4418253348330785
5534,903.0,12.0,0.275,5.0,1.7121835883250704,1.3806479144391801,1.773854580641818,1.3978980899659306
5535,903.0,12.0,0.275,6.0,1.7731968381314012,1.3860125386283937,1.8509974292569384,1.472026050277333
5536,903.0,12.0,0.275,7.0,1.7684271822694437,1.4007774665955162,1.851797956525542,1.4775057074734146
5537,903.0,12.0,0.3,1.0,2.57694171949353,2.0782782333569707,2.556366368094805,2.045028839038509
5538,903.0,12.0,0.3,2.0,1.9267329853448283,1.5459362232380767,1.9460649596184558,1.5468914141859182
5539,903.0,12.0,0.3,3.0,1.8728952474476992,1.4850819656524625,1.8379009016890342,1.4782300840913745
5540,903.0,12.0,0.3,4.0,1.8396540927642215,1.4569033850316062,1.9226050602231854,1.5280154112039082
5541,903.0,12.0,0.3,5.0,1.7718044447545986,1.4179951361344365,1.8300100594332822,1.4588524444430582
5542,903.0,12.0,0.3,6.0,1.8496497499158642,1.456940948546108,1.9106108712482184,1.5157904712739045
5543,903.0,12.0,0.3,7.0,1.8747900439070038,1.4775828589162752,1.9577996225805596,1.5420318582452648
5544,903.0,13.0,0.05,1.0,2.697050040371183,2.141287966159601,2.6806606808348086,2.113592926285344
5545,903.0,13.0,0.05,2.0,1.8817558235722365,1.5212542965639677,1.8973828193523288,1.5481571009863329
5546,903.0,13.0,0.05,3.0,1.6911933900490965,1.3816051429033913,1.7180806464310072,1.4030814338603315
5547,903.0,13.0,0.05,4.0,1.5939149946265876,1.2907747919829953,1.6300483799863603,1.3416692563448456
5548,903.0,13.0,0.05,5.0,1.5031247653160809,1.1890635684472193,1.5414225393257714,1.244178484900202
5549,903.0,13.0,0.05,6.0,1.5173970196675062,1.197971799941331,1.537229876642363,1.2297997250338497
5550,903.0,13.0,0.05,7.0,1.5249918259106985,1.1902073502269517,1.5296354184759833,1.2107740414781942
5551,903.0,13.0,0.075,1.0,2.711915836615525,2.145886968776718,2.696706665545897,2.1221142891043963
5552,903.0,13.0,0.075,2.0,1.857901549555768,1.4974146138445346,1.8812682054775653,1.5396114167195651
5553,903.0,13.0,0.075,3.0,1.7722795444500208,1.4456671923794038,1.8212697592449318,1.4862223955691756
5554,903.0,13.0,0.075,4.0,1.5720415706257238,1.2691494054093255,1.6069880738748705,1.3175010016198776
5555,903.0,13.0,0.075,5.0,1.5393727261322454,1.206917066144968,1.5531790514904011,1.2477244539130234
5556,903.0,13.0,0.075,6.0,1.5573399819504259,1.2147232992293002,1.6000900831706106,1.2673100064333167
5557,903.0,13.0,0.075,7.0,1.5689991635721874,1.2183285341926253,1.6551973615728797,1.3147313141749137
5558,903.0,13.0,0.1,1.0,2.719423553895719,2.1514360834637296,2.7008044803553046,2.127103093772017
5559,903.0,13.0,0.1,2.0,1.9245964453199422,1.5469584726192047,1.9384811915467712,1.5650864191803693
5560,903.0,13.0,0.1,3.0,1.7311419131809667,1.4116815528613806,1.7650011328853512,1.436242265439375
5561,903.0,13.0,0.1,4.0,1.5732626969125187,1.259843461074452,1.5661608268642455,1.2646250749208428
5562,903.0,13.0,0.1,5.0,1.5527548352607992,1.2232082929254335,1.5847888750902392,1.2776952265881132
5563,903.0,13.0,0.1,6.0,1.4962177378332076,1.1804777299001261,1.546123320363448,1.2229868100659327
5564,903.0,13.0,0.1,7.0,1.576503457347957,1.2520086987982182,1.6009118649683727,1.281223774235784
5565,903.0,13.0,0.125,1.0,2.7221429579249476,2.1567328094771683,2.7086099036928286,2.1335720594027365
5566,903.0,13.0,0.125,2.0,1.7571891683597534,1.4050918708840674,1.773755940631943,1.4315260147171083
5567,903.0,13.0,0.125,3.0,1.7687211881037126,1.4413444199557708,1.7552862264116298,1.4276426159694249
5568,903.0,13.0,0.125,4.0,1.634788144718534,1.3263568227505549,1.6535745783263158,1.3528523218656705
5569,903.0,13.0,0.125,5.0,1.5690035681292644,1.2248791271248782,1.629177489256263,1.3172685471258323
5570,903.0,13.0,0.125,6.0,1.5649611125025062,1.2358178546640868,1.6105288679784573,1.2805590141914576
5571,903.0,13.0,0.125,7.0,1.652779402738113,1.2849626193172383,1.6806789263140693,1.3294803060232108
5572,903.0,13.0,0.15,1.0,2.662970556511162,2.120743402803655,2.648412838948251,2.0929147608303635
5573,903.0,13.0,0.15,2.0,1.9293065802242628,1.5637117462226926,1.9556807171263755,1.5888199106197234
5574,903.0,13.0,0.15,3.0,1.819673905201418,1.4834559692864326,1.8229588293728116,1.4986400336139438
5575,903.0,13.0,0.15,4.0,1.6668198906222096,1.3296409867588785,1.6745088044868766,1.358535812216585
5576,903.0,13.0,0.15,5.0,1.6093971697965972,1.2643677069028376,1.6874809865124005,1.3623698709641494
5577,903.0,13.0,0.15,6.0,1.6008541397923548,1.2424450833735277,1.6227824536617896,1.291334124754839
5578,903.0,13.0,0.15,7.0,1.6776504638203904,1.2962721632382057,1.7306282872690009,1.3774352734377644
5579,903.0,13.0,0.175,1.0,2.7080714428436097,2.155518785234971,2.6885400166626505,2.1261098045908002
5580,903.0,13.0,0.175,2.0,1.752002385937783,1.4119397396233895,1.757801010323507,1.4118831300401422
5581,903.0,13.0,0.175,3.0,1.7304739493130923,1.3793636938467808,1.750708039750921,1.4137571208257773
5582,903.0,13.0,0.175,4.0,1.721618712337618,1.3710617973469768,1.6925332911359812,1.3631150514701924
5583,903.0,13.0,0.175,5.0,1.6791709476770418,1.3235862344377416,1.6801152824976169,1.3566241743849
5584,903.0,13.0,0.175,6.0,1.7044135905940563,1.3166475364813075,1.7341562135089998,1.373680305364117
5585,903.0,13.0,0.175,7.0,1.7721175302924548,1.3526350041133082,1.7665711181086567,1.3928829432927579
5586,903.0,13.0,0.2,1.0,2.6764071241488483,2.1223844321692784,2.6747968182317923,2.099224575788832
5587,903.0,13.0,0.2,2.0,1.9663838549737822,1.5928777612415035,1.9800949377242436,1.6122748808321181
5588,903.0,13.0,0.2,3.0,1.6780007410289801,1.3262732784453575,1.6647489440615966,1.3213030348307528
5589,903.0,13.0,0.2,4.0,1.6685300375188208,1.3281831815172218,1.6410056732439318,1.3190186505711927
5590,903.0,13.0,0.2,5.0,1.607047613467621,1.276295897581802,1.666572929217667,1.3515626708271422
5591,903.0,13.0,0.2,6.0,1.5624776810828327,1.227277200964413,1.6331686455921168,1.3093654239414636
5592,903.0,13.0,0.2,7.0,1.6497074752537693,1.2877639664654257,1.7117495114869385,1.3686305036849853
5593,903.0,13.0,0.225,1.0,2.6337405024458924,2.1007217299641345,2.618044885775344,2.0681100663253615
5594,903.0,13.0,0.225,2.0,1.876079812750549,1.4965211296186312,1.8860003480269114,1.5136468867207393
5595,903.0,13.0,0.225,3.0,1.8144533273512693,1.4603197305716955,1.856952710702419,1.5299419679123103
5596,903.0,13.0,0.225,4.0,1.7743343973197034,1.4217060939575634,1.812036925444089,1.4563091115748343
5597,903.0,13.0,0.225,5.0,1.7192147252910246,1.3600832957355506,1.7285949679219743,1.3811778758316773
5598,903.0,13.0,0.225,6.0,1.7875786512322294,1.3750235019967825,1.851493660524216,1.4358649044336884
5599,903.0,13.0,0.225,7.0,1.7931838176192922,1.3900414239360397,1.8298346977693076,1.436449980995365
5600,903.0,13.0,0.25,1.0,2.730844306946865,2.164886427343588,2.69478377236808,2.1229243452885735
5601,903.0,13.0,0.25,2.0,1.8679301740931555,1.4997675296403503,1.8979506450379058,1.5203066662405975
5602,903.0,13.0,0.25,3.0,1.8099985841510886,1.4513652200370297,1.815888648999388,1.4754192272877105
5603,903.0,13.0,0.25,4.0,1.6464749479888081,1.2884654131801803,1.7003517670521748,1.3508345776110244
5604,903.0,13.0,0.25,5.0,1.6853733008934069,1.321651353609391,1.7665049446870664,1.3948531416187606
5605,903.0,13.0,0.25,6.0,1.7310500281644576,1.3543433246488592,1.774352772510988,1.4093337159260715
5606,903.0,13.0,0.25,7.0,1.6794678526703357,1.291428227400407,1.7016877408131124,1.3398286993729607
5607,903.0,13.0,0.275,1.0,2.715644069705683,2.173755452954406,2.6905379459238747,2.1518925239887166
5608,903.0,13.0,0.275,2.0,1.7728959750048043,1.43520864601,1.8012176994176254,1.4449843613900553
5609,903.0,13.0,0.275,3.0,1.8319630850727773,1.4943488103562155,1.8917251065945866,1.5172861655148295
5610,903.0,13.0,0.275,4.0,1.7191163678191412,1.3715076191759425,1.715847865045848,1.3685318868017682
5611,903.0,13.0,0.275,5.0,1.6352224456775672,1.288978617991685,1.7285970074378854,1.387896762193829
5612,903.0,13.0,0.275,6.0,1.7581456905336712,1.3815367317632576,1.7792878280777853,1.4047757725851342
5613,903.0,13.0,0.275,7.0,1.7035654917245386,1.3234356667249523,1.7506500852564455,1.395067695327819
5614,903.0,13.0,0.3,1.0,2.679035578113986,2.156976394141055,2.6575837778509603,2.1298372033606476
5615,903.0,13.0,0.3,2.0,2.0246136362751113,1.6165674325440331,2.0148561391585256,1.6216781396466826
5616,903.0,13.0,0.3,3.0,1.9092519650651787,1.5443428713331273,1.8931747955836162,1.5326915425472636
5617,903.0,13.0,0.3,4.0,1.7291151906275617,1.3906510116221316,1.7954869422611377,1.4311271025483834
5618,903.0,13.0,0.3,5.0,1.7554223974329284,1.3744343652095066,1.7618224706729864,1.3857914773005662
5619,903.0,13.0,0.3,6.0,1.7005549090371994,1.3410382110450847,1.76676420724345,1.402042801775047
5620,903.0,13.0,0.3,7.0,1.8587100290398642,1.4580248704508845,1.8767102539742941,1.4894029921267269
5621,903.0,14.0,0.05,1.0,2.8616992491806674,2.2796820657691406,2.8162780596469292,2.21553241394928
5622,903.0,14.0,0.05,2.0,1.775686216161313,1.424258601871542,1.820377531451628,1.4739750750250205
5623,903.0,14.0,0.05,3.0,1.5961745223267856,1.2931880371348985,1.6298488943931404,1.330473735210463
5624,903.0,14.0,0.05,4.0,1.5638167024662455,1.2613951569009465,1.615709644066698,1.3234243274247794
5625,903.0,14.0,0.05,5.0,1.479224534340053,1.1708849327336974,1.543014346259161,1.2396498204027597
5626,903.0,14.0,0.05,6.0,1.4878940158345961,1.1715968980261733,1.557814346127758,1.245200928526872
5627,903.0,14.0,0.05,7.0,1.5379324157815284,1.2095114948329568,1.5776006946450276,1.2571930375096778
5628,903.0,14.0,0.075,1.0,2.84269113378085,2.271167489004909,2.791320497832516,2.202864063613525
5629,903.0,14.0,0.075,2.0,1.8787609143600983,1.5034567194303063,1.9210100908426568,1.562376907055468
5630,903.0,14.0,0.075,3.0,1.6082068675923753,1.3101880737588854,1.6288609485144583,1.333426610608453
5631,903.0,14.0,0.075,4.0,1.559526267464965,1.2401330099365628,1.5761018416221804,1.291924171864256
5632,903.0,14.0,0.075,5.0,1.5076220869630843,1.199274461610664,1.5357097355859255,1.2413434777628014
5633,903.0,14.0,0.075,6.0,1.5590318936958376,1.2218458642084642,1.601169779384461,1.2785394093615483
5634,903.0,14.0,0.075,7.0,1.525490380367065,1.189616495954968,1.5379452469429762,1.2091650510026557
5635,903.0,14.0,0.1,1.0,2.8807585939206155,2.298812672252314,2.8311667163779,2.231516934096272
5636,903.0,14.0,0.1,2.0,1.8953189512517445,1.5165308681897067,1.939183302942015,1.5679643124669196
5637,903.0,14.0,0.1,3.0,1.6130698813110196,1.2985491521775356,1.638567479186585,1.3383995684125323
5638,903.0,14.0,0.1,4.0,1.5945077398163687,1.2769803071531955,1.6047841785315777,1.3087460842999339
5639,903.0,14.0,0.1,5.0,1.5037883014242903,1.1923355788787495,1.5319970561562344,1.2262411164756306
5640,903.0,14.0,0.1,6.0,1.5757769810485476,1.2311121835945757,1.589791674716156,1.2625189484474904
5641,903.0,14.0,0.1,7.0,1.5535245445159402,1.206690445432238,1.6029902078055698,1.2947948086298107
5642,903.0,14.0,0.125,1.0,2.8771363196376054,2.2984134133567093,2.8199420365611934,2.2236675414142932
5643,903.0,14.0,0.125,2.0,1.7554708613960626,1.4051217493032562,1.8006730923975454,1.446554634494895
5644,903.0,14.0,0.125,3.0,1.706869003179595,1.3826188008064917,1.7168162233910669,1.4054565260107506
5645,903.0,14.0,0.125,4.0,1.5491536046842838,1.2362046882695095,1.5818442800522328,1.2771794528592804
5646,903.0,14.0,0.125,5.0,1.5350603532463416,1.2109327005987642,1.547650290411339,1.241994540567884
5647,903.0,14.0,0.125,6.0,1.5589575846634836,1.2344323591040882,1.5858467419086497,1.2711230762903747
5648,903.0,14.0,0.125,7.0,1.615289106469317,1.2554937689461554,1.6810111271241557,1.342916052904868
5649,903.0,14.0,0.15,1.0,2.8930257239360486,2.2980800707878974,2.851340769569043,2.2407862108534453
5650,903.0,14.0,0.15,2.0,1.8826080276105432,1.4965936101499593,1.8966788437464206,1.5230108345792184
5651,903.0,14.0,0.15,3.0,1.7109900652536425,1.388854445463391,1.7360947239081386,1.4195774187589727
5652,903.0,14.0,0.15,4.0,1.6398570246216664,1.2966066817085529,1.6895568940045398,1.3700490743241356
5653,903.0,14.0,0.15,5.0,1.609650681443563,1.2904990992120857,1.655781655789568,1.3256250811672146
5654,903.0,14.0,0.15,6.0,1.6567986597356348,1.3197613338768779,1.6967669902658509,1.3552160056476272
5655,903.0,14.0,0.15,7.0,1.7304186117323244,1.3488550146201685,1.7076052977148939,1.366061692420352
5656,903.0,14.0,0.175,1.0,2.882174671810689,2.290910532242671,2.814155954398311,2.2112196571168536
5657,903.0,14.0,0.175,2.0,1.8829384070110435,1.5188720992239833,1.9325370831169641,1.5651478126749432
5658,903.0,14.0,0.175,3.0,1.6564365307626003,1.319627849666834,1.6605703395220457,1.3503329060937157
5659,903.0,14.0,0.175,4.0,1.6859380153089214,1.3644344369901307,1.6933370665190273,1.3860526642271853
5660,903.0,14.0,0.175,5.0,1.5765414906711515,1.2355293726943413,1.6195665202358305,1.2800677917513252
5661,903.0,14.0,0.175,6.0,1.6384418710409723,1.2896037457462706,1.6665339072627623,1.3310567810334477
5662,903.0,14.0,0.175,7.0,1.720588414934889,1.349842623502038,1.7483618485262133,1.3856507041647588
5663,903.0,14.0,0.2,1.0,2.962342749862737,2.347794812537332,2.8947972259805357,2.267231871053247
5664,903.0,14.0,0.2,2.0,1.8610949063800457,1.4826980932500382,1.9167796162634234,1.5183583539232814
5665,903.0,14.0,0.2,3.0,1.735896343738984,1.3934248560578348,1.7203333666730811,1.4011011778157307
5666,903.0,14.0,0.2,4.0,1.632597613988622,1.2888828459523085,1.6284951190978085,1.3154810408207005
5667,903.0,14.0,0.2,5.0,1.5345425643753865,1.2161381358826588,1.6582163209559209,1.3366523182522998
5668,903.0,14.0,0.2,6.0,1.652669455705767,1.2812446838273868,1.7427191153821475,1.381170423335047
5669,903.0,14.0,0.2,7.0,1.7136494197533894,1.314890965818185,1.7366324510874713,1.3721883894718083
5670,903.0,14.0,0.225,1.0,2.92094849609516,2.3290276088175883,2.87407495330334,2.2651118153819243
5671,903.0,14.0,0.225,2.0,1.74149835937966,1.379807050367162,1.7623126913718996,1.3913496482737602
5672,903.0,14.0,0.225,3.0,1.7381573508384014,1.3638338981492735,1.7554959599338793,1.4158667043011348
5673,903.0,14.0,0.225,4.0,1.6631855322493119,1.3155101114143135,1.7057017852681018,1.3591415209154043
5674,903.0,14.0,0.225,5.0,1.5583808749445662,1.239737883704182,1.6204076047473912,1.3090625052083602
5675,903.0,14.0,0.225,6.0,1.686125037646003,1.3235066165730536,1.7275990285289542,1.3873516147992169
5676,903.0,14.0,0.225,7.0,1.6797666344676296,1.3429757574711652,1.6627390494775796,1.3131968453534237
5677,903.0,14.0,0.25,1.0,2.8246876240986873,2.2612818464450966,2.771160052586233,2.1923738461151903
5678,903.0,14.0,0.25,2.0,1.9323253550734678,1.5394612360124174,1.986843690769625,1.5995738921551141
5679,903.0,14.0,0.25,3.0,1.6927644226910716,1.3312488177282025,1.7484913919524487,1.3936240279285286
5680,903.0,14.0,0.25,4.0,1.8080466548021117,1.423917851222909,1.8769762463905222,1.5080608786527125
5681,903.0,14.0,0.25,5.0,1.6842519698759633,1.3102352915074118,1.7225260811871883,1.366781671156643
5682,903.0,14.0,0.25,6.0,1.7791496678028456,1.3483187733481103,1.719163109732659,1.3470793861095487
5683,903.0,14.0,0.25,7.0,1.8715337803974985,1.4586368738249162,1.917146501842899,1.4995229786176723
5684,903.0,14.0,0.275,1.0,2.92283839080507,2.3267150424935097,2.871238826315369,2.2691108602111574
5685,903.0,14.0,0.275,2.0,1.9017504825900373,1.5075304543842052,1.9730221381291146,1.5580401607140302
5686,903.0,14.0,0.275,3.0,1.7817284637223296,1.4018544690777814,1.8445174949328478,1.46603788505985
5687,903.0,14.0,0.275,4.0,1.7690677650709024,1.4020803800773505,1.8096293274629498,1.474556764914357
5688,903.0,14.0,0.275,5.0,1.6745995753279355,1.316824300175846,1.720822269423478,1.362196538469639
5689,903.0,14.0,0.275,6.0,1.6821179244836202,1.3281646477839837,1.7859821102515523,1.4080076747160848
5690,903.0,14.0,0.275,7.0,1.8617679748414586,1.4587249559569868,1.9306579805071709,1.5269497680716086
5691,903.0,14.0,0.3,1.0,2.8827950831067013,2.3183143530174704,2.825474601193867,2.251277112590019
5692,903.0,14.0,0.3,2.0,1.7569170532078306,1.399681769201548,1.8091426357857043,1.4424091886038364
5693,903.0,14.0,0.3,3.0,1.8861130829010513,1.5141936337620205,1.9442750733391068,1.5891316681628131
5694,903.0,14.0,0.3,4.0,1.8337033578482456,1.4481409733251662,1.8887820837740161,1.53223148410008
5695,903.0,14.0,0.3,5.0,1.818854031852774,1.424100330993558,1.912781280350706,1.5101800555144513
5696,903.0,14.0,0.3,6.0,1.7835493524863157,1.3802497235202773,1.836445381212812,1.469341074092491
5697,903.0,14.0,0.3,7.0,1.909976952582775,1.4807040849865123,1.9237014454133556,1.5026702689611142
5698,903.0,15.0,0.05,1.0,2.852342828315931,2.2804586019987747,2.810332728434065,2.2132544965600007
5699,903.0,15.0,0.05,2.0,1.7656484789756384,1.4429947189793975,1.8373838992827753,1.5005335778976079
5700,903.0,15.0,0.05,3.0,1.68215346652836,1.3576256013794272,1.701168198907793,1.3890654223472043
5701,903.0,15.0,0.05,4.0,1.5208852309041974,1.2200655435557888,1.5329118762661311,1.246134160282824
5702,903.0,15.0,0.05,5.0,1.5102090638493189,1.1980240505509558,1.5509682487409935,1.2548656825342412
5703,903.0,15.0,0.05,6.0,1.5349919696215002,1.202820470864483,1.5585333596370852,1.2543217687426158
5704,903.0,15.0,0.05,7.0,1.5464744836747295,1.220715581354454,1.5783563353661105,1.2679772505347742
5705,903.0,15.0,0.075,1.0,2.90080863636191,2.3063931895795475,2.864989858217632,2.246327146950729
5706,903.0,15.0,0.075,2.0,1.8131266148028966,1.4771764375320124,1.876637784538196,1.5341764705180883
5707,903.0,15.0,0.075,3.0,1.6521348660313335,1.3342534834685162,1.6818168233200403,1.3712437630629652
5708,903.0,15.0,0.075,4.0,1.5250785874462172,1.2303454891772168,1.56810733965984,1.2735695535276943
5709,903.0,15.0,0.075,5.0,1.5422283060712285,1.2279139564993897,1.616551798549882,1.3118492363618575
5710,903.0,15.0,0.075,6.0,1.5410432537335033,1.231280273073376,1.5637515764012786,1.253798259662998
5711,903.0,15.0,0.075,7.0,1.5507852807764793,1.2260540140029461,1.61287546446717,1.2864685622689966
5712,903.0,15.0,0.1,1.0,2.922666650415053,2.326448640540656,2.882955164542511,2.267857050429061
5713,903.0,15.0,0.1,2.0,1.7926106708027325,1.4623331375304942,1.8604279914228625,1.5150896828151967
5714,903.0,15.0,0.1,3.0,1.7032452232105255,1.383012111695346,1.7166124926671753,1.4020238704593986
5715,903.0,15.0,0.1,4.0,1.5360965359772212,1.2239400079196419,1.5639992423734905,1.2794887631381844
5716,903.0,15.0,0.1,5.0,1.583489916510787,1.2565240365855883,1.6111410166149485,1.3007038041909689
5717,903.0,15.0,0.1,6.0,1.6093004948857297,1.2715677692221408,1.663741030794003,1.3367944293891554
5718,903.0,15.0,0.1,7.0,1.5732866653850444,1.225372905398501,1.6127854796735221,1.2902503801845642
5719,903.0,15.0,0.125,1.0,2.7717016627357514,2.2279070314743223,2.7566640250126673,2.187465342295823
5720,903.0,15.0,0.125,2.0,1.8098873092610483,1.472147920986271,1.8739395526121332,1.5280153268509031
5721,903.0,15.0,0.125,3.0,1.6792612384756491,1.358309358668673,1.6991153471209657,1.3818801082685872
5722,903.0,15.0,0.125,4.0,1.6216402113539177,1.2990200783832178,1.62035880555074,1.3260810347034677
5723,903.0,15.0,0.125,5.0,1.4943601587691877,1.1829582068968758,1.579795692515666,1.2765661429820498
5724,903.0,15.0,0.125,6.0,1.565863398800075,1.2370712167301512,1.62398819015392,1.2922744155181654
5725,903.0,15.0,0.125,7.0,1.6320184927923225,1.2860314466225082,1.6273739059920218,1.2835983929527983
5726,903.0,15.0,0.15,1.0,2.8606273439787193,2.2945617113527668,2.831022897966672,2.2325941391036865
5727,903.0,15.0,0.15,2.0,1.7883577368074688,1.4545575619436062,1.8572336163851246,1.5054629206356935
5728,903.0,15.0,0.15,3.0,1.740323527120353,1.3895600663331906,1.7568226524745467,1.4310133328632169
5729,903.0,15.0,0.15,4.0,1.620610699676656,1.3042240122860709,1.6257951461855233,1.3277723414858777
5730,903.0,15.0,0.15,5.0,1.5997108230848796,1.2711558953405004,1.622963461514469,1.3051078455858278
5731,903.0,15.0,0.15,6.0,1.529546508300861,1.20901406524752,1.6280301571452465,1.293396780191776
5732,903.0,15.0,0.15,7.0,1.6418642927497922,1.280895375903005,1.6416054894337102,1.2990223264169594
5733,903.0,15.0,0.175,1.0,2.8315088895878944,2.271485480646471,2.8108949149529865,2.217124037458796
5734,903.0,15.0,0.175,2.0,1.766327336107604,1.4229954066787174,1.8065389971716561,1.4502573744111773
5735,903.0,15.0,0.175,3.0,1.6707112072172716,1.3231256705674181,1.6905415607571292,1.371775064786588
5736,903.0,15.0,0.175,4.0,1.6218680292922,1.2861726290527744,1.6369820066441545,1.3091876710253028
5737,903.0,15.0,0.175,5.0,1.4936193505628153,1.1727989963152265,1.5561861770556034,1.2601776543972414
5738,903.0,15.0,0.175,6.0,1.6803624004704385,1.3008349144453657,1.7329939554356697,1.3769658029737135
5739,903.0,15.0,0.175,7.0,1.6498501030671877,1.31956127475099,1.6378288872269096,1.3031832177274727
5740,903.0,15.0,0.2,1.0,2.902753309931415,2.3231015573398888,2.8777623183574113,2.2626725822565255
5741,903.0,15.0,0.2,2.0,1.7377624200105544,1.4135356014396905,1.8079520662101223,1.4614519353909057
5742,903.0,15.0,0.2,3.0,1.7107901297418144,1.3650615204146752,1.7330660408776608,1.4102103240557253
5743,903.0,15.0,0.2,4.0,1.6537898920932226,1.2979727678521327,1.6072481697162162,1.300097845477754
5744,903.0,15.0,0.2,5.0,1.5709961402184738,1.2517746261493632,1.5997036889173597,1.2874207550054384
5745,903.0,15.0,0.2,6.0,1.6178516431332768,1.2734585376556242,1.644557307000312,1.3115916320624115
5746,903.0,15.0,0.2,7.0,1.7228700236228423,1.3433972628990434,1.728233340709601,1.373665676244466
5747,903.0,15.0,0.225,1.0,2.846655962506216,2.288598128480369,2.831123614850687,2.242690898362797
5748,903.0,15.0,0.225,2.0,1.6976950991025341,1.3798810987276628,1.7684321714941589,1.4345181435981273
5749,903.0,15.0,0.225,3.0,1.748573395382536,1.418414765123613,1.7551285107957713,1.4323855282126154
5750,903.0,15.0,0.225,4.0,1.6127551842018941,1.287953339084736,1.6409742982875886,1.3273343478822934
5751,903.0,15.0,0.225,5.0,1.6661727117291598,1.3175924168926376,1.6344705442399357,1.3111699296265433
5752,903.0,15.0,0.225,6.0,1.7500521806240452,1.378374628846489,1.7753873775584634,1.4252199137959636
5753,903.0,15.0,0.225,7.0,1.7126010293284988,1.349302032479737,1.7374207480533836,1.394354303480696
5754,903.0,15.0,0.25,1.0,2.9744760073065457,2.3719809067717095,2.930903024290998,2.2974068845032565
5755,903.0,15.0,0.25,2.0,1.811268398292022,1.4686588734055395,1.8642655997206594,1.504656141019423
5756,903.0,15.0,0.25,3.0,1.780870943242711,1.4401241858887899,1.8056243083470216,1.4762409744433178
5757,903.0,15.0,0.25,4.0,1.8269231630108542,1.4034994108297218,1.7989355177389914,1.428541422753723
5758,903.0,15.0,0.25,5.0,1.7870837434074698,1.3825943866869432,1.8133373386517504,1.425118977589433
5759,903.0,15.0,0.25,6.0,1.8966920220714265,1.4503035983050414,1.8835335754778921,1.4667136922033635
5760,903.0,15.0,0.25,7.0,1.9527788618203477,1.5119506809615226,1.9609678035880522,1.5301947816319859
5761,903.0,15.0,0.275,1.0,2.9900786727062245,2.3613058034300365,2.9457202439882084,2.2908106254135765
5762,903.0,15.0,0.275,2.0,1.8385948328320771,1.4847559653336706,1.8554668961362697,1.486959650893853
5763,903.0,15.0,0.275,3.0,1.7464530973178924,1.412410151634567,1.7779242574338558,1.4504562099785163
5764,903.0,15.0,0.275,4.0,1.7501694002545694,1.3717905369110162,1.7857109087774046,1.441426401358084
5765,903.0,15.0,0.275,5.0,1.8442225693050134,1.4468007992127512,1.8336155528519558,1.4661607209472551
5766,903.0,15.0,0.275,6.0,1.8714981567040148,1.4578093153575702,1.8710335278380965,1.4835425041377195
5767,903.0,15.0,0.275,7.0,1.9157614007299504,1.475355416495978,1.8984485662401094,1.5079671918741537
5768,903.0,15.0,0.3,1.0,2.9559780919201692,2.3629407849186346,2.9239759456255188,2.297342305983954
5769,903.0,15.0,0.3,2.0,1.806229855844314,1.4303625505570077,1.8517561310088264,1.4865491845129588
5770,903.0,15.0,0.3,3.0,1.7081225933161421,1.3769212838990734,1.7738458802498966,1.4357604816957765
5771,903.0,15.0,0.3,4.0,1.74899664305975,1.3919230144425114,1.7920380182535738,1.4217373950169296
5772,903.0,15.0,0.3,5.0,1.7163734145151808,1.3611290462759273,1.692494235504256,1.36042920328141
5773,903.0,15.0,0.3,6.0,1.748365748951377,1.3615079741821186,1.7656241592859434,1.4100357719146706
5774,903.0,15.0,0.3,7.0,1.7714597265685463,1.3975293186487576,1.8768906615226755,1.4806200205508881
5775,903.0,16.0,0.05,1.0,3.1399619254251707,2.4830837995383366,3.0596740242036207,2.3852334434598403
5776,903.0,16.0,0.05,2.0,1.8805748868934622,1.5192160227453406,1.9316827398093548,1.5552835916828789
5777,903.0,16.0,0.05,3.0,1.723655484212197,1.4050805736613516,1.7595915874429533,1.4394345629584369
5778,903.0,16.0,0.05,4.0,1.5974663139627339,1.2772305458824442,1.6289822442662671,1.3196641819670412
5779,903.0,16.0,0.05,5.0,1.4972539361745743,1.193733566096634,1.5607539560240615,1.2490049502349032
5780,903.0,16.0,0.05,6.0,1.5594345420545976,1.2269305201149248,1.6082783281946667,1.2792996408849335
5781,903.0,16.0,0.05,7.0,1.5846784819578013,1.241209860276835,1.6439670973585752,1.3142895173210227
5782,903.0,16.0,0.075,1.0,3.16005005715897,2.4845934968577805,3.0816959671716586,2.401807014361397
5783,903.0,16.0,0.075,2.0,1.9398690145403694,1.571244418451709,2.0020138328397215,1.623741077976752
5784,903.0,16.0,0.075,3.0,1.740538967818861,1.4174814863416918,1.7676948889957247,1.4399067574244846
5785,903.0,16.0,0.075,4.0,1.6113620900756358,1.2862030224084138,1.634270480776445,1.3182562934466973
5786,903.0,16.0,0.075,5.0,1.5169328969418376,1.2003455774775338,1.5471892419345747,1.2426464435399236
5787,903.0,16.0,0.075,6.0,1.570356834840644,1.2123693258028356,1.6446441158750085,1.2993741993796712
5788,903.0,16.0,0.075,7.0,1.5833513897594689,1.239533127117411,1.6178621971656204,1.284548711700947
5789,903.0,16.0,0.1,1.0,3.1127866937299453,2.4869220527989593,3.018994642756679,2.3596017140735084
5790,903.0,16.0,0.1,2.0,1.9088301285936842,1.5422866120860137,1.941017224131808,1.563501691438072
5791,903.0,16.0,0.1,3.0,1.7395135654006262,1.4219907701332293,1.754231527855622,1.422994116866078
5792,903.0,16.0,0.1,4.0,1.6074156441494658,1.2838602934852161,1.6360777531235666,1.3162043285016762
5793,903.0,16.0,0.1,5.0,1.5537148265349505,1.231560609591364,1.618370362653267,1.2967290579823012
5794,903.0,16.0,0.1,6.0,1.6381432577777533,1.2779799936487306,1.6807188021796275,1.3230617268413294
5795,903.0,16.0,0.1,7.0,1.6150748071852514,1.2538404676023531,1.597285955056409,1.261627387600695
5796,903.0,16.0,0.125,1.0,3.0345294133754575,2.442960887119222,2.954448242500645,2.3211541260020194
5797,903.0,16.0,0.125,2.0,2.0063729157098007,1.6315119268954428,2.0588894523806287,1.662107342691508
5798,903.0,16.0,0.125,3.0,1.7015792379018813,1.382978966126202,1.7216159585017434,1.4019819192692744
5799,903.0,16.0,0.125,4.0,1.6404260995109399,1.3088141523611403,1.6768176313074727,1.3569011324936389
5800,903.0,16.0,0.125,5.0,1.6183489894129073,1.276303854612431,1.6438151940604826,1.3023272197660767
5801,903.0,16.0,0.125,6.0,1.6566434306900746,1.2911822861342102,1.6761018519316104,1.3252864018723602
5802,903.0,16.0,0.125,7.0,1.660860407306102,1.2907454662117566,1.6788193914692398,1.325313355325185
5803,903.0,16.0,0.15,1.0,2.9823089381227885,2.408008471437645,2.8989493729349434,2.2991888257345425
5804,903.0,16.0,0.15,2.0,1.879055307445173,1.5180818675259253,1.9305737736232071,1.5508159094221856
5805,903.0,16.0,0.15,3.0,1.9193592731505726,1.56303260546604,1.9243755799899465,1.5642880195512434
5806,903.0,16.0,0.15,4.0,1.7694589616097705,1.4025059552331531,1.7962906441440092,1.4523600757977426
5807,903.0,16.0,0.15,5.0,1.7679733515018952,1.3587398368646615,1.7237388775505678,1.3670612003751763
5808,903.0,16.0,0.15,6.0,1.7994745529522007,1.4018260776049847,1.8169349567564452,1.438732556401944
5809,903.0,16.0,0.15,7.0,1.7616121982104003,1.3734187965966402,1.7352974843217428,1.3422858531282802
5810,903.0,16.0,0.175,1.0,3.087031489430916,2.469198063754925,3.0086910011836525,2.353434246228772
5811,903.0,16.0,0.175,2.0,1.9675763379928968,1.5887595227970728,2.03230116214487,1.6381838440657206
5812,903.0,16.0,0.175,3.0,1.7272635693698526,1.3781166629612358,1.7571011783916313,1.4040952818663415
5813,903.0,16.0,0.175,4.0,1.7421503350344032,1.3858498228810436,1.7989526981887658,1.4399163999573894
5814,903.0,16.0,0.175,5.0,1.5936661254215396,1.2421633673399672,1.6621976748344065,1.3118297308261817
5815,903.0,16.0,0.175,6.0,1.714639411376633,1.3290105090354163,1.7071776737855469,1.3390792802367675
5816,903.0,16.0,0.175,7.0,1.7240107948788947,1.3311420596164925,1.74839015610795,1.394825027314943
5817,903.0,16.0,0.2,1.0,3.087455827734724,2.4539115515869363,3.004816618915548,2.3461693959652976
5818,903.0,16.0,0.2,2.0,1.96568607611307,1.5759221627696804,1.9848359846114183,1.591310635863681
5819,903.0,16.0,0.2,3.0,1.7402775972285323,1.399829201512794,1.8003984868655767,1.4475891915881172
5820,903.0,16.0,0.2,4.0,1.627689459061442,1.3016243409287203,1.6940528540564304,1.3484796280562767
5821,903.0,16.0,0.2,5.0,1.6171665552435062,1.298365895093817,1.6398694694135239,1.3178869552460986
5822,903.0,16.0,0.2,6.0,1.5861848366642526,1.2656520275314416,1.6528469469049563,1.3204667399467536
5823,903.0,16.0,0.2,7.0,1.6511078383760223,1.3036579089679632,1.6396095539970998,1.3139796236045536
5824,903.0,16.0,0.225,1.0,3.1250596191020024,2.49791642028715,3.0405003964938206,2.3689860816576602
5825,903.0,16.0,0.225,2.0,1.9868860852741164,1.5967279127010174,2.0403016441702526,1.6507405538712652
5826,903.0,16.0,0.225,3.0,1.7694697185504966,1.446316331355975,1.8233358836967595,1.47064999995929
5827,903.0,16.0,0.225,4.0,1.7903937227453421,1.4287300162536207,1.7805148128208608,1.4438881609116347
5828,903.0,16.0,0.225,5.0,1.7157861712450628,1.3411799388788526,1.7463746758746195,1.3919066998124239
5829,903.0,16.0,0.225,6.0,1.7924145634406201,1.393822571644275,1.8593949426549008,1.4557681916857546
5830,903.0,16.0,0.225,7.0,1.7700482597000418,1.3918216316760914,1.8336617545440106,1.4444518992190118
5831,903.0,16.0,0.25,1.0,3.239918101571702,2.567098612299282,3.154091459782284,2.458434614956749
5832,903.0,16.0,0.25,2.0,1.9426660852221906,1.5566025891184234,1.9820379546328446,1.579590658132994
5833,903.0,16.0,0.25,3.0,1.8462292483986,1.479860080327814,1.9213924391328387,1.552200887128661
5834,903.0,16.0,0.25,4.0,1.7705734948944136,1.4086615672826377,1.8714845360100554,1.496530844014034
5835,903.0,16.0,0.25,5.0,1.7633591311292154,1.391768189468326,1.7964559303871999,1.4300398333731414
5836,903.0,16.0,0.25,6.0,1.7645207377196013,1.3803062682945206,1.8042358329632895,1.4453441811894876
5837,903.0,16.0,0.25,7.0,1.7992149058474625,1.3962347163050421,1.8556699157048577,1.4645596890621255
5838,903.0,16.0,0.275,1.0,3.091232105523584,2.5117802830106384,3.0129457075847297,2.3934501461237034
5839,903.0,16.0,0.275,2.0,1.9775646738443886,1.5923659835526447,1.9676348903707597,1.5843713939789434
5840,903.0,16.0,0.275,3.0,1.901391490231332,1.528221914550929,1.884819215015353,1.511013901766261
5841,903.0,16.0,0.275,4.0,1.7994841877158274,1.4300235984825935,1.8300895263459036,1.465171188720051
5842,903.0,16.0,0.275,5.0,1.7338632912154242,1.3923345358410997,1.8126103685174584,1.4626674166111688
5843,903.0,16.0,0.275,6.0,1.8433772421524688,1.4604743858475038,1.865986300662147,1.4771355482355024
5844,903.0,16.0,0.275,7.0,1.8704411722119774,1.4880157686352398,1.9527006863899914,1.5441610190404658
5845,903.0,16.0,0.3,1.0,3.2255660263535084,2.594805548558668,3.128108153399791,2.470506724729595
5846,903.0,16.0,0.3,2.0,2.266862864791133,1.8332636100583768,2.3089329637474085,1.8597278795860452
5847,903.0,16.0,0.3,3.0,1.8670094077855497,1.484197714712414,1.9663379033898762,1.5733068078001375
5848,903.0,16.0,0.3,4.0,1.7888230580408055,1.4272625245606627,1.8516181444414144,1.4898591656479396
5849,903.0,16.0,0.3,5.0,1.76120670466707,1.376010856642859,1.7654517162167103,1.3934736928813658
5850,903.0,16.0,0.3,6.0,1.9639435392363647,1.5465717536946486,2.064571571967629,1.6476818190054228
5851,903.0,16.0,0.3,7.0,1.8370492740397861,1.4284348221978036,1.8531173179453022,1.4600736470313946
5852,903.0,17.0,0.05,1.0,3.276466051011796,2.5882454023173067,3.184700609893373,2.478857473597672
5853,903.0,17.0,0.05,2.0,2.0718525242038472,1.681636128363518,2.104947761214927,1.7089106339336892
5854,903.0,17.0,0.05,3.0,1.8442273593658596,1.507117160704756,1.881676494437806,1.5264951242062457
5855,903.0,17.0,0.05,4.0,1.6774605810049261,1.3521311105925256,1.7126692827838916,1.386222324892005
5856,903.0,17.0,0.05,5.0,1.5455299683138404,1.2413029084548444,1.6117856483399904,1.3130381398043738
5857,903.0,17.0,0.05,6.0,1.5519807784778161,1.2242039675990994,1.6127977347596845,1.292079916881002
5858,903.0,17.0,0.05,7.0,1.6285887331447408,1.2657003352545133,1.6781310830197942,1.3407915860801891
5859,903.0,17.0,0.075,1.0,3.2557465803698773,2.579392173615882,3.1641581486236605,2.4672187320142474
5860,903.0,17.0,0.075,2.0,2.046692661222321,1.6687979059376088,2.086816549762586,1.6865264628378636
5861,903.0,17.0,0.075,3.0,1.8542466160485669,1.5134774469869294,1.884387576088803,1.5246284041623654
5862,903.0,17.0,0.075,4.0,1.711665280392206,1.3781009247270106,1.7759802430691096,1.4323914396201638
5863,903.0,17.0,0.075,5.0,1.62029972737197,1.295962292772868,1.6824827848559443,1.3570360520862221
5864,903.0,17.0,0.075,6.0,1.5900374902782246,1.2497405418952183,1.642117200954386,1.3086324479472347
5865,903.0,17.0,0.075,7.0,1.5882057640406004,1.2366201933399599,1.6148553763203088,1.2827101024818035
5866,903.0,17.0,0.1,1.0,3.311177760700955,2.6014603589623793,3.2243586426214645,2.5053021233710413
5867,903.0,17.0,0.1,2.0,2.07222566605254,1.692458349807978,2.103213134863182,1.700951872145336
5868,903.0,17.0,0.1,3.0,1.8385839370523083,1.5076256702354462,1.8691549757053938,1.5123793002963477
5869,903.0,17.0,0.1,4.0,1.7305163296546318,1.3850781826044951,1.768374481967135,1.4276229867621717
5870,903.0,17.0,0.1,5.0,1.576761608323437,1.2593769875048482,1.6122799575639792,1.2934844383089994
5871,903.0,17.0,0.1,6.0,1.5898395137440027,1.2632345372181066,1.6491383593145754,1.3408781135655268
5872,903.0,17.0,0.1,7.0,1.6217368302938213,1.294665120366557,1.6416423542769767,1.3168434906097215
5873,903.0,17.0,0.125,1.0,3.334498772874162,2.6249450852930667,3.249418548661215,2.5242447290455026
5874,903.0,17.0,0.125,2.0,2.1101458034339964,1.7147177131169342,2.1450082413444074,1.7363548353877625
5875,903.0,17.0,0.125,3.0,1.830242522547291,1.4940121556764858,1.8706773848599034,1.5348402126650962
5876,903.0,17.0,0.125,4.0,1.7006036186047735,1.3600334365592348,1.7533808415886938,1.4300261680892599
5877,903.0,17.0,0.125,5.0,1.602111291955802,1.2649263492994587,1.6814141218441039,1.3543588610179103
5878,903.0,17.0,0.125,6.0,1.5713424040451365,1.2215555795023323,1.5992026643178172,1.2712750974455507
5879,903.0,17.0,0.125,7.0,1.6166895181473397,1.2614628716875518,1.598541473384891,1.2863849904403715
5880,903.0,17.0,0.15,1.0,3.2208435946599403,2.55756338624786,3.139503615237648,2.4525138500181156
5881,903.0,17.0,0.15,2.0,2.1508238835897475,1.7477426382012904,2.1806077932293038,1.7712926391525095
5882,903.0,17.0,0.15,3.0,1.85757911455498,1.5107442198815593,1.9271808209288026,1.5741662002591903
5883,903.0,17.0,0.15,4.0,1.8691376535577808,1.5041796333623911,1.916546815872017,1.5421747932337773
5884,903.0,17.0,0.15,5.0,1.7067154004105054,1.3635235573414852,1.7693730125831182,1.4224298587456095
5885,903.0,17.0,0.15,6.0,1.715600941540391,1.3579562736533175,1.7969417361461377,1.4346763818930197
5886,903.0,17.0,0.15,7.0,1.686190676026966,1.3306082962126142,1.7156066192208088,1.3768646685174968
5887,903.0,17.0,0.175,1.0,3.212053368076089,2.5975228268900508,3.1148464612678683,2.4463565010238297
5888,903.0,17.0,0.175,2.0,2.140496055936225,1.7382774644275523,2.159339216306912,1.7454326546634078
5889,903.0,17.0,0.175,3.0,1.886877892706791,1.5278386659441154,1.967059349527925,1.5954521189778226
5890,903.0,17.0,0.175,4.0,1.7073480290743048,1.3723047581603742,1.7705690674817005,1.4063351947102452
5891,903.0,17.0,0.175,5.0,1.6460152311193574,1.31813757690727,1.7379505279052665,1.4103517298478745
5892,903.0,17.0,0.175,6.0,1.61135318184987,1.2790518206958477,1.7154473504202228,1.3747198384906996
5893,903.0,17.0,0.175,7.0,1.7176200929473746,1.3522067635087773,1.713826636049594,1.3780553060164598
5894,903.0,17.0,0.2,1.0,3.384483371872288,2.669331665154656,3.2578317892744844,2.5299984287417696
5895,903.0,17.0,0.2,2.0,2.049774465288384,1.668668395156945,2.0523640960192338,1.6683659042856203
5896,903.0,17.0,0.2,3.0,1.9289051912398123,1.5498501650676806,1.9767529589676052,1.590614442313567
5897,903.0,17.0,0.2,4.0,1.8384395149977075,1.4813566867718015,1.8565567606055853,1.4964597131884971
5898,903.0,17.0,0.2,5.0,1.5509008950188534,1.2565254291358936,1.660025949115387,1.3295322718591855
5899,903.0,17.0,0.2,6.0,1.6307080025965974,1.2942153787927178,1.7179667300931418,1.3740041094134243
5900,903.0,17.0,0.2,7.0,1.698841703074476,1.3514434068138539,1.7347619311281501,1.3954365113654188
5901,903.0,17.0,0.225,1.0,3.1939722606749124,2.5493650674290604,3.074242941820691,2.4014326664836827
5902,903.0,17.0,0.225,2.0,2.1517134129485647,1.7508140676245867,2.1832271712978275,1.7649104632455686
5903,903.0,17.0,0.225,3.0,1.9427468637999172,1.5638109375940434,1.9482756249671591,1.564457838881397
5904,903.0,17.0,0.225,4.0,1.7862997043044533,1.4314502540942404,1.916138897742439,1.5224560735219044
5905,903.0,17.0,0.225,5.0,1.6435571185801048,1.300311649284547,1.727376456437548,1.390055612647872
5906,903.0,17.0,0.225,6.0,1.627247632140111,1.2734119466445784,1.708316738912317,1.3570387730084323
5907,903.0,17.0,0.225,7.0,1.6939156829648319,1.3151968301892507,1.7825092516473668,1.4088453912536314
5908,903.0,17.0,0.25,1.0,3.1862697005674185,2.5228857678632637,3.095498353753689,2.3966126417251106
5909,903.0,17.0,0.25,2.0,2.0207747711226802,1.628282351387233,2.0566754538871193,1.660734282683577
5910,903.0,17.0,0.25,3.0,1.966175919509697,1.5853976579779407,1.9987096994135143,1.6116063383856059
5911,903.0,17.0,0.25,4.0,2.0086722413906513,1.596197181983067,2.061717118437336,1.6556939564820612
5912,903.0,17.0,0.25,5.0,1.7985905378123521,1.411916017571479,1.822522941921994,1.468313095043446
5913,903.0,17.0,0.25,6.0,1.7530918753454978,1.3845152102793299,1.7900942147767047,1.4301703549682598
5914,903.0,17.0,0.25,7.0,1.9185980864124152,1.5019109101325905,1.884206888736403,1.4830903169203549
5915,903.0,17.0,0.275,1.0,3.3444164933759977,2.6830348567256808,3.217407128672106,2.516585299760229
5916,903.0,17.0,0.275,2.0,2.1320749290007397,1.7093996291617921,2.127697441743863,1.7076112154388925
5917,903.0,17.0,0.275,3.0,1.999387454064598,1.5892756763891354,2.0437744717167785,1.6244133301658958
5918,903.0,17.0,0.275,4.0,1.984038424649486,1.5837750980828584,1.9555144827509385,1.555499583515243
5919,903.0,17.0,0.275,5.0,1.9506975916276281,1.5249420873195654,2.022345905305543,1.616037596714115
5920,903.0,17.0,0.275,6.0,1.8625231537982407,1.4405400164911575,1.9312530323401877,1.525300822943544
5921,903.0,17.0,0.275,7.0,1.8464530456529382,1.436692207117338,1.8573010336758984,1.4578931234691195
5922,903.0,17.0,0.3,1.0,3.614560826631613,2.8644146919374327,3.4420419537119407,2.6656341988293595
5923,903.0,17.0,0.3,2.0,2.2070196580752803,1.7894809654739674,2.213403358633222,1.7829057396823222
5924,903.0,17.0,0.3,3.0,2.1125995138966394,1.6960221886981313,2.1391949320059602,1.7169474143691215
5925,903.0,17.0,0.3,4.0,1.8522715603046487,1.4622263255652392,1.8848199974303468,1.4968849626157275
5926,903.0,17.0,0.3,5.0,1.7169159846257238,1.3649328242006504,1.804171718959527,1.452233218898643
5927,903.0,17.0,0.3,6.0,1.8536862312879443,1.4725989888877944,1.959080822120336,1.5723293307281119
5928,903.0,17.0,0.3,7.0,1.7744191331970232,1.392755653841567,1.8123600417151415,1.4703401073018767
5929,903.0,18.0,0.05,1.0,3.5501680273959058,2.7556645790974845,3.4974601494561237,2.6913328726960173
5930,903.0,18.0,0.05,2.0,2.21111111718038,1.8008618217534258,2.2079268631644586,1.7874815997532896
5931,903.0,18.0,0.05,3.0,1.991306807390553,1.624830688123297,2.0070659545861433,1.6353588552907623
5932,903.0,18.0,0.05,4.0,1.787663004393361,1.444497878808043,1.8553364663617449,1.48881637401726
5933,903.0,18.0,0.05,5.0,1.6654010615585257,1.3430944134696534,1.7232358448052667,1.3974473683764603
5934,903.0,18.0,0.05,6.0,1.6035546919552255,1.2613720142693687,1.6604453920464288,1.3133848854722956
5935,903.0,18.0,0.05,7.0,1.5960181184945428,1.2595315146396926,1.6399348796911524,1.308976577006924
5936,903.0,18.0,0.075,1.0,3.5490511193259655,2.7634759193890557,3.4851987367894655,2.691977011676088
5937,903.0,18.0,0.075,2.0,2.187390155697445,1.7796568596646263,2.168909347668166,1.7512987797328743
5938,903.0,18.0,0.075,3.0,1.9616289278092705,1.6063147551215375,2.008779747497849,1.6414923673793207
5939,903.0,18.0,0.075,4.0,1.825578140975082,1.4801263559754256,1.8803339871196505,1.5113728613442075
5940,903.0,18.0,0.075,5.0,1.6982004730422657,1.3601217415480238,1.7744368638563663,1.4180539810083024
5941,903.0,18.0,0.075,6.0,1.6199550053844574,1.2674712015444807,1.69228735844059,1.3558375272429852
5942,903.0,18.0,0.075,7.0,1.6585545109273367,1.3048173520351956,1.7022605515154539,1.3445225768864137
5943,903.0,18.0,0.1,1.0,3.4900396755713805,2.713267975042592,3.4427164009736297,2.643324737238476
5944,903.0,18.0,0.1,2.0,2.2195932520671926,1.814621392486725,2.2291748734175276,1.798349509732714
5945,903.0,18.0,0.1,3.0,2.017874998077574,1.6346145666926852,2.0268325841057733,1.6423327098517437
5946,903.0,18.0,0.1,4.0,1.7906505235881758,1.45352026670503,1.8683052646840848,1.4989951046332108
5947,903.0,18.0,0.1,5.0,1.7589264329773062,1.412615585551835,1.75623778108057,1.4191822389697195
5948,903.0,18.0,0.1,6.0,1.6346153522112397,1.2866418597544662,1.6711845630753142,1.3446444648153173
5949,903.0,18.0,0.1,7.0,1.6506388612792595,1.3168114578574577,1.62622703449035,1.305542640141057
5950,903.0,18.0,0.125,1.0,3.5418158954729058,2.74851694852487,3.4898500236552192,2.6839021343390317
5951,903.0,18.0,0.125,2.0,2.166889370773293,1.7650183328836337,2.1649511849000604,1.7528091700921038
5952,903.0,18.0,0.125,3.0,2.0866385248171366,1.7030147121529045,2.1156905049390233,1.727462961988459
5953,903.0,18.0,0.125,4.0,1.8427655381826842,1.492357795787807,1.8677500505675082,1.5097997257458828
5954,903.0,18.0,0.125,5.0,1.62991400940094,1.3009980548542015,1.6498903866097168,1.3263117394552584
5955,903.0,18.0,0.125,6.0,1.6259489067867356,1.3006064412845708,1.66804730144427,1.338597163864231
5956,903.0,18.0,0.125,7.0,1.6504017962005686,1.3099002562202913,1.6647577122103816,1.3421609051721775
5957,903.0,18.0,0.15,1.0,3.476668566033539,2.7233523822783154,3.4111609383505113,2.64846135332672
5958,903.0,18.0,0.15,2.0,2.2721771946414115,1.8371777334919417,2.279867278911986,1.826909793887053
5959,903.0,18.0,0.15,3.0,1.9876175002886696,1.6129739863702839,2.0611547255784664,1.658951026961563
5960,903.0,18.0,0.15,4.0,1.8303274531718137,1.4868741880773968,1.8669294796721065,1.5035201139737855
5961,903.0,18.0,0.15,5.0,1.6570606573791762,1.3185638681665182,1.697185421993324,1.3702346463806188
5962,903.0,18.0,0.15,6.0,1.6572166606124534,1.3214815089977274,1.7172081053409032,1.357893951230376
5963,903.0,18.0,0.15,7.0,1.6458611173773103,1.2971115460450795,1.6954153465010924,1.3377526903767305
5964,903.0,18.0,0.175,1.0,3.543297261835459,2.7718127785175968,3.486959301136373,2.6913340449378773
5965,903.0,18.0,0.175,2.0,2.334408223772889,1.8881168352914066,2.3139725402076503,1.849152614377575
5966,903.0,18.0,0.175,3.0,2.032253412047286,1.6538900351025003,2.1070201019344355,1.7002619645381338
5967,903.0,18.0,0.175,4.0,1.801371856878364,1.4481666781012783,1.8772613403958136,1.5188316805026747
5968,903.0,18.0,0.175,5.0,1.84763329214889,1.4875872636681562,1.8733472383104208,1.495403103938847
5969,903.0,18.0,0.175,6.0,1.6593455153090972,1.3315128798902574,1.7301364223930618,1.3579043446029533
5970,903.0,18.0,0.175,7.0,1.6609742733278934,1.320067149913176,1.7152095550608935,1.359923740390078
5971,903.0,18.0,0.2,1.0,3.4392751388048945,2.7226247239330643,3.339441066839798,2.6074813941001085
5972,903.0,18.0,0.2,2.0,2.307889975558353,1.8730410150457655,2.314203755129898,1.8581451292868894
5973,903.0,18.0,0.2,3.0,2.118311173842459,1.733819606770282,2.1157080063366367,1.7269457440094125
5974,903.0,18.0,0.2,4.0,1.8849221172179504,1.5201189974231837,1.9020038888971755,1.518530427463907
5975,903.0,18.0,0.2,5.0,1.7051365661553939,1.3787161440695959,1.7519051821876896,1.3928794721486655
5976,903.0,18.0,0.2,6.0,1.7288643432230544,1.3595867310254153,1.746656953768369,1.4046527444201107
5977,903.0,18.0,0.2,7.0,1.7326851543775736,1.385087412717261,1.7485982185723514,1.3811559253190315
5978,903.0,18.0,0.225,1.0,3.6719413482851975,2.84906454444167,3.6116782369761733,2.7731849982869803
5979,903.0,18.0,0.225,2.0,2.3861370051212725,1.927301752821505,2.3732835214273593,1.8943528357542094
5980,903.0,18.0,0.225,3.0,2.158276224507397,1.7352842265222974,2.1483828580510766,1.6946712223562603
5981,903.0,18.0,0.225,4.0,1.875713588602319,1.5265436521523956,1.9205136165198506,1.5515837522446887
5982,903.0,18.0,0.225,5.0,1.9006449322167642,1.5084286783581349,1.910222391784742,1.495237882130926
5983,903.0,18.0,0.225,6.0,1.7679939193193261,1.412199324103039,1.7990431065588477,1.4348058127050962
5984,903.0,18.0,0.225,7.0,1.7699966196135004,1.4127020534019894,1.8282536738017283,1.438750159729826
5985,903.0,18.0,0.25,1.0,3.499525876813,2.7715144970923276,3.402786152789592,2.6600172042632293
5986,903.0,18.0,0.25,2.0,2.389546119304527,1.932320857468847,2.4147173844592698,1.941115273084563
5987,903.0,18.0,0.25,3.0,2.1933761076854967,1.7751953118385413,2.209700376421951,1.7873523907553475
5988,903.0,18.0,0.25,4.0,1.9728171892457975,1.589387615812862,2.063440940088016,1.6535659897485584
5989,903.0,18.0,0.25,5.0,1.8827738959757214,1.5030740795576052,1.9381053054730988,1.5616709150494492
5990,903.0,18.0,0.25,6.0,1.8423009457779511,1.453619796722792,1.885165120099838,1.4952201319956315
5991,903.0,18.0,0.25,7.0,1.772295564114171,1.4044603851961623,1.8228631229278338,1.4373921020810447
5992,903.0,18.0,0.275,1.0,3.5506614702415633,2.7946644023613803,3.4695408088517126,2.68691047795334
5993,903.0,18.0,0.275,2.0,2.3778656041959847,1.9253934775599972,2.376139618772031,1.920691353035544
5994,903.0,18.0,0.275,3.0,2.3280005802075596,1.8752537168412713,2.316351367344654,1.8482559378382928
5995,903.0,18.0,0.275,4.0,2.0586048793153635,1.6286395074563762,2.1341671626465817,1.675846603112822
5996,903.0,18.0,0.275,5.0,2.021025423188374,1.586446041020179,2.0939812282098833,1.6733418779562599
5997,903.0,18.0,0.275,6.0,1.8375202430576136,1.4485628361384992,1.846448279140254,1.4787048230718938
5998,903.0,18.0,0.275,7.0,1.7254098546561778,1.3441375743661987,1.8019298093349596,1.423660968054359
5999,903.0,18.0,0.3,1.0,3.7327237883080837,2.909615192253151,3.6650856781116823,2.8160839889191265
6000,903.0,18.0,0.3,2.0,2.2785514621163703,1.8291167742096759,2.243591543328039,1.784182179803395
6001,903.0,18.0,0.3,3.0,2.300646247009865,1.8698046839569442,2.2745271416845303,1.8414461865748335
6002,903.0,18.0,0.3,4.0,2.059952010121591,1.631533373625317,2.0741463510423657,1.6856315988822197
6003,903.0,18.0,0.3,5.0,1.994949373247203,1.563489253259181,2.0740380931314104,1.633413878756563
6004,903.0,18.0,0.3,6.0,1.939429241670546,1.5380924264705669,2.106240585104482,1.6990656932328014
6005,903.0,18.0,0.3,7.0,1.9206385117374607,1.4829750924758187,1.9896649358127072,1.5765478061163758
6006,903.0,19.0,0.05,1.0,3.7816068591288317,2.9018795083459787,3.7225861325374683,2.8318514116539646
6007,903.0,19.0,0.05,2.0,2.3594252569034797,1.9243179198202274,2.3145827631089904,1.8717326719628113
6008,903.0,19.0,0.05,3.0,2.1733903924372404,1.7639209832164768,2.20038333966094,1.7775427418789553
6009,903.0,19.0,0.05,4.0,1.9486294073467119,1.574143465598366,2.006885467397934,1.605343677809473
6010,903.0,19.0,0.05,5.0,1.7461518204950162,1.4105401105079263,1.7753898646930262,1.4353307416547654
6011,903.0,19.0,0.05,6.0,1.6060819669700022,1.2615050213271888,1.697632831227248,1.3442658428080732
6012,903.0,19.0,0.05,7.0,1.6252346834206828,1.272144409215644,1.6927894458396562,1.350327375404349
6013,903.0,19.0,0.075,1.0,3.9012172085624517,2.9607676482660947,3.8443989542897956,2.906705871890038
6014,903.0,19.0,0.075,2.0,2.341110786982338,1.909835643201192,2.3057693999326103,1.8698343588198887
6015,903.0,19.0,0.075,3.0,2.1821918211669176,1.7696982597394375,2.175093219112277,1.7480318455587844
6016,903.0,19.0,0.075,4.0,1.9984921992589315,1.5966485667816164,2.097284057226078,1.652962072712985
6017,903.0,19.0,0.075,5.0,1.7375664205897912,1.3970982482594552,1.7895754985915036,1.4430210052868708
6018,903.0,19.0,0.075,6.0,1.6614538649249226,1.334714796519499,1.7530422424965577,1.3990959818622986
6019,903.0,19.0,0.075,7.0,1.5760314773286126,1.2415545054792714,1.6396620050069968,1.3022892866723301
6020,903.0,19.0,0.1,1.0,3.8308441574910486,2.9297547380195836,3.7622301744981037,2.849515417040834
6021,903.0,19.0,0.1,2.0,2.298879430937793,1.874193516810863,2.2729607116726487,1.81766386293941
6022,903.0,19.0,0.1,3.0,2.1429838482377566,1.7431707484395729,2.1705545880039674,1.7523248394902142
6023,903.0,19.0,0.1,4.0,1.9952993540784139,1.6152725830844137,2.1009172219869727,1.6749324637947427
6024,903.0,19.0,0.1,5.0,1.708661320424673,1.3756168887862776,1.742898435647915,1.393657385984122
6025,903.0,19.0,0.1,6.0,1.6793241948123756,1.3423454046363965,1.6868450689162346,1.3541515698084057
6026,903.0,19.0,0.1,7.0,1.57713281464298,1.238121733841356,1.6131206445297581,1.278288683016704
6027,903.0,19.0,0.125,1.0,3.850855438810272,2.954209805344665,3.761464622520493,2.8605902774051564
6028,903.0,19.0,0.125,2.0,2.369637993513636,1.9298157765585995,2.3508340002111328,1.9018930742816738
6029,903.0,19.0,0.125,3.0,2.1844445980758143,1.7434483575301056,2.2565214008548167,1.7895458675300737
6030,903.0,19.0,0.125,4.0,2.0345370419059843,1.639075856062629,2.110834647319512,1.6594798090024165
6031,903.0,19.0,0.125,5.0,1.9174599498624738,1.5394331778295751,1.9841946449242582,1.582560188677339
6032,903.0,19.0,0.125,6.0,1.7111125952475357,1.3615408309414825,1.7549591667330995,1.4067382328495046
6033,903.0,19.0,0.125,7.0,1.6937077837315608,1.3109535533882264,1.7357889144937704,1.3601557588485937
6034,903.0,19.0,0.15,1.0,3.852734179348121,2.973881083711756,3.799604994400055,2.9107603439293372
6035,903.0,19.0,0.15,2.0,2.3917889772433845,1.930998051408907,2.38794664290084,1.8947597965002079
6036,903.0,19.0,0.15,3.0,2.256846588327233,1.810014212490341,2.229550501551147,1.7765713556459246
6037,903.0,19.0,0.15,4.0,2.0757525450390926,1.6784364435409789,2.2116360101432297,1.746121897464088
6038,903.0,19.0,0.15,5.0,1.8659040224529366,1.483439105662474,1.9776566151323933,1.5697204777782443
6039,903.0,19.0,0.15,6.0,1.6875100579250695,1.3279898419677714,1.763219138434076,1.4004173250805896
6040,903.0,19.0,0.15,7.0,1.6383875770745622,1.2984105644909492,1.7625569692575516,1.405393004014039
6041,903.0,19.0,0.175,1.0,3.807817835100909,2.9041506928207257,3.7460027055323626,2.8315719198523004
6042,903.0,19.0,0.175,2.0,2.395325312382237,1.9426710506421687,2.3836356511490413,1.9065421134227896
6043,903.0,19.0,0.175,3.0,2.289530665697429,1.8540309652656228,2.2817332107462183,1.8162065335222655
6044,903.0,19.0,0.175,4.0,2.163037934283005,1.7117663148143736,2.2351585119671897,1.7534843326739122
6045,903.0,19.0,0.175,5.0,1.9350160960166873,1.5440272758190967,2.0022016288536437,1.5940153084230742
6046,903.0,19.0,0.175,6.0,1.8416055466844987,1.4572749943577952,1.8751007092818182,1.4799434250987633
6047,903.0,19.0,0.175,7.0,1.769339375364415,1.4006559552280238,1.8230121297675135,1.419990539171427
6048,903.0,19.0,0.2,1.0,3.826578836462575,2.9339120684244824,3.765114186436975,2.8709118532548863
6049,903.0,19.0,0.2,2.0,2.474370549456455,1.9920769925489692,2.467177621227185,1.9632856776868992
6050,903.0,19.0,0.2,3.0,2.2198236401662546,1.7794995492339318,2.265362421466356,1.8166470905904066
6051,903.0,19.0,0.2,4.0,2.141206061906274,1.7079021895699078,2.1921353925781695,1.7290344793152668
6052,903.0,19.0,0.2,5.0,1.8457446483245061,1.4614961091230751,1.902465154647138,1.52691435052819
6053,903.0,19.0,0.2,6.0,1.718915353672129,1.3558321469043408,1.710120943944628,1.3536256579659272
6054,903.0,19.0,0.2,7.0,1.761395061165751,1.3924689579358236,1.7727298967766976,1.3862473559853374
6055,903.0,19.0,0.225,1.0,3.949213420789305,3.071382156162521,3.879482062660036,3.006615356444053
6056,903.0,19.0,0.225,2.0,2.514739601489146,2.0262369213852884,2.4844130398099904,1.9968724185950464
6057,903.0,19.0,0.225,3.0,2.4260116528660753,1.94903543180255,2.4346133812944664,1.9340779254886453
6058,903.0,19.0,0.225,4.0,2.1641505292109446,1.7512670641130508,2.2113581475221578,1.7541052606480512
6059,903.0,19.0,0.225,5.0,1.8203454626975624,1.4304064460773618,1.9777575696823784,1.541966365582883
6060,903.0,19.0,0.225,6.0,1.775148912115553,1.3887196417375807,1.9379362178795423,1.5396408799228571
6061,903.0,19.0,0.225,7.0,1.8025518225492587,1.4144746929176104,1.8365251273052476,1.456813145457903
6062,903.0,19.0,0.25,1.0,3.6543602369439383,2.7644960033752892,3.6100860345529844,2.715512477849719
6063,903.0,19.0,0.25,2.0,2.489048962542232,2.0131485848919084,2.4286646500641265,1.9530241012725411
6064,903.0,19.0,0.25,3.0,2.4074665854303645,1.9302364186137537,2.4284316055401827,1.94228487461442
6065,903.0,19.0,0.25,4.0,2.2979120384162526,1.8373124958741327,2.375538516729189,1.8782200019359763
6066,903.0,19.0,0.25,5.0,2.157632736475126,1.667746859494792,2.2037874976637783,1.740215369511372
6067,903.0,19.0,0.25,6.0,2.0043939606447037,1.5684296155109851,2.0507545660937954,1.6234083684391338
6068,903.0,19.0,0.25,7.0,2.036620668643376,1.576766449047482,1.9672615719918827,1.546467947120948
6069,903.0,19.0,0.275,1.0,3.9366039386252147,3.0244497034574205,3.8697347244250877,2.9594211758470053
6070,903.0,19.0,0.275,2.0,2.4308077721160295,1.9420515374296934,2.440824216229286,1.9151788987795408
6071,903.0,19.0,0.275,3.0,2.5053225055559616,2.0048257523926205,2.5297871717824068,1.9800207227376458
6072,903.0,19.0,0.275,4.0,2.21756665923049,1.7443702289789218,2.2168459673602117,1.7481684318799111
6073,903.0,19.0,0.275,5.0,2.043445347356402,1.585502344166935,2.0794417149608546,1.6405206746683938
6074,903.0,19.0,0.275,6.0,1.962146149680792,1.5029753084152035,2.03817074069149,1.6132756344078985
6075,903.0,19.0,0.275,7.0,1.9598548443040782,1.5297227639655757,2.0196306215928312,1.5889963258805473
6076,903.0,19.0,0.3,1.0,4.099116058485764,3.0874504639658316,4.019387627821221,3.001566577635308
6077,903.0,19.0,0.3,2.0,2.405293824819982,1.9294837514462602,2.3875586794738295,1.8741301222590891
6078,903.0,19.0,0.3,3.0,2.4562527198017734,1.9501000021592256,2.4736197140864338,1.976342226180877
6079,903.0,19.0,0.3,4.0,2.3234122610670664,1.8169716310787831,2.411381202227255,1.8674612948017348
6080,903.0,19.0,0.3,5.0,2.2044161915159672,1.7639192678621096,2.3178250184800384,1.844197031455811
6081,903.0,19.0,0.3,6.0,1.9305997790685314,1.5191948788828973,1.969218673830584,1.5524216985597543
6082,903.0,19.0,0.3,7.0,1.9775105877240562,1.5306081526301407,1.972977126870335,1.5327029875397618
6083,903.0,20.0,0.05,1.0,4.072488694851745,3.0599464293856022,4.043154839924355,3.0259523975889047
6084,903.0,20.0,0.05,2.0,2.5875908815083912,2.101599332585014,2.486512511021037,2.0040912063436496
6085,903.0,20.0,0.05,3.0,2.3952046057632654,1.9226195735214977,2.426997571989141,1.9211795461000378
6086,903.0,20.0,0.05,4.0,2.2059789057568366,1.7799077654929287,2.2071963903339538,1.7539885217215996
6087,903.0,20.0,0.05,5.0,1.8755679358115334,1.5064317588940652,1.8965582068755833,1.5171584304920092
6088,903.0,20.0,0.05,6.0,1.7288159600695536,1.378984649926036,1.7711480273247668,1.4041141304653613
6089,903.0,20.0,0.05,7.0,1.6713553396162903,1.312448953089639,1.696645046109633,1.332347115029399
6090,903.0,20.0,0.075,1.0,4.021520116555572,3.0111721111328027,3.994174206780036,2.972288644441988
6091,903.0,20.0,0.075,2.0,2.618593524659252,2.1156367546115686,2.5009315111520154,2.009874041001548
6092,903.0,20.0,0.075,3.0,2.4310928705124994,1.9499136969619084,2.4426467911209304,1.9236221021443398
6093,903.0,20.0,0.075,4.0,2.202151520847386,1.7586145775372741,2.1818353643044084,1.7275447939832067
6094,903.0,20.0,0.075,5.0,1.928379271433667,1.5198090398597073,1.8800147724154825,1.5168727212022153
6095,903.0,20.0,0.075,6.0,1.7152058232133327,1.3584931984961626,1.765365143841929,1.3989587599042266
6096,903.0,20.0,0.075,7.0,1.612717467638142,1.2498979623617457,1.661251781525322,1.2993905724892736
6097,903.0,20.0,0.1,1.0,4.028003841497577,3.044887864472871,3.996120561410701,2.9883227543994035
6098,903.0,20.0,0.1,2.0,2.575656523798218,2.086876093485039,2.4649658066372266,1.9756224285055373
6099,903.0,20.0,0.1,3.0,2.4779341638424417,2.0012108682801983,2.4869343757421003,1.971583943897576
6100,903.0,20.0,0.1,4.0,2.110152734892858,1.7054554741795087,2.115781496914467,1.6656747424164142
6101,903.0,20.0,0.1,5.0,1.949104637626301,1.5754698586441214,1.9301054274882852,1.5485591955355917
6102,903.0,20.0,0.1,6.0,1.8085474600408684,1.4291423181531833,1.7870307030864219,1.4065482209033626
6103,903.0,20.0,0.1,7.0,1.6456706171338968,1.2982178582138246,1.6583958123848817,1.313035702661604
6104,903.0,20.0,0.125,1.0,4.217198275438599,3.1401801530080165,4.212119204346522,3.097194108430341
6105,903.0,20.0,0.125,2.0,2.6264527908323756,2.1176290783694807,2.5496624250742554,2.0526209230176824
6106,903.0,20.0,0.125,3.0,2.491523219893165,1.961415542755598,2.4583210064149674,1.926449772196609
6107,903.0,20.0,0.125,4.0,2.2307652263894733,1.7740404804332175,2.2879651068458364,1.7680976536983386
6108,903.0,20.0,0.125,5.0,1.928199117784414,1.5213751629261965,1.941718764793056,1.550897043124137
6109,903.0,20.0,0.125,6.0,1.7746485286056024,1.4163925812108404,1.8310856885660343,1.455787039887057
6110,903.0,20.0,0.125,7.0,1.6903831621844978,1.3238403096170464,1.7902598112450223,1.429688952465208
6111,903.0,20.0,0.15,1.0,4.132388767271281,3.124950605418846,4.10151500952793,3.05102632957513
6112,903.0,20.0,0.15,2.0,2.5903783487126053,2.0934654455408217,2.497850638627454,1.9814341525286385
6113,903.0,20.0,0.15,3.0,2.5782015500150552,2.0553528290928234,2.6216108991389184,2.0610459094765026
6114,903.0,20.0,0.15,4.0,2.3851500820335345,1.8891232281426518,2.3764658232739078,1.8416894825270198
6115,903.0,20.0,0.15,5.0,2.0485112217225225,1.6236590835215456,2.088575834362515,1.6615950853030175
6116,903.0,20.0,0.15,6.0,1.8112979183404736,1.4384506625178086,1.8997146489323027,1.4971654235886218
6117,903.0,20.0,0.15,7.0,1.6532479320077462,1.315077280493593,1.6527391969425824,1.298263063973605
6118,903.0,20.0,0.175,1.0,4.076987708331291,3.0877777604392045,4.053691850073134,3.0361647958795093
6119,903.0,20.0,0.175,2.0,2.6383973833906547,2.1269943099360376,2.549412429673148,2.0106920557567465
6120,903.0,20.0,0.175,3.0,2.5457689443182936,2.0228351959132613,2.508134884400014,1.99375300114004
6121,903.0,20.0,0.175,4.0,2.560891466181688,1.9995146484031747,2.551344496126823,2.0032401259941754
6122,903.0,20.0,0.175,5.0,1.9824672794125215,1.5720868211934107,2.0242127978282762,1.596020974985901
6123,903.0,20.0,0.175,6.0,1.8281988138010532,1.4389410663990065,1.8777716463316487,1.45006950381101
6124,903.0,20.0,0.175,7.0,1.8284922141872963,1.3952734290385453,1.8244840893030074,1.4295671351508372
6125,903.0,20.0,0.2,1.0,4.032067769173586,3.001781733850772,4.010269200134467,2.9553263791539277
6126,903.0,20.0,0.2,2.0,2.743816774627592,2.1991810110788537,2.634562046516774,2.07494658471414
6127,903.0,20.0,0.2,3.0,2.585569769545799,2.084376748860704,2.608626487298626,2.050400841511105
6128,903.0,20.0,0.2,4.0,2.3447423491873307,1.8293305546176692,2.3400089229095733,1.7796936162751218
6129,903.0,20.0,0.2,5.0,2.133697632044419,1.6592927571755436,2.0901372666889597,1.6485449158132985
6130,903.0,20.0,0.2,6.0,1.7850566943876023,1.4160161249501824,1.7740789834039044,1.4092129073339086
6131,903.0,20.0,0.2,7.0,1.7366067685956408,1.3784676136767693,1.816988498613152,1.4325521735109552
6132,903.0,20.0,0.225,1.0,4.123609955553846,3.131524443901885,4.094577421070831,3.0579389396269407
6133,903.0,20.0,0.225,2.0,2.778349385119651,2.2013043182720233,2.6958802835405997,2.1096249626254737
6134,903.0,20.0,0.225,3.0,2.5391181130052725,2.0603359971511184,2.534449632013844,2.0163371471503804
6135,903.0,20.0,0.225,4.0,2.3880620027145714,1.8945483007929163,2.4757129940626976,1.944932822734284
6136,903.0,20.0,0.225,5.0,2.2368336710800514,1.7718707514392005,2.29666615742853,1.794744832369823
6137,903.0,20.0,0.225,6.0,1.9514791668914062,1.5170222986395538,1.926917036921076,1.5013599404647306
6138,903.0,20.0,0.225,7.0,1.8584118020297493,1.4592397240227963,1.8723817050788745,1.4591298229489456
6139,903.0,20.0,0.25,1.0,4.100866326407183,3.177145024674219,4.019421514940119,3.0759842083825757
6140,903.0,20.0,0.25,2.0,2.6385473046291135,2.108220944618861,2.5303673933246507,2.005275717361211
6141,903.0,20.0,0.25,3.0,2.7062410684403804,2.175447798240396,2.7690677073207937,2.160701484020826
6142,903.0,20.0,0.25,4.0,2.6147738373131473,2.057654219352973,2.7724814818193724,2.1548471167831234
6143,903.0,20.0,0.25,5.0,2.1377846966325533,1.7147423715531036,2.201458357150234,1.7366928278945888
6144,903.0,20.0,0.25,6.0,1.9680359831014531,1.514793848718385,2.0877766025991833,1.6450685276864843
6145,903.0,20.0,0.25,7.0,1.9049398286601913,1.4773159562417968,1.9259410921455424,1.4850577647954646
6146,903.0,20.0,0.275,1.0,4.2368416624040055,3.212538102545103,4.188523388029395,3.1506539062655627
6147,903.0,20.0,0.275,2.0,2.769194377507755,2.2390747975740837,2.677874888698683,2.13390327830793
6148,903.0,20.0,0.275,3.0,2.8779883336136973,2.2893090829227147,2.8839845750652606,2.2996675144399132
6149,903.0,20.0,0.275,4.0,2.5083803336587933,1.9969638640399954,2.569153986329508,1.9882366716340494
6150,903.0,20.0,0.275,5.0,2.2957903898048992,1.8235284727426608,2.4462165802974565,1.9034393287647202
6151,903.0,20.0,0.275,6.0,2.0225412725197653,1.5796354495770117,2.1429978810669357,1.642323392860678
6152,903.0,20.0,0.275,7.0,1.8214851109375698,1.4367503287516254,1.9011671809677848,1.463392854839779
6153,903.0,20.0,0.3,1.0,3.964905991155999,2.9735255917682526,3.943165143170044,2.9264938285191766
6154,903.0,20.0,0.3,2.0,2.8674660001169454,2.283772829025096,2.6886775754597196,2.1521716711985186
6155,903.0,20.0,0.3,3.0,2.836576205664155,2.2513119130253836,2.9212122990432414,2.267528711241309
6156,903.0,20.0,0.3,4.0,2.6333922211092857,2.088717243605348,2.6511819835539283,2.0631893985207697
6157,903.0,20.0,0.3,5.0,2.205426594819035,1.7758504693980066,2.1938386504363647,1.7516811450684504
6158,903.0,20.0,0.3,6.0,2.066169998582689,1.635751627226355,2.1821411256788203,1.7409093007052951
6159,903.0,20.0,0.3,7.0,2.0130624255183807,1.5732095700835536,1.9689596143833288,1.553037703623092
6160,904.0,1.0,0.05,1.0,1.2050729787977728,0.952467024493933,1.1998205581144084,0.9483451841282855
6161,904.0,1.0,0.05,2.0,0.9794548827757484,0.7804206148469773,0.9467886958845408,0.7617009719533459
6162,904.0,1.0,0.05,3.0,0.9981609592244025,0.7963701033729472,0.9520097459250085,0.7636975905736268
6163,904.0,1.0,0.05,4.0,1.037586904898362,0.8240487851097816,1.0004314771319014,0.8056015896602682
6164,904.0,1.0,0.05,5.0,1.102679771792998,0.8845897490759017,1.1245108523818386,0.8988107767470147
6165,904.0,1.0,0.05,6.0,1.2359082935809689,0.9829530488784486,1.201922926020003,0.9505175399258924
6166,904.0,1.0,0.05,7.0,1.371836770582188,1.0913837835222253,1.3387564576234152,1.0384816415709843
6167,904.0,1.0,0.075,1.0,1.160063610856734,0.9164867788891554,1.154720155649161,0.920724762918196
6168,904.0,1.0,0.075,2.0,0.9579563673447107,0.7629431457592324,0.9254115724335071,0.7493643477140961
6169,904.0,1.0,0.075,3.0,1.0130893549557565,0.8079777978983,0.9674959136010387,0.7746929570237974
6170,904.0,1.0,0.075,4.0,1.059392132750457,0.8339227139690825,1.0182442242109961,0.8208165112759446
6171,904.0,1.0,0.075,5.0,1.1240840959834466,0.9050217848174524,1.1192127989524379,0.9003014784958525
6172,904.0,1.0,0.075,6.0,1.2482978940832914,0.9961725534855554,1.240606111793683,0.9841085839195497
6173,904.0,1.0,0.075,7.0,1.3544390998422293,1.0834948314318018,1.3441495876160074,1.0531071070120084
6174,904.0,1.0,0.1,1.0,1.1679301402113411,0.9224502474831747,1.1589216647076244,0.9230213310515581
6175,904.0,1.0,0.1,2.0,0.9809289691042655,0.7844238564683466,0.9427999997703556,0.7579654873415819
6176,904.0,1.0,0.1,3.0,1.043316171041635,0.8416069621583979,0.9957763673233208,0.7901825592388323
6177,904.0,1.0,0.1,4.0,1.0602437865219783,0.8442309363052776,1.0149572143821692,0.8139389897423782
6178,904.0,1.0,0.1,5.0,1.1220892526033648,0.8944440617403059,1.136323850012863,0.9165031253880197
6179,904.0,1.0,0.1,6.0,1.2368577087878516,0.9819736830529814,1.2223367537167165,0.963983585448265
6180,904.0,1.0,0.1,7.0,1.3572613003651641,1.0886031722393799,1.3543874129153568,1.061793705857544
6181,904.0,1.0,0.125,1.0,1.1775469629814002,0.9291653480852522,1.1674747878789866,0.9313140347360132
6182,904.0,1.0,0.125,2.0,0.9947480366916744,0.8009496363874523,0.9438756156859469,0.7535348345423925
6183,904.0,1.0,0.125,3.0,1.0277636006351583,0.8164569802763776,0.9980690141348482,0.8035519152497329
6184,904.0,1.0,0.125,4.0,1.0611581806169412,0.8556054657657173,1.020952816225282,0.820676270395382
6185,904.0,1.0,0.125,5.0,1.172905020105062,0.9378489691445033,1.1631326346310364,0.9322646239287764
6186,904.0,1.0,0.125,6.0,1.2807106584137316,1.0139445589788831,1.224002598293409,0.9639481074252201
6187,904.0,1.0,0.125,7.0,1.3686440573436935,1.0774603499567335,1.3490157568468315,1.0505128610813868
6188,904.0,1.0,0.15,1.0,1.1548792245107347,0.9111719667583372,1.1476032525773967,0.9200343987231949
6189,904.0,1.0,0.15,2.0,0.9850745238424019,0.7862388960289971,0.9577678541563962,0.7627479934663809
6190,904.0,1.0,0.15,3.0,1.0724035242960406,0.8530926044731493,1.0287756256091458,0.8259632280702227
6191,904.0,1.0,0.15,4.0,1.1008261090585896,0.8761952791540838,1.0552190011830733,0.8476121558642672
6192,904.0,1.0,0.15,5.0,1.1836180790087671,0.9269075713477891,1.1957532652778957,0.9400854744969968
6193,904.0,1.0,0.15,6.0,1.3000014320565956,1.0344547664602037,1.2635102270634078,0.9966099713975763
6194,904.0,1.0,0.15,7.0,1.3740690607496864,1.0916952220507883,1.4213821238812414,1.1067030323291027
6195,904.0,1.0,0.175,1.0,1.1653553476386596,0.9208860879190296,1.1580433778605916,0.929209161141367
6196,904.0,1.0,0.175,2.0,1.0068135487531849,0.8086230733245723,0.9814369075733242,0.7857743136676981
6197,904.0,1.0,0.175,3.0,1.064094038709145,0.8373123813565443,0.9935246365674147,0.7920702054619656
6198,904.0,1.0,0.175,4.0,1.084535751785406,0.861349483744696,1.072259793786967,0.8597785069349434
6199,904.0,1.0,0.175,5.0,1.2003130294372657,0.9629431220024287,1.2004218631968875,0.9510557095319087
6200,904.0,1.0,0.175,6.0,1.293736655363184,1.0241494891577,1.3099628728760415,1.0356796358480596
6201,904.0,1.0,0.175,7.0,1.4558978344940787,1.1729209133324108,1.462603282029916,1.1555560167225067
6202,904.0,1.0,0.2,1.0,1.133052073403208,0.8964046416668137,1.1299704622613984,0.9068901333014371
6203,904.0,1.0,0.2,2.0,1.0079587408449031,0.7933567596453429,0.9821627405418945,0.7838400116956743
6204,904.0,1.0,0.2,3.0,1.1145051215019202,0.8828583167410982,1.0553274797351624,0.8397075511860634
6205,904.0,1.0,0.2,4.0,1.140543656190796,0.9064165485074909,1.1342983931752098,0.9039523834635775
6206,904.0,1.0,0.2,5.0,1.193558973469856,0.9477487857237655,1.2217170487069569,0.9770811496785643
6207,904.0,1.0,0.2,6.0,1.3100036393482966,1.0172743135946394,1.2961899550351383,1.0230607190711845
6208,904.0,1.0,0.2,7.0,1.4925045677518167,1.1927929403280466,1.499272549140025,1.173525358071707
6209,904.0,1.0,0.225,1.0,1.1541457239729485,0.9132020738208528,1.1473062314474383,0.9205953145785933
6210,904.0,1.0,0.225,2.0,1.049160194515195,0.826554029802628,1.0128116929009436,0.8056362307340055
6211,904.0,1.0,0.225,3.0,1.1098738785502316,0.871551187551212,1.0538893389582393,0.8469196096762232
6212,904.0,1.0,0.225,4.0,1.1549822304611328,0.9306117619020383,1.0935645388293587,0.8766023771860796
6213,904.0,1.0,0.225,5.0,1.2621381795939668,0.9898330938373101,1.2534151390191923,0.9909929352534971
6214,904.0,1.0,0.225,6.0,1.3620039521660126,1.0635764069478768,1.3328168051360385,1.0494765673686384
6215,904.0,1.0,0.225,7.0,1.4973016725161965,1.1813762446213218,1.470279485486859,1.1633111615654288
6216,904.0,1.0,0.25,1.0,1.170687461290509,0.9274347208484806,1.1586974730001107,0.9307823919979176
6217,904.0,1.0,0.25,2.0,1.0946467176135053,0.8691576964321054,1.038389760872771,0.8285019434944505
6218,904.0,1.0,0.25,3.0,1.1240964683735932,0.8907772280567814,1.065431005951779,0.848356373291789
6219,904.0,1.0,0.25,4.0,1.1695308844162071,0.9453670595377591,1.140656251601655,0.9209098226026162
6220,904.0,1.0,0.25,5.0,1.2702768207552317,1.0246452818241623,1.2753853434251243,1.0219072111878047
6221,904.0,1.0,0.25,6.0,1.3931677344443847,1.1115406992352945,1.4118913014830135,1.1190197177254648
6222,904.0,1.0,0.25,7.0,1.5270896837258903,1.2019317505701874,1.501717710071831,1.1868653142701107
6223,904.0,1.0,0.275,1.0,1.1796802667185042,0.9317852899674567,1.1689005105509083,0.9350367361491116
6224,904.0,1.0,0.275,2.0,1.0312059735628023,0.8232433780036511,1.000633121715952,0.8133823414957926
6225,904.0,1.0,0.275,3.0,1.150121803932883,0.9140982573906465,1.1289159199297383,0.8904735672371797
6226,904.0,1.0,0.275,4.0,1.1418518090146488,0.9049551892276889,1.1426058813623818,0.9029431431088114
6227,904.0,1.0,0.275,5.0,1.3012429051913832,1.0334764482642071,1.3230758586506106,1.0417858640819535
6228,904.0,1.0,0.275,6.0,1.4290944394846221,1.1322848170723416,1.3768731236366094,1.0751887250806291
6229,904.0,1.0,0.275,7.0,1.5549574287424213,1.2616471911278884,1.5138812207070949,1.1815045926664074
6230,904.0,1.0,0.3,1.0,1.1714984555881092,0.9279733981929881,1.170265322531232,0.9290543404095408
6231,904.0,1.0,0.3,2.0,1.04377972586256,0.8288690199297818,0.9903406133282406,0.7936665287201664
6232,904.0,1.0,0.3,3.0,1.1253604179393237,0.9049712016005267,1.0720898302206423,0.8648886791477395
6233,904.0,1.0,0.3,4.0,1.2090226727879574,0.9627067179351293,1.190076458393215,0.955543401149
6234,904.0,1.0,0.3,5.0,1.3041067267474364,1.0256150454233826,1.3589741205021404,1.08404200874772
6235,904.0,1.0,0.3,6.0,1.4912817466525763,1.1831903826467094,1.4343671019613813,1.1206998386489266
6236,904.0,1.0,0.3,7.0,1.5846232443313892,1.2512767380613758,1.5060760295401028,1.1748692065073725
6237,904.0,2.0,0.05,1.0,1.3083838861815464,1.018099955985717,1.338342503022511,1.0600076286439541
6238,904.0,2.0,0.05,2.0,1.0755813194817663,0.8467792890960303,1.0448701761534576,0.8306233454155664
6239,904.0,2.0,0.05,3.0,1.1153107293736333,0.8845153120243473,1.077002242261195,0.8570960757062803
6240,904.0,2.0,0.05,4.0,1.1690984238972388,0.9265870231897447,1.1693848986040913,0.9382885232494322
6241,904.0,2.0,0.05,5.0,1.2184247931901084,0.9750352967074991,1.2380804612631735,0.9930996773545554
6242,904.0,2.0,0.05,6.0,1.2846052315417646,1.0244395284118901,1.3071936112114895,1.0517925172058422
6243,904.0,2.0,0.05,7.0,1.3910699008980745,1.114385229565251,1.4076161972525036,1.121086320747578
6244,904.0,2.0,0.075,1.0,1.2380568476654017,0.9601459018550019,1.2637369053063068,0.9963678425895905
6245,904.0,2.0,0.075,2.0,1.098643500193662,0.8648726366270802,1.0589664873678941,0.8485176938440806
6246,904.0,2.0,0.075,3.0,1.126458999408683,0.8940337964116901,1.0615182121006175,0.8415412792066318
6247,904.0,2.0,0.075,4.0,1.1940705035466705,0.9581933769659672,1.2039227823568077,0.9711223140598517
6248,904.0,2.0,0.075,5.0,1.2202513979791776,0.9763253035510129,1.2636807181843053,1.0064728918516812
6249,904.0,2.0,0.075,6.0,1.2985056420270593,1.0366639614650357,1.3039252701929842,1.0481673203167912
6250,904.0,2.0,0.075,7.0,1.3687202416715396,1.0971109527758425,1.4161782498044877,1.1379653743866682
6251,904.0,2.0,0.1,1.0,1.2595413504461677,0.9791567815896449,1.287222824956878,1.0177356417889096
6252,904.0,2.0,0.1,2.0,1.0659132786103354,0.8368754482937779,1.0214292159979366,0.8175410641766335
6253,904.0,2.0,0.1,3.0,1.1316082824484113,0.9005682849537682,1.0874888950241866,0.8648283733441364
6254,904.0,2.0,0.1,4.0,1.2425955293608322,0.9975411328192069,1.2107692963123202,0.9699894006255775
6255,904.0,2.0,0.1,5.0,1.2439932358452843,1.0039488382795425,1.2957078201360295,1.0427201782953006
6256,904.0,2.0,0.1,6.0,1.3116411784960536,1.0544119671131957,1.370542628256727,1.1022723076689283
6257,904.0,2.0,0.1,7.0,1.435244586878207,1.149943706534455,1.4731748206150876,1.1725084467015148
6258,904.0,2.0,0.125,1.0,1.222330651454281,0.9490087931012648,1.2421950128774546,0.9775819504493738
6259,904.0,2.0,0.125,2.0,1.1175712783672214,0.8893321821185359,1.0890045472905288,0.8690460699849814
6260,904.0,2.0,0.125,3.0,1.145553358922555,0.9126483999443753,1.134881163350847,0.9025145171772007
6261,904.0,2.0,0.125,4.0,1.2000787459194635,0.9594492210022173,1.1809596333936985,0.9463601357499876
6262,904.0,2.0,0.125,5.0,1.271936358574948,1.0146312125863475,1.3508994617796672,1.0825894840435717
6263,904.0,2.0,0.125,6.0,1.3350810704222458,1.0669925881570925,1.3689784979431137,1.086899578299007
6264,904.0,2.0,0.125,7.0,1.4718574348714772,1.1652953834622317,1.456608106404454,1.1753482762098715
6265,904.0,2.0,0.15,1.0,1.2537405412417797,0.9751032515370669,1.2769236326261533,1.0071882793126001
6266,904.0,2.0,0.15,2.0,1.0430986985127868,0.8305645630534937,1.0016841352595784,0.7990608679781277
6267,904.0,2.0,0.15,3.0,1.157238586950775,0.9248337187917325,1.0801383011635246,0.859556841195633
6268,904.0,2.0,0.15,4.0,1.2683207809011015,1.014320633891014,1.2569939584657281,1.009935745175252
6269,904.0,2.0,0.15,5.0,1.2940951247297932,1.0431716584352821,1.2898621990688381,1.039968926906511
6270,904.0,2.0,0.15,6.0,1.3851137575329409,1.1042507196028732,1.402229191699376,1.1215048728391426
6271,904.0,2.0,0.15,7.0,1.4883712625626897,1.1844345925603919,1.5652490065819245,1.2516565926749494
6272,904.0,2.0,0.175,1.0,1.2961605987795402,1.0146701894104873,1.3199225789413238,1.0444581785841252
6273,904.0,2.0,0.175,2.0,1.1085776419446611,0.8739917823356376,1.0593172724185793,0.8466860531602325
6274,904.0,2.0,0.175,3.0,1.1385024474741159,0.8952520947942684,1.0940265908993239,0.8709691948834721
6275,904.0,2.0,0.175,4.0,1.2743337658364773,1.0147187434250986,1.2439750381762316,0.9907016655784526
6276,904.0,2.0,0.175,5.0,1.2800849475271951,1.003865863174693,1.3012404467822332,1.0330272138047771
6277,904.0,2.0,0.175,6.0,1.4306136852984424,1.1405474899901018,1.4630180031505848,1.1512780043897728
6278,904.0,2.0,0.175,7.0,1.4932321153834818,1.1851803779921268,1.5505097787872324,1.2363845133484415
6279,904.0,2.0,0.2,1.0,1.2542368056005877,0.9810462465632664,1.2650107141256308,0.9983328753023025
6280,904.0,2.0,0.2,2.0,1.1211439805252872,0.8852824513178971,1.0866965948511238,0.8719696710686935
6281,904.0,2.0,0.2,3.0,1.167902265224024,0.9258182020846296,1.1197805468371724,0.8832830215869149
6282,904.0,2.0,0.2,4.0,1.2637431104570687,1.0045387060945556,1.263573592919511,1.0051875713612868
6283,904.0,2.0,0.2,5.0,1.38087768624491,1.0911930808452344,1.3319706385979804,1.0657249362044754
6284,904.0,2.0,0.2,6.0,1.3923648515784226,1.1046028077211067,1.4120269080376233,1.1152471767469152
6285,904.0,2.0,0.2,7.0,1.5357064217673906,1.2011904132242535,1.5813388550139775,1.2554914427996604
6286,904.0,2.0,0.225,1.0,1.2192208696540066,0.9512692798691655,1.2481546424945116,0.9823866332869065
6287,904.0,2.0,0.225,2.0,1.0957491760319231,0.8716366341280186,1.0581928004259948,0.8346535001815526
6288,904.0,2.0,0.225,3.0,1.2264136403854597,0.9623334509184269,1.1743122971066164,0.9170680217248194
6289,904.0,2.0,0.225,4.0,1.3512243954067973,1.0787839287642196,1.27072210913457,1.005466761026216
6290,904.0,2.0,0.225,5.0,1.3532377276261947,1.0695101539795158,1.3522270560436136,1.0674441156459562
6291,904.0,2.0,0.225,6.0,1.5016909795996434,1.189240382141889,1.514145026631489,1.2101449714335821
6292,904.0,2.0,0.225,7.0,1.5791749366637942,1.2385591306495576,1.6305226157104986,1.2984741105106608
6293,904.0,2.0,0.25,1.0,1.2547794400442844,0.982833417744764,1.2865378061100368,1.0208605085297766
6294,904.0,2.0,0.25,2.0,1.1306195541399064,0.8901549835860778,1.0750648972584465,0.863028254219824
6295,904.0,2.0,0.25,3.0,1.1777133662206263,0.9295951928873251,1.144826548268638,0.8999086509116345
6296,904.0,2.0,0.25,4.0,1.3294472371778452,1.0504111514929144,1.3063797320833366,1.0398612619999212
6297,904.0,2.0,0.25,5.0,1.3740429319332887,1.0746253024067083,1.3814566545953824,1.0932402887252854
6298,904.0,2.0,0.25,6.0,1.451283786163998,1.1626974767246536,1.4935623081836276,1.190072405233951
6299,904.0,2.0,0.25,7.0,1.576974012632725,1.2663472085368705,1.5948547417640455,1.2698554429971642
6300,904.0,2.0,0.275,1.0,1.2244646203030307,0.9577712662221123,1.2469702175564465,0.9894455938869644
6301,904.0,2.0,0.275,2.0,1.094740990332904,0.8614937765311852,1.038221850354652,0.8363794351434231
6302,904.0,2.0,0.275,3.0,1.215304495972492,0.96839863859928,1.1443989499954228,0.9095980627516483
6303,904.0,2.0,0.275,4.0,1.2407145295454307,0.9827547098380222,1.2557579372005778,1.0091751890350753
6304,904.0,2.0,0.275,5.0,1.4781996383755194,1.171157530969314,1.454999870759943,1.1502186969374129
6305,904.0,2.0,0.275,6.0,1.4920269169835765,1.185781459695187,1.4964628155485666,1.1925946829353418
6306,904.0,2.0,0.275,7.0,1.6279310326753562,1.2925335484275533,1.6606068161738032,1.3104514962012894
6307,904.0,2.0,0.3,1.0,1.259801254434527,0.9894668899740261,1.2835762692280959,1.0244195113912309
6308,904.0,2.0,0.3,2.0,1.1961331145505776,0.9460712067221427,1.1419242212309164,0.9132892118338392
6309,904.0,2.0,0.3,3.0,1.2587013226900143,1.010220194858986,1.1829745895541557,0.9406668719994288
6310,904.0,2.0,0.3,4.0,1.413097368708927,1.1078721339615138,1.3863176675171882,1.100537039179972
6311,904.0,2.0,0.3,5.0,1.4305824256041664,1.1278689566113749,1.428396032385541,1.1378427912350888
6312,904.0,2.0,0.3,6.0,1.4466847933703753,1.1520955663418173,1.4758665450573714,1.189716023353918
6313,904.0,2.0,0.3,7.0,1.6856217630428774,1.3173755305731738,1.6797894671269906,1.3323122677390467
6314,904.0,3.0,0.05,1.0,1.4705866673049712,1.1764459991946359,1.544397044545964,1.2322082754619965
6315,904.0,3.0,0.05,2.0,1.2153831512223103,0.975458094777129,1.2491490301206438,0.9967436393927062
6316,904.0,3.0,0.05,3.0,1.2088235877311386,0.9646871774075444,1.2251549851108339,0.9810487956253555
6317,904.0,3.0,0.05,4.0,1.2901769019249845,1.024224231077735,1.3289275045431277,1.0643483777626637
6318,904.0,3.0,0.05,5.0,1.2703798456108508,1.0224872164420593,1.321509792631205,1.0556019138833868
6319,904.0,3.0,0.05,6.0,1.3652778062552389,1.088373908003765,1.373749904753854,1.1000027240410595
6320,904.0,3.0,0.05,7.0,1.4897504911216894,1.1840753721761248,1.5313569926832091,1.229492992115556
6321,904.0,3.0,0.075,1.0,1.3894649420793672,1.1095467446233134,1.450491457428147,1.155794210454792
6322,904.0,3.0,0.075,2.0,1.192041309169822,0.9585221480589553,1.2184330229586509,0.9778102144414865
6323,904.0,3.0,0.075,3.0,1.2095330786428216,0.9612187920084152,1.2041742889417095,0.9495144212241456
6324,904.0,3.0,0.075,4.0,1.2738957405556488,1.0078438431441505,1.315657358116734,1.0527441270462474
6325,904.0,3.0,0.075,5.0,1.2646625582691988,1.016893130909826,1.2973800105775377,1.0386958518631522
6326,904.0,3.0,0.075,6.0,1.4022135668015587,1.1094474809163613,1.405008491157674,1.134413109515286
6327,904.0,3.0,0.075,7.0,1.5530517759696227,1.235955353723332,1.5742789573892713,1.263081047045108
6328,904.0,3.0,0.1,1.0,1.4060699686788762,1.1228829092964268,1.4712646879603042,1.169754160937071
6329,904.0,3.0,0.1,2.0,1.2196785333757172,0.9849483206086431,1.250563604733599,1.0044907699529086
6330,904.0,3.0,0.1,3.0,1.1823362881117112,0.9435619631213296,1.1888866939597156,0.9517848034145653
6331,904.0,3.0,0.1,4.0,1.2747372045741465,1.004126041946401,1.3107663334239699,1.0439813313472712
6332,904.0,3.0,0.1,5.0,1.2847037188943553,1.0354159165189913,1.290580830886236,1.0391911685685318
6333,904.0,3.0,0.1,6.0,1.3907736665993748,1.1045630759967053,1.4123253165279246,1.127578359747781
6334,904.0,3.0,0.1,7.0,1.5384001429134824,1.2312988512254812,1.539028466435141,1.235318282292259
6335,904.0,3.0,0.125,1.0,1.3831919651725497,1.1046572390562592,1.4462788278353593,1.1508910937964065
6336,904.0,3.0,0.125,2.0,1.1824001741742118,0.9491133964597939,1.2207918588506699,0.9781673996251379
6337,904.0,3.0,0.125,3.0,1.2309164204451908,0.983053631265318,1.2611817749069776,0.99570323038014
6338,904.0,3.0,0.125,4.0,1.2546174095885303,0.9977443994141966,1.3165873596296003,1.0446898574288135
6339,904.0,3.0,0.125,5.0,1.3767407672895484,1.098717883334163,1.3910730344610358,1.1028863686076844
6340,904.0,3.0,0.125,6.0,1.4202215246292542,1.1170269281068637,1.4264678332563403,1.1383807060994218
6341,904.0,3.0,0.125,7.0,1.5499417879144732,1.230988472300781,1.5979813594035812,1.2702771711824339
6342,904.0,3.0,0.15,1.0,1.4194854735666271,1.1332212983032133,1.4886060517690605,1.1856644837219772
6343,904.0,3.0,0.15,2.0,1.227359225313686,0.9888621517776474,1.223209224683257,0.9870426508127889
6344,904.0,3.0,0.15,3.0,1.2324148689481194,0.9857526076634421,1.2417981499537716,0.9979527571206238
6345,904.0,3.0,0.15,4.0,1.2933351838075688,1.0212040484177736,1.3653005939858884,1.0721253312203405
6346,904.0,3.0,0.15,5.0,1.3481233114928906,1.0777567791877345,1.3854544647332314,1.103749911653815
6347,904.0,3.0,0.15,6.0,1.4373965186492648,1.1536710006614963,1.4478063556111107,1.1708872781516002
6348,904.0,3.0,0.15,7.0,1.5390017085047367,1.2321436796541043,1.5660015904573195,1.2589179485320332
6349,904.0,3.0,0.175,1.0,1.4304407551545097,1.140333159694575,1.5005271790212784,1.1930945377627122
6350,904.0,3.0,0.175,2.0,1.2285336405697906,0.9858653896537942,1.2579449930281,1.0088833453650674
6351,904.0,3.0,0.175,3.0,1.3025655225356194,1.0312242414415984,1.2890983559788134,1.0250419792206622
6352,904.0,3.0,0.175,4.0,1.3339239446347793,1.0659980749916809,1.3774960574835557,1.0943332991100287
6353,904.0,3.0,0.175,5.0,1.3678933503541655,1.0731979979157915,1.388485612278812,1.1036898729630507
6354,904.0,3.0,0.175,6.0,1.5073208921576091,1.2053006311480592,1.4834092064278306,1.1844891821733528
6355,904.0,3.0,0.175,7.0,1.580082150122334,1.2438770540275332,1.6184583030093551,1.2833612908562182
6356,904.0,3.0,0.2,1.0,1.4415806526811983,1.1547298070212253,1.5147579902940551,1.2088676190929315
6357,904.0,3.0,0.2,2.0,1.3137948741432843,1.0546208640565273,1.3779540684469627,1.107102807462805
6358,904.0,3.0,0.2,3.0,1.27703798678751,1.003822261642972,1.2780322016068655,1.004931300759093
6359,904.0,3.0,0.2,4.0,1.3470124371551546,1.078806281593549,1.3473683970906103,1.077344284325174
6360,904.0,3.0,0.2,5.0,1.39079166882958,1.1205069044177631,1.4148324209946932,1.120370041801781
6361,904.0,3.0,0.2,6.0,1.4751002322266968,1.1734574178844408,1.4823252397618758,1.1784722564087984
6362,904.0,3.0,0.2,7.0,1.6002961330151564,1.2697099328889183,1.6490280838370865,1.3163200896512481
6363,904.0,3.0,0.225,1.0,1.3793967610862907,1.1020329532025857,1.440005827815939,1.1496455045635652
6364,904.0,3.0,0.225,2.0,1.2501727344529292,1.0120444516119553,1.3097981638126392,1.0526537721485114
6365,904.0,3.0,0.225,3.0,1.3019280759066003,1.0454660160662748,1.3123739637192517,1.0469655580431785
6366,904.0,3.0,0.225,4.0,1.3756872106625533,1.1015276780887153,1.3810089768577836,1.0961257403882063
6367,904.0,3.0,0.225,5.0,1.3973977625877758,1.1052784497972221,1.4020817059931219,1.1076960560692573
6368,904.0,3.0,0.225,6.0,1.4967211549910904,1.1999236136904798,1.521174523259234,1.2088460772998195
6369,904.0,3.0,0.225,7.0,1.622168048857574,1.2892246592240313,1.6534275909182616,1.3222170312296373
6370,904.0,3.0,0.25,1.0,1.350454672665509,1.0804482927874133,1.4020664743837745,1.1128328185963505
6371,904.0,3.0,0.25,2.0,1.2475777178458567,1.0005527720147245,1.3016028797801131,1.0428655217572569
6372,904.0,3.0,0.25,3.0,1.2469633356883534,1.002134664602826,1.2553989194770276,0.9987776034125497
6373,904.0,3.0,0.25,4.0,1.3551411104039117,1.0824177519441778,1.3695687849781297,1.0875906193242129
6374,904.0,3.0,0.25,5.0,1.4498053136592632,1.1534336923592523,1.4666741329888657,1.1569645394849548
6375,904.0,3.0,0.25,6.0,1.5576771981772586,1.2312773810150175,1.5557289209597926,1.2451954286858458
6376,904.0,3.0,0.25,7.0,1.7223212396965635,1.3691537936503542,1.705886975111215,1.3760119576537977
6377,904.0,3.0,0.275,1.0,1.4956850011154248,1.191997199079616,1.5790493419205287,1.2586749319199713
6378,904.0,3.0,0.275,2.0,1.25679693328617,0.9970623169124857,1.299125192175907,1.046828198997034
6379,904.0,3.0,0.275,3.0,1.3125006505682182,1.0490726121203602,1.3421590381768458,1.065670326310431
6380,904.0,3.0,0.275,4.0,1.4240725205820257,1.1329990131422552,1.455411273870743,1.15449834489918
6381,904.0,3.0,0.275,5.0,1.456085787722643,1.146032498294105,1.491513670328994,1.1731228040843973
6382,904.0,3.0,0.275,6.0,1.5843681400359166,1.286659597370427,1.637947978632544,1.3035682750245372
6383,904.0,3.0,0.275,7.0,1.780996021583111,1.403812926456176,1.8025343354115315,1.4557173032786441
6384,904.0,3.0,0.3,1.0,1.491191716757908,1.1970475890531862,1.5861823399636164,1.2674817428465606
6385,904.0,3.0,0.3,2.0,1.2244497180880702,0.9848478672693499,1.251453908988536,1.005984045223656
6386,904.0,3.0,0.3,3.0,1.2793506873643867,1.0227405673666639,1.3566321907860215,1.065472648919245
6387,904.0,3.0,0.3,4.0,1.4541086239845458,1.1531617521735884,1.4713111892086224,1.1766591796646493
6388,904.0,3.0,0.3,5.0,1.5479385547406808,1.2429573389192072,1.5558243713725526,1.2493625834013016
6389,904.0,3.0,0.3,6.0,1.586769793304605,1.272636222261949,1.6247853498453155,1.293024226923616
6390,904.0,3.0,0.3,7.0,1.7731528424749738,1.409038900062696,1.8438097144499226,1.478764694470597
6391,904.0,4.0,0.05,1.0,1.7284865175582436,1.392640130295651,1.8106549525434412,1.4756519278042097
6392,904.0,4.0,0.05,2.0,1.3007573355901971,1.0559591182347832,1.3315606752629967,1.0682808341492507
6393,904.0,4.0,0.05,3.0,1.3959742850827146,1.1173806225410763,1.4100180007006655,1.1279325301861731
6394,904.0,4.0,0.05,4.0,1.381877822516597,1.1056268646866678,1.3612225608862547,1.0929975398524607
6395,904.0,4.0,0.05,5.0,1.4124625661082872,1.136868843124183,1.3891801997419353,1.1140951032018975
6396,904.0,4.0,0.05,6.0,1.4876968931394803,1.1945205040866107,1.4952865459528777,1.1849578204024673
6397,904.0,4.0,0.05,7.0,1.5931097320308278,1.275661051158643,1.563795394492397,1.2467934304766044
6398,904.0,4.0,0.075,1.0,1.6192022293338584,1.3051977714393304,1.6948046350410537,1.3698968488732017
6399,904.0,4.0,0.075,2.0,1.351963279480586,1.0901879971002357,1.3967145010011466,1.1241255848810066
6400,904.0,4.0,0.075,3.0,1.4175325519418862,1.145390639295069,1.413222838652377,1.1316890410221923
6401,904.0,4.0,0.075,4.0,1.3898473673525775,1.1053648566151812,1.3713552450024042,1.1012669803693158
6402,904.0,4.0,0.075,5.0,1.4650352814434422,1.165799657276701,1.4269645979892873,1.1339128922474315
6403,904.0,4.0,0.075,6.0,1.4979198741049955,1.2008312434767787,1.5069670124030274,1.1888961178157553
6404,904.0,4.0,0.075,7.0,1.6192578981519392,1.295417324950406,1.5703616485991487,1.2545178729722315
6405,904.0,4.0,0.1,1.0,1.8272940145845022,1.4676598485149182,1.9113958336645684,1.5600065811569057
6406,904.0,4.0,0.1,2.0,1.3466991647804543,1.0923809321912477,1.378295126593101,1.112412915776459
6407,904.0,4.0,0.1,3.0,1.4389640430163315,1.165051570003241,1.4724377246856997,1.1797875789454073
6408,904.0,4.0,0.1,4.0,1.3854758184371077,1.1040205545456272,1.3728930797924617,1.1013184663706646
6409,904.0,4.0,0.1,5.0,1.457628012956381,1.1680568392336854,1.4139868484043323,1.1285031945562027
6410,904.0,4.0,0.1,6.0,1.5209998721346047,1.213724618735301,1.5118673977223622,1.2000866934533783
6411,904.0,4.0,0.1,7.0,1.6202491083179986,1.2873252018522636,1.5973837956204475,1.2679666993830634
6412,904.0,4.0,0.125,1.0,1.6912490852191628,1.3654909719266843,1.7729197652830313,1.4394719029468663
6413,904.0,4.0,0.125,2.0,1.2931162169990094,1.0434684197249449,1.3327414867521483,1.069181591058857
6414,904.0,4.0,0.125,3.0,1.4041169190844789,1.1181120314292474,1.4168259792136682,1.123318200713954
6415,904.0,4.0,0.125,4.0,1.435596674869193,1.1562626522244237,1.4140081003927198,1.143564865483257
6416,904.0,4.0,0.125,5.0,1.5386995786697455,1.2296257749925386,1.4934673240624017,1.1887807854529067
6417,904.0,4.0,0.125,6.0,1.518450682819956,1.2134649614469473,1.5203242790749139,1.1930971112578468
6418,904.0,4.0,0.125,7.0,1.6589508106777495,1.3262904155429216,1.6111591221724346,1.2810555360485716
6419,904.0,4.0,0.15,1.0,1.5566491337584847,1.2547355890511154,1.618220470429746,1.2946923277768512
6420,904.0,4.0,0.15,2.0,1.3738298655118557,1.1148039976111277,1.4118336417256305,1.1378915447818863
6421,904.0,4.0,0.15,3.0,1.4641461540870528,1.171667483895889,1.4672449442136513,1.17698071219964
6422,904.0,4.0,0.15,4.0,1.463919600034926,1.1661438655814755,1.451278975464236,1.1666729394254285
6423,904.0,4.0,0.15,5.0,1.546294523157244,1.226198870541593,1.5302250376492073,1.2109483887637629
6424,904.0,4.0,0.15,6.0,1.5325117919877322,1.2350041276380657,1.5441637625856637,1.2318948097189937
6425,904.0,4.0,0.15,7.0,1.6103491046915508,1.2922522213159664,1.604794695878096,1.2540774860368042
6426,904.0,4.0,0.175,1.0,1.5789848397157324,1.2747904700078438,1.640804677416965,1.3174374107383247
6427,904.0,4.0,0.175,2.0,1.371066112719615,1.1093923817477762,1.4330895567144504,1.1522099940570592
6428,904.0,4.0,0.175,3.0,1.420489899443812,1.146251367821198,1.439461728855259,1.1465478095024877
6429,904.0,4.0,0.175,4.0,1.4763484294504046,1.1755097352144708,1.5073692127257985,1.1940904920321487
6430,904.0,4.0,0.175,5.0,1.5295551483654757,1.2220835709235502,1.5337543925831478,1.2122006681743323
6431,904.0,4.0,0.175,6.0,1.551652759702545,1.2407723902475132,1.589323222794505,1.2752689490514277
6432,904.0,4.0,0.175,7.0,1.6265431988353958,1.3059841950659234,1.5816596688825242,1.2534058104175452
6433,904.0,4.0,0.2,1.0,1.5766029091823546,1.2733190840271014,1.641220492853088,1.3189654540248317
6434,904.0,4.0,0.2,2.0,1.4075476422600708,1.1329613467301267,1.4080753275710909,1.1293808687890816
6435,904.0,4.0,0.2,3.0,1.4205667083071727,1.134705344697981,1.4348271546524918,1.134701067443625
6436,904.0,4.0,0.2,4.0,1.5765850117781404,1.2542725997487838,1.592334148053232,1.2673344561393103
6437,904.0,4.0,0.2,5.0,1.5408868637894473,1.2355842793560063,1.5448525112785727,1.240960875405596
6438,904.0,4.0,0.2,6.0,1.6574640613000373,1.3078741079749807,1.6231451400879786,1.278250583332856
6439,904.0,4.0,0.2,7.0,1.6798722183685098,1.3188074484542394,1.6964936302584976,1.3052946093052915
6440,904.0,4.0,0.225,1.0,1.778577010823338,1.43937040801786,1.857134079684179,1.5133908510889817
6441,904.0,4.0,0.225,2.0,1.3803514679125164,1.109051928988862,1.4276022244106836,1.151330738896416
6442,904.0,4.0,0.225,3.0,1.492158714262515,1.208260010005755,1.4767202994123227,1.1760911756939687
6443,904.0,4.0,0.225,4.0,1.519256501070464,1.211688081079924,1.4830590693889154,1.1730069251794562
6444,904.0,4.0,0.225,5.0,1.5661487969922248,1.2360928586506656,1.5475115928016112,1.2354699139015262
6445,904.0,4.0,0.225,6.0,1.5833480368355868,1.2537071629525949,1.5865590265597564,1.2373784864006316
6446,904.0,4.0,0.225,7.0,1.675032037233596,1.3252516825527718,1.6296383688441727,1.275192079088537
6447,904.0,4.0,0.25,1.0,1.6228705811802768,1.3173801481178162,1.6879174056540596,1.3582289000447412
6448,904.0,4.0,0.25,2.0,1.4378111234649449,1.1735636284767683,1.4583367194157877,1.175950178211829
6449,904.0,4.0,0.25,3.0,1.4773042378691559,1.201113609569471,1.4817372836492262,1.1867521106359948
6450,904.0,4.0,0.25,4.0,1.4733008645271974,1.1544224486559789,1.4344173150285822,1.1360075949981707
6451,904.0,4.0,0.25,5.0,1.6563768547441933,1.2993217701900412,1.6453656197289062,1.297895442285235
6452,904.0,4.0,0.25,6.0,1.6174809600119273,1.2936972612650883,1.6486012326137425,1.2924130477307143
6453,904.0,4.0,0.25,7.0,1.6964019435031412,1.3636395296214263,1.693872006281803,1.341065284362727
6454,904.0,4.0,0.275,1.0,1.6222789611679096,1.3173807677357814,1.6865068796248812,1.3522272546629566
6455,904.0,4.0,0.275,2.0,1.4248068577687154,1.1429011083184215,1.455302505155349,1.1474518179130828
6456,904.0,4.0,0.275,3.0,1.4999952742659233,1.2108952110115172,1.4892471115965606,1.1763436022915283
6457,904.0,4.0,0.275,4.0,1.4815836282596468,1.1624138348879114,1.4917783234222706,1.1796167516508493
6458,904.0,4.0,0.275,5.0,1.6352366638994533,1.2886290636412914,1.6527635884573817,1.3015336199431198
6459,904.0,4.0,0.275,6.0,1.6949380012257595,1.3358323418182905,1.7445764798807797,1.3645785009363203
6460,904.0,4.0,0.275,7.0,1.7691064109772474,1.420844629204027,1.7327227813222215,1.362215914782631
6461,904.0,4.0,0.3,1.0,1.6168357221351004,1.3089769137297138,1.6802413642762395,1.3494670922214052
6462,904.0,4.0,0.3,2.0,1.427638401600744,1.1613702212714785,1.4893918119969491,1.1977727568180019
6463,904.0,4.0,0.3,3.0,1.4910104760899705,1.2041411354049638,1.4980357613195074,1.1936309400831147
6464,904.0,4.0,0.3,4.0,1.5728403896134302,1.2472167780397811,1.5289509638889065,1.2201565986442586
6465,904.0,4.0,0.3,5.0,1.7097397188769943,1.3671279571604829,1.6856860778421825,1.3426481590283679
6466,904.0,4.0,0.3,6.0,1.6023659139407571,1.274124969640885,1.6543905379796984,1.3115405444408603
6467,904.0,4.0,0.3,7.0,1.7873361671630137,1.4121258317112588,1.7365643969022784,1.3720620879370213
6468,904.0,5.0,0.05,1.0,1.8307746817568924,1.480890556186661,1.9132640711629594,1.5585655596999413
6469,904.0,5.0,0.05,2.0,1.4562438007824052,1.167429321012005,1.5206439583635438,1.2256740768836845
6470,904.0,5.0,0.05,3.0,1.454141129164548,1.1621280173285147,1.4838122969460612,1.1897820076052246
6471,904.0,5.0,0.05,4.0,1.4976875759243151,1.1898266701861457,1.5514940243442068,1.2450002844266748
6472,904.0,5.0,0.05,5.0,1.5246667600548207,1.2034033901935217,1.5432584958896853,1.2254151714247974
6473,904.0,5.0,0.05,6.0,1.5781251482492822,1.2624884763072854,1.6032579815098884,1.2802147163400923
6474,904.0,5.0,0.05,7.0,1.6700303128993235,1.321707492244382,1.6619999160757837,1.3237958429376235
6475,904.0,5.0,0.075,1.0,1.7170777818119562,1.3891096381564285,1.800185562939724,1.4594407156004483
6476,904.0,5.0,0.075,2.0,1.3965755271214821,1.1216704452985364,1.4594759646343916,1.1795920622235587
6477,904.0,5.0,0.075,3.0,1.4741134894074783,1.1771169973765658,1.5234033879775635,1.2224785216686713
6478,904.0,5.0,0.075,4.0,1.453466128470003,1.1592081688163327,1.4793152922743014,1.1925048784033792
6479,904.0,5.0,0.075,5.0,1.5125755279850661,1.1965201434193737,1.5522407850358804,1.2318783607310466
6480,904.0,5.0,0.075,6.0,1.559349975631702,1.2357667849641616,1.563410648921617,1.260482363403119
6481,904.0,5.0,0.075,7.0,1.6988961741695983,1.3246050494209918,1.6924763510702476,1.33885877114316
6482,904.0,5.0,0.1,1.0,1.6818814686184254,1.3597777548152323,1.7661417664843173,1.4290086359382634
6483,904.0,5.0,0.1,2.0,1.4337352675906574,1.1514495183361222,1.5042701786571695,1.2080394539058894
6484,904.0,5.0,0.1,3.0,1.486338393065754,1.1796380719482475,1.5227329660435813,1.2225942253388826
6485,904.0,5.0,0.1,4.0,1.475606454398352,1.1728365469538662,1.5544927311131074,1.2227253726805272
6486,904.0,5.0,0.1,5.0,1.5754733313617084,1.2499465874314357,1.5854160537297224,1.265478185417017
6487,904.0,5.0,0.1,6.0,1.6213935995503121,1.2917776308574056,1.6479443392454838,1.317702010748549
6488,904.0,5.0,0.1,7.0,1.6979390570417747,1.3204067406245654,1.668385759618078,1.3086960144860083
6489,904.0,5.0,0.125,1.0,1.6765673646556325,1.3544746840205626,1.755624540687804,1.4217154213370247
6490,904.0,5.0,0.125,2.0,1.4323070984434352,1.1387792007939845,1.4830382109761067,1.1885874082281591
6491,904.0,5.0,0.125,3.0,1.4709188626623615,1.1744447751171634,1.501256088374135,1.1900252901820434
6492,904.0,5.0,0.125,4.0,1.4718436664430676,1.1718465330878385,1.5255785075339479,1.2248540700205905
6493,904.0,5.0,0.125,5.0,1.555569167282246,1.2241606709165445,1.6043265848111312,1.2923758482548355
6494,904.0,5.0,0.125,6.0,1.647495166156322,1.3188205050139186,1.6474456809522813,1.3051999231339555
6495,904.0,5.0,0.125,7.0,1.7652812674667697,1.394420746753805,1.7500358804302758,1.3814454947417787
6496,904.0,5.0,0.15,1.0,1.6965583745250365,1.369662349476161,1.7705361607987278,1.4302662059465685
6497,904.0,5.0,0.15,2.0,1.4437808337406177,1.1647647067137095,1.5128478488709787,1.2235188096874832
6498,904.0,5.0,0.15,3.0,1.563595410013538,1.2530092336275789,1.627923025085947,1.311794838030382
6499,904.0,5.0,0.15,4.0,1.5302629775490035,1.2223992276501727,1.5955611735864785,1.2681403323142055
6500,904.0,5.0,0.15,5.0,1.5755092855683606,1.2467935228316054,1.6281073650449822,1.2998621290422554
6501,904.0,5.0,0.15,6.0,1.6308892639411596,1.2849590098341952,1.692196259246574,1.3316200404980802
6502,904.0,5.0,0.15,7.0,1.7201927321770292,1.3441901589635779,1.7050568593751458,1.3552879701328078
6503,904.0,5.0,0.175,1.0,1.6873552506360805,1.364015249100795,1.7604826883692757,1.4227906506644252
6504,904.0,5.0,0.175,2.0,1.43120563789068,1.146697092768847,1.4968406798641916,1.1973984790004397
6505,904.0,5.0,0.175,3.0,1.5113707143490414,1.1993420814783218,1.5762006131337565,1.2535069577809472
6506,904.0,5.0,0.175,4.0,1.5768906100561977,1.254068253501458,1.6703760816262412,1.3277663068105963
6507,904.0,5.0,0.175,5.0,1.6567399667871057,1.3066229526973179,1.6724560611064234,1.3290164824138275
6508,904.0,5.0,0.175,6.0,1.6416864457007279,1.317614574807945,1.685833271022779,1.3546776108430012
6509,904.0,5.0,0.175,7.0,1.775212019326431,1.4022117791419677,1.7151417352956735,1.3666444312307513
6510,904.0,5.0,0.2,1.0,1.7021018692033327,1.3774788043495032,1.781662817866374,1.441425891619674
6511,904.0,5.0,0.2,2.0,1.4521722722545756,1.166561700268703,1.5026922176760917,1.2086043197608807
6512,904.0,5.0,0.2,3.0,1.4699012684627153,1.1809729563867628,1.5647477855794716,1.2448733375144059
6513,904.0,5.0,0.2,4.0,1.608001348208152,1.2727664912155368,1.6428180602259652,1.3164462270818935
6514,904.0,5.0,0.2,5.0,1.6808947627829494,1.3261119698224981,1.6594293564872877,1.3201339440915705
6515,904.0,5.0,0.2,6.0,1.6287931959914121,1.2875939041318902,1.685635682487412,1.3543936076892604
6516,904.0,5.0,0.2,7.0,1.836499576867474,1.4377171930292612,1.7790877804852065,1.3990572715616123
6517,904.0,5.0,0.225,1.0,1.8657351900148558,1.5147606774088056,1.9474101769649628,1.5895274911177548
6518,904.0,5.0,0.225,2.0,1.388670571856952,1.0987574859813989,1.4249809077303484,1.1475974605593837
6519,904.0,5.0,0.225,3.0,1.5809177885820862,1.264436619898487,1.6484038642174497,1.3252670520489287
6520,904.0,5.0,0.225,4.0,1.6099698029493266,1.2665413689075018,1.6432322853245138,1.3232869663683309
6521,904.0,5.0,0.225,5.0,1.609184858026738,1.2685166811416748,1.6141063959003934,1.279562830937835
6522,904.0,5.0,0.225,6.0,1.6687602547863378,1.3276155777517908,1.7543526502524784,1.396624500832425
6523,904.0,5.0,0.225,7.0,1.8870849826863825,1.471246585258768,1.8433513876436647,1.4610608889741046
6524,904.0,5.0,0.25,1.0,1.7253016077736418,1.3978392778360298,1.7990655016650778,1.4576834947555943
6525,904.0,5.0,0.25,2.0,1.4543829683402931,1.1654567803130653,1.5047137827166488,1.204829147871971
6526,904.0,5.0,0.25,3.0,1.6836833518127676,1.3393167789650895,1.7712324585790467,1.406970645403654
6527,904.0,5.0,0.25,4.0,1.605451167564056,1.285357276819389,1.6864299400766116,1.338051727690843
6528,904.0,5.0,0.25,5.0,1.6620695828341547,1.313878760305896,1.7291997450032948,1.379906618647645
6529,904.0,5.0,0.25,6.0,1.759435978099035,1.4012723167025811,1.7677118385465078,1.4172319908407325
6530,904.0,5.0,0.25,7.0,1.8347324387748625,1.454699371532432,1.7995451310698665,1.428655627969045
6531,904.0,5.0,0.275,1.0,1.711989592708038,1.3801683969993328,1.7928979068944757,1.4528147452288265
6532,904.0,5.0,0.275,2.0,1.4252180439445414,1.1294304888469173,1.5186135873293183,1.2268053840076527
6533,904.0,5.0,0.275,3.0,1.6138453199422926,1.2731625777832523,1.6615194572701317,1.3368210218541052
6534,904.0,5.0,0.275,4.0,1.5787022566593427,1.2558937284351224,1.615588323477111,1.307233450953728
6535,904.0,5.0,0.275,5.0,1.6295108304320725,1.2816342448211417,1.631401245104992,1.3081840352046445
6536,904.0,5.0,0.275,6.0,1.7373847551452095,1.3692869186720236,1.7769706840274764,1.402410457600046
6537,904.0,5.0,0.275,7.0,1.8454769901565395,1.4512719070772904,1.8864254243232856,1.4850675383356045
6538,904.0,5.0,0.3,1.0,1.8343132552971981,1.4845620737157017,1.9251075885579658,1.5671085133374123
6539,904.0,5.0,0.3,2.0,1.497062721088507,1.1907324501827208,1.5745634414279186,1.2633749602694537
6540,904.0,5.0,0.3,3.0,1.5052469908783772,1.197606050599948,1.4801342769165695,1.2069200850391795
6541,904.0,5.0,0.3,4.0,1.599423199174454,1.2783388823915542,1.5652084731761504,1.2537776406445518
6542,904.0,5.0,0.3,5.0,1.7428613163387625,1.3794450205040891,1.7694557913335107,1.3902922152175796
6543,904.0,5.0,0.3,6.0,1.7957213882690481,1.437654561539578,1.841559540457209,1.4851963252582783
6544,904.0,5.0,0.3,7.0,1.9716896565474502,1.5462850720628867,1.9410780957108988,1.538337713304728
6545,904.0,6.0,0.05,1.0,1.9473415726655776,1.5599376974048913,1.979850502734033,1.5850397625448243
6546,904.0,6.0,0.05,2.0,1.5290518600599703,1.2274980061536993,1.5658425113917123,1.2540871358738963
6547,904.0,6.0,0.05,3.0,1.55019257507696,1.239771081393242,1.5140092532004634,1.2116946197982086
6548,904.0,6.0,0.05,4.0,1.5229936985128119,1.2060050001705347,1.5114510475208276,1.206916981355383
6549,904.0,6.0,0.05,5.0,1.621822983285226,1.2957405082967457,1.6102855832143994,1.2865514410455634
6550,904.0,6.0,0.05,6.0,1.656378606200754,1.3060356598878273,1.6314123580311646,1.3002882089096206
6551,904.0,6.0,0.05,7.0,1.7592806728303763,1.4013690499021436,1.7213965122360229,1.3726201217777394
6552,904.0,6.0,0.075,1.0,1.948266756482089,1.560422093970371,1.9800691112989315,1.5831369474058228
6553,904.0,6.0,0.075,2.0,1.556298821167996,1.252406804161762,1.5931936242987554,1.279319419770091
6554,904.0,6.0,0.075,3.0,1.526775885023415,1.2201021112006518,1.5000632123933573,1.200562180565517
6555,904.0,6.0,0.075,4.0,1.517909498637139,1.204173109846141,1.5044896299811998,1.2095997754784946
6556,904.0,6.0,0.075,5.0,1.5987087452957194,1.2619123077204217,1.5795899204933195,1.262293984129214
6557,904.0,6.0,0.075,6.0,1.679783797207644,1.3310553617387462,1.66506872903957,1.3296091987496466
6558,904.0,6.0,0.075,7.0,1.7674528748448175,1.3956617347879936,1.753117512933246,1.3993594270310268
6559,904.0,6.0,0.1,1.0,2.040119082614354,1.637133521751965,2.0797291725141913,1.673727967500798
6560,904.0,6.0,0.1,2.0,1.6066841759506982,1.2931795761120726,1.6390683616402635,1.319646674288772
6561,904.0,6.0,0.1,3.0,1.5414830029948778,1.2327857246886005,1.5237986458818278,1.2241905113312
6562,904.0,6.0,0.1,4.0,1.5352834711796315,1.2272034035749926,1.5402273950251295,1.2389267910443742
6563,904.0,6.0,0.1,5.0,1.6040266230451292,1.2760766968395236,1.6010567969357128,1.2759989242789123
6564,904.0,6.0,0.1,6.0,1.671435978493323,1.3067878991952249,1.6504724838486589,1.3030510034574037
6565,904.0,6.0,0.1,7.0,1.7588262823942267,1.4075235750469006,1.7605295348451275,1.4117411624426035
6566,904.0,6.0,0.125,1.0,1.9744082774622274,1.5807425682004244,2.0076488542036177,1.608661141807859
6567,904.0,6.0,0.125,2.0,1.6249407680028178,1.3069259245728664,1.657586567413486,1.3309782095682878
6568,904.0,6.0,0.125,3.0,1.5593943655903884,1.2497801255655212,1.5220404455190244,1.213891763106552
6569,904.0,6.0,0.125,4.0,1.5814448651510282,1.245192631302027,1.5525540353089557,1.2419856651147503
6570,904.0,6.0,0.125,5.0,1.6156788445576291,1.2776784949835214,1.6051633748886722,1.2852458223482512
6571,904.0,6.0,0.125,6.0,1.733392738238797,1.361991058346272,1.7493413121754904,1.3930901648920604
6572,904.0,6.0,0.125,7.0,1.782942290999651,1.4107852699021628,1.7792975987497073,1.424210868210059
6573,904.0,6.0,0.15,1.0,1.8298082488762075,1.4609826878690642,1.866489995290966,1.4862255499773687
6574,904.0,6.0,0.15,2.0,1.6259406227543378,1.3024772750984375,1.6599713440419002,1.3291670683040744
6575,904.0,6.0,0.15,3.0,1.544054132218496,1.2329987653951366,1.504097706127778,1.2112041839199097
6576,904.0,6.0,0.15,4.0,1.5796311359840198,1.2603437452201225,1.6046899411813198,1.2783835251453588
6577,904.0,6.0,0.15,5.0,1.686111850513404,1.3427587537380787,1.6475392962772997,1.3102510736515864
6578,904.0,6.0,0.15,6.0,1.6552817726243527,1.31851566238621,1.6499975582920952,1.3042360778602136
6579,904.0,6.0,0.15,7.0,1.7946298073696518,1.4364229915777482,1.80517483314891,1.4351282270128123
6580,904.0,6.0,0.175,1.0,1.8831503814523038,1.5022473209721716,1.917388763827736,1.529851248973424
6581,904.0,6.0,0.175,2.0,1.664599114452461,1.333695460317199,1.684287984238853,1.3444818449417995
6582,904.0,6.0,0.175,3.0,1.6444517735465793,1.3173960958144408,1.6382538467728818,1.313759058852308
6583,904.0,6.0,0.175,4.0,1.5644048544382636,1.237341009280977,1.5530359814262842,1.2411724956877028
6584,904.0,6.0,0.175,5.0,1.6472782485025272,1.3268352670939938,1.6232120685932436,1.2937825609279094
6585,904.0,6.0,0.175,6.0,1.7076449714038715,1.34793365945698,1.660656422875058,1.312224709665914
6586,904.0,6.0,0.175,7.0,1.8321300843060495,1.4531465211947125,1.8251371700656123,1.4463230577131017
6587,904.0,6.0,0.2,1.0,1.790353219564613,1.4232056613188804,1.8157987540808531,1.4455987088625761
6588,904.0,6.0,0.2,2.0,1.5244868617663656,1.2053388823660476,1.5454451400283278,1.2330219806644684
6589,904.0,6.0,0.2,3.0,1.4962280320310117,1.1916072643814384,1.5257219538419007,1.2234673662881588
6590,904.0,6.0,0.2,4.0,1.6050790306966425,1.275389635056394,1.647099683176704,1.3318679308807
6591,904.0,6.0,0.2,5.0,1.6616513280395289,1.3319102573547192,1.7013963192024906,1.3466400886802286
6592,904.0,6.0,0.2,6.0,1.7775656695475748,1.398989208488756,1.6600359375121807,1.3273679234301967
6593,904.0,6.0,0.2,7.0,1.8993233321003116,1.5091653107280036,1.848389233136802,1.4673420265769672
6594,904.0,6.0,0.225,1.0,1.937507826184507,1.5466604298405342,1.965909969030257,1.5688825858194428
6595,904.0,6.0,0.225,2.0,1.5637056586894178,1.254909244775426,1.563924033600397,1.2735976668657953
6596,904.0,6.0,0.225,3.0,1.7283514406004257,1.3779372965135719,1.7537181480018944,1.412286773618454
6597,904.0,6.0,0.225,4.0,1.6523545495766805,1.3211281874654601,1.6285175005341734,1.2969267815265804
6598,904.0,6.0,0.225,5.0,1.7434353198841495,1.3790985017406865,1.7566468468219723,1.3778265139380201
6599,904.0,6.0,0.225,6.0,1.7740736691716967,1.4031006382485307,1.7118506584989814,1.3420186172688786
6600,904.0,6.0,0.225,7.0,1.8398052044675357,1.4318640134699254,1.9179421054482466,1.5247976395775704
6601,904.0,6.0,0.25,1.0,1.845687103872338,1.4718459710804113,1.8750584037786018,1.5003437092968193
6602,904.0,6.0,0.25,2.0,1.6143598104458527,1.2875003177018478,1.6549051629188,1.3179064402101353
6603,904.0,6.0,0.25,3.0,1.5455324499289496,1.2208945458029539,1.5756492345653967,1.2512272419698391
6604,904.0,6.0,0.25,4.0,1.6952725898031682,1.3614202430648406,1.7086778318850928,1.3784233287653649
6605,904.0,6.0,0.25,5.0,1.7553272639807787,1.387214248522997,1.7098926379869466,1.356205844513965
6606,904.0,6.0,0.25,6.0,1.7355581462796477,1.3719603944380236,1.7332466342649273,1.382045875241507
6607,904.0,6.0,0.25,7.0,1.8568096099845333,1.4754088198446655,1.8110915326243235,1.4390521406396921
6608,904.0,6.0,0.275,1.0,1.8110859440452503,1.4455705278912778,1.8322170881771034,1.4665525776216994
6609,904.0,6.0,0.275,2.0,1.4807623485536956,1.1818635503538508,1.5003580216339434,1.1931874475761497
6610,904.0,6.0,0.275,3.0,1.7256865037985525,1.382908295986441,1.6942325799449094,1.3680679301607175
6611,904.0,6.0,0.275,4.0,1.6267718331219352,1.313345248168586,1.633949183646261,1.3060616750838063
6612,904.0,6.0,0.275,5.0,1.7632213611068026,1.3987359982843706,1.7763688284047836,1.3929069900493563
6613,904.0,6.0,0.275,6.0,1.7953433477183236,1.3978638216279087,1.8230920903039964,1.4453825411799026
6614,904.0,6.0,0.275,7.0,1.8926984251787868,1.4908320205076246,1.9450760428756164,1.5489826828343476
6615,904.0,6.0,0.3,1.0,1.744954850284838,1.3850402025299458,1.780618348897037,1.4175774195233999
6616,904.0,6.0,0.3,2.0,1.6508960753125437,1.308300728849955,1.6609146768058882,1.3411942197249878
6617,904.0,6.0,0.3,3.0,1.601060298527624,1.2857192489167997,1.5945265393934158,1.2745670816244556
6618,904.0,6.0,0.3,4.0,1.666570192893218,1.3206230364020657,1.6334750860487326,1.3026679645437116
6619,904.0,6.0,0.3,5.0,1.829005172263787,1.4442307217205406,1.926027088061178,1.5247333508049963
6620,904.0,6.0,0.3,6.0,1.8520701728240034,1.4748379661736504,1.8008223006494446,1.433320974775001
6621,904.0,6.0,0.3,7.0,2.01719883302565,1.5978007074531562,1.9357739210309546,1.536494964038569
6622,904.0,7.0,0.05,1.0,2.2156924847357833,1.7878226124664802,2.2707188513077665,1.8213210095336503
6623,904.0,7.0,0.05,2.0,1.6704115482615853,1.3342407034619534,1.7172810753827765,1.3594786919361947
6624,904.0,7.0,0.05,3.0,1.7169383381715637,1.378886319610259,1.7564529553854622,1.4015434218314917
6625,904.0,7.0,0.05,4.0,1.6763691663303157,1.3296683378621637,1.726941356439848,1.3750095920296417
6626,904.0,7.0,0.05,5.0,1.6577095183222539,1.2974441152388398,1.714867074535034,1.3611486559444697
6627,904.0,7.0,0.05,6.0,1.7345492997669008,1.3791229268708018,1.7786775902497372,1.4167401372604067
6628,904.0,7.0,0.05,7.0,1.8438735415076386,1.4603643106007367,1.8764851911685918,1.4940783589809998
6629,904.0,7.0,0.075,1.0,2.1032106793854144,1.6943427639077504,2.1508629802838923,1.7174621696079864
6630,904.0,7.0,0.075,2.0,1.68833811679994,1.3417990724159436,1.7239880942852484,1.361758934284698
6631,904.0,7.0,0.075,3.0,1.6475108744061127,1.3173894071952286,1.6706748438287167,1.3385155614921047
6632,904.0,7.0,0.075,4.0,1.6914223934808725,1.3452901626041176,1.7600966447623978,1.4216186379140017
6633,904.0,7.0,0.075,5.0,1.6913611105585051,1.3328654441532428,1.7378020145518596,1.3962176616457116
6634,904.0,7.0,0.075,6.0,1.7449988380500148,1.3832887012608852,1.7829330832037842,1.4187844377152419
6635,904.0,7.0,0.075,7.0,1.8539354725667025,1.470644637883151,1.8815712527143376,1.4967526232962884
6636,904.0,7.0,0.1,1.0,1.966432060651002,1.577367966643558,2.0071240862959208,1.5878920649360562
6637,904.0,7.0,0.1,2.0,1.6492874130561017,1.3211548597327347,1.6982910485752774,1.3481872959681378
6638,904.0,7.0,0.1,3.0,1.6863600963164875,1.3503702527100145,1.7372539608150677,1.3772289459829141
6639,904.0,7.0,0.1,4.0,1.655390670466835,1.307303492959213,1.7146225917229974,1.3667929664011076
6640,904.0,7.0,0.1,5.0,1.6752970735830648,1.3192589249060207,1.7505915584285632,1.3884395526116025
6641,904.0,7.0,0.1,6.0,1.7616754354033992,1.379246898399212,1.7977790425404494,1.4303442567780638
6642,904.0,7.0,0.1,7.0,1.8776018262838734,1.467649185712844,1.87876236330838,1.5017509516498075
6643,904.0,7.0,0.125,1.0,1.932501689448487,1.5475258110080907,1.972931706743127,1.5590486813949296
6644,904.0,7.0,0.125,2.0,1.754912062100189,1.4025557516419318,1.8162168345036231,1.4391975902595013
6645,904.0,7.0,0.125,3.0,1.6657595368243394,1.3266388366115973,1.6809295734301597,1.340727964004439
6646,904.0,7.0,0.125,4.0,1.7389486906396778,1.3826110182175113,1.7879794689430333,1.4233227194719644
6647,904.0,7.0,0.125,5.0,1.7045602011009902,1.3481309895187878,1.702992460993621,1.3594400826376603
6648,904.0,7.0,0.125,6.0,1.7537911674238744,1.3990063219250508,1.7429899050441946,1.388061846734415
6649,904.0,7.0,0.125,7.0,1.9109310049809862,1.5260143514685018,1.9441707893617495,1.5645302063434365
6650,904.0,7.0,0.15,1.0,1.985141345231821,1.5942830635801402,2.018148518252305,1.5989823775969372
6651,904.0,7.0,0.15,2.0,1.7828317288981799,1.423926897121447,1.8336486157079541,1.4527463489385763
6652,904.0,7.0,0.15,3.0,1.6842473398010578,1.3461051527237127,1.6978791354203189,1.366390435681713
6653,904.0,7.0,0.15,4.0,1.7389172193880398,1.3796134153847488,1.770997233732612,1.4158909971329203
6654,904.0,7.0,0.15,5.0,1.7528237373805848,1.3903886204182117,1.770056985611332,1.420764569043387
6655,904.0,7.0,0.15,6.0,1.7673382820907333,1.4014323971274198,1.7795117259848852,1.4187816621678964
6656,904.0,7.0,0.15,7.0,1.8870800767965037,1.4872615762776722,1.954615548236201,1.5493175060815014
6657,904.0,7.0,0.175,1.0,2.039875896887659,1.641845969616021,2.0902337481824578,1.6633202789555768
6658,904.0,7.0,0.175,2.0,1.7560402493830654,1.4049228387069288,1.786898332282628,1.4237316239600113
6659,904.0,7.0,0.175,3.0,1.6878472253697645,1.341310280598247,1.71546811776682,1.3571158725237407
6660,904.0,7.0,0.175,4.0,1.71040419302287,1.3425611773073796,1.7720339677045884,1.399353175288923
6661,904.0,7.0,0.175,5.0,1.6896171780470564,1.3184349867500778,1.7310420004031453,1.3619081406646738
6662,904.0,7.0,0.175,6.0,1.7768101938633387,1.4030852137795484,1.7572811503236794,1.390528778506664
6663,904.0,7.0,0.175,7.0,1.968732628807814,1.5434387597223986,2.000727297921529,1.594098057676171
6664,904.0,7.0,0.2,1.0,1.9479516409360864,1.5555365959074814,1.9869247244112933,1.569604084142768
6665,904.0,7.0,0.2,2.0,1.6212754709053712,1.2937430484007555,1.6437067606025833,1.3113053924428184
6666,904.0,7.0,0.2,3.0,1.6813956424264522,1.333646324001417,1.69602618909855,1.350786096812223
6667,904.0,7.0,0.2,4.0,1.7265795987055934,1.3758843429072845,1.7636704087221478,1.3989056533168056
6668,904.0,7.0,0.2,5.0,1.7191285080905878,1.3549442572676307,1.7673148066731381,1.398709742141178
6669,904.0,7.0,0.2,6.0,1.8254474239490044,1.4536768803733964,1.7943536107549223,1.4248777587733021
6670,904.0,7.0,0.2,7.0,1.939516916773349,1.5259652694538672,1.9852506783707005,1.5664612894646452
6671,904.0,7.0,0.225,1.0,1.8541019404855499,1.472839099292424,1.881383274942265,1.4773683414315661
6672,904.0,7.0,0.225,2.0,1.7547106784636894,1.400560652365521,1.8263870655757986,1.450042839884916
6673,904.0,7.0,0.225,3.0,1.7081473936579072,1.3681168013160485,1.7797553867194096,1.4086084021006944
6674,904.0,7.0,0.225,4.0,1.8264456339862483,1.448706342027298,1.828070961937946,1.4562419775719504
6675,904.0,7.0,0.225,5.0,1.9013422136279745,1.4905343970689844,2.0077140278855365,1.577793946943855
6676,904.0,7.0,0.225,6.0,1.9180284778532588,1.5134225914789459,1.832110778758612,1.4625243787515378
6677,904.0,7.0,0.225,7.0,1.9500916708848413,1.537513993944194,1.9811218865374312,1.5734021025960574
6678,904.0,7.0,0.25,1.0,1.8237206746447963,1.4466839215626952,1.8663880730904838,1.4657365077694475
6679,904.0,7.0,0.25,2.0,1.67864157220346,1.3405314176626009,1.7154051685564047,1.370295484186705
6680,904.0,7.0,0.25,3.0,1.6649406257154264,1.3322007156272362,1.7187285078764807,1.3641795110023787
6681,904.0,7.0,0.25,4.0,1.7738803528365887,1.3945129840763182,1.8116575110917008,1.4396124135598136
6682,904.0,7.0,0.25,5.0,1.9161654334246394,1.5090799237841237,1.9258797139962844,1.5587175514997034
6683,904.0,7.0,0.25,6.0,1.9285744429829372,1.536578129144903,1.9874520001705367,1.594680424035037
6684,904.0,7.0,0.25,7.0,1.9868220194070751,1.5949453379298375,2.022591350483985,1.6095127487061114
6685,904.0,7.0,0.275,1.0,1.920152960301889,1.537762184736383,1.9563090376837013,1.5386324821113222
6686,904.0,7.0,0.275,2.0,1.6896164660348196,1.3407651876364979,1.7115455687262386,1.3645384378528487
6687,904.0,7.0,0.275,3.0,1.6947342474594629,1.3543734288250335,1.7200675265636582,1.3685415043198237
6688,904.0,7.0,0.275,4.0,1.790699981973458,1.419436590405102,1.8684050478750933,1.481538413361675
6689,904.0,7.0,0.275,5.0,1.9426544749408217,1.5517226265069421,1.9984449536096534,1.6059736018978046
6690,904.0,7.0,0.275,6.0,1.8847066595704594,1.4956025673589768,1.9074085512289976,1.5256426654815531
6691,904.0,7.0,0.275,7.0,2.0717105043408783,1.631112229674934,2.0557673429522763,1.6264653890105918
6692,904.0,7.0,0.3,1.0,1.883370887223548,1.5075593650541557,1.9414306756519721,1.535785523900908
6693,904.0,7.0,0.3,2.0,1.927440877706326,1.5444428651271496,1.9901047075420761,1.5674468242366875
6694,904.0,7.0,0.3,3.0,1.7870076892057627,1.4300881654171869,1.8888543258212,1.504451544326874
6695,904.0,7.0,0.3,4.0,1.8014620102807224,1.4368979844559364,1.8637851351323618,1.459208187791225
6696,904.0,7.0,0.3,5.0,1.8331290366358388,1.4422708545949627,1.8426239467692604,1.47447439667465
6697,904.0,7.0,0.3,6.0,1.99463807885161,1.6001692336342432,2.050876158004715,1.6376110621271691
6698,904.0,7.0,0.3,7.0,2.07347158191948,1.6245096900714855,2.1681182700836614,1.7361425710712866
6699,904.0,8.0,0.05,1.0,2.2151820819172654,1.785621174979021,2.2747169609680777,1.8206683726332926
6700,904.0,8.0,0.05,2.0,1.862995266601793,1.5069611404825891,1.9222148851785907,1.541255519763819
6701,904.0,8.0,0.05,3.0,1.7004613527089514,1.3587088470867053,1.744108155606712,1.3868715558363056
6702,904.0,8.0,0.05,4.0,1.7918654758379289,1.4303246090253927,1.8111103365848145,1.4347847509143106
6703,904.0,8.0,0.05,5.0,1.787177782309892,1.4172812463303073,1.860236758214268,1.4841968067040516
6704,904.0,8.0,0.05,6.0,1.8411302892144294,1.4558945645940784,1.9567880048204571,1.561350436992403
6705,904.0,8.0,0.05,7.0,1.982375115596256,1.5584162890883153,2.0753461670574027,1.6510463929776173
6706,904.0,8.0,0.075,1.0,2.134591619365159,1.716623615655154,2.1880261823545277,1.742451980065624
6707,904.0,8.0,0.075,2.0,1.7759263169434505,1.4247335370810024,1.8316374841109362,1.4610213300540913
6708,904.0,8.0,0.075,3.0,1.7197756163367939,1.3756037599828788,1.7509110217870087,1.3923642807771068
6709,904.0,8.0,0.075,4.0,1.7750322095648803,1.4157738508067663,1.797349673397966,1.4264368346879832
6710,904.0,8.0,0.075,5.0,1.7766298367833229,1.4044647277002087,1.8517290469070795,1.4651456905810227
6711,904.0,8.0,0.075,6.0,1.9261218056407032,1.5250556805433677,1.9842102996771231,1.6005476955576219
6712,904.0,8.0,0.075,7.0,1.9684989817161658,1.5371997684277825,2.088377401098071,1.6464133052848506
6713,904.0,8.0,0.1,1.0,1.9776462558344645,1.5880471126581088,2.021010812557037,1.5970017897148228
6714,904.0,8.0,0.1,2.0,1.7864500701078712,1.4364753264757542,1.8615156848844547,1.4828973204481775
6715,904.0,8.0,0.1,3.0,1.7428239484533208,1.3973251678479301,1.791238918752408,1.4215980578555536
6716,904.0,8.0,0.1,4.0,1.7917372290840734,1.4189744984045292,1.820303084892484,1.4546442211048862
6717,904.0,8.0,0.1,5.0,1.8167357949925513,1.4389664726691735,1.891278364451341,1.5000974684764425
6718,904.0,8.0,0.1,6.0,1.8550471812293108,1.4743540628227587,1.9577789895779194,1.568247551866053
6719,904.0,8.0,0.1,7.0,1.9538157363390845,1.5301489522775855,2.0217354932379563,1.5955145185186161
6720,904.0,8.0,0.125,1.0,2.062520567945097,1.65767670071703,2.1162655915492117,1.6777546740157723
6721,904.0,8.0,0.125,2.0,1.862851525344265,1.4910660491276546,1.9319073632651136,1.5303480806264884
6722,904.0,8.0,0.125,3.0,1.7752342796587326,1.4226670826457093,1.8228224794079895,1.4586089359093009
6723,904.0,8.0,0.125,4.0,1.835949797639744,1.4641526746775886,1.8416096150878876,1.4788334375641603
6724,904.0,8.0,0.125,5.0,1.782512254615806,1.406235419870402,1.8995927547901366,1.4940903878212124
6725,904.0,8.0,0.125,6.0,1.8756019966644344,1.4876353010709635,1.967224076661128,1.5830571520041201
6726,904.0,8.0,0.125,7.0,1.9348710320724327,1.5266059329936077,2.0700517988175626,1.6521345469301882
6727,904.0,8.0,0.15,1.0,2.1238022728446846,1.7066551635423088,2.1770185273438245,1.729624627731862
6728,904.0,8.0,0.15,2.0,1.7803301356633126,1.429403743194276,1.858359717035016,1.484031444604992
6729,904.0,8.0,0.15,3.0,1.8051303688988511,1.4444715294674206,1.8770709514811672,1.4907646281241744
6730,904.0,8.0,0.15,4.0,1.7814087820633164,1.4188167184803357,1.7881614633631502,1.4189503199569622
6731,904.0,8.0,0.15,5.0,1.768741546299215,1.413521584658937,1.878670207353612,1.4883608811215068
6732,904.0,8.0,0.15,6.0,1.9320817860408754,1.5291483076605208,2.0545696468208257,1.6464816322799707
6733,904.0,8.0,0.15,7.0,2.0611866764597706,1.6274277580412535,2.1896091463774927,1.7340043234891007
6734,904.0,8.0,0.175,1.0,2.3571690468500046,1.9013841962040174,2.4210433875768893,1.9449537280286395
6735,904.0,8.0,0.175,2.0,1.7850922453817366,1.4301868805130822,1.8012992213638892,1.4336848871203338
6736,904.0,8.0,0.175,3.0,1.7878690280935159,1.4371929301147452,1.8228088381387493,1.4618347153840814
6737,904.0,8.0,0.175,4.0,1.7642915152465724,1.3993149328115355,1.7641052125568422,1.4097150562332472
6738,904.0,8.0,0.175,5.0,1.804324297564491,1.4374976521926703,1.9077784450743207,1.5158230678524838
6739,904.0,8.0,0.175,6.0,1.966540810047023,1.5493976802705518,2.121308897170802,1.697048979770337
6740,904.0,8.0,0.175,7.0,1.9891944032811277,1.5864128512511537,2.060731757715154,1.6444591966935627
6741,904.0,8.0,0.2,1.0,2.128900755865153,1.7102005306991082,2.172896959699195,1.7276097026527237
6742,904.0,8.0,0.2,2.0,1.8638600678844115,1.503512595187146,1.9130972854784478,1.5220090827623722
6743,904.0,8.0,0.2,3.0,1.7921503924361282,1.4353066857392711,1.8523454197405713,1.469283786616924
6744,904.0,8.0,0.2,4.0,1.7009939056081371,1.3644633605737413,1.7258767782418414,1.3800685848336252
6745,904.0,8.0,0.2,5.0,1.806547141779948,1.4418845998092336,1.841126931222504,1.469053428193416
6746,904.0,8.0,0.2,6.0,2.0214953829203477,1.5888593943435845,2.1332418037606,1.6985745273032775
6747,904.0,8.0,0.2,7.0,2.0863920057689422,1.638332073060344,2.1272782236755954,1.7235943985411872
6748,904.0,8.0,0.225,1.0,1.934169107075909,1.549337806115865,1.9640297715657449,1.5481865315738368
6749,904.0,8.0,0.225,2.0,1.7988509092944818,1.4443011854220467,1.87961088783006,1.499350155935941
6750,904.0,8.0,0.225,3.0,1.7389031776016863,1.3940232585491203,1.8204748101187143,1.4472332073053744
6751,904.0,8.0,0.225,4.0,1.8802344034611507,1.4804595427956229,1.9156730313094188,1.5192196291587055
6752,904.0,8.0,0.225,5.0,1.872056979765787,1.47769497410464,1.952347238404962,1.5422687980065453
6753,904.0,8.0,0.225,6.0,1.9759756406752658,1.5564058027478396,2.0876624443044807,1.6509802690181345
6754,904.0,8.0,0.225,7.0,1.9646701444800132,1.545066069590203,2.0499983373640127,1.613023343084454
6755,904.0,8.0,0.25,1.0,2.341168116316422,1.8909960159338515,2.4227447509768325,1.9479079686567682
6756,904.0,8.0,0.25,2.0,1.6859510127343025,1.3522763794415233,1.704304261146126,1.3602072264238754
6757,904.0,8.0,0.25,3.0,1.8178320894766915,1.450453805709302,1.8654458063053554,1.4859116371204986
6758,904.0,8.0,0.25,4.0,1.8584728467504668,1.4790792639590258,1.9231193977544097,1.5232606317942914
6759,904.0,8.0,0.25,5.0,1.8884005070830507,1.5022263853388782,2.0255550403252913,1.583831733504508
6760,904.0,8.0,0.25,6.0,2.0872680838739357,1.6326998316367578,2.1613365886943847,1.710362477690915
6761,904.0,8.0,0.25,7.0,2.099245455104634,1.6700073215583788,2.141863659728965,1.692281932249451
6762,904.0,8.0,0.275,1.0,1.9890969610592184,1.5972108384281536,2.0460710110539466,1.623536323942388
6763,904.0,8.0,0.275,2.0,1.7960835911012265,1.4309715892434298,1.8963164982740939,1.5123207528884004
6764,904.0,8.0,0.275,3.0,1.713489823430332,1.362620167137105,1.7384113391307392,1.3761535418700483
6765,904.0,8.0,0.275,4.0,1.8721982813947615,1.4689949104974245,1.9270048896728353,1.5420092812131052
6766,904.0,8.0,0.275,5.0,1.816005280242152,1.4432512359843184,1.9556952738212376,1.5317833104751561
6767,904.0,8.0,0.275,6.0,2.0028831471126813,1.5941411345655692,2.1435436859359,1.721440367748642
6768,904.0,8.0,0.275,7.0,2.1485397718391996,1.7025299179298445,2.2155184628013496,1.7650927861377035
6769,904.0,8.0,0.3,1.0,2.0967818424869242,1.6717196217981427,2.1598825134762767,1.7126448956744225
6770,904.0,8.0,0.3,2.0,1.830813787994718,1.4563364385665691,1.862009296756422,1.483881179270792
6771,904.0,8.0,0.3,3.0,1.8977041984595173,1.5210418614023324,1.9966597966608022,1.581941940152775
6772,904.0,8.0,0.3,4.0,1.7866740546091844,1.4092878377483944,1.878290021060511,1.5037914047435161
6773,904.0,8.0,0.3,5.0,1.9636207685415001,1.556962991708123,2.061120071240156,1.6311986071780797
6774,904.0,8.0,0.3,6.0,2.106480136060785,1.6741686355641463,2.2251115069702623,1.7855970310808402
6775,904.0,8.0,0.3,7.0,2.120991996690168,1.6747876324289033,2.23224901642213,1.7482227847161085
6776,904.0,9.0,0.05,1.0,2.171488145994878,1.748080488938907,2.271606728791732,1.8114644229897008
6777,904.0,9.0,0.05,2.0,1.9228322078633004,1.5551078389152586,1.9910541833203306,1.5964426167192918
6778,904.0,9.0,0.05,3.0,1.7326426598730182,1.3806186998044143,1.7930432887028958,1.4281134756805833
6779,904.0,9.0,0.05,4.0,1.7453504562338418,1.3813506737613956,1.8564013355232372,1.4670694014455028
6780,904.0,9.0,0.05,5.0,1.7151606800095178,1.359237423583189,1.7999606918215354,1.4210976269775883
6781,904.0,9.0,0.05,6.0,1.7482520631479854,1.385549526500353,1.828606860678101,1.441839145080172
6782,904.0,9.0,0.05,7.0,1.8775543170038964,1.4921642018301118,1.954761238440961,1.5376539400194074
6783,904.0,9.0,0.075,1.0,2.1907036292025484,1.7644297865613072,2.2953093836732843,1.8293574852470516
6784,904.0,9.0,0.075,2.0,1.8863874153649842,1.5260125337325516,1.9576928064023817,1.5714272048149271
6785,904.0,9.0,0.075,3.0,1.7215053880789741,1.3760889578604953,1.7990777208212088,1.430900826253527
6786,904.0,9.0,0.075,4.0,1.7679661357671104,1.398657307961118,1.8411375881345595,1.453774862568025
6787,904.0,9.0,0.075,5.0,1.6966298367726493,1.3428111060553432,1.8032492394632438,1.4270886966308503
6788,904.0,9.0,0.075,6.0,1.8000092668166505,1.423818877950353,1.8618767462482075,1.4707040946285008
6789,904.0,9.0,0.075,7.0,1.8435860896317229,1.4627659307039107,1.9660262769130656,1.5483760741621029
6790,904.0,9.0,0.1,1.0,2.141377613252637,1.725857162843511,2.235369002298833,1.7814541313269336
6791,904.0,9.0,0.1,2.0,1.822163240672502,1.4652729019848996,1.8824338923295527,1.508932176595693
6792,904.0,9.0,0.1,3.0,1.7199710957278913,1.376721152804173,1.7834671307448542,1.4051750908087977
6793,904.0,9.0,0.1,4.0,1.6895925480664338,1.3444355454802908,1.7700321997363464,1.4009792984440654
6794,904.0,9.0,0.1,5.0,1.7290790531004159,1.3744819612479768,1.85793138627129,1.4804752209868608
6795,904.0,9.0,0.1,6.0,1.7634880232812562,1.4163908486190862,1.865215365228868,1.460461330476693
6796,904.0,9.0,0.1,7.0,1.8582237938249246,1.477268622303999,1.9545468417023957,1.5353967497775465
6797,904.0,9.0,0.125,1.0,2.119822421025404,1.7091627951622264,2.209394165347018,1.7621910554872984
6798,904.0,9.0,0.125,2.0,1.8688079352953073,1.506498962562085,1.9535920428041997,1.561403254197006
6799,904.0,9.0,0.125,3.0,1.735508920669934,1.3831381896710662,1.7861541762678859,1.4150878458289669
6800,904.0,9.0,0.125,4.0,1.775771795753991,1.4109260812997344,1.8690254189379103,1.484780649164551
6801,904.0,9.0,0.125,5.0,1.7413861140109668,1.3601158455059434,1.8544468294606242,1.4450917077295082
6802,904.0,9.0,0.125,6.0,1.8344022679998873,1.4587867372401808,1.9307280839469554,1.5290877356354995
6803,904.0,9.0,0.125,7.0,1.9380058666790798,1.55249905173254,2.0128412015411734,1.5852810961591834
6804,904.0,9.0,0.15,1.0,2.159889923305089,1.7419997551089028,2.2631077257231063,1.8043826259152838
6805,904.0,9.0,0.15,2.0,1.8106010893064735,1.449289544989297,1.8812278603504327,1.49830095405174
6806,904.0,9.0,0.15,3.0,1.8002611169584108,1.440286347184339,1.8922756825764484,1.5102514443934996
6807,904.0,9.0,0.15,4.0,1.741265813481335,1.3890085808616386,1.873576537091401,1.4808438700454127
6808,904.0,9.0,0.15,5.0,1.750847592472638,1.4011859073393975,1.77161857216304,1.4049617307818945
6809,904.0,9.0,0.15,6.0,1.8310975250704387,1.4516705051215482,1.9416693712984359,1.5399554020814141
6810,904.0,9.0,0.15,7.0,1.9416860518321526,1.5551917911091773,2.014428963298373,1.6078891921287648
6811,904.0,9.0,0.175,1.0,2.2084351877900255,1.7802833302160994,2.3162213297683105,1.847910221458365
6812,904.0,9.0,0.175,2.0,1.7803285152945842,1.4207579608961327,1.8488413781926145,1.4692705111740334
6813,904.0,9.0,0.175,3.0,1.7237380335535033,1.3698263820764427,1.786945975367924,1.4249340791765848
6814,904.0,9.0,0.175,4.0,1.768659161895016,1.3964802604947286,1.8238864915630673,1.4411874258802215
6815,904.0,9.0,0.175,5.0,1.7399506830082907,1.396006068479005,1.849491227212269,1.4607305143551517
6816,904.0,9.0,0.175,6.0,1.7543975636255793,1.4055582847785917,1.8480047823504764,1.483496652778449
6817,904.0,9.0,0.175,7.0,1.9937534581733607,1.5794461980855716,2.05242503727775,1.6125253686470113
6818,904.0,9.0,0.2,1.0,2.167274009003778,1.7471090313336126,2.2611538590629716,1.80428461219079
6819,904.0,9.0,0.2,2.0,1.826963669595429,1.4739717574374591,1.8986800403915454,1.5144951153395119
6820,904.0,9.0,0.2,3.0,1.8948873377593982,1.5114973331629857,1.981405313813687,1.5739814739040472
6821,904.0,9.0,0.2,4.0,1.8198058328205264,1.4450884858744626,1.9091464971068095,1.5087867214248476
6822,904.0,9.0,0.2,5.0,1.763836175971301,1.3991687447287755,1.8337228566871204,1.4470836901645139
6823,904.0,9.0,0.2,6.0,1.9466648290588517,1.5557138498837335,2.047622981042589,1.6385522103745485
6824,904.0,9.0,0.2,7.0,2.023868087961944,1.599324340387076,2.087214387074881,1.6459104238015374
6825,904.0,9.0,0.225,1.0,2.174343682534239,1.7502439804964847,2.27160035654509,1.8138658240059744
6826,904.0,9.0,0.225,2.0,1.8811324779603495,1.5102629354069592,1.9330857107553527,1.5393117424433758
6827,904.0,9.0,0.225,3.0,1.7794493906134896,1.4249022678637446,1.8776119543416607,1.486594685839705
6828,904.0,9.0,0.225,4.0,1.8257214297175837,1.4360323134618236,1.9303899010682175,1.5246209790442922
6829,904.0,9.0,0.225,5.0,1.794212689122527,1.444298363225264,1.9342857888621416,1.5405420551556537
6830,904.0,9.0,0.225,6.0,1.8984985549543059,1.5198642698504867,2.0557902042873915,1.626433938287361
6831,904.0,9.0,0.225,7.0,2.0487503189642093,1.6168611258641878,2.1445832884498235,1.694343709410634
6832,904.0,9.0,0.25,1.0,2.1882917621407607,1.7591926470271506,2.2734753484777155,1.809955083374961
6833,904.0,9.0,0.25,2.0,1.782633719061469,1.4312292275416234,1.8429131211221625,1.4552262402335865
6834,904.0,9.0,0.25,3.0,1.8802972778252005,1.498632454126021,1.9817603529153498,1.5676354174282452
6835,904.0,9.0,0.25,4.0,1.8479539304608577,1.4673476967407477,1.9397494153843227,1.5524349975629599
6836,904.0,9.0,0.25,5.0,1.8166609641748188,1.4572341197819612,1.921545361341083,1.5249345682418862
6837,904.0,9.0,0.25,6.0,1.960975842092739,1.5530733394706204,2.0832543453527297,1.6641095330987006
6838,904.0,9.0,0.25,7.0,2.1195547016394154,1.675789442412497,2.17562850066939,1.7225528076745695
6839,904.0,9.0,0.275,1.0,2.0277115727734953,1.6297350006043592,2.1054617984477004,1.6790622099569577
6840,904.0,9.0,0.275,2.0,1.8675412901211905,1.4946550756084436,1.960506140351323,1.5596285950569444
6841,904.0,9.0,0.275,3.0,1.8981819942825993,1.503354905081308,1.9620611067885612,1.5740682262398096
6842,904.0,9.0,0.275,4.0,1.8137818705855862,1.4574514726111434,1.873266068913199,1.482729422936683
6843,904.0,9.0,0.275,5.0,1.9669103329038473,1.5655490790183324,2.083781427831907,1.631524990611439
6844,904.0,9.0,0.275,6.0,1.891247855436449,1.501317057579307,1.989631742296701,1.5480690474488652
6845,904.0,9.0,0.275,7.0,2.07526356034455,1.6491290935150453,2.150774249150881,1.7043872492327403
6846,904.0,9.0,0.3,1.0,2.0181252437902426,1.6253810837699616,2.088920563349082,1.6648414895529504
6847,904.0,9.0,0.3,2.0,1.8765242846715584,1.506277325300429,1.9467546549725427,1.5599932580032578
6848,904.0,9.0,0.3,3.0,1.8585607083502391,1.4831942257759219,1.9501946558325598,1.568619251926435
6849,904.0,9.0,0.3,4.0,2.010981564096022,1.601344612691177,2.1011289038141214,1.6557914741222395
6850,904.0,9.0,0.3,5.0,1.9432111503987841,1.540691003599462,2.055241866864299,1.6073430529605022
6851,904.0,9.0,0.3,6.0,1.9751375686826669,1.5591649211950973,2.10410180346775,1.6604549414310523
6852,904.0,9.0,0.3,7.0,2.131179869178453,1.6990684445616073,2.3063851793429615,1.8233543994880974
6853,904.0,10.0,0.05,1.0,2.3014722164371624,1.8601904805148832,2.4101280923038013,1.9238581515949404
6854,904.0,10.0,0.05,2.0,2.06401971366906,1.676162368068838,2.1649072034056864,1.7323497689693224
6855,904.0,10.0,0.05,3.0,1.8154793777886118,1.450348571469181,1.9016702926621,1.5128596202875202
6856,904.0,10.0,0.05,4.0,1.778302605550805,1.4197584182227332,1.9089823751217876,1.5302769198240593
6857,904.0,10.0,0.05,5.0,1.7697420348692416,1.3830973906673023,1.922811539968382,1.5278085779627957
6858,904.0,10.0,0.05,6.0,1.7997459929599138,1.4189142127257452,1.9155399167257232,1.531219656351354
6859,904.0,10.0,0.05,7.0,1.8611700988124333,1.4623560367879982,1.9990592593527832,1.579754460095056
6860,904.0,10.0,0.075,1.0,2.2626141460520657,1.8320622881702593,2.3650081690812272,1.8898580610583409
6861,904.0,10.0,0.075,2.0,1.8363940796043121,1.4782145131417308,1.9391388840861823,1.5461593884755718
6862,904.0,10.0,0.075,3.0,1.8520937198596692,1.4790168863289879,1.943519630192394,1.5459209231360738
6863,904.0,10.0,0.075,4.0,1.7359792969846046,1.377696806709042,1.8901647309636131,1.4934328612821377
6864,904.0,10.0,0.075,5.0,1.7351664743036366,1.3806873571853706,1.872190880005947,1.484659886332583
6865,904.0,10.0,0.075,6.0,1.7976455266707563,1.4157718375041781,1.9330114308746382,1.5403750396894411
6866,904.0,10.0,0.075,7.0,1.8376174668725502,1.4418630287360847,1.9428230712519954,1.528727848304411
6867,904.0,10.0,0.1,1.0,2.224323614206432,1.7981265414828018,2.3259591977550205,1.8550435817741
6868,904.0,10.0,0.1,2.0,1.8469250673812103,1.4970577495876691,1.9390672693339246,1.5432277984364673
6869,904.0,10.0,0.1,3.0,1.8819358954280483,1.5025427732250145,1.9705013452178757,1.5740027268835193
6870,904.0,10.0,0.1,4.0,1.7780665847558,1.4109111909507324,1.9105067107282474,1.5131096320328543
6871,904.0,10.0,0.1,5.0,1.7464980109603951,1.3636849487035465,1.8806422512535093,1.5015442440562983
6872,904.0,10.0,0.1,6.0,1.8416230693408713,1.4423979976166907,1.9306115115818108,1.5428466631240993
6873,904.0,10.0,0.1,7.0,1.8714488840471606,1.4891835206575146,1.9961817759718956,1.5767601622408907
6874,904.0,10.0,0.125,1.0,2.1522090670644056,1.740913864278973,2.2441643537752336,1.7919326013910641
6875,904.0,10.0,0.125,2.0,1.7915782275078227,1.4421324863953473,1.9006290089334619,1.5203376416790189
6876,904.0,10.0,0.125,3.0,1.836140850623035,1.461173912236465,1.9273038464750687,1.5410001255357333
6877,904.0,10.0,0.125,4.0,1.7525814721969442,1.4031525817997177,1.8800626380175072,1.5040824000887179
6878,904.0,10.0,0.125,5.0,1.7780603100091807,1.3964921348481065,1.9552722484975424,1.5417739838735895
6879,904.0,10.0,0.125,6.0,1.8353515772758,1.4682350316709076,1.9362377074751234,1.5396755052975286
6880,904.0,10.0,0.125,7.0,1.8913015851715131,1.4960772263435478,1.9685352381896835,1.556700358496479
6881,904.0,10.0,0.15,1.0,2.1970846456555186,1.781580162803828,2.2950660408488766,1.837392101997374
6882,904.0,10.0,0.15,2.0,1.8563447805104027,1.500347702337262,1.9543753277034364,1.558448108038433
6883,904.0,10.0,0.15,3.0,1.9159256088869512,1.5324719637358821,2.031019908446432,1.6168925494962592
6884,904.0,10.0,0.15,4.0,1.7752162617251703,1.4125763249032817,1.9030825522558348,1.5025035415967376
6885,904.0,10.0,0.15,5.0,1.8293191813855363,1.4450950718367601,1.9926603936145608,1.5847449688766326
6886,904.0,10.0,0.15,6.0,1.8739261164044494,1.4831171861960233,2.017437603687086,1.5915718899045337
6887,904.0,10.0,0.15,7.0,1.99011456056557,1.5750744871760656,2.0636062775148907,1.6226013698169328
6888,904.0,10.0,0.175,1.0,2.164656008102504,1.7542443359992905,2.262108373323275,1.8107699144730942
6889,904.0,10.0,0.175,2.0,1.8385696567295466,1.4802884554403564,1.9565145993363529,1.555514276042706
6890,904.0,10.0,0.175,3.0,1.959221572761929,1.557791248683064,2.0699592839012095,1.6506138070476235
6891,904.0,10.0,0.175,4.0,1.8565338374050615,1.4858943561365294,2.0080681647311445,1.6013757697055484
6892,904.0,10.0,0.175,5.0,1.8613059324434194,1.4655181825083714,2.004532192152926,1.572773352148431
6893,904.0,10.0,0.175,6.0,2.0071103288736976,1.5817882695887602,2.15881129162277,1.716657582022657
6894,904.0,10.0,0.175,7.0,1.9639348039151132,1.5506398768941994,2.1269969751301714,1.6566749171114747
6895,904.0,10.0,0.2,1.0,2.203510015089689,1.790817445287491,2.295551705422919,1.833133835605295
6896,904.0,10.0,0.2,2.0,1.836950863901534,1.489811638303943,1.9318833896475693,1.5425337817070963
6897,904.0,10.0,0.2,3.0,1.890123985677377,1.4967267692163853,2.0031942715022275,1.583843359707512
6898,904.0,10.0,0.2,4.0,1.8806533193914496,1.507380597767134,2.052088921431252,1.6151159739598189
6899,904.0,10.0,0.2,5.0,1.9181565167116783,1.5063507948577306,2.0587390043542078,1.625751402681193
6900,904.0,10.0,0.2,6.0,1.9116767754230108,1.5072828951136898,2.0521767333944254,1.6095812660112008
6901,904.0,10.0,0.2,7.0,1.9590272047264254,1.5565183354189396,2.0948294967061853,1.648653470476369
6902,904.0,10.0,0.225,1.0,2.200884854669957,1.7852508333946278,2.2825773298098926,1.8246606442203483
6903,904.0,10.0,0.225,2.0,1.9219634881783734,1.5532731460212064,2.0226171409467373,1.6185285360793253
6904,904.0,10.0,0.225,3.0,1.9421618066610131,1.5487159353610709,2.018026997678861,1.6106032069165217
6905,904.0,10.0,0.225,4.0,1.8397934290346956,1.462954057028785,1.9365621524063246,1.5512470864676418
6906,904.0,10.0,0.225,5.0,1.9319063761362094,1.5145635746574557,2.0653743195082264,1.6392225565832637
6907,904.0,10.0,0.225,6.0,1.9578921282790058,1.5363638484508224,2.096669715580389,1.6538485722330218
6908,904.0,10.0,0.225,7.0,1.9559874194851332,1.5443312397160003,2.083984913261453,1.6514583594857108
6909,904.0,10.0,0.25,1.0,2.1873990619584576,1.7679202528311153,2.257178454785876,1.7955707630125752
6910,904.0,10.0,0.25,2.0,1.7173724508910326,1.3826218361758074,1.8113571657560232,1.443302427068164
6911,904.0,10.0,0.25,3.0,1.9037486696090031,1.5318032935449677,2.0023897342547303,1.5940155112426735
6912,904.0,10.0,0.25,4.0,1.836178571891964,1.4715656048876404,1.9670569193572522,1.5543544504745654
6913,904.0,10.0,0.25,5.0,1.9613194060281207,1.54016617150075,2.1189184830132572,1.654186508076065
6914,904.0,10.0,0.25,6.0,2.0391325506613436,1.6041476827178422,2.173381104008711,1.725215203413653
6915,904.0,10.0,0.25,7.0,1.9396493798461734,1.5248354204840633,2.1013466087541657,1.6471931715701453
6916,904.0,10.0,0.275,1.0,2.302058543345335,1.8664545371482946,2.3940231241215093,1.9113399888257017
6917,904.0,10.0,0.275,2.0,1.9673055321264699,1.584305640566954,2.0467572260602322,1.622150407584088
6918,904.0,10.0,0.275,3.0,1.943733066042375,1.5515482384529613,2.0436285942537085,1.609409643740692
6919,904.0,10.0,0.275,4.0,1.9780141417629513,1.561032071615653,2.157205524484612,1.70330476496731
6920,904.0,10.0,0.275,5.0,2.099868975065595,1.6582452386659774,2.1622391025670527,1.700517724024858
6921,904.0,10.0,0.275,6.0,2.075647616842321,1.6620010415040039,2.1881288222207185,1.7573673241401746
6922,904.0,10.0,0.275,7.0,2.078620206394064,1.6469480642734156,2.1867213505332446,1.6931654911507064
6923,904.0,10.0,0.3,1.0,2.47409019987249,1.9908760222437805,2.560767363893922,2.0359307687080013
6924,904.0,10.0,0.3,2.0,1.9249178963764073,1.5453453020840744,2.0397391797652022,1.6216144132595953
6925,904.0,10.0,0.3,3.0,1.937052308692972,1.5575048783992997,2.0418815560589367,1.622188070086942
6926,904.0,10.0,0.3,4.0,1.8735796736453565,1.4873287268724253,2.0552969515377484,1.6335959618875437
6927,904.0,10.0,0.3,5.0,2.0571280835724117,1.6259008152744086,2.241581887993293,1.7823231145404954
6928,904.0,10.0,0.3,6.0,2.1056025721358926,1.6447597993625798,2.182798075672779,1.7215526491542372
6929,904.0,10.0,0.3,7.0,2.1178408964660496,1.6642800738540484,2.247357396339425,1.7938355063811977
6930,904.0,11.0,0.05,1.0,2.497496561268914,2.021456348554723,2.612137526630612,2.108234280478386
6931,904.0,11.0,0.05,2.0,2.1619010301923645,1.7769999813939215,2.258810087086857,1.8252459127642604
6932,904.0,11.0,0.05,3.0,1.9918440652842415,1.6109091950020489,2.0878476054128727,1.671769811523115
6933,904.0,11.0,0.05,4.0,1.973779236167103,1.5906524663049244,2.0866751599980318,1.6555848071724282
6934,904.0,11.0,0.05,5.0,1.7699127017504017,1.4249215627135738,1.8477506315907584,1.4709192803560462
6935,904.0,11.0,0.05,6.0,1.716548069833632,1.364898854523509,1.8578291430621028,1.4573216682576293
6936,904.0,11.0,0.05,7.0,1.8015814480171657,1.4372246866264171,1.9170616035052597,1.5204030453005473
6937,904.0,11.0,0.075,1.0,2.3859774879461457,1.9410862690106598,2.496267899605323,2.0164273112754945
6938,904.0,11.0,0.075,2.0,2.180108472486594,1.7863054856907838,2.2793165015613805,1.843390903502743
6939,904.0,11.0,0.075,3.0,2.0008564293401077,1.6258315094493139,2.092741987162086,1.6815464832283278
6940,904.0,11.0,0.075,4.0,1.8912650872659336,1.521875946217709,2.0208834592570595,1.5994731922522982
6941,904.0,11.0,0.075,5.0,1.771627138652427,1.4056446850829167,1.9163927408819486,1.518166055143057
6942,904.0,11.0,0.075,6.0,1.7952251501158232,1.4407369016035554,1.9568438968336446,1.5406664437099682
6943,904.0,11.0,0.075,7.0,1.7921992849705441,1.4209066517812152,1.9421081862154779,1.5224005082735843
6944,904.0,11.0,0.1,1.0,2.3448592862227806,1.911958046162801,2.4467123065882515,1.9703400053756783
6945,904.0,11.0,0.1,2.0,2.286488986268428,1.87491902096997,2.3829517169180083,1.9253710866039608
6946,904.0,11.0,0.1,3.0,2.0826726160565925,1.6940331423215178,2.194667033067004,1.7629260060050318
6947,904.0,11.0,0.1,4.0,1.9290121375263043,1.5491198084383206,2.0327712521293324,1.6079831955558184
6948,904.0,11.0,0.1,5.0,1.7775686762094607,1.4194101704972881,1.9125512786152181,1.4861449539691745
6949,904.0,11.0,0.1,6.0,1.7305703285865808,1.3645264844335365,1.8456476904987085,1.4430366510602304
6950,904.0,11.0,0.1,7.0,1.778513078488913,1.4139311464272415,1.9143818575104647,1.503162067362402
6951,904.0,11.0,0.125,1.0,2.4399881158001144,1.9821067748093264,2.5576500390174246,2.0679122303504305
6952,904.0,11.0,0.125,2.0,2.233535839371438,1.8323301748637946,2.326233800583245,1.8859608353096209
6953,904.0,11.0,0.125,3.0,2.089487743797859,1.6961926573634554,2.1774454876539724,1.745379076644102
6954,904.0,11.0,0.125,4.0,1.8201806960255313,1.463732163898665,1.9392840581217474,1.5573349435494153
6955,904.0,11.0,0.125,5.0,1.7171265345278452,1.362762321314229,1.8907542767931043,1.5116217936895076
6956,904.0,11.0,0.125,6.0,1.861592713327624,1.4818167393815442,1.9767890891827207,1.5576463721815104
6957,904.0,11.0,0.125,7.0,1.789243183482156,1.4312889023623216,1.926749644351453,1.511238779923942
6958,904.0,11.0,0.15,1.0,2.3169357310173444,1.8869906189764898,2.4331232021562674,1.9636726733243148
6959,904.0,11.0,0.15,2.0,2.1599646227967852,1.765347440212185,2.255840658378537,1.8156336918565388
6960,904.0,11.0,0.15,3.0,1.9315442766000746,1.561119882900856,2.0433662910950017,1.6224534647343685
6961,904.0,11.0,0.15,4.0,1.98862649405098,1.6005007477908861,2.1224397215882678,1.6838697879150628
6962,904.0,11.0,0.15,5.0,1.8272261700270376,1.4668805888197338,1.98322327408322,1.5639151532979796
6963,904.0,11.0,0.15,6.0,1.9190297728610917,1.5109028208677826,2.0617548467516884,1.6410384424182562
6964,904.0,11.0,0.15,7.0,1.8276634931081852,1.4532490813574845,1.9092715515721428,1.4941186415191274
6965,904.0,11.0,0.175,1.0,2.1868834924895237,1.7989830270138683,2.289390877949413,1.840030035276158
6966,904.0,11.0,0.175,2.0,1.9823501466319822,1.6191157835117764,2.087132555868496,1.6896921780997383
6967,904.0,11.0,0.175,3.0,1.945886684931934,1.5624837405258525,2.059354685542348,1.6461124615988478
6968,904.0,11.0,0.175,4.0,1.8771751751853005,1.5059617565580283,1.9838787481704483,1.5881335178915437
6969,904.0,11.0,0.175,5.0,1.8402392000767134,1.4677988367091628,1.9980459191097164,1.5744449173443016
6970,904.0,11.0,0.175,6.0,1.7690750454588766,1.386475807139834,1.9119004314039072,1.5001330967771431
6971,904.0,11.0,0.175,7.0,1.9051778194448052,1.5128383852798934,1.9697207310727523,1.5476983206210422
6972,904.0,11.0,0.2,1.0,2.4487563693543537,1.985298152720095,2.5663990409474327,2.073877311804657
6973,904.0,11.0,0.2,2.0,2.0198069491763904,1.6464104781994193,2.0939636875970007,1.6849967306452605
6974,904.0,11.0,0.2,3.0,2.0538834545417517,1.6437923501469391,2.1806072187310317,1.7336026365919206
6975,904.0,11.0,0.2,4.0,1.9758181360098634,1.596543357853681,2.0847487916039364,1.6454562311334857
6976,904.0,11.0,0.2,5.0,1.8310886862975981,1.4419020130285822,1.970568932272306,1.5516339318558252
6977,904.0,11.0,0.2,6.0,1.9764048883214524,1.5668768484837814,2.0694328557203985,1.6355015089335474
6978,904.0,11.0,0.2,7.0,1.847022617135872,1.4481317301897563,2.0012122475592813,1.5727643171962749
6979,904.0,11.0,0.225,1.0,2.2710365432134036,1.8617304114225959,2.368375367051085,1.9130295743079804
6980,904.0,11.0,0.225,2.0,1.957199145373224,1.6073960907473253,2.0289569802909964,1.6332045645681883
6981,904.0,11.0,0.225,3.0,1.9943884786062331,1.605687518246523,2.072680392841048,1.6398182145010134
6982,904.0,11.0,0.225,4.0,2.021644974716492,1.6297533044433083,2.1357995937858023,1.685619274952497
6983,904.0,11.0,0.225,5.0,1.8586876180355811,1.4886555701608855,1.9742152650241802,1.5598742419233367
6984,904.0,11.0,0.225,6.0,1.9191935512912492,1.5184473316172855,2.052897879147749,1.6184771107573015
6985,904.0,11.0,0.225,7.0,1.991133287133441,1.5723845002969006,2.0385448484162167,1.6093257370272216
6986,904.0,11.0,0.25,1.0,2.287694349409236,1.8672490028455333,2.36438305970111,1.9062069984812013
6987,904.0,11.0,0.25,2.0,2.028439483154541,1.6471121332063046,2.1199872925427634,1.70868737462347
6988,904.0,11.0,0.25,3.0,1.9288622961853195,1.557400023601702,2.0414695709527875,1.6499622550681279
6989,904.0,11.0,0.25,4.0,2.0062159525611007,1.6214870518007225,2.2203987091593658,1.7615798407676138
6990,904.0,11.0,0.25,5.0,2.060121002994001,1.6169937604996376,2.2010343649046127,1.729500855119616
6991,904.0,11.0,0.25,6.0,1.9991374693154138,1.5559083774202147,2.1535793727942836,1.706470191595867
6992,904.0,11.0,0.25,7.0,1.9709831643354723,1.5388716961753235,2.0844184417240466,1.647515271942862
6993,904.0,11.0,0.275,1.0,2.459451415617709,2.0018067854523354,2.56053587039991,2.0757122595300834
6994,904.0,11.0,0.275,2.0,1.9454800866825355,1.58939819614322,2.0420564115543827,1.635622339583945
6995,904.0,11.0,0.275,3.0,2.035610466415109,1.6395700685288943,2.1341789699922096,1.698261999332181
6996,904.0,11.0,0.275,4.0,2.0324740513722364,1.6305710472892565,2.183448451286766,1.7163275640922115
6997,904.0,11.0,0.275,5.0,1.9011874605202106,1.4944585488872486,2.027709608040537,1.6013929174572463
6998,904.0,11.0,0.275,6.0,1.9460569380325183,1.5490874874726928,2.0821325122773358,1.6535896613403473
6999,904.0,11.0,0.275,7.0,1.9764771835258133,1.5266347421942437,2.101854221425877,1.6604375228389354
7000,904.0,11.0,0.3,1.0,2.4856516422337176,2.020406901881546,2.5921446707206868,2.102508871409004
7001,904.0,11.0,0.3,2.0,2.455632572996517,2.001554108614148,2.5583029744799823,2.0574611198554913
7002,904.0,11.0,0.3,3.0,2.3319341684986163,1.891743100035096,2.4178792933700137,1.9418140096132868
7003,904.0,11.0,0.3,4.0,2.0445480583654043,1.6278281162715171,2.2289921224656424,1.7731896904433302
7004,904.0,11.0,0.3,5.0,2.009472593914214,1.5753738696617505,2.0993817846254994,1.6492492622858874
7005,904.0,11.0,0.3,6.0,2.1639296513026105,1.6960763739079774,2.2192153061531927,1.7348103066386666
7006,904.0,11.0,0.3,7.0,2.2089657982140194,1.7274212560831514,2.2596960782663755,1.779729148313103
7007,904.0,12.0,0.05,1.0,2.7838882760223673,2.256176575139469,2.8402043488862816,2.2982036974469726
7008,904.0,12.0,0.05,2.0,2.2217811156731377,1.8191942566877262,2.2547741460345465,1.8246521138848775
7009,904.0,12.0,0.05,3.0,2.0521091523500634,1.6582723816443459,2.0805513281923154,1.6633734585525841
7010,904.0,12.0,0.05,4.0,1.9803103198477376,1.5876592620213024,2.0530900299824943,1.6267913608970535
7011,904.0,12.0,0.05,5.0,1.8411944346325004,1.4529105663055921,1.9759962274513647,1.5469908185790422
7012,904.0,12.0,0.05,6.0,1.786293970238214,1.4083038276829394,1.8732462444300158,1.4785240449684003
7013,904.0,12.0,0.05,7.0,1.8078211170060596,1.4272017382192974,1.8873369457260885,1.4809903044139423
7014,904.0,12.0,0.075,1.0,2.707480575775094,2.2004240646516546,2.7591429858620655,2.2371505962680036
7015,904.0,12.0,0.075,2.0,2.2214059532797648,1.8184664807382558,2.265161903810141,1.835603769846137
7016,904.0,12.0,0.075,3.0,2.0874038454431787,1.6852165906573324,2.119265258022211,1.694941071675099
7017,904.0,12.0,0.075,4.0,1.9435235295183269,1.558117599545457,2.0431408243056497,1.6095695711743176
7018,904.0,12.0,0.075,5.0,1.7801698284288978,1.4097583175015675,1.8975515073726,1.4889316592102828
7019,904.0,12.0,0.075,6.0,1.8048920439620193,1.4143034075830103,1.9005815442151155,1.4877480669943455
7020,904.0,12.0,0.075,7.0,1.7686984426002375,1.4079842796096416,1.8711647077467273,1.4739318805993256
7021,904.0,12.0,0.1,1.0,2.5574750219454687,2.088411607548964,2.5970025712224665,2.1021357280082653
7022,904.0,12.0,0.1,2.0,2.198532919741448,1.7988484386632984,2.250852349407678,1.8284046379299437
7023,904.0,12.0,0.1,3.0,2.092285488637472,1.698360291675919,2.102919166255299,1.6858357957479402
7024,904.0,12.0,0.1,4.0,1.9544342948377378,1.5639876005454985,2.0623403482213267,1.6376007583554228
7025,904.0,12.0,0.1,5.0,1.803343794542256,1.4321424951643407,1.9563235175400198,1.5398138760690934
7026,904.0,12.0,0.1,6.0,1.8039535832191298,1.4205122949762103,1.8416795954884635,1.442752853653345
7027,904.0,12.0,0.1,7.0,1.791230059353503,1.414341362120797,1.8784883117035311,1.4797496296518182
7028,904.0,12.0,0.125,1.0,2.577787519827704,2.1055606448734734,2.613565944335251,2.116985690033991
7029,904.0,12.0,0.125,2.0,2.2511791974208375,1.8525310137700466,2.2972274516998206,1.8622320697835948
7030,904.0,12.0,0.125,3.0,2.063895682420453,1.676004294980291,2.13683493473431,1.7147498746697791
7031,904.0,12.0,0.125,4.0,1.9556950329226699,1.5721346722676017,2.023290226480281,1.6071276385477435
7032,904.0,12.0,0.125,5.0,1.8706612982945228,1.4737978347892327,1.970864970219613,1.5409486792553335
7033,904.0,12.0,0.125,6.0,1.8245561192358681,1.4532434491623831,1.9100806149428944,1.4837542882119437
7034,904.0,12.0,0.125,7.0,1.8432053279298257,1.4536404775563676,1.936783940771247,1.5160386476972925
7035,904.0,12.0,0.15,1.0,2.4986484800776423,2.043044795802285,2.531842039340632,2.042102054219071
7036,904.0,12.0,0.15,2.0,2.0829110094025585,1.700889618285376,2.1310157040574635,1.7167860707818818
7037,904.0,12.0,0.15,3.0,2.0242529230981905,1.6282016313439374,2.1100413809010057,1.6867229420803065
7038,904.0,12.0,0.15,4.0,1.9812096394420695,1.5870367503256912,2.0821310244662414,1.6572803980947075
7039,904.0,12.0,0.15,5.0,1.8779742409635392,1.4801011725345539,2.008736631292962,1.5843025013040313
7040,904.0,12.0,0.15,6.0,1.9050057143377448,1.4938774582250722,1.9534850069733176,1.5448796759357315
7041,904.0,12.0,0.15,7.0,1.8451794981984682,1.4539521634357775,1.9407445487542119,1.5464372771740504
7042,904.0,12.0,0.175,1.0,2.534179310041286,2.0656683827149025,2.571795118633289,2.085732188327417
7043,904.0,12.0,0.175,2.0,2.41100987334155,1.9774620538045231,2.440717087720595,1.9815174478580035
7044,904.0,12.0,0.175,3.0,2.0321607229859002,1.65526877709181,2.12786211229572,1.7072043277703242
7045,904.0,12.0,0.175,4.0,2.0311215797157796,1.6197792136743936,2.0804396648059296,1.6445543517199417
7046,904.0,12.0,0.175,5.0,2.006131414776605,1.5926155016887382,2.1405233197666655,1.7017371983748235
7047,904.0,12.0,0.175,6.0,1.9193911324939132,1.5191197609916616,2.0430116237587272,1.5920923934098097
7048,904.0,12.0,0.175,7.0,1.888331870845264,1.5114686330868148,1.9266180589691542,1.5259957574786753
7049,904.0,12.0,0.2,1.0,2.4629540579778797,2.013608830163451,2.5030034309074125,2.0278965585439996
7050,904.0,12.0,0.2,2.0,2.0685443991264485,1.6898517706546727,2.1390919362706806,1.7303926531752452
7051,904.0,12.0,0.2,3.0,2.0222095824612536,1.6266998836219526,2.0763624547279735,1.6571353990004392
7052,904.0,12.0,0.2,4.0,2.109229307123417,1.6742811596438332,2.19238599585762,1.7258299472300518
7053,904.0,12.0,0.2,5.0,1.9160075314371279,1.509178292114832,2.1078209075119334,1.6620282289282646
7054,904.0,12.0,0.2,6.0,1.9356876560063547,1.5103498655982848,2.0474630102819624,1.5753149457030022
7055,904.0,12.0,0.2,7.0,1.9803974664151003,1.5470250103534513,2.064328599732385,1.6135634550446871
7056,904.0,12.0,0.225,1.0,2.4191071049353,1.9795622213903312,2.4667484508581015,1.995367822132745
7057,904.0,12.0,0.225,2.0,2.093879008090355,1.7048837748388381,2.1988882434639745,1.7731973903454514
7058,904.0,12.0,0.225,3.0,2.2178167643822193,1.8079426166031924,2.2916861516800298,1.8269280955486902
7059,904.0,12.0,0.225,4.0,2.052313330504684,1.6535595754508603,2.159223209745018,1.7097982572352606
7060,904.0,12.0,0.225,5.0,1.9344704887275215,1.5266936231679051,2.063289664436769,1.6375820408159203
7061,904.0,12.0,0.225,6.0,1.994997794197029,1.5783475831069649,2.143561232698953,1.6791807080383745
7062,904.0,12.0,0.225,7.0,1.9779115530218954,1.5501733329579837,2.070383559514187,1.5913078071338889
7063,904.0,12.0,0.25,1.0,2.347787391253347,1.9200869083132583,2.3615641031408856,1.8988001519880295
7064,904.0,12.0,0.25,2.0,2.200567418664302,1.793770493177878,2.2186092688596974,1.790629906553121
7065,904.0,12.0,0.25,3.0,2.0982848099485905,1.6865740525123187,2.1340898820405365,1.7012233230257547
7066,904.0,12.0,0.25,4.0,1.9868640324448945,1.5895781654425465,1.9984031893727001,1.5948008964440379
7067,904.0,12.0,0.25,5.0,2.141098439392668,1.7224673746871095,2.26557209062945,1.7827955678576064
7068,904.0,12.0,0.25,6.0,2.124729374912303,1.6789408309796576,2.2379876344354526,1.7443314688586662
7069,904.0,12.0,0.25,7.0,1.9703734493771996,1.5399551108672669,2.1061452023724945,1.6616254597317424
7070,904.0,12.0,0.275,1.0,2.3921120888634286,1.9541374972724386,2.414431162839929,1.9499151443704732
7071,904.0,12.0,0.275,2.0,2.2656646683776764,1.8526152499302315,2.2795513442045197,1.849261779087681
7072,904.0,12.0,0.275,3.0,1.975451890410612,1.6036431048110742,2.105685425294827,1.6636119724805072
7073,904.0,12.0,0.275,4.0,2.071169623477862,1.6662325308455448,2.147417629070528,1.6951801529888113
7074,904.0,12.0,0.275,5.0,1.9082199188264466,1.527477002941964,2.058328729735429,1.6310082638425794
7075,904.0,12.0,0.275,6.0,2.172712676389514,1.6902422140520494,2.1803634333129365,1.7047314838355252
7076,904.0,12.0,0.275,7.0,2.1149788646424277,1.6422612233869809,2.198028702922049,1.697470288167202
7077,904.0,12.0,0.3,1.0,2.6941313892103995,2.1843656954492428,2.7497496986989916,2.2339018132626833
7078,904.0,12.0,0.3,2.0,2.183828931197121,1.7773931976000368,2.261983143685388,1.8140361902030486
7079,904.0,12.0,0.3,3.0,2.055912050084533,1.64067166748406,2.057403650798257,1.6488804655901936
7080,904.0,12.0,0.3,4.0,2.031623908834161,1.6387938542781404,2.1608414693784743,1.726472353519927
7081,904.0,12.0,0.3,5.0,2.086511712595965,1.6598079194393558,2.1924278125834973,1.737053176542831
7082,904.0,12.0,0.3,6.0,2.170449577620165,1.7153920066695931,2.3161291570590947,1.8181700265202598
7083,904.0,12.0,0.3,7.0,2.246580295594634,1.7477986851355483,2.3746419306760633,1.8447674619439192
7084,904.0,13.0,0.05,1.0,2.954170329257616,2.389330065016175,3.003747426486811,2.4336636517577945
7085,904.0,13.0,0.05,2.0,2.4793937636169736,2.018637115915835,2.5344294786107433,2.0372209873045826
7086,904.0,13.0,0.05,3.0,2.168696408484649,1.7595514276234894,2.2199561670558965,1.7744754417918895
7087,904.0,13.0,0.05,4.0,1.9712814168800015,1.588667314776131,2.0363828238417447,1.6091253654210054
7088,904.0,13.0,0.05,5.0,1.823117303846648,1.4475472039740294,1.9197952505194338,1.5160353538811284
7089,904.0,13.0,0.05,6.0,1.7606872758481358,1.3786780194098924,1.830863340350228,1.4369187709144464
7090,904.0,13.0,0.05,7.0,1.7457342353997025,1.390201162830541,1.8193823696873583,1.4053161405106958
7091,904.0,13.0,0.075,1.0,2.67317133639867,2.166281160752755,2.7148647740113754,2.189090532011023
7092,904.0,13.0,0.075,2.0,2.3181605115690385,1.8974269013954121,2.365323771980658,1.9047499181816803
7093,904.0,13.0,0.075,3.0,2.174466038777712,1.7667975888770855,2.2025906372226305,1.754142229660195
7094,904.0,13.0,0.075,4.0,2.012305899004995,1.6243227821133646,2.0793673272050244,1.644115440525026
7095,904.0,13.0,0.075,5.0,1.9165430208629985,1.5227880956361806,2.0220884079355708,1.5927825000535267
7096,904.0,13.0,0.075,6.0,1.8219606396435422,1.4316341360332427,1.9098179422646528,1.4762319630148755
7097,904.0,13.0,0.075,7.0,1.7368468926700917,1.3784012157746042,1.8234820588511857,1.4312385540453543
7098,904.0,13.0,0.1,1.0,3.084480718790043,2.480902352276648,3.1403509871166055,2.536853645944789
7099,904.0,13.0,0.1,2.0,2.2816621767174317,1.8647630992433688,2.329166217635149,1.877576462519056
7100,904.0,13.0,0.1,3.0,2.0924306022457326,1.6897812722479717,2.134318708599175,1.7111027623353303
7101,904.0,13.0,0.1,4.0,1.9785366910065054,1.5905991896686154,2.0761402098459434,1.6462967025469923
7102,904.0,13.0,0.1,5.0,1.8599200312505995,1.466679000802086,1.9970874425607796,1.5588955957609327
7103,904.0,13.0,0.1,6.0,1.8070853539156444,1.4370696222097095,1.8628135317246255,1.4692981040108923
7104,904.0,13.0,0.1,7.0,1.7590571323115953,1.406221111297457,1.844400271157229,1.4440354887754654
7105,904.0,13.0,0.125,1.0,3.162506106698057,2.5551055583992794,3.217390977354128,2.608835180968974
7106,904.0,13.0,0.125,2.0,2.4240652980652633,1.969570685416935,2.4764600139321877,1.984783655507034
7107,904.0,13.0,0.125,3.0,2.108637841626234,1.7073372771741446,2.1577206531886355,1.714975304902902
7108,904.0,13.0,0.125,4.0,1.9890964336639534,1.5860700390646383,2.0178124691636854,1.5970895487920496
7109,904.0,13.0,0.125,5.0,1.9960628581699331,1.5831062834003047,2.0880841966407337,1.6501762952984258
7110,904.0,13.0,0.125,6.0,1.8331243054207904,1.4447305016185314,1.8938962189433137,1.4780816521883688
7111,904.0,13.0,0.125,7.0,1.817365417186091,1.4330396830412906,1.9112231873877625,1.486102548963455
7112,904.0,13.0,0.15,1.0,2.6704740295528633,2.1637350982232566,2.711302669917928,2.1918021440664415
7113,904.0,13.0,0.15,2.0,2.435441520147249,1.9849798097869147,2.4506036740107464,1.9657339267048124
7114,904.0,13.0,0.15,3.0,2.1866613145153613,1.7640870093656629,2.2411268443116574,1.787395593103178
7115,904.0,13.0,0.15,4.0,2.0625618128779704,1.6622192340833648,2.1844917321284254,1.747498878903878
7116,904.0,13.0,0.15,5.0,1.9243570941320298,1.531982553278904,2.0141115928388227,1.5843349232399455
7117,904.0,13.0,0.15,6.0,1.8584826486239332,1.4556341155558776,1.9214074134736965,1.4967454575071062
7118,904.0,13.0,0.15,7.0,1.8650171567974916,1.480783372963233,2.0156448115902994,1.5587930423789353
7119,904.0,13.0,0.175,1.0,2.9693492589566475,2.404148043956322,3.005213344227909,2.4381908834430526
7120,904.0,13.0,0.175,2.0,2.4207833313081903,1.9745124225381692,2.4573880984777308,1.9787325377950498
7121,904.0,13.0,0.175,3.0,2.1863644949327816,1.774597740782136,2.230252136560704,1.764391961129375
7122,904.0,13.0,0.175,4.0,2.0599603483252342,1.6509786606908528,2.117001448680768,1.6552985619412692
7123,904.0,13.0,0.175,5.0,1.8512597821343761,1.4679050515168461,1.9602325569363905,1.5188120052668965
7124,904.0,13.0,0.175,6.0,1.8858691047982292,1.4859022836961548,1.9036949538225756,1.4933748308463697
7125,904.0,13.0,0.175,7.0,1.872477404143903,1.4757787536362508,1.9544452569892827,1.5262931214021787
7126,904.0,13.0,0.2,1.0,2.9546639520793474,2.3914055704199026,2.9898275751470096,2.425396664045289
7127,904.0,13.0,0.2,2.0,2.3437564609353583,1.903461963255561,2.3588124567186655,1.8971168883740348
7128,904.0,13.0,0.2,3.0,2.2022700168846905,1.7756140350322585,2.239839846221078,1.779479190608113
7129,904.0,13.0,0.2,4.0,2.06082199544414,1.6785692878358178,2.1807503192810174,1.7469791492002475
7130,904.0,13.0,0.2,5.0,2.050858452884302,1.6257880320660005,2.0691010894120554,1.6195749946225784
7131,904.0,13.0,0.2,6.0,1.9420959743264268,1.523671199846286,2.1208328563131422,1.6441999476919293
7132,904.0,13.0,0.2,7.0,1.8864049200046884,1.4827787749099082,2.0157445780244316,1.5807349273864366
7133,904.0,13.0,0.225,1.0,3.0943986217959205,2.4996646838007965,3.132447948861132,2.543309768791091
7134,904.0,13.0,0.225,2.0,2.686299969812853,2.188424596125839,2.735944671714584,2.212330678448525
7135,904.0,13.0,0.225,3.0,2.167292314952747,1.7456020422419047,2.1570946659584784,1.7215385613744485
7136,904.0,13.0,0.225,4.0,2.0872562275138513,1.6790407211714442,2.155334595606083,1.7160796820498923
7137,904.0,13.0,0.225,5.0,2.1217070005042102,1.6923123388195647,2.2203257657458515,1.7543409112107902
7138,904.0,13.0,0.225,6.0,1.9399621390922808,1.5385407364189454,1.9869721747440914,1.5590217984427441
7139,904.0,13.0,0.225,7.0,1.904002646316345,1.5167202258021764,1.8762303144698553,1.464721947360226
7140,904.0,13.0,0.25,1.0,2.626819820986683,2.1372402352293736,2.67082151042961,2.1469669658704897
7141,904.0,13.0,0.25,2.0,2.425556573674273,1.9761577858572075,2.48019601443119,1.9999944793072346
7142,904.0,13.0,0.25,3.0,2.3099799883035876,1.872820901368745,2.3675664177058824,1.8896281821409937
7143,904.0,13.0,0.25,4.0,2.048048789172577,1.6538788548022287,2.091869261025536,1.6568190697924283
7144,904.0,13.0,0.25,5.0,2.0322792828037617,1.6178079304018336,2.192247797216953,1.7054831101747618
7145,904.0,13.0,0.25,6.0,1.950553045550573,1.5386967041972925,2.0464467585750996,1.5887115780438805
7146,904.0,13.0,0.25,7.0,2.0180611509957616,1.5754573356912966,2.1249235859687783,1.646166148296716
7147,904.0,13.0,0.275,1.0,2.770957876203459,2.2457701080176005,2.8031594279334944,2.2601197264126114
7148,904.0,13.0,0.275,2.0,2.2496113458596994,1.8331516926719351,2.257333509487565,1.8146844894749214
7149,904.0,13.0,0.275,3.0,2.137113488722466,1.7406664660951667,2.2131226534935746,1.7642388269855183
7150,904.0,13.0,0.275,4.0,1.9771580354261444,1.592079121610815,2.0052519190072666,1.5851126325091582
7151,904.0,13.0,0.275,5.0,2.1126985243446836,1.6561242055485021,2.2748522691608644,1.7705735496075103
7152,904.0,13.0,0.275,6.0,2.0106378122303834,1.5564208373680624,2.1128035411043227,1.6246582638557152
7153,904.0,13.0,0.275,7.0,2.07643853084631,1.6449049867289371,2.2161501425805956,1.712973241894833
7154,904.0,13.0,0.3,1.0,2.637244856469297,2.1428827411424116,2.6609826827376084,2.137401894626419
7155,904.0,13.0,0.3,2.0,2.3099058106605193,1.880724078831713,2.3535327035645595,1.8944103338394425
7156,904.0,13.0,0.3,3.0,2.4137056642794947,1.9646588885837784,2.470382316558686,1.9625908489618968
7157,904.0,13.0,0.3,4.0,2.1910809653911265,1.787441044909925,2.3201372976161108,1.8450953029048018
7158,904.0,13.0,0.3,5.0,2.162980886839872,1.739476577239252,2.3134994249206766,1.824823482182956
7159,904.0,13.0,0.3,6.0,2.165958439638065,1.7138388274133691,2.2873560996491795,1.7541136853227475
7160,904.0,13.0,0.3,7.0,1.9960231671535622,1.5717265928502897,2.1699494881733656,1.6738266615053266
7161,904.0,14.0,0.05,1.0,3.35328831531904,2.7097016706690087,3.3950973142168284,2.7592808967014784
7162,904.0,14.0,0.05,2.0,2.5500089626396867,2.068832541519883,2.5573208021619873,2.0571014149374625
7163,904.0,14.0,0.05,3.0,2.2569758960499477,1.8211719411632044,2.2692504506170246,1.8147153760275623
7164,904.0,14.0,0.05,4.0,2.013351217970767,1.6202463790384691,2.0843035445117404,1.6580090230823485
7165,904.0,14.0,0.05,5.0,1.9208938924600776,1.5329451199876198,1.9991089145092753,1.5860066558345944
7166,904.0,14.0,0.05,6.0,1.7877205646977525,1.4308912234756568,1.8855359786294001,1.466049976978516
7167,904.0,14.0,0.05,7.0,1.7452640456489006,1.3940961857918588,1.8438606977505907,1.447859254028409
7168,904.0,14.0,0.075,1.0,3.375234784889912,2.719163799173919,3.4245635207815472,2.7722383408938938
7169,904.0,14.0,0.075,2.0,2.4924504375866556,2.02516615414598,2.499874372935235,2.016828076863942
7170,904.0,14.0,0.075,3.0,2.0822367089213203,1.677703225733059,2.1347857776093115,1.7015768929510062
7171,904.0,14.0,0.075,4.0,2.0193912040418294,1.6193021086931507,2.0919033720280726,1.662562083073005
7172,904.0,14.0,0.075,5.0,1.9330622560814077,1.5568958721888775,2.0718424960290784,1.641461898250442
7173,904.0,14.0,0.075,6.0,1.837932084287095,1.4619598161096086,1.91187116461547,1.5076183289126979
7174,904.0,14.0,0.075,7.0,1.8218885293958949,1.4412266053392067,1.9268496275838116,1.513193556932796
7175,904.0,14.0,0.1,1.0,3.1915274697037876,2.5770624891981133,3.2265219409787,2.623189730173153
7176,904.0,14.0,0.1,2.0,2.6315073159863163,2.133330403405128,2.6518625236998528,2.1411371452778063
7177,904.0,14.0,0.1,3.0,2.1359581115216275,1.730258517432913,2.1724439758274365,1.7330711743945666
7178,904.0,14.0,0.1,4.0,1.967634942960904,1.5855656664879711,2.0550352425964262,1.6211848219312792
7179,904.0,14.0,0.1,5.0,1.9603968616684453,1.5711806124245482,2.111157785541421,1.6644085728772802
7180,904.0,14.0,0.1,6.0,1.7920049488198573,1.4238082205093523,1.9172824437861986,1.5087763432945358
7181,904.0,14.0,0.1,7.0,1.8213662526688579,1.4348253196518403,1.977865749672739,1.5546384059553031
7182,904.0,14.0,0.125,1.0,3.351626101498739,2.71012231435582,3.3869758813324147,2.7566838958425386
7183,904.0,14.0,0.125,2.0,2.4487273159360923,1.9895404907015815,2.4455308972134344,1.969037844716147
7184,904.0,14.0,0.125,3.0,2.1693216591682174,1.7542894010096042,2.218540043169989,1.77160734061022
7185,904.0,14.0,0.125,4.0,2.034773889624451,1.6334854330032373,2.1450063654602545,1.6871972472219536
7186,904.0,14.0,0.125,5.0,1.9572885699478406,1.5621386113144515,2.0380624607348303,1.6049483162951164
7187,904.0,14.0,0.125,6.0,1.8801394256316408,1.4949757834279394,1.9730792970863016,1.5355839132427187
7188,904.0,14.0,0.125,7.0,1.7907796376079015,1.4154694760381281,1.8761502734402524,1.4571730031764292
7189,904.0,14.0,0.15,1.0,3.013145704163279,2.4350461131695273,3.0391153817894736,2.4716023474418716
7190,904.0,14.0,0.15,2.0,2.335986909576845,1.9044219742172555,2.354541645597494,1.9009742086912271
7191,904.0,14.0,0.15,3.0,2.2824101199528912,1.8435982728928944,2.2993308376015715,1.8523016820737175
7192,904.0,14.0,0.15,4.0,2.0545903066660207,1.658605434912335,2.1131973950499225,1.6604109208037934
7193,904.0,14.0,0.15,5.0,1.9617437795757793,1.5559250457753406,2.062171948624183,1.6304537326491366
7194,904.0,14.0,0.15,6.0,1.9326854173529555,1.5243971278373947,2.0153161492288594,1.5882236209413045
7195,904.0,14.0,0.15,7.0,1.9164307052116971,1.4961011857198951,2.043986260835421,1.574994022940773
7196,904.0,14.0,0.175,1.0,3.1683688260454,2.560501334237925,3.197766417955828,2.6077682181865356
7197,904.0,14.0,0.175,2.0,2.4626860330994127,1.9908619270237629,2.448854038665074,1.9728894603849967
7198,904.0,14.0,0.175,3.0,2.230035670932153,1.7934928256108034,2.230891610984635,1.7763453274623908
7199,904.0,14.0,0.175,4.0,2.111487921908036,1.7314127722445305,2.177915508725985,1.7385204379847479
7200,904.0,14.0,0.175,5.0,1.9241960698914562,1.5432475221245205,1.9870739376087738,1.5550772351419069
7201,904.0,14.0,0.175,6.0,1.9125628386418774,1.5275421765387336,2.049014002894674,1.5608491590084377
7202,904.0,14.0,0.175,7.0,1.960670091195919,1.5284443484900885,2.127887712074179,1.6581314934495262
7203,904.0,14.0,0.2,1.0,3.2413148846868536,2.6206417619594777,3.2602172998197263,2.6540459276567616
7204,904.0,14.0,0.2,2.0,2.6851757526226065,2.1793584614069483,2.6860443294082166,2.1734637978646174
7205,904.0,14.0,0.2,3.0,2.223491369580313,1.7942004237226514,2.239826238564751,1.789163115752532
7206,904.0,14.0,0.2,4.0,2.0478930646543505,1.6433953862363604,2.1564141559928456,1.7118615792069454
7207,904.0,14.0,0.2,5.0,2.0526552460105254,1.6293724098044513,2.2022893797447,1.726022253473797
7208,904.0,14.0,0.2,6.0,1.9442997452489126,1.5324646405774756,2.115661058842948,1.6617353376179727
7209,904.0,14.0,0.2,7.0,1.8924827169328027,1.490455631771881,2.0090180159375466,1.566021653622502
7210,904.0,14.0,0.225,1.0,3.0072115350967312,2.429950155058941,3.0347667339327087,2.467501041182085
7211,904.0,14.0,0.225,2.0,2.6270899009412,2.1418444114837354,2.662960630357634,2.1555178386557947
7212,904.0,14.0,0.225,3.0,2.116505457905155,1.7201174642239212,2.2020591643944325,1.7579693398213927
7213,904.0,14.0,0.225,4.0,2.1366415489883974,1.7329272996176948,2.2350260619171904,1.7951762721949331
7214,904.0,14.0,0.225,5.0,2.140963039853134,1.7264469274726435,2.252752047052118,1.7633967577959788
7215,904.0,14.0,0.225,6.0,2.0087277818265274,1.575804242304786,2.207126229436411,1.6995968265571328
7216,904.0,14.0,0.225,7.0,1.992792712384012,1.57132761755499,2.0631036513391323,1.583274110253979
7217,904.0,14.0,0.25,1.0,2.975113095696847,2.3992777478548577,3.00035836697261,2.436762614849387
7218,904.0,14.0,0.25,2.0,2.4724146874789237,2.004646106622872,2.4718110732424887,2.0007513226645304
7219,904.0,14.0,0.25,3.0,2.2005388035301228,1.7797095203417932,2.198826011519199,1.750656324263994
7220,904.0,14.0,0.25,4.0,2.104510809620514,1.6996724631173288,2.1964664861455674,1.7393721092578371
7221,904.0,14.0,0.25,5.0,2.141207919155743,1.7229665709214539,2.2127963211843187,1.7407293719972374
7222,904.0,14.0,0.25,6.0,1.9979251874965285,1.568739115759845,2.0902079857530063,1.6628150236425374
7223,904.0,14.0,0.25,7.0,2.0463925783544026,1.632337186633331,2.2149323659800464,1.733310873204194
7224,904.0,14.0,0.275,1.0,3.275853565320601,2.6460513294102923,3.292287849836518,2.678069627419905
7225,904.0,14.0,0.275,2.0,2.7695544444154097,2.245114164978494,2.803485514238347,2.263780892973783
7226,904.0,14.0,0.275,3.0,2.3316050379552995,1.8640503848842458,2.379014602503819,1.8734844697375004
7227,904.0,14.0,0.275,4.0,2.110607862832995,1.7013835495550407,2.2075132050739854,1.7569779867407063
7228,904.0,14.0,0.275,5.0,2.166827252594989,1.7348572736195664,2.2880057783501924,1.8265474204057233
7229,904.0,14.0,0.275,6.0,2.0505738572470014,1.6249739844182474,2.1983250337930023,1.67020251590823
7230,904.0,14.0,0.275,7.0,2.0661952728454582,1.6153762953695419,2.2551254809556704,1.753157251341702
7231,904.0,14.0,0.3,1.0,3.0718528210360447,2.4762675558248506,3.0749072424400445,2.4891277443974755
7232,904.0,14.0,0.3,2.0,2.401103046290383,1.9305045930849283,2.4741682906846445,1.987750090688776
7233,904.0,14.0,0.3,3.0,2.191960240085007,1.759621187061441,2.229115749551189,1.7829088371597737
7234,904.0,14.0,0.3,4.0,2.1561157011680865,1.7436152887645975,2.335107656799868,1.8552758812049894
7235,904.0,14.0,0.3,5.0,2.072821359008475,1.6631581071037354,2.0990584103777676,1.6435871925046588
7236,904.0,14.0,0.3,6.0,2.0963029393429977,1.6451185112123152,2.272067456335594,1.7807565946029509
7237,904.0,14.0,0.3,7.0,1.924888685046793,1.5220736511764061,2.036834112157384,1.5900630338897173
7238,904.0,15.0,0.05,1.0,3.5900639266566947,2.899558016593998,3.647887931894056,2.954308415136218
7239,904.0,15.0,0.05,2.0,2.871003441238497,2.3187416132694865,2.9045956949804395,2.33677063497566
7240,904.0,15.0,0.05,3.0,2.379415750018187,1.912836233468855,2.435052993963457,1.9389129545120127
7241,904.0,15.0,0.05,4.0,2.110471774586579,1.694755934000439,2.210961502900289,1.75126395472472
7242,904.0,15.0,0.05,5.0,1.9168047355981144,1.534973678303862,2.022139086994325,1.6010543049859902
7243,904.0,15.0,0.05,6.0,1.854183064083064,1.4561401181473603,1.9544549913772329,1.5223153779036207
7244,904.0,15.0,0.05,7.0,1.7406373226451632,1.3879312229241958,1.8839177417358697,1.4368073604022684
7245,904.0,15.0,0.075,1.0,3.598967478273174,2.9116724659606614,3.6605923201765314,2.9721203739172135
7246,904.0,15.0,0.075,2.0,2.664000446919886,2.1518512542773944,2.700936626113746,2.169564727360759
7247,904.0,15.0,0.075,3.0,2.340738529005435,1.885705926753939,2.416766653542091,1.9343288195836326
7248,904.0,15.0,0.075,4.0,2.145560629729525,1.709781680903224,2.2487106148598777,1.7739716699886572
7249,904.0,15.0,0.075,5.0,2.004791656588843,1.5993751193804833,2.088980064972555,1.6397851569614597
7250,904.0,15.0,0.075,6.0,1.8482531483106261,1.482878009119305,1.9547519790205983,1.5205814324638383
7251,904.0,15.0,0.075,7.0,1.8289313252087402,1.4349676498327035,1.9684880842234096,1.5247724989780744
7252,904.0,15.0,0.1,1.0,3.494880237138486,2.8235474153447466,3.559369060852854,2.889809267437683
7253,904.0,15.0,0.1,2.0,2.713366049308874,2.1911065068967237,2.7444255462740754,2.2145048693276093
7254,904.0,15.0,0.1,3.0,2.289891234114853,1.8438594510577546,2.3497533119443426,1.8706554534879565
7255,904.0,15.0,0.1,4.0,2.116257711323229,1.687858738603611,2.1911040372036723,1.734968005206793
7256,904.0,15.0,0.1,5.0,1.9951928294962336,1.5815032753290235,2.1005833866673007,1.661941489697485
7257,904.0,15.0,0.1,6.0,1.9517138786715438,1.5492995172915514,2.0348140169906994,1.597750266355835
7258,904.0,15.0,0.1,7.0,1.8670670721185263,1.4809115823365198,1.9796068540613485,1.5382992130941493
7259,904.0,15.0,0.125,1.0,3.5735459717157396,2.890862064079118,3.6379536210292,2.95351300159497
7260,904.0,15.0,0.125,2.0,2.5962633685481267,2.108463969166201,2.6211066244231427,2.1043116053095234
7261,904.0,15.0,0.125,3.0,2.2757279867526363,1.8268157448713596,2.331032599933535,1.854192198377622
7262,904.0,15.0,0.125,4.0,2.108655673276829,1.6971707601605444,2.239429781552222,1.776809630025937
7263,904.0,15.0,0.125,5.0,1.930320232982732,1.5226449013059464,2.018417332865441,1.5889841796988498
7264,904.0,15.0,0.125,6.0,1.9965895072110413,1.5827782035546143,2.0378823057692133,1.6024317124728882
7265,904.0,15.0,0.125,7.0,1.8481396296467791,1.4545816644942393,1.9970951629518454,1.532544647754305
7266,904.0,15.0,0.15,1.0,3.3898987529697258,2.7395336774668833,3.4286896536601548,2.7865311733512077
7267,904.0,15.0,0.15,2.0,2.8885801171559535,2.337810788337257,2.927065619799128,2.3673399885875708
7268,904.0,15.0,0.15,3.0,2.4163980544265296,1.9606382543772054,2.4802867676417444,1.9792350477827354
7269,904.0,15.0,0.15,4.0,2.055348515743446,1.6331301196583297,2.2026289641891688,1.7482837133337572
7270,904.0,15.0,0.15,5.0,2.03852617871127,1.6355392843698737,2.2150909115829966,1.7338775744363888
7271,904.0,15.0,0.15,6.0,1.9599558084670734,1.5556890520790712,2.0966590782202954,1.6322627773114478
7272,904.0,15.0,0.15,7.0,1.7634086541434788,1.395629058641743,1.914526939219446,1.4920596384094695
7273,904.0,15.0,0.175,1.0,3.401257379933657,2.7426454819324357,3.4501257268081584,2.7987509091361096
7274,904.0,15.0,0.175,2.0,2.5748431825928195,2.090440114914043,2.5983002313845596,2.0827518498514914
7275,904.0,15.0,0.175,3.0,2.3249544662451163,1.87292816861141,2.371151177092281,1.8829509550467314
7276,904.0,15.0,0.175,4.0,2.1656430624934124,1.7139486341983134,2.3207278805419738,1.825376092202796
7277,904.0,15.0,0.175,5.0,2.1206028791289255,1.6861405861944574,2.1638606745134052,1.704627432140253
7278,904.0,15.0,0.175,6.0,1.8943647718603647,1.5023420406896748,2.0761136020258437,1.6145816919012868
7279,904.0,15.0,0.175,7.0,1.8267743629021984,1.423393585645636,1.9616317063440485,1.5391750714419954
7280,904.0,15.0,0.2,1.0,3.281803956515462,2.648304900381616,3.306423361938824,2.6921070682981734
7281,904.0,15.0,0.2,2.0,2.5673519820298414,2.0736440766880295,2.6223694342150057,2.1037786832661958
7282,904.0,15.0,0.2,3.0,2.296352650608481,1.84842089819676,2.3826502520526844,1.8975340553537725
7283,904.0,15.0,0.2,4.0,2.1741808202709008,1.7340659503669182,2.3323727300640216,1.8345321847403957
7284,904.0,15.0,0.2,5.0,2.017871033687074,1.5962390951554175,2.0817612149396982,1.6092960009786574
7285,904.0,15.0,0.2,6.0,2.0274921896991036,1.585216513208063,2.146514462387451,1.6863006170100112
7286,904.0,15.0,0.2,7.0,1.9202787322524348,1.5038605979703277,2.0807302298866293,1.586450843209276
7287,904.0,15.0,0.225,1.0,3.3395852877585583,2.692776553233122,3.399675522354218,2.7556618523335192
7288,904.0,15.0,0.225,2.0,2.9128359771162993,2.355894045083486,2.949836462195046,2.3591442038831083
7289,904.0,15.0,0.225,3.0,2.4191338084956393,1.9487312335033444,2.457764955162105,1.9601612399270838
7290,904.0,15.0,0.225,4.0,2.1985913779009056,1.7545606659958521,2.2652186764452744,1.8194439895050973
7291,904.0,15.0,0.225,5.0,2.1300126493611278,1.7137009717453484,2.2381579965739005,1.7553595948925995
7292,904.0,15.0,0.225,6.0,2.118423270973011,1.6666400083694852,2.1614766145192963,1.6938501083123998
7293,904.0,15.0,0.225,7.0,1.8099276555805186,1.4380885365565772,1.900536839015215,1.4697242512536435
7294,904.0,15.0,0.25,1.0,3.207835101859208,2.583650932940853,3.243480964007948,2.6377353378955224
7295,904.0,15.0,0.25,2.0,2.6352371165622275,2.1357577033795674,2.6576632788289967,2.136927400494073
7296,904.0,15.0,0.25,3.0,2.309809538311082,1.868815431384584,2.4509763227697285,1.9723043097488775
7297,904.0,15.0,0.25,4.0,2.3809057474890483,1.8989450906606762,2.441278669693325,1.9451476863129573
7298,904.0,15.0,0.25,5.0,2.161946535797073,1.709412919672588,2.2820705189359085,1.8171087704326327
7299,904.0,15.0,0.25,6.0,2.0535205464886523,1.6186547696978324,2.1278906093933476,1.6540492469072692
7300,904.0,15.0,0.25,7.0,1.8673519865703854,1.4789274169987643,1.9967808022676605,1.5283341172715539
7301,904.0,15.0,0.275,1.0,3.1679838508133096,2.55267491983304,3.2145543363302096,2.6071687654490843
7302,904.0,15.0,0.275,2.0,2.930297206764557,2.3720344285158994,2.9731319286557523,2.4001961946623216
7303,904.0,15.0,0.275,3.0,2.283482841163253,1.8381268899714625,2.3955838805026493,1.908921538717414
7304,904.0,15.0,0.275,4.0,2.426183260132552,1.970483767661969,2.5135547346486335,2.008487625768474
7305,904.0,15.0,0.275,5.0,2.264996740204022,1.8175019136157509,2.350554702030503,1.863847213389788
7306,904.0,15.0,0.275,6.0,2.0690885471056206,1.6256251770022923,2.1467016713306837,1.6684422268888006
7307,904.0,15.0,0.275,7.0,2.0317959295926276,1.6121572445434786,2.116972015675865,1.6496232277943026
7308,904.0,15.0,0.3,1.0,3.4121358162177584,2.7638005133504193,3.458178750844046,2.8111436498068714
7309,904.0,15.0,0.3,2.0,2.7811714557464504,2.2332175855607597,2.845564000246552,2.2715801912311955
7310,904.0,15.0,0.3,3.0,2.4933281084818044,2.0122257519648783,2.6051821468908867,2.06635674616063
7311,904.0,15.0,0.3,4.0,2.213820176635198,1.7670761401417503,2.3169062693615623,1.82711735575676
7312,904.0,15.0,0.3,5.0,2.1485331772976295,1.7368235984309703,2.208016647421901,1.7608377189568867
7313,904.0,15.0,0.3,6.0,2.1681687871681663,1.7153703568095047,2.255659807237971,1.7750280154240026
7314,904.0,15.0,0.3,7.0,2.0916396413394356,1.6630781350586663,2.2145676246150776,1.7243587631148245
7315,904.0,16.0,0.05,1.0,3.6450525517275802,2.952214289455182,3.7235469437376345,3.0330986855062427
7316,904.0,16.0,0.05,2.0,3.020471189843266,2.4375812716669043,3.064846504593624,2.467468235594996
7317,904.0,16.0,0.05,3.0,2.7759958583538067,2.2345500116002586,2.8313521841989653,2.2688763215039227
7318,904.0,16.0,0.05,4.0,2.2675899835428845,1.8172291344226026,2.372585196507338,1.8807326636402872
7319,904.0,16.0,0.05,5.0,2.1196219680852746,1.6982191116020653,2.2011704856204584,1.7436192164815958
7320,904.0,16.0,0.05,6.0,1.929598713750413,1.5405675704647983,2.0223073517405825,1.579070839255126
7321,904.0,16.0,0.05,7.0,1.7853284579905824,1.4267305623223343,1.8807975881840255,1.4629929022587418
7322,904.0,16.0,0.075,1.0,3.645321574161941,2.9523873338074265,3.725551858755266,3.0333663298173135
7323,904.0,16.0,0.075,2.0,3.195347877030637,2.5815607228219095,3.2387192906164994,2.6171799094802912
7324,904.0,16.0,0.075,3.0,2.7200439074781237,2.19177538574266,2.786658493911326,2.234216612249238
7325,904.0,16.0,0.075,4.0,2.201367962971329,1.7696731832979304,2.3045130062927117,1.8138036497302064
7326,904.0,16.0,0.075,5.0,2.0997786222634462,1.6822837869001577,2.200882363604698,1.7326551161392654
7327,904.0,16.0,0.075,6.0,1.888566254420185,1.5005738018204884,2.016530932623124,1.5855455497936486
7328,904.0,16.0,0.075,7.0,1.7614167599157795,1.3685745698980163,1.8424355998554771,1.429144360905437
7329,904.0,16.0,0.1,1.0,3.722294093508166,3.0185990175374666,3.799131813005287,3.098011775823428
7330,904.0,16.0,0.1,2.0,3.0467165245329886,2.4569533051107353,3.0827310007466107,2.4800386631851152
7331,904.0,16.0,0.1,3.0,2.637515490755899,2.1260482462920174,2.697156253883063,2.1612985778188505
7332,904.0,16.0,0.1,4.0,2.311490206073503,1.839168176802877,2.453308942138304,1.9428096713474359
7333,904.0,16.0,0.1,5.0,2.2100691225419347,1.75704333793237,2.2687283548916573,1.7933677475070915
7334,904.0,16.0,0.1,6.0,1.9288755849111001,1.5121990218518135,2.041003035081141,1.5994819174932602
7335,904.0,16.0,0.1,7.0,1.7850137851035848,1.4007384674878922,1.9439349863591524,1.500902533935906
7336,904.0,16.0,0.125,1.0,3.6539980406365884,2.9629964349980056,3.7306103702468048,3.0379077632418197
7337,904.0,16.0,0.125,2.0,3.1581254622731643,2.5527138979144537,3.2198854995302457,2.6040161740439745
7338,904.0,16.0,0.125,3.0,2.6727101500960284,2.1438563931737153,2.731193550137328,2.2023781574296284
7339,904.0,16.0,0.125,4.0,2.314260440033895,1.8461780970120008,2.4942544764606165,1.9935584885555524
7340,904.0,16.0,0.125,5.0,2.236992029709588,1.784850231129367,2.304462465054626,1.8204371555636505
7341,904.0,16.0,0.125,6.0,2.033343169104246,1.609033081043055,2.100134640529232,1.6631623448608972
7342,904.0,16.0,0.125,7.0,1.8570369810354506,1.4505498327272512,1.9382254924839086,1.5051071868548485
7343,904.0,16.0,0.15,1.0,3.877579134737792,3.156385124709056,3.9486783721037826,3.222110523732485
7344,904.0,16.0,0.15,2.0,3.0739792414116143,2.4794806626366763,3.1468106032895817,2.5401536491806294
7345,904.0,16.0,0.15,3.0,2.6642043970665803,2.1443282189179267,2.687135027365913,2.1557688503098724
7346,904.0,16.0,0.15,4.0,2.351073779047716,1.883612401653836,2.409780065559641,1.931965266844802
7347,904.0,16.0,0.15,5.0,2.1715891854732075,1.7342985409005598,2.2568303028827295,1.7981858246889444
7348,904.0,16.0,0.15,6.0,1.9898571023627298,1.607378679697696,2.061232589897893,1.6248116939950514
7349,904.0,16.0,0.15,7.0,1.8311868547128145,1.4497445335348271,2.00018047655981,1.571263399133221
7350,904.0,16.0,0.175,1.0,3.6636517950447662,2.9652240235667366,3.7351745592175543,3.0400315749941202
7351,904.0,16.0,0.175,2.0,2.784390114929295,2.232583254661051,2.8653448114124034,2.276671037483922
7352,904.0,16.0,0.175,3.0,2.6871260431565127,2.1732627639824185,2.7201438929184008,2.188998458571941
7353,904.0,16.0,0.175,4.0,2.342515962405199,1.865266258683182,2.507688882397481,1.98422317879481
7354,904.0,16.0,0.175,5.0,2.2590051383925815,1.809621016634911,2.3608713995379147,1.8677980711008009
7355,904.0,16.0,0.175,6.0,1.9560781649908987,1.5257758311132985,2.0974925549394325,1.6020659632966194
7356,904.0,16.0,0.175,7.0,1.830275769080932,1.4347255811809327,1.9685206059703808,1.4954747573278617
7357,904.0,16.0,0.2,1.0,3.8197631558340794,3.108598387939808,3.8960920541106128,3.1789786903360335
7358,904.0,16.0,0.2,2.0,3.044659747785361,2.447646570834161,3.0995905358840745,2.5008830780036444
7359,904.0,16.0,0.2,3.0,2.5964600480530136,2.0790157579307498,2.667004446219553,2.147401172103306
7360,904.0,16.0,0.2,4.0,2.4237247457429008,1.9270930956756889,2.512979486512223,2.002835007290064
7361,904.0,16.0,0.2,5.0,2.330447475645594,1.8676611772092016,2.4401516521669198,1.9364447527249733
7362,904.0,16.0,0.2,6.0,2.0293664742766317,1.6190499518954713,2.112410361702179,1.6697869456112617
7363,904.0,16.0,0.2,7.0,2.0330574786100275,1.6031184094771227,2.092314726371147,1.6106154885241382
7364,904.0,16.0,0.225,1.0,4.06148908782219,3.3261045005441767,4.1415978891402885,3.385493537506268
7365,904.0,16.0,0.225,2.0,3.186922872132078,2.586858007950564,3.2480921937954537,2.623038392900463
7366,904.0,16.0,0.225,3.0,2.4480594124536057,1.9531606149198724,2.528749025864696,2.011199294177065
7367,904.0,16.0,0.225,4.0,2.328606890914959,1.8528328797163032,2.4934755205649015,1.967294665284354
7368,904.0,16.0,0.225,5.0,2.24189685921051,1.7843602761816162,2.341204278399158,1.8471338824898507
7369,904.0,16.0,0.225,6.0,2.213336053117695,1.7634099033088515,2.3308120289569585,1.8180625976450069
7370,904.0,16.0,0.225,7.0,2.1085370601672793,1.6501982868305818,2.191973910053993,1.7245216368694058
7371,904.0,16.0,0.25,1.0,3.4271715919023373,2.7640065867631645,3.5103559554360353,2.8465117779109006
7372,904.0,16.0,0.25,2.0,2.9909237166832487,2.4162309655159597,3.040070702302235,2.462837647851675
7373,904.0,16.0,0.25,3.0,2.670046052130642,2.1527190555418954,2.7462049548665313,2.1992089631010603
7374,904.0,16.0,0.25,4.0,2.512946199934446,2.0020673668943494,2.606473339595115,2.070420037893668
7375,904.0,16.0,0.25,5.0,2.2319689067138233,1.7756968577278565,2.3194125660401,1.8352583851200148
7376,904.0,16.0,0.25,6.0,2.115954343028427,1.6738831465413193,2.349821391600791,1.83880637027005
7377,904.0,16.0,0.25,7.0,2.0763568058797244,1.6546221430611148,2.1596990497393134,1.7053682886957164
7378,904.0,16.0,0.275,1.0,3.7563561744185665,3.0531197557242713,3.833957961151178,3.1215564380915595
7379,904.0,16.0,0.275,2.0,3.0382451059330102,2.452354787751738,3.086725506288347,2.4846402778575034
7380,904.0,16.0,0.275,3.0,2.5258807782758823,2.049731016703251,2.6419135298741407,2.1199035905613965
7381,904.0,16.0,0.275,4.0,2.4424865346630282,1.9825349113007844,2.6340757185804975,2.0862101040248517
7382,904.0,16.0,0.275,5.0,2.392420086809079,1.9253625263751366,2.4527880048128607,1.9525938604242739
7383,904.0,16.0,0.275,6.0,2.303886500520482,1.8396778356483916,2.4970320055005923,1.9707001601788663
7384,904.0,16.0,0.275,7.0,1.9471237263494623,1.53003486939179,2.1566512444990966,1.6708893018576205
7385,904.0,16.0,0.3,1.0,4.062103752280273,3.3255404818048535,4.131387434258826,3.380417423878209
7386,904.0,16.0,0.3,2.0,2.89101604502752,2.3324997936779517,2.955523389155458,2.3799701540054055
7387,904.0,16.0,0.3,3.0,2.8868346029497673,2.3022705523074483,2.947437489683568,2.3632103668128748
7388,904.0,16.0,0.3,4.0,2.4174013745762446,1.9309402432369176,2.5516483283766322,2.0180959896879487
7389,904.0,16.0,0.3,5.0,2.3762695677947274,1.8864165061754274,2.409974112573421,1.9205325482741264
7390,904.0,16.0,0.3,6.0,2.1848423005143367,1.739122686140377,2.313390218307642,1.808070692849894
7391,904.0,16.0,0.3,7.0,2.0134211520271195,1.6044761512869046,2.130939708615465,1.6422736286674031
7392,904.0,17.0,0.05,1.0,3.9598462287531966,3.224672062619655,4.040234502235388,3.298978288988983
7393,904.0,17.0,0.05,2.0,3.625212033191459,2.926383972374257,3.684622349816265,2.979952062716282
7394,904.0,17.0,0.05,3.0,2.7951928739203065,2.2472840490282695,2.8650540689181656,2.294506175734151
7395,904.0,17.0,0.05,4.0,2.487986654909108,2.0105524035037727,2.546598610953194,2.0392427380596554
7396,904.0,17.0,0.05,5.0,2.3632424546378026,1.9045056385895343,2.421542610567962,1.9278852222200416
7397,904.0,17.0,0.05,6.0,1.971617437037675,1.5773803695653763,2.0666386583767795,1.6163324500222593
7398,904.0,17.0,0.05,7.0,1.8241631592119543,1.456600672644526,1.9061969296758072,1.489503280014555
7399,904.0,17.0,0.075,1.0,3.91732914824179,3.19546406360768,4.004404038655224,3.2780844898904204
7400,904.0,17.0,0.075,2.0,3.4078054752591442,2.7562605198529755,3.4802277907691663,2.815809655812017
7401,904.0,17.0,0.075,3.0,2.8410382421173908,2.280675299994413,2.9229282408117956,2.3528939955887016
7402,904.0,17.0,0.075,4.0,2.433827993976336,1.9603028219476863,2.5199783720982243,2.0138209987060702
7403,904.0,17.0,0.075,5.0,2.321860381872879,1.854080124425731,2.3940093372751794,1.887571023935039
7404,904.0,17.0,0.075,6.0,1.9423860818548742,1.5380890221693533,2.0394295383478056,1.5947392939685066
7405,904.0,17.0,0.075,7.0,1.9219417979060538,1.5121652392082476,1.9994735338788023,1.5562936736509967
7406,904.0,17.0,0.1,1.0,3.785500097739884,3.082682669360955,3.8816272548245068,3.176751337158678
7407,904.0,17.0,0.1,2.0,3.5021882669102724,2.8380066194445237,3.5567548366763626,2.878038883597596
7408,904.0,17.0,0.1,3.0,2.796944782963676,2.2431179902199276,2.8516333793147512,2.282439660416634
7409,904.0,17.0,0.1,4.0,2.5216977449818265,2.0207531770659157,2.576227991005918,2.0643732645821364
7410,904.0,17.0,0.1,5.0,2.3164024679828117,1.8687071833514188,2.36312091553855,1.8718355810786949
7411,904.0,17.0,0.1,6.0,1.968206830820837,1.5586988185974553,2.073350805278159,1.6308800313173024
7412,904.0,17.0,0.1,7.0,1.8930566857272655,1.5053554927652844,2.0060353987560773,1.5298940188149814
7413,904.0,17.0,0.125,1.0,3.866666857691643,3.1517533670936357,3.9587129343946716,3.2411029761913834
7414,904.0,17.0,0.125,2.0,3.422108711303577,2.768162797848613,3.5026881274899346,2.835477564596577
7415,904.0,17.0,0.125,3.0,2.898471710364888,2.335547644996788,2.998245800046005,2.4007627243423926
7416,904.0,17.0,0.125,4.0,2.625321234352981,2.113900326693884,2.719091118070358,2.182916686337632
7417,904.0,17.0,0.125,5.0,2.3347284937741093,1.8894440482246737,2.4198568926621475,1.9052796252706026
7418,904.0,17.0,0.125,6.0,2.145232192004701,1.7002010167968427,2.2355053857223,1.7545532167145135
7419,904.0,17.0,0.125,7.0,1.9035317599726247,1.5012126266118346,1.9475338926341235,1.535374266718509
7420,904.0,17.0,0.15,1.0,4.0200116582099,3.2850382888088587,4.096427679273928,3.3516269164036436
7421,904.0,17.0,0.15,2.0,3.5361466817517413,2.8669027059737138,3.6210690713976477,2.9333493198172103
7422,904.0,17.0,0.15,3.0,2.923143492218959,2.3574658762195613,3.009267429426956,2.4173466676928945
7423,904.0,17.0,0.15,4.0,2.4953871780712484,1.9877381682363202,2.589796759195817,2.0845512655877627
7424,904.0,17.0,0.15,5.0,2.4177152961033403,1.9530961635055348,2.5002418098913157,1.9824220830724864
7425,904.0,17.0,0.15,6.0,2.000342312434461,1.5847787268158726,2.1065202679884196,1.666185125342016
7426,904.0,17.0,0.15,7.0,1.9146899239700914,1.5263291592455446,2.0455477229268633,1.5915567236832378
7427,904.0,17.0,0.175,1.0,3.669085708507433,2.979580923350758,3.7704145237046647,3.074633234248767
7428,904.0,17.0,0.175,2.0,3.607887090520201,2.9188290034962034,3.6563543366294593,2.9608247512733903
7429,904.0,17.0,0.175,3.0,2.621754187413747,2.101033580863926,2.7629630628189292,2.2035282414779083
7430,904.0,17.0,0.175,4.0,2.582579863039757,2.0555702674655763,2.7539433799370987,2.1911621122566793
7431,904.0,17.0,0.175,5.0,2.3103146619280923,1.8390035172581856,2.3777864839760396,1.8758315157515166
7432,904.0,17.0,0.175,6.0,2.075583258485028,1.6650679480079538,2.2089378037566925,1.7011358912685055
7433,904.0,17.0,0.175,7.0,1.8642814682436304,1.4578015053725155,1.936382736293525,1.5268362498831107
7434,904.0,17.0,0.2,1.0,4.003812638955062,3.2692270018421867,4.086034685781212,3.3443019995110466
7435,904.0,17.0,0.2,2.0,3.3753521616813447,2.734298402721586,3.441141324424392,2.784856387889207
7436,904.0,17.0,0.2,3.0,2.8901429380837156,2.324175046719607,2.993757090140099,2.3974724578863196
7437,904.0,17.0,0.2,4.0,2.653053430465572,2.1178613455742137,2.7213236353230883,2.1719363305831525
7438,904.0,17.0,0.2,5.0,2.4910235546806843,1.9793437554195739,2.5209163316801577,1.9926072030455164
7439,904.0,17.0,0.2,6.0,2.142481293706212,1.6965919635089344,2.135198753245893,1.6722234040816828
7440,904.0,17.0,0.2,7.0,1.8553490588409884,1.4718120378698283,1.9639340555396434,1.5269886064601323
7441,904.0,17.0,0.225,1.0,4.0420784355126695,3.309327661116711,4.1285179844082895,3.3775936718131887
7442,904.0,17.0,0.225,2.0,3.455345475494508,2.7953641543797323,3.575350129376526,2.8983448064162425
7443,904.0,17.0,0.225,3.0,2.8345851264618878,2.2823119949200015,2.944092062828029,2.3433165509772316
7444,904.0,17.0,0.225,4.0,2.636808850147881,2.09623864817298,2.7925084364370125,2.187548889199734
7445,904.0,17.0,0.225,5.0,2.5893888392863103,2.084797257411825,2.650525231044547,2.0980442540291957
7446,904.0,17.0,0.225,6.0,2.102030049502493,1.6981853016951405,2.254018110068964,1.7570075417082358
7447,904.0,17.0,0.225,7.0,1.989507998219,1.5542935096744364,2.147890986005418,1.6816290625690715
7448,904.0,17.0,0.25,1.0,3.7304716993436804,3.0340510908377527,3.8105774575734537,3.116165535448509
7449,904.0,17.0,0.25,2.0,3.492192755148917,2.8283962907190476,3.567923336173322,2.8724375912568005
7450,904.0,17.0,0.25,3.0,2.8949762874778115,2.3260797051174658,3.00661307484403,2.398050609672965
7451,904.0,17.0,0.25,4.0,2.585564821596044,2.0925161836014046,2.7207515301413023,2.175477308693826
7452,904.0,17.0,0.25,5.0,2.6104799338171856,2.076770462989482,2.708602449468808,2.1063971797128134
7453,904.0,17.0,0.25,6.0,2.2320959908536824,1.7564650764574734,2.2907745769778725,1.8123771366112424
7454,904.0,17.0,0.25,7.0,2.0150359305081365,1.6169371628667095,2.101623212321021,1.6456329595248178
7455,904.0,17.0,0.275,1.0,3.699268673489826,3.009087862297537,3.7804419817341075,3.0902933782782966
7456,904.0,17.0,0.275,2.0,3.7891151933442817,3.096398863177799,3.8433375547000357,3.1157529273450226
7457,904.0,17.0,0.275,3.0,2.9699224512107123,2.385260874525535,3.036872100693655,2.425580285383741
7458,904.0,17.0,0.275,4.0,2.8345349852244515,2.2712225232845564,2.882590401125252,2.270641695736308
7459,904.0,17.0,0.275,5.0,2.603923542959059,2.0700488619819923,2.696608216991931,2.1466658622630486
7460,904.0,17.0,0.275,6.0,2.2049910615973807,1.754320644638613,2.2242355436128625,1.7435146450232941
7461,904.0,17.0,0.275,7.0,2.179173750483671,1.722113482581141,2.260754821298249,1.7483327661195804
7462,904.0,17.0,0.3,1.0,4.009171338958363,3.2853179857962913,4.1100728011981635,3.369945476813627
7463,904.0,17.0,0.3,2.0,3.2902870867208946,2.654965128239143,3.3464681736619113,2.7047629217383244
7464,904.0,17.0,0.3,3.0,3.2537853666698235,2.6110680056731264,3.306915266824067,2.626908334692595
7465,904.0,17.0,0.3,4.0,2.638349395429116,2.106906050017912,2.7520149361341915,2.1320188237853617
7466,904.0,17.0,0.3,5.0,2.5177785303881444,1.991079334578561,2.5620191056328303,2.020461778326514
7467,904.0,17.0,0.3,6.0,2.2563179382900733,1.7809473603371733,2.315094497419692,1.797326249509949
7468,904.0,17.0,0.3,7.0,2.3053249047463304,1.8164425428762816,2.4062646759540796,1.8754985277583145
7469,904.0,18.0,0.05,1.0,3.9672205670027827,3.246840363443298,4.058407670385681,3.3284131209313337
7470,904.0,18.0,0.05,2.0,3.7245298562541147,3.0283239911642648,3.795551517321572,3.0811556246514282
7471,904.0,18.0,0.05,3.0,3.0024264041803725,2.4300310104257044,3.086629261997844,2.4891781502468047
7472,904.0,18.0,0.05,4.0,2.5925203923285514,2.0617684798553966,2.6729342746251925,2.138431932610894
7473,904.0,18.0,0.05,5.0,2.3753469369036186,1.901086965088929,2.381039123300124,1.8966293164192385
7474,904.0,18.0,0.05,6.0,2.0907789187524815,1.6499504867319357,2.099226308782586,1.654288573411289
7475,904.0,18.0,0.05,7.0,1.9635776278846142,1.5529244121942793,2.0115768990322653,1.5699810089513007
7476,904.0,18.0,0.075,1.0,3.972467374671454,3.248444089695099,4.0624418891034875,3.3293111494334844
7477,904.0,18.0,0.075,2.0,3.6707249144005965,2.9839677511914555,3.7529544718319547,3.048799843899098
7478,904.0,18.0,0.075,3.0,2.9552945238267605,2.3959840528570204,3.03611740310361,2.4443641201481237
7479,904.0,18.0,0.075,4.0,2.6209804720316456,2.0975585611548255,2.7341379348326065,2.171489546719757
7480,904.0,18.0,0.075,5.0,2.4369354432511954,1.9498324876326405,2.4245422139574018,1.9309492935589958
7481,904.0,18.0,0.075,6.0,2.1316693672015314,1.6724340398368576,2.118729679084925,1.6658331780417102
7482,904.0,18.0,0.075,7.0,1.917003652604696,1.512714125955968,1.9778912753494038,1.5837097054746672
7483,904.0,18.0,0.1,1.0,3.9599309520268307,3.2447641724720064,4.05784438936335,3.3302039684029805
7484,904.0,18.0,0.1,2.0,3.7242637695674436,3.0445337678250803,3.816254248786484,3.107390036794613
7485,904.0,18.0,0.1,3.0,3.1160286999488274,2.505161215775073,3.210817954421788,2.5765521583441777
7486,904.0,18.0,0.1,4.0,2.735446137964723,2.187059294127247,2.811659885291399,2.239080806040567
7487,904.0,18.0,0.1,5.0,2.451013059690178,1.9449556736133782,2.463481676636448,1.9629371466927101
7488,904.0,18.0,0.1,6.0,2.16299722456362,1.68930444801303,2.194651189085532,1.7104836487480395
7489,904.0,18.0,0.1,7.0,1.9721822896190968,1.5561452808609189,2.076460370344552,1.623402651382908
7490,904.0,18.0,0.125,1.0,3.971024312776139,3.2571286642898123,4.068028818469409,3.340093132992863
7491,904.0,18.0,0.125,2.0,3.70281271351653,3.015084461179142,3.764634194809956,3.0538677968378622
7492,904.0,18.0,0.125,3.0,2.9721882003516638,2.3868647652542587,3.0070742108137463,2.4144326983502187
7493,904.0,18.0,0.125,4.0,2.5090068876308584,2.0091706767727042,2.618603499846813,2.085714157089715
7494,904.0,18.0,0.125,5.0,2.4942532580129813,1.9881005015744353,2.5292537159364863,2.0166964403384493
7495,904.0,18.0,0.125,6.0,2.0547616569184433,1.630041116887022,2.120404422877628,1.6692292922460807
7496,904.0,18.0,0.125,7.0,1.9653238021472161,1.5579079729413032,2.044133388186878,1.615508212572734
7497,904.0,18.0,0.15,1.0,3.9762042757227425,3.2559760489880882,4.064324649152766,3.334572337911781
7498,904.0,18.0,0.15,2.0,3.8352702115328263,3.132845308860623,3.894173317613749,3.1669682035373308
7499,904.0,18.0,0.15,3.0,3.065949854293271,2.475485210452286,3.1580120325320102,2.5308498295461
7500,904.0,18.0,0.15,4.0,2.639909170730666,2.119916382259775,2.7518689052615217,2.1803442667154957
7501,904.0,18.0,0.15,5.0,2.735738666016205,2.196921139359579,2.820548467499857,2.2257177405089195
7502,904.0,18.0,0.15,6.0,2.237395247388441,1.7547454098171564,2.2451039647256605,1.7838998739011083
7503,904.0,18.0,0.15,7.0,1.9243802519187079,1.5097336055448627,1.9692161540044213,1.5516518680083455
7504,904.0,18.0,0.175,1.0,3.968443651683034,3.2514409261967687,4.060423274915383,3.333279204850831
7505,904.0,18.0,0.175,2.0,3.7863262315435393,3.093540201240877,3.8624958209653957,3.141144203894878
7506,904.0,18.0,0.175,3.0,3.0680499757078628,2.4725562795186753,3.130992105354959,2.520164325019722
7507,904.0,18.0,0.175,4.0,2.77926773036639,2.2097625845127586,2.889710006694526,2.3097815100878667
7508,904.0,18.0,0.175,5.0,2.6441377087366376,2.101638989686072,2.655468712980224,2.1032377406530913
7509,904.0,18.0,0.175,6.0,2.120709853048184,1.6749408985861842,2.3343931436465937,1.8684896988411774
7510,904.0,18.0,0.175,7.0,2.081484789841425,1.6165593053087965,2.1473234374529317,1.6973159371045308
7511,904.0,18.0,0.2,1.0,3.9987176153210386,3.2730506537305635,4.078155701044551,3.3443021565948445
7512,904.0,18.0,0.2,2.0,3.729867237783814,3.04464747618602,3.7976438222400444,3.0903841311842353
7513,904.0,18.0,0.2,3.0,3.1626834274708875,2.5528312446681705,3.257833849773941,2.62059491234467
7514,904.0,18.0,0.2,4.0,2.8364668609277026,2.282340614795707,2.9269702337509775,2.3521053302551302
7515,904.0,18.0,0.2,5.0,2.6480183613878108,2.1186114649450554,2.649522663359645,2.1190623654983574
7516,904.0,18.0,0.2,6.0,2.443863788199676,1.9579184396899654,2.5210504624328096,2.006918731484727
7517,904.0,18.0,0.2,7.0,2.0691965675953528,1.6061564132030672,2.119918489016132,1.6879328456250429
7518,904.0,18.0,0.225,1.0,4.122241329116945,3.3828994405606787,4.206225661570358,3.4427093186564357
7519,904.0,18.0,0.225,2.0,3.71367855887281,3.0294757138224995,3.779517427896483,3.0818132730008334
7520,904.0,18.0,0.225,3.0,3.302661388933235,2.6579675049188443,3.374191562405303,2.7178742626156818
7521,904.0,18.0,0.225,4.0,2.5465580579076135,2.036494148751952,2.674184678602337,2.1189437698289146
7522,904.0,18.0,0.225,5.0,2.4954521299715613,2.01096445814348,2.5369774662583904,2.0288300757003963
7523,904.0,18.0,0.225,6.0,2.420366026197032,1.926688377660588,2.4036096011828345,1.8991453056748537
7524,904.0,18.0,0.225,7.0,2.155402661556048,1.695185515890399,2.2330835613377915,1.7642204496496197
7525,904.0,18.0,0.25,1.0,3.700554892469323,3.0222153852228804,3.789938807030023,3.1036897000931893
7526,904.0,18.0,0.25,2.0,3.687089223990366,3.013298051465114,3.7632134180997427,3.072591960092025
7527,904.0,18.0,0.25,3.0,3.116374677706836,2.502602317484154,3.2238120640615584,2.5798348997105753
7528,904.0,18.0,0.25,4.0,2.7065457107072968,2.176261654309531,2.8154032403490374,2.2321135359566653
7529,904.0,18.0,0.25,5.0,2.6431842707429465,2.1083204083311706,2.669633360049157,2.140914256611436
7530,904.0,18.0,0.25,6.0,2.441807587924391,1.9545588988061686,2.49507099726672,1.95355670565078
7531,904.0,18.0,0.25,7.0,2.075116834578101,1.648283647503387,2.2166454386372414,1.7337895970920885
7532,904.0,18.0,0.275,1.0,3.971774709910766,3.255270683825234,4.0637782478811575,3.3353174727286086
7533,904.0,18.0,0.275,2.0,4.088028911660428,3.354555047482503,4.144684873868937,3.38536911056277
7534,904.0,18.0,0.275,3.0,3.4897264471464173,2.8403123082937283,3.5544532002859657,2.880798173087755
7535,904.0,18.0,0.275,4.0,2.861881992678139,2.299126596970769,2.927917617305171,2.341477698276432
7536,904.0,18.0,0.275,5.0,2.598775959684319,2.0793102818738927,2.607363756718434,2.0749412067423356
7537,904.0,18.0,0.275,6.0,2.489381753121226,1.93673275873852,2.4843382348634,1.963924643709231
7538,904.0,18.0,0.275,7.0,2.141845641073477,1.6505328082278243,2.2826948753025715,1.7265459708951203
7539,904.0,18.0,0.3,1.0,3.990170639730079,3.2749872031940557,4.083984708041451,3.3560472153224454
7540,904.0,18.0,0.3,2.0,3.676398639561548,3.009590165970496,3.719024297441055,3.0087942498236315
7541,904.0,18.0,0.3,3.0,3.0686269367094066,2.4632304277889725,3.2142622777059486,2.54126688069597
7542,904.0,18.0,0.3,4.0,3.10584551177048,2.474212033208767,3.166163498884466,2.5317825855151077
7543,904.0,18.0,0.3,5.0,2.7128348833932576,2.123481730566908,2.7956457833242427,2.2056336661718428
7544,904.0,18.0,0.3,6.0,2.6934188444892033,2.089075292049685,2.8305127888772037,2.205904181604056
7545,904.0,18.0,0.3,7.0,2.384316958377666,1.8600774942114822,2.5841401183035204,2.0240694224126496
7546,904.0,19.0,0.05,1.0,3.9361944000583784,3.236354899685163,4.061740332914232,3.3375399092127456
7547,904.0,19.0,0.05,2.0,3.7647255772248336,3.070571493494927,3.8473394476982534,3.131834310885238
7548,904.0,19.0,0.05,3.0,3.3072989523833303,2.67499536658293,3.4144978125954992,2.7402387632869294
7549,904.0,19.0,0.05,4.0,3.020445678604898,2.4185105932669253,3.0931194732921474,2.4998155735542507
7550,904.0,19.0,0.05,5.0,2.4895146339899203,1.970854725559349,2.5545563331181653,2.0445200987827143
7551,904.0,19.0,0.05,6.0,2.082090420946958,1.651079339418439,2.1716562852812715,1.721865485454934
7552,904.0,19.0,0.05,7.0,1.9499525004196399,1.5436949843173011,2.1029065002104255,1.6352324879368434
7553,904.0,19.0,0.075,1.0,3.9360537175430443,3.2338243826541158,4.0572456194616295,3.3343748745070796
7554,904.0,19.0,0.075,2.0,3.7652230204682335,3.0725103121739656,3.8453864701193825,3.1313381976804178
7555,904.0,19.0,0.075,3.0,3.4180711039275207,2.7789241249809775,3.516103858605584,2.849925512930029
7556,904.0,19.0,0.075,4.0,2.992018250184886,2.3999743990109246,3.0846891598082933,2.4749589761671196
7557,904.0,19.0,0.075,5.0,2.484281488184136,1.9760572295201901,2.607162402646918,2.07850296753802
7558,904.0,19.0,0.075,6.0,2.0484931948609617,1.6100353180894693,2.188397729038538,1.7173858723501836
7559,904.0,19.0,0.075,7.0,1.9421980635784004,1.5266494128782098,2.0273742625907536,1.5894376431229473
7560,904.0,19.0,0.1,1.0,3.935009906097573,3.235023640782252,4.064484711154675,3.33976497455559
7561,904.0,19.0,0.1,2.0,3.844881756832639,3.1360098753162293,3.914835786647785,3.191454367311735
7562,904.0,19.0,0.1,3.0,3.309342473663351,2.667584014573656,3.429883140336854,2.755180678653237
7563,904.0,19.0,0.1,4.0,2.9479085599194446,2.376668788728332,3.068716975378973,2.4598758650508428
7564,904.0,19.0,0.1,5.0,2.6243515976256364,2.093888484586245,2.731464725110557,2.156355049512577
7565,904.0,19.0,0.1,6.0,2.359251685262225,1.872367177085693,2.4777711882976234,1.9594392015800082
7566,904.0,19.0,0.1,7.0,1.9661544522132814,1.5641081307682243,2.073055001934596,1.6270504348856911
7567,904.0,19.0,0.125,1.0,3.9405647237931163,3.2376611223002616,4.064289370908052,3.3438265997905927
7568,904.0,19.0,0.125,2.0,3.822297351324942,3.1278202597931757,3.895198226617779,3.169707981127184
7569,904.0,19.0,0.125,3.0,3.398201047771376,2.749984808125266,3.5283913057471605,2.8531296798992654
7570,904.0,19.0,0.125,4.0,2.9570450180337375,2.3715359914253606,3.0476352357010312,2.454550651521725
7571,904.0,19.0,0.125,5.0,2.7039141234725466,2.1295267659468724,2.74452861877742,2.193818079321755
7572,904.0,19.0,0.125,6.0,2.3651502790573953,1.8686989165178665,2.45244137325207,1.9194837975520824
7573,904.0,19.0,0.125,7.0,2.0058703016719535,1.5829843591382196,2.219586257173952,1.7168360133352643
7574,904.0,19.0,0.15,1.0,3.950923331943407,3.2457506990769924,4.073095727018948,3.350915635579232
7575,904.0,19.0,0.15,2.0,3.9835882457103886,3.26520384856204,4.055470832359113,3.315384382796796
7576,904.0,19.0,0.15,3.0,3.290759732384001,2.6434563488290377,3.4197827866202863,2.7636549350142303
7577,904.0,19.0,0.15,4.0,2.9887642162230312,2.3806594921526862,3.118437826641773,2.4917559163189797
7578,904.0,19.0,0.15,5.0,2.6547755523039673,2.125220362191935,2.714058324236199,2.154579249497332
7579,904.0,19.0,0.15,6.0,2.27523927880545,1.7985997507357587,2.3316050815476674,1.8423137497959734
7580,904.0,19.0,0.15,7.0,2.041345841671107,1.623237246815915,2.218151715815466,1.72618124751399
7581,904.0,19.0,0.175,1.0,4.044642531056142,3.315521731902135,4.172529463494807,3.4305357077987026
7582,904.0,19.0,0.175,2.0,3.8187496698450674,3.126191460994835,3.882116602335122,3.1755507811724284
7583,904.0,19.0,0.175,3.0,3.554295108044625,2.8850223069561727,3.6471522946877384,2.9392823524910674
7584,904.0,19.0,0.175,4.0,3.2306617745033392,2.6155116689478093,3.2927347155335833,2.649883532000455
7585,904.0,19.0,0.175,5.0,2.7980883371420378,2.209996240716081,2.8581564565966207,2.281106901257502
7586,904.0,19.0,0.175,6.0,2.2665045771821903,1.7874283070873025,2.3113045385447344,1.823605843695092
7587,904.0,19.0,0.175,7.0,2.0075374284392744,1.5785592897783955,2.153503245139947,1.6710157956852436
7588,904.0,19.0,0.2,1.0,3.9827610335077104,3.2702330526521743,4.098306128589795,3.373343886846774
7589,904.0,19.0,0.2,2.0,4.077245961829821,3.353969736646008,4.153957965717932,3.4014213309074286
7590,904.0,19.0,0.2,3.0,3.35469584302012,2.6926709993472357,3.515917654620005,2.8118744466115575
7591,904.0,19.0,0.2,4.0,2.9799672566247435,2.4049576465192097,3.0805455821762635,2.45633432142826
7592,904.0,19.0,0.2,5.0,2.7341026574806286,2.215030047780776,2.8686487081200225,2.2883836973256177
7593,904.0,19.0,0.2,6.0,2.426145944662485,1.9465514701729005,2.54667820193294,1.9877779136607219
7594,904.0,19.0,0.2,7.0,2.215619544344561,1.7491821444694793,2.328955790200206,1.8201970686553646
7595,904.0,19.0,0.225,1.0,4.08633834014771,3.348449841050724,4.188620512220779,3.441426308189128
7596,904.0,19.0,0.225,2.0,4.036954494386115,3.3115088158721475,4.095989166928205,3.3508384987710245
7597,904.0,19.0,0.225,3.0,3.28283168604203,2.6452667266282592,3.3618892114272105,2.706170981614116
7598,904.0,19.0,0.225,4.0,3.0922462316161066,2.485544931532205,3.107864223183622,2.4924174124070033
7599,904.0,19.0,0.225,5.0,2.7492729861045975,2.203038139506566,2.8410150426842193,2.2606075236013705
7600,904.0,19.0,0.225,6.0,2.4427031519362705,1.9467966112107924,2.511254354866911,2.017462429321535
7601,904.0,19.0,0.225,7.0,2.2370670632752034,1.7760541395604261,2.259471060999195,1.7778878398264268
7602,904.0,19.0,0.25,1.0,4.025909033648024,3.3020322539718725,4.133172313714855,3.4010535160150326
7603,904.0,19.0,0.25,2.0,4.156013015641426,3.40403438905786,4.2890087609081675,3.50579150896184
7604,904.0,19.0,0.25,3.0,3.685714949737759,2.9995395302277474,3.816081175670272,3.0906659644510763
7605,904.0,19.0,0.25,4.0,2.843254137756629,2.272973207892601,2.9655373125033213,2.352161049901182
7606,904.0,19.0,0.25,5.0,3.0289634692954244,2.4225067066953305,3.150018813144294,2.4724021175648723
7607,904.0,19.0,0.25,6.0,2.6823562309885776,2.13613295198029,2.7185475799601235,2.1137085796825867
7608,904.0,19.0,0.25,7.0,2.1387525811873602,1.6853540333590231,2.343884770734749,1.8375023811682065
7609,904.0,19.0,0.275,1.0,4.003441642473347,3.2870734367128045,4.1178871011396625,3.388236490438958
7610,904.0,19.0,0.275,2.0,3.9418857801715,3.224917554769498,4.014873481899035,3.3010204397888745
7611,904.0,19.0,0.275,3.0,3.393440620412536,2.748000977305735,3.6248061515722045,2.9046465761472593
7612,904.0,19.0,0.275,4.0,3.1047627992569375,2.4831472767679315,3.0918580372019893,2.4670571053457517
7613,904.0,19.0,0.275,5.0,2.801911295180103,2.225022904928077,2.9466783399742207,2.3673078874623243
7614,904.0,19.0,0.275,6.0,2.65410496438481,2.137886014125343,2.7928135548737156,2.2121496578993782
7615,904.0,19.0,0.275,7.0,2.2666463994687454,1.8047703958173755,2.3800675940093554,1.8942292518313693
7616,904.0,19.0,0.3,1.0,4.018588681389843,3.298280786122623,4.137475066419164,3.4057399045279473
7617,904.0,19.0,0.3,2.0,3.699393951170854,3.0054219563418494,3.754375995886395,3.040553062875596
7618,904.0,19.0,0.3,3.0,3.6552759146227607,2.9701771649586446,3.731570562616921,3.008641702624881
7619,904.0,19.0,0.3,4.0,3.26638314014292,2.6170682208344753,3.337091508388976,2.65696253635804
7620,904.0,19.0,0.3,5.0,2.9555860841928108,2.3364745323483214,3.1131137851564588,2.4542011417737877
7621,904.0,19.0,0.3,6.0,2.8244690141220086,2.2279188329367963,2.9233212419748846,2.274357603653904
7622,904.0,19.0,0.3,7.0,2.4402398471206928,1.9177017659011608,2.515132364415982,1.9684352772356954
7623,904.0,20.0,0.05,1.0,3.9329452073715556,3.232946129204424,4.0732018474230145,3.351466831752756
7624,904.0,20.0,0.05,2.0,3.913402391024104,3.209315457847938,3.989239067266969,3.2596449875306743
7625,904.0,20.0,0.05,3.0,3.3907667068570357,2.7454988015055006,3.534025643326772,2.8591193737125558
7626,904.0,20.0,0.05,4.0,3.133017548516493,2.5301618765626754,3.222316867002996,2.5966705295714565
7627,904.0,20.0,0.05,5.0,2.7013987192081834,2.1581162867821186,2.757571252049063,2.2186864063934384
7628,904.0,20.0,0.05,6.0,2.2338353226186047,1.7803236726155196,2.344943504067579,1.860346856414229
7629,904.0,20.0,0.05,7.0,2.0160266404929583,1.5925290557308163,2.1612957223097444,1.705212130534764
7630,904.0,20.0,0.075,1.0,3.940886586034705,3.2418488760264204,4.079442433688345,3.3549278304479304
7631,904.0,20.0,0.075,2.0,4.010468133444445,3.2873217026546837,4.063722397480817,3.321488452324942
7632,904.0,20.0,0.075,3.0,3.6062883334508196,2.915870021797087,3.73305019888146,3.0150509869296034
7633,904.0,20.0,0.075,4.0,3.052239889364397,2.4618686787733917,3.194289067546958,2.5639526359838065
7634,904.0,20.0,0.075,5.0,2.750632493166422,2.180423963648827,2.79236574843397,2.2134035044182774
7635,904.0,20.0,0.075,6.0,2.430865286146869,1.9216317450985148,2.4511593004484045,1.9461289248282847
7636,904.0,20.0,0.075,7.0,2.0841548715343143,1.656549763558107,2.1834637952473064,1.7272608711987856
7637,904.0,20.0,0.1,1.0,3.9405295284559787,3.24306582611212,4.088917439232942,3.366369540495263
7638,904.0,20.0,0.1,2.0,3.9032038951526125,3.1992579023663614,3.972418463336706,3.2445131817425925
7639,904.0,20.0,0.1,3.0,3.596164220602939,2.9118650643875434,3.670796665533051,2.971882647940532
7640,904.0,20.0,0.1,4.0,3.242732332187089,2.6035048173806445,3.3113201914114025,2.6607661377773475
7641,904.0,20.0,0.1,5.0,2.774957496036579,2.2127739795638734,2.9094072992568423,2.347685251921584
7642,904.0,20.0,0.1,6.0,2.4576260729004153,1.9477675569692279,2.5272190653543984,2.0004035844666617
7643,904.0,20.0,0.1,7.0,2.1708666569552597,1.6997579132356095,2.274027263285268,1.7885567950973806
7644,904.0,20.0,0.125,1.0,3.9515725566070703,3.2510710923945783,4.090802861470576,3.3673521374050472
7645,904.0,20.0,0.125,2.0,4.077734818514278,3.3488022547937075,4.126816293559182,3.366856003811814
7646,904.0,20.0,0.125,3.0,3.8141632245632087,3.1030293546273753,3.908057496460028,3.1637052433652992
7647,904.0,20.0,0.125,4.0,3.1009393879474665,2.4815039738162303,3.2156429776102478,2.586624307240535
7648,904.0,20.0,0.125,5.0,2.7823260300639183,2.183645295789121,2.899529055928354,2.307477875948851
7649,904.0,20.0,0.125,6.0,2.5369530818584076,1.99719505538046,2.6192102456663853,2.075123576297761
7650,904.0,20.0,0.125,7.0,2.12557014105224,1.6796391410083797,2.280971759506611,1.785089933770775
7651,904.0,20.0,0.15,1.0,3.953734283355084,3.2559574859572287,4.102075058749534,3.3780814051046675
7652,904.0,20.0,0.15,2.0,3.849267097026453,3.149382044306738,3.9129331856258034,3.182031623797134
7653,904.0,20.0,0.15,3.0,3.554082186269739,2.8841342470055285,3.698083495160533,3.0209813112135624
7654,904.0,20.0,0.15,4.0,3.1444904111420113,2.5074854093542562,3.2566183249762366,2.633481850224432
7655,904.0,20.0,0.15,5.0,2.9759906938039915,2.3741189534006937,3.079532871898235,2.446743079431014
7656,904.0,20.0,0.15,6.0,2.5203390584219623,2.0141525150720843,2.532083194610068,2.0252479755789525
7657,904.0,20.0,0.15,7.0,2.2882960134004273,1.7941117689373856,2.4253264945940085,1.899891317310516
7658,904.0,20.0,0.175,1.0,4.027454031108621,3.3018760990703626,4.150556424022637,3.409719569280555
7659,904.0,20.0,0.175,2.0,4.036466020085084,3.3235219350329697,4.1308126124223525,3.38128276646124
7660,904.0,20.0,0.175,3.0,3.767285391200018,3.0632020373940523,3.8290124228162017,3.0980405062878758
7661,904.0,20.0,0.175,4.0,3.4802919937443937,2.7788350267633546,3.6305141421059495,2.894192515986254
7662,904.0,20.0,0.175,5.0,2.881345161483402,2.2967348004568295,2.9672826428053343,2.3823991467179884
7663,904.0,20.0,0.175,6.0,2.351828382540063,1.8764256398969115,2.429791093500521,1.9203852220598787
7664,904.0,20.0,0.175,7.0,2.232873127213608,1.760706473786191,2.382002792486799,1.8397492441122183
7665,904.0,20.0,0.2,1.0,3.969720137934565,3.2706346850700534,4.12117821196693,3.3895825736945113
7666,904.0,20.0,0.2,2.0,4.159269296699983,3.4104805312446578,4.2209042179345735,3.449436333238314
7667,904.0,20.0,0.2,3.0,3.670372032582724,2.992754846705947,3.7895013759792127,3.0920405881153585
7668,904.0,20.0,0.2,4.0,3.337268221599779,2.660855325314993,3.49610225189782,2.794717684937702
7669,904.0,20.0,0.2,5.0,3.151608232524506,2.521561814108362,3.2316806370873437,2.5663417556634807
7670,904.0,20.0,0.2,6.0,2.726922753639684,2.1755737307208434,2.8750306675418225,2.245375216865185
7671,904.0,20.0,0.2,7.0,2.1785705114544816,1.7025564077365694,2.221141404547148,1.754809996854149
7672,904.0,20.0,0.225,1.0,4.015571886556019,3.2967684714077796,4.177273933423379,3.440515922583513
7673,904.0,20.0,0.225,2.0,4.089716139425392,3.358526189549163,4.188568715191401,3.43300607701887
7674,904.0,20.0,0.225,3.0,3.504591660671373,2.8230225709410814,3.6875287340016167,2.9614653123706374
7675,904.0,20.0,0.225,4.0,3.108858478249317,2.503548630733688,3.213286807677357,2.565015565046445
7676,904.0,20.0,0.225,5.0,2.7931322529570464,2.217484627356684,2.7634849627264946,2.197054940287958
7677,904.0,20.0,0.225,6.0,2.509685274278093,2.02048924597136,2.514117795267203,1.9961709274265753
7678,904.0,20.0,0.225,7.0,2.174137942613043,1.7143352860852794,2.3017911958688932,1.8082441853698419
7679,904.0,20.0,0.25,1.0,4.0548805255348075,3.321723235248591,4.202540316349091,3.4548481602130496
7680,904.0,20.0,0.25,2.0,4.05783746695393,3.3399483672326795,4.137567631150363,3.391802310571885
7681,904.0,20.0,0.25,3.0,4.1118204987359945,3.3433784897564967,4.162470938378454,3.387208462077856
7682,904.0,20.0,0.25,4.0,3.3914027755918124,2.6973698919102147,3.5699203213582775,2.8079307186732576
7683,904.0,20.0,0.25,5.0,3.046893252185289,2.402142317269788,3.109868316848699,2.4443646439266193
7684,904.0,20.0,0.25,6.0,2.724760374050975,2.1496698348346572,2.7676200070912222,2.1844967311710115
7685,904.0,20.0,0.25,7.0,2.3062343716765565,1.7976979655512841,2.2941461814016733,1.7921026011267462
7686,904.0,20.0,0.275,1.0,4.036231545994746,3.3205293476359765,4.192737935924899,3.4491522564451094
7687,904.0,20.0,0.275,2.0,4.422414951226082,3.6228610508133925,4.534458425267417,3.7080772463399136
7688,904.0,20.0,0.275,3.0,3.9684676075926304,3.2127474569499848,4.131906696298871,3.331290561635234
7689,904.0,20.0,0.275,4.0,3.437222515612413,2.7515462695218686,3.5356569278634873,2.8115951004391193
7690,904.0,20.0,0.275,5.0,3.3179393402466713,2.600050649964831,3.4887013368176634,2.72711362622122
7691,904.0,20.0,0.275,6.0,2.866438832794013,2.3299354220666872,2.825809768784291,2.2196075525574024
7692,904.0,20.0,0.275,7.0,2.539413103871045,1.9663565789317123,2.560923641351146,2.0252117145933393
7693,904.0,20.0,0.3,1.0,4.133245839844451,3.3839691466561526,4.2668309097003005,3.5092676830354548
7694,904.0,20.0,0.3,2.0,4.056767438373446,3.330917734174766,4.160387832400557,3.4050710149056473
7695,904.0,20.0,0.3,3.0,3.8574760771066896,3.151539530609105,3.967680669212087,3.1950562351134857
7696,904.0,20.0,0.3,4.0,3.767473801136041,2.9929977857997527,3.927961004651337,3.171706029299813
7697,904.0,20.0,0.3,5.0,3.2261089828673337,2.5206655527756308,3.400714864834687,2.6317197125064076
7698,904.0,20.0,0.3,6.0,2.6682356873429462,2.0920209154864833,2.7393821573716988,2.1353575953130024
7699,904.0,20.0,0.3,7.0,2.3996029200095426,1.851069331049647,2.534455132704438,1.957008817363599
