seed,learning_rate,dropout,d_main,num_blocks,val_rmse_scaled,val_mae_scaled,val_rmse_raw,val_mae_raw,test_rmse_scaled,test_mae_scaled,test_rmse_raw,test_mae_raw
860.0,0.001,0.0,64.0,2.0,0.49311521649360657,0.39939644932746887,3.7791593074798584,3.0609130859375,0.5675190091133118,0.4611120820045471,4.3493781089782715,3.5338921546936035
860.0,0.001,0.0,64.0,4.0,0.5195125341415405,0.4100658893585205,3.9814646244049072,3.142681837081909,0.5652804374694824,0.467997670173645,4.3322224617004395,3.5866622924804688
860.0,0.001,0.0,256.0,2.0,0.5417921543121338,0.44940805435180664,4.152212619781494,3.4441945552825928,0.5697739720344543,0.47679728269577026,4.366660118103027,3.6541004180908203
860.0,0.001,0.0,256.0,4.0,0.637910783290863,0.48915135860443115,4.888850688934326,3.748781681060791,0.6748307943344116,0.5225099325180054,5.171799182891846,4.0044355392456055
860.0,0.001,0.1,64.0,2.0,0.5047138929367065,0.4037560224533081,3.8680500984191895,3.0943241119384766,0.548833429813385,0.444551020860672,4.206175804138184,3.4069716930389404
860.0,0.001,0.1,64.0,4.0,0.5123696327209473,0.42022258043289185,3.926722288131714,3.2205209732055664,0.5751588940620422,0.47797197103500366,4.40792989730835,3.6631038188934326
860.0,0.001,0.1,256.0,2.0,0.5119788646697998,0.39910662174224854,3.92372727394104,3.0586917400360107,0.5923592448234558,0.47092628479003906,4.539750576019287,3.6091067790985107
860.0,0.001,0.1,256.0,4.0,0.5051436424255371,0.4057028889656067,3.8713433742523193,3.1092445850372314,0.5846382975578308,0.4777621030807495,4.480578899383545,3.6614956855773926
860.0,0.0005,0.0,64.0,2.0,0.5031652450561523,0.40334320068359375,3.8561811447143555,3.0911598205566406,0.55037522315979,0.45566004514694214,4.217991352081299,3.4921092987060547
860.0,0.0005,0.0,64.0,4.0,0.523857831954956,0.42470574378967285,4.014765739440918,3.2548794746398926,0.61510169506073,0.5006502270698547,4.714044570922852,3.8369064331054688
860.0,0.0005,0.0,256.0,2.0,0.5018505454063416,0.4154849052429199,3.8461050987243652,3.1842122077941895,0.5725391507148743,0.47850874066352844,4.387852191925049,3.66721773147583
860.0,0.0005,0.0,256.0,4.0,0.5246368646621704,0.4166436195373535,4.0207366943359375,3.1930928230285645,0.5687440633773804,0.4612101912498474,4.358766555786133,3.5346436500549316
860.0,0.0005,0.1,64.0,2.0,0.4875032901763916,0.39821749925613403,3.7361505031585693,3.051877498626709,0.578658401966095,0.47708895802497864,4.434749126434326,3.656336784362793
860.0,0.0005,0.1,64.0,4.0,0.49922269582748413,0.4142472743988037,3.825967311859131,3.174727439880371,0.5584670305252075,0.44317328929901123,4.280005931854248,3.3964123725891113
860.0,0.0005,0.1,256.0,2.0,0.5530752539634705,0.45349442958831787,4.23868465423584,3.4755115509033203,0.5908527374267578,0.49485889077186584,4.528204917907715,3.79252290725708
860.0,0.0005,0.1,256.0,4.0,0.5077678561210632,0.41464483737945557,3.8914551734924316,3.177774429321289,0.567945122718811,0.4594249129295349,4.352644920349121,3.5209622383117676
860.0,0.0001,0.0,64.0,2.0,0.49507519602775574,0.4069674015045166,3.794180393218994,3.1189355850219727,0.5671563744544983,0.46321016550064087,4.3465986251831055,3.549971103668213
860.0,0.0001,0.0,64.0,4.0,0.5036280155181885,0.4011477828025818,3.859727621078491,3.0743348598480225,0.5619882941246033,0.4584541916847229,4.306992053985596,3.5135226249694824
860.0,0.0001,0.0,256.0,2.0,0.5041232109069824,0.40359020233154297,3.863523483276367,3.093052864074707,0.5746054649353027,0.46951550245285034,4.403687953948975,3.598294734954834
860.0,0.0001,0.0,256.0,4.0,0.5056644082069397,0.4209165573120117,3.8753347396850586,3.2258400917053223,0.5628911852836609,0.46050673723220825,4.3139119148254395,3.5292534828186035
860.0,0.0001,0.1,64.0,2.0,0.49714869260787964,0.41032230854034424,3.8100712299346924,3.144646644592285,0.539591908454895,0.44514337182044983,4.135350227355957,3.411510467529297
860.0,0.0001,0.1,64.0,4.0,0.537674605846405,0.4426650404930115,4.1206560134887695,3.39251708984375,0.5721260905265808,0.4626377820968628,4.384686470031738,3.5455846786499023
860.0,0.0001,0.1,256.0,2.0,0.5045434832572937,0.41989201307296753,3.8667428493499756,3.217987298965454,0.5512171387672424,0.4504048824310303,4.224443435668945,3.4518344402313232
860.0,0.0001,0.1,256.0,4.0,0.5246689319610596,0.4332342743873596,4.020982265472412,3.3202409744262695,0.5453104972839355,0.45103272795677185,4.179175853729248,3.456645965576172
861.0,0.001,0.0,64.0,2.0,0.5034095644950867,0.4135501980781555,3.8704490661621094,3.179567575454712,0.5053786635398865,0.4177500903606415,3.8855888843536377,3.211859703063965
861.0,0.001,0.0,64.0,4.0,0.49080726504325867,0.4036199450492859,3.77355694770813,3.103219747543335,0.5366542935371399,0.43393102288246155,4.1260504722595215,3.336265802383423
861.0,0.001,0.0,256.0,2.0,0.5150076746940613,0.42024368047714233,3.959620952606201,3.2310309410095215,0.5613511800765991,0.44793736934661865,4.315932750701904,3.4439537525177
861.0,0.001,0.0,256.0,4.0,0.542118489742279,0.4357602596282959,4.168061256408691,3.3503293991088867,0.5575428009033203,0.43991681933403015,4.286650657653809,3.3822875022888184
861.0,0.001,0.1,64.0,2.0,0.5074974894523621,0.41387274861335754,3.901878833770752,3.1820478439331055,0.4848484992980957,0.3986271619796753,3.727743625640869,3.064832925796509
861.0,0.001,0.1,64.0,4.0,0.4928009808063507,0.40134167671203613,3.7888851165771484,3.085702896118164,0.49886059761047363,0.41095808148384094,3.8354737758636475,3.1596381664276123
861.0,0.001,0.1,256.0,2.0,0.504006564617157,0.4113536775112152,3.8750391006469727,3.1626803874969482,0.5340002179145813,0.4423501491546631,4.105644702911377,3.4009957313537598
861.0,0.001,0.1,256.0,4.0,0.5018531084060669,0.41131657361984253,3.8584821224212646,3.1623950004577637,0.529612123966217,0.41849035024642944,4.071907043457031,3.217550754547119
861.0,0.0005,0.0,64.0,2.0,0.4936909079551697,0.40372058749198914,3.7957277297973633,3.1039934158325195,0.5050843358039856,0.4068447947502136,3.8833253383636475,3.1280136108398438
861.0,0.0005,0.0,64.0,4.0,0.5146595239639282,0.4307115077972412,3.956944227218628,3.3115122318267822,0.5298545360565186,0.434220552444458,4.073770523071289,3.3384909629821777
861.0,0.0005,0.0,256.0,2.0,0.5419803261756897,0.44323018193244934,4.1670002937316895,3.407762050628662,0.571434736251831,0.46876269578933716,4.393458843231201,3.604067325592041
861.0,0.0005,0.0,256.0,4.0,0.5023288130760193,0.41484224796295166,3.862140417098999,3.189502239227295,0.5280466675758362,0.4301753342151642,4.05987024307251,3.307389736175537
861.0,0.0005,0.1,64.0,2.0,0.49284642934799194,0.40585505962371826,3.7892348766326904,3.12040376663208,0.5166677236557007,0.4099186658859253,3.972383975982666,3.1516470909118652
861.0,0.0005,0.1,64.0,4.0,0.5023936629295349,0.4192941188812256,3.8626389503479004,3.2237298488616943,0.4981813132762909,0.40915948152542114,3.830251693725586,3.145810127258301
861.0,0.0005,0.1,256.0,2.0,0.5207609534263611,0.41718870401382446,4.003855228424072,3.2075424194335938,0.5163309574127197,0.42650216817855835,3.969794988632202,3.279148817062378
861.0,0.0005,0.1,256.0,4.0,0.5376138091087341,0.42757752537727356,4.133427619934082,3.287417411804199,0.4921949505805969,0.39551669359207153,3.7842257022857666,3.0409181118011475
861.0,0.0001,0.0,64.0,2.0,0.5015271902084351,0.4195474088191986,3.8559770584106445,3.225677967071533,0.5135926604270935,0.423326313495636,3.9487414360046387,3.2547316551208496
861.0,0.0001,0.0,64.0,4.0,0.5080253481864929,0.42537569999694824,3.905937910079956,3.2704885005950928,0.5136831402778625,0.417471706867218,3.949437141418457,3.209718704223633
861.0,0.0001,0.0,256.0,2.0,0.5318797826766968,0.42113280296325684,4.089341640472412,3.2378668785095215,0.5192597508430481,0.4180947244167328,3.9923131465911865,3.214508533477783
861.0,0.0001,0.0,256.0,4.0,0.5130252838134766,0.4189746379852295,3.9443793296813965,3.221273899078369,0.5412713885307312,0.4394524097442627,4.161548614501953,3.378716468811035
861.0,0.0001,0.1,64.0,2.0,0.4966474771499634,0.4035577178001404,3.8184597492218018,3.1027414798736572,0.5011879801750183,0.4048950672149658,3.853368043899536,3.113023042678833
861.0,0.0001,0.1,64.0,4.0,0.47714701294898987,0.40265077352523804,3.668530225753784,3.0957677364349365,0.48949649930000305,0.38934576511383057,3.763479232788086,2.9934730529785156
861.0,0.0001,0.1,256.0,2.0,0.5354971885681152,0.44350704550743103,4.117154598236084,3.409891128540039,0.5652174949645996,0.4514182209968567,4.345656871795654,3.470715045928955
861.0,0.0001,0.1,256.0,4.0,0.5525254011154175,0.45748668909072876,4.248074531555176,3.5173726081848145,0.5337461233139038,0.43211278319358826,4.103691101074219,3.3222861289978027
862.0,0.001,0.0,64.0,2.0,0.5427370071411133,0.4487014412879944,4.304292678833008,3.558523178100586,0.5420359373092651,0.4593724012374878,4.298732757568359,3.6431517601013184
862.0,0.001,0.0,64.0,4.0,0.5526508688926697,0.43810898065567017,4.3829169273376465,3.474517583847046,0.5363360643386841,0.4397287368774414,4.253528594970703,3.487363576889038
862.0,0.001,0.0,256.0,2.0,0.5615867972373962,0.4538343846797943,4.453784942626953,3.599231243133545,0.5646799802780151,0.45539700984954834,4.478316783905029,3.6116244792938232
862.0,0.001,0.0,256.0,4.0,0.5676414966583252,0.46536216139793396,4.501802921295166,3.6906542778015137,0.5364764332771301,0.4393167793750763,4.254641532897949,3.4840965270996094
862.0,0.001,0.1,64.0,2.0,0.5470438003540039,0.4442799687385559,4.338448524475098,3.5234575271606445,0.5335214734077454,0.4289185404777527,4.231206893920898,3.401630401611328
862.0,0.001,0.1,64.0,4.0,0.5423984527587891,0.4136661887168884,4.301607131958008,3.280667781829834,0.5165957808494568,0.41074228286743164,4.096975326538086,3.2574806213378906
862.0,0.001,0.1,256.0,2.0,0.5467759966850281,0.4434504508972168,4.336324691772461,3.516879081726074,0.5016450881958008,0.4059634804725647,3.9784038066864014,3.2195804119110107
862.0,0.001,0.1,256.0,4.0,0.577975869178772,0.46302247047424316,4.583761692047119,3.6720988750457764,0.549923837184906,0.42444685101509094,4.361289024353027,3.3661673069000244
862.0,0.0005,0.0,64.0,2.0,0.5458199977874756,0.4413507282733917,4.3287434577941895,3.500227451324463,0.5385926961898804,0.4493129849433899,4.271425724029541,3.563373565673828
862.0,0.0005,0.0,64.0,4.0,0.5491377711296082,0.44819876551628113,4.355055809020996,3.5545365810394287,0.5637698769569397,0.46539750695228577,4.47109842300415,3.690934896469116
862.0,0.0005,0.0,256.0,2.0,0.6330327987670898,0.5156654119491577,5.020402908325195,4.089594841003418,0.5035757422447205,0.41644465923309326,3.993716239929199,3.3027048110961914
862.0,0.0005,0.0,256.0,4.0,0.571707546710968,0.4421902298927307,4.5340495109558105,3.506885051727295,0.5766875147819519,0.459786593914032,4.573544025421143,3.6464362144470215
862.0,0.0005,0.1,64.0,2.0,0.5487803220748901,0.4384617805480957,4.35222053527832,3.4773154258728027,0.5247527360916138,0.43271970748901367,4.1616644859313965,3.431777000427246
862.0,0.0005,0.1,64.0,4.0,0.5232234597206116,0.430942177772522,4.1495361328125,3.4176793098449707,0.5189813375473022,0.43822169303894043,4.1158928871154785,3.4754114151000977
862.0,0.0005,0.1,256.0,2.0,0.5481459498405457,0.4571082592010498,4.347189426422119,3.6251955032348633,0.5887396335601807,0.4907076954841614,4.669126987457275,3.8916635513305664
862.0,0.0005,0.1,256.0,4.0,0.5545898079872131,0.4585335850715637,4.398294925689697,3.6364998817443848,0.5151693224906921,0.41128742694854736,4.0856614112854,3.26180362701416
862.0,0.0001,0.0,64.0,2.0,0.5363695025444031,0.4250510632991791,4.253793716430664,3.3709583282470703,0.5130529403686523,0.4235519766807556,4.068876266479492,3.359070301055908
862.0,0.0001,0.0,64.0,4.0,0.5564676523208618,0.43720847368240356,4.413186550140381,3.4673757553100586,0.5336412191390991,0.4313924014568329,4.232156753540039,3.421250104904175
862.0,0.0001,0.0,256.0,2.0,0.55866539478302,0.4484155774116516,4.43061637878418,3.5562567710876465,0.5116692185401917,0.41604626178741455,4.057903289794922,3.299544334411621
862.0,0.0001,0.0,256.0,4.0,0.5670252442359924,0.46384894847869873,4.496915340423584,3.6786537170410156,0.5254397988319397,0.4336058497428894,4.167113304138184,3.4388036727905273
862.0,0.0001,0.1,64.0,2.0,0.5238301157951355,0.413779616355896,4.154347896575928,3.2815682888031006,0.511931836605072,0.4060702919960022,4.059985637664795,3.220427989959717
862.0,0.0001,0.1,64.0,4.0,0.5457972288131714,0.4494851231575012,4.328562259674072,3.5647382736206055,0.5141378045082092,0.40840184688568115,4.077480316162109,3.2389187812805176
862.0,0.0001,0.1,256.0,2.0,0.5445313453674316,0.4536915421485901,4.318523406982422,3.5980992317199707,0.5255091786384583,0.43356382846832275,4.16766357421875,3.4384708404541016
862.0,0.0001,0.1,256.0,4.0,0.5567641258239746,0.454225093126297,4.415537357330322,3.602329730987549,0.49304133653640747,0.4104503095149994,3.910170793533325,3.2551651000976562
863.0,0.001,0.0,64.0,2.0,0.4181017279624939,0.3493361175060272,3.2888569831848145,2.7479352951049805,0.6072393655776978,0.4972115755081177,4.776646614074707,3.9111499786376953
863.0,0.001,0.0,64.0,4.0,0.40379294753074646,0.3295321464538574,3.176302909851074,2.5921552181243896,0.6125509738922119,0.5022752285003662,4.818428039550781,3.9509811401367188
863.0,0.001,0.0,256.0,2.0,0.45583122968673706,0.3748064339160919,3.585644245147705,2.9482898712158203,0.6172831058502197,0.5021133422851562,4.855652809143066,3.9497084617614746
863.0,0.001,0.0,256.0,4.0,0.47856274247169495,0.3933902382850647,3.7644543647766113,3.094472885131836,0.6067979335784912,0.48880720138549805,4.7731733322143555,3.845038890838623
863.0,0.001,0.1,64.0,2.0,0.42582497000694275,0.3476606607437134,3.349609851837158,2.7347564697265625,0.600545346736908,0.5004632472991943,4.7239909172058105,3.936728000640869
863.0,0.001,0.1,64.0,4.0,0.4298079013824463,0.3595559000968933,3.3809406757354736,2.82832670211792,0.5793343782424927,0.48092472553253174,4.557140827178955,3.783034324645996
863.0,0.001,0.1,256.0,2.0,0.41531088948249817,0.33934468030929565,3.2669055461883545,2.669342517852783,0.6348443031311035,0.5136428475379944,4.993791580200195,4.040400981903076
863.0,0.001,0.1,256.0,4.0,0.48375993967056274,0.40163594484329224,3.8053364753723145,3.1593356132507324,0.5820906758308411,0.47276607155799866,4.578822135925293,3.7188568115234375
863.0,0.0005,0.0,64.0,2.0,0.4524662494659424,0.37988537549972534,3.5591747760772705,2.988241672515869,0.6002874374389648,0.4959791898727417,4.721961498260498,3.9014554023742676
863.0,0.0005,0.0,64.0,4.0,0.4403036832809448,0.36544016003608704,3.4635019302368164,2.874613046646118,0.6083050966262817,0.4991515278816223,4.785029888153076,3.9264097213745117
863.0,0.0005,0.0,256.0,2.0,0.4522106349468231,0.3877759873867035,3.5571651458740234,3.05031156539917,0.6415159106254578,0.5273741483688354,5.046271324157715,4.14841365814209
863.0,0.0005,0.0,256.0,4.0,0.4513475000858307,0.36770012974739075,3.550374746322632,2.8923909664154053,0.5805709362030029,0.487652063369751,4.566867828369141,3.8359527587890625
863.0,0.0005,0.1,64.0,2.0,0.4318806827068329,0.35851791501045227,3.3972458839416504,2.820162057876587,0.5969997644424438,0.49661266803741455,4.696100234985352,3.9064388275146484
863.0,0.0005,0.1,64.0,4.0,0.43279558420181274,0.3648821711540222,3.4044418334960938,2.8702239990234375,0.6030827164649963,0.49828726053237915,4.743950366973877,3.9196109771728516
863.0,0.0005,0.1,256.0,2.0,0.45260077714920044,0.3796103000640869,3.5602331161499023,2.9860782623291016,0.5737755298614502,0.4860307574272156,4.5134148597717285,3.823199987411499
863.0,0.0005,0.1,256.0,4.0,0.4622454345226288,0.3924391567707062,3.6360998153686523,3.0869922637939453,0.6383510231971741,0.5245265960693359,5.02137565612793,4.12601375579834
863.0,0.0001,0.0,64.0,2.0,0.4383586645126343,0.36070725321769714,3.4482028484344482,2.83738374710083,0.590717613697052,0.4895586669445038,4.646683692932129,3.8509507179260254
863.0,0.0001,0.0,64.0,4.0,0.440329909324646,0.3624460697174072,3.4637084007263184,2.8510613441467285,0.6059442162513733,0.5100905299186707,4.766458988189697,4.012457847595215
863.0,0.0001,0.0,256.0,2.0,0.4521160125732422,0.3768720328807831,3.556419610977173,2.964538097381592,0.5971919298171997,0.5019859075546265,4.6976118087768555,3.9487056732177734
863.0,0.0001,0.0,256.0,4.0,0.4831663966178894,0.39859628677368164,3.8006675243377686,3.1354246139526367,0.5977544188499451,0.5043197870254517,4.702036380767822,3.967064142227173
863.0,0.0001,0.1,64.0,2.0,0.4312487840652466,0.35510003566741943,3.3922746181488037,2.793276071548462,0.5868792533874512,0.4807581901550293,4.616490364074707,3.781724452972412
863.0,0.0001,0.1,64.0,4.0,0.4309634566307068,0.35331156849861145,3.3900303840637207,2.779208183288574,0.5987339019775391,0.512151837348938,4.70974063873291,4.028671741485596
863.0,0.0001,0.1,256.0,2.0,0.4232291877269745,0.35236799716949463,3.329190969467163,2.771785259246826,0.6167608499526978,0.5070759057998657,4.85154390335083,3.988743782043457
863.0,0.0001,0.1,256.0,4.0,0.4255041778087616,0.3504987359046936,3.3470876216888428,2.757081985473633,0.5845135450363159,0.49094605445861816,4.597881317138672,3.8618645668029785
864.0,0.001,0.0,64.0,2.0,0.5260570049285889,0.3974384665489197,4.090173244476318,3.0901448726654053,0.5909053087234497,0.47656920552253723,4.594379901885986,3.7053985595703125
864.0,0.001,0.0,64.0,4.0,0.5272056460380554,0.42189690470695496,4.099104404449463,3.280313491821289,0.6187979578971863,0.5148701667785645,4.811248779296875,4.0031938552856445
864.0,0.001,0.0,256.0,2.0,0.5316944718360901,0.43869659304618835,4.134006023406982,3.410933494567871,0.6002452373504639,0.5038728713989258,4.666998386383057,3.9176883697509766
864.0,0.001,0.0,256.0,4.0,0.5363765358924866,0.4388389587402344,4.170409679412842,3.4120397567749023,0.6100353598594666,0.5183342695236206,4.7431182861328125,4.030128002166748
864.0,0.001,0.1,64.0,2.0,0.5254141688346863,0.4161369204521179,4.08517599105835,3.2355284690856934,0.5830222964286804,0.48073768615722656,4.533088207244873,3.737809658050537
864.0,0.001,0.1,64.0,4.0,0.5126137137413025,0.39816442131996155,3.9856510162353516,3.095789909362793,0.6177417635917664,0.5161910653114319,4.803037166595459,4.013463973999023
864.0,0.001,0.1,256.0,2.0,0.5548555254936218,0.45138031244277954,4.3140869140625,3.5095510482788086,0.5958952903747559,0.46098941564559937,4.633177757263184,3.5842630863189697
864.0,0.001,0.1,256.0,4.0,0.5512088537216187,0.43427157402038574,4.285734176635742,3.376528739929199,0.5768423080444336,0.46536436676979065,4.485037803649902,3.6182799339294434
864.0,0.0005,0.0,64.0,2.0,0.5440816879272461,0.42182302474975586,4.230318546295166,3.279738426208496,0.5858626365661621,0.47121065855026245,4.555171012878418,3.6637349128723145
864.0,0.0005,0.0,64.0,4.0,0.5461105704307556,0.43594327569007874,4.246093273162842,3.389525890350342,0.5955613255500793,0.4924343526363373,4.630581378936768,3.8287529945373535
864.0,0.0005,0.0,256.0,2.0,0.5487123131752014,0.43653470277786255,4.266322135925293,3.3941240310668945,0.603800356388092,0.4949917495250702,4.694640159606934,3.8486366271972656
864.0,0.0005,0.0,256.0,4.0,0.5305601358413696,0.42675459384918213,4.125186920166016,3.3180832862854004,0.6064328551292419,0.5016987919807434,4.7151079177856445,3.900784969329834
864.0,0.0005,0.1,64.0,2.0,0.5605892539024353,0.440128356218338,4.358667373657227,3.422065019607544,0.5699853301048279,0.4556691646575928,4.431723117828369,3.5428974628448486
864.0,0.0005,0.1,64.0,4.0,0.5113372206687927,0.40305444598197937,3.975724935531616,3.133810043334961,0.581598162651062,0.4698335528373718,4.52201509475708,3.6530277729034424
864.0,0.0005,0.1,256.0,2.0,0.5391935706138611,0.4239177405834198,4.192312717437744,3.296025276184082,0.596576988697052,0.4873899221420288,4.638477802276611,3.7895312309265137
864.0,0.0005,0.1,256.0,4.0,0.572120726108551,0.4673832058906555,4.448326110839844,3.6339755058288574,0.5939074754714966,0.49873390793800354,4.617722034454346,3.877732753753662
864.0,0.0001,0.0,64.0,2.0,0.5051812529563904,0.39215371012687683,3.9278616905212402,3.0490550994873047,0.5835660099983215,0.49422889947891235,4.537315368652344,3.842705249786377
864.0,0.0001,0.0,64.0,4.0,0.5152832269668579,0.4054698944091797,4.006406307220459,3.15259051322937,0.5799695253372192,0.47778427600860596,4.50935173034668,3.714845657348633
864.0,0.0001,0.0,256.0,2.0,0.5486308932304382,0.4349343776702881,4.265689849853516,3.3816816806793213,0.580873429775238,0.47283992171287537,4.516380786895752,3.6764025688171387
864.0,0.0001,0.0,256.0,4.0,0.5648938417434692,0.4540248513221741,4.392136573791504,3.5301127433776855,0.6324983835220337,0.5030261874198914,4.917771339416504,3.911105155944824
864.0,0.0001,0.1,64.0,2.0,0.5454863905906677,0.4316134452819824,4.241239547729492,3.3558597564697266,0.5720978379249573,0.47024616599082947,4.448148250579834,3.656235933303833
864.0,0.0001,0.1,64.0,4.0,0.5231456756591797,0.402892529964447,4.067537307739258,3.1325511932373047,0.5855839848518372,0.4762047529220581,4.553005695343018,3.7025647163391113
864.0,0.0001,0.1,256.0,2.0,0.5480583310127258,0.4334704875946045,4.261237144470215,3.3702993392944336,0.5914608240127563,0.49637818336486816,4.598698139190674,3.8594157695770264
864.0,0.0001,0.1,256.0,4.0,0.5129418969154358,0.4273717403411865,3.9882028102874756,3.3228816986083984,0.6136251091957092,0.5246337056159973,4.771029472351074,4.079107284545898
865.0,0.001,0.0,64.0,2.0,0.5207540392875671,0.42566823959350586,4.062001705169678,3.320310592651367,0.5183237791061401,0.40580958127975464,4.043044567108154,3.165408134460449
865.0,0.001,0.0,64.0,4.0,0.541179895401001,0.4460322856903076,4.221328258514404,3.4791550636291504,0.5485904812812805,0.4300868511199951,4.279132843017578,3.354776620864868
865.0,0.001,0.0,256.0,2.0,0.5347295999526978,0.43928033113479614,4.171014785766602,3.4264886379241943,0.535203218460083,0.41414541006088257,4.174708366394043,3.2304296493530273
865.0,0.001,0.0,256.0,4.0,0.5761587023735046,0.47094547748565674,4.494171142578125,3.6734840869903564,0.5433088541030884,0.44000688195228577,4.237934589385986,3.4321553707122803
865.0,0.001,0.1,64.0,2.0,0.535512387752533,0.434389591217041,4.177121162414551,3.3883395195007324,0.5413637161254883,0.4377717971801758,4.222762584686279,3.4147214889526367
865.0,0.001,0.1,64.0,4.0,0.5310787558555603,0.41500020027160645,4.1425371170043945,3.237098217010498,0.5264403223991394,0.4121304452419281,4.106356620788574,3.214712619781494
865.0,0.001,0.1,256.0,2.0,0.5319747924804688,0.4379824101924896,4.149526596069336,3.4163644313812256,0.517905592918396,0.41848501563072205,4.039783477783203,3.264279365539551
865.0,0.001,0.1,256.0,4.0,0.531139075756073,0.44665995240211487,4.143007755279541,3.48405122756958,0.57804274559021,0.4614254832267761,4.508866310119629,3.599224805831909
865.0,0.0005,0.0,64.0,2.0,0.5319087505340576,0.4374849200248718,4.149011611938477,3.4124844074249268,0.5435878038406372,0.4304373562335968,4.240109920501709,3.357510566711426
865.0,0.0005,0.0,64.0,4.0,0.5660181045532227,0.4636334478855133,4.415072441101074,3.616448402404785,0.5218059420585632,0.4038856029510498,4.070207118988037,3.1504015922546387
865.0,0.0005,0.0,256.0,2.0,0.5253161787986755,0.4401107430458069,4.0975871086120605,3.4329652786254883,0.529685378074646,0.4205632209777832,4.131668567657471,3.2804901599884033
865.0,0.0005,0.0,256.0,4.0,0.605053186416626,0.4958217740058899,4.719554901123047,3.8675246238708496,0.5868235230445862,0.468161940574646,4.577359199523926,3.651770830154419
865.0,0.0005,0.1,64.0,2.0,0.5078907012939453,0.4098684787750244,3.9616658687591553,3.1970696449279785,0.5255910158157349,0.41945600509643555,4.0997314453125,3.2718541622161865
865.0,0.0005,0.1,64.0,4.0,0.5072431564331055,0.4201892018318176,3.9566142559051514,3.277573585510254,0.5283769369125366,0.42361295223236084,4.121461868286133,3.3042781352996826
865.0,0.0005,0.1,256.0,2.0,0.5240463018417358,0.41944482922554016,4.087682723999023,3.2717671394348145,0.5580535531044006,0.4527761936187744,4.3529462814331055,3.531759023666382
865.0,0.0005,0.1,256.0,4.0,0.5466490983963013,0.4530749022960663,4.2639899253845215,3.534090042114258,0.577234148979187,0.44703590869903564,4.502559661865234,3.48698353767395
865.0,0.0001,0.0,64.0,2.0,0.5336604118347168,0.43390512466430664,4.162674427032471,3.3845601081848145,0.5109033584594727,0.4120487570762634,3.9851644039154053,3.2140750885009766
865.0,0.0001,0.0,64.0,4.0,0.5330339670181274,0.44320911169052124,4.157788276672363,3.4571340084075928,0.5243374705314636,0.40257394313812256,4.0899529457092285,3.140170097351074
865.0,0.0001,0.0,256.0,2.0,0.5445741415023804,0.4343600273132324,4.247804641723633,3.3881092071533203,0.5150593519210815,0.40019968152046204,4.017581462860107,3.121649742126465
865.0,0.0001,0.0,256.0,4.0,0.555907666683197,0.4594079554080963,4.336208820343018,3.583489418029785,0.5498412251472473,0.42970913648605347,4.288888931274414,3.3518307209014893
865.0,0.0001,0.1,64.0,2.0,0.5141290426254272,0.4229012131690979,4.0103254318237305,3.298727035522461,0.5160413980484009,0.4101961553096771,4.025242328643799,3.19962477684021
865.0,0.0001,0.1,64.0,4.0,0.5320246815681458,0.4301033914089203,4.1499152183532715,3.3549060821533203,0.5375178456306458,0.4391840100288391,4.192763328552246,3.425736665725708
865.0,0.0001,0.1,256.0,2.0,0.49587857723236084,0.4027097225189209,3.8679678440093994,3.1412296295166016,0.5136489868164062,0.4071446657180786,4.006580829620361,3.1758222579956055
865.0,0.0001,0.1,256.0,4.0,0.5524053573608398,0.45184797048568726,4.308889865875244,3.524519443511963,0.580916166305542,0.4583626389503479,4.531280994415283,3.5753355026245117
866.0,0.001,0.0,64.0,2.0,0.5861177444458008,0.47313475608825684,4.480998516082764,3.6172194480895996,0.5577059388160706,0.4542364776134491,4.263784408569336,3.4727377891540527
866.0,0.001,0.0,64.0,4.0,0.5721961855888367,0.47601082921028137,4.374565124511719,3.639206886291504,0.5575776100158691,0.4560123682022095,4.262803077697754,3.486314058303833
866.0,0.001,0.0,256.0,2.0,0.558800220489502,0.4632510542869568,4.272150993347168,3.541656017303467,0.5475746989250183,0.45167243480682373,4.186330318450928,3.4531359672546387
866.0,0.001,0.0,256.0,4.0,0.5606047511100769,0.46412158012390137,4.285947799682617,3.548311471939087,0.5599091649055481,0.4722469449043274,4.2806291580200195,3.6104326248168945
866.0,0.001,0.1,64.0,2.0,0.5537834763526917,0.4530629813671112,4.233795642852783,3.4637651443481445,0.5420501232147217,0.43551868200302124,4.144091606140137,3.3296356201171875
866.0,0.001,0.1,64.0,4.0,0.540287971496582,0.438297837972641,4.130620002746582,3.3508834838867188,0.563717246055603,0.4474397897720337,4.309742450714111,3.4207749366760254
866.0,0.001,0.1,256.0,2.0,0.5671332478523254,0.4674902856349945,4.3358588218688965,3.574066162109375,0.5549633502960205,0.4438503384590149,4.242816925048828,3.393333911895752
866.0,0.001,0.1,256.0,4.0,0.5445605516433716,0.44652050733566284,4.163284778594971,3.4137468338012695,0.5433580875396729,0.4542078971862793,4.154092311859131,3.4725191593170166
866.0,0.0005,0.0,64.0,2.0,0.5566361546516418,0.44580602645874023,4.255605220794678,3.4082841873168945,0.5545660853385925,0.45405811071395874,4.239779472351074,3.471374034881592
866.0,0.0005,0.0,64.0,4.0,0.595327615737915,0.49480071663856506,4.55141019821167,3.782860279083252,0.5414445400238037,0.4528035819530487,4.139461994171143,3.461782932281494
866.0,0.0005,0.0,256.0,2.0,0.5642116069793701,0.4560885727405548,4.313521862030029,3.4868969917297363,0.5647828578948975,0.47607800364494324,4.317889213562012,3.6397218704223633
866.0,0.0005,0.0,256.0,4.0,0.6147199273109436,0.5082492232322693,4.6996684074401855,3.885676383972168,0.5738268494606018,0.44682323932647705,4.3870320320129395,3.4160616397857666
866.0,0.0005,0.1,64.0,2.0,0.5612795352935791,0.4611721634864807,4.291104793548584,3.5257620811462402,0.5308714509010315,0.4371318817138672,4.058628082275391,3.3419690132141113
866.0,0.0005,0.1,64.0,4.0,0.5385215282440186,0.44541192054748535,4.117115497589111,3.405271530151367,0.5351263880729675,0.437674880027771,4.091158866882324,3.346120834350586
866.0,0.0005,0.1,256.0,2.0,0.5478107929229736,0.43502384424209595,4.188133716583252,3.325852870941162,0.5587737560272217,0.4485660791397095,4.271948337554932,3.4293861389160156
866.0,0.0005,0.1,256.0,4.0,0.5259289145469666,0.4288700819015503,4.0208420753479,3.27880597114563,0.5744182467460632,0.46099260449409485,4.3915534019470215,3.5243897438049316
866.0,0.0001,0.0,64.0,2.0,0.5371271967887878,0.44057294726371765,4.1064558029174805,3.368277072906494,0.54493647813797,0.4404942989349365,4.166158676147461,3.367675304412842
866.0,0.0001,0.0,64.0,4.0,0.5844950079917908,0.482106477022171,4.468592166900635,3.68580961227417,0.5421753525733948,0.44251686334609985,4.145050525665283,3.383139133453369
866.0,0.0001,0.0,256.0,2.0,0.5788012742996216,0.483447790145874,4.425063610076904,3.6960649490356445,0.5476255416870117,0.44703662395477295,4.186717987060547,3.4176931381225586
866.0,0.0001,0.0,256.0,4.0,0.6068629622459412,0.5011770129203796,4.63960075378418,3.831608533859253,0.6061071157455444,0.4775952696800232,4.633822441101074,3.6513211727142334
866.0,0.0001,0.1,64.0,2.0,0.5145575404167175,0.4264346957206726,3.9339048862457275,3.260186195373535,0.5269440412521362,0.4312712252140045,4.0286030769348145,3.2971630096435547
866.0,0.0001,0.1,64.0,4.0,0.5483888983726501,0.45149996876716614,4.192553520202637,3.451815605163574,0.5386949181556702,0.441755473613739,4.118441581726074,3.3773179054260254
866.0,0.0001,0.1,256.0,2.0,0.5531923174858093,0.45379841327667236,4.229276657104492,3.469388008117676,0.5484128594398499,0.4496586322784424,4.192737102508545,3.437739372253418
866.0,0.0001,0.1,256.0,4.0,0.5530830025672913,0.4588615298271179,4.22844123840332,3.5080971717834473,0.5532524585723877,0.4391746520996094,4.229736804962158,3.3575873374938965
867.0,0.001,0.0,64.0,2.0,0.5590247511863708,0.443436861038208,4.376223564147949,3.471364736557007,0.4878968298435211,0.39594411849975586,3.8194119930267334,3.099576473236084
867.0,0.001,0.0,64.0,4.0,0.5411275625228882,0.408810019493103,4.236117839813232,3.2002949714660645,0.49357226490974426,0.4100329577922821,3.863840103149414,3.2098679542541504
867.0,0.001,0.0,256.0,2.0,0.5261937379837036,0.4189579486846924,4.119211673736572,3.279735565185547,0.4998440742492676,0.41037094593048096,3.912938117980957,3.2125139236450195
867.0,0.001,0.0,256.0,4.0,0.5653380155563354,0.4475240111351013,4.425644874572754,3.5033600330352783,0.5216042399406433,0.42448875308036804,4.083284378051758,3.323033332824707
867.0,0.001,0.1,64.0,2.0,0.5014345645904541,0.4054751992225647,3.925389051437378,3.1741883754730225,0.4960521459579468,0.4071570336818695,3.883253812789917,3.187354564666748
867.0,0.001,0.1,64.0,4.0,0.5171579718589783,0.3893600106239319,4.048476696014404,3.048032522201538,0.5140624046325684,0.4147709012031555,4.0242438316345215,3.2469584941864014
867.0,0.001,0.1,256.0,2.0,0.5425763726234436,0.43768465518951416,4.247458457946777,3.426333427429199,0.507283091545105,0.4184000492095947,3.971172332763672,3.2753677368164062
867.0,0.001,0.1,256.0,4.0,0.5677372813224792,0.44300055503845215,4.444426536560059,3.4679479598999023,0.5206342339515686,0.4090534448623657,4.075690269470215,3.202200174331665
867.0,0.0005,0.0,64.0,2.0,0.5455986261367798,0.4289426803588867,4.2711181640625,3.3578991889953613,0.48737409710884094,0.4099121689796448,3.815319299697876,3.208922863006592
867.0,0.0005,0.0,64.0,4.0,0.5155901908874512,0.41382741928100586,4.036203861236572,3.239572763442993,0.5084978342056274,0.428095281124115,3.980681896209717,3.3512654304504395
867.0,0.0005,0.0,256.0,2.0,0.5801774263381958,0.43706566095352173,4.541813373565674,3.4214885234832764,0.5109870433807373,0.4075128138065338,4.000168800354004,3.1901397705078125
867.0,0.0005,0.0,256.0,4.0,0.5460273623466492,0.43832850456237793,4.274474620819092,3.4313738346099854,0.5144025683403015,0.42528432607650757,4.026906490325928,3.3292603492736816
867.0,0.0005,0.1,64.0,2.0,0.5402033925056458,0.42340296506881714,4.228883743286133,3.314532995223999,0.48832517862319946,0.40125593543052673,3.8227651119232178,3.1411595344543457
867.0,0.0005,0.1,64.0,4.0,0.5415496826171875,0.4214475154876709,4.23942232131958,3.299224376678467,0.49680301547050476,0.4066069424152374,3.889132022857666,3.1830480098724365
867.0,0.0005,0.1,256.0,2.0,0.6090712547302246,0.4853229522705078,4.768001556396484,3.7992608547210693,0.5684248208999634,0.4644371271133423,4.449809551239014,3.635761260986328
867.0,0.0005,0.1,256.0,4.0,0.5166083574295044,0.3866904377937317,4.044172763824463,3.027134418487549,0.5256606340408325,0.4120839238166809,4.11503791809082,3.225924015045166
867.0,0.0001,0.0,64.0,2.0,0.5302177667617798,0.4207395315170288,4.1507134437561035,3.29368257522583,0.4962845742702484,0.4088897109031677,3.88507342338562,3.200918436050415
867.0,0.0001,0.0,64.0,4.0,0.5443544983863831,0.42602282762527466,4.261378765106201,3.3350419998168945,0.5168944597244263,0.4261816740036011,4.046413898468018,3.3362855911254883
867.0,0.0001,0.0,256.0,2.0,0.5217650532722473,0.41810745000839233,4.084542274475098,3.273077964782715,0.5145094990730286,0.41368064284324646,4.027743339538574,3.2384228706359863
867.0,0.0001,0.0,256.0,4.0,0.5973888635635376,0.4875842034816742,4.676549911499023,3.8169639110565186,0.5253022313117981,0.4283751845359802,4.112232685089111,3.35345721244812
867.0,0.0001,0.1,64.0,2.0,0.5328453183174133,0.42616939544677734,4.171280384063721,3.3361880779266357,0.5054311752319336,0.40964266657829285,3.9566757678985596,3.206812858581543
867.0,0.0001,0.1,64.0,4.0,0.5211141705513,0.40500128269195557,4.0794453620910645,3.1704773902893066,0.5370382070541382,0.414590448141098,4.204106330871582,3.2455453872680664
867.0,0.0001,0.1,256.0,2.0,0.5259733200073242,0.41313639283180237,4.117486000061035,3.2341623306274414,0.5063182711601257,0.4218153953552246,3.963620185852051,3.302104949951172
867.0,0.0001,0.1,256.0,4.0,0.5289538502693176,0.40330225229263306,4.140817642211914,3.157177209854126,0.49786779284477234,0.387946218252182,3.8974668979644775,3.036966323852539
868.0,0.001,0.0,64.0,2.0,0.5489292144775391,0.41804271936416626,4.283431529998779,3.2620911598205566,0.4857596457004547,0.3792967200279236,3.7905032634735107,2.959747314453125
868.0,0.001,0.0,64.0,4.0,0.5288906693458557,0.40079742670059204,4.127066612243652,3.1275224685668945,0.4975777268409729,0.39477670192718506,3.882723569869995,3.0805411338806152
868.0,0.001,0.0,256.0,2.0,0.5680370926856995,0.43917790055274963,4.432534694671631,3.4270145893096924,0.503014326095581,0.41045570373535156,3.925145387649536,3.202887535095215
868.0,0.001,0.0,256.0,4.0,0.5711545348167419,0.44602736830711365,4.45686149597168,3.4804625511169434,0.4915914535522461,0.38845956325531006,3.836010456085205,3.0312469005584717
868.0,0.001,0.1,64.0,2.0,0.5453241467475891,0.419075071811676,4.255300998687744,3.2701473236083984,0.4819108545780182,0.3885067105293274,3.760470151901245,3.0316152572631836
868.0,0.001,0.1,64.0,4.0,0.5327350497245789,0.4078526794910431,4.1570658683776855,3.1825764179229736,0.5152105093002319,0.40128248929977417,4.020315647125244,3.1313071250915527
868.0,0.001,0.1,256.0,2.0,0.5458200573921204,0.4225694537162781,4.259169578552246,3.2974143028259277,0.48275071382522583,0.38732147216796875,3.767024278640747,3.0223662853240967
868.0,0.001,0.1,256.0,4.0,0.5592932105064392,0.4373299479484558,4.3643035888671875,3.412594795227051,0.50534588098526,0.4052213430404663,3.9433395862579346,3.1620430946350098
868.0,0.0005,0.0,64.0,2.0,0.5653305649757385,0.4313255548477173,4.4114155769348145,3.3657407760620117,0.5105264186859131,0.40194272994995117,3.983765125274658,3.1364598274230957
868.0,0.0005,0.0,64.0,4.0,0.5569049119949341,0.42966702580451965,4.345668315887451,3.3527989387512207,0.4925684332847595,0.37768781185150146,3.8436343669891357,2.9471921920776367
868.0,0.0005,0.0,256.0,2.0,0.5417774319648743,0.41772741079330444,4.227624416351318,3.2596311569213867,0.5008955001831055,0.37111616134643555,3.90861177444458,2.895911693572998
868.0,0.0005,0.0,256.0,4.0,0.5623806715011597,0.4440056383609772,4.388396739959717,3.464686393737793,0.4982399344444275,0.39936578273773193,3.887890577316284,3.1163508892059326
868.0,0.0005,0.1,64.0,2.0,0.540189266204834,0.40924692153930664,4.215231895446777,3.1934561729431152,0.47262707352638245,0.37407100200653076,3.6880264282226562,2.9189693927764893
868.0,0.0005,0.1,64.0,4.0,0.5395619869232178,0.41401493549346924,4.210336208343506,3.230661392211914,0.48130354285240173,0.38402259349823,3.7557315826416016,2.996624708175659
868.0,0.0005,0.1,256.0,2.0,0.5685603022575378,0.4341154098510742,4.436617851257324,3.387510299682617,0.500076174736023,0.40469077229499817,3.902219533920288,3.1579036712646484
868.0,0.0005,0.1,256.0,4.0,0.5859293937683105,0.4515872895717621,4.572153091430664,3.5238475799560547,0.49893906712532043,0.37695398926734924,3.8933463096618652,2.941466808319092
868.0,0.0001,0.0,64.0,2.0,0.5406726598739624,0.4256657660007477,4.219004154205322,3.3215761184692383,0.4879613220691681,0.3883587718009949,3.807683229446411,3.0304603576660156
868.0,0.0001,0.0,64.0,4.0,0.5549202561378479,0.4199222922325134,4.33018159866333,3.2767584323883057,0.4908469021320343,0.39397621154785156,3.8302009105682373,3.0742945671081543
868.0,0.0001,0.0,256.0,2.0,0.5485302805900574,0.4235028624534607,4.280318737030029,3.3046982288360596,0.47796350717544556,0.3715786337852478,3.7296674251556396,2.8995201587677
868.0,0.0001,0.0,256.0,4.0,0.5515875220298767,0.4373217225074768,4.304174900054932,3.4125304222106934,0.4925324022769928,0.3900740146636963,3.843352794647217,3.043844223022461
868.0,0.0001,0.1,64.0,2.0,0.5560250878334045,0.42299872636795044,4.338802814483643,3.3007640838623047,0.49708881974220276,0.3999566435813904,3.8789074420928955,3.1209607124328613
868.0,0.0001,0.1,64.0,4.0,0.5362507700920105,0.41516542434692383,4.184498310089111,3.2396388053894043,0.48373299837112427,0.389862596988678,3.774688720703125,3.0421948432922363
868.0,0.0001,0.1,256.0,2.0,0.5502449870109558,0.42110475897789,4.293698310852051,3.2859857082366943,0.4775717258453369,0.3724891245365143,3.7266108989715576,2.906625270843506
868.0,0.0001,0.1,256.0,4.0,0.5350618362426758,0.4197899103164673,4.175220489501953,3.2757253646850586,0.4906159043312073,0.38191473484039307,3.828397750854492,2.980175733566284
869.0,0.001,0.0,64.0,2.0,0.5464170575141907,0.4483398199081421,4.188746929168701,3.4369020462036133,0.5590217709541321,0.4554160535335541,4.285373687744141,3.4911484718322754
869.0,0.001,0.0,64.0,4.0,0.4932352304458618,0.4004950523376465,3.78106427192688,3.070132255554199,0.5404626131057739,0.4417933225631714,4.143101215362549,3.386718273162842
869.0,0.001,0.0,256.0,2.0,0.5290487408638,0.4294995665550232,4.055603981018066,3.292476177215576,0.5420015454292297,0.4451538324356079,4.154898643493652,3.4124796390533447
869.0,0.001,0.0,256.0,4.0,0.5185043215751648,0.4164528250694275,3.974773645401001,3.192462921142578,0.5303257703781128,0.43614691495895386,4.065394878387451,3.3434343338012695
869.0,0.001,0.1,64.0,2.0,0.5186111927032471,0.41991347074508667,3.9755923748016357,3.2189908027648926,0.5462676882743835,0.43829864263534546,4.187602996826172,3.359929084777832
869.0,0.001,0.1,64.0,4.0,0.5224006175994873,0.4395414888858795,4.004642009735107,3.3694567680358887,0.5396842956542969,0.45405489206314087,4.137135028839111,3.4807138442993164
869.0,0.001,0.1,256.0,2.0,0.6347353458404541,0.5193603038787842,4.865781784057617,3.981334924697876,0.5632221102714539,0.47288772463798523,4.317573070526123,3.625084400177002
869.0,0.001,0.1,256.0,4.0,0.5256390571594238,0.4323587119579315,4.029466152191162,3.314393997192383,0.5645008683204651,0.46155279874801636,4.327376365661621,3.538191795349121
869.0,0.0005,0.0,64.0,2.0,0.5421702861785889,0.4479089379310608,4.156192779541016,3.4335997104644775,0.5570695996284485,0.46316611766815186,4.27040958404541,3.5505599975585938
869.0,0.0005,0.0,64.0,4.0,0.5273769497871399,0.4263264536857605,4.042788982391357,3.2681517601013184,0.5371576547622681,0.4387109875679016,4.117766380310059,3.3630897998809814
869.0,0.0005,0.0,256.0,2.0,0.568324863910675,0.4732799530029297,4.356689453125,3.6280901432037354,0.5494744777679443,0.45282721519470215,4.212185382843018,3.4713029861450195
869.0,0.0005,0.0,256.0,4.0,0.5202255845069885,0.4322029948234558,3.9879677295684814,3.3132004737854004,0.5604121685028076,0.4648309350013733,4.296031475067139,3.563321113586426
869.0,0.0005,0.1,64.0,2.0,0.5274472236633301,0.42770981788635254,4.043327808380127,3.278756618499756,0.5566577315330505,0.4657675325870514,4.267251014709473,3.5705013275146484
869.0,0.0005,0.1,64.0,4.0,0.5098178386688232,0.40873581171035767,3.908184289932251,3.133305072784424,0.5365729928016663,0.44183802604675293,4.113284111022949,3.3870606422424316
869.0,0.0005,0.1,256.0,2.0,0.5237003564834595,0.4225722551345825,4.0146050453186035,3.239373207092285,0.5431204438209534,0.4569111466407776,4.163475513458252,3.5026087760925293
869.0,0.0005,0.1,256.0,4.0,0.5066473484039307,0.4223686754703522,3.8838791847229004,3.2378125190734863,0.5729787945747375,0.47643229365348816,4.392366409301758,3.6522560119628906
869.0,0.0001,0.0,64.0,2.0,0.5151028633117676,0.4171282649040222,3.948698043823242,3.1976401805877686,0.5469462275505066,0.4584376811981201,4.192804336547852,3.5143117904663086
869.0,0.0001,0.0,64.0,4.0,0.5181753635406494,0.41516658663749695,3.9722511768341064,3.1826024055480957,0.5536290407180786,0.46110033988952637,4.2440338134765625,3.5347232818603516
869.0,0.0001,0.0,256.0,2.0,0.5517482161521912,0.4577518403530121,4.229614734649658,3.5090537071228027,0.5335308909416199,0.4419392943382263,4.089964389801025,3.3878378868103027
869.0,0.0001,0.0,256.0,4.0,0.5258088111877441,0.42357224225997925,4.030768394470215,3.2470386028289795,0.543160617351532,0.44389915466308594,4.163784027099609,3.4028615951538086
869.0,0.0001,0.1,64.0,2.0,0.5158435106277466,0.4169394373893738,3.954375743865967,3.196192741394043,0.5361492037773132,0.4394484758377075,4.110035419464111,3.3687427043914795
869.0,0.0001,0.1,64.0,4.0,0.5739004611968994,0.47085750102996826,4.399431228637695,3.6095197200775146,0.5171712040901184,0.42167410254478455,3.9645535945892334,3.232487678527832
869.0,0.0001,0.1,256.0,2.0,0.5293976664543152,0.4275834858417511,4.058279991149902,3.2777881622314453,0.545879602432251,0.4496244788169861,4.184626579284668,3.4467506408691406
869.0,0.0001,0.1,256.0,4.0,0.5132302641868591,0.42762401700019836,3.934342861175537,3.2780985832214355,0.5451565384864807,0.45135998725891113,4.179084777832031,3.460054874420166
870.0,0.001,0.0,64.0,2.0,0.480153888463974,0.3791590631008148,3.8317253589630127,3.025766372680664,0.4516998827457428,0.35569995641708374,3.6046557426452637,2.8385567665100098
870.0,0.001,0.0,64.0,4.0,0.5157876014709473,0.4105175733566284,4.1160888671875,3.276012897491455,0.4616619944572449,0.3785129189491272,3.6841557025909424,3.0206093788146973
870.0,0.001,0.0,256.0,2.0,0.5145189762115479,0.39332082867622375,4.1059651374816895,3.1387791633605957,0.4753255844116211,0.3781799077987671,3.793194055557251,3.0179519653320312
870.0,0.001,0.0,256.0,4.0,0.5086793899536133,0.39415669441223145,4.059364318847656,3.145449638366699,0.4778357446193695,0.37676286697387695,3.813225507736206,3.0066428184509277
870.0,0.001,0.1,64.0,2.0,0.49566012620925903,0.38488584756851196,3.955467700958252,3.0714659690856934,0.4528561532497406,0.3575250506401062,3.6138837337493896,2.8531222343444824
870.0,0.001,0.1,64.0,4.0,0.48754429817199707,0.37241747975349426,3.8907017707824707,2.97196626663208,0.46769845485687256,0.36877313256263733,3.732327938079834,2.9428839683532715
870.0,0.001,0.1,256.0,2.0,0.5049683451652527,0.39059001207351685,4.029748916625977,3.1169872283935547,0.4557974934577942,0.3639570474624634,3.6373555660247803,2.9044504165649414
870.0,0.001,0.1,256.0,4.0,0.5084325075149536,0.40311649441719055,4.0573930740356445,3.2169504165649414,0.4982247054576874,0.39950382709503174,3.97593355178833,3.1881208419799805
870.0,0.0005,0.0,64.0,2.0,0.49743881821632385,0.3875376284122467,3.9696614742279053,3.0926284790039062,0.450980544090271,0.34953969717025757,3.5989155769348145,2.7893972396850586
870.0,0.0005,0.0,64.0,4.0,0.5077140927314758,0.3898580074310303,4.051660060882568,3.11114501953125,0.4686853587627411,0.37890341877937317,3.740203857421875,3.0237252712249756
870.0,0.0005,0.0,256.0,2.0,0.5081800818443298,0.38736671209335327,4.055379390716553,3.091264247894287,0.4798761010169983,0.3765207529067993,3.829507827758789,3.0047109127044678
870.0,0.0005,0.0,256.0,4.0,0.5303398370742798,0.400945246219635,4.232219219207764,3.1996240615844727,0.45655128359794617,0.36945515871047974,3.64337158203125,2.948326587677002
870.0,0.0005,0.1,64.0,2.0,0.47905150055885315,0.36698079109191895,3.822927713394165,2.9285802841186523,0.4469046890735626,0.36227530241012573,3.566389322280884,2.8910295963287354
870.0,0.0005,0.1,64.0,4.0,0.49272802472114563,0.3708093762397766,3.9320685863494873,2.9591333866119385,0.44939443469047546,0.36425819993019104,3.5862574577331543,2.906853437423706
870.0,0.0005,0.1,256.0,2.0,0.546099841594696,0.42497819662094116,4.357986927032471,3.391411304473877,0.4883541166782379,0.38950610160827637,3.8971633911132812,3.108336925506592
870.0,0.0005,0.1,256.0,4.0,0.5299921631813049,0.4050234258174896,4.22944450378418,3.232168436050415,0.5035901069641113,0.40016162395477295,4.01875114440918,3.193370819091797
870.0,0.0001,0.0,64.0,2.0,0.47773298621177673,0.36476239562034607,3.812405586242676,2.9108774662017822,0.4530813992023468,0.36492395401000977,3.615680456161499,2.912166118621826
870.0,0.0001,0.0,64.0,4.0,0.49911999702453613,0.39125609397888184,3.9830780029296875,3.122302532196045,0.4647659659385681,0.36829325556755066,3.70892596244812,2.939054489135742
870.0,0.0001,0.0,256.0,2.0,0.4833287298679352,0.3899863362312317,3.8570609092712402,3.1121697425842285,0.46142226457595825,0.3621877431869507,3.6822423934936523,2.890331268310547
870.0,0.0001,0.0,256.0,4.0,0.5340377688407898,0.41609102487564087,4.261729717254639,3.320490598678589,0.47378721833229065,0.3731703758239746,3.780917167663574,2.9779744148254395
870.0,0.0001,0.1,64.0,2.0,0.48576971888542175,0.3747771978378296,3.876540422439575,2.990797996520996,0.44918131828308105,0.36332565546035767,3.584556818008423,2.899411201477051
870.0,0.0001,0.1,64.0,4.0,0.4986313581466675,0.3758673667907715,3.9791791439056396,2.999497175216675,0.43924230337142944,0.3473314642906189,3.505242109298706,2.7717747688293457
870.0,0.0001,0.1,256.0,2.0,0.4855402112007141,0.38521939516067505,3.874708414077759,3.0741281509399414,0.44910186529159546,0.3501166105270386,3.583922863006592,2.7940006256103516
870.0,0.0001,0.1,256.0,4.0,0.4824226498603821,0.37111663818359375,3.849829912185669,2.96158504486084,0.44536978006362915,0.34713849425315857,3.554141044616699,2.7702345848083496
871.0,0.001,0.0,64.0,2.0,0.5174385905265808,0.4213488698005676,4.115781307220459,3.3514695167541504,0.5374414920806885,0.4427691698074341,4.27488899230957,3.5218517780303955
871.0,0.001,0.0,64.0,4.0,0.5218715667724609,0.42066875100135803,4.151041507720947,3.346059799194336,0.5432195067405701,0.4445562958717346,4.320847511291504,3.5360660552978516
871.0,0.001,0.0,256.0,2.0,0.4975036680698395,0.4065988063812256,3.957216501235962,3.2341456413269043,0.5116212368011475,0.41505441069602966,4.0695109367370605,3.3014039993286133
871.0,0.001,0.0,256.0,4.0,0.5156189799308777,0.4165967106819153,4.101308345794678,3.3136706352233887,0.5522054433822632,0.4528923034667969,4.392324447631836,3.6023731231689453
871.0,0.001,0.1,64.0,2.0,0.48719707131385803,0.39517223834991455,3.8752355575561523,3.143256664276123,0.5291042327880859,0.4254258871078491,4.208572864532471,3.3839001655578613
871.0,0.001,0.1,64.0,4.0,0.4887767732143402,0.39831361174583435,3.8878016471862793,3.1682443618774414,0.5259525775909424,0.4273735284805298,4.183505535125732,3.399392604827881
871.0,0.001,0.1,256.0,2.0,0.4965345561504364,0.4210938811302185,3.9495081901550293,3.349442481994629,0.5721563696861267,0.4652990698814392,4.551015853881836,3.7010574340820312
871.0,0.001,0.1,256.0,4.0,0.5177211165428162,0.4292466640472412,4.11802864074707,3.414290189743042,0.5673264265060425,0.4838925898075104,4.512598037719727,3.8489530086517334
871.0,0.0005,0.0,64.0,2.0,0.4708571434020996,0.386120080947876,3.7452657222747803,3.0712552070617676,0.5215439200401306,0.43269070982933044,4.1484375,3.441685676574707
871.0,0.0005,0.0,64.0,4.0,0.5298455357551575,0.4282240867614746,4.214468479156494,3.4061570167541504,0.5354025959968567,0.41744911670684814,4.258671283721924,3.3204522132873535
871.0,0.0005,0.0,256.0,2.0,0.49278560280799866,0.39407265186309814,3.9196882247924805,3.1345109939575195,0.5103317499160767,0.4053471088409424,4.059254169464111,3.2241907119750977
871.0,0.0005,0.0,256.0,4.0,0.5289761424064636,0.4211459755897522,4.207552433013916,3.349855899810791,0.5979523062705994,0.47326117753982544,4.756201267242432,3.764389991760254
871.0,0.0005,0.1,64.0,2.0,0.46746203303337097,0.3853275775909424,3.7182605266571045,3.0649514198303223,0.504665195941925,0.4016408324241638,4.014181613922119,3.1947107315063477
871.0,0.0005,0.1,64.0,4.0,0.5003957152366638,0.4097672402858734,3.980220079421997,3.259347915649414,0.5231374502182007,0.4141979217529297,4.1611127853393555,3.2945914268493652
871.0,0.0005,0.1,256.0,2.0,0.49844077229499817,0.40206384658813477,3.964669704437256,3.198073148727417,0.5371385812759399,0.42611607909202576,4.2724785804748535,3.389390230178833
871.0,0.0005,0.1,256.0,4.0,0.48700717091560364,0.3987395167350769,3.873725175857544,3.1716315746307373,0.513228178024292,0.40343138575553894,4.082292556762695,3.2089531421661377
871.0,0.0001,0.0,64.0,2.0,0.49250784516334534,0.4063474237918854,3.917478084564209,3.2321460247039795,0.5365375876426697,0.42976444959640503,4.267699241638184,3.418410301208496
871.0,0.0001,0.0,64.0,4.0,0.47688692808151245,0.3916429877281189,3.7932276725769043,3.115184783935547,0.5109581351280212,0.41802752017974854,4.064236164093018,3.3250527381896973
871.0,0.0001,0.0,256.0,2.0,0.5197768807411194,0.42483553290367126,4.134381294250488,3.3792037963867188,0.535453736782074,0.4316129684448242,4.259078502655029,3.4331135749816895
871.0,0.0001,0.0,256.0,4.0,0.5170596241950989,0.41862866282463074,4.112767696380615,3.3298330307006836,0.5402543544769287,0.43729203939437866,4.297262668609619,3.478285312652588
871.0,0.0001,0.1,64.0,2.0,0.48580285906791687,0.4012755751609802,3.8641462326049805,3.191803455352783,0.5277942419052124,0.44078028202056885,4.198153018951416,3.5060315132141113
871.0,0.0001,0.1,64.0,4.0,0.4989786744117737,0.41503483057022095,3.9689483642578125,3.3012471199035645,0.5286399126052856,0.43462079763412476,4.204879283905029,3.457037925720215
871.0,0.0001,0.1,256.0,2.0,0.4766698181629181,0.3814519941806793,3.7915008068084717,3.0341238975524902,0.5445154905319214,0.44134634733200073,4.331156253814697,3.5105338096618652
871.0,0.0001,0.1,256.0,4.0,0.48460853099823,0.3955845832824707,3.854646682739258,3.1465370655059814,0.5282250046730042,0.4197085499763489,4.2015790939331055,3.338423252105713
872.0,0.001,0.0,64.0,2.0,0.5668447017669678,0.4796828627586365,4.433889865875244,3.752105236053467,0.5563375949859619,0.4533611834049225,4.35170316696167,3.5462160110473633
872.0,0.001,0.0,64.0,4.0,0.5585532188415527,0.4600796103477478,4.369032859802246,3.5987672805786133,0.561099112033844,0.45112431049346924,4.3889479637146,3.528719663619995
872.0,0.001,0.0,256.0,2.0,0.5289015769958496,0.44139984250068665,4.137095928192139,3.4526524543762207,0.5634439587593079,0.45180457830429077,4.407289505004883,3.534040927886963
872.0,0.001,0.0,256.0,4.0,0.5958721041679382,0.4890398383140564,4.660943508148193,3.82529616355896,0.5789902806282043,0.48302730917930603,4.528893947601318,3.778265953063965
872.0,0.001,0.1,64.0,2.0,0.5418130159378052,0.4550171196460724,4.2380900382995605,3.5591678619384766,0.5350847244262695,0.43778932094573975,4.185462474822998,3.424412250518799
872.0,0.001,0.1,64.0,4.0,0.536380410194397,0.44794365763664246,4.195596218109131,3.5038387775421143,0.5687732696533203,0.4604340195655823,4.448975086212158,3.6015396118164062
872.0,0.001,0.1,256.0,2.0,0.5332023501396179,0.4375566840171814,4.1707377433776855,3.4225924015045166,0.5880587100982666,0.4568840265274048,4.599826812744141,3.5737717151641846
872.0,0.001,0.1,256.0,4.0,0.5725437998771667,0.4572885036468506,4.47846794128418,3.576934814453125,0.6101819276809692,0.48864275217056274,4.772876262664795,3.822190284729004
872.0,0.0005,0.0,64.0,2.0,0.5306183695793152,0.44377386569976807,4.1505255699157715,3.4712228775024414,0.5522007346153259,0.4541172683238983,4.3193440437316895,3.5521297454833984
872.0,0.0005,0.0,64.0,4.0,0.5256931185722351,0.43498682975769043,4.111999988555908,3.4024901390075684,0.6026289463043213,0.48703229427337646,4.713796138763428,3.8095932006835938
872.0,0.0005,0.0,256.0,2.0,0.5482733249664307,0.45979881286621094,4.288622856140137,3.5965709686279297,0.6212090849876404,0.5002564191818237,4.859131813049316,3.9130327701568604
872.0,0.0005,0.0,256.0,4.0,0.5686547756195068,0.46120840311050415,4.448047637939453,3.6075968742370605,0.5479703545570374,0.4469454884529114,4.286253929138184,3.496032238006592
872.0,0.0005,0.1,64.0,2.0,0.5478078722953796,0.46118593215942383,4.284982681274414,3.6074209213256836,0.5286658406257629,0.4398096799850464,4.135252952575684,3.4402151107788086
872.0,0.0005,0.1,64.0,4.0,0.5331060886383057,0.44365692138671875,4.169984340667725,3.4703080654144287,0.5166230797767639,0.43028151988983154,4.0410542488098145,3.3656861782073975
872.0,0.0005,0.1,256.0,2.0,0.5401298403739929,0.4492722749710083,4.224924087524414,3.5142319202423096,0.5582327246665955,0.44583073258399963,4.366527080535889,3.487312078475952
872.0,0.0005,0.1,256.0,4.0,0.5693845748901367,0.45953693985939026,4.453756809234619,3.59452223777771,0.5654379725456238,0.4522739052772522,4.422886371612549,3.5377111434936523
872.0,0.0001,0.0,64.0,2.0,0.5348038077354431,0.4520578384399414,4.183263778686523,3.536020040512085,0.5408798456192017,0.4343377351760864,4.230791091918945,3.397413492202759
872.0,0.0001,0.0,64.0,4.0,0.5628623366355896,0.4755852222442627,4.40273904800415,3.720053195953369,0.5635681748390198,0.46512600779533386,4.408260345458984,3.638240337371826
872.0,0.0001,0.0,256.0,2.0,0.5310524702072144,0.45117929577827454,4.1539201736450195,3.5291481018066406,0.5682013630867004,0.4588446021080017,4.444502353668213,3.5891077518463135
872.0,0.0001,0.0,256.0,4.0,0.5706997513771057,0.47841596603393555,4.464043617248535,3.7421953678131104,0.5729337334632874,0.48069190979003906,4.48151969909668,3.7599987983703613
872.0,0.0001,0.1,64.0,2.0,0.5471574664115906,0.45531919598579407,4.279894828796387,3.561530590057373,0.5548483729362488,0.4621318578720093,4.340054512023926,3.614821434020996
872.0,0.0001,0.1,64.0,4.0,0.5225368738174438,0.4359436333179474,4.087311744689941,3.4099740982055664,0.5330163836479187,0.4333437383174896,4.169283390045166,3.3896377086639404
872.0,0.0001,0.1,256.0,2.0,0.5329892635345459,0.44729429483413696,4.169070720672607,3.498760223388672,0.5298627018928528,0.4371306002140045,4.144615650177002,3.4192593097686768
872.0,0.0001,0.1,256.0,4.0,0.5702465772628784,0.44903600215911865,4.460498809814453,3.512382984161377,0.552056074142456,0.4512837529182434,4.318213939666748,3.5299668312072754
873.0,0.001,0.0,64.0,2.0,0.4506285786628723,0.3625451624393463,3.570574998855591,2.8726415634155273,0.5614635348320007,0.4650181233882904,4.448779106140137,3.6845903396606445
873.0,0.001,0.0,64.0,4.0,0.4854680597782135,0.3775421977043152,3.8466265201568604,2.991471767425537,0.5732453465461731,0.4464351534843445,4.54213285446167,3.537346839904785
873.0,0.001,0.0,256.0,2.0,0.47377094626426697,0.3905637562274933,3.7539443969726562,3.094649314880371,0.5319051146507263,0.4272737503051758,4.214571952819824,3.3855204582214355
873.0,0.001,0.0,256.0,4.0,0.4914414882659912,0.4066835045814514,3.8939576148986816,3.2223739624023438,0.5485061407089233,0.44627541303634644,4.3461103439331055,3.536081075668335
873.0,0.001,0.1,64.0,2.0,0.4767436981201172,0.3953559100627899,3.7774994373321533,3.1326191425323486,0.5550482869148254,0.44824209809303284,4.397947311401367,3.551664352416992
873.0,0.001,0.1,64.0,4.0,0.4842642545700073,0.3969584107398987,3.8370885848999023,3.1453170776367188,0.5801613330841064,0.474347859621048,4.596932411193848,3.758514881134033
873.0,0.001,0.1,256.0,2.0,0.491049200296402,0.40067553520202637,3.8908491134643555,3.174769401550293,0.5334494113922119,0.42561134696006775,4.226808071136475,3.3723485469818115
873.0,0.001,0.1,256.0,4.0,0.45924901962280273,0.3713810443878174,3.6388792991638184,2.9426536560058594,0.5302321910858154,0.4297243654727936,4.201316833496094,3.4049386978149414
873.0,0.0005,0.0,64.0,2.0,0.4870365560054779,0.39969903230667114,3.8590550422668457,3.167032241821289,0.5432356595993042,0.4441889226436615,4.30435037612915,3.5195493698120117
873.0,0.0005,0.0,64.0,4.0,0.4747185707092285,0.387850821018219,3.7614519596099854,3.0731520652770996,0.5632669925689697,0.4627227783203125,4.463068962097168,3.6664023399353027
873.0,0.0005,0.0,256.0,2.0,0.5487692952156067,0.4439953565597534,4.348196029663086,3.5180153846740723,0.5807503461837769,0.48692160844802856,4.601598739624023,3.8581430912017822
873.0,0.0005,0.0,256.0,4.0,0.49790793657302856,0.4159546196460724,3.945194721221924,3.2958343029022217,0.5700002908706665,0.46837443113327026,4.516420841217041,3.71118426322937
873.0,0.0005,0.1,64.0,2.0,0.4685327708721161,0.38101309537887573,3.7124388217926025,3.0189733505249023,0.5410463809967041,0.4332985281944275,4.287003040313721,3.4332590103149414
873.0,0.0005,0.1,64.0,4.0,0.47154539823532104,0.3729817271232605,3.7363100051879883,2.9553370475769043,0.5385419130325317,0.4391571879386902,4.2671589851379395,3.479679584503174
873.0,0.0005,0.1,256.0,2.0,0.49454382061958313,0.4110811650753021,3.9185380935668945,3.257218360900879,0.5565943717956543,0.43914344906806946,4.410198211669922,3.4795708656311035
873.0,0.0005,0.1,256.0,4.0,0.47615528106689453,0.37478095293045044,3.772836685180664,2.969592571258545,0.567470133304596,0.46035194396972656,4.496372699737549,3.647617816925049
873.0,0.0001,0.0,64.0,2.0,0.47232815623283386,0.38286125659942627,3.7425127029418945,3.033618211746216,0.5626455545425415,0.45118504762649536,4.4581451416015625,3.5749831199645996
873.0,0.0001,0.0,64.0,4.0,0.46284985542297363,0.37148410081863403,3.667410373687744,2.9434702396392822,0.5506992936134338,0.45214056968688965,4.36348819732666,3.5825541019439697
873.0,0.0001,0.0,256.0,2.0,0.48637041449546814,0.3977232873439789,3.853776693344116,3.1513774394989014,0.5415514707565308,0.4314233660697937,4.291005611419678,3.418400287628174
873.0,0.0001,0.0,256.0,4.0,0.49956876039505005,0.417410671710968,3.9583547115325928,3.307371139526367,0.5850206613540649,0.48806941509246826,4.635435104370117,3.8672375679016113
873.0,0.0001,0.1,64.0,2.0,0.45751625299453735,0.36334896087646484,3.6251494884490967,2.8790111541748047,0.570870041847229,0.472601056098938,4.523311614990234,3.7446742057800293
873.0,0.0001,0.1,64.0,4.0,0.4527705907821655,0.3549381494522095,3.5875468254089355,2.8123676776885986,0.5519765615463257,0.4448820948600769,4.373608589172363,3.5250415802001953
873.0,0.0001,0.1,256.0,2.0,0.4752257168292999,0.39637336134910583,3.7654714584350586,3.140681505203247,0.556726336479187,0.46125465631484985,4.411243915557861,3.654770851135254
873.0,0.0001,0.1,256.0,4.0,0.5175544619560242,0.4215163588523865,4.100865364074707,3.339902877807617,0.5553338527679443,0.4514619708061218,4.400210380554199,3.577177047729492
874.0,0.001,0.0,64.0,2.0,0.5359452366828918,0.40712451934814453,3.98232102394104,3.0251240730285645,0.6274507641792297,0.4860711991786957,4.662249565124512,3.611733913421631
874.0,0.001,0.0,64.0,4.0,0.5388830304145813,0.42401134967803955,4.004150390625,3.1506009101867676,0.5862656831741333,0.45347195863723755,4.35622501373291,3.3695056438446045
874.0,0.001,0.0,256.0,2.0,0.5561236143112183,0.42609137296676636,4.132255554199219,3.166055679321289,0.6202481389045715,0.4977464973926544,4.608730792999268,3.6984870433807373
874.0,0.001,0.0,256.0,4.0,0.5087078809738159,0.3973708748817444,3.779935359954834,2.9526500701904297,0.6253020167350769,0.48248547315597534,4.6462836265563965,3.5850906372070312
874.0,0.001,0.1,64.0,2.0,0.5434544086456299,0.4335770010948181,4.0381178855896,3.2216782569885254,0.6241452693939209,0.5069767236709595,4.6376872062683105,3.767070770263672
874.0,0.001,0.1,64.0,4.0,0.5138699412345886,0.43075549602508545,3.818291425704956,3.2007124423980713,0.5679577589035034,0.4470682740211487,4.220188140869141,3.32192325592041
874.0,0.001,0.1,256.0,2.0,0.531607449054718,0.40665146708488464,3.9500889778137207,3.021608352661133,0.6028559803962708,0.46712860465049744,4.479498863220215,3.4709815979003906
874.0,0.001,0.1,256.0,4.0,0.5546545386314392,0.4282296895980835,4.121340274810791,3.1819446086883545,0.6293773055076599,0.5041487812995911,4.676564693450928,3.7460594177246094
874.0,0.0005,0.0,64.0,2.0,0.5540695190429688,0.4147840738296509,4.116991996765137,3.0820369720458984,0.6385267972946167,0.502611517906189,4.74454927444458,3.7346365451812744
874.0,0.0005,0.0,64.0,4.0,0.5671265125274658,0.43755409121513367,4.214012622833252,3.2512295246124268,0.6005696058273315,0.46226754784584045,4.462510585784912,3.434861898422241
874.0,0.0005,0.0,256.0,2.0,0.5493390560150146,0.41552847623825073,4.081843376159668,3.087568759918213,0.6422465443611145,0.5034175515174866,4.772189140319824,3.7406258583068848
874.0,0.0005,0.0,256.0,4.0,0.5696543455123901,0.4619942903518677,4.2327961921691895,3.4328317642211914,0.657013475894928,0.5429456233978271,4.881914138793945,4.034337043762207
874.0,0.0005,0.1,64.0,2.0,0.5613942742347717,0.43552398681640625,4.171419143676758,3.236144542694092,0.6213098168373108,0.49493682384490967,4.616618633270264,3.6776089668273926
874.0,0.0005,0.1,64.0,4.0,0.5332230925559998,0.4233667850494385,3.962095022201538,3.145811080932617,0.5782126784324646,0.44900840520858765,4.296389579772949,3.33634090423584
874.0,0.0005,0.1,256.0,2.0,0.5542827844619751,0.432260125875473,4.118577480316162,3.211893081665039,0.6529659032821655,0.5329516530036926,4.851839065551758,3.960078001022339
874.0,0.0005,0.1,256.0,4.0,0.5231108665466309,0.4124799370765686,3.886955499649048,3.0649166107177734,0.5963008403778076,0.4579601287841797,4.43079137802124,3.402855396270752
874.0,0.0001,0.0,64.0,2.0,0.535599946975708,0.4261859357357025,3.9797558784484863,3.1667585372924805,0.6101741194725037,0.4839298129081726,4.533876419067383,3.595822811126709
874.0,0.0001,0.0,64.0,4.0,0.5456775426864624,0.4399709701538086,4.054636478424072,3.2691879272460938,0.635816216468811,0.5009097456932068,4.7244086265563965,3.721991539001465
874.0,0.0001,0.0,256.0,2.0,0.5439810752868652,0.42872321605682373,4.0420308113098145,3.1856114864349365,0.6425257325172424,0.4992043972015381,4.774264335632324,3.709320068359375
874.0,0.0001,0.0,256.0,4.0,0.5365759134292603,0.42476141452789307,3.9870076179504395,3.1561741828918457,0.6221209764480591,0.4877500534057617,4.622646808624268,3.624208450317383
874.0,0.0001,0.1,64.0,2.0,0.5269041061401367,0.41714543104171753,3.9151413440704346,3.099583625793457,0.5849488377571106,0.4702112674713135,4.34644079208374,3.493886947631836
874.0,0.0001,0.1,64.0,4.0,0.5119160413742065,0.39928358793258667,3.8037731647491455,2.9668617248535156,0.6021870374679565,0.4746793210506439,4.474527835845947,3.5270872116088867
874.0,0.0001,0.1,256.0,2.0,0.527290403842926,0.3997758626937866,3.9180116653442383,2.97052001953125,0.6337154507637024,0.4904826283454895,4.708798885345459,3.644512414932251
874.0,0.0001,0.1,256.0,4.0,0.524735152721405,0.4272995889186859,3.8990249633789062,3.1750335693359375,0.585590124130249,0.46984225511550903,4.351205825805664,3.491145133972168
875.0,0.001,0.0,64.0,2.0,0.5029816627502441,0.4144541323184967,3.9959287643432617,3.2926230430603027,0.5595021843910217,0.4427899122238159,4.444954872131348,3.5177366733551025
875.0,0.001,0.0,64.0,4.0,0.48777928948402405,0.4000319242477417,3.8751533031463623,3.178046703338623,0.5172219276428223,0.4159848093986511,4.109060287475586,3.3047842979431152
875.0,0.001,0.0,256.0,2.0,0.5296645760536194,0.4332889914512634,4.207910060882568,3.442255973815918,0.5539103746414185,0.4404389262199402,4.4005303382873535,3.499058723449707
875.0,0.001,0.0,256.0,4.0,0.49802929162979126,0.42074406147003174,3.9565839767456055,3.34259295463562,0.5452454090118408,0.42900359630584717,4.331691741943359,3.4082107543945312
875.0,0.001,0.1,64.0,2.0,0.4713655412197113,0.39919722080230713,3.7447545528411865,3.171414375305176,0.5074071884155273,0.39524608850479126,4.031087398529053,3.1400253772735596
875.0,0.001,0.1,64.0,4.0,0.47126859426498413,0.3853070139884949,3.7439849376678467,3.0610647201538086,0.5068612098693848,0.38839268684387207,4.026749610900879,3.0855793952941895
875.0,0.001,0.1,256.0,2.0,0.5317572355270386,0.44872844219207764,4.224536418914795,3.564915657043457,0.510346531867981,0.4038452208042145,4.054438591003418,3.208341360092163
875.0,0.001,0.1,256.0,4.0,0.5238975286483765,0.43203192949295044,4.1620941162109375,3.432269811630249,0.5056494474411011,0.39313462376594543,4.017122268676758,3.12325119972229
875.0,0.0005,0.0,64.0,2.0,0.4699667990207672,0.3895806074142456,3.733642816543579,3.0950162410736084,0.5050014853477478,0.3976207673549652,4.011974811553955,3.15889048576355
875.0,0.0005,0.0,64.0,4.0,0.491722047328949,0.4072275757789612,3.906477212905884,3.2352123260498047,0.5066050291061401,0.4130551517009735,4.02471399307251,3.2815091609954834
875.0,0.0005,0.0,256.0,2.0,0.5194414258003235,0.4355902671813965,4.126692771911621,3.4605393409729004,0.48910659551620483,0.37456631660461426,3.885697603225708,2.9757347106933594
875.0,0.0005,0.0,256.0,4.0,0.48904547095298767,0.3945155143737793,3.8852128982543945,3.1342215538024902,0.5109112858772278,0.3988761305809021,4.058924674987793,3.168863296508789
875.0,0.0005,0.1,64.0,2.0,0.5033465623855591,0.42135196924209595,3.9988272190093994,3.3474230766296387,0.503149151802063,0.3870179057121277,3.9972596168518066,3.0746572017669678
875.0,0.0005,0.1,64.0,4.0,0.49450814723968506,0.4113599359989166,3.9286112785339355,3.2680416107177734,0.4955543875694275,0.39644572138786316,3.9369237422943115,3.1495563983917236
875.0,0.0005,0.1,256.0,2.0,0.4835011959075928,0.3953368067741394,3.8411669731140137,3.140746593475342,0.5010116100311279,0.39291495084762573,3.9802775382995605,3.1215052604675293
875.0,0.0005,0.1,256.0,4.0,0.494332492351532,0.4225195348262787,3.927215337753296,3.356698513031006,0.5294020175933838,0.42286378145217896,4.205825328826904,3.3594343662261963
875.0,0.0001,0.0,64.0,2.0,0.46972912549972534,0.3934621810913086,3.731755018234253,3.1258535385131836,0.4724711775779724,0.3680177330970764,3.7535386085510254,2.923710346221924
875.0,0.0001,0.0,64.0,4.0,0.5037789940834045,0.420226514339447,4.002263069152832,3.338481903076172,0.500486433506012,0.38781532645225525,3.976105213165283,3.080991506576538
875.0,0.0001,0.0,256.0,2.0,0.5010073781013489,0.40767374634742737,3.9802439212799072,3.238757371902466,0.526408851146698,0.4044472277164459,4.1820454597473145,3.2131237983703613
875.0,0.0001,0.0,256.0,4.0,0.4942382574081421,0.4159315228462219,3.926466941833496,3.3043601512908936,0.5095906853675842,0.40610599517822266,4.048434257507324,3.226302146911621
875.0,0.0001,0.1,64.0,2.0,0.4857695698738098,0.4104154109954834,3.8591878414154053,3.260538101196289,0.5056089758872986,0.3930915594100952,4.016801357269287,3.122908592224121
875.0,0.0001,0.1,64.0,4.0,0.5119589567184448,0.43399083614349365,4.067248821258545,3.4478323459625244,0.49377119541168213,0.3805626630783081,3.922755479812622,3.0233726501464844
875.0,0.0001,0.1,256.0,2.0,0.4766141474246979,0.4010351300239563,3.786452293395996,3.186016321182251,0.5156336426734924,0.40789785981178284,4.096442222595215,3.240537166595459
875.0,0.0001,0.1,256.0,4.0,0.46167925000190735,0.3750746250152588,3.6678028106689453,2.97977352142334,0.5165804624557495,0.41002023220062256,4.103964328765869,3.257399082183838
876.0,0.001,0.0,64.0,2.0,0.5146535038948059,0.4328913986682892,3.882565975189209,3.26574969291687,0.5662966370582581,0.47287318110466003,4.272161960601807,3.5673723220825195
876.0,0.001,0.0,64.0,4.0,0.528104841709137,0.4367349147796631,3.984043836593628,3.2947449684143066,0.6090993881225586,0.5063514113426208,4.595067977905273,3.8199334144592285
876.0,0.001,0.0,256.0,2.0,0.5093415379524231,0.4267880320549011,3.842491626739502,3.2197046279907227,0.5790876746177673,0.4890008866786957,4.368659973144531,3.6890411376953125
876.0,0.001,0.0,256.0,4.0,0.5921983122825623,0.48505842685699463,4.467567443847656,3.6593000888824463,0.601002037525177,0.510078489780426,4.5339813232421875,3.848051071166992
876.0,0.001,0.1,64.0,2.0,0.5421331524848938,0.44165369868278503,4.089873313903809,3.3318519592285156,0.6031922101974487,0.4970434308052063,4.550503730773926,3.749713897705078
876.0,0.001,0.1,64.0,4.0,0.5358824729919434,0.44503283500671387,4.042718410491943,3.357344627380371,0.578626275062561,0.48356038331985474,4.365178108215332,3.6479978561401367
876.0,0.001,0.1,256.0,2.0,0.6258794069290161,0.5033565163612366,4.721658706665039,3.7973408699035645,0.580496072769165,0.4666944742202759,4.379283428192139,3.5207598209381104
876.0,0.001,0.1,256.0,4.0,0.5519784688949585,0.4473666548728943,4.164146900177002,3.374951124191284,0.5919700264930725,0.5011696815490723,4.46584415435791,3.7808432579040527
876.0,0.0005,0.0,64.0,2.0,0.536007821559906,0.4300227761268616,4.043663501739502,3.244107961654663,0.5792520046234131,0.48842543363571167,4.369899272918701,3.6847000122070312
876.0,0.0005,0.0,64.0,4.0,0.5678885579109192,0.4792434871196747,4.284173011779785,3.615431308746338,0.5669263005256653,0.47086870670318604,4.276913642883301,3.5522515773773193
876.0,0.0005,0.0,256.0,2.0,0.5903451442718506,0.4636084735393524,4.453586101531982,3.4974794387817383,0.6548826098442078,0.5509517788887024,4.940459251403809,4.156401634216309
876.0,0.0005,0.0,256.0,4.0,0.5820992588996887,0.4652770757675171,4.391378879547119,3.5100677013397217,0.5614525079727173,0.4679131507873535,4.23561954498291,3.529954671859741
876.0,0.0005,0.1,64.0,2.0,0.49484241008758545,0.40296822786331177,3.7331106662750244,3.0400075912475586,0.5582770109176636,0.4593283534049988,4.211662292480469,3.4651899337768555
876.0,0.0005,0.1,64.0,4.0,0.5436251759529114,0.44122055172920227,4.101129531860352,3.328585147857666,0.5978648066520691,0.5027211904525757,4.510314464569092,3.7925477027893066
876.0,0.0005,0.1,256.0,2.0,0.5604279637336731,0.46665245294570923,4.2278900146484375,3.5204434394836426,0.5975821614265442,0.5010538697242737,4.508182048797607,3.779968738555908
876.0,0.0005,0.1,256.0,4.0,0.534309446811676,0.42792752385139465,4.030850410461426,3.2283010482788086,0.6736223697662354,0.5516204237937927,5.081831455230713,4.161444664001465
876.0,0.0001,0.0,64.0,2.0,0.5181342363357544,0.42135345935821533,3.908825159072876,3.178706645965576,0.5763407945632935,0.48990896344184875,4.347936630249023,3.695891857147217
876.0,0.0001,0.0,64.0,4.0,0.5262365937232971,0.4402956962585449,3.9699482917785645,3.3216071128845215,0.5771566033363342,0.49093812704086304,4.354090213775635,3.703655242919922
876.0,0.0001,0.0,256.0,2.0,0.5577197074890137,0.4653542637825012,4.20745849609375,3.5106499195098877,0.5911277532577515,0.5094671249389648,4.459489822387695,3.8434391021728516
876.0,0.0001,0.0,256.0,4.0,0.559634268283844,0.45265883207321167,4.221902370452881,3.4148755073547363,0.5959687829017639,0.5017939805984497,4.496011257171631,3.785552501678467
876.0,0.0001,0.1,64.0,2.0,0.5578532218933105,0.4563695192337036,4.208466053009033,3.442869186401367,0.6043676733970642,0.5077681541442871,4.559372425079346,3.8306221961975098
876.0,0.0001,0.1,64.0,4.0,0.51031094789505,0.42165809869766235,3.8498055934906006,3.181004762649536,0.5682541131973267,0.4692836403846741,4.286930084228516,3.5402932167053223
876.0,0.0001,0.1,256.0,2.0,0.5322325825691223,0.4389011263847351,4.0151824951171875,3.311086416244507,0.5567630529403687,0.4664005637168884,4.2002410888671875,3.518543243408203
876.0,0.0001,0.1,256.0,4.0,0.5294784307479858,0.432975709438324,3.99440598487854,3.266386032104492,0.6177444458007812,0.5118356347084045,4.660286903381348,3.861307144165039
877.0,0.001,0.0,64.0,2.0,0.4864535629749298,0.38956063985824585,3.7015671730041504,2.964280605316162,0.5468214154243469,0.4293099641799927,4.160923957824707,3.266744613647461
877.0,0.001,0.0,64.0,4.0,0.48310697078704834,0.3894668519496918,3.67610239982605,2.963566780090332,0.5521846413612366,0.42136526107788086,4.20173454284668,3.2062911987304688
877.0,0.001,0.0,256.0,2.0,0.476998507976532,0.3721295893192291,3.6296210289001465,2.8316426277160645,0.5930657982826233,0.47169679403305054,4.512810230255127,3.589277744293213
877.0,0.001,0.0,256.0,4.0,0.5149962306022644,0.41283923387527466,3.9187564849853516,3.141413927078247,0.5809555649757385,0.46295905113220215,4.42065954208374,3.5227901935577393
877.0,0.001,0.1,64.0,2.0,0.4815818965435028,0.406230092048645,3.6644973754882812,3.091123580932617,0.5459075570106506,0.4295969009399414,4.153969764709473,3.268928050994873
877.0,0.001,0.1,64.0,4.0,0.48730865120887756,0.3958382308483124,3.708073377609253,3.01204776763916,0.5623725056648254,0.4413033127784729,4.279256820678711,3.3580057621002197
877.0,0.001,0.1,256.0,2.0,0.4889296293258667,0.39269211888313293,3.7204082012176514,2.9881086349487305,0.5650728344917297,0.43819117546081543,4.299804210662842,3.334324598312378
877.0,0.001,0.1,256.0,4.0,0.49308261275291443,0.3827258050441742,3.752009153366089,2.912271499633789,0.5703406929969788,0.4538039565086365,4.339889049530029,3.4531266689300537
877.0,0.0005,0.0,64.0,2.0,0.48815321922302246,0.3987407684326172,3.7144999504089355,3.034135341644287,0.5747222900390625,0.45538094639778137,4.373229026794434,3.4651265144348145
877.0,0.0005,0.0,64.0,4.0,0.4927259385585785,0.4014206826686859,3.749295473098755,3.0545272827148438,0.5892881751060486,0.46123361587524414,4.484066009521484,3.5096614360809326
877.0,0.0005,0.0,256.0,2.0,0.48658227920532227,0.3940637707710266,3.7025468349456787,2.9985461235046387,0.5677152276039124,0.45884138345718384,4.319911003112793,3.4914584159851074
877.0,0.0005,0.0,256.0,4.0,0.503042995929718,0.39718395471572876,3.827800989151001,3.0222887992858887,0.5486474633216858,0.4437287449836731,4.174818515777588,3.3764612674713135
877.0,0.0005,0.1,64.0,2.0,0.4765458106994629,0.3805689811706543,3.626176357269287,2.8958606719970703,0.5554829835891724,0.441719114780426,4.226831436157227,3.3611695766448975
877.0,0.0005,0.1,64.0,4.0,0.4628312885761261,0.3640478253364563,3.5218188762664795,2.770146369934082,0.5621799826622009,0.4513111710548401,4.277791500091553,3.4341585636138916
877.0,0.0005,0.1,256.0,2.0,0.4738538861274719,0.3743174374103546,3.6056926250457764,2.84829044342041,0.5856249332427979,0.4729791283607483,4.45619010925293,3.599036455154419
877.0,0.0005,0.1,256.0,4.0,0.5175129771232605,0.39845341444015503,3.9379072189331055,3.0319483280181885,0.5854352712631226,0.4631996154785156,4.454747200012207,3.524620771408081
877.0,0.0001,0.0,64.0,2.0,0.4713582992553711,0.3798155188560486,3.586702346801758,2.890127182006836,0.5655555129051208,0.45493030548095703,4.303476810455322,3.4616973400115967
877.0,0.0001,0.0,64.0,4.0,0.48962166905403137,0.399079829454422,3.7256741523742676,3.036714553833008,0.5496904253959656,0.42866602540016174,4.1827545166015625,3.2618446350097656
877.0,0.0001,0.0,256.0,2.0,0.48203256726264954,0.38812336325645447,3.667926549911499,2.9533438682556152,0.5743862986564636,0.4506744146347046,4.370673179626465,3.4293136596679688
877.0,0.0001,0.0,256.0,4.0,0.4614852964878082,0.36316925287246704,3.5115766525268555,2.763460636138916,0.5577872395515442,0.45078244805336,4.2443647384643555,3.4301347732543945
877.0,0.0001,0.1,64.0,2.0,0.48100313544273376,0.3946359157562256,3.6600935459136963,3.0029001235961914,0.5525283217430115,0.4428277015686035,4.204348564147949,3.3696045875549316
877.0,0.0001,0.1,64.0,4.0,0.468669593334198,0.3809114694595337,3.56624436378479,2.8984665870666504,0.566047728061676,0.45719820261001587,4.307220935821533,3.4789538383483887
877.0,0.0001,0.1,256.0,2.0,0.46932417154312134,0.3849257230758667,3.5712246894836426,2.9290120601654053,0.5454196929931641,0.43721896409988403,4.150257110595703,3.3269271850585938
877.0,0.0001,0.1,256.0,4.0,0.4731471538543701,0.3673974871635437,3.6003146171569824,2.7956337928771973,0.5718922019004822,0.4656159281730652,4.351694583892822,3.5430073738098145
878.0,0.001,0.0,64.0,2.0,0.5110138654708862,0.4046573340892792,4.102151393890381,3.2483766078948975,0.5803032517433167,0.4863385856151581,4.658369541168213,3.9040703773498535
878.0,0.001,0.0,64.0,4.0,0.5009724497795105,0.39755791425704956,4.021544456481934,3.1913864612579346,0.5755345821380615,0.470304399728775,4.620089054107666,3.7753567695617676
878.0,0.001,0.0,256.0,2.0,0.614408552646637,0.4861779510974884,4.932149410247803,3.9027812480926514,0.6640045046806335,0.5409923195838928,5.3302788734436035,4.342802047729492
878.0,0.001,0.0,256.0,4.0,0.4938119649887085,0.3878023028373718,3.9640631675720215,3.113072633743286,0.5997264981269836,0.49042001366615295,4.814289093017578,3.9368340969085693
878.0,0.001,0.1,64.0,2.0,0.4479916989803314,0.3550786077976227,3.596242904663086,2.8503849506378174,0.5316733717918396,0.4296267032623291,4.2679948806762695,3.448817729949951
878.0,0.001,0.1,64.0,4.0,0.4580814242362976,0.3738132119178772,3.677237033843994,3.0007762908935547,0.5529732704162598,0.4460299611091614,4.43897819519043,3.580493927001953
878.0,0.001,0.1,256.0,2.0,0.4961532652378082,0.40302640199661255,3.982858419418335,3.2352845668792725,0.5975850820541382,0.499298095703125,4.797098636627197,4.0081024169921875
878.0,0.001,0.1,256.0,4.0,0.4974827468395233,0.39355188608169556,3.993530511856079,3.1592283248901367,0.5123352408409119,0.4107972979545593,4.112758636474609,3.2976651191711426
878.0,0.0005,0.0,64.0,2.0,0.47135138511657715,0.37962108850479126,3.783761978149414,3.047398805618286,0.5335245132446289,0.4465796947479248,4.282855033874512,3.5849077701568604
878.0,0.0005,0.0,64.0,4.0,0.4877402186393738,0.394385427236557,3.9153223037719727,3.1659188270568848,0.5717716813087463,0.46348389983177185,4.5898823738098145,3.72060489654541
878.0,0.0005,0.0,256.0,2.0,0.4710768461227417,0.3833012878894806,3.78155779838562,3.0769410133361816,0.5608229041099548,0.4683065414428711,4.501991271972656,3.7593190670013428
878.0,0.0005,0.0,256.0,4.0,0.4858224093914032,0.3875415325164795,3.899928331375122,3.110980987548828,0.5538808107376099,0.46225088834762573,4.446264266967773,3.710707664489746
878.0,0.0005,0.1,64.0,2.0,0.4358523488044739,0.3461604118347168,3.498793840408325,2.7787938117980957,0.5268912315368652,0.43006736040115356,4.2296061515808105,3.452354907989502
878.0,0.0005,0.1,64.0,4.0,0.44749268889427185,0.35703903436660767,3.5922372341156006,2.8661227226257324,0.548346221446991,0.45039698481559753,4.4018354415893555,3.6155507564544678
878.0,0.0005,0.1,256.0,2.0,0.5402916073799133,0.44128212332725525,4.337177753448486,3.542381525039673,0.5777009725570679,0.4828363358974457,4.63748025894165,3.8759562969207764
878.0,0.0005,0.1,256.0,4.0,0.43999046087265015,0.3519955277442932,3.5320122241973877,2.8256351947784424,0.6350115537643433,0.49984240531921387,5.09753942489624,4.012472152709961
878.0,0.0001,0.0,64.0,2.0,0.4595886766910553,0.3736609220504761,3.6893367767333984,2.999553680419922,0.5482030510902405,0.45341426134109497,4.400686264038086,3.639770984649658
878.0,0.0001,0.0,64.0,4.0,0.48410141468048096,0.3842232823371887,3.8861119747161865,3.0843424797058105,0.5462096929550171,0.44161492586135864,4.384685039520264,3.545053482055664
878.0,0.0001,0.0,256.0,2.0,0.5123395323753357,0.3898012042045593,4.112793445587158,3.129119396209717,0.602742612361908,0.5018449425697327,4.838501453399658,4.028547763824463
878.0,0.0001,0.0,256.0,4.0,0.5166707038879395,0.4171684980392456,4.147562026977539,3.3488101959228516,0.5717003345489502,0.48238107562065125,4.589310169219971,3.872302293777466
878.0,0.0001,0.1,64.0,2.0,0.4508056938648224,0.35147160291671753,3.6188316345214844,2.82142972946167,0.5797216296195984,0.474821537733078,4.653700828552246,3.8116183280944824
878.0,0.0001,0.1,64.0,4.0,0.4508008360862732,0.3523103892803192,3.618792772293091,2.828162670135498,0.5345926880836487,0.4288739264011383,4.29142951965332,3.442775249481201
878.0,0.0001,0.1,256.0,2.0,0.49344876408576965,0.3987846374511719,3.9611477851867676,3.201233386993408,0.5393434166908264,0.43845510482788086,4.329564571380615,3.5196869373321533
878.0,0.0001,0.1,256.0,4.0,0.4802864193916321,0.3861761689186096,3.855487585067749,3.100019931793213,0.5596508979797363,0.46915632486343384,4.492584228515625,3.766140937805176
879.0,0.001,0.0,64.0,2.0,0.5859323143959045,0.470472514629364,4.4803080558776855,3.597449541091919,0.5650148987770081,0.4477657675743103,4.320363998413086,3.423823356628418
879.0,0.001,0.0,64.0,4.0,0.5485857725143433,0.4422454833984375,4.194739818572998,3.381612777709961,0.5450221300125122,0.42243069410324097,4.1674909591674805,3.230100154876709
879.0,0.001,0.0,256.0,2.0,0.5465363264083862,0.43499916791915894,4.179068088531494,3.3262038230895996,0.5728030204772949,0.4635823965072632,4.379916667938232,3.544764995574951
879.0,0.001,0.0,256.0,4.0,0.6063576936721802,0.48500940203666687,4.636490345001221,3.7086052894592285,0.5816182494163513,0.4557010531425476,4.44732141494751,3.4845004081726074
879.0,0.001,0.1,64.0,2.0,0.5466527938842773,0.4489094913005829,4.179958343505859,3.4325685501098633,0.5687713027000427,0.44611310958862305,4.349088191986084,3.411186695098877
879.0,0.001,0.1,64.0,4.0,0.556251585483551,0.45375287532806396,4.253355503082275,3.4696035385131836,0.5542073249816895,0.4310126304626465,4.237724304199219,3.2957210540771484
879.0,0.001,0.1,256.0,2.0,0.5581066608428955,0.4374132752418518,4.26754093170166,3.344663619995117,0.5791998505592346,0.4543546736240387,4.428829669952393,3.474205732345581
879.0,0.001,0.1,256.0,4.0,0.5406345129013062,0.4407355785369873,4.133940696716309,3.370067596435547,0.5504783391952515,0.4352187514305115,4.209211826324463,3.327882766723633
879.0,0.0005,0.0,64.0,2.0,0.565241813659668,0.4696164131164551,4.322099208831787,3.5909037590026855,0.5683386921882629,0.4539642930030823,4.345780372619629,3.4712204933166504
879.0,0.0005,0.0,64.0,4.0,0.5317330956459045,0.4205687940120697,4.065876483917236,3.2158634662628174,0.5529298782348633,0.44066089391708374,4.227957248687744,3.3694963455200195
879.0,0.0005,0.0,256.0,2.0,0.5830259919166565,0.4667072296142578,4.458086013793945,3.5686588287353516,0.5584432482719421,0.43539857864379883,4.270114898681641,3.329258918762207
879.0,0.0005,0.0,256.0,4.0,0.5898706912994385,0.4574875235557556,4.510423183441162,3.4981606006622314,0.6008381843566895,0.48000288009643555,4.59428596496582,3.670323371887207
879.0,0.0005,0.1,64.0,2.0,0.5190390944480896,0.4224070608615875,3.9688124656677246,3.22991943359375,0.5563739538192749,0.44051456451416016,4.254292011260986,3.368377208709717
879.0,0.0005,0.1,64.0,4.0,0.5647678971290588,0.4621964991092682,4.318475246429443,3.5341672897338867,0.5672967433929443,0.447625070810318,4.337813854217529,3.42274808883667
879.0,0.0005,0.1,256.0,2.0,0.5550299286842346,0.4513739347457886,4.244014263153076,3.451413154602051,0.5902733206748962,0.4501451849937439,4.51350212097168,3.4420173168182373
879.0,0.0005,0.1,256.0,4.0,0.604826033115387,0.48602887988090515,4.624777317047119,3.716400146484375,0.6144304275512695,0.503632664680481,4.69821834564209,3.8510076999664307
879.0,0.0001,0.0,64.0,2.0,0.518722653388977,0.42778724431991577,3.9663920402526855,3.2710585594177246,0.5611015558242798,0.4528270959854126,4.290441513061523,3.462524890899658
879.0,0.0001,0.0,64.0,4.0,0.5403180122375488,0.44162359833717346,4.131520748138428,3.376857280731201,0.5637709498405457,0.4560958743095398,4.310853004455566,3.4875197410583496
879.0,0.0001,0.0,256.0,2.0,0.5748735070228577,0.46097254753112793,4.395747661590576,3.524808406829834,0.5850130915641785,0.4634549617767334,4.47327995300293,3.543790340423584
879.0,0.0001,0.0,256.0,4.0,0.5678314566612244,0.44441092014312744,4.3419013023376465,3.3981709480285645,0.5575174689292908,0.4431688189506531,4.263036251068115,3.3886733055114746
879.0,0.0001,0.1,64.0,2.0,0.5502482056617737,0.45625728368759155,4.207451343536377,3.4887537956237793,0.568075954914093,0.4561915993690491,4.343771457672119,3.4882519245147705
879.0,0.0001,0.1,64.0,4.0,0.5508631467819214,0.456061989068985,4.212153434753418,3.487259864807129,0.5955231189727783,0.4812048077583313,4.55364465713501,3.679513692855835
879.0,0.0001,0.1,256.0,2.0,0.5273093581199646,0.4276663362979889,4.032049655914307,3.2701339721679688,0.5624752640724182,0.44618910551071167,4.300944805145264,3.41176700592041
879.0,0.0001,0.1,256.0,4.0,0.5561532378196716,0.4464574456214905,4.252604007720947,3.4138193130493164,0.5741944313049316,0.45442646741867065,4.390554904937744,3.4747538566589355
880.0,0.001,0.0,64.0,2.0,0.6249951124191284,0.505513072013855,4.737267017364502,3.8316307067871094,0.5958966016769409,0.4706266522407532,4.516709804534912,3.567202568054199
880.0,0.001,0.0,64.0,4.0,0.5927767753601074,0.49285146594047546,4.4930620193481445,3.735659122467041,0.6029050350189209,0.47393351793289185,4.569831371307373,3.5922675132751465
880.0,0.001,0.0,256.0,2.0,0.6352676153182983,0.527761697769165,4.81512975692749,4.000268459320068,0.6325697302818298,0.4932839274406433,4.794680595397949,3.7389378547668457
880.0,0.001,0.0,256.0,4.0,0.6549678444862366,0.52466881275177,4.964451313018799,3.9768242835998535,0.6422026753425598,0.4851798117160797,4.867694854736328,3.677511215209961
880.0,0.001,0.1,64.0,2.0,0.5843828320503235,0.476909875869751,4.429439067840576,3.6148276329040527,0.6073705554008484,0.489155650138855,4.6036787033081055,3.7076468467712402
880.0,0.001,0.1,64.0,4.0,0.5920733213424683,0.48562195897102356,4.487730503082275,3.6808624267578125,0.5964899063110352,0.47207313776016235,4.521205902099609,3.5781664848327637
880.0,0.001,0.1,256.0,2.0,0.6420831084251404,0.5421597957611084,4.866788864135742,4.109401702880859,0.6339928507804871,0.501533031463623,4.805467128753662,3.8014628887176514
880.0,0.001,0.1,256.0,4.0,0.6490963697433472,0.5348289012908936,4.919947147369385,4.053834915161133,0.6234639883041382,0.48982763290405273,4.725661277770996,3.712739944458008
880.0,0.0005,0.0,64.0,2.0,0.6161317825317383,0.5087019205093384,4.670085430145264,3.8558011054992676,0.6088153123855591,0.47031402587890625,4.614628791809082,3.5648326873779297
880.0,0.0005,0.0,64.0,4.0,0.6031547784805298,0.4897499680519104,4.571723461151123,3.7121505737304688,0.6044259667396545,0.4732290208339691,4.581359386444092,3.586928367614746
880.0,0.0005,0.0,256.0,2.0,0.6175920963287354,0.5160959959030151,4.681154727935791,3.9118456840515137,0.6039626598358154,0.4794970750808716,4.577847957611084,3.6344377994537354
880.0,0.0005,0.0,256.0,4.0,0.60901939868927,0.5028558373451233,4.616176605224609,3.8114898204803467,0.6323819160461426,0.49590831995010376,4.793256759643555,3.7588295936584473
880.0,0.0005,0.1,64.0,2.0,0.596734881401062,0.4898380637168884,4.5230631828308105,3.7128186225891113,0.6041344404220581,0.47976312041282654,4.5791497230529785,3.6364545822143555
880.0,0.0005,0.1,64.0,4.0,0.6064672470092773,0.4997943639755249,4.596831798553467,3.7882847785949707,0.6119462847709656,0.4847900867462158,4.638360977172852,3.6745574474334717
880.0,0.0005,0.1,256.0,2.0,0.6120716333389282,0.5048661231994629,4.639310836791992,3.8267269134521484,0.6178640723228455,0.49733391404151917,4.683215618133545,3.76963472366333
880.0,0.0005,0.1,256.0,4.0,0.6338701844215393,0.526235044002533,4.804537296295166,3.988696575164795,0.6299325227737427,0.4983172118663788,4.774690628051758,3.777088165283203
880.0,0.0001,0.0,64.0,2.0,0.6248290538787842,0.5100220441818237,4.736008167266846,3.86580753326416,0.5992783308029175,0.4677582383155823,4.542341232299805,3.5454607009887695
880.0,0.0001,0.0,64.0,4.0,0.6108940243721008,0.5055675506591797,4.630384922027588,3.832042932510376,0.6036193370819092,0.47560927271842957,4.575245380401611,3.6049692630767822
880.0,0.0001,0.0,256.0,2.0,0.6147769689559937,0.5077025890350342,4.659816741943359,3.848227024078369,0.6247658133506775,0.4904029965400696,4.735529899597168,3.717101573944092
880.0,0.0001,0.0,256.0,4.0,0.6082546710968018,0.5105463862419128,4.610379219055176,3.869781255722046,0.6422169804573059,0.4978528916835785,4.867804050445557,3.773569107055664
880.0,0.0001,0.1,64.0,2.0,0.5920470356941223,0.5006212592124939,4.487530708312988,3.7945523262023926,0.5865574479103088,0.467436283826828,4.445922374725342,3.543020725250244
880.0,0.0001,0.1,64.0,4.0,0.5823994874954224,0.476214200258255,4.414405345916748,3.6095542907714844,0.5949997305870056,0.4849298596382141,4.50991153717041,3.675616502761841
880.0,0.0001,0.1,256.0,2.0,0.6074835658073425,0.4968556761741638,4.60453462600708,3.7660093307495117,0.6221964359283447,0.48050379753112793,4.716053485870361,3.642068386077881
880.0,0.0001,0.1,256.0,4.0,0.5878209471702576,0.49202805757522583,4.455498695373535,3.7294187545776367,0.6193220615386963,0.49760469794273376,4.694267749786377,3.7716875076293945
881.0,0.001,0.0,64.0,2.0,0.5975778102874756,0.5117979049682617,4.372140407562256,3.7445380687713623,0.6284391283988953,0.5350391864776611,4.597935676574707,3.914581298828125
881.0,0.001,0.0,64.0,4.0,0.5642895698547363,0.4724472165107727,4.128588676452637,3.4566304683685303,0.612126886844635,0.5154770016670227,4.478589057922363,3.771455764770508
881.0,0.001,0.0,256.0,2.0,0.5573877096176147,0.4712976813316345,4.078091621398926,3.4482200145721436,0.640287458896637,0.5439400672912598,4.684623718261719,3.979703903198242
881.0,0.001,0.0,256.0,4.0,0.5704753398895264,0.4793303310871124,4.173847198486328,3.506990432739258,0.5894716382026672,0.4704229235649109,4.312832355499268,3.4418203830718994
881.0,0.001,0.1,64.0,2.0,0.5677247643470764,0.4636015295982361,4.153721809387207,3.391911029815674,0.6110052466392517,0.49393564462661743,4.470381736755371,3.61384916305542
881.0,0.001,0.1,64.0,4.0,0.584758460521698,0.485246479511261,4.278348445892334,3.5502748489379883,0.6381030678749084,0.5228286981582642,4.668641090393066,3.8252434730529785
881.0,0.001,0.1,256.0,2.0,0.6360188126564026,0.5438522696495056,4.653390884399414,3.979060411453247,0.7073133587837219,0.5968179702758789,5.175014495849609,4.366581916809082
881.0,0.001,0.1,256.0,4.0,0.5961901545524597,0.4946122169494629,4.361987590789795,3.6187992095947266,0.7142305374145508,0.6200997233390808,5.22562313079834,4.536920547485352
881.0,0.0005,0.0,64.0,2.0,0.5621098875999451,0.4686412811279297,4.112641334533691,3.428783655166626,0.6392479538917542,0.514944314956665,4.677018165588379,3.7675583362579346
881.0,0.0005,0.0,64.0,4.0,0.5761259198188782,0.4891679286956787,4.215189456939697,3.5789661407470703,0.6537280082702637,0.5350203514099121,4.782960414886475,3.914443016052246
881.0,0.0005,0.0,256.0,2.0,0.596479058265686,0.49194008111953735,4.364101886749268,3.5992488861083984,0.6378430724143982,0.5368621945381165,4.666738510131836,3.9279184341430664
881.0,0.0005,0.0,256.0,4.0,0.5598548054695129,0.47070711851119995,4.096141815185547,3.4438986778259277,0.6502620577812195,0.542385458946228,4.757602214813232,3.968329668045044
881.0,0.0005,0.1,64.0,2.0,0.5570420622825623,0.46712908148765564,4.075562000274658,3.417719841003418,0.6091628670692444,0.48970305919647217,4.456902027130127,3.5828816890716553
881.0,0.0005,0.1,64.0,4.0,0.5662301182746887,0.4784835875034332,4.142787456512451,3.500795364379883,0.6446467638015747,0.5300536155700684,4.716518878936768,3.8781046867370605
881.0,0.0005,0.1,256.0,2.0,0.5494235754013062,0.4686928987503052,4.01982307434082,3.429161787033081,0.6426554322242737,0.5305107831954956,4.701948165893555,3.881448984146118
881.0,0.0005,0.1,256.0,4.0,0.5681942105293274,0.47282493114471436,4.1571574211120605,3.4593944549560547,0.6645640134811401,0.5488401651382446,4.862241268157959,4.015554428100586
881.0,0.0001,0.0,64.0,2.0,0.5666506290435791,0.483356773853302,4.145864009857178,3.536449909210205,0.6253167390823364,0.5034538507461548,4.575090408325195,3.683488130569458
881.0,0.0001,0.0,64.0,4.0,0.5760235786437988,0.4892423748970032,4.21444034576416,3.5795111656188965,0.6363754272460938,0.5114166736602783,4.656001091003418,3.741748332977295
881.0,0.0001,0.0,256.0,2.0,0.5681242346763611,0.46400368213653564,4.156646251678467,3.3948545455932617,0.6230974197387695,0.5013601779937744,4.5588531494140625,3.6681697368621826
881.0,0.0001,0.0,256.0,4.0,0.5710131525993347,0.4656183421611786,4.1777825355529785,3.406667709350586,0.6225999593734741,0.5278305411338806,4.555213451385498,3.8618388175964355
881.0,0.0001,0.1,64.0,2.0,0.5595808625221252,0.47178924083709717,4.094138145446777,3.4518165588378906,0.6334799528121948,0.515434980392456,4.634816646575928,3.7711477279663086
881.0,0.0001,0.1,64.0,4.0,0.5638489127159119,0.4794975817203522,4.125365257263184,3.508214235305786,0.6053080558776855,0.49315541982650757,4.4286980628967285,3.608140468597412
881.0,0.0001,0.1,256.0,2.0,0.5672979950904846,0.4729118347167969,4.150599956512451,3.4600300788879395,0.6325119137763977,0.5118793249130249,4.627734661102295,3.745133399963379
881.0,0.0001,0.1,256.0,4.0,0.5724790692329407,0.4659579396247864,4.188506603240967,3.409151554107666,0.6338292956352234,0.5167384743690491,4.637372016906738,3.780684471130371
882.0,0.001,0.0,64.0,2.0,0.5428410172462463,0.42678409814834595,4.195115566253662,3.2982194423675537,0.47562697529792786,0.3829331398010254,3.6756813526153564,2.9593358039855957
882.0,0.001,0.0,64.0,4.0,0.575923502445221,0.4437596797943115,4.450778961181641,3.4294075965881348,0.48763999342918396,0.3858444392681122,3.768519163131714,2.981834888458252
882.0,0.001,0.0,256.0,2.0,0.5835735201835632,0.4754217565059662,4.509898662567139,3.6740946769714355,0.5388680100440979,0.43239834904670715,4.164412498474121,3.3416061401367188
882.0,0.001,0.0,256.0,4.0,0.5446738004684448,0.4158132076263428,4.209279537200928,3.213435649871826,0.46821343898773193,0.3755296468734741,3.6183886528015137,2.902121067047119
882.0,0.001,0.1,64.0,2.0,0.5573283433914185,0.44859930872917175,4.307074069976807,3.466808319091797,0.46863412857055664,0.38202154636383057,3.6216394901275635,2.9522910118103027
882.0,0.001,0.1,64.0,4.0,0.5473133325576782,0.4356400966644287,4.229677677154541,3.3666586875915527,0.497514009475708,0.39013344049453735,3.844825029373169,3.014979839324951
882.0,0.001,0.1,256.0,2.0,0.5656891465187073,0.44453883171081543,4.371686935424805,3.4354288578033447,0.4976573884487152,0.3938377797603607,3.845933198928833,3.043607234954834
882.0,0.001,0.1,256.0,4.0,0.5270712375640869,0.4258216619491577,4.073245048522949,3.2907817363739014,0.500876784324646,0.40407902002334595,3.87081241607666,3.1227521896362305
882.0,0.0005,0.0,64.0,2.0,0.5567917227745056,0.44821882247924805,4.302926540374756,3.463867664337158,0.4682405889034271,0.38497599959373474,3.618597984313965,2.9751229286193848
882.0,0.0005,0.0,64.0,4.0,0.5520721673965454,0.44502782821655273,4.266454219818115,3.4392075538635254,0.49987345933914185,0.4105038642883301,3.8630592823028564,3.1724042892456055
882.0,0.0005,0.0,256.0,2.0,0.6468391418457031,0.529566764831543,4.998821258544922,4.092531204223633,0.5311900973320007,0.45520898699760437,4.105076313018799,3.5178887844085693
882.0,0.0005,0.0,256.0,4.0,0.562313973903656,0.4499332904815674,4.345603942871094,3.4771175384521484,0.47253793478012085,0.39036113023757935,3.651808738708496,3.016739845275879
882.0,0.0005,0.1,64.0,2.0,0.5517526268959045,0.44476643204689026,4.263984680175781,3.437187671661377,0.4799804985523224,0.3871944546699524,3.709325075149536,2.99226713180542
882.0,0.0005,0.1,64.0,4.0,0.5642821788787842,0.4594030976295471,4.360814571380615,3.5503005981445312,0.4928108751773834,0.3988668918609619,3.808478832244873,3.082472801208496
882.0,0.0005,0.1,256.0,2.0,0.6042909622192383,0.4823032021522522,4.670004844665527,3.7272744178771973,0.5374488234519958,0.4439198672771454,4.153445243835449,3.4306461811065674
882.0,0.0005,0.1,256.0,4.0,0.5586739778518677,0.46179184317588806,4.317474365234375,3.5687618255615234,0.5576290488243103,0.4425707459449768,4.309398174285889,3.420219659805298
882.0,0.0001,0.0,64.0,2.0,0.538950502872467,0.44077467918395996,4.1650495529174805,3.406338691711426,0.4845835566520691,0.3906501233577728,3.744898557662964,3.0189733505249023
882.0,0.0001,0.0,64.0,4.0,0.5661383867263794,0.4590899646282196,4.375158786773682,3.5478808879852295,0.4746643602848053,0.3827472925186157,3.6682419776916504,2.957899332046509
882.0,0.0001,0.0,256.0,2.0,0.575405478477478,0.46652957797050476,4.446775436401367,3.605374574661255,0.49698424339294434,0.4098174571990967,3.840730905532837,3.1670994758605957
882.0,0.0001,0.0,256.0,4.0,0.5690243244171143,0.4370148181915283,4.397461414337158,3.3772826194763184,0.4822348952293396,0.3980228304862976,3.7267470359802246,3.075949192047119
882.0,0.0001,0.1,64.0,2.0,0.5575666427612305,0.44713151454925537,4.308916091918945,3.455465316772461,0.4725392460823059,0.384860634803772,3.6518192291259766,2.9742321968078613
882.0,0.0001,0.1,64.0,4.0,0.5436780452728271,0.4471878707408905,4.2015838623046875,3.4559011459350586,0.4665325880050659,0.3734559416770935,3.6053988933563232,2.8860955238342285
882.0,0.0001,0.1,256.0,2.0,0.5772425532341003,0.46709591150283813,4.460972785949707,3.6097514629364014,0.507949948310852,0.4100087285041809,3.9254753589630127,3.168578624725342
882.0,0.0001,0.1,256.0,4.0,0.5701455473899841,0.4624345302581787,4.406127452850342,3.573728322982788,0.4825981557369232,0.3937721252441406,3.7295546531677246,3.043100357055664
883.0,0.001,0.0,64.0,2.0,0.5132696032524109,0.4293650984764099,3.9768776893615723,3.326775074005127,0.5440524816513062,0.4482060670852661,4.215387344360352,3.4727578163146973
883.0,0.001,0.0,64.0,4.0,0.4831576347351074,0.41035041213035583,3.7435667514801025,3.1794466972351074,0.5100074410438538,0.4096222519874573,3.951601505279541,3.173804759979248
883.0,0.001,0.0,256.0,2.0,0.4663448631763458,0.38196858763694763,3.6132991313934326,2.959540843963623,0.5369975566864014,0.4078496992588043,4.16072416305542,3.1600708961486816
883.0,0.001,0.0,256.0,4.0,0.472699910402298,0.3873752951622009,3.662539005279541,3.0014328956604004,0.5206490755081177,0.4109673500061035,4.034054756164551,3.1842269897460938
883.0,0.001,0.1,64.0,2.0,0.5074642896652222,0.4201134443283081,3.9318976402282715,3.2550923824310303,0.5248838663101196,0.4137977659702301,4.066866874694824,3.206157684326172
883.0,0.001,0.1,64.0,4.0,0.4873170554637909,0.40263089537620544,3.77579402923584,3.119635581970215,0.5417776703834534,0.42212361097335815,4.1977620124816895,3.2706668376922607
883.0,0.001,0.1,256.0,2.0,0.4975014925003052,0.39081525802612305,3.8547043800354004,3.0280861854553223,0.5518714189529419,0.41951194405555725,4.275969505310059,3.250431537628174
883.0,0.001,0.1,256.0,4.0,0.552985668182373,0.4506928324699402,4.284603595733643,3.49202561378479,0.5714541077613831,0.4666159749031067,4.427699565887451,3.6154003143310547
883.0,0.0005,0.0,64.0,2.0,0.54150390625,0.43598753213882446,4.195640563964844,3.378086566925049,0.5460420250892639,0.4306032061576843,4.230802059173584,3.336367130279541
883.0,0.0005,0.0,64.0,4.0,0.5061299204826355,0.4036324620246887,3.9215590953826904,3.1273961067199707,0.5036190748214722,0.3833127021789551,3.902103900909424,2.9699552059173584
883.0,0.0005,0.0,256.0,2.0,0.4767211675643921,0.40031981468200684,3.6936962604522705,3.101729154586792,0.5212098956108093,0.4138234853744507,4.0383992195129395,3.2063560485839844
883.0,0.0005,0.0,256.0,4.0,0.4507247507572174,0.3659417927265167,3.4922726154327393,2.8353633880615234,0.5144272446632385,0.41371291875839233,3.9858474731445312,3.2054991722106934
883.0,0.0005,0.1,64.0,2.0,0.5186285376548767,0.44097307324409485,4.018399715423584,3.4167158603668213,0.5358614921569824,0.42615795135498047,4.15192174911499,3.3019251823425293
883.0,0.0005,0.1,64.0,4.0,0.4830131530761719,0.4065571427345276,3.7424473762512207,3.1500563621520996,0.5062900185585022,0.3966129422187805,3.9227988719940186,3.0730066299438477
883.0,0.0005,0.1,256.0,2.0,0.4606057107448578,0.37817418575286865,3.568831443786621,2.9301419258117676,0.4903040826320648,0.39325839281082153,3.798938035964966,3.047015905380249
883.0,0.0005,0.1,256.0,4.0,0.5301446318626404,0.42960333824157715,4.107627868652344,3.3286216259002686,0.5547934770584106,0.44160521030426025,4.298610687255859,3.4216132164001465
883.0,0.0001,0.0,64.0,2.0,0.48300209641456604,0.39934414625167847,3.742361307144165,3.0941691398620605,0.5269767642021179,0.42091360688209534,4.083083152770996,3.2612924575805664
883.0,0.0001,0.0,64.0,4.0,0.48782750964164734,0.40314456820487976,3.779749631881714,3.1236157417297363,0.5223636627197266,0.4199882745742798,4.047338962554932,3.254121780395508
883.0,0.0001,0.0,256.0,2.0,0.47712984681129456,0.40233176946640015,3.69686222076416,3.1173171997070312,0.5048251748085022,0.41749465465545654,3.911449909210205,3.234801769256592
883.0,0.0001,0.0,256.0,4.0,0.5009618997573853,0.4159701466560364,3.881516933441162,3.222989559173584,0.5066174864768982,0.39162468910217285,3.9253358840942383,3.0343570709228516
883.0,0.0001,0.1,64.0,2.0,0.48348984122276306,0.402307391166687,3.746140480041504,3.117128372192383,0.5174252986907959,0.41344600915908813,4.009076118469238,3.203432083129883
883.0,0.0001,0.1,64.0,4.0,0.5422536730766296,0.45993751287460327,4.201451301574707,3.563655376434326,0.5643635988235474,0.46435609459877014,4.372760772705078,3.5978903770446777
883.0,0.0001,0.1,256.0,2.0,0.5157966613769531,0.4289681017398834,3.996458053588867,3.323699474334717,0.5532222986221313,0.4395267963409424,4.286436080932617,3.4055094718933105
883.0,0.0001,0.1,256.0,4.0,0.5298277139663696,0.4343382716178894,4.105172157287598,3.3653082847595215,0.5597636103630066,0.4482731223106384,4.337119102478027,3.4732768535614014
884.0,0.001,0.0,64.0,2.0,0.5578799247741699,0.4620094299316406,4.338448524475098,3.5928955078125,0.43585091829299927,0.35842397809028625,3.3894691467285156,2.7873451709747314
884.0,0.001,0.0,64.0,4.0,0.5742536783218384,0.4587116241455078,4.465782165527344,3.5672495365142822,0.4507598280906677,0.36871498823165894,3.50541090965271,2.867374897003174
884.0,0.001,0.0,256.0,2.0,0.5951530337333679,0.48299640417099,4.628310203552246,3.7561044692993164,0.49980905652046204,0.3939351439476013,3.886850357055664,3.0635037422180176
884.0,0.001,0.0,256.0,4.0,0.5728641152381897,0.4412478804588318,4.454975605010986,3.431439161300659,0.427011638879776,0.3578113317489624,3.3207290172576904,2.7825815677642822
884.0,0.001,0.1,64.0,2.0,0.5807066559791565,0.4708585739135742,4.515964984893799,3.661712169647217,0.48315730690956116,0.39347028732299805,3.7573556900024414,3.059889316558838
884.0,0.001,0.1,64.0,4.0,0.5707718729972839,0.4764951467514038,4.438704967498779,3.7055459022521973,0.43954527378082275,0.37183046340942383,3.418198585510254,2.891603469848633
884.0,0.001,0.1,256.0,2.0,0.580467939376831,0.47217363119125366,4.514108180999756,3.6719391345977783,0.4903452694416046,0.4010629951953888,3.8132543563842773,3.1189353466033936
884.0,0.001,0.1,256.0,4.0,0.575700581073761,0.46412575244903564,4.477034091949463,3.609353542327881,0.44971781969070435,0.3707946240901947,3.497307538986206,2.883547782897949
884.0,0.0005,0.0,64.0,2.0,0.5527982115745544,0.44515830278396606,4.2989301681518555,3.461850166320801,0.45257553458213806,0.37816321849823,3.5195300579071045,2.940850257873535
884.0,0.0005,0.0,64.0,4.0,0.57715904712677,0.45268914103507996,4.488376617431641,3.5204148292541504,0.44907552003860474,0.37026458978652954,3.49231219291687,2.8794257640838623
884.0,0.0005,0.0,256.0,2.0,0.5705907940864563,0.4538368582725525,4.437297344207764,3.5293402671813965,0.464469313621521,0.37986379861831665,3.6120245456695557,2.954075336456299
884.0,0.0005,0.0,256.0,4.0,0.5916727781295776,0.47745805978775024,4.60124397277832,3.71303391456604,0.49671420454978943,0.4094729423522949,3.8627820014953613,3.184335708618164
884.0,0.0005,0.1,64.0,2.0,0.5717788338661194,0.4629579186439514,4.446535587310791,3.600271224975586,0.4979915916919708,0.39568477869033813,3.872716188430786,3.0771098136901855
884.0,0.0005,0.1,64.0,4.0,0.558515191078186,0.4457259178161621,4.34338903427124,3.466264009475708,0.4495246410369873,0.37000155448913574,3.49580454826355,2.8773796558380127
884.0,0.0005,0.1,256.0,2.0,0.6471637487411499,0.520896315574646,5.032780170440674,4.050840377807617,0.5279157161712646,0.4371568560600281,4.105426788330078,3.399624824523926
884.0,0.0005,0.1,256.0,4.0,0.6018630266189575,0.48915839195251465,4.680490970611572,3.8040242195129395,0.5187515020370483,0.4263315796852112,4.0341596603393555,3.3154401779174805
884.0,0.0001,0.0,64.0,2.0,0.5614819526672363,0.4545575976371765,4.36646032333374,3.534945487976074,0.44536563754081726,0.35193145275115967,3.4634621143341064,2.7368545532226562
884.0,0.0001,0.0,64.0,4.0,0.5688919425010681,0.45120149850845337,4.42408561706543,3.508845806121826,0.4603942334651947,0.38807031512260437,3.580333948135376,3.017894744873047
884.0,0.0001,0.0,256.0,2.0,0.5847494602203369,0.475423663854599,4.547403812408447,3.6972131729125977,0.4599759578704834,0.3911575376987457,3.577080726623535,3.041902542114258
884.0,0.0001,0.0,256.0,4.0,0.5982422828674316,0.46934813261032104,4.6523332595825195,3.649965763092041,0.45982834696769714,0.37564191222190857,3.575934410095215,2.9212441444396973
884.0,0.0001,0.1,64.0,2.0,0.5563564300537109,0.4534239172935486,4.326601505279541,3.5261290073394775,0.425805926322937,0.35985034704208374,3.3113527297973633,2.7984375953674316
884.0,0.0001,0.1,64.0,4.0,0.5562779903411865,0.4538094401359558,4.325991630554199,3.5291271209716797,0.46067655086517334,0.3805708885192871,3.5825302600860596,2.9595746994018555
884.0,0.0001,0.1,256.0,2.0,0.5750495195388794,0.453441858291626,4.47197151184082,3.526268720626831,0.4717559814453125,0.3736567497253418,3.6686906814575195,2.9058055877685547
884.0,0.0001,0.1,256.0,4.0,0.5720100998878479,0.46368443965911865,4.448334217071533,3.6059210300445557,0.4371839165687561,0.3654167950153351,3.3998353481292725,2.841726303100586
885.0,0.001,0.0,64.0,2.0,0.4533521234989166,0.3681489825248718,3.5261292457580566,2.8634276390075684,0.5471242070198059,0.43797892332077026,4.255478858947754,3.406557559967041
885.0,0.001,0.0,64.0,4.0,0.46298810839653015,0.3603969216346741,3.6010775566101074,2.8031320571899414,0.5719713568687439,0.45224636793136597,4.448738098144531,3.517529010772705
885.0,0.001,0.0,256.0,2.0,0.48588353395462036,0.4013998508453369,3.7791554927825928,3.122049331665039,0.5320210456848145,0.4246169924736023,4.1380085945129395,3.3026304244995117
885.0,0.001,0.0,256.0,4.0,0.4838002920150757,0.38817650079727173,3.762951374053955,3.0191991329193115,0.5645228624343872,0.43008702993392944,4.390803337097168,3.34517502784729
885.0,0.001,0.1,64.0,2.0,0.45755520462989807,0.37747323513031006,3.5588204860687256,2.935950517654419,0.5509780645370483,0.43932920694351196,4.285453796386719,3.4170594215393066
885.0,0.001,0.1,64.0,4.0,0.48294156789779663,0.3950956165790558,3.756273031234741,3.0730156898498535,0.5425530076026917,0.4294643700122833,4.219925403594971,3.340332508087158
885.0,0.001,0.1,256.0,2.0,0.4544520378112793,0.38090500235557556,3.5346839427948,2.962642192840576,0.5413424968719482,0.4341607391834259,4.210509777069092,3.3768599033355713
885.0,0.001,0.1,256.0,4.0,0.4909226894378662,0.39314132928848267,3.8183491230010986,3.057814836502075,0.5919954180717468,0.46612370014190674,4.604483127593994,3.625464916229248
885.0,0.0005,0.0,64.0,2.0,0.48427391052246094,0.38975444436073303,3.7666356563568115,3.0314722061157227,0.5468481183052063,0.4286155104637146,4.253331661224365,3.3337297439575195
885.0,0.0005,0.0,64.0,4.0,0.47197985649108887,0.37858644127845764,3.6710140705108643,2.944608688354492,0.5673664212226868,0.459025502204895,4.412922382354736,3.5702567100524902
885.0,0.0005,0.0,256.0,2.0,0.4573553800582886,0.3812703490257263,3.5572657585144043,2.9654836654663086,0.543220043182373,0.4348299503326416,4.225113391876221,3.3820652961730957
885.0,0.0005,0.0,256.0,4.0,0.5416852831840515,0.4452723562717438,4.2131757736206055,3.463284969329834,0.6483350396156311,0.5210565328598022,5.0426859855651855,4.052726745605469
885.0,0.0005,0.1,64.0,2.0,0.46364590525627136,0.38187992572784424,3.6061930656433105,2.970224618911743,0.5673754811286926,0.4504803717136383,4.412991046905518,3.5037927627563477
885.0,0.0005,0.1,64.0,4.0,0.48863503336906433,0.3914291262626648,3.800555944442749,3.0444979667663574,0.5780024528503418,0.472004771232605,4.495646953582764,3.6712071895599365
885.0,0.0005,0.1,256.0,2.0,0.4510959982872009,0.37930405139923096,3.5085816383361816,2.950190305709839,0.5451432466506958,0.4364261031150818,4.2400712966918945,3.394479751586914
885.0,0.0005,0.1,256.0,4.0,0.48908811807632446,0.4118122160434723,3.804079532623291,3.203035354614258,0.58244389295578,0.46749526262283325,4.530191421508789,3.63613224029541
885.0,0.0001,0.0,64.0,2.0,0.4525105953216553,0.3734641969203949,3.5195839405059814,2.904768466949463,0.565804660320282,0.4618699252605438,4.400774002075195,3.592379570007324
885.0,0.0001,0.0,64.0,4.0,0.4680246114730835,0.37151288986206055,3.6402506828308105,2.8895914554595947,0.5697475075721741,0.45101475715637207,4.431440353393555,3.507949113845825
885.0,0.0001,0.0,256.0,2.0,0.4917968213558197,0.41466832160949707,3.825148344039917,3.225250244140625,0.5516647100448608,0.44747522473335266,4.290794372558594,3.4804186820983887
885.0,0.0001,0.0,256.0,4.0,0.47305503487586975,0.3793964385986328,3.6793758869171143,2.950908899307251,0.5652506947517395,0.4522337317466736,4.39646577835083,3.5174307823181152
885.0,0.0001,0.1,64.0,2.0,0.46647942066192627,0.3807283341884613,3.628232002258301,2.961268901824951,0.5499585270881653,0.43738508224487305,4.277524471282959,3.4019389152526855
885.0,0.0001,0.1,64.0,4.0,0.478206604719162,0.39341598749160767,3.719444990158081,3.0599517822265625,0.5773309469223022,0.46438467502593994,4.490423679351807,3.611938953399658
885.0,0.0001,0.1,256.0,2.0,0.4757433831691742,0.38793689012527466,3.7002854347229004,3.017335891723633,0.5639348030090332,0.4427920877933502,4.38623046875,3.4439940452575684
885.0,0.0001,0.1,256.0,4.0,0.5034209489822388,0.41000762581825256,3.9155595302581787,3.1889994144439697,0.5482203960418701,0.44661158323287964,4.264005661010742,3.4737024307250977
886.0,0.001,0.0,64.0,2.0,0.5533546209335327,0.45985502004623413,4.286978244781494,3.5626134872436523,0.4913591146469116,0.40630555152893066,3.806684732437134,3.1477527618408203
886.0,0.001,0.0,64.0,4.0,0.6087133288383484,0.49959439039230347,4.715856552124023,3.8704843521118164,0.5038648843765259,0.42344674468040466,3.9035696983337402,3.2805495262145996
886.0,0.001,0.0,256.0,2.0,0.5978052616119385,0.4950300455093384,4.631350517272949,3.8351244926452637,0.5523030161857605,0.434001088142395,4.27883243560791,3.3623173236846924
886.0,0.001,0.0,256.0,4.0,0.5785865187644958,0.49532458186149597,4.482456207275391,3.837405204772949,0.517232358455658,0.42187952995300293,4.007131576538086,3.2684082984924316
886.0,0.001,0.1,64.0,2.0,0.5528963804244995,0.46765750646591187,4.283429145812988,3.6230621337890625,0.49028438329696655,0.41676416993141174,3.798358201980591,3.2287778854370117
886.0,0.001,0.1,64.0,4.0,0.5516595840454102,0.458636075258255,4.273846626281738,3.5531699657440186,0.5006291270256042,0.4261953830718994,3.8785016536712646,3.3018441200256348
886.0,0.001,0.1,256.0,2.0,0.6388082504272461,0.5284717082977295,4.949009418487549,4.094204902648926,0.5619542598724365,0.46579182147979736,4.353603363037109,3.608607769012451
886.0,0.001,0.1,256.0,4.0,0.6781119704246521,0.5710878372192383,5.253506183624268,4.424363136291504,0.5817018151283264,0.4832743704319,4.506592750549316,3.7440497875213623
886.0,0.0005,0.0,64.0,2.0,0.5674460530281067,0.46655863523483276,4.396149158477783,3.614548683166504,0.4967269003391266,0.41603583097457886,3.8482699394226074,3.223135471343994
886.0,0.0005,0.0,64.0,4.0,0.5923253297805786,0.496274471282959,4.588895320892334,3.8447651863098145,0.5034635066986084,0.4115874767303467,3.9004602432250977,3.1886730194091797
886.0,0.0005,0.0,256.0,2.0,0.5955823063850403,0.49765536189079285,4.614126682281494,3.855462074279785,0.5134022235870361,0.42264580726623535,3.9774582386016846,3.2743446826934814
886.0,0.0005,0.0,256.0,4.0,0.6556578278541565,0.5409155488014221,5.0795488357543945,4.190611362457275,0.5593487620353699,0.4594494104385376,4.3334174156188965,3.559471845626831
886.0,0.0005,0.1,64.0,2.0,0.5680122375488281,0.48051053285598755,4.400534152984619,3.722637176513672,0.4996986389160156,0.4210529327392578,3.871293067932129,3.2620043754577637
886.0,0.0005,0.1,64.0,4.0,0.5788182020187378,0.4747128486633301,4.484251499176025,3.6777215003967285,0.5243362188339233,0.4229976236820221,4.062166690826416,3.2770702838897705
886.0,0.0005,0.1,256.0,2.0,0.6038563847541809,0.4864930808544159,4.678228378295898,3.7689857482910156,0.5200477242469788,0.42958736419677734,4.028942584991455,3.328122615814209
886.0,0.0005,0.1,256.0,4.0,0.5847724676132202,0.48609501123428345,4.530381202697754,3.765901803970337,0.5105277895927429,0.4215659499168396,3.9551889896392822,3.2659788131713867
886.0,0.0001,0.0,64.0,2.0,0.5598142147064209,0.4611630141735077,4.3370232582092285,3.572746753692627,0.5198211073875427,0.42110586166381836,4.027186870574951,3.2624144554138184
886.0,0.0001,0.0,64.0,4.0,0.6077640056610107,0.5129362344741821,4.708502292633057,3.9738473892211914,0.5484786629676819,0.44878649711608887,4.249203681945801,3.476862907409668
886.0,0.0001,0.0,256.0,2.0,0.5762658715248108,0.4769027829170227,4.464478015899658,3.6946868896484375,0.5569146275520325,0.4486885368824005,4.314558982849121,3.476104259490967
886.0,0.0001,0.0,256.0,4.0,0.6442890167236328,0.5364061594009399,4.991471290588379,4.155674934387207,0.5645305514335632,0.4591004252433777,4.373562812805176,3.5567691326141357
886.0,0.0001,0.1,64.0,2.0,0.5644052028656006,0.47135764360427856,4.3725905418396,3.6517276763916016,0.5198551416397095,0.43586617708206177,4.0274505615234375,3.3767664432525635
886.0,0.0001,0.1,64.0,4.0,0.5859127044677734,0.5076645612716675,4.539214611053467,3.933006763458252,0.5334404706954956,0.45342856645584106,4.132699489593506,3.512826681137085
886.0,0.0001,0.1,256.0,2.0,0.5559308528900146,0.4696069657802582,4.3069376945495605,3.6381642818450928,0.5049256682395935,0.4140039086341858,3.9117884635925293,3.2073941230773926
886.0,0.0001,0.1,256.0,4.0,0.5945765376091003,0.49605053663253784,4.606335163116455,3.843029499053955,0.5253474116325378,0.4285907745361328,4.070000648498535,3.320401668548584
887.0,0.001,0.0,64.0,2.0,0.46454817056655884,0.36834466457366943,3.569688320159912,2.830440044403076,0.48964980244636536,0.38697385787963867,3.7625741958618164,2.97359037399292
887.0,0.001,0.0,64.0,4.0,0.5384320616722107,0.42803406715393066,4.137428283691406,3.2891063690185547,0.5268788933753967,0.418085515499115,4.04865026473999,3.212658405303955
887.0,0.001,0.0,256.0,2.0,0.6059845685958862,0.4978794455528259,4.6565165519714355,3.8258137702941895,0.6193293929100037,0.4894978702068329,4.759061336517334,3.7614076137542725
887.0,0.001,0.0,256.0,4.0,0.5038553476333618,0.3797479271888733,3.871734380722046,2.9180660247802734,0.5112854242324829,0.40541738271713257,3.9288275241851807,3.115314483642578
887.0,0.001,0.1,64.0,2.0,0.5156925916671753,0.4181509017944336,3.962693929672241,3.213162422180176,0.5237261056900024,0.4250146746635437,4.024424076080322,3.265903949737549
887.0,0.001,0.1,64.0,4.0,0.5358942151069641,0.43340370059013367,4.117926597595215,3.3303680419921875,0.523648738861084,0.4267163872718811,4.023829460144043,3.2789807319641113
887.0,0.001,0.1,256.0,2.0,0.49403107166290283,0.40627390146255493,3.7962419986724854,3.121896505355835,0.534715473651886,0.4177420139312744,4.108868598937988,3.210019111633301
887.0,0.001,0.1,256.0,4.0,0.5360738039016724,0.4473821520805359,4.119307518005371,3.43778133392334,0.5452170968055725,0.4523250460624695,4.189566135406494,3.4757635593414307
887.0,0.0005,0.0,64.0,2.0,0.5105816125869751,0.42473074793815613,3.923419713973999,3.263723134994507,0.5221410393714905,0.4215932786464691,4.012244701385498,3.2396135330200195
887.0,0.0005,0.0,64.0,4.0,0.5000713467597961,0.4251471161842346,3.8426568508148193,3.266922950744629,0.5025562644004822,0.4038780927658081,3.861750364303589,3.1034860610961914
887.0,0.0005,0.0,256.0,2.0,0.5173208117485046,0.41915446519851685,3.9752044677734375,3.2208728790283203,0.5302450656890869,0.42242100834846497,4.074518203735352,3.24597430229187
887.0,0.0005,0.0,256.0,4.0,0.49412381649017334,0.40914708375930786,3.79695463180542,3.143975019454956,0.525078296661377,0.4124528765678406,4.034814357757568,3.169376850128174
887.0,0.0005,0.1,64.0,2.0,0.48883262276649475,0.4065064787864685,3.756296396255493,3.1236839294433594,0.536409854888916,0.43227994441986084,4.121889114379883,3.3217320442199707
887.0,0.0005,0.1,64.0,4.0,0.4790303707122803,0.37759190797805786,3.6809728145599365,2.9014980792999268,0.4752611815929413,0.3859810531139374,3.6520097255706787,2.965961456298828
887.0,0.0005,0.1,256.0,2.0,0.5472766757011414,0.4259347915649414,4.205392837524414,3.272975444793701,0.5266156196594238,0.40764540433883667,4.046628475189209,3.132434844970703
887.0,0.0005,0.1,256.0,4.0,0.5925160646438599,0.5038767457008362,4.553021430969238,3.8718976974487305,0.5503542423248291,0.452395498752594,4.229040622711182,3.476304531097412
887.0,0.0001,0.0,64.0,2.0,0.49176523089408875,0.4039881229400635,3.7788307666778564,3.104332447052002,0.5020911693572998,0.40889692306518555,3.8581762313842773,3.1420514583587646
887.0,0.0001,0.0,64.0,4.0,0.46657317876815796,0.3864927887916565,3.585249662399292,2.9698946475982666,0.509749174118042,0.40122005343437195,3.917022466659546,3.0830609798431396
887.0,0.0001,0.0,256.0,2.0,0.5076321363449097,0.41751357913017273,3.900756359100342,3.208265542984009,0.5406661033630371,0.442952424287796,4.154595375061035,3.4037423133850098
887.0,0.0001,0.0,256.0,4.0,0.5165319442749023,0.42200732231140137,3.9691431522369385,3.242795467376709,0.5152043104171753,0.39473825693130493,3.9589407444000244,3.0332541465759277
887.0,0.0001,0.1,64.0,2.0,0.49915704131126404,0.40548205375671387,3.8356306552886963,3.115811824798584,0.4952535927295685,0.40929731726646423,3.805635690689087,3.1451287269592285
887.0,0.0001,0.1,64.0,4.0,0.5420483946800232,0.4329593777656555,4.16521692276001,3.326953887939453,0.528001606464386,0.42464232444763184,4.057278156280518,3.263043165206909
887.0,0.0001,0.1,256.0,2.0,0.5037437081336975,0.4253333508968353,3.870875358581543,3.2683537006378174,0.5184130072593689,0.42381182312965393,3.98359751701355,3.2566614151000977
887.0,0.0001,0.1,256.0,4.0,0.5008678436279297,0.4117053151130676,3.8487768173217773,3.163633346557617,0.47079646587371826,0.37930911779403687,3.617701292037964,2.9146924018859863
888.0,0.001,0.0,64.0,2.0,0.5051385760307312,0.41395628452301025,3.8831686973571777,3.1822197437286377,0.4779629111289978,0.38689908385276794,3.674260139465332,2.97422194480896
888.0,0.001,0.0,64.0,4.0,0.508263885974884,0.4018092751502991,3.907193899154663,3.088841438293457,0.4681851267814636,0.3605993986129761,3.599095344543457,2.7720484733581543
888.0,0.001,0.0,256.0,2.0,0.5806006789207458,0.48051413893699646,4.463271141052246,3.6938726902008057,0.4865008294582367,0.40647175908088684,3.739894151687622,3.1246838569641113
888.0,0.001,0.0,256.0,4.0,0.5424779653549194,0.4482548236846924,4.170208930969238,3.4458842277526855,0.48891758918762207,0.3881937861442566,3.7584736347198486,2.984175205230713
888.0,0.001,0.1,64.0,2.0,0.48954930901527405,0.39631548523902893,3.7633280754089355,3.0466086864471436,0.4429047703742981,0.3360736668109894,3.404757022857666,2.5835108757019043
888.0,0.001,0.1,64.0,4.0,0.5067058801651001,0.4047181010246277,3.895216941833496,3.1112027168273926,0.47281843423843384,0.3766472637653351,3.6347129344940186,2.8954129219055176
888.0,0.001,0.1,256.0,2.0,0.5300036668777466,0.4223272204399109,4.074314117431641,3.246570110321045,0.4640562832355499,0.3659672141075134,3.5673556327819824,2.813312530517578
888.0,0.001,0.1,256.0,4.0,0.5255403518676758,0.4225893020629883,4.040003776550293,3.2485852241516113,0.46703040599823,0.37065011262893677,3.5902178287506104,2.8493103981018066
888.0,0.0005,0.0,64.0,2.0,0.5062748789787292,0.40382182598114014,3.8919031620025635,3.1043124198913574,0.4522031843662262,0.35811546444892883,3.4762375354766846,2.752953052520752
888.0,0.0005,0.0,64.0,4.0,0.4970136284828186,0.4001004695892334,3.820709228515625,3.0757055282592773,0.4982120990753174,0.39559298753738403,3.829923152923584,3.041055679321289
888.0,0.0005,0.0,256.0,2.0,0.5271430611610413,0.42902445793151855,4.0523247718811035,3.2980542182922363,0.5196290612220764,0.42476826906204224,3.994561195373535,3.2653346061706543
888.0,0.0005,0.0,256.0,4.0,0.5355014204978943,0.4313243627548218,4.116577625274658,3.3157336711883545,0.5042756795883179,0.41557103395462036,3.876535654067993,3.1946330070495605
888.0,0.0005,0.1,64.0,2.0,0.510371744632721,0.4073721766471863,3.9233975410461426,3.1316051483154297,0.4498068690299988,0.33972984552383423,3.457815170288086,2.611616373062134
888.0,0.0005,0.1,64.0,4.0,0.5105293989181519,0.40889501571655273,3.924609422683716,3.1433115005493164,0.46256157755851746,0.3687133193016052,3.5558645725250244,2.8344218730926514
888.0,0.0005,0.1,256.0,2.0,0.5498083233833313,0.4476715922355652,4.226558685302734,3.441399574279785,0.5009343028068542,0.38168466091156006,3.8508498668670654,2.9341375827789307
888.0,0.0005,0.1,256.0,4.0,0.5110774636268616,0.42661261558532715,3.9288229942321777,3.279513359069824,0.47796639800071716,0.37788906693458557,3.6742875576019287,2.904958963394165
888.0,0.0001,0.0,64.0,2.0,0.5062869787216187,0.40504902601242065,3.891995429992676,3.11374568939209,0.44442957639694214,0.34244778752326965,3.416477680206299,2.632509708404541
888.0,0.0001,0.0,64.0,4.0,0.5024417042732239,0.4102718234062195,3.8624367713928223,3.1538963317871094,0.46034178137779236,0.3783150315284729,3.538800001144409,2.9082329273223877
888.0,0.0001,0.0,256.0,2.0,0.5391059517860413,0.4412273168563843,4.144286632537842,3.3918604850769043,0.4980776011943817,0.3838126063346863,3.828888177871704,2.9504947662353516
888.0,0.0001,0.0,256.0,4.0,0.5171074867248535,0.4131101071834564,3.975177049636841,3.1757144927978516,0.49333834648132324,0.3841770887374878,3.7924563884735107,2.9532971382141113
888.0,0.0001,0.1,64.0,2.0,0.5061335563659668,0.4021206498146057,3.890817403793335,3.0912351608276367,0.4343583583831787,0.32759010791778564,3.339057683944702,2.5182945728302
888.0,0.0001,0.1,64.0,4.0,0.5030803680419922,0.3907357454299927,3.86734676361084,3.003715991973877,0.4348144829273224,0.33233165740966797,3.3425638675689697,2.554744005203247
888.0,0.0001,0.1,256.0,2.0,0.5094448924064636,0.41631102561950684,3.9162728786468506,3.200321912765503,0.48861274123191833,0.3781568109989166,3.756129026412964,2.907017230987549
888.0,0.0001,0.1,256.0,4.0,0.5068473219871521,0.4121899902820587,3.896304130554199,3.1686415672302246,0.4507453739643097,0.34124812483787537,3.4650304317474365,2.6232876777648926
889.0,0.001,0.0,64.0,2.0,0.4718531370162964,0.37876906991004944,3.6901135444641113,2.9621524810791016,0.6317759156227112,0.501666784286499,4.940783977508545,3.923269271850586
889.0,0.001,0.0,64.0,4.0,0.4869021773338318,0.38627564907073975,3.8078038692474365,3.020857334136963,0.5847408175468445,0.47231581807136536,4.572947978973389,3.6937313079833984
889.0,0.001,0.0,256.0,2.0,0.48938947916030884,0.3936375379562378,3.8272557258605957,3.078430652618408,0.5729195475578308,0.44841229915618896,4.480499267578125,3.5067942142486572
889.0,0.001,0.0,256.0,4.0,0.49273476004600525,0.39126425981521606,3.8534176349639893,3.059870481491089,0.6120533347129822,0.4598779082298279,4.786544322967529,3.5964603424072266
889.0,0.001,0.1,64.0,2.0,0.47650229930877686,0.3779699206352234,3.7264721393585205,2.955902099609375,0.5856265425682068,0.45801281929016113,4.579874038696289,3.5818750858306885
889.0,0.001,0.1,64.0,4.0,0.4874192774295807,0.40346288681030273,3.8118481636047363,3.1552696228027344,0.5985720157623291,0.4778691828250885,4.681113243103027,3.7371604442596436
889.0,0.001,0.1,256.0,2.0,0.49324509501457214,0.4088543653488159,3.8574092388153076,3.1974334716796875,0.5885436534881592,0.48171234130859375,4.602687358856201,3.767216205596924
889.0,0.001,0.1,256.0,4.0,0.4882618188858032,0.40232759714126587,3.818436622619629,3.146390914916992,0.5811706185340881,0.45577865839004517,4.545026779174805,3.5644025802612305
889.0,0.0005,0.0,64.0,2.0,0.4788437485694885,0.38443803787231445,3.744783639907837,3.0064868927001953,0.5860470533370972,0.46383804082870483,4.583162784576416,3.6274309158325195
889.0,0.0005,0.0,64.0,4.0,0.5090243816375732,0.3993459939956665,3.9808099269866943,3.1230733394622803,0.5913864374160767,0.4665808081626892,4.624919414520264,3.648880958557129
889.0,0.0005,0.0,256.0,2.0,0.49223068356513977,0.38318106532096863,3.849475145339966,2.9966557025909424,0.6020731329917908,0.48041462898254395,4.708493709564209,3.7570672035217285
889.0,0.0005,0.0,256.0,4.0,0.48873206973075867,0.3858723044395447,3.8221142292022705,3.017703056335449,0.5805661678314209,0.46783196926116943,4.540299415588379,3.658665180206299
889.0,0.0005,0.1,64.0,2.0,0.4743277132511139,0.37686604261398315,3.709465265274048,2.9472689628601074,0.5720665454864502,0.45932650566101074,4.473827838897705,3.5921483039855957
889.0,0.0005,0.1,64.0,4.0,0.4901892840862274,0.40544039011001587,3.833510637283325,3.170734167098999,0.5847088694572449,0.4671075940132141,4.572698593139648,3.653000593185425
889.0,0.0005,0.1,256.0,2.0,0.4919090270996094,0.3944312334060669,3.846959114074707,3.08463716506958,0.6120671033859253,0.4804772734642029,4.786651611328125,3.7575573921203613
889.0,0.0005,0.1,256.0,4.0,0.4952835440635681,0.3929945230484009,3.87334942817688,3.0734012126922607,0.6102899312973022,0.4832192063331604,4.7727532386779785,3.779000997543335
889.0,0.0001,0.0,64.0,2.0,0.4792346656322479,0.3804551959037781,3.747840166091919,2.9753384590148926,0.5627142786979675,0.4455419182777405,4.400689601898193,3.484347105026245
889.0,0.0001,0.0,64.0,4.0,0.4968980550765991,0.3984571695327759,3.8859763145446777,3.116122007369995,0.6130847930908203,0.487980455160141,4.794610977172852,3.8162362575531006
889.0,0.0001,0.0,256.0,2.0,0.49340370297431946,0.39655017852783203,3.858649492263794,3.1012091636657715,0.606520414352417,0.4895836114883423,4.743273735046387,3.828773260116577
889.0,0.0001,0.0,256.0,4.0,0.49644961953163147,0.39370179176330566,3.882469654083252,3.078933000564575,0.6409798860549927,0.5114383101463318,5.0127644538879395,3.999688148498535
889.0,0.0001,0.1,64.0,2.0,0.4728592038154602,0.3845204710960388,3.697981595993042,3.007131576538086,0.5834898948669434,0.46185415983200073,4.563165664672852,3.6119165420532227
889.0,0.0001,0.1,64.0,4.0,0.47083547711372375,0.3856411278247833,3.682154655456543,3.015895366668701,0.5686604976654053,0.44273820519447327,4.447192668914795,3.46242094039917
889.0,0.0001,0.1,256.0,2.0,0.49376747012138367,0.39420947432518005,3.861492872238159,3.0829029083251953,0.624907374382019,0.48055732250213623,4.887068748474121,3.7581839561462402
889.0,0.0001,0.1,256.0,4.0,0.49403753876686096,0.4018728733062744,3.863605499267578,3.142834186553955,0.6164727807044983,0.5069378614425659,4.821105480194092,3.964491367340088
