,seed,target_instances,d,method,v,source_tree_size,target_tree_size,k,m_0,epochs,val_rmse,val_mae,rmse,mae
0,85,100,3,LSTransferTreeBoost,0.05,1,1,0.0,0.1,400,1.7813063512927247,1.3857626438084634,1.912110186253899,1.4937770528308423
1,85,100,3,LADTransferTreeBoost,0.05,1,1,0.0,0.1,400,1.9157632484624816,1.5036929487041497,1.930726885139446,1.5479505392424244
2,85,100,3,MTransferTreeBoost,0.05,1,1,0.0,0.1,400,1.5109301504597732,1.1809180588078565,1.601400372430774,1.256640097740399
3,85,100,3,LSTransferTreeBoost,0.05,1,1,0.0,0.5,400,1.6886783965038294,1.3133596132853835,1.7588449129571777,1.3803763013738812
4,85,100,3,LADTransferTreeBoost,0.05,1,1,0.0,0.5,400,2.252576225405284,1.7562825569471756,2.230519748024568,1.7826505142654678
5,85,100,3,MTransferTreeBoost,0.05,1,1,0.0,0.5,400,1.662918246018675,1.2931597878661487,1.6826697821719747,1.3281120519752918
6,85,100,3,LSTransferTreeBoost,0.05,1,1,0.0,0.9,400,2.802022455230487,2.2003690476204643,2.7689146487539187,2.206750305671448
7,85,100,3,LADTransferTreeBoost,0.05,1,1,0.0,0.9,400,4.208510964987904,3.352895426606833,4.159404609398491,3.330324689561748
8,85,100,3,MTransferTreeBoost,0.05,1,1,0.0,0.9,400,2.8141271579996485,2.229623702454365,2.779549907047243,2.227263604278981
9,85,100,3,LSTransferTreeBoost,0.05,1,1,0.01,0.1,400,1.9015117324423605,1.4927907779383882,2.0347009231642628,1.602748747761645
10,85,100,3,LADTransferTreeBoost,0.05,1,1,0.01,0.1,400,1.9359536591281132,1.5426369144780887,1.9686185734341337,1.5984495139156694
11,85,100,3,MTransferTreeBoost,0.05,1,1,0.01,0.1,400,1.568299935444234,1.237212471354722,1.6523984374325353,1.3059452964584397
12,85,100,3,LSTransferTreeBoost,0.05,1,1,0.01,0.5,400,1.690042180750853,1.3064787701977525,1.7945222667738345,1.4014337170113753
13,85,100,3,LADTransferTreeBoost,0.05,1,1,0.01,0.5,400,2.181671446713314,1.699811794334496,2.1640099824751178,1.7343676384514912
14,85,100,3,MTransferTreeBoost,0.05,1,1,0.01,0.5,400,1.523952578606831,1.1869897678404913,1.578162022621542,1.2488256519082583
15,85,100,3,LSTransferTreeBoost,0.05,1,1,0.01,0.9,400,1.705952213691531,1.3156652613994857,1.7831815196185066,1.3895884111438257
16,85,100,3,LADTransferTreeBoost,0.05,1,1,0.01,0.9,400,2.142768091921943,1.6595586825036635,2.1098246556859985,1.680440110626555
17,85,100,3,MTransferTreeBoost,0.05,1,1,0.01,0.9,400,1.5170949348529816,1.1822150825593258,1.5538859193562762,1.2310079950237043
18,85,100,3,LSTransferTreeBoost,0.05,1,1,0.05,0.1,400,1.8886102506356701,1.4880303228138971,2.033545661379182,1.603799745589524
19,85,100,3,LADTransferTreeBoost,0.05,1,1,0.05,0.1,400,2.453066003712777,1.9494172430630379,2.4552237114504756,2.0020998095874423
20,85,100,3,MTransferTreeBoost,0.05,1,1,0.05,0.1,400,1.5407754416509467,1.2125173854064055,1.6289929047214828,1.2821697862453616
21,85,100,3,LSTransferTreeBoost,0.05,1,1,0.05,0.5,400,1.7407182134041075,1.3684698422886772,1.8977568822687547,1.489805478820415
22,85,100,3,LADTransferTreeBoost,0.05,1,1,0.05,0.5,400,2.3734515278039963,1.877717199893993,2.3727718832365925,1.9155746402730898
23,85,100,3,MTransferTreeBoost,0.05,1,1,0.05,0.5,400,1.548016844509905,1.2169451914022944,1.6273259782397531,1.2874803069243734
24,85,100,3,LSTransferTreeBoost,0.05,1,1,0.05,0.9,400,1.7631367343244853,1.3782190163410344,1.9007304164328627,1.4873467291617504
25,85,100,3,LADTransferTreeBoost,0.05,1,1,0.05,0.9,400,2.1609951740237885,1.7004307045910654,2.169463006189349,1.7473951979377211
26,85,100,3,MTransferTreeBoost,0.05,1,1,0.05,0.9,400,1.5397563220872548,1.2124603913329302,1.615652008632083,1.2804437552648222
27,85,100,3,LSTransferTreeBoost,0.05,1,2,0.0,0.1,400,1.897681937753519,1.4981927193946938,2.0333973977002304,1.6069763976586546
28,85,100,3,LADTransferTreeBoost,0.05,1,2,0.0,0.1,400,2.158310768911611,1.6521425386151984,2.187894492751343,1.7212315043375819
29,85,100,3,MTransferTreeBoost,0.05,1,2,0.0,0.1,400,1.6062718483172076,1.245188113340303,1.673470391997806,1.324786073275799
30,85,100,3,LSTransferTreeBoost,0.05,1,2,0.0,0.5,400,1.7844683005172108,1.3854157293154585,1.8400880823356573,1.450504804694091
31,85,100,3,LADTransferTreeBoost,0.05,1,2,0.0,0.5,400,2.111653919486192,1.620736448476643,2.096342657661977,1.6473377582027593
32,85,100,3,MTransferTreeBoost,0.05,1,2,0.0,0.5,400,1.566315116498456,1.1998586706047343,1.581017234937184,1.2491230778631481
33,85,100,3,LSTransferTreeBoost,0.05,1,2,0.0,0.9,400,2.319592576732896,1.8039684937427578,2.3280153466910174,1.8401977260348077
34,85,100,3,LADTransferTreeBoost,0.05,1,2,0.0,0.9,400,3.512168907927941,2.766887256301321,3.4743280981693663,2.7529954192914254
35,85,100,3,MTransferTreeBoost,0.05,1,2,0.0,0.9,400,2.3195532005939907,1.822895651064265,2.3054836703319257,1.8483878276648684
36,85,100,3,LSTransferTreeBoost,0.05,1,2,0.01,0.1,400,1.8325401932422,1.4598145122391943,1.971351400726579,1.5565129973836385
37,85,100,3,LADTransferTreeBoost,0.05,1,2,0.01,0.1,400,1.9198115757742233,1.516887385600447,1.9359119491723897,1.55364569136454
38,85,100,3,MTransferTreeBoost,0.05,1,2,0.01,0.1,400,1.6265811342152914,1.2626492948411645,1.6985923678281452,1.343840314915612
39,85,100,3,LSTransferTreeBoost,0.05,1,2,0.01,0.5,400,1.795367836151369,1.4038012940700992,1.8995277123186176,1.4924183557935584
40,85,100,3,LADTransferTreeBoost,0.05,1,2,0.01,0.5,400,2.180033507440534,1.6791488540806567,2.184844681291629,1.7185389934034436
41,85,100,3,MTransferTreeBoost,0.05,1,2,0.01,0.5,400,1.576249842188765,1.2166513521375413,1.6212831793448212,1.2866960988323226
42,85,100,3,LSTransferTreeBoost,0.05,1,2,0.01,0.9,400,1.728678568766707,1.345041074256086,1.8229783696168742,1.4355856474696056
43,85,100,3,LADTransferTreeBoost,0.05,1,2,0.01,0.9,400,2.1184672956248622,1.627412411450166,2.1291194273698397,1.6622911633016237
44,85,100,3,MTransferTreeBoost,0.05,1,2,0.01,0.9,400,1.5194575791465794,1.1722384935746724,1.5383602785905568,1.2129138064366962
45,85,100,3,LSTransferTreeBoost,0.05,1,2,0.05,0.1,400,1.799555142560516,1.4332576334702067,1.9427841473729424,1.5402954975948229
46,85,100,3,LADTransferTreeBoost,0.05,1,2,0.05,0.1,400,2.2358493826272348,1.722969654053971,2.2619606584420344,1.7972111446141676
47,85,100,3,MTransferTreeBoost,0.05,1,2,0.05,0.1,400,1.6312625705984782,1.2723667542755979,1.701176612217675,1.3458946874826472
48,85,100,3,LSTransferTreeBoost,0.05,1,2,0.05,0.5,400,1.883971853572921,1.4924020296994303,2.0091181606359823,1.5947577312504913
49,85,100,3,LADTransferTreeBoost,0.05,1,2,0.05,0.5,400,1.901866649356891,1.5001670109608214,1.9452161819546898,1.5713670495615213
50,85,100,3,MTransferTreeBoost,0.05,1,2,0.05,0.5,400,1.6698828322966626,1.2927204060976123,1.7335648886609643,1.3761935751845207
51,85,100,3,LSTransferTreeBoost,0.05,1,2,0.05,0.9,400,1.841267761884443,1.456093760426656,1.962377221761096,1.5500535399377668
52,85,100,3,LADTransferTreeBoost,0.05,1,2,0.05,0.9,400,1.9620682682093018,1.5333997657211147,1.978247556063608,1.5745833232168729
53,85,100,3,MTransferTreeBoost,0.05,1,2,0.05,0.9,400,1.5754803520476484,1.2252468991290384,1.6436443216791563,1.3005946212980444
54,85,100,3,LSTransferTreeBoost,0.05,1,3,0.0,0.1,400,2.063166344468206,1.5810267780856702,2.092074538384543,1.629669535391275
55,85,100,3,LADTransferTreeBoost,0.05,1,3,0.0,0.1,400,2.341721920273646,1.8009541897133958,2.388215805088526,1.8526044483715323
56,85,100,3,MTransferTreeBoost,0.05,1,3,0.0,0.1,400,1.708917065233829,1.3480342772059621,1.802872981718337,1.4164778840951187
57,85,100,3,LSTransferTreeBoost,0.05,1,3,0.0,0.5,400,1.9032070223637527,1.427750219866512,1.9134144131145938,1.4759273358407592
58,85,100,3,LADTransferTreeBoost,0.05,1,3,0.0,0.5,400,2.0376380876313434,1.555189237409073,2.038036389424553,1.596732080473873
59,85,100,3,MTransferTreeBoost,0.05,1,3,0.0,0.5,400,1.7011659162007655,1.3266110674328975,1.7643727663480162,1.3844292771032516
60,85,100,3,LSTransferTreeBoost,0.05,1,3,0.0,0.9,400,2.1547800779340567,1.686345526336439,2.148398475504653,1.7055737893593144
61,85,100,3,LADTransferTreeBoost,0.05,1,3,0.0,0.9,400,2.8348738493212124,2.1956993313995268,2.8257508706606544,2.212164546451423
62,85,100,3,MTransferTreeBoost,0.05,1,3,0.0,0.9,400,2.0777761394926744,1.641687424897374,2.069962474478268,1.6578584423532654
63,85,100,3,LSTransferTreeBoost,0.05,1,3,0.01,0.1,400,2.0327583153535644,1.5684218727656138,2.0846052543233604,1.622060519454059
64,85,100,3,LADTransferTreeBoost,0.05,1,3,0.01,0.1,400,2.203510673963229,1.7180250196426514,2.222670357784976,1.7757546922878835
65,85,100,3,MTransferTreeBoost,0.05,1,3,0.01,0.1,400,1.6915105720731534,1.336775652390956,1.8007920775488402,1.4179915183403227
66,85,100,3,LSTransferTreeBoost,0.05,1,3,0.01,0.5,400,2.000319912962329,1.5251260757821432,2.004085146592091,1.5584008189248495
67,85,100,3,LADTransferTreeBoost,0.05,1,3,0.01,0.5,400,2.360423484280609,1.8073620082330668,2.398298293145873,1.8663575524208016
68,85,100,3,MTransferTreeBoost,0.05,1,3,0.01,0.5,400,1.6457224029471114,1.2941496527775536,1.7327871013997875,1.36404492140883
69,85,100,3,LSTransferTreeBoost,0.05,1,3,0.01,0.9,400,1.8860460357095492,1.4156167257350116,1.923686308512117,1.4910111139245887
70,85,100,3,LADTransferTreeBoost,0.05,1,3,0.01,0.9,400,2.1499768448929157,1.6500396176001857,2.1548500206945573,1.6718101801814065
71,85,100,3,MTransferTreeBoost,0.05,1,3,0.01,0.9,400,1.6153877388747542,1.2574206522940103,1.6651558777219626,1.3018278098544542
72,85,100,3,LSTransferTreeBoost,0.05,1,3,0.05,0.1,400,2.058550241472607,1.5869468046965083,2.116736270869854,1.6553348224148607
73,85,100,3,LADTransferTreeBoost,0.05,1,3,0.05,0.1,400,2.5890478235897705,1.9841996345945838,2.6236667612776023,2.0463622154484584
74,85,100,3,MTransferTreeBoost,0.05,1,3,0.05,0.1,400,1.7632437307397608,1.390829960514045,1.859965683649116,1.4655595017075025
75,85,100,3,LSTransferTreeBoost,0.05,1,3,0.05,0.5,400,2.0799921216508483,1.6065274997772108,2.1293226511449905,1.6580034983650633
76,85,100,3,LADTransferTreeBoost,0.05,1,3,0.05,0.5,400,2.2216482699322966,1.7025164863088695,2.2583454805646577,1.7604760288811578
77,85,100,3,MTransferTreeBoost,0.05,1,3,0.05,0.5,400,1.731375489980457,1.364260808985826,1.8171396752513853,1.4270923105020092
78,85,100,3,LSTransferTreeBoost,0.05,1,3,0.05,0.9,400,2.0052994426514275,1.5405339373370899,2.0243609363045802,1.5815926721035871
79,85,100,3,LADTransferTreeBoost,0.05,1,3,0.05,0.9,400,2.15326471874573,1.6641344913700227,2.2096771936022304,1.7463216376554078
80,85,100,3,MTransferTreeBoost,0.05,1,3,0.05,0.9,400,1.7224366513496636,1.3530646387560463,1.7993231055363013,1.4148852248848252
81,85,100,3,LSTransferTreeBoost,0.05,2,1,0.0,0.1,400,1.7000437472865082,1.3459374232576644,1.8396873922794703,1.4600430589837001
82,85,100,3,LADTransferTreeBoost,0.05,2,1,0.0,0.1,400,2.3013363315905853,1.806939570718271,2.3033209708221523,1.8367735441249842
83,85,100,3,MTransferTreeBoost,0.05,2,1,0.0,0.1,400,1.5090938698748793,1.1916704725208194,1.5806638952395793,1.2548023161090263
84,85,100,3,LSTransferTreeBoost,0.05,2,1,0.0,0.5,400,1.6721577094470426,1.3130783325753892,1.7295198050904605,1.3637763207658364
85,85,100,3,LADTransferTreeBoost,0.05,2,1,0.0,0.5,400,2.0438441422750153,1.6129881313126733,2.0395666896212936,1.6356274456536732
86,85,100,3,MTransferTreeBoost,0.05,2,1,0.0,0.5,400,1.606802086246193,1.2613337831886546,1.6386945926746372,1.2941625599447344
87,85,100,3,LSTransferTreeBoost,0.05,2,1,0.0,0.9,400,2.536885669512275,2.007894542396166,2.5656898320435872,2.0439288835052145
88,85,100,3,LADTransferTreeBoost,0.05,2,1,0.0,0.9,400,3.681774434233616,2.8962906706893126,3.675513450479946,2.90369685604011
89,85,100,3,MTransferTreeBoost,0.05,2,1,0.0,0.9,400,2.487690704907994,1.984625618169445,2.5035580929459473,2.007789932222572
90,85,100,3,LSTransferTreeBoost,0.05,2,1,0.01,0.1,400,1.755294565619076,1.397774734655657,1.8962500834658664,1.51094734735022
91,85,100,3,LADTransferTreeBoost,0.05,2,1,0.01,0.1,400,2.2981639421181024,1.804832200522647,2.293747269332178,1.836003869934389
92,85,100,3,MTransferTreeBoost,0.05,2,1,0.01,0.1,400,1.5301118527794386,1.214554121182155,1.6094736353231374,1.2789705256884079
93,85,100,3,LSTransferTreeBoost,0.05,2,1,0.01,0.5,400,1.6373785797909828,1.3002941941409913,1.7461660062009425,1.389343055151663
94,85,100,3,LADTransferTreeBoost,0.05,2,1,0.01,0.5,400,2.1662798257084543,1.7038307049878667,2.1432429153013617,1.7242186295930888
95,85,100,3,MTransferTreeBoost,0.05,2,1,0.01,0.5,400,1.4982504462498054,1.1883468088151434,1.5570149353118004,1.2415212067116002
96,85,100,3,LSTransferTreeBoost,0.05,2,1,0.01,0.9,400,1.657126374822139,1.318278700458469,1.7498214857465324,1.3985797960507562
97,85,100,3,LADTransferTreeBoost,0.05,2,1,0.01,0.9,400,2.277647122479897,1.7836506110766934,2.2827373683651158,1.804862575252804
98,85,100,3,MTransferTreeBoost,0.05,2,1,0.01,0.9,400,1.4755579894802906,1.1693234132763803,1.5267653997451458,1.218692998130533
99,85,100,3,LSTransferTreeBoost,0.05,2,1,0.05,0.1,400,1.7273069949207827,1.379168389399503,1.8763784078318286,1.4938072201982686
100,85,100,3,LADTransferTreeBoost,0.05,2,1,0.05,0.1,400,2.7223385186090097,2.12317777709044,2.7469778441891304,2.1730572623233737
101,85,100,3,MTransferTreeBoost,0.05,2,1,0.05,0.1,400,1.547364903638261,1.228572261657242,1.6323879493067892,1.2922340936687933
102,85,100,3,LSTransferTreeBoost,0.05,2,1,0.05,0.5,400,1.7090514765307332,1.3618811258666692,1.848978379805692,1.4758824775930999
103,85,100,3,LADTransferTreeBoost,0.05,2,1,0.05,0.5,400,2.232514284335102,1.7456317339745342,2.2471815166617413,1.7907773014506927
104,85,100,3,MTransferTreeBoost,0.05,2,1,0.05,0.5,400,1.529072922283196,1.2102533029047207,1.6061727878998626,1.2766367600010071
105,85,100,3,LSTransferTreeBoost,0.05,2,1,0.05,0.9,400,1.7216971695381722,1.3712254257134537,1.850173995591414,1.4799125502888273
106,85,100,3,LADTransferTreeBoost,0.05,2,1,0.05,0.9,400,2.0856458776516087,1.6428731808038788,2.065019656203031,1.6496559362060355
107,85,100,3,MTransferTreeBoost,0.05,2,1,0.05,0.9,400,1.5564785923041409,1.2381070948774084,1.628317730053135,1.3031167014118366
108,85,100,3,LSTransferTreeBoost,0.05,2,2,0.0,0.1,400,1.826737960715341,1.4548966849891867,1.963360569200823,1.548568960829135
109,85,100,3,LADTransferTreeBoost,0.05,2,2,0.0,0.1,400,2.1323230177557626,1.6397008631371681,2.13911871661179,1.670638615803646
110,85,100,3,MTransferTreeBoost,0.05,2,2,0.0,0.1,400,1.5941032070755938,1.2475661987672961,1.6709885227127295,1.325577652933931
111,85,100,3,LSTransferTreeBoost,0.05,2,2,0.0,0.5,400,1.667726336287855,1.3079468956848486,1.7653875153935816,1.3943750304937408
112,85,100,3,LADTransferTreeBoost,0.05,2,2,0.0,0.5,400,1.81357647582593,1.4209916614364375,1.8008286708963297,1.4386974153401342
113,85,100,3,MTransferTreeBoost,0.05,2,2,0.0,0.5,400,1.576042562015281,1.2129299309260595,1.581678333623081,1.250505765126687
114,85,100,3,LSTransferTreeBoost,0.05,2,2,0.0,0.9,400,2.5165637066177973,1.9612354470075497,2.5576228054601007,2.0230393380007228
115,85,100,3,LADTransferTreeBoost,0.05,2,2,0.0,0.9,400,2.3136410069759137,1.8497831919999421,2.333330132659236,1.8751611566341837
116,85,100,3,MTransferTreeBoost,0.05,2,2,0.0,0.9,400,2.1444585530476745,1.7078457892264782,2.165433630147456,1.7383928328369924
117,85,100,3,LSTransferTreeBoost,0.05,2,2,0.01,0.1,400,1.8295776017409682,1.4617630466805658,1.9745485909481735,1.5631626901038251
118,85,100,3,LADTransferTreeBoost,0.05,2,2,0.01,0.1,400,2.3811597567854386,1.8187834596498482,2.3975617114927266,1.8621848836414139
119,85,100,3,MTransferTreeBoost,0.05,2,2,0.01,0.1,400,1.6022731564450015,1.2596119784348958,1.6903303742214026,1.341168273881752
120,85,100,3,LSTransferTreeBoost,0.05,2,2,0.01,0.5,400,1.7534117695914397,1.3761891105980755,1.8696800860194582,1.4791074333191327
121,85,100,3,LADTransferTreeBoost,0.05,2,2,0.01,0.5,400,1.8262709314560028,1.4251707834046827,1.8228163632702314,1.4508357172852073
122,85,100,3,MTransferTreeBoost,0.05,2,2,0.01,0.5,400,1.5933135528473903,1.2341169893379809,1.6148100300161767,1.2845802470230614
123,85,100,3,LSTransferTreeBoost,0.05,2,2,0.01,0.9,400,1.6334042074176867,1.2948856168216751,1.7154876317536594,1.3567626959737964
124,85,100,3,LADTransferTreeBoost,0.05,2,2,0.01,0.9,400,1.8417472818573275,1.4167685296484858,1.843731354479934,1.4414743722158543
125,85,100,3,MTransferTreeBoost,0.05,2,2,0.01,0.9,400,1.6197032009439654,1.2443563185169522,1.6505742887117651,1.302589351018009
126,85,100,3,LSTransferTreeBoost,0.05,2,2,0.05,0.1,400,1.8321412749387385,1.463876087887306,1.967188552244575,1.5630076177014758
127,85,100,3,LADTransferTreeBoost,0.05,2,2,0.05,0.1,400,2.4462226148221125,1.873189366769931,2.4920596802902604,1.9369576013585457
128,85,100,3,MTransferTreeBoost,0.05,2,2,0.05,0.1,400,1.663434076880076,1.3071759399226937,1.7369771708103072,1.3771055427878511
129,85,100,3,LSTransferTreeBoost,0.05,2,2,0.05,0.5,400,1.8388021373888568,1.4612408050266457,1.9695157421709957,1.5578155434943683
130,85,100,3,LADTransferTreeBoost,0.05,2,2,0.05,0.5,400,2.0648183358484293,1.5837284617122305,2.0548736457010164,1.6148641456046262
131,85,100,3,MTransferTreeBoost,0.05,2,2,0.05,0.5,400,1.6214567841660954,1.267479125032851,1.7051959897630362,1.351541573192983
132,85,100,3,LSTransferTreeBoost,0.05,2,2,0.05,0.9,400,1.7945528302203855,1.4192311982916086,1.9244761953478262,1.5229505986624492
133,85,100,3,LADTransferTreeBoost,0.05,2,2,0.05,0.9,400,1.8941073832280328,1.4642586497449102,1.8677741887710255,1.482970607282796
134,85,100,3,MTransferTreeBoost,0.05,2,2,0.05,0.9,400,1.5598485476819608,1.2028594130679182,1.6247804725221655,1.2844654251459047
135,85,100,3,LSTransferTreeBoost,0.05,2,3,0.0,0.1,400,2.0733069341975874,1.604707714974419,2.1416797271654455,1.6806430182488392
136,85,100,3,LADTransferTreeBoost,0.05,2,3,0.0,0.1,400,2.4560119110433885,1.867379161847448,2.4939703670460953,1.929579898234378
137,85,100,3,MTransferTreeBoost,0.05,2,3,0.0,0.1,400,1.757727375836619,1.3828766043806024,1.8475750129094624,1.4589517213834147
138,85,100,3,LSTransferTreeBoost,0.05,2,3,0.0,0.5,400,1.8477221912486725,1.4119467901635019,1.870339747006778,1.4575554982352168
139,85,100,3,LADTransferTreeBoost,0.05,2,3,0.0,0.5,400,1.8440881112467313,1.414221463249712,1.8459086254125683,1.454777093986625
140,85,100,3,MTransferTreeBoost,0.05,2,3,0.0,0.5,400,1.5753977786823499,1.2325832680831428,1.623896292814038,1.2831744550743043
141,85,100,3,LSTransferTreeBoost,0.05,2,3,0.0,0.9,400,2.404454922532602,1.9245377739652432,2.36720845796312,1.932853290814633
142,85,100,3,LADTransferTreeBoost,0.05,2,3,0.0,0.9,400,2.402154829461394,1.904780304221304,2.4121473002812532,1.9310967992817434
143,85,100,3,MTransferTreeBoost,0.05,2,3,0.0,0.9,400,1.969884584581491,1.5504916896853171,2.006933259863741,1.6102405970374116
144,85,100,3,LSTransferTreeBoost,0.05,2,3,0.01,0.1,400,2.049212904578119,1.5698190360030138,2.08635103797805,1.6285321245199653
145,85,100,3,LADTransferTreeBoost,0.05,2,3,0.01,0.1,400,2.320460883836618,1.7785126304841552,2.3466474642911845,1.848568514146033
146,85,100,3,MTransferTreeBoost,0.05,2,3,0.01,0.1,400,1.7788850385899158,1.4117508101332645,1.876211178962093,1.479460326527012
147,85,100,3,LSTransferTreeBoost,0.05,2,3,0.01,0.5,400,1.8726886044923556,1.4433174597402256,1.9163428365170705,1.490241691008575
148,85,100,3,LADTransferTreeBoost,0.05,2,3,0.01,0.5,400,2.008012593534313,1.534057053521183,2.031958003800126,1.5855666602057388
149,85,100,3,MTransferTreeBoost,0.05,2,3,0.01,0.5,400,1.6409346190632885,1.2900526607887104,1.7087928125163458,1.3475346295071209
150,85,100,3,LSTransferTreeBoost,0.05,2,3,0.01,0.9,400,1.8467053744627706,1.4008457906155554,1.8499948616330177,1.430605235440226
151,85,100,3,LADTransferTreeBoost,0.05,2,3,0.01,0.9,400,1.942019541943993,1.4898173923158906,1.9678217721420002,1.5330614540978782
152,85,100,3,MTransferTreeBoost,0.05,2,3,0.01,0.9,400,1.5939514614099393,1.2457676706060223,1.6590742058839651,1.31373825571068
153,85,100,3,LSTransferTreeBoost,0.05,2,3,0.05,0.1,400,2.0203607723547536,1.539685355179721,2.0757514720085206,1.6206764600137071
154,85,100,3,LADTransferTreeBoost,0.05,2,3,0.05,0.1,400,2.0626712896270214,1.6003871735377657,2.1069265045125385,1.672413578195983
155,85,100,3,MTransferTreeBoost,0.05,2,3,0.05,0.1,400,1.8292303768406526,1.4447158792087618,1.9287053192912162,1.522892105974
156,85,100,3,LSTransferTreeBoost,0.05,2,3,0.05,0.5,400,2.045467541476189,1.571480960662383,2.0862177431388647,1.6188967401310475
157,85,100,3,LADTransferTreeBoost,0.05,2,3,0.05,0.5,400,2.033691677398903,1.5652365736865532,2.0497991287062454,1.6219531118545183
158,85,100,3,MTransferTreeBoost,0.05,2,3,0.05,0.5,400,1.6679810500728212,1.3172435122115163,1.7593962980745201,1.3858262133839092
159,85,100,3,LSTransferTreeBoost,0.05,2,3,0.05,0.9,400,1.889491980320123,1.4440983839528927,1.9395251853190252,1.4951334494582142
160,85,100,3,LADTransferTreeBoost,0.05,2,3,0.05,0.9,400,2.365788427038826,1.8078197174061583,2.3717884357255326,1.8462156101472451
161,85,100,3,MTransferTreeBoost,0.05,2,3,0.05,0.9,400,1.6918369865405405,1.327741688408627,1.7560405000492505,1.379994431991879
162,85,100,3,LSTransferTreeBoost,0.05,3,1,0.0,0.1,400,1.6986684449803802,1.3408272331493725,1.848545367423305,1.4651935172215294
163,85,100,3,LADTransferTreeBoost,0.05,3,1,0.0,0.1,400,2.316976327179358,1.8168192325014525,2.3304898369086064,1.8540449118637672
164,85,100,3,MTransferTreeBoost,0.05,3,1,0.0,0.1,400,1.5107147505874114,1.199984388213389,1.5783707505954871,1.2539768548330674
165,85,100,3,LSTransferTreeBoost,0.05,3,1,0.0,0.5,400,1.7873188561897775,1.3905290476484995,1.872911346049769,1.468633688290662
166,85,100,3,LADTransferTreeBoost,0.05,3,1,0.0,0.5,400,2.268843115347339,1.778358800384799,2.285304874975217,1.824750201858866
167,85,100,3,MTransferTreeBoost,0.05,3,1,0.0,0.5,400,1.5944513746891136,1.2454370019129233,1.6515579498464952,1.3131985250567093
168,85,100,3,LSTransferTreeBoost,0.05,3,1,0.0,0.9,400,2.7470727655320886,2.197865825461969,2.7640682415167994,2.2402296967497066
169,85,100,3,LADTransferTreeBoost,0.05,3,1,0.0,0.9,400,2.664380610705354,2.142258842590738,2.6443788286965852,2.150721555848757
170,85,100,3,MTransferTreeBoost,0.05,3,1,0.0,0.9,400,2.4036773818805046,1.9290928281955335,2.4635974968264045,1.995787947838971
171,85,100,3,LSTransferTreeBoost,0.05,3,1,0.01,0.1,400,1.7201220595270095,1.3622419997714599,1.8717472215618105,1.48658397436401
172,85,100,3,LADTransferTreeBoost,0.05,3,1,0.01,0.1,400,2.2427382883916755,1.7677585016932207,2.256498445182734,1.8089154609658469
173,85,100,3,MTransferTreeBoost,0.05,3,1,0.01,0.1,400,1.5239880613096608,1.210397156476979,1.6038575819000014,1.2710416126858737
174,85,100,3,LSTransferTreeBoost,0.05,3,1,0.01,0.5,400,1.698094900972797,1.341684866564217,1.8064455853776582,1.4336348922241
175,85,100,3,LADTransferTreeBoost,0.05,3,1,0.01,0.5,400,2.290733170686827,1.7877843352076401,2.3010955287643613,1.8220625755443833
176,85,100,3,MTransferTreeBoost,0.05,3,1,0.01,0.5,400,1.537282070820097,1.2302427295115999,1.6067689070398041,1.2847549028457146
177,85,100,3,LSTransferTreeBoost,0.05,3,1,0.01,0.9,400,1.7124691443387197,1.3472218577745088,1.8098841549765432,1.4332889747654813
178,85,100,3,LADTransferTreeBoost,0.05,3,1,0.01,0.9,400,2.005247793584231,1.5481630441115295,1.9972122095139264,1.583413137309509
179,85,100,3,MTransferTreeBoost,0.05,3,1,0.01,0.9,400,1.5080859190606852,1.1983032502499886,1.586733176906702,1.2676903220263918
180,85,100,3,LSTransferTreeBoost,0.05,3,1,0.05,0.1,400,1.719315493714156,1.3655085953243293,1.8724746035823907,1.4859788026135425
181,85,100,3,LADTransferTreeBoost,0.05,3,1,0.05,0.1,400,2.9983299040883207,2.354226112802696,3.0181859199564243,2.393728025212367
182,85,100,3,MTransferTreeBoost,0.05,3,1,0.05,0.1,400,1.5833092753781313,1.2491688114228297,1.6742058876473622,1.322852838240423
183,85,100,3,LSTransferTreeBoost,0.05,3,1,0.05,0.5,400,1.7144786735369069,1.3570983062088329,1.8575069639904769,1.4808102141105874
184,85,100,3,LADTransferTreeBoost,0.05,3,1,0.05,0.5,400,2.0942574265273466,1.6330497096245218,2.117568786085496,1.6730612989312454
185,85,100,3,MTransferTreeBoost,0.05,3,1,0.05,0.5,400,1.530567724753594,1.2152615749247453,1.6104804140696116,1.2824856067700277
186,85,100,3,LSTransferTreeBoost,0.05,3,1,0.05,0.9,400,1.7182388070673604,1.3664817048416242,1.8526317271924686,1.4840830398440152
187,85,100,3,LADTransferTreeBoost,0.05,3,1,0.05,0.9,400,2.182065353087315,1.725019934171859,2.1619581493331466,1.7279385241913015
188,85,100,3,MTransferTreeBoost,0.05,3,1,0.05,0.9,400,1.5335409622031408,1.2222417620042052,1.6055339458835303,1.2808466690980749
189,85,100,3,LSTransferTreeBoost,0.05,3,2,0.0,0.1,400,1.7470409357540113,1.3958749192469322,1.8875823785029162,1.4965028233706417
190,85,100,3,LADTransferTreeBoost,0.05,3,2,0.0,0.1,400,2.153710748643465,1.6446585148261788,2.1625771188111624,1.69051109988073
191,85,100,3,MTransferTreeBoost,0.05,3,2,0.0,0.1,400,1.5763446520970716,1.24006006358309,1.6447957871961953,1.3085625752249266
192,85,100,3,LSTransferTreeBoost,0.05,3,2,0.0,0.5,400,1.725402921293316,1.3671251591771834,1.8340628489580564,1.4480006736308015
193,85,100,3,LADTransferTreeBoost,0.05,3,2,0.0,0.5,400,1.8978611977098734,1.4913413846653547,1.8821023565041717,1.4917331691820528
194,85,100,3,MTransferTreeBoost,0.05,3,2,0.0,0.5,400,1.6301700158146861,1.272187175827788,1.6435726181618309,1.3105290609872127
195,85,100,3,LSTransferTreeBoost,0.05,3,2,0.0,0.9,400,2.3352574827341015,1.8318044913066869,2.389144921073954,1.889831766205772
196,85,100,3,LADTransferTreeBoost,0.05,3,2,0.0,0.9,400,2.165921049626605,1.7397081167731325,2.214005072777826,1.7825048974525222
197,85,100,3,MTransferTreeBoost,0.05,3,2,0.0,0.9,400,2.325924542375661,1.8634548603641605,2.3591355585926164,1.9037417004785817
198,85,100,3,LSTransferTreeBoost,0.05,3,2,0.01,0.1,400,1.7481185524659126,1.3994461230505968,1.8925127980634884,1.499021908104719
199,85,100,3,LADTransferTreeBoost,0.05,3,2,0.01,0.1,400,2.204099138762093,1.688220496778021,2.21314242169264,1.7292897081712582
200,85,100,3,MTransferTreeBoost,0.05,3,2,0.01,0.1,400,1.5968103391007555,1.2561720069136417,1.6707090617307412,1.328468219100711
201,85,100,3,LSTransferTreeBoost,0.05,3,2,0.01,0.5,400,1.7411608827244898,1.3917526801971059,1.8407514713854747,1.4720222373065908
202,85,100,3,LADTransferTreeBoost,0.05,3,2,0.01,0.5,400,1.8715937179558493,1.4405570002201826,1.8768524133001883,1.480879711636796
203,85,100,3,MTransferTreeBoost,0.05,3,2,0.01,0.5,400,1.610887369064944,1.2655870630917614,1.6631268227345646,1.320542440112651
204,85,100,3,LSTransferTreeBoost,0.05,3,2,0.01,0.9,400,1.6839538191291548,1.3426256851267473,1.7831471716864464,1.416374679216179
205,85,100,3,LADTransferTreeBoost,0.05,3,2,0.01,0.9,400,1.793786396547618,1.3993918778340388,1.789502557078567,1.4132334066825778
206,85,100,3,MTransferTreeBoost,0.05,3,2,0.01,0.9,400,1.599634745146833,1.2575451263241828,1.6338868279272867,1.2968078707184565
207,85,100,3,LSTransferTreeBoost,0.05,3,2,0.05,0.1,400,1.8297021144762005,1.4474357345000262,1.9677979053117731,1.5591009593431047
208,85,100,3,LADTransferTreeBoost,0.05,3,2,0.05,0.1,400,2.862970721526001,2.1999580208656315,2.897939091981576,2.24715357046658
209,85,100,3,MTransferTreeBoost,0.05,3,2,0.05,0.1,400,1.6381686904637924,1.289386208450796,1.7153943891600387,1.358733294211129
210,85,100,3,LSTransferTreeBoost,0.05,3,2,0.05,0.5,400,1.8032821987896426,1.433190265287257,1.9427585341805775,1.5431305247615075
211,85,100,3,LADTransferTreeBoost,0.05,3,2,0.05,0.5,400,1.9327497894880585,1.5040846112398603,1.9356399629384133,1.5314127723392066
212,85,100,3,MTransferTreeBoost,0.05,3,2,0.05,0.5,400,1.6049537513200256,1.2613723738352915,1.6917703357424003,1.3374978226195176
213,85,100,3,LSTransferTreeBoost,0.05,3,2,0.05,0.9,400,1.7572031362272975,1.402668373160683,1.9244472519825846,1.5236857513241462
214,85,100,3,LADTransferTreeBoost,0.05,3,2,0.05,0.9,400,1.8677531641047376,1.4426823335378016,1.8726499262931724,1.48084692860578
215,85,100,3,MTransferTreeBoost,0.05,3,2,0.05,0.9,400,1.6370746559403007,1.2874708903180923,1.6950778660929602,1.341260774174162
216,85,100,3,LSTransferTreeBoost,0.05,3,3,0.0,0.1,400,2.015911550821845,1.5456584771258102,2.059671678692703,1.6040339316483736
217,85,100,3,LADTransferTreeBoost,0.05,3,3,0.0,0.1,400,1.9433041559229909,1.4961248851532722,1.9628996812048725,1.5472541151353087
218,85,100,3,MTransferTreeBoost,0.05,3,3,0.0,0.1,400,1.7582826906675435,1.3901714518310941,1.8611667684559485,1.4665723180880328
219,85,100,3,LSTransferTreeBoost,0.05,3,3,0.0,0.5,400,1.8149178981559608,1.3980431149774837,1.809142594932688,1.4037959207177706
220,85,100,3,LADTransferTreeBoost,0.05,3,3,0.0,0.5,400,1.7823567658072101,1.3664911938349578,1.798262188619507,1.4190767096159058
221,85,100,3,MTransferTreeBoost,0.05,3,3,0.0,0.5,400,1.6181505499851931,1.286333586750379,1.6542004452472394,1.32045682439254
222,85,100,3,LSTransferTreeBoost,0.05,3,3,0.0,0.9,400,2.502332012031248,1.9975827703608218,2.4951607421846433,2.0261389976597526
223,85,100,3,LADTransferTreeBoost,0.05,3,3,0.0,0.9,400,2.239842750383049,1.7782108038311624,2.2667105143637483,1.8190853221232057
224,85,100,3,MTransferTreeBoost,0.05,3,3,0.0,0.9,400,2.315013876474175,1.8327568591502368,2.4157929168921295,1.9319981923887835
225,85,100,3,LSTransferTreeBoost,0.05,3,3,0.01,0.1,400,2.057680701685388,1.5819464150790612,2.09469138761363,1.6289049631149137
226,85,100,3,LADTransferTreeBoost,0.05,3,3,0.01,0.1,400,2.4040682058815572,1.8488376646611995,2.435147126849531,1.8944078925609666
227,85,100,3,MTransferTreeBoost,0.05,3,3,0.01,0.1,400,1.7873626540820389,1.4090905601798258,1.9008569714138155,1.4981866616162096
228,85,100,3,LSTransferTreeBoost,0.05,3,3,0.01,0.5,400,1.854323368288512,1.4305526436740559,1.8989538019495562,1.4697871197569563
229,85,100,3,LADTransferTreeBoost,0.05,3,3,0.01,0.5,400,2.0886148490792666,1.5985874632360129,2.1085649088662866,1.6445620035604613
230,85,100,3,MTransferTreeBoost,0.05,3,3,0.01,0.5,400,1.6392089090461135,1.3010208896788236,1.680177287358887,1.3306043117457647
231,85,100,3,LSTransferTreeBoost,0.05,3,3,0.01,0.9,400,1.7833184548332708,1.3747241043040068,1.781046001861611,1.3864219871965737
232,85,100,3,LADTransferTreeBoost,0.05,3,3,0.01,0.9,400,1.7797658900842301,1.3900772441581397,1.8063414255911312,1.4167590123029583
233,85,100,3,MTransferTreeBoost,0.05,3,3,0.01,0.9,400,1.6811508743918475,1.3355198494609386,1.7495338223367765,1.388287590359395
234,85,100,3,LSTransferTreeBoost,0.05,3,3,0.05,0.1,400,2.0546375244451216,1.576873616436762,2.100713880049014,1.6315130121138341
235,85,100,3,LADTransferTreeBoost,0.05,3,3,0.05,0.1,400,1.9665340414565444,1.5187156861374334,2.036955160190303,1.6026944035199038
236,85,100,3,MTransferTreeBoost,0.05,3,3,0.05,0.1,400,1.7939649473987274,1.417360856345277,1.9066168133153423,1.5006873219986938
237,85,100,3,LSTransferTreeBoost,0.05,3,3,0.05,0.5,400,2.015854594532697,1.5512280619350787,2.0557570707652384,1.6011548773540958
238,85,100,3,LADTransferTreeBoost,0.05,3,3,0.05,0.5,400,2.27207553890163,1.7420772804517946,2.2881294405774333,1.7880067262426496
239,85,100,3,MTransferTreeBoost,0.05,3,3,0.05,0.5,400,1.7323860468053667,1.3679118611266043,1.8255346026097201,1.4313612855130882
240,85,100,3,LSTransferTreeBoost,0.05,3,3,0.05,0.9,400,1.9178094474589336,1.485428096611358,1.9888910063168406,1.5338357036101746
241,85,100,3,LADTransferTreeBoost,0.05,3,3,0.05,0.9,400,1.9375174810076865,1.5159447313982617,1.9876189037528629,1.5799577557440434
242,85,100,3,MTransferTreeBoost,0.05,3,3,0.05,0.9,400,1.63999784767303,1.2977011880631886,1.702937387661762,1.3449185663405263
243,85,100,3,LSTransferTreeBoost,0.1,1,1,0.0,0.1,400,1.709384042046605,1.3354341389935311,1.8569506229528587,1.4545576849778126
244,85,100,3,LADTransferTreeBoost,0.1,1,1,0.0,0.1,400,1.7485922652017296,1.3778806757721092,1.788488660919735,1.433117672306395
245,85,100,3,MTransferTreeBoost,0.1,1,1,0.0,0.1,400,1.545604854135255,1.209214073277731,1.6294001374246503,1.281572934359421
246,85,100,3,LSTransferTreeBoost,0.1,1,1,0.0,0.5,400,1.6254800092957766,1.2718118357831676,1.7039913679844267,1.341778513427982
247,85,100,3,LADTransferTreeBoost,0.1,1,1,0.0,0.5,400,2.1480981381503033,1.6756815882453295,2.134377923984407,1.7057189751657897
248,85,100,3,MTransferTreeBoost,0.1,1,1,0.0,0.5,400,1.5180210409761374,1.1802729994655141,1.5511893394100695,1.2250263367704468
249,85,100,3,LSTransferTreeBoost,0.1,1,1,0.0,0.9,400,2.3022950243551583,1.797737234331944,2.2838248251998023,1.8116311374798393
250,85,100,3,LADTransferTreeBoost,0.1,1,1,0.0,0.9,400,4.249858556605546,3.3793255159090676,4.209572606308923,3.3582499759731217
251,85,100,3,MTransferTreeBoost,0.1,1,1,0.0,0.9,400,2.3597135040791124,1.8570649333270677,2.3224934244233655,1.8588174795341152
252,85,100,3,LSTransferTreeBoost,0.1,1,1,0.01,0.1,400,1.8416538236080169,1.4436316283463215,1.9778794152902608,1.55271963401441
253,85,100,3,LADTransferTreeBoost,0.1,1,1,0.01,0.1,400,1.9280821346661694,1.5352026112430122,1.960430983365307,1.5864981628454458
254,85,100,3,MTransferTreeBoost,0.1,1,1,0.01,0.1,400,1.5252600325641141,1.1968850826885473,1.6164446177709888,1.2737572832788633
255,85,100,3,LSTransferTreeBoost,0.1,1,1,0.01,0.5,400,1.692312680370721,1.3042538101542387,1.7801698461581328,1.3864591889316171
256,85,100,3,LADTransferTreeBoost,0.1,1,1,0.01,0.5,400,2.131940054762345,1.6582972169017116,2.116520243645989,1.6908328042451175
257,85,100,3,MTransferTreeBoost,0.1,1,1,0.01,0.5,400,1.486940828675152,1.1524935852900944,1.5341498584995135,1.2139288002441544
258,85,100,3,LSTransferTreeBoost,0.1,1,1,0.01,0.9,400,1.6702031831793624,1.292245510603005,1.7403657034085371,1.361731766035578
259,85,100,3,LADTransferTreeBoost,0.1,1,1,0.01,0.9,400,2.1248002409811737,1.6412717570768691,2.0827705973094113,1.6554291688703502
260,85,100,3,MTransferTreeBoost,0.1,1,1,0.01,0.9,400,1.5089061898406613,1.1751866809589981,1.542002121110471,1.2231993571159423
261,85,100,3,LSTransferTreeBoost,0.1,1,1,0.05,0.1,400,1.7842778094886798,1.403920723637939,1.942529589757599,1.5227186350102748
262,85,100,3,LADTransferTreeBoost,0.1,1,1,0.05,0.1,400,1.835970141858985,1.4738785903120046,1.8951730778942757,1.5428406951976967
263,85,100,3,MTransferTreeBoost,0.1,1,1,0.05,0.1,400,1.5056279883213928,1.1798963220908538,1.5942105206046115,1.2508492186555435
264,85,100,3,LSTransferTreeBoost,0.1,1,1,0.05,0.5,400,1.7304833139854494,1.3547959875063003,1.8780281462671626,1.4713201382126728
265,85,100,3,LADTransferTreeBoost,0.1,1,1,0.05,0.5,400,1.823359389986694,1.4395458289221366,1.8207518625288268,1.450582868582483
266,85,100,3,MTransferTreeBoost,0.1,1,1,0.05,0.5,400,1.4563582081049076,1.1410556771803646,1.5343989059189433,1.2151626884523972
267,85,100,3,LSTransferTreeBoost,0.1,1,1,0.05,0.9,400,1.7668845648292362,1.361011207370117,1.8654127089759103,1.4536866938325692
268,85,100,3,LADTransferTreeBoost,0.1,1,1,0.05,0.9,400,1.9701018923927034,1.5463092283472137,1.9419822561234026,1.5493644680342067
269,85,100,3,MTransferTreeBoost,0.1,1,1,0.05,0.9,400,1.5223176777403669,1.1948400631390688,1.580421047814662,1.2532194383737514
270,85,100,3,LSTransferTreeBoost,0.1,1,2,0.0,0.1,400,1.8160405034300644,1.431926101778985,1.947148250767634,1.5350660664084677
271,85,100,3,LADTransferTreeBoost,0.1,1,2,0.0,0.1,400,2.0336952919626388,1.5663555244576488,2.029533006473848,1.6081987254786803
272,85,100,3,MTransferTreeBoost,0.1,1,2,0.0,0.1,400,1.5720694599660496,1.2258862765014313,1.6512591298530201,1.3126911617422876
273,85,100,3,LSTransferTreeBoost,0.1,1,2,0.0,0.5,400,1.7300159518693177,1.3456744546335644,1.8291968165455672,1.4400964529463638
274,85,100,3,LADTransferTreeBoost,0.1,1,2,0.0,0.5,400,1.9592393470526335,1.4980752717067087,1.9570925059841808,1.5337553692619303
275,85,100,3,MTransferTreeBoost,0.1,1,2,0.0,0.5,400,1.5330837803681028,1.1771211290503611,1.5632447487484986,1.2291639392051688
276,85,100,3,LSTransferTreeBoost,0.1,1,2,0.0,0.9,400,2.5484552637480875,1.97075693578595,2.5516654083461705,2.0024443668070355
277,85,100,3,LADTransferTreeBoost,0.1,1,2,0.0,0.9,400,3.4349512444745414,2.6980045321396355,3.4055334448853105,2.688364384696683
278,85,100,3,MTransferTreeBoost,0.1,1,2,0.0,0.9,400,2.049109393467413,1.6144968245893279,2.0241547097447925,1.6338072632216305
279,85,100,3,LSTransferTreeBoost,0.1,1,2,0.01,0.1,400,1.8484186877414484,1.4583010194632071,1.9939932055253535,1.5712059030701024
280,85,100,3,LADTransferTreeBoost,0.1,1,2,0.01,0.1,400,2.0358572964639654,1.5615251135501962,2.051845591122063,1.6231187616627494
281,85,100,3,MTransferTreeBoost,0.1,1,2,0.01,0.1,400,1.611604883583573,1.2577934851480947,1.6841654709167788,1.336150745913565
282,85,100,3,LSTransferTreeBoost,0.1,1,2,0.01,0.5,400,1.7642813434642828,1.3722632150722933,1.860427607640241,1.462710953209456
283,85,100,3,LADTransferTreeBoost,0.1,1,2,0.01,0.5,400,2.09543287738427,1.6245685204831828,2.101905512413553,1.6559970668637307
284,85,100,3,MTransferTreeBoost,0.1,1,2,0.01,0.5,400,1.5294070960613106,1.1714450214129892,1.5578839302876797,1.231777408904859
285,85,100,3,LSTransferTreeBoost,0.1,1,2,0.01,0.9,400,1.6968286531064187,1.3138556523854008,1.7981161916993251,1.4094818474587283
286,85,100,3,LADTransferTreeBoost,0.1,1,2,0.01,0.9,400,1.8857857417670345,1.4423912072104377,1.8718145218837483,1.4477499281190542
287,85,100,3,MTransferTreeBoost,0.1,1,2,0.01,0.9,400,1.5430791758002287,1.1888376711778164,1.5582182094504051,1.225939123371139
288,85,100,3,LSTransferTreeBoost,0.1,1,2,0.05,0.1,400,1.9176303491876305,1.5195122964617083,2.0493096236363253,1.6032262846321248
289,85,100,3,LADTransferTreeBoost,0.1,1,2,0.05,0.1,400,2.0302892229766396,1.5616701372609654,2.0762834386241407,1.6446868394024876
290,85,100,3,MTransferTreeBoost,0.1,1,2,0.05,0.1,400,1.6208027785707517,1.2710455601505974,1.6989673762573172,1.3439549908959612
291,85,100,3,LSTransferTreeBoost,0.1,1,2,0.05,0.5,400,1.7833508877144986,1.3974006349787658,1.9143758362081147,1.5137383243887352
292,85,100,3,LADTransferTreeBoost,0.1,1,2,0.05,0.5,400,2.113445561487221,1.644878908349947,2.1128106587448223,1.6699771036209352
293,85,100,3,MTransferTreeBoost,0.1,1,2,0.05,0.5,400,1.5743670183434257,1.2256324031510633,1.6388822009286497,1.2901926814541884
294,85,100,3,LSTransferTreeBoost,0.1,1,2,0.05,0.9,400,1.755511160521612,1.3792134207564237,1.865878103989119,1.471890269834084
295,85,100,3,LADTransferTreeBoost,0.1,1,2,0.05,0.9,400,1.8983767787227865,1.4740156323499392,1.8861642086422215,1.496345031754248
296,85,100,3,MTransferTreeBoost,0.1,1,2,0.05,0.9,400,1.5498512778716087,1.1901401031933343,1.5804683119912477,1.2445429284380067
297,85,100,3,LSTransferTreeBoost,0.1,1,3,0.0,0.1,400,2.0141493523627543,1.5558726301466932,2.0975293857552226,1.6474483587609257
298,85,100,3,LADTransferTreeBoost,0.1,1,3,0.0,0.1,400,2.361710939078372,1.8186981797474273,2.372444233532468,1.890454889040072
299,85,100,3,MTransferTreeBoost,0.1,1,3,0.0,0.1,400,1.6935920844272538,1.340339127958306,1.77186663150111,1.3955681889950298
300,85,100,3,LSTransferTreeBoost,0.1,1,3,0.0,0.5,400,1.9057928313109798,1.4445624265719517,1.9342604845785447,1.5105968747237224
301,85,100,3,LADTransferTreeBoost,0.1,1,3,0.0,0.5,400,1.9662761841653176,1.512636195451277,1.9842016804842468,1.5725231407491485
302,85,100,3,MTransferTreeBoost,0.1,1,3,0.0,0.5,400,1.6211807724281437,1.276641546908047,1.6890659761831757,1.3310297502314183
303,85,100,3,LSTransferTreeBoost,0.1,1,3,0.0,0.9,400,2.0676385826752424,1.5923546367701111,2.070966726310281,1.6203948819983067
304,85,100,3,LADTransferTreeBoost,0.1,1,3,0.0,0.9,400,3.6508732100962416,2.880219181390298,3.6082727950443894,2.855344927134782
305,85,100,3,MTransferTreeBoost,0.1,1,3,0.0,0.9,400,1.7308349762040085,1.3583647039924112,1.7320384556855721,1.3732035310051902
306,85,100,3,LSTransferTreeBoost,0.1,1,3,0.01,0.1,400,2.0696153838881237,1.608931760106186,2.1485662953573157,1.677522389053322
307,85,100,3,LADTransferTreeBoost,0.1,1,3,0.01,0.1,400,2.7740177352255446,2.1223080816602455,2.8227251943376492,2.166057867050797
308,85,100,3,MTransferTreeBoost,0.1,1,3,0.01,0.1,400,1.7026652770448123,1.343775968414245,1.7902884837362827,1.4057765413398768
309,85,100,3,LSTransferTreeBoost,0.1,1,3,0.01,0.5,400,1.9013322758133138,1.441811763748528,1.9301712641179438,1.510597657535439
310,85,100,3,LADTransferTreeBoost,0.1,1,3,0.01,0.5,400,2.001258185820326,1.5351184500864985,2.0341273347133817,1.5810624468978116
311,85,100,3,MTransferTreeBoost,0.1,1,3,0.01,0.5,400,1.6505223610252162,1.2915341987127287,1.7336624216402277,1.363311970672467
312,85,100,3,LSTransferTreeBoost,0.1,1,3,0.01,0.9,400,1.8691435711312736,1.4177650047411448,1.907510709629775,1.4687166697676082
313,85,100,3,LADTransferTreeBoost,0.1,1,3,0.01,0.9,400,1.937183298147027,1.474354120930982,1.9533651141921973,1.5054639413161377
314,85,100,3,MTransferTreeBoost,0.1,1,3,0.01,0.9,400,1.5941078522148007,1.2418114694230564,1.6330481460510944,1.2866383460748365
315,85,100,3,LSTransferTreeBoost,0.1,1,3,0.05,0.1,400,2.0579402204069357,1.571918333105982,2.1233186247922577,1.6559541805805844
316,85,100,3,LADTransferTreeBoost,0.1,1,3,0.05,0.1,400,2.2147544610347336,1.7110539092065595,2.259628367588239,1.790406310394313
317,85,100,3,MTransferTreeBoost,0.1,1,3,0.05,0.1,400,1.7790229168136975,1.399232689129695,1.8525757381183805,1.4579756132727062
318,85,100,3,LSTransferTreeBoost,0.1,1,3,0.05,0.5,400,1.9544386644321592,1.4935871703258428,2.006839820144891,1.5559936797017526
319,85,100,3,LADTransferTreeBoost,0.1,1,3,0.05,0.5,400,1.9737118422864848,1.549221247968732,2.0054348569563234,1.610099751295702
320,85,100,3,MTransferTreeBoost,0.1,1,3,0.05,0.5,400,1.775606916180095,1.3953843180426262,1.8574256681176675,1.4606266460473636
321,85,100,3,LSTransferTreeBoost,0.1,1,3,0.05,0.9,400,1.923361543844368,1.4613319763931019,1.941971400977276,1.5163076680807235
322,85,100,3,LADTransferTreeBoost,0.1,1,3,0.05,0.9,400,2.198497415793128,1.6675998205161477,2.211147237674474,1.708649867414418
323,85,100,3,MTransferTreeBoost,0.1,1,3,0.05,0.9,400,1.670028858043546,1.3126817564637843,1.7457672968089175,1.3748469670978098
324,85,100,3,LSTransferTreeBoost,0.1,2,1,0.0,0.1,400,1.68568791766008,1.3358982840312086,1.8300954338916593,1.449319595265215
325,85,100,3,LADTransferTreeBoost,0.1,2,1,0.0,0.1,400,2.0946716634885107,1.631260902735929,2.090310165383382,1.6471254738776708
326,85,100,3,MTransferTreeBoost,0.1,2,1,0.0,0.1,400,1.5140198491638843,1.196141791911053,1.5897360087378283,1.2641097924340183
327,85,100,3,LSTransferTreeBoost,0.1,2,1,0.0,0.5,400,1.6397844632381111,1.2954182667931458,1.7032727055612282,1.347680192887944
328,85,100,3,LADTransferTreeBoost,0.1,2,1,0.0,0.5,400,2.0339386517631577,1.6042914570356788,2.010863944390651,1.6197980703364372
329,85,100,3,MTransferTreeBoost,0.1,2,1,0.0,0.5,400,1.4873492075828831,1.1659509510282924,1.534210135300022,1.2185354610083048
330,85,100,3,LSTransferTreeBoost,0.1,2,1,0.0,0.9,400,2.075119635113441,1.6228145629305823,2.1265574561862284,1.6672418027663165
331,85,100,3,LADTransferTreeBoost,0.1,2,1,0.0,0.9,400,3.1287828473285852,2.458454970318235,3.1358753136455824,2.465946994021181
332,85,100,3,MTransferTreeBoost,0.1,2,1,0.0,0.9,400,2.1298995174341453,1.683435385713112,2.1586867800757767,1.714658860780119
333,85,100,3,LSTransferTreeBoost,0.1,2,1,0.01,0.1,400,1.7055028238167775,1.359789022821442,1.8622890331908437,1.4863000693095942
334,85,100,3,LADTransferTreeBoost,0.1,2,1,0.01,0.1,400,2.696695938492393,2.0934309615410513,2.721716328397737,2.134249015142743
335,85,100,3,MTransferTreeBoost,0.1,2,1,0.01,0.1,400,1.5569928346048643,1.2427976115483477,1.6394434039807315,1.309693195952214
336,85,100,3,LSTransferTreeBoost,0.1,2,1,0.01,0.5,400,1.6503056896890163,1.3002648580500415,1.7368993722241952,1.3767428550136251
337,85,100,3,LADTransferTreeBoost,0.1,2,1,0.01,0.5,400,2.29329112979456,1.798063071110343,2.289518088352195,1.8159944576698102
338,85,100,3,MTransferTreeBoost,0.1,2,1,0.01,0.5,400,1.457762098071936,1.1491888075660155,1.5038092232291163,1.1968763434470497
339,85,100,3,LSTransferTreeBoost,0.1,2,1,0.01,0.9,400,1.6582906874288967,1.3058309841767959,1.7360241207564948,1.3757199386001535
340,85,100,3,LADTransferTreeBoost,0.1,2,1,0.01,0.9,400,1.710027697751864,1.3362566261218316,1.7034177869395666,1.3514914113284258
341,85,100,3,MTransferTreeBoost,0.1,2,1,0.01,0.9,400,1.4716177742321772,1.1673031717437956,1.5111965081514338,1.2117245737515994
342,85,100,3,LSTransferTreeBoost,0.1,2,1,0.05,0.1,400,1.7125315005724966,1.3656515730564691,1.8534059283038002,1.4775290049551157
343,85,100,3,LADTransferTreeBoost,0.1,2,1,0.05,0.1,400,2.3795449606117196,1.8715254525805356,2.3706008451531435,1.8926259727054024
344,85,100,3,MTransferTreeBoost,0.1,2,1,0.05,0.1,400,1.5445784022859712,1.2299376681489467,1.6355565067694053,1.2997720989589248
345,85,100,3,LSTransferTreeBoost,0.1,2,1,0.05,0.5,400,1.7041367654580306,1.357838378989651,1.8346817947283105,1.4677417018092491
346,85,100,3,LADTransferTreeBoost,0.1,2,1,0.05,0.5,400,1.911695562845511,1.4903817734381606,1.931756185825095,1.527360072321566
347,85,100,3,MTransferTreeBoost,0.1,2,1,0.05,0.5,400,1.5317702085827103,1.217001381219523,1.6018118844068705,1.2773354943198323
348,85,100,3,LSTransferTreeBoost,0.1,2,1,0.05,0.9,400,1.6912820274929696,1.3304740343677015,1.8148818094473802,1.4402409823525775
349,85,100,3,LADTransferTreeBoost,0.1,2,1,0.05,0.9,400,2.4695161638108396,1.9253485420558127,2.476240740904374,1.9439312533776942
350,85,100,3,MTransferTreeBoost,0.1,2,1,0.05,0.9,400,1.4847713397877609,1.1784377821566576,1.5445734147748027,1.2353594327731967
351,85,100,3,LSTransferTreeBoost,0.1,2,2,0.0,0.1,400,1.8261665504319402,1.45074560711129,1.9500870746462209,1.5370503410765368
352,85,100,3,LADTransferTreeBoost,0.1,2,2,0.0,0.1,400,2.06928029132623,1.660779712094765,2.028052737318638,1.6392185503460004
353,85,100,3,MTransferTreeBoost,0.1,2,2,0.0,0.1,400,1.5883753592654217,1.2402367322339591,1.670398035824591,1.3228538019891876
354,85,100,3,LSTransferTreeBoost,0.1,2,2,0.0,0.5,400,1.6887225001733126,1.3410922307575444,1.7943728024411663,1.417186459940314
355,85,100,3,LADTransferTreeBoost,0.1,2,2,0.0,0.5,400,1.6840468775225987,1.2989892837148314,1.6923782258760436,1.3426830033433288
356,85,100,3,MTransferTreeBoost,0.1,2,2,0.0,0.5,400,1.5671458822477413,1.2098040834207846,1.5810212048827628,1.2527678476593214
357,85,100,3,LSTransferTreeBoost,0.1,2,2,0.0,0.9,400,2.2344769379872154,1.735086656078071,2.274601544269498,1.8054918316058481
358,85,100,3,LADTransferTreeBoost,0.1,2,2,0.0,0.9,400,2.57761298638663,2.0974688899561547,2.5670731987471838,2.106911228459414
359,85,100,3,MTransferTreeBoost,0.1,2,2,0.0,0.9,400,2.0556790116850143,1.629859771994621,2.0698177792964505,1.6539577577450133
360,85,100,3,LSTransferTreeBoost,0.1,2,2,0.01,0.1,400,1.8031563634602807,1.4281051253243415,1.924165407246954,1.516049480684805
361,85,100,3,LADTransferTreeBoost,0.1,2,2,0.01,0.1,400,1.924689819158034,1.479742633189032,1.9500646870368337,1.528265970262587
362,85,100,3,MTransferTreeBoost,0.1,2,2,0.01,0.1,400,1.6326487161766734,1.2827828731681452,1.7192930371092772,1.3643746117438114
363,85,100,3,LSTransferTreeBoost,0.1,2,2,0.01,0.5,400,1.6525662256552012,1.29158702636881,1.7629328212007387,1.399674210376293
364,85,100,3,LADTransferTreeBoost,0.1,2,2,0.01,0.5,400,1.7124328509819702,1.3236169726901803,1.6943052442586952,1.3497397784243543
365,85,100,3,MTransferTreeBoost,0.1,2,2,0.01,0.5,400,1.5736426505872423,1.2130822274453203,1.591034422147717,1.260726966252234
366,85,100,3,LSTransferTreeBoost,0.1,2,2,0.01,0.9,400,1.6948462149090329,1.337175823920515,1.7785026226665543,1.4004360391804969
367,85,100,3,LADTransferTreeBoost,0.1,2,2,0.01,0.9,400,1.81434930075048,1.4033584972590583,1.813781710677481,1.4127871762081732
368,85,100,3,MTransferTreeBoost,0.1,2,2,0.01,0.9,400,1.5548586421303021,1.1989741072533628,1.5589909042358627,1.2309217508839994
369,85,100,3,LSTransferTreeBoost,0.1,2,2,0.05,0.1,400,1.8086697888177021,1.4347774228230292,1.952508050182739,1.5352024237143167
370,85,100,3,LADTransferTreeBoost,0.1,2,2,0.05,0.1,400,2.269311241439215,1.7352624053425612,2.29426943854025,1.775351929736524
371,85,100,3,MTransferTreeBoost,0.1,2,2,0.05,0.1,400,1.6173219857809065,1.277092709917531,1.7046546783288505,1.3556055501126396
372,85,100,3,LSTransferTreeBoost,0.1,2,2,0.05,0.5,400,1.7216758152994363,1.3569179765747374,1.8213652213189602,1.444904466094746
373,85,100,3,LADTransferTreeBoost,0.1,2,2,0.05,0.5,400,2.0407447352715304,1.5687524384556408,2.0926384068620307,1.6295381164418996
374,85,100,3,MTransferTreeBoost,0.1,2,2,0.05,0.5,400,1.5581714661495725,1.2198102488498321,1.6245419686231442,1.2877572854985024
375,85,100,3,LSTransferTreeBoost,0.1,2,2,0.05,0.9,400,1.7149327982051732,1.3611019922955192,1.817317371616222,1.4321596962466687
376,85,100,3,LADTransferTreeBoost,0.1,2,2,0.05,0.9,400,2.124644063806887,1.6373290507841374,2.099395001130639,1.6657595296827183
377,85,100,3,MTransferTreeBoost,0.1,2,2,0.05,0.9,400,1.6276816851156768,1.2656201290118356,1.6523595924554788,1.310059768092874
378,85,100,3,LSTransferTreeBoost,0.1,2,3,0.0,0.1,400,2.083698270031248,1.6004365365707731,2.1617545500571524,1.6956774047666638
379,85,100,3,LADTransferTreeBoost,0.1,2,3,0.0,0.1,400,2.562182862532906,1.9532115773450505,2.5820397515975535,1.9905014390828926
380,85,100,3,MTransferTreeBoost,0.1,2,3,0.0,0.1,400,1.7382548918843863,1.3721662532270122,1.824165050924396,1.4332761828378362
381,85,100,3,LSTransferTreeBoost,0.1,2,3,0.0,0.5,400,1.7935837102196415,1.3677018699275119,1.8125486494444711,1.418154418750545
382,85,100,3,LADTransferTreeBoost,0.1,2,3,0.0,0.5,400,1.7340969432230182,1.343602483314868,1.7511944280843292,1.3986940188739336
383,85,100,3,MTransferTreeBoost,0.1,2,3,0.0,0.5,400,1.6199720886491322,1.278284528932058,1.6988473492035725,1.3443573335543202
384,85,100,3,LSTransferTreeBoost,0.1,2,3,0.0,0.9,400,2.373236610744333,1.8501670306757756,2.3661799435462263,1.8888921130777667
385,85,100,3,LADTransferTreeBoost,0.1,2,3,0.0,0.9,400,2.3011593988415977,1.83694766854882,2.344878207248429,1.8829344488388082
386,85,100,3,MTransferTreeBoost,0.1,2,3,0.0,0.9,400,1.8436319015381573,1.4643570056077486,1.892053322655219,1.5293058818822673
387,85,100,3,LSTransferTreeBoost,0.1,2,3,0.01,0.1,400,2.134187356253356,1.6358753368235717,2.1705439743509984,1.6910682469846818
388,85,100,3,LADTransferTreeBoost,0.1,2,3,0.01,0.1,400,2.0268895044272,1.5768191623505756,2.062760085730205,1.6474197993140152
389,85,100,3,MTransferTreeBoost,0.1,2,3,0.01,0.1,400,1.7318908380720435,1.3691879561378342,1.8195560010421197,1.4325484290580994
390,85,100,3,LSTransferTreeBoost,0.1,2,3,0.01,0.5,400,1.876768154637788,1.4388827238182764,1.8924082485234734,1.4681031704311591
391,85,100,3,LADTransferTreeBoost,0.1,2,3,0.01,0.5,400,2.0379048168807143,1.5478313532256172,2.0521849960036134,1.5909917314404018
392,85,100,3,MTransferTreeBoost,0.1,2,3,0.01,0.5,400,1.579717251907885,1.2491257993915106,1.6550115910970327,1.3140902984272094
393,85,100,3,LSTransferTreeBoost,0.1,2,3,0.01,0.9,400,1.80523765122908,1.3896391854831924,1.80411227675072,1.4027556920371331
394,85,100,3,LADTransferTreeBoost,0.1,2,3,0.01,0.9,400,1.659523528881613,1.2978798408705055,1.6650792181895164,1.3004778135700992
395,85,100,3,MTransferTreeBoost,0.1,2,3,0.01,0.9,400,1.5884969581077861,1.2324117387142934,1.6277804953462756,1.279533266384402
396,85,100,3,LSTransferTreeBoost,0.1,2,3,0.05,0.1,400,2.1066660555691907,1.6255205444560292,2.1620543288768244,1.6857183731845593
397,85,100,3,LADTransferTreeBoost,0.1,2,3,0.05,0.1,400,2.1625880949927794,1.6627536241673575,2.2591378392257813,1.771220828849437
398,85,100,3,MTransferTreeBoost,0.1,2,3,0.05,0.1,400,1.814854380502327,1.4315115863718086,1.9232109058678972,1.5161551891314524
399,85,100,3,LSTransferTreeBoost,0.1,2,3,0.05,0.5,400,1.946443143993436,1.4805634768286628,1.9898420651346833,1.5279705754703323
400,85,100,3,LADTransferTreeBoost,0.1,2,3,0.05,0.5,400,2.298097772469585,1.756621755681906,2.326634694536198,1.8062789983438161
401,85,100,3,MTransferTreeBoost,0.1,2,3,0.05,0.5,400,1.7054997498163715,1.344065224659209,1.7821756786979528,1.4078722104433397
402,85,100,3,LSTransferTreeBoost,0.1,2,3,0.05,0.9,400,1.847697649043864,1.3973074343658203,1.868271286122588,1.4326985912539445
403,85,100,3,LADTransferTreeBoost,0.1,2,3,0.05,0.9,400,1.8512414250361382,1.423194337579765,1.9240604531618384,1.4931516757475085
404,85,100,3,MTransferTreeBoost,0.1,2,3,0.05,0.9,400,1.6355956960594562,1.2770102021309804,1.6777557969683135,1.3212383341728189
405,85,100,3,LSTransferTreeBoost,0.1,3,1,0.0,0.1,400,1.712449206382025,1.350076568808634,1.8612388818397574,1.4735106223815946
406,85,100,3,LADTransferTreeBoost,0.1,3,1,0.0,0.1,400,1.9855436416241252,1.5477781393025953,1.9992029108172027,1.577353878518905
407,85,100,3,MTransferTreeBoost,0.1,3,1,0.0,0.1,400,1.4992899562595368,1.1904583379776394,1.5680910389292544,1.2458737517034264
408,85,100,3,LSTransferTreeBoost,0.1,3,1,0.0,0.5,400,1.8169573818121754,1.421665752984366,1.9019445664815005,1.4900690520632933
409,85,100,3,LADTransferTreeBoost,0.1,3,1,0.0,0.5,400,1.7559177027096378,1.3782043630181284,1.754637142034875,1.3855027018671324
410,85,100,3,MTransferTreeBoost,0.1,3,1,0.0,0.5,400,1.5082546703738486,1.180142627893114,1.5729561225072421,1.2475875465728414
411,85,100,3,LSTransferTreeBoost,0.1,3,1,0.0,0.9,400,2.4643851057140944,1.953279996003194,2.494061871190355,2.0132648235107835
412,85,100,3,LADTransferTreeBoost,0.1,3,1,0.0,0.9,400,2.5489352655631907,2.053462895961882,2.528114765160529,2.0632143476775138
413,85,100,3,MTransferTreeBoost,0.1,3,1,0.0,0.9,400,2.3121851400795728,1.8622534486903093,2.3806428634709755,1.9252172476922542
414,85,100,3,LSTransferTreeBoost,0.1,3,1,0.01,0.1,400,1.722973847671328,1.3624543169047845,1.8662447064866412,1.4799382190615455
415,85,100,3,LADTransferTreeBoost,0.1,3,1,0.01,0.1,400,1.9042662546187628,1.480067833218745,1.9003461934156531,1.494231631987089
416,85,100,3,MTransferTreeBoost,0.1,3,1,0.01,0.1,400,1.518237137953455,1.2071397079125354,1.595412896650115,1.2642561642511005
417,85,100,3,LSTransferTreeBoost,0.1,3,1,0.01,0.5,400,1.6884668464628034,1.3291747803607878,1.782732409049599,1.413201407498395
418,85,100,3,LADTransferTreeBoost,0.1,3,1,0.01,0.5,400,1.9545548193927305,1.5018418559542743,1.9329894471777018,1.5144730362511933
419,85,100,3,MTransferTreeBoost,0.1,3,1,0.01,0.5,400,1.4851043632410306,1.1863398436347585,1.5447938853516505,1.239457894495005
420,85,100,3,LSTransferTreeBoost,0.1,3,1,0.01,0.9,400,1.992640061966384,1.5487669966534277,2.06314910931688,1.6105304455909504
421,85,100,3,LADTransferTreeBoost,0.1,3,1,0.01,0.9,400,2.103368504739104,1.6348367431128763,2.1046229949262876,1.6714064220081732
422,85,100,3,MTransferTreeBoost,0.1,3,1,0.01,0.9,400,1.511682145979688,1.1853807275660764,1.6054567294281337,1.2748487853887354
423,85,100,3,LSTransferTreeBoost,0.1,3,1,0.05,0.1,400,1.721809844483033,1.3692730461460498,1.8848367306564506,1.498785115818615
424,85,100,3,LADTransferTreeBoost,0.1,3,1,0.05,0.1,400,2.3326697090976203,1.834915412868931,2.3550429985834476,1.8772970765773764
425,85,100,3,MTransferTreeBoost,0.1,3,1,0.05,0.1,400,1.533582824793251,1.2172468641381384,1.6198235357784387,1.2810732772248836
426,85,100,3,LSTransferTreeBoost,0.1,3,1,0.05,0.5,400,1.706872373558509,1.3556698004530963,1.8336774832925222,1.4647829080871724
427,85,100,3,LADTransferTreeBoost,0.1,3,1,0.05,0.5,400,2.2398924096598645,1.7554946693419897,2.2202298278347,1.7708372112483006
428,85,100,3,MTransferTreeBoost,0.1,3,1,0.05,0.5,400,1.4922558568406699,1.1883945315083562,1.563906569846228,1.2479772778073062
429,85,100,3,LSTransferTreeBoost,0.1,3,1,0.05,0.9,400,1.731183062722017,1.3771427432738352,1.8528624206601911,1.481117350054907
430,85,100,3,LADTransferTreeBoost,0.1,3,1,0.05,0.9,400,1.8978856822966474,1.4713668991968316,1.868284360067565,1.483914215477415
431,85,100,3,MTransferTreeBoost,0.1,3,1,0.05,0.9,400,1.5215881816436023,1.2165351313036297,1.6034783078952954,1.2813989447376644
432,85,100,3,LSTransferTreeBoost,0.1,3,2,0.0,0.1,400,1.8109276811908765,1.4262064931395841,1.9383207347216258,1.5261511409496502
433,85,100,3,LADTransferTreeBoost,0.1,3,2,0.0,0.1,400,2.0823428668868615,1.5927843324894722,2.103131614562864,1.662998056584688
434,85,100,3,MTransferTreeBoost,0.1,3,2,0.0,0.1,400,1.5959166489945953,1.2489342158259769,1.6590807035550565,1.3156425710307809
435,85,100,3,LSTransferTreeBoost,0.1,3,2,0.0,0.5,400,1.6936981203738601,1.333315284298867,1.8031099881000479,1.418646185562136
436,85,100,3,LADTransferTreeBoost,0.1,3,2,0.0,0.5,400,1.7472345229484199,1.3687275606519467,1.7507486897040074,1.3891525156531506
437,85,100,3,MTransferTreeBoost,0.1,3,2,0.0,0.5,400,1.6354341687519214,1.2745277908319894,1.6455135991511347,1.3138994159651731
438,85,100,3,LSTransferTreeBoost,0.1,3,2,0.0,0.9,400,2.6107002768841445,2.0404307359584037,2.6795947018238535,2.1319127014521055
439,85,100,3,LADTransferTreeBoost,0.1,3,2,0.0,0.9,400,2.547540769461049,1.9949876834425226,2.5840718968098675,2.0339807632341884
440,85,100,3,MTransferTreeBoost,0.1,3,2,0.0,0.9,400,2.027815509377418,1.6013249431718894,2.0854205181883745,1.655594777238062
441,85,100,3,LSTransferTreeBoost,0.1,3,2,0.01,0.1,400,1.9901516234678085,1.5759405895327685,2.1067350952469943,1.673776260049648
442,85,100,3,LADTransferTreeBoost,0.1,3,2,0.01,0.1,400,2.05786883804884,1.594395459970883,2.090131172564829,1.6590618668198913
443,85,100,3,MTransferTreeBoost,0.1,3,2,0.01,0.1,400,1.618845143037004,1.2761098614727706,1.6858959549246944,1.3374634052244836
444,85,100,3,LSTransferTreeBoost,0.1,3,2,0.01,0.5,400,1.7039740337787543,1.357509962987515,1.8122711927490585,1.4388010944253962
445,85,100,3,LADTransferTreeBoost,0.1,3,2,0.01,0.5,400,1.856084573157236,1.4541516793999831,1.8328340027625558,1.4584542003369239
446,85,100,3,MTransferTreeBoost,0.1,3,2,0.01,0.5,400,1.6468578997276917,1.2929097660017126,1.6717049085394386,1.3362771219405232
447,85,100,3,LSTransferTreeBoost,0.1,3,2,0.01,0.9,400,1.6694940658511097,1.3295495910939674,1.7854465476873282,1.4123613802672443
448,85,100,3,LADTransferTreeBoost,0.1,3,2,0.01,0.9,400,1.7124558487941621,1.3268270768328252,1.7424072457649977,1.3745880117948346
449,85,100,3,MTransferTreeBoost,0.1,3,2,0.01,0.9,400,1.5940634244605822,1.2403354347174833,1.627859326632111,1.2929467354353266
450,85,100,3,LSTransferTreeBoost,0.1,3,2,0.05,0.1,400,1.9393236211929301,1.5405035834172314,2.074232577609747,1.642083853181674
451,85,100,3,LADTransferTreeBoost,0.1,3,2,0.05,0.1,400,1.9425047413950813,1.5021615631514005,1.9758149699410767,1.5651801576781843
452,85,100,3,MTransferTreeBoost,0.1,3,2,0.05,0.1,400,1.6185339313389677,1.2680323393490844,1.6809152954959459,1.3346308934957636
453,85,100,3,LSTransferTreeBoost,0.1,3,2,0.05,0.5,400,1.680025590124991,1.320899607047174,1.8564657447588475,1.4699623072629247
454,85,100,3,LADTransferTreeBoost,0.1,3,2,0.05,0.5,400,1.7309519203253074,1.338392146473935,1.742677088729384,1.3782896496424843
455,85,100,3,MTransferTreeBoost,0.1,3,2,0.05,0.5,400,1.6270508637198111,1.2849586402579989,1.6900769727741316,1.3468201511038014
456,85,100,3,LSTransferTreeBoost,0.1,3,2,0.05,0.9,400,1.6853773746195349,1.3406641979369278,1.8044043396106926,1.429044934451423
457,85,100,3,LADTransferTreeBoost,0.1,3,2,0.05,0.9,400,2.0108852031833386,1.5399007854315736,2.020400573437543,1.5852740188441703
458,85,100,3,MTransferTreeBoost,0.1,3,2,0.05,0.9,400,1.6271215171391644,1.2726885248230226,1.6807135081226836,1.3406985813688155
459,85,100,3,LSTransferTreeBoost,0.1,3,3,0.0,0.1,400,2.052747216304779,1.576979915352643,2.1221855576778452,1.654570616930329
460,85,100,3,LADTransferTreeBoost,0.1,3,3,0.0,0.1,400,1.9501834046665425,1.529637327093621,2.030127330097846,1.6204340703434903
461,85,100,3,MTransferTreeBoost,0.1,3,3,0.0,0.1,400,1.7607020569030736,1.3972433841019607,1.864432593524905,1.4653650966280274
462,85,100,3,LSTransferTreeBoost,0.1,3,3,0.0,0.5,400,1.824456079269065,1.3970056286582544,1.8352135136801129,1.430747846763235
463,85,100,3,LADTransferTreeBoost,0.1,3,3,0.0,0.5,400,1.7149432889587126,1.3064875171134642,1.7660165118206623,1.37912831271363
464,85,100,3,MTransferTreeBoost,0.1,3,3,0.0,0.5,400,1.6737675135827077,1.3181186944403525,1.69303771370139,1.349966497845759
465,85,100,3,LSTransferTreeBoost,0.1,3,3,0.0,0.9,400,2.520379364460318,2.035423417174482,2.513424706995895,2.0628967093764414
466,85,100,3,LADTransferTreeBoost,0.1,3,3,0.0,0.9,400,2.4157906260149735,1.8725789138061801,2.4719210801187543,1.9297919599892135
467,85,100,3,MTransferTreeBoost,0.1,3,3,0.0,0.9,400,2.29454059980459,1.8122841837848822,2.4107605044631244,1.938274346907194
468,85,100,3,LSTransferTreeBoost,0.1,3,3,0.01,0.1,400,2.065095882540434,1.5933418229992227,2.132683364542828,1.6638009334612687
469,85,100,3,LADTransferTreeBoost,0.1,3,3,0.01,0.1,400,2.450634697530066,1.871603897153174,2.485278678993907,1.93281876587304
470,85,100,3,MTransferTreeBoost,0.1,3,3,0.01,0.1,400,1.8459839798485294,1.460211601917516,1.9591339632067681,1.5452197458313703
471,85,100,3,LSTransferTreeBoost,0.1,3,3,0.01,0.5,400,1.8178491944679167,1.4016197351011637,1.8760187038401706,1.460404750887863
472,85,100,3,LADTransferTreeBoost,0.1,3,3,0.01,0.5,400,2.040665823314412,1.5349495743911648,2.0725661530453903,1.602101795722145
473,85,100,3,MTransferTreeBoost,0.1,3,3,0.01,0.5,400,1.648000123279867,1.303876732475082,1.696717579010495,1.3438206726296522
474,85,100,3,LSTransferTreeBoost,0.1,3,3,0.01,0.9,400,1.8446913604217465,1.4170033260495356,1.8592772898605865,1.457661335564238
475,85,100,3,LADTransferTreeBoost,0.1,3,3,0.01,0.9,400,1.6982131192514889,1.305996504958687,1.8087851326815678,1.3716601284794503
476,85,100,3,MTransferTreeBoost,0.1,3,3,0.01,0.9,400,1.637105552275735,1.2843844883241464,1.7386052374287753,1.3763564034907987
477,85,100,3,LSTransferTreeBoost,0.1,3,3,0.05,0.1,400,2.060195282497394,1.5862862773877129,2.1033856519452954,1.6567621541994733
478,85,100,3,LADTransferTreeBoost,0.1,3,3,0.05,0.1,400,2.1791777829302217,1.680430488647871,2.2110692337144355,1.7495250106317788
479,85,100,3,MTransferTreeBoost,0.1,3,3,0.05,0.1,400,1.7910750304394851,1.4129709608785652,1.9082753067984726,1.5044880511605296
480,85,100,3,LSTransferTreeBoost,0.1,3,3,0.05,0.5,400,1.9379309213109372,1.4927583909502251,1.9943463833084591,1.5453787045895957
481,85,100,3,LADTransferTreeBoost,0.1,3,3,0.05,0.5,400,1.9243157068990313,1.4729146461269138,1.9745335011166207,1.5514708939332162
482,85,100,3,MTransferTreeBoost,0.1,3,3,0.05,0.5,400,1.6559065638593033,1.3012381655949325,1.745023220260687,1.3664447585628094
483,85,100,3,LSTransferTreeBoost,0.1,3,3,0.05,0.9,400,1.8364873323747213,1.3985133412565405,1.8647967909617245,1.446171469474962
484,85,100,3,LADTransferTreeBoost,0.1,3,3,0.05,0.9,400,1.9394365905471336,1.4799713546257645,1.9647824760662274,1.5473982296457456
485,85,100,3,MTransferTreeBoost,0.1,3,3,0.05,0.9,400,1.6241538557366202,1.2893064296334373,1.6733109296233093,1.3233967556535293
486,85,300,3,LSTransferTreeBoost,0.05,1,1,0.0,0.1,400,1.755104806839243,1.402252094359907,1.7914362987350445,1.4199552540279934
487,85,300,3,LADTransferTreeBoost,0.05,1,1,0.0,0.1,400,1.5686863785074279,1.2621645573240134,1.5580104751967094,1.2516079666700313
488,85,300,3,MTransferTreeBoost,0.05,1,1,0.0,0.1,400,1.4825878700318287,1.1915488592145065,1.4827909624752524,1.1865093150986707
489,85,300,3,LSTransferTreeBoost,0.05,1,1,0.0,0.5,400,1.7720425068718333,1.3881545543067555,1.793764124049696,1.4190772658257838
490,85,300,3,LADTransferTreeBoost,0.05,1,1,0.0,0.5,400,1.8054418411876951,1.445012465635754,1.772049100904491,1.428204804047883
491,85,300,3,MTransferTreeBoost,0.05,1,1,0.0,0.5,400,1.5999525363888016,1.2749246296978058,1.5749846154028742,1.2620893371989386
492,85,300,3,LSTransferTreeBoost,0.05,1,1,0.0,0.9,400,2.8955884454494187,2.326053576820185,2.8435683659007673,2.316733736763097
493,85,300,3,LADTransferTreeBoost,0.05,1,1,0.0,0.9,400,2.989458876143873,2.413155202922986,2.909875684380582,2.3803037556065934
494,85,300,3,MTransferTreeBoost,0.05,1,1,0.0,0.9,400,2.8886286608369067,2.3191665346906447,2.831932362534212,2.305840414180581
495,85,300,3,LSTransferTreeBoost,0.05,1,1,0.01,0.1,400,2.431564781602376,1.959821910371955,2.380046805425189,1.9411627933995883
496,85,300,3,LADTransferTreeBoost,0.05,1,1,0.01,0.1,400,1.9088910374994108,1.5414192348660476,1.8615096943050413,1.5025432638511493
497,85,300,3,MTransferTreeBoost,0.05,1,1,0.01,0.1,400,1.5039974406982028,1.2091675103174737,1.50659402610026,1.203789671518729
498,85,300,3,LSTransferTreeBoost,0.05,1,1,0.01,0.5,400,2.1469059125190735,1.7075256814074906,2.104978413639309,1.6968593915819046
499,85,300,3,LADTransferTreeBoost,0.05,1,1,0.01,0.5,400,1.5159230897693425,1.2178273813657483,1.5061413562141766,1.2083020804592706
500,85,300,3,MTransferTreeBoost,0.05,1,1,0.01,0.5,400,1.501886082954909,1.2069761132554477,1.4992773618775956,1.1996664836242739
501,85,300,3,LSTransferTreeBoost,0.05,1,1,0.01,0.9,400,1.9872692336269056,1.5780777983640424,1.9637940332023005,1.576114938706002
502,85,300,3,LADTransferTreeBoost,0.05,1,1,0.01,0.9,400,1.5767660049859709,1.2642006462125033,1.562467073005096,1.2565275071926516
503,85,300,3,MTransferTreeBoost,0.05,1,1,0.01,0.9,400,1.438367838143697,1.1534582269282163,1.4428638619266063,1.1577026578667282
504,85,300,3,LSTransferTreeBoost,0.05,1,1,0.05,0.1,400,2.894009264738762,2.341588460789575,2.8341483200255952,2.334653379890676
505,85,300,3,LADTransferTreeBoost,0.05,1,1,0.05,0.1,400,2.203678472080901,1.7783722921240879,2.1491830388427284,1.741790736021404
506,85,300,3,MTransferTreeBoost,0.05,1,1,0.05,0.1,400,1.5090124905307642,1.2128596767260782,1.510873505080086,1.2102030814884785
507,85,300,3,LSTransferTreeBoost,0.05,1,1,0.05,0.5,400,2.6334253115216484,2.1304444296572114,2.5702273474094466,2.1088270749270714
508,85,300,3,LADTransferTreeBoost,0.05,1,1,0.05,0.5,400,2.1570310014231278,1.7363512326401482,2.101449692565367,1.6940257884842924
509,85,300,3,MTransferTreeBoost,0.05,1,1,0.05,0.5,400,1.5077896864430858,1.2135104227472835,1.5109036286529487,1.2069113544008878
510,85,300,3,LSTransferTreeBoost,0.05,1,1,0.05,0.9,400,2.4298781438933816,1.968100309034802,2.381044299346583,1.9417927213050645
511,85,300,3,LADTransferTreeBoost,0.05,1,1,0.05,0.9,400,1.5635529898798048,1.2550318695003735,1.5489275439594044,1.236547374602056
512,85,300,3,MTransferTreeBoost,0.05,1,1,0.05,0.9,400,1.455049172670917,1.1683937947104286,1.4659878355154112,1.1736048263022585
513,85,300,3,LSTransferTreeBoost,0.05,1,2,0.0,0.1,400,1.647643557609217,1.270521738803166,1.7038359822156084,1.3086844246619636
514,85,300,3,LADTransferTreeBoost,0.05,1,2,0.0,0.1,400,2.7176382209765806,2.2005864384177642,2.636726404710507,2.149288462052416
515,85,300,3,MTransferTreeBoost,0.05,1,2,0.0,0.1,400,1.452931561946162,1.1627165650811748,1.4462504796821885,1.1598561908016853
516,85,300,3,LSTransferTreeBoost,0.05,1,2,0.0,0.5,400,1.6652923403426956,1.2484532430294522,1.7407519809497563,1.2886566834635118
517,85,300,3,LADTransferTreeBoost,0.05,1,2,0.0,0.5,400,1.47008755946395,1.1625723211937156,1.4491931642434357,1.154249395371945
518,85,300,3,MTransferTreeBoost,0.05,1,2,0.0,0.5,400,1.3677723746309387,1.0775925376803799,1.3785698190506193,1.0880425107935878
519,85,300,3,LSTransferTreeBoost,0.05,1,2,0.0,0.9,400,2.7653476963482557,2.193346106373836,2.7332870981508544,2.1738359123397157
520,85,300,3,LADTransferTreeBoost,0.05,1,2,0.0,0.9,400,3.574300394564871,2.846811843109771,3.5128081530759787,2.8136531706864805
521,85,300,3,MTransferTreeBoost,0.05,1,2,0.0,0.9,400,2.281148892999596,1.8126836551170151,2.2461739260643494,1.796241875799392
522,85,300,3,LSTransferTreeBoost,0.05,1,2,0.01,0.1,400,2.2249200969833263,1.7953603748753084,2.204536745237119,1.7846103764482868
523,85,300,3,LADTransferTreeBoost,0.05,1,2,0.01,0.1,400,2.4912294055287516,2.014445308399495,2.424345745221858,1.9730660624906347
524,85,300,3,MTransferTreeBoost,0.05,1,2,0.01,0.1,400,1.494795539794443,1.1937221343891946,1.4939766265883272,1.2016506406623713
525,85,300,3,LSTransferTreeBoost,0.05,1,2,0.01,0.5,400,2.024607913460058,1.6121348213007882,2.0131764201829494,1.5933003391929708
526,85,300,3,LADTransferTreeBoost,0.05,1,2,0.01,0.5,400,1.4375815365764446,1.1360502769839398,1.414915759427661,1.1370154252148557
527,85,300,3,MTransferTreeBoost,0.05,1,2,0.01,0.5,400,1.4038686466441874,1.1227529415736055,1.3985653727485532,1.1201681239209895
528,85,300,3,LSTransferTreeBoost,0.05,1,2,0.01,0.9,400,1.705395295971462,1.3193450317032447,1.7246243422818237,1.3206202256675033
529,85,300,3,LADTransferTreeBoost,0.05,1,2,0.01,0.9,400,2.3717182559085423,1.9013808745246084,2.299521094993309,1.8614269362436227
530,85,300,3,MTransferTreeBoost,0.05,1,2,0.01,0.9,400,1.397763027513883,1.1145583424079364,1.4048823354883777,1.123000189758918
531,85,300,3,LSTransferTreeBoost,0.05,1,2,0.05,0.1,400,2.3423278545806876,1.895508181434879,2.30836451966851,1.8868254789034054
532,85,300,3,LADTransferTreeBoost,0.05,1,2,0.05,0.1,400,2.714699770878685,2.189076717788642,2.6327689586788203,2.14057383198358
533,85,300,3,MTransferTreeBoost,0.05,1,2,0.05,0.1,400,1.4817020027412502,1.188770896808729,1.480117831458153,1.1894595735378872
534,85,300,3,LSTransferTreeBoost,0.05,1,2,0.05,0.5,400,1.7854509257307203,1.415606288241258,1.8111381118604444,1.4322983879211546
535,85,300,3,LADTransferTreeBoost,0.05,1,2,0.05,0.5,400,1.8205623686566326,1.4514321585733463,1.7802279354894268,1.4450475765271513
536,85,300,3,MTransferTreeBoost,0.05,1,2,0.05,0.5,400,1.4346174453706555,1.143720734363639,1.438618678270424,1.1566588524452155
537,85,300,3,LSTransferTreeBoost,0.05,1,2,0.05,0.9,400,2.3639619179284996,1.9063310093806156,2.30832007189041,1.8813136106914972
538,85,300,3,LADTransferTreeBoost,0.05,1,2,0.05,0.9,400,2.494408149123574,2.006206376793562,2.4301077641183406,1.9753181732638192
539,85,300,3,MTransferTreeBoost,0.05,1,2,0.05,0.9,400,1.4636006303006617,1.1697924882145703,1.4673914499811165,1.1794528031946412
540,85,300,3,LSTransferTreeBoost,0.05,1,3,0.0,0.1,400,1.858796856843379,1.4530548487508967,1.837571227334809,1.4304852962012915
541,85,300,3,LADTransferTreeBoost,0.05,1,3,0.0,0.1,400,1.7938166927869068,1.4407632181103878,1.735328695581938,1.4009777751573589
542,85,300,3,MTransferTreeBoost,0.05,1,3,0.0,0.1,400,1.388202106577784,1.1223652566141535,1.3911303037519878,1.1193097903857656
543,85,300,3,LSTransferTreeBoost,0.05,1,3,0.0,0.5,400,1.640394096995736,1.2271719042907816,1.642279070251009,1.226192752337049
544,85,300,3,LADTransferTreeBoost,0.05,1,3,0.0,0.5,400,1.5454634708507484,1.2042675070361974,1.532556925434091,1.2097006384976525
545,85,300,3,MTransferTreeBoost,0.05,1,3,0.0,0.5,400,1.3425202350666405,1.058959458861644,1.3591565290001724,1.0730342576639778
546,85,300,3,LSTransferTreeBoost,0.05,1,3,0.0,0.9,400,2.2382602850632654,1.7666678422397115,2.193762270337851,1.7356033885359587
547,85,300,3,LADTransferTreeBoost,0.05,1,3,0.0,0.9,400,2.3920305237359942,1.8308574855392334,2.382582686589747,1.8337814856719419
548,85,300,3,MTransferTreeBoost,0.05,1,3,0.0,0.9,400,1.8553232405283282,1.4747939946220414,1.8260507931822065,1.4381573937545442
549,85,300,3,LSTransferTreeBoost,0.05,1,3,0.01,0.1,400,1.955430997154394,1.5322304629541272,1.8890561108913582,1.4844461252666734
550,85,300,3,LADTransferTreeBoost,0.05,1,3,0.01,0.1,400,1.622055417135831,1.2784539157838526,1.6107859050421258,1.287691942410925
551,85,300,3,MTransferTreeBoost,0.05,1,3,0.01,0.1,400,1.4157701227085526,1.1414733793791447,1.4146656562699687,1.1376155099457137
552,85,300,3,LSTransferTreeBoost,0.05,1,3,0.01,0.5,400,1.6690908706983811,1.2594756132007683,1.6610845554887759,1.2583583441730417
553,85,300,3,LADTransferTreeBoost,0.05,1,3,0.01,0.5,400,1.6031729402414598,1.2649879920009581,1.5801755030164648,1.261610865282957
554,85,300,3,MTransferTreeBoost,0.05,1,3,0.01,0.5,400,1.3676811106840014,1.0995471293326713,1.360268319142922,1.0941263642685644
555,85,300,3,LSTransferTreeBoost,0.05,1,3,0.01,0.9,400,1.6906556529970986,1.2664076333701846,1.6733074662262746,1.2538885112284044
556,85,300,3,LADTransferTreeBoost,0.05,1,3,0.01,0.9,400,1.6348563737182913,1.2982747875014913,1.6202855378373107,1.301541369660034
557,85,300,3,MTransferTreeBoost,0.05,1,3,0.01,0.9,400,1.3556216405347377,1.083408898083661,1.3608591958914305,1.0773145740179297
558,85,300,3,LSTransferTreeBoost,0.05,1,3,0.05,0.1,400,1.8691189568312696,1.4892989599349082,1.842018439835799,1.4712215544571314
559,85,300,3,LADTransferTreeBoost,0.05,1,3,0.05,0.1,400,1.713638383959345,1.3763520570513132,1.6952613272819703,1.371917802314102
560,85,300,3,MTransferTreeBoost,0.05,1,3,0.05,0.1,400,1.3600945864632799,1.0958180731838127,1.3557351507453483,1.085941101792002
561,85,300,3,LSTransferTreeBoost,0.05,1,3,0.05,0.5,400,1.9202062093181038,1.5167968584916516,1.8865495282112896,1.4825409066027797
562,85,300,3,LADTransferTreeBoost,0.05,1,3,0.05,0.5,400,1.6330669807819638,1.2884347367238473,1.6412927460170166,1.2981296416124966
563,85,300,3,MTransferTreeBoost,0.05,1,3,0.05,0.5,400,1.412881049406244,1.141930685074123,1.4051863066338646,1.1327275549402385
564,85,300,3,LSTransferTreeBoost,0.05,1,3,0.05,0.9,400,1.9268113204083834,1.5187306639011653,1.8914910590078455,1.4884701060161838
565,85,300,3,LADTransferTreeBoost,0.05,1,3,0.05,0.9,400,2.014994054429182,1.6333667384644877,1.9741088780603002,1.6089491024794829
566,85,300,3,MTransferTreeBoost,0.05,1,3,0.05,0.9,400,1.4030477870098963,1.1252323234273398,1.3916343915427574,1.1194824106193415
567,85,300,3,LSTransferTreeBoost,0.05,2,1,0.0,0.1,400,1.870811214079613,1.4670123260486319,1.9103079991388532,1.4940434473426614
568,85,300,3,LADTransferTreeBoost,0.05,2,1,0.0,0.1,400,1.9274743886324768,1.560507214479209,1.8851740839479934,1.514295923720258
569,85,300,3,MTransferTreeBoost,0.05,2,1,0.0,0.1,400,1.344208483656505,1.0691070798607645,1.3700562565711396,1.102628835106279
570,85,300,3,LSTransferTreeBoost,0.05,2,1,0.0,0.5,400,1.7063442620707112,1.2456360078120827,1.8654877343197895,1.3375183313538
571,85,300,3,LADTransferTreeBoost,0.05,2,1,0.0,0.5,400,1.5552240275822824,1.244400721484702,1.5604583672656576,1.2403812429537486
572,85,300,3,MTransferTreeBoost,0.05,2,1,0.0,0.5,400,1.4160819704357257,1.1245440803088955,1.4624553808639111,1.160176378820292
573,85,300,3,LSTransferTreeBoost,0.05,2,1,0.0,0.9,400,2.439469657511564,1.9743672837431114,2.4719007220090905,1.9992932475969725
574,85,300,3,LADTransferTreeBoost,0.05,2,1,0.0,0.9,400,3.347885072396121,2.64549325863828,3.340492044143738,2.638560611662299
575,85,300,3,MTransferTreeBoost,0.05,2,1,0.0,0.9,400,2.3143486955796972,1.87795132107277,2.3423467767532133,1.88963430629413
576,85,300,3,LSTransferTreeBoost,0.05,2,1,0.01,0.1,400,1.7678046463059731,1.4112323581390092,1.7975829109598789,1.4411249878143553
577,85,300,3,LADTransferTreeBoost,0.05,2,1,0.01,0.1,400,3.090166018764047,2.5097599047603536,3.013959607460446,2.4660965267810706
578,85,300,3,MTransferTreeBoost,0.05,2,1,0.01,0.1,400,1.3608980102160484,1.087348531658041,1.38892240475878,1.1144575376277717
579,85,300,3,LSTransferTreeBoost,0.05,2,1,0.01,0.5,400,2.3182830237484513,1.8211704486751163,2.352596127028533,1.864475050566911
580,85,300,3,LADTransferTreeBoost,0.05,2,1,0.01,0.5,400,2.486248471948953,2.0272601920312083,2.4368332623774687,1.991525413288166
581,85,300,3,MTransferTreeBoost,0.05,2,1,0.01,0.5,400,1.3374981672956803,1.0601989883992105,1.3850472504790265,1.1146663509205665
582,85,300,3,LSTransferTreeBoost,0.05,2,1,0.01,0.9,400,1.918921404565811,1.5103572828210632,1.9945873657819617,1.5890134968904928
583,85,300,3,LADTransferTreeBoost,0.05,2,1,0.01,0.9,400,2.0981560217026325,1.7100203318286922,2.071831454127888,1.6924471309726552
584,85,300,3,MTransferTreeBoost,0.05,2,1,0.01,0.9,400,1.3471418395661503,1.0622974287777034,1.4058479238360728,1.1272300920829765
585,85,300,3,LSTransferTreeBoost,0.05,2,1,0.05,0.1,400,2.223028275945198,1.7885447914396846,2.196325927172907,1.7883986185297203
586,85,300,3,LADTransferTreeBoost,0.05,2,1,0.05,0.1,400,3.268437085639811,2.642315646116158,3.192550695928622,2.615109652055538
587,85,300,3,MTransferTreeBoost,0.05,2,1,0.05,0.1,400,1.371614383955022,1.094338521583972,1.397085865669311,1.1161981047017802
588,85,300,3,LSTransferTreeBoost,0.05,2,1,0.05,0.5,400,1.937513622152204,1.5565379992029815,1.9325025651790266,1.5686188827426015
589,85,300,3,LADTransferTreeBoost,0.05,2,1,0.05,0.5,400,2.966600448331427,2.41200211314867,2.891088156077737,2.3678527755393417
590,85,300,3,MTransferTreeBoost,0.05,2,1,0.05,0.5,400,1.3542505688569262,1.0802987502601122,1.3899787814456988,1.114435503382831
591,85,300,3,LSTransferTreeBoost,0.05,2,1,0.05,0.9,400,2.328959815502885,1.8873832897608356,2.284445500272145,1.8693961476459762
592,85,300,3,LADTransferTreeBoost,0.05,2,1,0.05,0.9,400,3.0659979927844305,2.500604378873945,2.999759000750893,2.4633175660483584
593,85,300,3,MTransferTreeBoost,0.05,2,1,0.05,0.9,400,1.359428398542563,1.0849063461735236,1.395169358898303,1.1209953351382642
594,85,300,3,LSTransferTreeBoost,0.05,2,2,0.0,0.1,400,1.7104318056297358,1.3338960191245446,1.7362096920692383,1.3557253096836526
595,85,300,3,LADTransferTreeBoost,0.05,2,2,0.0,0.1,400,1.5334287272953944,1.2248953511884848,1.5239271488696202,1.234993047224419
596,85,300,3,MTransferTreeBoost,0.05,2,2,0.0,0.1,400,1.3848587264915366,1.1056119546200944,1.3977438811534266,1.1271267642718443
597,85,300,3,LSTransferTreeBoost,0.05,2,2,0.0,0.5,400,1.8300052802240958,1.3376553054207991,1.9048662950279853,1.391729210114918
598,85,300,3,LADTransferTreeBoost,0.05,2,2,0.0,0.5,400,1.4517772709554408,1.138925523085431,1.4385676729762547,1.13624732601393
599,85,300,3,MTransferTreeBoost,0.05,2,2,0.0,0.5,400,1.3362163762163597,1.041916984118544,1.375730717335415,1.086389066711258
600,85,300,3,LSTransferTreeBoost,0.05,2,2,0.0,0.9,400,2.4965596712512967,1.965368880494751,2.5598913915067887,2.020132160677516
601,85,300,3,LADTransferTreeBoost,0.05,2,2,0.0,0.9,400,3.4971875763563607,2.8710211289058982,3.4183975824138635,2.821187128274072
602,85,300,3,MTransferTreeBoost,0.05,2,2,0.0,0.9,400,1.9998944681360833,1.6024944629576916,2.0324258511339353,1.6231286393979263
603,85,300,3,LSTransferTreeBoost,0.05,2,2,0.01,0.1,400,2.3145925179971427,1.8672135608833056,2.2727138429276206,1.8490351210372333
604,85,300,3,LADTransferTreeBoost,0.05,2,2,0.01,0.1,400,1.7398802199002885,1.3687796801481726,1.74352834222099,1.4055518537506329
605,85,300,3,MTransferTreeBoost,0.05,2,2,0.01,0.1,400,1.4597961108826187,1.168009972355288,1.4682893746533245,1.1771422868373083
606,85,300,3,LSTransferTreeBoost,0.05,2,2,0.01,0.5,400,1.9416526519409458,1.546070203044801,1.9512741467608086,1.5564084712894495
607,85,300,3,LADTransferTreeBoost,0.05,2,2,0.01,0.5,400,1.3950636754371366,1.10364665502383,1.4175730161643691,1.1273334486923658
608,85,300,3,MTransferTreeBoost,0.05,2,2,0.01,0.5,400,1.4141471416729232,1.1273836213320418,1.42283406205649,1.1447871095005018
609,85,300,3,LSTransferTreeBoost,0.05,2,2,0.01,0.9,400,1.8058948222707167,1.329002019893244,1.9123691780057641,1.3865628093850788
610,85,300,3,LADTransferTreeBoost,0.05,2,2,0.01,0.9,400,1.4167189060385308,1.1030274652766603,1.4268120464009082,1.1137146972260847
611,85,300,3,MTransferTreeBoost,0.05,2,2,0.01,0.9,400,1.368786799952805,1.0827821069665637,1.3934821779780389,1.11178981578991
612,85,300,3,LSTransferTreeBoost,0.05,2,2,0.05,0.1,400,1.91096331382931,1.5202789357996116,1.9272082334568588,1.541465068080022
613,85,300,3,LADTransferTreeBoost,0.05,2,2,0.05,0.1,400,1.7251695407306797,1.366427618485357,1.7093357734399375,1.3726035327852737
614,85,300,3,MTransferTreeBoost,0.05,2,2,0.05,0.1,400,1.4455611509925543,1.1568087067671626,1.4486371395354725,1.1705668228611623
615,85,300,3,LSTransferTreeBoost,0.05,2,2,0.05,0.5,400,1.8790604837568152,1.4984611895376942,1.9030545769408744,1.5194549070564152
616,85,300,3,LADTransferTreeBoost,0.05,2,2,0.05,0.5,400,1.576941326510844,1.257316541780244,1.5802481274140612,1.2710282107084603
617,85,300,3,MTransferTreeBoost,0.05,2,2,0.05,0.5,400,1.4369579538916193,1.1499944815686631,1.4466025834416045,1.1642330190735473
618,85,300,3,LSTransferTreeBoost,0.05,2,2,0.05,0.9,400,1.8646494866134884,1.4877475953425754,1.891912719005233,1.508758009127075
619,85,300,3,LADTransferTreeBoost,0.05,2,2,0.05,0.9,400,1.5646110014076775,1.2211468787210646,1.5585341448120213,1.238248311718074
620,85,300,3,MTransferTreeBoost,0.05,2,2,0.05,0.9,400,1.4254971827115857,1.1323179134437842,1.4352017240206703,1.1510587974963005
621,85,300,3,LSTransferTreeBoost,0.05,2,3,0.0,0.1,400,1.8043153603799977,1.4206369559037098,1.7979447245429305,1.400003209718348
622,85,300,3,LADTransferTreeBoost,0.05,2,3,0.0,0.1,400,1.569541384793589,1.2413213850090425,1.5580809696459956,1.244954063797841
623,85,300,3,MTransferTreeBoost,0.05,2,3,0.0,0.1,400,1.3816911716889528,1.115770189774158,1.3749501145539118,1.108445703270044
624,85,300,3,LSTransferTreeBoost,0.05,2,3,0.0,0.5,400,1.7254236545293817,1.2521102982659387,1.7652439501100063,1.2698483004391767
625,85,300,3,LADTransferTreeBoost,0.05,2,3,0.0,0.5,400,1.4767543595580575,1.1596211392750908,1.4830847433397256,1.1675513274740805
626,85,300,3,MTransferTreeBoost,0.05,2,3,0.0,0.5,400,1.301432712341728,1.0220906425157037,1.339621192108293,1.0511825159488943
627,85,300,3,LSTransferTreeBoost,0.05,2,3,0.0,0.9,400,2.137603402856067,1.601784744673218,2.249240762366998,1.6621533770232029
628,85,300,3,LADTransferTreeBoost,0.05,2,3,0.0,0.9,400,1.9506423865776665,1.5244982181135371,1.9413430175349766,1.5150256978473169
629,85,300,3,MTransferTreeBoost,0.05,2,3,0.0,0.9,400,1.7650168691979113,1.3881081730739557,1.781193671623802,1.3925153429903332
630,85,300,3,LSTransferTreeBoost,0.05,2,3,0.01,0.1,400,1.9315057163305624,1.5267249009286992,1.895765791691342,1.5077235484698535
631,85,300,3,LADTransferTreeBoost,0.05,2,3,0.01,0.1,400,1.585576553226515,1.2550175353046615,1.574255157271763,1.2653162587920501
632,85,300,3,MTransferTreeBoost,0.05,2,3,0.01,0.1,400,1.3807223864274287,1.1174072966549764,1.3601699486317615,1.0900919469691157
633,85,300,3,LSTransferTreeBoost,0.05,2,3,0.01,0.5,400,1.6863007834255392,1.2611843791939672,1.6717677572233947,1.2689083115022144
634,85,300,3,LADTransferTreeBoost,0.05,2,3,0.01,0.5,400,1.4962660236861243,1.1756460695799806,1.4955979390062146,1.178544571339626
635,85,300,3,MTransferTreeBoost,0.05,2,3,0.01,0.5,400,1.3654392706263596,1.0809969039594167,1.3853765980875619,1.1067057058894716
636,85,300,3,LSTransferTreeBoost,0.05,2,3,0.01,0.9,400,1.6988022313650202,1.2634689103136147,1.6909023092653896,1.2745437065253862
637,85,300,3,LADTransferTreeBoost,0.05,2,3,0.01,0.9,400,1.6760550896746917,1.2794850934593454,1.6680703846535814,1.2906790113422812
638,85,300,3,MTransferTreeBoost,0.05,2,3,0.01,0.9,400,1.3496610160483282,1.0734914106354203,1.3674819463073706,1.08109028667319
639,85,300,3,LSTransferTreeBoost,0.05,2,3,0.05,0.1,400,1.831708142935267,1.441332105523034,1.812766601776941,1.4379497048913799
640,85,300,3,LADTransferTreeBoost,0.05,2,3,0.05,0.1,400,1.5620486655789787,1.2211220911160827,1.5619712392148655,1.2378663960280132
641,85,300,3,MTransferTreeBoost,0.05,2,3,0.05,0.1,400,1.3924891925148704,1.1254384638864974,1.3725717524448977,1.1045331578429696
642,85,300,3,LSTransferTreeBoost,0.05,2,3,0.05,0.5,400,1.928669045108505,1.5205800414434898,1.8971057210081534,1.5037251713575792
643,85,300,3,LADTransferTreeBoost,0.05,2,3,0.05,0.5,400,2.26798031564894,1.8165758268967342,2.24384529545554,1.8299751330713578
644,85,300,3,MTransferTreeBoost,0.05,2,3,0.05,0.5,400,1.3934484799054616,1.1210051469111886,1.3907279287625036,1.1236286962378457
645,85,300,3,LSTransferTreeBoost,0.05,2,3,0.05,0.9,400,1.8022067668617368,1.3914497613254884,1.776494197983164,1.376402289983533
646,85,300,3,LADTransferTreeBoost,0.05,2,3,0.05,0.9,400,1.8140753288504556,1.3995138707656396,1.8029524410086937,1.4009173545675262
647,85,300,3,MTransferTreeBoost,0.05,2,3,0.05,0.9,400,1.385443360005114,1.1145289287700564,1.393645622412169,1.1191772451379178
648,85,300,3,LSTransferTreeBoost,0.05,3,1,0.0,0.1,400,1.7989261944935449,1.4199145963347133,1.8577327436905413,1.474272013490418
649,85,300,3,LADTransferTreeBoost,0.05,3,1,0.0,0.1,400,1.6227292214656943,1.281236725963735,1.6075574572514262,1.285446391227671
650,85,300,3,MTransferTreeBoost,0.05,3,1,0.0,0.1,400,1.475379666378772,1.1844915425070026,1.4816058187281136,1.1910490310243165
651,85,300,3,LSTransferTreeBoost,0.05,3,1,0.0,0.5,400,1.666657852732188,1.271729775687306,1.70945074497502,1.3113911911488865
652,85,300,3,LADTransferTreeBoost,0.05,3,1,0.0,0.5,400,1.5097498663756765,1.2105750722127475,1.5184856303993348,1.187008612749868
653,85,300,3,MTransferTreeBoost,0.05,3,1,0.0,0.5,400,1.4325693691841006,1.1400094738821933,1.4506482927970534,1.1544043126027197
654,85,300,3,LSTransferTreeBoost,0.05,3,1,0.0,0.9,400,2.5178661815093903,2.0314838471032903,2.510644356052328,2.0151514650244695
655,85,300,3,LADTransferTreeBoost,0.05,3,1,0.0,0.9,400,2.6504443175088723,2.1502550331713057,2.6270386384066016,2.155860700397421
656,85,300,3,MTransferTreeBoost,0.05,3,1,0.0,0.9,400,2.3321071249500265,1.884091945655698,2.3299289853295897,1.8925703647454923
657,85,300,3,LSTransferTreeBoost,0.05,3,1,0.01,0.1,400,1.9852662733514352,1.5594334269836696,2.037718202051411,1.6098392950103055
658,85,300,3,LADTransferTreeBoost,0.05,3,1,0.01,0.1,400,2.157227157057958,1.6999528536608335,2.147878043197635,1.723540175639837
659,85,300,3,MTransferTreeBoost,0.05,3,1,0.01,0.1,400,1.3687902592580385,1.0905921064548942,1.3971880280882953,1.1215761350877143
660,85,300,3,LSTransferTreeBoost,0.05,3,1,0.01,0.5,400,1.8137967756917364,1.4327458315180224,1.918153373268991,1.5197591075035335
661,85,300,3,LADTransferTreeBoost,0.05,3,1,0.01,0.5,400,1.462677293671571,1.1578180120426471,1.4624859020751428,1.1497002169673782
662,85,300,3,MTransferTreeBoost,0.05,3,1,0.01,0.5,400,1.381484573820385,1.0942376912633354,1.4071892549815033,1.1308682084742367
663,85,300,3,LSTransferTreeBoost,0.05,3,1,0.01,0.9,400,1.647000696128602,1.2378263198494326,1.791730139175363,1.3416292991393144
664,85,300,3,LADTransferTreeBoost,0.05,3,1,0.01,0.9,400,1.3441046109037358,1.0662555937765927,1.379655400824738,1.0830018447822736
665,85,300,3,MTransferTreeBoost,0.05,3,1,0.01,0.9,400,1.4851196240271678,1.1841260426583833,1.4997873007987599,1.1976008651441963
666,85,300,3,LSTransferTreeBoost,0.05,3,1,0.05,0.1,400,2.2686662569647567,1.818969928119281,2.240643831197782,1.8247616325229492
667,85,300,3,LADTransferTreeBoost,0.05,3,1,0.05,0.1,400,2.1671894719528946,1.6986430566578323,2.1681840909544356,1.7325613537118731
668,85,300,3,MTransferTreeBoost,0.05,3,1,0.05,0.1,400,1.373116049497446,1.095831761545432,1.3987219442946641,1.1182780942955823
669,85,300,3,LSTransferTreeBoost,0.05,3,1,0.05,0.5,400,2.0935999622330708,1.6505423664566896,2.121581835616073,1.6864471020158698
670,85,300,3,LADTransferTreeBoost,0.05,3,1,0.05,0.5,400,1.7862843520157685,1.400417276849207,1.7774073191550057,1.4158051220791243
671,85,300,3,MTransferTreeBoost,0.05,3,1,0.05,0.5,400,1.3884954498881044,1.109818088630195,1.4154124634030532,1.1389096397417193
672,85,300,3,LSTransferTreeBoost,0.05,3,1,0.05,0.9,400,2.180672344310735,1.7164951229597805,2.227462745497959,1.7668748986252472
673,85,300,3,LADTransferTreeBoost,0.05,3,1,0.05,0.9,400,2.6995469924134903,2.1197583440052834,2.6957664055759993,2.130934598364219
674,85,300,3,MTransferTreeBoost,0.05,3,1,0.05,0.9,400,1.396483882562997,1.113602479936952,1.4223203553370287,1.1433840834653803
675,85,300,3,LSTransferTreeBoost,0.05,3,2,0.0,0.1,400,1.7657915700334443,1.3908087677661292,1.798198085789029,1.4226271245689714
676,85,300,3,LADTransferTreeBoost,0.05,3,2,0.0,0.1,400,1.4620075804674926,1.1603546942209568,1.4494170394916568,1.1580896743857123
677,85,300,3,MTransferTreeBoost,0.05,3,2,0.0,0.1,400,1.3938243819682055,1.112870289775945,1.404657633211558,1.1330457534632565
678,85,300,3,LSTransferTreeBoost,0.05,3,2,0.0,0.5,400,1.6678069943228442,1.1933295081373567,1.7833119822343815,1.2753382645715843
679,85,300,3,LADTransferTreeBoost,0.05,3,2,0.0,0.5,400,1.4523518134320226,1.144969768058605,1.459594001320055,1.1495348810072927
680,85,300,3,MTransferTreeBoost,0.05,3,2,0.0,0.5,400,1.3002377807223722,1.0218275003489439,1.3321406350741605,1.0487716259219897
681,85,300,3,LSTransferTreeBoost,0.05,3,2,0.0,0.9,400,2.361054162680316,1.8685145594470713,2.4004174141096417,1.8915961426296561
682,85,300,3,LADTransferTreeBoost,0.05,3,2,0.0,0.9,400,2.21767866140423,1.7802108937256735,2.186477689665275,1.7466569137836037
683,85,300,3,MTransferTreeBoost,0.05,3,2,0.0,0.9,400,1.9386105866075714,1.5504632578852293,1.9370527384081189,1.5428972605581222
684,85,300,3,LSTransferTreeBoost,0.05,3,2,0.01,0.1,400,1.6512518382533097,1.2895805317299553,1.727026951882958,1.338474751619543
685,85,300,3,LADTransferTreeBoost,0.05,3,2,0.01,0.1,400,1.5227158338221567,1.2134276285064212,1.5082726978186454,1.210046198270399
686,85,300,3,MTransferTreeBoost,0.05,3,2,0.01,0.1,400,1.4428507141054219,1.1514157554472453,1.4505208682497497,1.1649334931183517
687,85,300,3,LSTransferTreeBoost,0.05,3,2,0.01,0.5,400,1.6639239319679666,1.2482059605236397,1.7793958337331455,1.3213804818963344
688,85,300,3,LADTransferTreeBoost,0.05,3,2,0.01,0.5,400,1.4063614699375158,1.1135335063821994,1.4278633332811124,1.1268801947116185
689,85,300,3,MTransferTreeBoost,0.05,3,2,0.01,0.5,400,1.4108686667497101,1.1202355439391567,1.4286059398294866,1.1369497493801892
690,85,300,3,LSTransferTreeBoost,0.05,3,2,0.01,0.9,400,1.6261511487953975,1.2105024689963229,1.7292518923512235,1.2858255092630035
691,85,300,3,LADTransferTreeBoost,0.05,3,2,0.01,0.9,400,1.7612650100738056,1.3643238276558258,1.753573425557748,1.3678473228483434
692,85,300,3,MTransferTreeBoost,0.05,3,2,0.01,0.9,400,1.3890704325450742,1.0925205862516534,1.4096817155793882,1.117322656239107
693,85,300,3,LSTransferTreeBoost,0.05,3,2,0.05,0.1,400,1.7747246965630867,1.404498562373802,1.8392323064870157,1.464222604283458
694,85,300,3,LADTransferTreeBoost,0.05,3,2,0.05,0.1,400,3.5983010818327017,2.921933048555335,3.502775425104928,2.8634845191026326
695,85,300,3,MTransferTreeBoost,0.05,3,2,0.05,0.1,400,1.4920450081942014,1.1933564052045935,1.4877417145071123,1.1973726285088415
696,85,300,3,LSTransferTreeBoost,0.05,3,2,0.05,0.5,400,1.687674917296384,1.3259762846851082,1.7394213422201537,1.366091815004865
697,85,300,3,LADTransferTreeBoost,0.05,3,2,0.05,0.5,400,1.7688469517009142,1.4188406461716805,1.74512641246662,1.4127004398020717
698,85,300,3,MTransferTreeBoost,0.05,3,2,0.05,0.5,400,1.424461363807066,1.1351150452497305,1.4382061386509957,1.153073457986132
699,85,300,3,LSTransferTreeBoost,0.05,3,2,0.05,0.9,400,1.609954709190121,1.243128761932216,1.6792075084595517,1.2866075060539375
700,85,300,3,LADTransferTreeBoost,0.05,3,2,0.05,0.9,400,1.5009705044423869,1.1860809921838826,1.4898451896251381,1.186916563293044
701,85,300,3,MTransferTreeBoost,0.05,3,2,0.05,0.9,400,1.3967101522865693,1.113691203555588,1.4143737972995631,1.1411571431756335
702,85,300,3,LSTransferTreeBoost,0.05,3,3,0.0,0.1,400,1.6022147848286794,1.2366740288341138,1.6389364772424897,1.243614993209599
703,85,300,3,LADTransferTreeBoost,0.05,3,3,0.0,0.1,400,1.5870106030811721,1.2526339511725313,1.5661443381118478,1.236835905275303
704,85,300,3,MTransferTreeBoost,0.05,3,3,0.0,0.1,400,1.3699198119705613,1.105946558842705,1.3547529974807238,1.094186884006619
705,85,300,3,LSTransferTreeBoost,0.05,3,3,0.0,0.5,400,1.5841420934691268,1.1789569701905516,1.5863071715984294,1.1740875983447212
706,85,300,3,LADTransferTreeBoost,0.05,3,3,0.0,0.5,400,1.4943079702118232,1.1634432198619493,1.5057680462946879,1.1735930979482991
707,85,300,3,MTransferTreeBoost,0.05,3,3,0.0,0.5,400,1.286568784098532,1.018398270291926,1.3302908253061678,1.0418721182751942
708,85,300,3,LSTransferTreeBoost,0.05,3,3,0.0,0.9,400,1.9290891009901547,1.5444767732007831,1.9223979639809325,1.5348941413649806
709,85,300,3,LADTransferTreeBoost,0.05,3,3,0.0,0.9,400,2.320160928780189,1.8115253217498317,2.295610260207485,1.7836633234606956
710,85,300,3,MTransferTreeBoost,0.05,3,3,0.0,0.9,400,1.6913250896499215,1.3624354166289723,1.676207302789224,1.3321824103519957
711,85,300,3,LSTransferTreeBoost,0.05,3,3,0.01,0.1,400,1.8718875124861325,1.4820088276875714,1.8323105163790594,1.4461515695005829
712,85,300,3,LADTransferTreeBoost,0.05,3,3,0.01,0.1,400,1.7492359028749451,1.3520536959845664,1.7288787549425397,1.3562286305047433
713,85,300,3,MTransferTreeBoost,0.05,3,3,0.01,0.1,400,1.3637411256749312,1.103440535464911,1.3443092446527174,1.0834075599388349
714,85,300,3,LSTransferTreeBoost,0.05,3,3,0.01,0.5,400,1.5931870665162369,1.197037640802358,1.62307497208908,1.2271677220790116
715,85,300,3,LADTransferTreeBoost,0.05,3,3,0.01,0.5,400,1.5494456625911064,1.237459663570999,1.5377605901145477,1.2230159675484398
716,85,300,3,MTransferTreeBoost,0.05,3,3,0.01,0.5,400,1.3801211621873701,1.107102042767252,1.3957616425371027,1.1106352444522951
717,85,300,3,LSTransferTreeBoost,0.05,3,3,0.01,0.9,400,1.5865640034347048,1.1791734533054068,1.5806607115654323,1.1778973827966637
718,85,300,3,LADTransferTreeBoost,0.05,3,3,0.01,0.9,400,1.467629972289054,1.1439233409283165,1.4719722172964222,1.1509794583220307
719,85,300,3,MTransferTreeBoost,0.05,3,3,0.01,0.9,400,1.3322629118595424,1.0647597730894063,1.3545728003417836,1.0768788801610392
720,85,300,3,LSTransferTreeBoost,0.05,3,3,0.05,0.1,400,1.6879572452542309,1.319153773621082,1.6933944594605321,1.3341814632056994
721,85,300,3,LADTransferTreeBoost,0.05,3,3,0.05,0.1,400,1.5902707729328165,1.2499261400826356,1.5692831759323362,1.246715177022018
722,85,300,3,MTransferTreeBoost,0.05,3,3,0.05,0.1,400,1.371659997814932,1.1086669055226475,1.357496897359629,1.0964773259343483
723,85,300,3,LSTransferTreeBoost,0.05,3,3,0.05,0.5,400,1.8950536253279133,1.4845023482930506,1.856667856735868,1.4662790955227762
724,85,300,3,LADTransferTreeBoost,0.05,3,3,0.05,0.5,400,1.8787703209880473,1.4982471038067382,1.8589689787142638,1.4992105223820067
725,85,300,3,MTransferTreeBoost,0.05,3,3,0.05,0.5,400,1.346234228774419,1.094445812851312,1.3466450490546544,1.0824455597692786
726,85,300,3,LSTransferTreeBoost,0.05,3,3,0.05,0.9,400,1.680945032259864,1.2969330899218194,1.67652317869126,1.2957873586124218
727,85,300,3,LADTransferTreeBoost,0.05,3,3,0.05,0.9,400,1.4893434959249123,1.1479314231145317,1.4811372677912111,1.1526441256367275
728,85,300,3,MTransferTreeBoost,0.05,3,3,0.05,0.9,400,1.3723944465773417,1.1058397287462463,1.3769197740068373,1.1049832080438264
729,85,300,3,LSTransferTreeBoost,0.1,1,1,0.0,0.1,400,1.7925388714713741,1.4316785865713137,1.815999525807369,1.4435680347019582
730,85,300,3,LADTransferTreeBoost,0.1,1,1,0.0,0.1,400,1.33241025392323,1.0709527609597276,1.3336017943581724,1.0626836904683277
731,85,300,3,MTransferTreeBoost,0.1,1,1,0.0,0.1,400,1.4320385759425052,1.1473662117526355,1.433844984454186,1.1481382046690258
732,85,300,3,LSTransferTreeBoost,0.1,1,1,0.0,0.5,400,1.9378833232789194,1.4902157197324064,1.9439312679571372,1.5162789773321244
733,85,300,3,LADTransferTreeBoost,0.1,1,1,0.0,0.5,400,1.3771639112313325,1.0958308012845046,1.3538802212035126,1.082898020272728
734,85,300,3,MTransferTreeBoost,0.1,1,1,0.0,0.5,400,1.34887129997562,1.0684112502390404,1.3565852177276263,1.0896799810146445
735,85,300,3,LSTransferTreeBoost,0.1,1,1,0.0,0.9,400,2.6191459284972476,2.0896256458996145,2.5880296126683553,2.07298384720907
736,85,300,3,LADTransferTreeBoost,0.1,1,1,0.0,0.9,400,3.222693052912806,2.5898479251739066,3.1453183756692313,2.5646664342991574
737,85,300,3,MTransferTreeBoost,0.1,1,1,0.0,0.9,400,2.342339941818913,1.8832741936684705,2.293665898422371,1.8650205548783128
738,85,300,3,LSTransferTreeBoost,0.1,1,1,0.01,0.1,400,1.9184327921079398,1.535384280956332,1.9251249779463484,1.541001850608044
739,85,300,3,LADTransferTreeBoost,0.1,1,1,0.01,0.1,400,1.3756883776224869,1.1051180052468985,1.3849348861452742,1.1063390746834714
740,85,300,3,MTransferTreeBoost,0.1,1,1,0.01,0.1,400,1.4773815912513302,1.187054375637222,1.477095941729836,1.1830105385610894
741,85,300,3,LSTransferTreeBoost,0.1,1,1,0.01,0.5,400,1.7309858362598567,1.3732509854737982,1.7608225808158708,1.3980049588343912
742,85,300,3,LADTransferTreeBoost,0.1,1,1,0.01,0.5,400,1.363622696625339,1.0874740656466237,1.3840845601841352,1.1130784315124027
743,85,300,3,MTransferTreeBoost,0.1,1,1,0.01,0.5,400,1.3618428620081149,1.0846931867049483,1.370510456342114,1.1014149052569857
744,85,300,3,LSTransferTreeBoost,0.1,1,1,0.01,0.9,400,1.6873195292569039,1.2919075205187143,1.747513839346312,1.3454633720100067
745,85,300,3,LADTransferTreeBoost,0.1,1,1,0.01,0.9,400,1.3741022986705898,1.0958051569735903,1.3739567384482336,1.097944388887279
746,85,300,3,MTransferTreeBoost,0.1,1,1,0.01,0.9,400,1.3463171977863297,1.069037711196012,1.3536932326856324,1.0861491646575756
747,85,300,3,LSTransferTreeBoost,0.1,1,1,0.05,0.1,400,1.8726370790194662,1.4977081340011082,1.8938177147871869,1.5136193360587937
748,85,300,3,LADTransferTreeBoost,0.1,1,1,0.05,0.1,400,1.4357539611878383,1.1526364174064603,1.4470125251961774,1.1598845514858085
749,85,300,3,MTransferTreeBoost,0.1,1,1,0.05,0.1,400,1.484387710337598,1.1913668350480575,1.487794893745301,1.190696915129758
750,85,300,3,LSTransferTreeBoost,0.1,1,1,0.05,0.5,400,2.4774469231460934,1.9925978547283818,2.4100716684560015,1.967318100986091
751,85,300,3,LADTransferTreeBoost,0.1,1,1,0.05,0.5,400,1.368272350761035,1.0902615370555278,1.3782076304561846,1.1019497056666296
752,85,300,3,MTransferTreeBoost,0.1,1,1,0.05,0.5,400,1.4790160789327509,1.1879344673378531,1.4866550840577957,1.1909662264501024
753,85,300,3,LSTransferTreeBoost,0.1,1,1,0.05,0.9,400,2.259256732196709,1.8192275948899392,2.2069441175338573,1.7966433818313017
754,85,300,3,LADTransferTreeBoost,0.1,1,1,0.05,0.9,400,1.3835762459666618,1.1079685381923203,1.397824990084271,1.1204792010082159
755,85,300,3,MTransferTreeBoost,0.1,1,1,0.05,0.9,400,1.4331948453302708,1.1500900479784508,1.4458704531305286,1.159895434617767
756,85,300,3,LSTransferTreeBoost,0.1,1,2,0.0,0.1,400,1.6114448040538176,1.2381750603711548,1.6717135157122114,1.2833183969261186
757,85,300,3,LADTransferTreeBoost,0.1,1,2,0.0,0.1,400,2.943817668870137,2.3982890082952006,2.855811837330768,2.3367949397130365
758,85,300,3,MTransferTreeBoost,0.1,1,2,0.0,0.1,400,1.421821339333781,1.1387572657445633,1.4181538766717772,1.1413628161362517
759,85,300,3,LSTransferTreeBoost,0.1,1,2,0.0,0.5,400,1.6317796496157855,1.2168711743226581,1.7062326948169728,1.256595650571553
760,85,300,3,LADTransferTreeBoost,0.1,1,2,0.0,0.5,400,1.3078717750872344,1.0325839395410845,1.3244157787216384,1.0484493129599215
761,85,300,3,MTransferTreeBoost,0.1,1,2,0.0,0.5,400,1.3717676658072593,1.073492294561131,1.3834752341100827,1.0876124715483693
762,85,300,3,LSTransferTreeBoost,0.1,1,2,0.0,0.9,400,2.6834108169364956,2.1176048089768775,2.6741378079766984,2.1085260754997135
763,85,300,3,LADTransferTreeBoost,0.1,1,2,0.0,0.9,400,3.687807809737941,2.931008956989126,3.6390803986170823,2.8965079134303604
764,85,300,3,MTransferTreeBoost,0.1,1,2,0.0,0.9,400,2.0178686176318874,1.5707729624704816,2.000961552139695,1.561837419785061
765,85,300,3,LSTransferTreeBoost,0.1,1,2,0.01,0.1,400,1.7097415632140445,1.3488385012508253,1.740730865426289,1.3717968414715163
766,85,300,3,LADTransferTreeBoost,0.1,1,2,0.01,0.1,400,1.477780610605968,1.1723638061526458,1.4532521785654848,1.1617456684642662
767,85,300,3,MTransferTreeBoost,0.1,1,2,0.01,0.1,400,1.473534295837885,1.185337514588569,1.4741520049062231,1.1845656942611078
768,85,300,3,LSTransferTreeBoost,0.1,1,2,0.01,0.5,400,1.8037324376243096,1.4133054583062912,1.8508437575382526,1.4354297187259084
769,85,300,3,LADTransferTreeBoost,0.1,1,2,0.01,0.5,400,1.714812231722213,1.369162458931504,1.6688414699291299,1.346967993734777
770,85,300,3,MTransferTreeBoost,0.1,1,2,0.01,0.5,400,1.4017418713619785,1.1152295368386471,1.3944218883709016,1.1182402122105488
771,85,300,3,LSTransferTreeBoost,0.1,1,2,0.01,0.9,400,1.6581308944281503,1.2465315492542768,1.6871431884562242,1.2587648296456815
772,85,300,3,LADTransferTreeBoost,0.1,1,2,0.01,0.9,400,1.3610111975930503,1.0848327090856777,1.3615598514636444,1.106039255005765
773,85,300,3,MTransferTreeBoost,0.1,1,2,0.01,0.9,400,1.377763014429355,1.0951451514555814,1.3716775575272295,1.1002195399644166
774,85,300,3,LSTransferTreeBoost,0.1,1,2,0.05,0.1,400,2.48483957246953,2.029084492227229,2.444688187508917,2.008558536161767
775,85,300,3,LADTransferTreeBoost,0.1,1,2,0.05,0.1,400,1.4546642852951703,1.154235776171332,1.4581946368678629,1.1648078138123106
776,85,300,3,MTransferTreeBoost,0.1,1,2,0.05,0.1,400,1.425996681822192,1.1473073107211362,1.4316355828282274,1.1495688072065027
777,85,300,3,LSTransferTreeBoost,0.1,1,2,0.05,0.5,400,1.713711555514835,1.3490859907892234,1.736794673849632,1.350588105001009
778,85,300,3,LADTransferTreeBoost,0.1,1,2,0.05,0.5,400,2.3254035466365894,1.868517104512789,2.2560344465428424,1.837263640726447
779,85,300,3,MTransferTreeBoost,0.1,1,2,0.05,0.5,400,1.4207440811251155,1.1325216959371076,1.435870402964302,1.1534926863038095
780,85,300,3,LSTransferTreeBoost,0.1,1,2,0.05,0.9,400,2.1795525270276035,1.7498869117273266,2.1470962761546817,1.7212242831261637
781,85,300,3,LADTransferTreeBoost,0.1,1,2,0.05,0.9,400,1.9643580281068926,1.580309254813033,1.9150648183608219,1.5565097060639401
782,85,300,3,MTransferTreeBoost,0.1,1,2,0.05,0.9,400,1.4454555562823248,1.1551351430920307,1.440596697087137,1.1535967217514962
783,85,300,3,LSTransferTreeBoost,0.1,1,3,0.0,0.1,400,1.984339552325352,1.5722959070391553,1.9383139169000003,1.5404911604516716
784,85,300,3,LADTransferTreeBoost,0.1,1,3,0.0,0.1,400,1.9812259054458947,1.605716475221727,1.9174004020542865,1.560544006120525
785,85,300,3,MTransferTreeBoost,0.1,1,3,0.0,0.1,400,1.4418236629850083,1.161732630697611,1.4245024732574958,1.142371901823362
786,85,300,3,LSTransferTreeBoost,0.1,1,3,0.0,0.5,400,1.6845622099613722,1.2654129051225953,1.7074944747879368,1.2588096672312055
787,85,300,3,LADTransferTreeBoost,0.1,1,3,0.0,0.5,400,1.4994660943823548,1.1577245025525356,1.4877930610042516,1.17750757814445
788,85,300,3,MTransferTreeBoost,0.1,1,3,0.0,0.5,400,1.335655397741818,1.0662223827309112,1.3486900264999844,1.0722012394849432
789,85,300,3,LSTransferTreeBoost,0.1,1,3,0.0,0.9,400,2.37136970041094,1.873938338848984,2.3435470650526717,1.8506647420503257
790,85,300,3,LADTransferTreeBoost,0.1,1,3,0.0,0.9,400,2.4408261464292664,1.9440634966651902,2.406862480324019,1.9351987530630637
791,85,300,3,MTransferTreeBoost,0.1,1,3,0.0,0.9,400,1.4919706938549824,1.1875886830133664,1.4712148968187673,1.1595261772149426
792,85,300,3,LSTransferTreeBoost,0.1,1,3,0.01,0.1,400,1.949667043227744,1.533033323989836,1.9104858916692928,1.501391658166284
793,85,300,3,LADTransferTreeBoost,0.1,1,3,0.01,0.1,400,1.4955947796793148,1.1942621729280682,1.4819804939724053,1.1756120420828944
794,85,300,3,MTransferTreeBoost,0.1,1,3,0.01,0.1,400,1.4051492628849354,1.1333548839932805,1.3977016419053452,1.1313860042868191
795,85,300,3,LSTransferTreeBoost,0.1,1,3,0.01,0.5,400,1.617418919051141,1.2144300327285755,1.649153194363884,1.2264869809407593
796,85,300,3,LADTransferTreeBoost,0.1,1,3,0.01,0.5,400,1.5477590871372076,1.22432344447884,1.5351612246970394,1.2259025178149254
797,85,300,3,MTransferTreeBoost,0.1,1,3,0.01,0.5,400,1.3506936754572259,1.076860558910983,1.3485755896489497,1.0809925069258548
798,85,300,3,LSTransferTreeBoost,0.1,1,3,0.01,0.9,400,1.6690035909244676,1.2525666321706468,1.6653680297794258,1.2385427617018336
799,85,300,3,LADTransferTreeBoost,0.1,1,3,0.01,0.9,400,1.5378058383691342,1.1947129906651568,1.5601727499568154,1.2057425558372696
800,85,300,3,MTransferTreeBoost,0.1,1,3,0.01,0.9,400,1.3517088115173712,1.079693215267778,1.3441651255472995,1.061570217011645
801,85,300,3,LSTransferTreeBoost,0.1,1,3,0.05,0.1,400,1.945757095219859,1.5130094513441006,1.8967526885330113,1.4782781288726583
802,85,300,3,LADTransferTreeBoost,0.1,1,3,0.05,0.1,400,1.6067675373065207,1.26051118031549,1.5602017514891569,1.2380451271587685
803,85,300,3,MTransferTreeBoost,0.1,1,3,0.05,0.1,400,1.4220084967094175,1.1424020975664706,1.4101828992868497,1.1371032674599364
804,85,300,3,LSTransferTreeBoost,0.1,1,3,0.05,0.5,400,1.6571914837835944,1.2693133607716864,1.661252087224825,1.285689325462622
805,85,300,3,LADTransferTreeBoost,0.1,1,3,0.05,0.5,400,1.5672270888445425,1.254013784902515,1.5702311513820895,1.2624840833462345
806,85,300,3,MTransferTreeBoost,0.1,1,3,0.05,0.5,400,1.394731966894623,1.1210585850753996,1.3948244195902586,1.1298197747826266
807,85,300,3,LSTransferTreeBoost,0.1,1,3,0.05,0.9,400,1.66736974955793,1.2611387907792637,1.6890788910204853,1.2628697388455212
808,85,300,3,LADTransferTreeBoost,0.1,1,3,0.05,0.9,400,2.0114828286385475,1.5978974509335417,1.977340026917055,1.589476420147023
809,85,300,3,MTransferTreeBoost,0.1,1,3,0.05,0.9,400,1.3946262533196796,1.1143568653190026,1.392892703681139,1.1163738799149874
810,85,300,3,LSTransferTreeBoost,0.1,2,1,0.0,0.1,400,1.8697075741055917,1.5007600106031118,1.8811549327876445,1.5089846014196577
811,85,300,3,LADTransferTreeBoost,0.1,2,1,0.0,0.1,400,2.5549987761849877,2.0843364427897377,2.489670776434543,2.0258179630900726
812,85,300,3,MTransferTreeBoost,0.1,2,1,0.0,0.1,400,1.3554855123829277,1.0796985938979287,1.3748731389042188,1.1061043126246128
813,85,300,3,LSTransferTreeBoost,0.1,2,1,0.0,0.5,400,1.5889377031616463,1.1305873226234424,1.7580677490541625,1.2409481778176468
814,85,300,3,LADTransferTreeBoost,0.1,2,1,0.0,0.5,400,1.4760211617141854,1.17934649579883,1.4845714640275336,1.170210760267703
815,85,300,3,MTransferTreeBoost,0.1,2,1,0.0,0.5,400,1.3692855542209181,1.0854526293056772,1.4233067297323965,1.1349645816733174
816,85,300,3,LSTransferTreeBoost,0.1,2,1,0.0,0.9,400,2.300832385140894,1.841898163557998,2.360923047461294,1.8982545141584246
817,85,300,3,LADTransferTreeBoost,0.1,2,1,0.0,0.9,400,3.320787514645581,2.6236879298859694,3.3095472918941455,2.611245664373101
818,85,300,3,MTransferTreeBoost,0.1,2,1,0.0,0.9,400,1.899542679609116,1.5358312766917948,1.9365746240221753,1.5573735916841225
819,85,300,3,LSTransferTreeBoost,0.1,2,1,0.01,0.1,400,2.2248288492072965,1.7276830689119784,2.2484659085540057,1.7583955734244108
820,85,300,3,LADTransferTreeBoost,0.1,2,1,0.01,0.1,400,3.032717730573607,2.4763420654499377,2.953808290849388,2.419971335457397
821,85,300,3,MTransferTreeBoost,0.1,2,1,0.01,0.1,400,1.3611441006887877,1.0867165871811486,1.3860198575028626,1.1121639699318597
822,85,300,3,LSTransferTreeBoost,0.1,2,1,0.01,0.5,400,2.176859531430588,1.687132680687742,2.252147752852347,1.756642023200995
823,85,300,3,LADTransferTreeBoost,0.1,2,1,0.01,0.5,400,1.679541808261128,1.3577044883282479,1.66817492078944,1.353549977198617
824,85,300,3,MTransferTreeBoost,0.1,2,1,0.01,0.5,400,1.371556350089176,1.0925344737382756,1.4139493281441495,1.1389271158960574
825,85,300,3,LSTransferTreeBoost,0.1,2,1,0.01,0.9,400,1.8854006938149144,1.4953134098331922,2.0081002082658808,1.5844139828280874
826,85,300,3,LADTransferTreeBoost,0.1,2,1,0.01,0.9,400,1.199405639742784,0.9506294234259662,1.2226286736686462,0.9769171312287024
827,85,300,3,MTransferTreeBoost,0.1,2,1,0.01,0.9,400,1.2883978857014078,1.0136543130130249,1.3490465121992166,1.0866977395132635
828,85,300,3,LSTransferTreeBoost,0.1,2,1,0.05,0.1,400,2.1957064365797514,1.7584427363774693,2.1728745439995754,1.762941914975593
829,85,300,3,LADTransferTreeBoost,0.1,2,1,0.05,0.1,400,3.2731647014694896,2.6498630888517174,3.1990960358133944,2.622077914904028
830,85,300,3,MTransferTreeBoost,0.1,2,1,0.05,0.1,400,1.3407628913117209,1.0676869815641192,1.3704360927682568,1.099158792199235
831,85,300,3,LSTransferTreeBoost,0.1,2,1,0.05,0.5,400,2.1249360687844545,1.7056180160878178,2.0934596915101396,1.6927142591357989
832,85,300,3,LADTransferTreeBoost,0.1,2,1,0.05,0.5,400,2.6863539980786273,2.1950550101815787,2.6290389398280496,2.147490895671548
833,85,300,3,MTransferTreeBoost,0.1,2,1,0.05,0.5,400,1.325872843213027,1.0562433653814323,1.3651146219232988,1.1026011686627626
834,85,300,3,LSTransferTreeBoost,0.1,2,1,0.05,0.9,400,2.2664003301598976,1.7596213914209171,2.3278423754589066,1.8227062165513725
835,85,300,3,LADTransferTreeBoost,0.1,2,1,0.05,0.9,400,2.6381605487459305,2.1584767535397527,2.5903825038627653,2.123392930651903
836,85,300,3,MTransferTreeBoost,0.1,2,1,0.05,0.9,400,1.3384361171545522,1.062632529198044,1.3889423676701367,1.12125824746717
837,85,300,3,LSTransferTreeBoost,0.1,2,2,0.0,0.1,400,2.0758204872864168,1.6659531849901081,2.0762370709956595,1.66407496294891
838,85,300,3,LADTransferTreeBoost,0.1,2,2,0.0,0.1,400,1.4101746284020518,1.1312059824798166,1.4141500585791964,1.1447878818653954
839,85,300,3,MTransferTreeBoost,0.1,2,2,0.0,0.1,400,1.4171919835123912,1.13294095226964,1.4306100487673326,1.1425932446227853
840,85,300,3,LSTransferTreeBoost,0.1,2,2,0.0,0.5,400,1.7697239139711862,1.2597952772339427,1.8352171924485732,1.3213666333307288
841,85,300,3,LADTransferTreeBoost,0.1,2,2,0.0,0.5,400,1.3601979256628212,1.0575011503991965,1.3858589967313604,1.0941051346173838
842,85,300,3,MTransferTreeBoost,0.1,2,2,0.0,0.5,400,1.3324880069659157,1.0440695242348879,1.373259551513162,1.0845679725283508
843,85,300,3,LSTransferTreeBoost,0.1,2,2,0.0,0.9,400,2.5341078155981775,1.9799380040946477,2.6106305695576304,2.043509411133497
844,85,300,3,LADTransferTreeBoost,0.1,2,2,0.0,0.9,400,3.7365190561278254,3.069875739831831,3.664230170054249,3.0282874658386225
845,85,300,3,MTransferTreeBoost,0.1,2,2,0.0,0.9,400,1.4865591062386159,1.1822220067158122,1.5206411923544778,1.198791951713968
846,85,300,3,LSTransferTreeBoost,0.1,2,2,0.01,0.1,400,1.6123416877547103,1.2309665858551566,1.7579316698973126,1.309650565961584
847,85,300,3,LADTransferTreeBoost,0.1,2,2,0.01,0.1,400,1.5459577023057154,1.2384646453946653,1.56447398054119,1.2666589877559193
848,85,300,3,MTransferTreeBoost,0.1,2,2,0.01,0.1,400,1.3836844118490592,1.1137442092868224,1.3949319640299334,1.1193677464813276
849,85,300,3,LSTransferTreeBoost,0.1,2,2,0.01,0.5,400,1.6538375795178668,1.234924254852414,1.7508591172533936,1.300268382866176
850,85,300,3,LADTransferTreeBoost,0.1,2,2,0.01,0.5,400,1.4188047414630214,1.10861830099716,1.4238962591839321,1.1261104907263249
851,85,300,3,MTransferTreeBoost,0.1,2,2,0.01,0.5,400,1.3733598658427821,1.0830766226250153,1.402625730637023,1.1194067745882028
852,85,300,3,LSTransferTreeBoost,0.1,2,2,0.01,0.9,400,1.7364692491975562,1.2029638757156553,1.895865564625673,1.2927795851331143
853,85,300,3,LADTransferTreeBoost,0.1,2,2,0.01,0.9,400,1.3212631971240838,1.018965124849151,1.3300596328576006,1.0391714533247522
854,85,300,3,MTransferTreeBoost,0.1,2,2,0.01,0.9,400,1.3195407987364896,1.0389010454745737,1.3515178203614455,1.0782524797364488
855,85,300,3,LSTransferTreeBoost,0.1,2,2,0.05,0.1,400,1.8577142539150697,1.4755896504242507,1.8847989824602445,1.4942903823001992
856,85,300,3,LADTransferTreeBoost,0.1,2,2,0.05,0.1,400,1.7060331835265952,1.3584677316545188,1.7013648022515864,1.3719193839787927
857,85,300,3,MTransferTreeBoost,0.1,2,2,0.05,0.1,400,1.4075492665519531,1.135751438055791,1.410418139792046,1.1293255402002849
858,85,300,3,LSTransferTreeBoost,0.1,2,2,0.05,0.5,400,1.694137206309606,1.3347627430827533,1.758184680758558,1.3688185767763634
859,85,300,3,LADTransferTreeBoost,0.1,2,2,0.05,0.5,400,1.405101494945541,1.125844851413392,1.4132753095486639,1.145167782456554
860,85,300,3,MTransferTreeBoost,0.1,2,2,0.05,0.5,400,1.3974762859144925,1.1183664405307396,1.410923862136666,1.1315071339160507
861,85,300,3,LSTransferTreeBoost,0.1,2,2,0.05,0.9,400,1.792884087617227,1.3731737318524755,1.8356529387104614,1.3967941704170597
862,85,300,3,LADTransferTreeBoost,0.1,2,2,0.05,0.9,400,1.5968160620265637,1.238127832901732,1.6118733058929462,1.2699178388110388
863,85,300,3,MTransferTreeBoost,0.1,2,2,0.05,0.9,400,1.434967060910209,1.1424115099918153,1.451237127508314,1.1624575129059571
864,85,300,3,LSTransferTreeBoost,0.1,2,3,0.0,0.1,400,1.8952481065172797,1.514902469636092,1.8643541724273551,1.4801470281447773
865,85,300,3,LADTransferTreeBoost,0.1,2,3,0.0,0.1,400,1.6011674784113619,1.2564548984416275,1.5941389068505933,1.2532834593540785
866,85,300,3,MTransferTreeBoost,0.1,2,3,0.0,0.1,400,1.3964609053695336,1.1212094515086013,1.3908915277156313,1.1149016715711173
867,85,300,3,LSTransferTreeBoost,0.1,2,3,0.0,0.5,400,1.7030091813729018,1.2334553690313828,1.7278822042910722,1.253227120226115
868,85,300,3,LADTransferTreeBoost,0.1,2,3,0.0,0.5,400,1.4294486509956978,1.1161096687779777,1.4326809168166954,1.1246681681039115
869,85,300,3,MTransferTreeBoost,0.1,2,3,0.0,0.5,400,1.2965914012827129,1.0170307150280182,1.3326164972905326,1.0446897600909741
870,85,300,3,LSTransferTreeBoost,0.1,2,3,0.0,0.9,400,2.1152970638412407,1.5460418610829492,2.2652562232259674,1.6206070725513981
871,85,300,3,LADTransferTreeBoost,0.1,2,3,0.0,0.9,400,2.456876815392696,2.0145165267766942,2.4626950550361117,2.0238644102940713
872,85,300,3,MTransferTreeBoost,0.1,2,3,0.0,0.9,400,1.430024300070706,1.116791583316716,1.4667523670121518,1.1394755635995835
873,85,300,3,LSTransferTreeBoost,0.1,2,3,0.01,0.1,400,1.6257954568832862,1.2575963949741136,1.6507562484572298,1.2718780786746349
874,85,300,3,LADTransferTreeBoost,0.1,2,3,0.01,0.1,400,1.5281080262804831,1.194608674398421,1.5396002852364232,1.2009016275406525
875,85,300,3,MTransferTreeBoost,0.1,2,3,0.01,0.1,400,1.3846965750137343,1.1176439410380845,1.3772848327970368,1.1156056477465175
876,85,300,3,LSTransferTreeBoost,0.1,2,3,0.01,0.5,400,1.7921105605388687,1.2804068419673227,1.7538276762791183,1.279158648798054
877,85,300,3,LADTransferTreeBoost,0.1,2,3,0.01,0.5,400,1.5765676346121593,1.249533518457561,1.5699863525677504,1.2491060843547865
878,85,300,3,MTransferTreeBoost,0.1,2,3,0.01,0.5,400,1.3269108458660162,1.0549919611842766,1.3601697981068774,1.0747340885241483
879,85,300,3,LSTransferTreeBoost,0.1,2,3,0.01,0.9,400,1.6314795852343023,1.2102464427255408,1.6762133157025734,1.2361261511431483
880,85,300,3,LADTransferTreeBoost,0.1,2,3,0.01,0.9,400,1.461241282802743,1.1198055350834484,1.4876585099926327,1.1574716808910404
881,85,300,3,MTransferTreeBoost,0.1,2,3,0.01,0.9,400,1.3234322074998466,1.0455420718203545,1.3513986298472895,1.0643931894237952
882,85,300,3,LSTransferTreeBoost,0.1,2,3,0.05,0.1,400,1.937546774870168,1.5479699489642769,1.9154193937838946,1.5232437461046147
883,85,300,3,LADTransferTreeBoost,0.1,2,3,0.05,0.1,400,1.6932790241029445,1.3472597812239129,1.6666889977653483,1.3325080826355247
884,85,300,3,MTransferTreeBoost,0.1,2,3,0.05,0.1,400,1.4169417795613546,1.143245860792892,1.384312672006724,1.113246486093656
885,85,300,3,LSTransferTreeBoost,0.1,2,3,0.05,0.5,400,1.747231810352753,1.3404074816819733,1.7555071167202432,1.3464020727395005
886,85,300,3,LADTransferTreeBoost,0.1,2,3,0.05,0.5,400,1.512642662221125,1.204434190478914,1.480858517051273,1.1768402886189362
887,85,300,3,MTransferTreeBoost,0.1,2,3,0.05,0.5,400,1.370413985819325,1.1104896948653993,1.3873790275181457,1.1204724349251447
888,85,300,3,LSTransferTreeBoost,0.1,2,3,0.05,0.9,400,1.6313967198507324,1.2299729064186167,1.6630661813632088,1.2694114886377754
889,85,300,3,LADTransferTreeBoost,0.1,2,3,0.05,0.9,400,1.6037250892516564,1.2221827107285372,1.6142415318279555,1.244786664851184
890,85,300,3,MTransferTreeBoost,0.1,2,3,0.05,0.9,400,1.3680368265855378,1.0890027838228975,1.3998085800649818,1.1236625004535739
891,85,300,3,LSTransferTreeBoost,0.1,3,1,0.0,0.1,400,2.197174432752556,1.7197288403905506,2.237805838346703,1.7639255455186353
892,85,300,3,LADTransferTreeBoost,0.1,3,1,0.0,0.1,400,2.1983431116368086,1.7013109557888606,2.228036810330889,1.7573462198790109
893,85,300,3,MTransferTreeBoost,0.1,3,1,0.0,0.1,400,1.4641398013169107,1.1739521563502158,1.4681955235133268,1.1798835244604087
894,85,300,3,LSTransferTreeBoost,0.1,3,1,0.0,0.5,400,1.595761154795609,1.1548599191531708,1.8000224292521672,1.25562851214483
895,85,300,3,LADTransferTreeBoost,0.1,3,1,0.0,0.5,400,1.2823828755480526,1.0212474080546532,1.2575561344379045,0.9854063748210494
896,85,300,3,MTransferTreeBoost,0.1,3,1,0.0,0.5,400,1.3098760291127343,1.0337257043895642,1.340665118909892,1.0698895514705768
897,85,300,3,LSTransferTreeBoost,0.1,3,1,0.0,0.9,400,2.523636814419328,2.0366468600824104,2.5199524194321095,2.0241352595775095
898,85,300,3,LADTransferTreeBoost,0.1,3,1,0.0,0.9,400,3.0278716877067984,2.482993099913603,2.9925033397249736,2.4681474789655016
899,85,300,3,MTransferTreeBoost,0.1,3,1,0.0,0.9,400,2.150254547808542,1.736328537443171,2.1467151931183075,1.73685093969127
900,85,300,3,LSTransferTreeBoost,0.1,3,1,0.01,0.1,400,2.247539412030551,1.7631534543134222,2.280671676000776,1.8041837239681677
901,85,300,3,LADTransferTreeBoost,0.1,3,1,0.01,0.1,400,1.552881052811777,1.2194497080638325,1.548851398540552,1.2311376893291512
902,85,300,3,MTransferTreeBoost,0.1,3,1,0.01,0.1,400,1.4527970732265756,1.1648436399753235,1.4651569034614427,1.174750308482254
903,85,300,3,LSTransferTreeBoost,0.1,3,1,0.01,0.5,400,1.6594326041147534,1.2052290639351213,1.8513235998426603,1.3068214473096618
904,85,300,3,LADTransferTreeBoost,0.1,3,1,0.01,0.5,400,1.2565115952453534,0.9872615282281736,1.284320952967009,1.014585549481704
905,85,300,3,MTransferTreeBoost,0.1,3,1,0.01,0.5,400,1.3451528427777508,1.0599616017508429,1.3644599964682755,1.0988888827568424
906,85,300,3,LSTransferTreeBoost,0.1,3,1,0.01,0.9,400,1.7064522016011536,1.1867581435550023,1.7727682127989168,1.2528912764937274
907,85,300,3,LADTransferTreeBoost,0.1,3,1,0.01,0.9,400,1.3252562645289632,1.0556651061690154,1.338017006791865,1.0544165675636625
908,85,300,3,MTransferTreeBoost,0.1,3,1,0.01,0.9,400,1.3037436459342515,1.026599082986197,1.3394634955535072,1.0683983185245252
909,85,300,3,LSTransferTreeBoost,0.1,3,1,0.05,0.1,400,2.2613657797658377,1.811875994390499,2.2337078395460623,1.8152976403237515
910,85,300,3,LADTransferTreeBoost,0.1,3,1,0.05,0.1,400,1.8098287517717406,1.4113858832496344,1.8115784935954635,1.433768451991345
911,85,300,3,MTransferTreeBoost,0.1,3,1,0.05,0.1,400,1.3233673317754056,1.0513805832044216,1.3533909584283237,1.0906928610495585
912,85,300,3,LSTransferTreeBoost,0.1,3,1,0.05,0.5,400,2.348280258683932,1.842984573227265,2.3840248189095092,1.8923693085162114
913,85,300,3,LADTransferTreeBoost,0.1,3,1,0.05,0.5,400,2.2842081130979848,1.7882823742660117,2.290311998859444,1.8111755211933669
914,85,300,3,MTransferTreeBoost,0.1,3,1,0.05,0.5,400,1.3509492143200854,1.069953871344831,1.3845140004046008,1.1207550959502297
915,85,300,3,LSTransferTreeBoost,0.1,3,1,0.05,0.9,400,2.0159531507632913,1.5880029917390994,2.0809020420413735,1.649439196973736
916,85,300,3,LADTransferTreeBoost,0.1,3,1,0.05,0.9,400,1.4588750982237753,1.1446285338763837,1.4657746599302892,1.1437250816376658
917,85,300,3,MTransferTreeBoost,0.1,3,1,0.05,0.9,400,1.4444104073080868,1.152886951940868,1.4653340829705994,1.1732754551476792
918,85,300,3,LSTransferTreeBoost,0.1,3,2,0.0,0.1,400,1.5964425223412846,1.2292760013815007,1.6731600741489359,1.2796678571789626
919,85,300,3,LADTransferTreeBoost,0.1,3,2,0.0,0.1,400,1.8569226556532856,1.5043606635678965,1.807558305098408,1.4638896794247531
920,85,300,3,MTransferTreeBoost,0.1,3,2,0.0,0.1,400,1.382664323023954,1.1070588456636439,1.402209727419254,1.1280802370583096
921,85,300,3,LSTransferTreeBoost,0.1,3,2,0.0,0.5,400,1.7766429858278028,1.245602268549704,1.9638256846245512,1.3327072859067366
922,85,300,3,LADTransferTreeBoost,0.1,3,2,0.0,0.5,400,1.4588746577957086,1.1518750388759764,1.4627145028415982,1.154707373650616
923,85,300,3,MTransferTreeBoost,0.1,3,2,0.0,0.5,400,1.3113321484194278,1.0236356192990737,1.3486563216931864,1.062839611567504
924,85,300,3,LSTransferTreeBoost,0.1,3,2,0.0,0.9,400,2.308860383783491,1.8181781851849492,2.322862497424363,1.8252815499080974
925,85,300,3,LADTransferTreeBoost,0.1,3,2,0.0,0.9,400,2.7227524404795265,2.1955586035175108,2.68780548113335,2.167159796536865
926,85,300,3,MTransferTreeBoost,0.1,3,2,0.0,0.9,400,1.7971694880432119,1.4358395298581645,1.7863325874454714,1.4225568095476504
927,85,300,3,LSTransferTreeBoost,0.1,3,2,0.01,0.1,400,1.6947093253548566,1.3364586856632534,1.7468508290140004,1.3650012204204345
928,85,300,3,LADTransferTreeBoost,0.1,3,2,0.01,0.1,400,1.514580019112933,1.2060675654815116,1.4848295476169673,1.1948782622565377
929,85,300,3,MTransferTreeBoost,0.1,3,2,0.01,0.1,400,1.4184174002528565,1.1385467759780694,1.4318185850771583,1.1518576407579992
930,85,300,3,LSTransferTreeBoost,0.1,3,2,0.01,0.5,400,1.6853091383134438,1.2087866343800928,1.8312751090430448,1.2816589841235746
931,85,300,3,LADTransferTreeBoost,0.1,3,2,0.01,0.5,400,1.4025661790186799,1.1039004738364662,1.4186748144149277,1.1236075117046511
932,85,300,3,MTransferTreeBoost,0.1,3,2,0.01,0.5,400,1.3400263508615595,1.0570308770420676,1.3688851800728632,1.0831731097942756
933,85,300,3,LSTransferTreeBoost,0.1,3,2,0.01,0.9,400,1.6038878198759836,1.1770348774978723,1.7376141791290518,1.2525419694969946
934,85,300,3,LADTransferTreeBoost,0.1,3,2,0.01,0.9,400,1.4100850705929324,1.092775945195608,1.4067293307869948,1.0999495519243818
935,85,300,3,MTransferTreeBoost,0.1,3,2,0.01,0.9,400,1.3335959327536826,1.0558776547416655,1.351174407850429,1.071459154055378
936,85,300,3,LSTransferTreeBoost,0.1,3,2,0.05,0.1,400,1.6308256863843829,1.2759614883761468,1.6911392505350433,1.3173329752013896
937,85,300,3,LADTransferTreeBoost,0.1,3,2,0.05,0.1,400,1.3860508029184166,1.1045604069108468,1.3845587168223226,1.1015523888224397
938,85,300,3,MTransferTreeBoost,0.1,3,2,0.05,0.1,400,1.3921294618272873,1.1167516322426023,1.3940874243469896,1.1229889368290524
939,85,300,3,LSTransferTreeBoost,0.1,3,2,0.05,0.5,400,1.8149119969486893,1.433813654278811,1.8547836668106545,1.4515438358991253
940,85,300,3,LADTransferTreeBoost,0.1,3,2,0.05,0.5,400,1.4272056704985554,1.1264623274634151,1.4323377082771953,1.142106269677744
941,85,300,3,MTransferTreeBoost,0.1,3,2,0.05,0.5,400,1.3595956879774629,1.0878109917063603,1.3865763326663616,1.1083290089528983
942,85,300,3,LSTransferTreeBoost,0.1,3,2,0.05,0.9,400,1.6948978050815415,1.2664602997962404,1.8115227102072626,1.3491664863619706
943,85,300,3,LADTransferTreeBoost,0.1,3,2,0.05,0.9,400,1.3251259540041178,1.0394440312949798,1.3385332474340135,1.060659591377023
944,85,300,3,MTransferTreeBoost,0.1,3,2,0.05,0.9,400,1.3876513313757055,1.0966319834831144,1.4252144670409892,1.1335598641310982
945,85,300,3,LSTransferTreeBoost,0.1,3,3,0.0,0.1,400,1.6650790736233116,1.3020737371887248,1.719589098700031,1.3400678690706587
946,85,300,3,LADTransferTreeBoost,0.1,3,3,0.0,0.1,400,1.4169648566202244,1.121617888460934,1.4299021744745959,1.1357284998342214
947,85,300,3,MTransferTreeBoost,0.1,3,3,0.0,0.1,400,1.382404034262031,1.1095105832160685,1.3732140681444756,1.1076111561186288
948,85,300,3,LSTransferTreeBoost,0.1,3,3,0.0,0.5,400,1.596217378834969,1.1863610192710972,1.6296141392654515,1.212408882449119
949,85,300,3,LADTransferTreeBoost,0.1,3,3,0.0,0.5,400,1.4974941717848722,1.1650842972618551,1.506892019850049,1.1786451178515007
950,85,300,3,MTransferTreeBoost,0.1,3,3,0.0,0.5,400,1.2727808903687239,1.0139750171554327,1.3156716355811215,1.0310228675018753
951,85,300,3,LSTransferTreeBoost,0.1,3,3,0.0,0.9,400,1.8809372664475683,1.4809885561748461,1.9064225408458881,1.4994774557490738
952,85,300,3,LADTransferTreeBoost,0.1,3,3,0.0,0.9,400,1.8529212193914364,1.4286910997859066,1.8330324459848266,1.4149872863625093
953,85,300,3,MTransferTreeBoost,0.1,3,3,0.0,0.9,400,1.6218772923343283,1.2815012988491647,1.6227269028581,1.271122155763111
954,85,300,3,LSTransferTreeBoost,0.1,3,3,0.01,0.1,400,1.6752393063687077,1.2937441423220764,1.6953271804486811,1.2929135025441658
955,85,300,3,LADTransferTreeBoost,0.1,3,3,0.01,0.1,400,1.5598087248054058,1.2259688039017724,1.5406356307525575,1.2074159587648141
956,85,300,3,MTransferTreeBoost,0.1,3,3,0.01,0.1,400,1.348903238601642,1.0896808572238974,1.3375548549658693,1.0690138479861429
957,85,300,3,LSTransferTreeBoost,0.1,3,3,0.01,0.5,400,1.5738868042523249,1.1884529090133777,1.6103627635279274,1.2151361682816795
958,85,300,3,LADTransferTreeBoost,0.1,3,3,0.01,0.5,400,1.4952676944012766,1.1753770184722339,1.4791728704713158,1.1651811779668069
959,85,300,3,MTransferTreeBoost,0.1,3,3,0.01,0.5,400,1.3415520902454834,1.0698435890079467,1.3783887460393192,1.0999169074206316
960,85,300,3,LSTransferTreeBoost,0.1,3,3,0.01,0.9,400,1.6335209277119003,1.2314183834652135,1.6157683032984103,1.2100345952251987
961,85,300,3,LADTransferTreeBoost,0.1,3,3,0.01,0.9,400,1.569433052621275,1.1888256180924122,1.5177099918470802,1.1756752628075018
962,85,300,3,MTransferTreeBoost,0.1,3,3,0.01,0.9,400,1.3629082907636068,1.076176858458352,1.3575099773642731,1.0748359951881845
963,85,300,3,LSTransferTreeBoost,0.1,3,3,0.05,0.1,400,1.8147507670429437,1.4123715147266287,1.8483813354768728,1.445595810474892
964,85,300,3,LADTransferTreeBoost,0.1,3,3,0.05,0.1,400,1.538004424826886,1.2192482238402484,1.5249260554200237,1.2154089182425922
965,85,300,3,MTransferTreeBoost,0.1,3,3,0.05,0.1,400,1.3745601073816045,1.107393830068741,1.3663329496290704,1.0945082364861045
966,85,300,3,LSTransferTreeBoost,0.1,3,3,0.05,0.5,400,1.6483248218851594,1.2403728608377613,1.6483956186789865,1.246744413876071
967,85,300,3,LADTransferTreeBoost,0.1,3,3,0.05,0.5,400,1.4968420297094875,1.1871708374159013,1.4987816985229176,1.1942341977322184
968,85,300,3,MTransferTreeBoost,0.1,3,3,0.05,0.5,400,1.372347294607765,1.1057797892901242,1.3739630785267523,1.1078439779197007
969,85,300,3,LSTransferTreeBoost,0.1,3,3,0.05,0.9,400,1.6552289951228865,1.236916679516978,1.6621526789284504,1.2478210810288475
970,85,300,3,LADTransferTreeBoost,0.1,3,3,0.05,0.9,400,1.6772914656483175,1.3078483200912183,1.6483388987811045,1.2783024478177687
971,85,300,3,MTransferTreeBoost,0.1,3,3,0.05,0.9,400,1.380323063244857,1.1115424202988953,1.3910859840050576,1.1093308811738083
972,85,500,3,LSTransferTreeBoost,0.05,1,1,0.0,0.1,400,1.179536133719411,0.9279750880336024,1.2327559718906298,0.971414334235818
973,85,500,3,LADTransferTreeBoost,0.05,1,1,0.0,0.1,400,1.3617505929025016,1.076190026300537,1.3618262655361635,1.0912036447152198
974,85,500,3,MTransferTreeBoost,0.05,1,1,0.0,0.1,400,1.1993012862431058,0.9602810575570555,1.2082324203551371,0.9565818335102102
975,85,500,3,LSTransferTreeBoost,0.05,1,1,0.0,0.5,400,1.4389314830943098,1.131023942866466,1.4699770254843545,1.1642024696688567
976,85,500,3,LADTransferTreeBoost,0.05,1,1,0.0,0.5,400,1.5732455424499519,1.2415559117504953,1.564231964443515,1.2581009543653592
977,85,500,3,MTransferTreeBoost,0.05,1,1,0.0,0.5,400,1.4493195993796384,1.1491541725299714,1.4767373596153326,1.1731982712639366
978,85,500,3,LSTransferTreeBoost,0.05,1,1,0.0,0.9,400,2.7650509184104433,2.22531559113749,2.7521596651926505,2.2176145850898394
979,85,500,3,LADTransferTreeBoost,0.05,1,1,0.0,0.9,400,4.169749395772965,3.3594372966091006,4.067178260715285,3.2934054614464783
980,85,500,3,MTransferTreeBoost,0.05,1,1,0.0,0.9,400,2.762672517848621,2.214249200535659,2.749955989998394,2.202581320762693
981,85,500,3,LSTransferTreeBoost,0.05,1,1,0.01,0.1,400,1.1850680156376636,0.9314899814481221,1.2477356520834495,0.9856612060147603
982,85,500,3,LADTransferTreeBoost,0.05,1,1,0.01,0.1,400,1.6140861710030023,1.2915479001275865,1.6168181430669524,1.3222254587880815
983,85,500,3,MTransferTreeBoost,0.05,1,1,0.01,0.1,400,1.1997201504698312,0.9604718557560067,1.2153661215943254,0.9646224539951621
984,85,500,3,LSTransferTreeBoost,0.05,1,1,0.01,0.5,400,1.1873632927859399,0.936267638638332,1.2358850420806766,0.9791162959069193
985,85,500,3,LADTransferTreeBoost,0.05,1,1,0.01,0.5,400,2.2030867977988873,1.789368983193656,2.171488015519562,1.8013847586134657
986,85,500,3,MTransferTreeBoost,0.05,1,1,0.01,0.5,400,1.1898992436411604,0.9518417791629425,1.1996747290825949,0.9511114773934924
987,85,500,3,LSTransferTreeBoost,0.05,1,1,0.01,0.9,400,1.2093019106870437,0.9511087936839239,1.249490844569853,0.9838839896532625
988,85,500,3,LADTransferTreeBoost,0.05,1,1,0.01,0.9,400,1.5088950336282785,1.2221437979683776,1.510296664924601,1.2413073207845664
989,85,500,3,MTransferTreeBoost,0.05,1,1,0.01,0.9,400,1.2137617511194745,0.9678628492524416,1.2183169711886896,0.9656058835262225
990,85,500,3,LSTransferTreeBoost,0.05,1,1,0.05,0.1,400,1.2332322336906243,0.9660537017701684,1.3010264869116386,1.0240951218890844
991,85,500,3,LADTransferTreeBoost,0.05,1,1,0.05,0.1,400,1.7955800546147684,1.4223009717142054,1.7981716264616625,1.4549038063582875
992,85,500,3,MTransferTreeBoost,0.05,1,1,0.05,0.1,400,1.2016132035260538,0.9591235013425421,1.2223165216093368,0.9716921555787729
993,85,500,3,LSTransferTreeBoost,0.05,1,1,0.05,0.5,400,1.1824719533838817,0.9258680016696048,1.2482051697721996,0.9819255105478848
994,85,500,3,LADTransferTreeBoost,0.05,1,1,0.05,0.5,400,1.360836009600264,1.0814811959171693,1.3684340703452378,1.0918659075072736
995,85,500,3,MTransferTreeBoost,0.05,1,1,0.05,0.5,400,1.1874043094377744,0.9491708452221572,1.2044279509820017,0.954958680566995
996,85,500,3,LSTransferTreeBoost,0.05,1,1,0.05,0.9,400,1.1850485749639175,0.9366597395176017,1.236779497456638,0.9859639493543588
997,85,500,3,LADTransferTreeBoost,0.05,1,1,0.05,0.9,400,2.2956518338680194,1.8573485893075758,2.2588956694850157,1.874392423935015
998,85,500,3,MTransferTreeBoost,0.05,1,1,0.05,0.9,400,1.2044037793700744,0.9695304547065418,1.2198115236067715,0.9729442816877959
999,85,500,3,LSTransferTreeBoost,0.05,1,2,0.0,0.1,400,1.285814436672927,0.9819892282272231,1.389244013912648,1.0548226713216504
1000,85,500,3,LADTransferTreeBoost,0.05,1,2,0.0,0.1,400,1.2254200503309676,0.9601170321113229,1.2505543162096913,1.0140806503314714
1001,85,500,3,MTransferTreeBoost,0.05,1,2,0.0,0.1,400,1.0854967110395823,0.8469498842172271,1.1044611400990136,0.8632272416494972
1002,85,500,3,LSTransferTreeBoost,0.05,1,2,0.0,0.5,400,1.28252750870904,0.9776402963507232,1.3556390541354435,1.0234341353497718
1003,85,500,3,LADTransferTreeBoost,0.05,1,2,0.0,0.5,400,1.2412212512957526,0.9811700291880018,1.2341735879638465,0.9740243792785536
1004,85,500,3,MTransferTreeBoost,0.05,1,2,0.0,0.5,400,1.1612762598442572,0.9088686357675488,1.1883372773181369,0.91831502691575
1005,85,500,3,LSTransferTreeBoost,0.05,1,2,0.0,0.9,400,2.3738822509631627,1.940096956261106,2.3697195257029544,1.9404113856699958
1006,85,500,3,LADTransferTreeBoost,0.05,1,2,0.0,0.9,400,2.898490263486152,2.2838323734606707,2.8600845284937315,2.2604925427101588
1007,85,500,3,MTransferTreeBoost,0.05,1,2,0.0,0.9,400,2.193110062288579,1.7718451383960392,2.1902404608515624,1.7782891157248304
1008,85,500,3,LSTransferTreeBoost,0.05,1,2,0.01,0.1,400,1.5967016934117928,1.2312450958663772,1.6798229159793179,1.2916994742384018
1009,85,500,3,LADTransferTreeBoost,0.05,1,2,0.01,0.1,400,1.2487042139229978,0.983316276279693,1.271170884328575,1.0380327612640183
1010,85,500,3,MTransferTreeBoost,0.05,1,2,0.01,0.1,400,1.076788267183032,0.8414697277794808,1.0995558490652766,0.8645948728771847
1011,85,500,3,LSTransferTreeBoost,0.05,1,2,0.01,0.5,400,1.388678762174645,1.0620926090590126,1.4809808063667658,1.12650242161525
1012,85,500,3,LADTransferTreeBoost,0.05,1,2,0.01,0.5,400,1.1418852525437415,0.8931570790977288,1.147900774339305,0.9149508618948066
1013,85,500,3,MTransferTreeBoost,0.05,1,2,0.01,0.5,400,1.114325667083146,0.8694134318749457,1.1612456776043079,0.8890435883760167
1014,85,500,3,LSTransferTreeBoost,0.05,1,2,0.01,0.9,400,1.2673306841365597,0.9708465391252603,1.3387461994989747,1.0124993893578895
1015,85,500,3,LADTransferTreeBoost,0.05,1,2,0.01,0.9,400,1.1695031851430233,0.9302215076721128,1.1671710558851456,0.9257744868597014
1016,85,500,3,MTransferTreeBoost,0.05,1,2,0.01,0.9,400,1.1351586600100791,0.8871855225307654,1.1555081364477604,0.8872885570507107
1017,85,500,3,LSTransferTreeBoost,0.05,1,2,0.05,0.1,400,1.6385214836993118,1.2671764367097216,1.718067783893248,1.3300131632642083
1018,85,500,3,LADTransferTreeBoost,0.05,1,2,0.05,0.1,400,1.196510084429954,0.9334143935088218,1.2212789705416514,0.9888152347984693
1019,85,500,3,MTransferTreeBoost,0.05,1,2,0.05,0.1,400,1.0799417729102734,0.8438962651237177,1.0988599497111102,0.8691867075328275
1020,85,500,3,LSTransferTreeBoost,0.05,1,2,0.05,0.5,400,1.69760341643259,1.3131158471108295,1.7664475307863823,1.3655352786305457
1021,85,500,3,LADTransferTreeBoost,0.05,1,2,0.05,0.5,400,1.1575640510774385,0.9060743890775975,1.193641111530283,0.964315538074906
1022,85,500,3,MTransferTreeBoost,0.05,1,2,0.05,0.5,400,1.0660068750447405,0.8326607169600468,1.084506969118897,0.8516971724036926
1023,85,500,3,LSTransferTreeBoost,0.05,1,2,0.05,0.9,400,1.2492015003621817,0.9469255728770757,1.3374724148774282,0.9990176261078165
1024,85,500,3,LADTransferTreeBoost,0.05,1,2,0.05,0.9,400,1.7800177537667723,1.4227077711024054,1.7743777875684976,1.4565027322541686
1025,85,500,3,MTransferTreeBoost,0.05,1,2,0.05,0.9,400,1.0844766456692652,0.8519200733166017,1.1118401523824444,0.8666955575186841
1026,85,500,3,LSTransferTreeBoost,0.05,1,3,0.0,0.1,400,1.3155431321562563,0.9701721011536689,1.3957323509882302,1.0330292286700655
1027,85,500,3,LADTransferTreeBoost,0.05,1,3,0.0,0.1,400,1.2146135887859042,0.9421839677127182,1.216469387631088,0.9849468014338795
1028,85,500,3,MTransferTreeBoost,0.05,1,3,0.0,0.1,400,1.160241770557203,0.8983537737802285,1.1745867394845833,0.9137063633039868
1029,85,500,3,LSTransferTreeBoost,0.05,1,3,0.0,0.5,400,1.3206568113393435,0.9733638250411664,1.3528491121231916,1.000210088139862
1030,85,500,3,LADTransferTreeBoost,0.05,1,3,0.0,0.5,400,1.1537902304197312,0.9077880626447902,1.1727754373735737,0.933428477891669
1031,85,500,3,MTransferTreeBoost,0.05,1,3,0.0,0.5,400,1.1456421271932797,0.8867021697079686,1.1431543271299143,0.8913726263937443
1032,85,500,3,LSTransferTreeBoost,0.05,1,3,0.0,0.9,400,2.432869299792175,1.9243261184847587,2.41133187373825,1.90551142857243
1033,85,500,3,LADTransferTreeBoost,0.05,1,3,0.0,0.9,400,3.084563519778836,2.4260198278824663,3.0371379497322244,2.3930781600597775
1034,85,500,3,MTransferTreeBoost,0.05,1,3,0.0,0.9,400,1.8156399250497426,1.4485016223474256,1.7960409261073094,1.4264135478386941
1035,85,500,3,LSTransferTreeBoost,0.05,1,3,0.01,0.1,400,1.4044505385560535,1.0270590128658315,1.4823519293091427,1.0900213649222095
1036,85,500,3,LADTransferTreeBoost,0.05,1,3,0.01,0.1,400,1.1651068138538765,0.9114941741487796,1.1805661951830049,0.9529286450948332
1037,85,500,3,MTransferTreeBoost,0.05,1,3,0.01,0.1,400,1.162775816326734,0.8966746052074566,1.1664534545572534,0.8985286839553086
1038,85,500,3,LSTransferTreeBoost,0.05,1,3,0.01,0.5,400,1.2558643175565138,0.9393227700233675,1.3206102769159505,0.9824224671221878
1039,85,500,3,LADTransferTreeBoost,0.05,1,3,0.01,0.5,400,1.255621133421554,0.9640444455159656,1.2710072671941344,1.0043800441089235
1040,85,500,3,MTransferTreeBoost,0.05,1,3,0.01,0.5,400,1.1802918223336902,0.9157491708560276,1.1720335467562533,0.9108111464298729
1041,85,500,3,LSTransferTreeBoost,0.05,1,3,0.01,0.9,400,1.34301932812572,1.0174112848280104,1.385272263005085,1.0539141922620139
1042,85,500,3,LADTransferTreeBoost,0.05,1,3,0.01,0.9,400,1.1916477528400988,0.939289334020191,1.2073906811659751,0.9579948006206812
1043,85,500,3,MTransferTreeBoost,0.05,1,3,0.01,0.9,400,1.1519667163195932,0.900187597174082,1.1455153568030652,0.8999044889079368
1044,85,500,3,LSTransferTreeBoost,0.05,1,3,0.05,0.1,400,1.3321874898111146,0.9816887085542866,1.4163591259722197,1.0378837348994345
1045,85,500,3,LADTransferTreeBoost,0.05,1,3,0.05,0.1,400,1.524157660030659,1.2211150390449326,1.5211871141688535,1.252980221930748
1046,85,500,3,MTransferTreeBoost,0.05,1,3,0.05,0.1,400,1.1651076631587107,0.9013566921864403,1.1716659890090109,0.909396118205244
1047,85,500,3,LSTransferTreeBoost,0.05,1,3,0.05,0.5,400,1.535941608482505,1.1681530008226872,1.5860615878725735,1.1995235182106103
1048,85,500,3,LADTransferTreeBoost,0.05,1,3,0.05,0.5,400,1.1574887908711202,0.902928170952607,1.1639079335692006,0.9351761944984135
1049,85,500,3,MTransferTreeBoost,0.05,1,3,0.05,0.5,400,1.1657623197509703,0.9061925282085018,1.15463574630422,0.8929096224024307
1050,85,500,3,LSTransferTreeBoost,0.05,1,3,0.05,0.9,400,1.5186002360513626,1.157229502829636,1.5674269722166725,1.1827279340905343
1051,85,500,3,LADTransferTreeBoost,0.05,1,3,0.05,0.9,400,1.122503173962662,0.8800968667542574,1.1420454255389703,0.9083041864744434
1052,85,500,3,MTransferTreeBoost,0.05,1,3,0.05,0.9,400,1.1590760715230792,0.9015955942129976,1.1647855563154494,0.9003014184453009
1053,85,500,3,LSTransferTreeBoost,0.05,2,1,0.0,0.1,400,1.1461670462808038,0.9009082985258389,1.2101061230778698,0.9581466443031956
1054,85,500,3,LADTransferTreeBoost,0.05,2,1,0.0,0.1,400,1.3013429891574033,1.0323160754652172,1.3097010976126684,1.0580914265575627
1055,85,500,3,MTransferTreeBoost,0.05,2,1,0.0,0.1,400,1.1575398348802233,0.9286233509137013,1.1812567781449321,0.9432460619676576
1056,85,500,3,LSTransferTreeBoost,0.05,2,1,0.0,0.5,400,1.3775705440873816,1.0824999424876312,1.4106986158208965,1.128610791356525
1057,85,500,3,LADTransferTreeBoost,0.05,2,1,0.0,0.5,400,1.508843232691987,1.1769785606945526,1.5325024415930109,1.2228562975090276
1058,85,500,3,MTransferTreeBoost,0.05,2,1,0.0,0.5,400,1.3569854429942299,1.0651172685771781,1.3886548718451182,1.1035576082633587
1059,85,500,3,LSTransferTreeBoost,0.05,2,1,0.0,0.9,400,2.5463122682029398,2.0512319077310557,2.5916181861223873,2.096438422012876
1060,85,500,3,LADTransferTreeBoost,0.05,2,1,0.0,0.9,400,2.438125698978171,1.9492331671690304,2.38975356607257,1.952569893797909
1061,85,500,3,MTransferTreeBoost,0.05,2,1,0.0,0.9,400,2.5971307486129813,2.0945889230757584,2.630231563286894,2.121510828611912
1062,85,500,3,LSTransferTreeBoost,0.05,2,1,0.01,0.1,400,1.2614785962584747,1.0115726478510454,1.303045360819385,1.0552902951029455
1063,85,500,3,LADTransferTreeBoost,0.05,2,1,0.01,0.1,400,1.9446420530581185,1.52424992660242,1.9727154549950163,1.5772702757419452
1064,85,500,3,MTransferTreeBoost,0.05,2,1,0.01,0.1,400,1.2574014288298956,1.0177574712231663,1.2743727421920321,1.0309255722561712
1065,85,500,3,LSTransferTreeBoost,0.05,2,1,0.01,0.5,400,1.165266866526933,0.9182139852682372,1.2182022095745768,0.9743994957550446
1066,85,500,3,LADTransferTreeBoost,0.05,2,1,0.01,0.5,400,1.2778683279612082,1.0132139844861225,1.2961598934453988,1.0490563834898328
1067,85,500,3,MTransferTreeBoost,0.05,2,1,0.01,0.5,400,1.1609106106097042,0.9321056907951816,1.184337463283896,0.9446916454786016
1068,85,500,3,LSTransferTreeBoost,0.05,2,1,0.01,0.9,400,1.1601869029408347,0.917559515248963,1.21445650120299,0.9758314104018933
1069,85,500,3,LADTransferTreeBoost,0.05,2,1,0.01,0.9,400,1.768640903697469,1.3599097990384217,1.7605814157224202,1.3816573840561708
1070,85,500,3,MTransferTreeBoost,0.05,2,1,0.01,0.9,400,1.142399942684221,0.9158142742674408,1.174237020952678,0.9390165443049532
1071,85,500,3,LSTransferTreeBoost,0.05,2,1,0.05,0.1,400,1.1943766062889232,0.9516306559882441,1.2468514896944791,1.0021773976286539
1072,85,500,3,LADTransferTreeBoost,0.05,2,1,0.05,0.1,400,2.5168224002873107,2.014021641822221,2.5136017541331244,2.0504971026825896
1073,85,500,3,MTransferTreeBoost,0.05,2,1,0.05,0.1,400,1.2456632417919202,1.0072720068417391,1.265770250074451,1.0210112988179258
1074,85,500,3,LSTransferTreeBoost,0.05,2,1,0.05,0.5,400,1.2371882603590543,0.9922960353841859,1.2816214973522921,1.0397206425639025
1075,85,500,3,LADTransferTreeBoost,0.05,2,1,0.05,0.5,400,2.208060296670893,1.751155945373033,2.2152393718376864,1.7983352024543386
1076,85,500,3,MTransferTreeBoost,0.05,2,1,0.05,0.5,400,1.1953370722275232,0.9648764893675557,1.2174689462970285,0.9794111069117926
1077,85,500,3,LSTransferTreeBoost,0.05,2,1,0.05,0.9,400,1.1502329295593678,0.9074343341827396,1.2136392919185035,0.96912831095557
1078,85,500,3,LADTransferTreeBoost,0.05,2,1,0.05,0.9,400,1.5258555982143207,1.1887755919191738,1.5470396957837038,1.2264673166867193
1079,85,500,3,MTransferTreeBoost,0.05,2,1,0.05,0.9,400,1.1674654193498955,0.9393210500965194,1.1985763328501902,0.9594387602328299
1080,85,500,3,LSTransferTreeBoost,0.05,2,2,0.0,0.1,400,1.269307900552569,0.9576871896274722,1.390884147296518,1.0392164604460203
1081,85,500,3,LADTransferTreeBoost,0.05,2,2,0.0,0.1,400,1.4571207835225366,1.1214025519540982,1.485395666866173,1.1544765474807972
1082,85,500,3,MTransferTreeBoost,0.05,2,2,0.0,0.1,400,1.069583439977703,0.8400157655331999,1.107554647204055,0.8781545629412212
1083,85,500,3,LSTransferTreeBoost,0.05,2,2,0.0,0.5,400,1.2475204904287245,0.9360334267298906,1.2808029803031187,0.9575662785472371
1084,85,500,3,LADTransferTreeBoost,0.05,2,2,0.0,0.5,400,1.1391035416468975,0.8849777123841631,1.1844138165482938,0.9445305094608221
1085,85,500,3,MTransferTreeBoost,0.05,2,2,0.0,0.5,400,1.1137041980434348,0.8573024723574456,1.166596592231978,0.8898887317636586
1086,85,500,3,LSTransferTreeBoost,0.05,2,2,0.0,0.9,400,2.394009972498199,1.9456745803551143,2.431746923497926,1.983158343533285
1087,85,500,3,LADTransferTreeBoost,0.05,2,2,0.0,0.9,400,2.9479216134491986,2.2971788762415444,2.901184156728405,2.2807508743233185
1088,85,500,3,MTransferTreeBoost,0.05,2,2,0.0,0.9,400,1.9902145087198533,1.60495936282814,2.0307874448945102,1.6405088876624823
1089,85,500,3,LSTransferTreeBoost,0.05,2,2,0.01,0.1,400,1.4370708604285505,1.104756619380835,1.5382376504268502,1.1818100715525266
1090,85,500,3,LADTransferTreeBoost,0.05,2,2,0.01,0.1,400,1.4341817421604,1.118846248168511,1.4585836398253307,1.1420142868728675
1091,85,500,3,MTransferTreeBoost,0.05,2,2,0.01,0.1,400,1.0662238331646834,0.838849503061336,1.0984669804254807,0.871164395043067
1092,85,500,3,LSTransferTreeBoost,0.05,2,2,0.01,0.5,400,1.2266542463408503,0.9231097603914864,1.3105491027501537,0.9836562806941171
1093,85,500,3,LADTransferTreeBoost,0.05,2,2,0.01,0.5,400,1.2634096284585186,0.9765289930491281,1.2954870105656655,1.0106575283187165
1094,85,500,3,MTransferTreeBoost,0.05,2,2,0.01,0.5,400,1.0825045369423965,0.8346563232045318,1.1433200368300545,0.867385054122597
1095,85,500,3,LSTransferTreeBoost,0.05,2,2,0.01,0.9,400,1.2350250898585282,0.9251178587662993,1.2928318273490664,0.973160735292203
1096,85,500,3,LADTransferTreeBoost,0.05,2,2,0.01,0.9,400,1.4379971750875256,1.0951921753552776,1.4245319165932013,1.0978754210011874
1097,85,500,3,MTransferTreeBoost,0.05,2,2,0.01,0.9,400,1.1118353021901317,0.8628983442559013,1.1632663303208057,0.8987359820003752
1098,85,500,3,LSTransferTreeBoost,0.05,2,2,0.05,0.1,400,1.4408908344518179,1.1138313411664293,1.5408198094916692,1.1947792076787092
1099,85,500,3,LADTransferTreeBoost,0.05,2,2,0.05,0.1,400,1.1955155467174279,0.925887699101389,1.2066229496979541,0.9445988481359685
1100,85,500,3,MTransferTreeBoost,0.05,2,2,0.05,0.1,400,1.09405945406893,0.8533595829812296,1.1261165477502255,0.88927726518645
1101,85,500,3,LSTransferTreeBoost,0.05,2,2,0.05,0.5,400,1.2147903173606855,0.919843914491198,1.3356815889258766,0.9884021563436579
1102,85,500,3,LADTransferTreeBoost,0.05,2,2,0.05,0.5,400,1.453398573778986,1.1159863486915225,1.4743746139563711,1.1382335860888186
1103,85,500,3,MTransferTreeBoost,0.05,2,2,0.05,0.5,400,1.0678286330536275,0.8353764938528474,1.0977095743481162,0.8677961571519592
1104,85,500,3,LSTransferTreeBoost,0.05,2,2,0.05,0.9,400,1.4552021953322742,1.119262556560159,1.5668804252701536,1.1922930761864967
1105,85,500,3,LADTransferTreeBoost,0.05,2,2,0.05,0.9,400,1.3066074540814974,1.0144639203364707,1.3492859776400241,1.0576604347273368
1106,85,500,3,MTransferTreeBoost,0.05,2,2,0.05,0.9,400,1.0530986142275192,0.8241868894301458,1.0897270084977355,0.8519118389888277
1107,85,500,3,LSTransferTreeBoost,0.05,2,3,0.0,0.1,400,1.301850001355105,0.9617075019457146,1.3649238654297813,1.007093901412497
1108,85,500,3,LADTransferTreeBoost,0.05,2,3,0.0,0.1,400,1.3622279186826125,1.0438903352080993,1.3747896052970778,1.0711368660454224
1109,85,500,3,MTransferTreeBoost,0.05,2,3,0.0,0.1,400,1.1496753121197636,0.8894693718193427,1.1734884369719476,0.9118883753470974
1110,85,500,3,LSTransferTreeBoost,0.05,2,3,0.0,0.5,400,1.325347873342937,0.9878597303788785,1.3512278334053482,1.003579145503236
1111,85,500,3,LADTransferTreeBoost,0.05,2,3,0.0,0.5,400,1.1848103298158872,0.9254091598030691,1.2390783580520879,0.9812720004946628
1112,85,500,3,MTransferTreeBoost,0.05,2,3,0.0,0.5,400,1.153495532764275,0.8873666313436122,1.144336240018296,0.8967420633283011
1113,85,500,3,LSTransferTreeBoost,0.05,2,3,0.0,0.9,400,2.177444362504361,1.7773961327585046,2.2215310104466726,1.8130046312421682
1114,85,500,3,LADTransferTreeBoost,0.05,2,3,0.0,0.9,400,3.3897685991094235,2.7710973486284867,3.320346872694831,2.73255195015388
1115,85,500,3,MTransferTreeBoost,0.05,2,3,0.0,0.9,400,1.679162382490831,1.3315721258222653,1.7093740398112431,1.3585851224932193
1116,85,500,3,LSTransferTreeBoost,0.05,2,3,0.01,0.1,400,1.318319130353285,0.9714769102573436,1.3757214791561752,1.028464942093397
1117,85,500,3,LADTransferTreeBoost,0.05,2,3,0.01,0.1,400,1.2933400616471349,1.005205495047525,1.3282530442884062,1.0579740457394047
1118,85,500,3,MTransferTreeBoost,0.05,2,3,0.01,0.1,400,1.1507205948483996,0.8900920868241626,1.1753870961726018,0.9148017016484639
1119,85,500,3,LSTransferTreeBoost,0.05,2,3,0.01,0.5,400,1.2999563892416977,0.9794354449272851,1.3796197983169267,1.029718678546209
1120,85,500,3,LADTransferTreeBoost,0.05,2,3,0.01,0.5,400,1.4513858747427124,1.103416745297418,1.4850374574859653,1.14612497481777
1121,85,500,3,MTransferTreeBoost,0.05,2,3,0.01,0.5,400,1.1594552953649526,0.900934762554853,1.1759901795107577,0.916431137291883
1122,85,500,3,LSTransferTreeBoost,0.05,2,3,0.01,0.9,400,1.3495639347323511,1.0258342794892163,1.4002902046848533,1.0612785676400627
1123,85,500,3,LADTransferTreeBoost,0.05,2,3,0.01,0.9,400,1.2844983846772737,0.9749370137682407,1.3054680298766883,1.0047605020335133
1124,85,500,3,MTransferTreeBoost,0.05,2,3,0.01,0.9,400,1.1244949510501345,0.8622225135954052,1.1537214124870894,0.8907044427137735
1125,85,500,3,LSTransferTreeBoost,0.05,2,3,0.05,0.1,400,1.3098117918973053,0.9786534899216326,1.3706186194595518,1.019782883859323
1126,85,500,3,LADTransferTreeBoost,0.05,2,3,0.05,0.1,400,2.2667414364596525,1.7435495001204673,2.282097147416103,1.767276512202659
1127,85,500,3,MTransferTreeBoost,0.05,2,3,0.05,0.1,400,1.1838276254897366,0.9179373816268569,1.2076332674503076,0.9428359395986862
1128,85,500,3,LSTransferTreeBoost,0.05,2,3,0.05,0.5,400,1.2729599628427428,0.9632391762274994,1.3643628150020906,1.0068395207555705
1129,85,500,3,LADTransferTreeBoost,0.05,2,3,0.05,0.5,400,2.1929527984613264,1.6765031469774212,2.1993274450515727,1.6876432908312742
1130,85,500,3,MTransferTreeBoost,0.05,2,3,0.05,0.5,400,1.1476520479996057,0.8926679837850051,1.1580924541565532,0.9014652137533112
1131,85,500,3,LSTransferTreeBoost,0.05,2,3,0.05,0.9,400,1.2635729929760575,0.9563501007327213,1.3680083967430756,1.0248021282108397
1132,85,500,3,LADTransferTreeBoost,0.05,2,3,0.05,0.9,400,1.662342753674256,1.2569838785340053,1.6961876499378759,1.2994289872268936
1133,85,500,3,MTransferTreeBoost,0.05,2,3,0.05,0.9,400,1.1506811554618066,0.8983025080213362,1.1585357659385147,0.9026384669432717
1134,85,500,3,LSTransferTreeBoost,0.05,3,1,0.0,0.1,400,1.1578201363034344,0.9179571963730765,1.211236494311922,0.9689011940310943
1135,85,500,3,LADTransferTreeBoost,0.05,3,1,0.0,0.1,400,1.4440260801416376,1.1195379807871624,1.4702432452148224,1.157726295828832
1136,85,500,3,MTransferTreeBoost,0.05,3,1,0.0,0.1,400,1.144556670447251,0.9157847369509827,1.180283115210952,0.9391418451426723
1137,85,500,3,LSTransferTreeBoost,0.05,3,1,0.0,0.5,400,1.372563341224637,1.0644270790365076,1.3741272446611958,1.1118032667431275
1138,85,500,3,LADTransferTreeBoost,0.05,3,1,0.0,0.5,400,1.454515526106612,1.130590873978479,1.486911294780056,1.176605391199938
1139,85,500,3,MTransferTreeBoost,0.05,3,1,0.0,0.5,400,1.2984560555241222,1.0237346470487523,1.326014371929827,1.0616197451752745
1140,85,500,3,LSTransferTreeBoost,0.05,3,1,0.0,0.9,400,2.474397916283112,2.000169091887945,2.49789087323015,2.02061549625243
1141,85,500,3,LADTransferTreeBoost,0.05,3,1,0.0,0.9,400,2.32855011656224,1.8423538832351876,2.28419353167321,1.8474565077590202
1142,85,500,3,MTransferTreeBoost,0.05,3,1,0.0,0.9,400,2.3050880338926585,1.849287112841753,2.312289136750343,1.8607701773334533
1143,85,500,3,LSTransferTreeBoost,0.05,3,1,0.01,0.1,400,1.338913516508252,1.0691146291608304,1.3790556947402375,1.1183570112108825
1144,85,500,3,LADTransferTreeBoost,0.05,3,1,0.01,0.1,400,1.4619233575157304,1.1470301954241195,1.482426392298518,1.181079046939604
1145,85,500,3,MTransferTreeBoost,0.05,3,1,0.01,0.1,400,1.1728663178558767,0.9354979628851392,1.1945892281535637,0.9440735287166669
1146,85,500,3,LSTransferTreeBoost,0.05,3,1,0.01,0.5,400,1.3057085575319751,1.0217231319263207,1.3480941740665127,1.0644667317399479
1147,85,500,3,LADTransferTreeBoost,0.05,3,1,0.01,0.5,400,1.8649009515756696,1.4127693278067377,1.912075931038963,1.4743420517234425
1148,85,500,3,MTransferTreeBoost,0.05,3,1,0.01,0.5,400,1.1998106882235726,0.9447668304134182,1.240170971695837,0.9793435576567305
1149,85,500,3,LSTransferTreeBoost,0.05,3,1,0.01,0.9,400,1.1810005095110903,0.9311221444447011,1.2113297449694156,0.982375163389701
1150,85,500,3,LADTransferTreeBoost,0.05,3,1,0.01,0.9,400,1.5724600242126003,1.1885867473341654,1.557829679936915,1.2065550421157936
1151,85,500,3,MTransferTreeBoost,0.05,3,1,0.01,0.9,400,1.1169124101761867,0.8892701698985934,1.1454073807360667,0.9189024706325624
1152,85,500,3,LSTransferTreeBoost,0.05,3,1,0.05,0.1,400,1.4283072192801847,1.1671899825980576,1.4444484323376134,1.1955099621139955
1153,85,500,3,LADTransferTreeBoost,0.05,3,1,0.05,0.1,400,3.4873402950447008,2.8309971227535327,3.4080090473742723,2.8136213775494547
1154,85,500,3,MTransferTreeBoost,0.05,3,1,0.05,0.1,400,1.1909585100778257,0.9482245233296155,1.2179483058512424,0.9658171737224934
1155,85,500,3,LSTransferTreeBoost,0.05,3,1,0.05,0.5,400,1.2994678875403642,1.0373521828898533,1.3386453381112913,1.0878764230563571
1156,85,500,3,LADTransferTreeBoost,0.05,3,1,0.05,0.5,400,1.4832985238431027,1.1433346964766566,1.5036971142492368,1.1798004400455075
1157,85,500,3,MTransferTreeBoost,0.05,3,1,0.05,0.5,400,1.21097378396202,0.9504240029055354,1.2426630793223123,0.9722287034936368
1158,85,500,3,LSTransferTreeBoost,0.05,3,1,0.05,0.9,400,1.2205330914851253,0.9726026365311501,1.2713179270491777,1.0272184004851215
1159,85,500,3,LADTransferTreeBoost,0.05,3,1,0.05,0.9,400,1.9518411044860429,1.494929689861107,1.9695869043689196,1.5377716035514386
1160,85,500,3,MTransferTreeBoost,0.05,3,1,0.05,0.9,400,1.2120391922978024,0.9501472613564081,1.2501745583557642,0.976451876086963
1161,85,500,3,LSTransferTreeBoost,0.05,3,2,0.0,0.1,400,1.2409066510205788,0.9360997114721096,1.3533973908517223,1.0044158573533102
1162,85,500,3,LADTransferTreeBoost,0.05,3,2,0.0,0.1,400,1.2875377908997816,1.0116806474227096,1.308932455534039,1.0359885980263464
1163,85,500,3,MTransferTreeBoost,0.05,3,2,0.0,0.1,400,1.0428716315652424,0.8150297624334789,1.0829559267844255,0.8500009900202038
1164,85,500,3,LSTransferTreeBoost,0.05,3,2,0.0,0.5,400,1.231105845951546,0.9324151651264181,1.2768288327397705,0.9724259456239267
1165,85,500,3,LADTransferTreeBoost,0.05,3,2,0.0,0.5,400,1.2082564006849466,0.9382874021884042,1.264673589257932,1.0108536495326679
1166,85,500,3,MTransferTreeBoost,0.05,3,2,0.0,0.5,400,1.0664747026721937,0.8275211731918134,1.1390120284591885,0.8723629842861063
1167,85,500,3,LSTransferTreeBoost,0.05,3,2,0.0,0.9,400,2.5484554691336707,1.9989348264113265,2.5743950065422934,2.02649805498248
1168,85,500,3,LADTransferTreeBoost,0.05,3,2,0.0,0.9,400,1.7246524090559663,1.3543670886555133,1.7335317632762826,1.3790824199262206
1169,85,500,3,MTransferTreeBoost,0.05,3,2,0.0,0.9,400,1.787489163128421,1.4430220285966042,1.8137218748953519,1.4623792415849384
1170,85,500,3,LSTransferTreeBoost,0.05,3,2,0.01,0.1,400,1.2362721480552377,0.9415952791729064,1.3274074863824057,1.0055540078653544
1171,85,500,3,LADTransferTreeBoost,0.05,3,2,0.01,0.1,400,1.226050551125819,0.9652458364010579,1.246672508327971,0.9853287123465951
1172,85,500,3,MTransferTreeBoost,0.05,3,2,0.01,0.1,400,1.1292481394353144,0.8818179661310317,1.1402068317704601,0.8974480690005655
1173,85,500,3,LSTransferTreeBoost,0.05,3,2,0.01,0.5,400,1.2056081506603524,0.8974888197539043,1.3057304806238534,0.9613107575657592
1174,85,500,3,LADTransferTreeBoost,0.05,3,2,0.01,0.5,400,1.4377027179393718,1.1059042310800165,1.4707301242774025,1.1358136652428206
1175,85,500,3,MTransferTreeBoost,0.05,3,2,0.01,0.5,400,1.0844659606397429,0.8468281808214786,1.1332669183332527,0.8712808683992628
1176,85,500,3,LSTransferTreeBoost,0.05,3,2,0.01,0.9,400,1.2884881716519268,0.9664104089645482,1.345157239444352,1.0214002972859288
1177,85,500,3,LADTransferTreeBoost,0.05,3,2,0.01,0.9,400,1.5057412067082305,1.1418342488543223,1.5096263704016162,1.1579722154583696
1178,85,500,3,MTransferTreeBoost,0.05,3,2,0.01,0.9,400,1.081826759906663,0.8372633417059961,1.133260802579557,0.8670282575949197
1179,85,500,3,LSTransferTreeBoost,0.05,3,2,0.05,0.1,400,1.185225422288352,0.8893289494619095,1.3087856742593498,0.9612254617222602
1180,85,500,3,LADTransferTreeBoost,0.05,3,2,0.05,0.1,400,1.1617715407454374,0.9226892831117443,1.1970658919851567,0.9563783695450582
1181,85,500,3,MTransferTreeBoost,0.05,3,2,0.05,0.1,400,1.2228412310960626,0.956092113906747,1.2491581416251663,0.9794731539093174
1182,85,500,3,LSTransferTreeBoost,0.05,3,2,0.05,0.5,400,1.2175207802585555,0.9195044848320478,1.3368504956344358,0.9909349455934803
1183,85,500,3,LADTransferTreeBoost,0.05,3,2,0.05,0.5,400,1.3059771561011893,1.0154457342970138,1.3420443908211437,1.0516771590695635
1184,85,500,3,MTransferTreeBoost,0.05,3,2,0.05,0.5,400,1.0702917087191155,0.8345228316366867,1.096596281375358,0.862689829682519
1185,85,500,3,LSTransferTreeBoost,0.05,3,2,0.05,0.9,400,1.5438079251663763,1.1927935702744794,1.6398694855652294,1.270221207777003
1186,85,500,3,LADTransferTreeBoost,0.05,3,2,0.05,0.9,400,1.2960439948992064,1.005864672418414,1.3297094031543797,1.034005061345688
1187,85,500,3,MTransferTreeBoost,0.05,3,2,0.05,0.9,400,1.090894528109896,0.8526856039082193,1.1322769423672931,0.8772799765943671
1188,85,500,3,LSTransferTreeBoost,0.05,3,3,0.0,0.1,400,1.291819150499354,0.9524106180610608,1.3785524484857343,1.0264160540847729
1189,85,500,3,LADTransferTreeBoost,0.05,3,3,0.0,0.1,400,1.1841908210181211,0.9194125209585327,1.2154188280331875,0.9694524951965207
1190,85,500,3,MTransferTreeBoost,0.05,3,3,0.0,0.1,400,1.1411769739695108,0.8890377978273527,1.1650720547481184,0.9148119028747931
1191,85,500,3,LSTransferTreeBoost,0.05,3,3,0.0,0.5,400,1.3311168025758184,0.991353996949155,1.3495142919791387,1.009381407042835
1192,85,500,3,LADTransferTreeBoost,0.05,3,3,0.0,0.5,400,1.1716357814079383,0.905083194148845,1.230783824169487,0.9761974966647945
1193,85,500,3,MTransferTreeBoost,0.05,3,3,0.0,0.5,400,1.1090272048803347,0.8552042177784235,1.127428975451196,0.8761207542667685
1194,85,500,3,LSTransferTreeBoost,0.05,3,3,0.0,0.9,400,2.197463335516561,1.7895183592226573,2.2541638779322564,1.8393563098167691
1195,85,500,3,LADTransferTreeBoost,0.05,3,3,0.0,0.9,400,1.8039116837881823,1.380903370590032,1.7998055784589826,1.3923574416241393
1196,85,500,3,MTransferTreeBoost,0.05,3,3,0.0,0.9,400,1.6282744378775365,1.2907948223246772,1.6534774921264017,1.3126260113216655
1197,85,500,3,LSTransferTreeBoost,0.05,3,3,0.01,0.1,400,1.3077969163290564,0.9649852760460725,1.3962321332998746,1.0313171756037136
1198,85,500,3,LADTransferTreeBoost,0.05,3,3,0.01,0.1,400,1.1684276641951075,0.9083528601279274,1.1980230903152316,0.9575414395921616
1199,85,500,3,MTransferTreeBoost,0.05,3,3,0.01,0.1,400,1.15374846561429,0.8912210229907294,1.1938883808154583,0.9340896123888831
1200,85,500,3,LSTransferTreeBoost,0.05,3,3,0.01,0.5,400,1.2892991915317988,0.9777909345195253,1.3727559086018941,1.024156355063628
1201,85,500,3,LADTransferTreeBoost,0.05,3,3,0.01,0.5,400,1.2327734178744798,0.9391840238659821,1.2800658891561676,1.004171267942159
1202,85,500,3,MTransferTreeBoost,0.05,3,3,0.01,0.5,400,1.1093508384166395,0.8584432194848645,1.1308894787384087,0.8813133093426558
1203,85,500,3,LSTransferTreeBoost,0.05,3,3,0.01,0.9,400,1.34753970032914,1.0069505223409225,1.4006859486482017,1.0392628842694298
1204,85,500,3,LADTransferTreeBoost,0.05,3,3,0.01,0.9,400,1.2086132892813581,0.9163051215909613,1.2083092280868486,0.9283493892030763
1205,85,500,3,MTransferTreeBoost,0.05,3,3,0.01,0.9,400,1.1109958931583181,0.8486893516951949,1.1463490614738403,0.8834631835188916
1206,85,500,3,LSTransferTreeBoost,0.05,3,3,0.05,0.1,400,1.283887618105749,0.9521187483258111,1.3602434651296238,1.0163249096940135
1207,85,500,3,LADTransferTreeBoost,0.05,3,3,0.05,0.1,400,1.2614748867512244,0.9749202404769942,1.290435359332187,1.0271806481830177
1208,85,500,3,MTransferTreeBoost,0.05,3,3,0.05,0.1,400,1.151144786458027,0.9024104304454569,1.1897274988696207,0.9387415066911309
1209,85,500,3,LSTransferTreeBoost,0.05,3,3,0.05,0.5,400,1.3752092129056506,1.02829094952208,1.4283049047035485,1.0686108926411995
1210,85,500,3,LADTransferTreeBoost,0.05,3,3,0.05,0.5,400,1.1468244768089424,0.8943883780126698,1.1880181500557314,0.9579310063576125
1211,85,500,3,MTransferTreeBoost,0.05,3,3,0.05,0.5,400,1.1316079928472738,0.8842178121036336,1.1525196482454423,0.9069450788068015
1212,85,500,3,LSTransferTreeBoost,0.05,3,3,0.05,0.9,400,1.312530062943352,0.9814562702938491,1.3995616912486852,1.0249679707765404
1213,85,500,3,LADTransferTreeBoost,0.05,3,3,0.05,0.9,400,1.1661859790278042,0.897437371848567,1.1998755253173887,0.9429808756517171
1214,85,500,3,MTransferTreeBoost,0.05,3,3,0.05,0.9,400,1.1477272799985396,0.8867171080237509,1.150398205646191,0.8979651566625148
1215,85,500,3,LSTransferTreeBoost,0.1,1,1,0.0,0.1,400,1.18450044068709,0.9317650385548473,1.2392380582094649,0.9763168438625038
1216,85,500,3,LADTransferTreeBoost,0.1,1,1,0.0,0.1,400,1.317554939258051,1.0661402567912854,1.3101763586662056,1.0636668287284206
1217,85,500,3,MTransferTreeBoost,0.1,1,1,0.0,0.1,400,1.154839167499989,0.9151352345646171,1.16451479858516,0.9162062245202597
1218,85,500,3,LSTransferTreeBoost,0.1,1,1,0.0,0.5,400,1.2120669766793921,0.9588234415018314,1.2433457403739525,0.9864808574184593
1219,85,500,3,LADTransferTreeBoost,0.1,1,1,0.0,0.5,400,1.3226814747617506,1.0472973555257437,1.3187622341421,1.0556936215312844
1220,85,500,3,MTransferTreeBoost,0.1,1,1,0.0,0.5,400,1.1985814627964797,0.9579724702556007,1.1996842424754959,0.9535853166946981
1221,85,500,3,LSTransferTreeBoost,0.1,1,1,0.0,0.9,400,2.225929194412781,1.7815504097234511,2.2375770211820134,1.7968528815975042
1222,85,500,3,LADTransferTreeBoost,0.1,1,1,0.0,0.9,400,4.193269466706767,3.378436082919093,4.0860220532807965,3.314289986968685
1223,85,500,3,MTransferTreeBoost,0.1,1,1,0.0,0.9,400,2.2286486509303733,1.787483838072118,2.2339294103772365,1.7914641320731952
1224,85,500,3,LSTransferTreeBoost,0.1,1,1,0.01,0.1,400,1.2123990661513506,0.9528841264516289,1.2746283612302767,1.0061673003066538
1225,85,500,3,LADTransferTreeBoost,0.1,1,1,0.01,0.1,400,1.3825366700947845,1.0975501560988596,1.3723211126575392,1.1024445259126046
1226,85,500,3,MTransferTreeBoost,0.1,1,1,0.01,0.1,400,1.1439967614637263,0.9024019097209874,1.1649621147315412,0.9183967820622242
1227,85,500,3,LSTransferTreeBoost,0.1,1,1,0.01,0.5,400,1.1836354342792683,0.927424964220226,1.2296579173208537,0.9680831344974052
1228,85,500,3,LADTransferTreeBoost,0.1,1,1,0.01,0.5,400,1.4474149536182015,1.1759592326997148,1.4440762612853035,1.1870750765346487
1229,85,500,3,MTransferTreeBoost,0.1,1,1,0.01,0.5,400,1.1922910485092195,0.9503349660584582,1.1955925862417873,0.9449514865450981
1230,85,500,3,LSTransferTreeBoost,0.1,1,1,0.01,0.9,400,1.1877712625533383,0.9258110415334138,1.2297080451872182,0.961496880928702
1231,85,500,3,LADTransferTreeBoost,0.1,1,1,0.01,0.9,400,1.4260432520228121,1.1552394848387615,1.4057322439588897,1.1442055778317672
1232,85,500,3,MTransferTreeBoost,0.1,1,1,0.01,0.9,400,1.155117176601969,0.9137186885664023,1.1612454388969702,0.912893209392015
1233,85,500,3,LSTransferTreeBoost,0.1,1,1,0.05,0.1,400,1.189923400723396,0.9282685431892258,1.2606500744977718,0.9859988259609165
1234,85,500,3,LADTransferTreeBoost,0.1,1,1,0.05,0.1,400,1.2751162784087926,1.0098632595744839,1.2727083266209467,1.0192280865072973
1235,85,500,3,MTransferTreeBoost,0.1,1,1,0.05,0.1,400,1.1592164400708178,0.9252613146853089,1.1803931453938197,0.9366471298388896
1236,85,500,3,LSTransferTreeBoost,0.1,1,1,0.05,0.5,400,1.1592617081046683,0.913327498564773,1.2089854243269875,0.9604880863534995
1237,85,500,3,LADTransferTreeBoost,0.1,1,1,0.05,0.5,400,2.4384088091318454,1.9744881212997998,2.4104330397853233,2.0001777652099877
1238,85,500,3,MTransferTreeBoost,0.1,1,1,0.05,0.5,400,1.23322873733623,0.9955468740969062,1.2493985358896658,1.0015882921976798
1239,85,500,3,LSTransferTreeBoost,0.1,1,1,0.05,0.9,400,1.1431485139453028,0.9029212516860047,1.1935375712236893,0.9481042307842658
1240,85,500,3,LADTransferTreeBoost,0.1,1,1,0.05,0.9,400,2.6081987657836163,2.1168836740430317,2.5582300058525607,2.1283010116660113
1241,85,500,3,MTransferTreeBoost,0.1,1,1,0.05,0.9,400,1.1456167063961533,0.9171393778276854,1.16086624464098,0.9184418358130282
1242,85,500,3,LSTransferTreeBoost,0.1,1,2,0.0,0.1,400,1.2686770953702662,0.9508435902256231,1.38628486027147,1.0273274730610238
1243,85,500,3,LADTransferTreeBoost,0.1,1,2,0.0,0.1,400,1.1404940113927917,0.8933104936437997,1.1617811018451234,0.9376146011728871
1244,85,500,3,MTransferTreeBoost,0.1,1,2,0.0,0.1,400,1.067122009354435,0.8359237130548968,1.0759987582777923,0.8465128462351074
1245,85,500,3,LSTransferTreeBoost,0.1,1,2,0.0,0.5,400,1.2462846067510973,0.9450788911474629,1.3150726823134686,0.9836728660487224
1246,85,500,3,LADTransferTreeBoost,0.1,1,2,0.0,0.5,400,1.2044856367706447,0.9520618800585001,1.2098324675248888,0.9561928864292345
1247,85,500,3,MTransferTreeBoost,0.1,1,2,0.0,0.5,400,1.1337833751576247,0.8822305158905346,1.167674614355021,0.8944909098767541
1248,85,500,3,LSTransferTreeBoost,0.1,1,2,0.0,0.9,400,2.37441376990883,1.9469412577229614,2.366883867495617,1.9459658315668387
1249,85,500,3,LADTransferTreeBoost,0.1,1,2,0.0,0.9,400,2.382811928477125,1.9302584568328842,2.3259337460761453,1.9030938765061547
1250,85,500,3,MTransferTreeBoost,0.1,1,2,0.0,0.9,400,1.6083317277559104,1.263274878656337,1.6335579323918084,1.2729159167840423
1251,85,500,3,LSTransferTreeBoost,0.1,1,2,0.01,0.1,400,1.5001712316237423,1.1466190975190251,1.6005475246303404,1.2190557238634272
1252,85,500,3,LADTransferTreeBoost,0.1,1,2,0.01,0.1,400,1.1869214435419475,0.9374217452576576,1.231109993462551,1.0019761895428696
1253,85,500,3,MTransferTreeBoost,0.1,1,2,0.01,0.1,400,1.086947717600395,0.8506448918718416,1.1072289887869244,0.874766080365504
1254,85,500,3,LSTransferTreeBoost,0.1,1,2,0.01,0.5,400,1.2304841516915481,0.9077807708560801,1.3180219756413438,0.959905572017256
1255,85,500,3,LADTransferTreeBoost,0.1,1,2,0.01,0.5,400,1.116023423064521,0.8690557542419076,1.146103389913558,0.9073392537143661
1256,85,500,3,MTransferTreeBoost,0.1,1,2,0.01,0.5,400,1.1008476072853601,0.8611366308039624,1.1306026424738949,0.8823430667025634
1257,85,500,3,LSTransferTreeBoost,0.1,1,2,0.01,0.9,400,1.236756676755099,0.9301565185283767,1.3104873424944625,0.9646091637162187
1258,85,500,3,LADTransferTreeBoost,0.1,1,2,0.01,0.9,400,1.1549123158361219,0.9072866315685797,1.1630246305407763,0.9200708318903205
1259,85,500,3,MTransferTreeBoost,0.1,1,2,0.01,0.9,400,1.1695732245021377,0.9043117615898618,1.2008233601396383,0.9111205781930762
1260,85,500,3,LSTransferTreeBoost,0.1,1,2,0.05,0.1,400,1.696325060941519,1.3169878334136325,1.7844762225340658,1.3838571659486238
1261,85,500,3,LADTransferTreeBoost,0.1,1,2,0.05,0.1,400,1.126285574354705,0.887310365450347,1.1476895732262604,0.9279513964836217
1262,85,500,3,MTransferTreeBoost,0.1,1,2,0.05,0.1,400,1.0500929205459508,0.8213303246445556,1.0593214976215235,0.8313693723605218
1263,85,500,3,LSTransferTreeBoost,0.1,1,2,0.05,0.5,400,1.346349734480922,1.0209951424265378,1.4271247610391091,1.0740104223121243
1264,85,500,3,LADTransferTreeBoost,0.1,1,2,0.05,0.5,400,1.0716637996882619,0.8441064914750667,1.100573923071202,0.8849055556524058
1265,85,500,3,MTransferTreeBoost,0.1,1,2,0.05,0.5,400,1.0938484543145166,0.8528082561152378,1.1130675415992857,0.8618307035908102
1266,85,500,3,LSTransferTreeBoost,0.1,1,2,0.05,0.9,400,1.6681333835165983,1.28353766973462,1.7206556604829684,1.3199532470507136
1267,85,500,3,LADTransferTreeBoost,0.1,1,2,0.05,0.9,400,1.049153620298626,0.8252220253424271,1.0903443685146148,0.8586324547618837
1268,85,500,3,MTransferTreeBoost,0.1,1,2,0.05,0.9,400,1.114608803743978,0.879486150846796,1.1398185700194547,0.8838229659057085
1269,85,500,3,LSTransferTreeBoost,0.1,1,3,0.0,0.1,400,1.3297602805870956,0.9775997920709883,1.4213639940314446,1.021881795076883
1270,85,500,3,LADTransferTreeBoost,0.1,1,3,0.0,0.1,400,1.1777794344672556,0.9139503635343383,1.1882705238306588,0.9537476361280367
1271,85,500,3,MTransferTreeBoost,0.1,1,3,0.0,0.1,400,1.1780301145864065,0.907119534173407,1.1807951433325932,0.907907157796486
1272,85,500,3,LSTransferTreeBoost,0.1,1,3,0.0,0.5,400,1.3326394675082682,0.9806933152388222,1.3465389424144794,0.9931175468248148
1273,85,500,3,LADTransferTreeBoost,0.1,1,3,0.0,0.5,400,1.1692187089876118,0.9158601166133433,1.1802508705314805,0.9381806114945928
1274,85,500,3,MTransferTreeBoost,0.1,1,3,0.0,0.5,400,1.1573037241783262,0.8939197859067857,1.1772812101002914,0.9056297572573441
1275,85,500,3,LSTransferTreeBoost,0.1,1,3,0.0,0.9,400,1.5860372474851758,1.1953281706952164,1.6175197688608158,1.2118224302879192
1276,85,500,3,LADTransferTreeBoost,0.1,1,3,0.0,0.9,400,2.8314094634805147,2.2217335464415893,2.7857222917551243,2.201198329954106
1277,85,500,3,MTransferTreeBoost,0.1,1,3,0.0,0.9,400,1.3945770964857047,1.0712278398969979,1.3656285368342933,1.055248221699849
1278,85,500,3,LSTransferTreeBoost,0.1,1,3,0.01,0.1,400,1.287006191811683,0.9499034914232182,1.4026822077919467,1.0232157083037694
1279,85,500,3,LADTransferTreeBoost,0.1,1,3,0.01,0.1,400,1.253530148776966,0.9500422466934222,1.2889705622440109,1.0029578378587218
1280,85,500,3,MTransferTreeBoost,0.1,1,3,0.01,0.1,400,1.1667804068547052,0.9024924772908364,1.1955231337766876,0.9295502802190363
1281,85,500,3,LSTransferTreeBoost,0.1,1,3,0.01,0.5,400,1.3495949446885949,1.0092484152855754,1.4025843353734588,1.0552111219098987
1282,85,500,3,LADTransferTreeBoost,0.1,1,3,0.01,0.5,400,1.3108178098034122,1.0004460385027718,1.3089808544857886,1.0147352625369037
1283,85,500,3,MTransferTreeBoost,0.1,1,3,0.01,0.5,400,1.153172495022429,0.8891269963704542,1.1709660752520756,0.9025848030488567
1284,85,500,3,LSTransferTreeBoost,0.1,1,3,0.01,0.9,400,1.384059508889287,1.0415395383927455,1.4049684441099795,1.061288989204509
1285,85,500,3,LADTransferTreeBoost,0.1,1,3,0.01,0.9,400,1.099304843387403,0.8369551405558532,1.13040801968939,0.874343962967371
1286,85,500,3,MTransferTreeBoost,0.1,1,3,0.01,0.9,400,1.176922379832351,0.9113856614980538,1.1677167164844438,0.9016398587956651
1287,85,500,3,LSTransferTreeBoost,0.1,1,3,0.05,0.1,400,1.5731334906620156,1.1894641470860767,1.6400919869431565,1.2326945432587777
1288,85,500,3,LADTransferTreeBoost,0.1,1,3,0.05,0.1,400,1.169466184586715,0.9086961250243851,1.192624793089126,0.958246282223039
1289,85,500,3,MTransferTreeBoost,0.1,1,3,0.05,0.1,400,1.2043705986460997,0.9302115966392246,1.21252232049546,0.9402027280847198
1290,85,500,3,LSTransferTreeBoost,0.1,1,3,0.05,0.5,400,1.418265887390593,1.0527404356311778,1.4955790526493589,1.1011906354676306
1291,85,500,3,LADTransferTreeBoost,0.1,1,3,0.05,0.5,400,1.2604985452960311,1.0017635673497198,1.2748164175768624,1.0370176001203881
1292,85,500,3,MTransferTreeBoost,0.1,1,3,0.05,0.5,400,1.1330269395231611,0.8801557452290413,1.1457448820176983,0.8832766796481554
1293,85,500,3,LSTransferTreeBoost,0.1,1,3,0.05,0.9,400,1.2873557325884721,0.9551480945754649,1.3541136909026528,0.9972976961350755
1294,85,500,3,LADTransferTreeBoost,0.1,1,3,0.05,0.9,400,1.1908939301258028,0.9396819360638051,1.1872393795299538,0.9389301034273461
1295,85,500,3,MTransferTreeBoost,0.1,1,3,0.05,0.9,400,1.151570522399284,0.8920441336652596,1.1552750162502121,0.90030910681656
1296,85,500,3,LSTransferTreeBoost,0.1,2,1,0.0,0.1,400,1.1480752993259546,0.9014890006517046,1.2045962492005635,0.9503626435206523
1297,85,500,3,LADTransferTreeBoost,0.1,2,1,0.0,0.1,400,1.277009465227205,1.021641869649412,1.2848534952900157,1.043880933512779
1298,85,500,3,MTransferTreeBoost,0.1,2,1,0.0,0.1,400,1.1122587023502286,0.890919351479616,1.1343165674515305,0.9026950529952039
1299,85,500,3,LSTransferTreeBoost,0.1,2,1,0.0,0.5,400,1.1953909371689513,0.931741422066747,1.2365870452189724,0.9872616446862434
1300,85,500,3,LADTransferTreeBoost,0.1,2,1,0.0,0.5,400,1.3454997063998684,1.048772117926184,1.3627087303900054,1.0789521372342177
1301,85,500,3,MTransferTreeBoost,0.1,2,1,0.0,0.5,400,1.11869218539277,0.8866234730968173,1.1351139621343331,0.8979950300726395
1302,85,500,3,LSTransferTreeBoost,0.1,2,1,0.0,0.9,400,2.3490529004741587,1.902056325953557,2.3973878140459473,1.952647068965665
1303,85,500,3,LADTransferTreeBoost,0.1,2,1,0.0,0.9,400,2.544401064719376,2.0577987240519664,2.4890582981203524,2.044899196776059
1304,85,500,3,MTransferTreeBoost,0.1,2,1,0.0,0.9,400,2.4551278326591386,1.977485725980845,2.5049235880839014,2.011476404737476
1305,85,500,3,LSTransferTreeBoost,0.1,2,1,0.01,0.1,400,1.121805789573415,0.8842037100104869,1.1801444413470832,0.9355948362662746
1306,85,500,3,LADTransferTreeBoost,0.1,2,1,0.01,0.1,400,1.9847021923143044,1.5421031546032218,2.0031979200894616,1.5759218471847873
1307,85,500,3,MTransferTreeBoost,0.1,2,1,0.01,0.1,400,1.1373888977809328,0.9139665621655402,1.1578300694606087,0.9232976746532129
1308,85,500,3,LSTransferTreeBoost,0.1,2,1,0.01,0.5,400,1.176178879302256,0.9253230179383469,1.2170422687427767,0.9732816487501786
1309,85,500,3,LADTransferTreeBoost,0.1,2,1,0.01,0.5,400,1.3603361761171093,1.0538643026985557,1.3797200971998798,1.0926431667130718
1310,85,500,3,MTransferTreeBoost,0.1,2,1,0.01,0.5,400,1.1063247702327879,0.8776633847993287,1.1329493629881082,0.8974431435498103
1311,85,500,3,LSTransferTreeBoost,0.1,2,1,0.01,0.9,400,1.1678076738076508,0.9180287262466698,1.2288998013967747,0.9777668000318313
1312,85,500,3,LADTransferTreeBoost,0.1,2,1,0.01,0.9,400,1.4826971786565328,1.1416990837495624,1.4808047127416524,1.1529744904517434
1313,85,500,3,MTransferTreeBoost,0.1,2,1,0.01,0.9,400,1.1104664118154808,0.8780234408134913,1.1257545641466196,0.8925225386755664
1314,85,500,3,LSTransferTreeBoost,0.1,2,1,0.05,0.1,400,1.1499356170981363,0.9194098393837492,1.1933641978540208,0.958984882968019
1315,85,500,3,LADTransferTreeBoost,0.1,2,1,0.05,0.1,400,1.8898967971444323,1.4778570389139845,1.9009146371464685,1.5025328401165312
1316,85,500,3,MTransferTreeBoost,0.1,2,1,0.05,0.1,400,1.1415460364117045,0.9192248829032759,1.1666387235080944,0.9355809051642641
1317,85,500,3,LSTransferTreeBoost,0.1,2,1,0.05,0.5,400,1.1521551619595511,0.909032706931991,1.2089758248560374,0.9663476876621404
1318,85,500,3,LADTransferTreeBoost,0.1,2,1,0.05,0.5,400,1.8951563501710218,1.440423981567251,1.9320202750691424,1.4931811478291503
1319,85,500,3,MTransferTreeBoost,0.1,2,1,0.05,0.5,400,1.1423952228069862,0.9185936390031136,1.1680700100771908,0.9340589872485492
1320,85,500,3,LSTransferTreeBoost,0.1,2,1,0.05,0.9,400,1.1356472867263099,0.8995270325842732,1.1974041119334378,0.9635230460279957
1321,85,500,3,LADTransferTreeBoost,0.1,2,1,0.05,0.9,400,1.3272317099532882,1.042430106707733,1.3199564374107882,1.0426967050977805
1322,85,500,3,MTransferTreeBoost,0.1,2,1,0.05,0.9,400,1.137789012269242,0.9161339238144137,1.1708973180679885,0.9382814351122429
1323,85,500,3,LSTransferTreeBoost,0.1,2,2,0.0,0.1,400,1.1940755917340058,0.894830744233521,1.2865029882410288,0.9629846279418357
1324,85,500,3,LADTransferTreeBoost,0.1,2,2,0.0,0.1,400,1.156175537642621,0.8994490718133943,1.1652418855631104,0.9172571632606398
1325,85,500,3,MTransferTreeBoost,0.1,2,2,0.0,0.1,400,1.0777957376136682,0.8408008465426149,1.1224299893658984,0.8738117438242089
1326,85,500,3,LSTransferTreeBoost,0.1,2,2,0.0,0.5,400,1.2728151834537935,0.9584807060754623,1.3078784474062781,0.9832356734776774
1327,85,500,3,LADTransferTreeBoost,0.1,2,2,0.0,0.5,400,1.0635275576982335,0.8283676253901423,1.1140162537063973,0.8915422108900626
1328,85,500,3,MTransferTreeBoost,0.1,2,2,0.0,0.5,400,1.1037982523701935,0.851144399454184,1.1618191531539561,0.8860748791710146
1329,85,500,3,LSTransferTreeBoost,0.1,2,2,0.0,0.9,400,2.369585975586267,1.9399937263056142,2.3970999496135987,1.9692703955911062
1330,85,500,3,LADTransferTreeBoost,0.1,2,2,0.0,0.9,400,2.8192736031973906,2.1872771929843955,2.7731302238821467,2.176779940857329
1331,85,500,3,MTransferTreeBoost,0.1,2,2,0.0,0.9,400,1.4197793982928615,1.1214929236622802,1.4763943454080297,1.1682501369669076
1332,85,500,3,LSTransferTreeBoost,0.1,2,2,0.01,0.1,400,1.1865937225639671,0.8914780480217184,1.286127299871319,0.9623628627959576
1333,85,500,3,LADTransferTreeBoost,0.1,2,2,0.01,0.1,400,1.2932629891707466,1.0047533063894307,1.2928416087520287,0.9923643551676126
1334,85,500,3,MTransferTreeBoost,0.1,2,2,0.01,0.1,400,1.0673611677076398,0.8441887687063763,1.1096870659305016,0.8740268464499465
1335,85,500,3,LSTransferTreeBoost,0.1,2,2,0.01,0.5,400,1.2359620234520747,0.9234017579690631,1.2929984086542199,0.9713346322326377
1336,85,500,3,LADTransferTreeBoost,0.1,2,2,0.01,0.5,400,1.3533929815528718,1.0323705764615891,1.379101716669934,1.06264701100297
1337,85,500,3,MTransferTreeBoost,0.1,2,2,0.01,0.5,400,1.1224460002869854,0.8680245211697616,1.1681332865678236,0.8961145192257477
1338,85,500,3,LSTransferTreeBoost,0.1,2,2,0.01,0.9,400,1.255811258614204,0.9537568086786483,1.2992745392664087,0.9850957095910494
1339,85,500,3,LADTransferTreeBoost,0.1,2,2,0.01,0.9,400,1.200160139456069,0.9222546436624998,1.1964082643798664,0.9245444402850695
1340,85,500,3,MTransferTreeBoost,0.1,2,2,0.01,0.9,400,1.1177358158766706,0.8623525368217052,1.1644736580354795,0.8980093698673578
1341,85,500,3,LSTransferTreeBoost,0.1,2,2,0.05,0.1,400,1.1931316532863774,0.8976682946575419,1.311254554467522,0.9588756919851212
1342,85,500,3,LADTransferTreeBoost,0.1,2,2,0.05,0.1,400,1.1724879295226476,0.9043956898202956,1.187301857962903,0.9231072725310592
1343,85,500,3,MTransferTreeBoost,0.1,2,2,0.05,0.1,400,1.0604278694346536,0.8324070375997766,1.0911162990357357,0.8737243743051686
1344,85,500,3,LSTransferTreeBoost,0.1,2,2,0.05,0.5,400,1.2153113088374006,0.9022616805694095,1.3283039424244827,0.9712725758430601
1345,85,500,3,LADTransferTreeBoost,0.1,2,2,0.05,0.5,400,1.4050802712226869,1.0688964333349735,1.4291506553619189,1.0854268093563828
1346,85,500,3,MTransferTreeBoost,0.1,2,2,0.05,0.5,400,1.0379877399637258,0.8130358317553033,1.075458376834035,0.8429290589090126
1347,85,500,3,LSTransferTreeBoost,0.1,2,2,0.05,0.9,400,1.2257129867275933,0.9053857832712359,1.3025753739625605,0.9619894595945785
1348,85,500,3,LADTransferTreeBoost,0.1,2,2,0.05,0.9,400,1.436117297264204,1.1011518622975585,1.4609277092748865,1.1184019505001555
1349,85,500,3,MTransferTreeBoost,0.1,2,2,0.05,0.9,400,1.028603602406793,0.7967171540591124,1.0777755522605683,0.833489947679939
1350,85,500,3,LSTransferTreeBoost,0.1,2,3,0.0,0.1,400,1.330295361656289,0.9875515843967776,1.3848182748368236,1.0271607578760495
1351,85,500,3,LADTransferTreeBoost,0.1,2,3,0.0,0.1,400,1.221287003107094,0.9535172545110397,1.2651247083847348,0.9922231998179846
1352,85,500,3,MTransferTreeBoost,0.1,2,3,0.0,0.1,400,1.1279901829066306,0.8752058893785419,1.1613364865468185,0.9063524665096727
1353,85,500,3,LSTransferTreeBoost,0.1,2,3,0.0,0.5,400,1.3265602880827037,0.9900007113128309,1.3649891907795937,1.0051714504333493
1354,85,500,3,LADTransferTreeBoost,0.1,2,3,0.0,0.5,400,1.1351864637699345,0.877796806409383,1.1944946294065213,0.9421788313520038
1355,85,500,3,MTransferTreeBoost,0.1,2,3,0.0,0.5,400,1.1526270659067839,0.8886028867453134,1.1555170376209891,0.8989840356681115
1356,85,500,3,LSTransferTreeBoost,0.1,2,3,0.0,0.9,400,2.152239690565089,1.7504749156824677,2.1937391719234522,1.7813099474212168
1357,85,500,3,LADTransferTreeBoost,0.1,2,3,0.0,0.9,400,2.43890061157308,1.982150398139255,2.416925534688624,1.9768084573804292
1358,85,500,3,MTransferTreeBoost,0.1,2,3,0.0,0.9,400,1.5122086079792814,1.198710238902929,1.5278706447574057,1.2206471226400353
1359,85,500,3,LSTransferTreeBoost,0.1,2,3,0.01,0.1,400,1.3301207575711917,0.9876653708803999,1.380348062670865,1.0381319065656884
1360,85,500,3,LADTransferTreeBoost,0.1,2,3,0.01,0.1,400,1.3153973983972524,0.9998278703312601,1.3145811167683206,1.0318147209197037
1361,85,500,3,MTransferTreeBoost,0.1,2,3,0.01,0.1,400,1.1702485787068218,0.9111767816450822,1.1668349045982285,0.9190249312274146
1362,85,500,3,LSTransferTreeBoost,0.1,2,3,0.01,0.5,400,1.2984883226895674,0.9620202560525618,1.3748534057860518,1.0123772268357527
1363,85,500,3,LADTransferTreeBoost,0.1,2,3,0.01,0.5,400,1.20331545534979,0.9431855940654034,1.2339482815742442,0.9920362569119696
1364,85,500,3,MTransferTreeBoost,0.1,2,3,0.01,0.5,400,1.1416806601182865,0.8736059425797311,1.1639998414676997,0.898320452213834
1365,85,500,3,LSTransferTreeBoost,0.1,2,3,0.01,0.9,400,1.3093835126322266,0.9771233102141851,1.348076593008614,1.0031252929228596
1366,85,500,3,LADTransferTreeBoost,0.1,2,3,0.01,0.9,400,1.1568906326827684,0.8774664498584936,1.2024784116038334,0.9241178627021004
1367,85,500,3,MTransferTreeBoost,0.1,2,3,0.01,0.9,400,1.1219755243153096,0.8552517315871141,1.1395820570649937,0.8754827832012874
1368,85,500,3,LSTransferTreeBoost,0.1,2,3,0.05,0.1,400,1.3650918846055606,1.0213080635010525,1.4055632464254433,1.0364591897581974
1369,85,500,3,LADTransferTreeBoost,0.1,2,3,0.05,0.1,400,1.4712845381722819,1.1260516927739632,1.4994282778435406,1.1510720726595123
1370,85,500,3,MTransferTreeBoost,0.1,2,3,0.05,0.1,400,1.188122380094397,0.9232660960861485,1.187443496892495,0.9234524229474016
1371,85,500,3,LSTransferTreeBoost,0.1,2,3,0.05,0.5,400,1.2928394614203675,0.9775851869082696,1.355966987267065,1.018050937446465
1372,85,500,3,LADTransferTreeBoost,0.1,2,3,0.05,0.5,400,1.211119218145572,0.9471626295767684,1.2595701179334058,1.0194531644350115
1373,85,500,3,MTransferTreeBoost,0.1,2,3,0.05,0.5,400,1.1514671694540537,0.8913874845020505,1.1677834078990983,0.9090865002349899
1374,85,500,3,LSTransferTreeBoost,0.1,2,3,0.05,0.9,400,1.3070985317111057,0.9695571199912328,1.3849505391666372,1.0166686559669744
1375,85,500,3,LADTransferTreeBoost,0.1,2,3,0.05,0.9,400,1.4160477976705375,1.0761441047588656,1.432824081920348,1.100979067277593
1376,85,500,3,MTransferTreeBoost,0.1,2,3,0.05,0.9,400,1.1528074246368964,0.8965164158605123,1.1679695131912133,0.8934378426354753
1377,85,500,3,LSTransferTreeBoost,0.1,3,1,0.0,0.1,400,1.1423827939054196,0.9041618757023268,1.1950279778272637,0.958709091641349
1378,85,500,3,LADTransferTreeBoost,0.1,3,1,0.0,0.1,400,1.5090895298037763,1.1570321693437022,1.5351351914508546,1.195445229696048
1379,85,500,3,MTransferTreeBoost,0.1,3,1,0.0,0.1,400,1.13387472667654,0.9110023743797229,1.1722608180247418,0.93429236447994
1380,85,500,3,LSTransferTreeBoost,0.1,3,1,0.0,0.5,400,1.1796114260246375,0.9220060888700441,1.2042760022877153,0.9614852437666265
1381,85,500,3,LADTransferTreeBoost,0.1,3,1,0.0,0.5,400,1.3470549918942034,1.0494026230639746,1.3533173424270482,1.0826021900443037
1382,85,500,3,MTransferTreeBoost,0.1,3,1,0.0,0.5,400,1.116235479942399,0.8856288887008675,1.1219249410522505,0.8997715186915056
1383,85,500,3,LSTransferTreeBoost,0.1,3,1,0.0,0.9,400,2.4900182716664525,1.998054071908628,2.5044725481913686,2.019330127725496
1384,85,500,3,LADTransferTreeBoost,0.1,3,1,0.0,0.9,400,2.7035433387314667,2.185627825576588,2.6512468356733225,2.187584169008012
1385,85,500,3,MTransferTreeBoost,0.1,3,1,0.0,0.9,400,1.9501273245864732,1.5595281547357949,1.9488123728007423,1.5757527403032814
1386,85,500,3,LSTransferTreeBoost,0.1,3,1,0.01,0.1,400,1.137115792443496,0.9078290064455774,1.1849406161702853,0.9543744985726786
1387,85,500,3,LADTransferTreeBoost,0.1,3,1,0.01,0.1,400,2.1737810229799637,1.654944518824842,2.2076232156236992,1.7071261569932368
1388,85,500,3,MTransferTreeBoost,0.1,3,1,0.01,0.1,400,1.1461170326516856,0.9138124957941952,1.173421398543048,0.92611714161173
1389,85,500,3,LSTransferTreeBoost,0.1,3,1,0.01,0.5,400,1.2135446760768744,0.947235516970727,1.244848958797211,0.9862393381570335
1390,85,500,3,LADTransferTreeBoost,0.1,3,1,0.01,0.5,400,1.3051914334542354,1.0136519166438185,1.3233602274047263,1.042453253737337
1391,85,500,3,MTransferTreeBoost,0.1,3,1,0.01,0.5,400,1.1009190673849194,0.8728391013873863,1.1289832537654507,0.8988869461122263
1392,85,500,3,LSTransferTreeBoost,0.1,3,1,0.01,0.9,400,1.195295799026394,0.9358227762923693,1.2278455676531363,0.9906074578369921
1393,85,500,3,LADTransferTreeBoost,0.1,3,1,0.01,0.9,400,1.3095452170735014,0.9976941728701897,1.3117257708995267,1.0114130959538432
1394,85,500,3,MTransferTreeBoost,0.1,3,1,0.01,0.9,400,1.1212570649061973,0.8907554916706958,1.138905727566116,0.9196827860238005
1395,85,500,3,LSTransferTreeBoost,0.1,3,1,0.05,0.1,400,1.1635157225899058,0.9244860598354436,1.2158363432531891,0.9743962802092325
1396,85,500,3,LADTransferTreeBoost,0.1,3,1,0.05,0.1,400,1.7260155545039295,1.3486604212641569,1.7449081684960162,1.3938549120640695
1397,85,500,3,MTransferTreeBoost,0.1,3,1,0.05,0.1,400,1.266847660988408,0.9942429937170839,1.3076391549862147,1.0273808530798747
1398,85,500,3,LSTransferTreeBoost,0.1,3,1,0.05,0.5,400,1.2208595468408823,0.9470549178126967,1.290713062712813,1.00603924285941
1399,85,500,3,LADTransferTreeBoost,0.1,3,1,0.05,0.5,400,1.345302033664611,1.0413259305308211,1.3568687974818578,1.0627048690646348
1400,85,500,3,MTransferTreeBoost,0.1,3,1,0.05,0.5,400,1.1212637595235602,0.8982474866087508,1.146434806360866,0.9110627474674557
1401,85,500,3,LSTransferTreeBoost,0.1,3,1,0.05,0.9,400,1.1975706804232469,0.9400428532683955,1.2596550611623984,0.9970576831063939
1402,85,500,3,LADTransferTreeBoost,0.1,3,1,0.05,0.9,400,1.7389577965778864,1.308803306955284,1.776059656710339,1.3611312156217152
1403,85,500,3,MTransferTreeBoost,0.1,3,1,0.05,0.9,400,1.1072002394916087,0.8881061617001251,1.1425649450776065,0.9122388449370107
1404,85,500,3,LSTransferTreeBoost,0.1,3,2,0.0,0.1,400,1.2104479200427132,0.8969486536755472,1.3180979885398327,0.9655405270112708
1405,85,500,3,LADTransferTreeBoost,0.1,3,2,0.0,0.1,400,1.145235968628802,0.8987230570834649,1.1797571045040367,0.9168925102737819
1406,85,500,3,MTransferTreeBoost,0.1,3,2,0.0,0.1,400,1.0687724710840816,0.8360409569757439,1.1221654876736091,0.8732694792431032
1407,85,500,3,LSTransferTreeBoost,0.1,3,2,0.0,0.5,400,1.2281867636383683,0.923492952917479,1.2756098530513755,0.9635386260377364
1408,85,500,3,LADTransferTreeBoost,0.1,3,2,0.0,0.5,400,1.1585756720499512,0.8990660734198748,1.2191162241839637,0.9684684575883915
1409,85,500,3,MTransferTreeBoost,0.1,3,2,0.0,0.5,400,1.1138490851499394,0.8567223465365489,1.1618013736453696,0.8904321824707101
1410,85,500,3,LSTransferTreeBoost,0.1,3,2,0.0,0.9,400,2.3052303768442637,1.8700530926536536,2.330356628069449,1.9020461595985412
1411,85,500,3,LADTransferTreeBoost,0.1,3,2,0.0,0.9,400,1.9592001974642075,1.5328852376395683,1.9507551823437317,1.5652833343435775
1412,85,500,3,MTransferTreeBoost,0.1,3,2,0.0,0.9,400,1.365703948051708,1.0830210989738949,1.411173803253837,1.1082811764537521
1413,85,500,3,LSTransferTreeBoost,0.1,3,2,0.01,0.1,400,1.2436373279115693,0.9266117899752114,1.3630924631155852,0.992848583407783
1414,85,500,3,LADTransferTreeBoost,0.1,3,2,0.01,0.1,400,1.2097859328886558,0.9531672981131788,1.2329076761843418,0.9692455457811542
1415,85,500,3,MTransferTreeBoost,0.1,3,2,0.01,0.1,400,1.069361495997261,0.8424604785186773,1.1009243483330604,0.8771696594911221
1416,85,500,3,LSTransferTreeBoost,0.1,3,2,0.01,0.5,400,1.2972193220451347,0.9798045145315779,1.385787240680891,1.0440683505655715
1417,85,500,3,LADTransferTreeBoost,0.1,3,2,0.01,0.5,400,1.2013206051290288,0.9185657917780927,1.2505895221626613,0.972429052217173
1418,85,500,3,MTransferTreeBoost,0.1,3,2,0.01,0.5,400,1.088035635333099,0.844580208615095,1.1346876132772257,0.8608764554386414
1419,85,500,3,LSTransferTreeBoost,0.1,3,2,0.01,0.9,400,1.2759510391749558,0.9573795382106658,1.3314365681810238,0.9970031924306055
1420,85,500,3,LADTransferTreeBoost,0.1,3,2,0.01,0.9,400,1.3753140347355133,1.0515650395436364,1.3514966055396513,1.0367704482606233
1421,85,500,3,MTransferTreeBoost,0.1,3,2,0.01,0.9,400,1.0704428620157695,0.8306069515119755,1.122417497066323,0.8660242598940104
1422,85,500,3,LSTransferTreeBoost,0.1,3,2,0.05,0.1,400,1.2332735987478887,0.9341398895891314,1.3263048002248918,0.9940533227064533
1423,85,500,3,LADTransferTreeBoost,0.1,3,2,0.05,0.1,400,1.1666595899551295,0.9064723619883643,1.1843110910441856,0.9345836453217002
1424,85,500,3,MTransferTreeBoost,0.1,3,2,0.05,0.1,400,1.0559144416531276,0.8301035143962386,1.0899755664859887,0.8590625904303129
1425,85,500,3,LSTransferTreeBoost,0.1,3,2,0.05,0.5,400,1.238804868625765,0.9504436607927671,1.3111372979015565,0.9998143087879933
1426,85,500,3,LADTransferTreeBoost,0.1,3,2,0.05,0.5,400,1.4308170288124553,1.0872901243875959,1.4711772245969177,1.1243073336489917
1427,85,500,3,MTransferTreeBoost,0.1,3,2,0.05,0.5,400,1.0704102583867001,0.8320849729713775,1.1115931528105751,0.8514771804829183
1428,85,500,3,LSTransferTreeBoost,0.1,3,2,0.05,0.9,400,1.2520766794924942,0.9355219977274791,1.3333866960256073,0.9834530902832508
1429,85,500,3,LADTransferTreeBoost,0.1,3,2,0.05,0.9,400,1.4051037423041153,1.0710066386346535,1.4075913637295467,1.071922881338515
1430,85,500,3,MTransferTreeBoost,0.1,3,2,0.05,0.9,400,1.0820901470937812,0.8470601166028755,1.123557509590693,0.8726694395881465
1431,85,500,3,LSTransferTreeBoost,0.1,3,3,0.0,0.1,400,1.352225362857492,0.9966281491131531,1.3635479376858723,1.0135278820439888
1432,85,500,3,LADTransferTreeBoost,0.1,3,3,0.0,0.1,400,1.1691673829799798,0.9146906098156186,1.2070437085634231,0.9593267909387241
1433,85,500,3,MTransferTreeBoost,0.1,3,3,0.0,0.1,400,1.1350101562132868,0.8891590541423368,1.1679276359740325,0.9104484731699962
1434,85,500,3,LSTransferTreeBoost,0.1,3,3,0.0,0.5,400,1.33349823122939,0.9968216358407931,1.3479983338850716,1.0003348223655684
1435,85,500,3,LADTransferTreeBoost,0.1,3,3,0.0,0.5,400,1.1595666129307902,0.8892566929197833,1.2292246438663208,0.9744395376049011
1436,85,500,3,MTransferTreeBoost,0.1,3,3,0.0,0.5,400,1.081650687962686,0.8240312487203865,1.107370194657094,0.8582766964802154
1437,85,500,3,LSTransferTreeBoost,0.1,3,3,0.0,0.9,400,2.253087898166641,1.844121996775876,2.312710529581068,1.9007025069478727
1438,85,500,3,LADTransferTreeBoost,0.1,3,3,0.0,0.9,400,2.019095802374369,1.6123232274630486,2.062291231548824,1.663475171945821
1439,85,500,3,MTransferTreeBoost,0.1,3,3,0.0,0.9,400,1.1801985605017085,0.9173896397042111,1.2003032162954124,0.9484152578092457
1440,85,500,3,LSTransferTreeBoost,0.1,3,3,0.01,0.1,400,1.3516473560719364,0.9807080890248101,1.398565076636066,1.0299785448132281
1441,85,500,3,LADTransferTreeBoost,0.1,3,3,0.01,0.1,400,1.1540880625654097,0.9062058701589549,1.1702304182290049,0.9472160538894875
1442,85,500,3,MTransferTreeBoost,0.1,3,3,0.01,0.1,400,1.1721855136967638,0.918542132635436,1.2024484366597368,0.9270420379407626
1443,85,500,3,LSTransferTreeBoost,0.1,3,3,0.01,0.5,400,1.3265338546262324,0.9791788335907756,1.3715300573528357,1.0027991166366985
1444,85,500,3,LADTransferTreeBoost,0.1,3,3,0.01,0.5,400,1.1699210701182494,0.8794796070380635,1.2164842370490572,0.9527973687055502
1445,85,500,3,MTransferTreeBoost,0.1,3,3,0.01,0.5,400,1.1221484532554056,0.8672627548146997,1.1285500666677373,0.8805336440070954
1446,85,500,3,LSTransferTreeBoost,0.1,3,3,0.01,0.9,400,1.309754892932974,1.0024289659576333,1.3339320929249807,1.0038795367058215
1447,85,500,3,LADTransferTreeBoost,0.1,3,3,0.01,0.9,400,1.1818665661821741,0.911334575709557,1.2128581822900941,0.9280548018505584
1448,85,500,3,MTransferTreeBoost,0.1,3,3,0.01,0.9,400,1.080351272088328,0.8221684920836967,1.1007741055118765,0.8516060957880041
1449,85,500,3,LSTransferTreeBoost,0.1,3,3,0.05,0.1,400,1.3617145665853083,0.9861209687431712,1.4056590633493178,1.0277302445817398
1450,85,500,3,LADTransferTreeBoost,0.1,3,3,0.05,0.1,400,1.1942132176440536,0.9265901196347963,1.223017151575409,0.9714398951441586
1451,85,500,3,MTransferTreeBoost,0.1,3,3,0.05,0.1,400,1.1697331040515306,0.903728233178197,1.2069519157953703,0.9465324350917088
1452,85,500,3,LSTransferTreeBoost,0.1,3,3,0.05,0.5,400,1.268671979945861,0.9626103623347038,1.3362301554598983,1.0026531880758052
1453,85,500,3,LADTransferTreeBoost,0.1,3,3,0.05,0.5,400,1.1737320920752206,0.9019847333754346,1.2129483603309565,0.9663108569836265
1454,85,500,3,MTransferTreeBoost,0.1,3,3,0.05,0.5,400,1.1455089307534576,0.8932024945877025,1.150979969538961,0.9038280451545578
1455,85,500,3,LSTransferTreeBoost,0.1,3,3,0.05,0.9,400,1.2671508356079146,0.9653831733227541,1.3737078213313099,1.0333553812278742
1456,85,500,3,LADTransferTreeBoost,0.1,3,3,0.05,0.9,400,1.3399369122995741,0.9990866004075666,1.3536909978034983,1.0262058781946288
1457,85,500,3,MTransferTreeBoost,0.1,3,3,0.05,0.9,400,1.1252256865115602,0.8709311093013503,1.1518455881889547,0.8942658422357885
1458,85,100,6,LSTransferTreeBoost,0.05,1,1,0.0,0.1,400,2.158673180970769,1.6701403755828093,2.301138019136627,1.7823808934700165
1459,85,100,6,LADTransferTreeBoost,0.05,1,1,0.0,0.1,400,1.90190371178659,1.5112115425839374,1.9591277213606615,1.5697046328174087
1460,85,100,6,MTransferTreeBoost,0.05,1,1,0.0,0.1,400,1.5721014742298565,1.2306453940247366,1.6805231223536112,1.315430691189432
1461,85,100,6,LSTransferTreeBoost,0.05,1,1,0.0,0.5,400,1.91262770698339,1.5007432720844158,2.06483901205286,1.6198189418086832
1462,85,100,6,LADTransferTreeBoost,0.05,1,1,0.0,0.5,400,2.264468302830199,1.795581746141002,2.2964170297659714,1.8515390050282872
1463,85,100,6,MTransferTreeBoost,0.05,1,1,0.0,0.5,400,1.8822461926226717,1.479940101086373,1.9729838008928193,1.5544160490288426
1464,85,100,6,LSTransferTreeBoost,0.05,1,1,0.0,0.9,400,2.9799615560718355,2.337459398060817,2.985854290043455,2.386329366114037
1465,85,100,6,LADTransferTreeBoost,0.05,1,1,0.0,0.9,400,4.433360229585278,3.5564982373053793,4.408308665891548,3.548533128725633
1466,85,100,6,MTransferTreeBoost,0.05,1,1,0.0,0.9,400,2.985934725599436,2.3586037917684846,2.984670079912002,2.391829730626284
1467,85,100,6,LSTransferTreeBoost,0.05,1,1,0.01,0.1,400,2.3411711925957075,1.810660251033396,2.454835685150493,1.9042530125301553
1468,85,100,6,LADTransferTreeBoost,0.05,1,1,0.01,0.1,400,3.7074811225839395,2.9816294852101217,3.6234942149291274,2.9484731089823466
1469,85,100,6,MTransferTreeBoost,0.05,1,1,0.01,0.1,400,2.2971010472670947,1.7847650590573088,2.3807576440687983,1.8557674317796213
1470,85,100,6,LSTransferTreeBoost,0.05,1,1,0.01,0.5,400,2.178323959069792,1.68540829091787,2.321634030776655,1.8007519234415876
1471,85,100,6,LADTransferTreeBoost,0.05,1,1,0.01,0.5,400,2.32951711311434,1.8079413231401167,2.4044882876480522,1.9013816706694855
1472,85,100,6,MTransferTreeBoost,0.05,1,1,0.01,0.5,400,2.276332699337352,1.7689950229145148,2.365463293901581,1.8429947803368278
1473,85,100,6,LSTransferTreeBoost,0.05,1,1,0.01,0.9,400,2.1337966033847584,1.6532802742788744,2.280594624382773,1.7699983292331833
1474,85,100,6,LADTransferTreeBoost,0.05,1,1,0.01,0.9,400,4.40321089818806,3.531542095224942,4.376029131382987,3.522050001702474
1475,85,100,6,MTransferTreeBoost,0.05,1,1,0.01,0.9,400,2.242429905671505,1.7398869573086309,2.3341940290324557,1.816113033210172
1476,85,100,6,LSTransferTreeBoost,0.05,1,1,0.05,0.1,400,2.3390341257388196,1.8078384961543188,2.4577435053818544,1.9042973910651761
1477,85,100,6,LADTransferTreeBoost,0.05,1,1,0.05,0.1,400,3.644697146433168,2.9283905403747594,3.5642100639536456,2.9084965819385418
1478,85,100,6,MTransferTreeBoost,0.05,1,1,0.05,0.1,400,2.292308571802531,1.7772280051633285,2.3873227783497435,1.854206584312686
1479,85,100,6,LSTransferTreeBoost,0.05,1,1,0.05,0.5,400,2.3967858489672547,1.8538459278909476,2.5001872938375964,1.9427179203198244
1480,85,100,6,LADTransferTreeBoost,0.05,1,1,0.05,0.5,400,2.9121330899358413,2.3330827759686326,2.889094499443841,2.3627419618393715
1481,85,100,6,MTransferTreeBoost,0.05,1,1,0.05,0.5,400,1.623310632982406,1.264047946224516,1.7368228541466322,1.3540605913905748
1482,85,100,6,LSTransferTreeBoost,0.05,1,1,0.05,0.9,400,2.4057453367448427,1.8592742923779189,2.5053477482453497,1.9464158280595865
1483,85,100,6,LADTransferTreeBoost,0.05,1,1,0.05,0.9,400,4.299696838131904,3.443442169881654,4.2677753752840895,3.433643672625115
1484,85,100,6,MTransferTreeBoost,0.05,1,1,0.05,0.9,400,2.300742073457725,1.7883014804148416,2.3782213390644507,1.8544538578110437
1485,85,100,6,LSTransferTreeBoost,0.05,1,2,0.0,0.1,400,1.8625707180550102,1.4740569800675845,1.998590647448962,1.5706716427538718
1486,85,100,6,LADTransferTreeBoost,0.05,1,2,0.0,0.1,400,1.956649865803019,1.5260198386358286,1.9729640371102968,1.5734626175833033
1487,85,100,6,MTransferTreeBoost,0.05,1,2,0.0,0.1,400,1.7406255713279108,1.360951853212252,1.8370057876013273,1.4489070025228552
1488,85,100,6,LSTransferTreeBoost,0.05,1,2,0.0,0.5,400,1.8599039572795377,1.4767912293914869,1.9978777476283858,1.5744390098068726
1489,85,100,6,LADTransferTreeBoost,0.05,1,2,0.0,0.5,400,2.1498679441894044,1.66732879569953,2.166704512463803,1.7118000125793607
1490,85,100,6,MTransferTreeBoost,0.05,1,2,0.0,0.5,400,1.6684184012034304,1.3057585690950728,1.7569208957208664,1.394435800826253
1491,85,100,6,LSTransferTreeBoost,0.05,1,2,0.0,0.9,400,2.441871893998608,1.9316879260190776,2.507555644148551,2.000813125490618
1492,85,100,6,LADTransferTreeBoost,0.05,1,2,0.0,0.9,400,3.8124885074625863,3.0268718334476814,3.8020767351665077,3.040197480426662
1493,85,100,6,MTransferTreeBoost,0.05,1,2,0.0,0.9,400,2.4544716690812027,1.9393676434629958,2.480673442672679,1.9856296619953115
1494,85,100,6,LSTransferTreeBoost,0.05,1,2,0.01,0.1,400,2.083794752304958,1.6479047599901893,2.2253554716916266,1.752545190070319
1495,85,100,6,LADTransferTreeBoost,0.05,1,2,0.01,0.1,400,2.883434233804691,2.294894060092419,2.851564668160047,2.310256630602899
1496,85,100,6,MTransferTreeBoost,0.05,1,2,0.01,0.1,400,1.7615844182157763,1.3727076181739453,1.8570859962646327,1.4650940457463673
1497,85,100,6,LSTransferTreeBoost,0.05,1,2,0.01,0.5,400,1.8282629119747844,1.442431735062366,1.9784760553957905,1.554254315163411
1498,85,100,6,LADTransferTreeBoost,0.05,1,2,0.01,0.5,400,2.2518431395970975,1.743709787902709,2.2792712608455012,1.7902786771810868
1499,85,100,6,MTransferTreeBoost,0.05,1,2,0.01,0.5,400,1.723498693804313,1.3406834804310663,1.8159812418515857,1.4327386632793864
1500,85,100,6,LSTransferTreeBoost,0.05,1,2,0.01,0.9,400,1.9726852056445245,1.5608371799184646,2.120246591146546,1.6678667829794427
1501,85,100,6,LADTransferTreeBoost,0.05,1,2,0.01,0.9,400,2.1720549428454303,1.6767860416947398,2.2080803551415493,1.746226064248202
1502,85,100,6,MTransferTreeBoost,0.05,1,2,0.01,0.9,400,1.74362594375051,1.363713817384045,1.8332296471204825,1.4490848700781067
1503,85,100,6,LSTransferTreeBoost,0.05,1,2,0.05,0.1,400,2.1839738223082317,1.7192104743328849,2.3237077351710442,1.8262229794200084
1504,85,100,6,LADTransferTreeBoost,0.05,1,2,0.05,0.1,400,2.5520363942226783,2.0183723506648446,2.537259261668455,2.0498351794267595
1505,85,100,6,MTransferTreeBoost,0.05,1,2,0.05,0.1,400,2.0968723719664775,1.6172425434127136,2.177237546318791,1.708701066280696
1506,85,100,6,LSTransferTreeBoost,0.05,1,2,0.05,0.5,400,2.2721797543671136,1.774130576894247,2.3822328923907867,1.8686529896315762
1507,85,100,6,LADTransferTreeBoost,0.05,1,2,0.05,0.5,400,2.094865940583309,1.630271036443249,2.1132122834799265,1.6855847280510534
1508,85,100,6,MTransferTreeBoost,0.05,1,2,0.05,0.5,400,1.753437050792001,1.365357305392386,1.8366676648747622,1.443751282568018
1509,85,100,6,LSTransferTreeBoost,0.05,1,2,0.05,0.9,400,2.14598527702783,1.6859868435583385,2.2926363196162436,1.8017543563229923
1510,85,100,6,LADTransferTreeBoost,0.05,1,2,0.05,0.9,400,2.0855925204357373,1.6575439994344334,2.087701813132998,1.6786456547820836
1511,85,100,6,MTransferTreeBoost,0.05,1,2,0.05,0.9,400,1.788212777543274,1.3908005212831513,1.8688661397932445,1.4715650766595434
1512,85,100,6,LSTransferTreeBoost,0.05,1,3,0.0,0.1,400,2.1402247309378364,1.6462513994631405,2.2080515899493047,1.711946062759915
1513,85,100,6,LADTransferTreeBoost,0.05,1,3,0.0,0.1,400,2.546502086137634,2.0141965882541557,2.51057763575735,2.040212393548824
1514,85,100,6,MTransferTreeBoost,0.05,1,3,0.0,0.1,400,1.7711088930658074,1.392449579791355,1.8791024050002036,1.484044318733175
1515,85,100,6,LSTransferTreeBoost,0.05,1,3,0.0,0.5,400,2.132559876981,1.6567409285053487,2.200068287931693,1.7187650307765892
1516,85,100,6,LADTransferTreeBoost,0.05,1,3,0.0,0.5,400,2.1452932417717525,1.67329419860477,2.187204237875802,1.73501835009049
1517,85,100,6,MTransferTreeBoost,0.05,1,3,0.0,0.5,400,1.7315767199648868,1.366926065907331,1.8086521820275354,1.4269189050566116
1518,85,100,6,LSTransferTreeBoost,0.05,1,3,0.0,0.9,400,2.464681239744021,1.9421524334152855,2.506629755130904,1.9983398653653681
1519,85,100,6,LADTransferTreeBoost,0.05,1,3,0.0,0.9,400,3.3036383080388303,2.5777605424056302,3.3080512400497946,2.620803484224579
1520,85,100,6,MTransferTreeBoost,0.05,1,3,0.0,0.9,400,2.175133949994658,1.7216642937916715,2.217798240015753,1.7685647771106001
1521,85,100,6,LSTransferTreeBoost,0.05,1,3,0.01,0.1,400,2.2465052664649146,1.7437201408231175,2.336489726296616,1.8192615637049863
1522,85,100,6,LADTransferTreeBoost,0.05,1,3,0.01,0.1,400,2.1418748825113965,1.6698515956396907,2.1967377432455586,1.7540789850969236
1523,85,100,6,MTransferTreeBoost,0.05,1,3,0.01,0.1,400,1.7905174819184246,1.4013099736780505,1.8990491181300961,1.4977143102418289
1524,85,100,6,LSTransferTreeBoost,0.05,1,3,0.01,0.5,400,2.113930796659696,1.6492399544357585,2.1820009337649617,1.7073079786906105
1525,85,100,6,LADTransferTreeBoost,0.05,1,3,0.01,0.5,400,2.025045678635622,1.584117838706752,2.063259690676697,1.6456744544249606
1526,85,100,6,MTransferTreeBoost,0.05,1,3,0.01,0.5,400,1.744944095839517,1.3762550650499759,1.8323950716639297,1.4434920065655175
1527,85,100,6,LSTransferTreeBoost,0.05,1,3,0.01,0.9,400,2.1408014241063174,1.6573241561031364,2.208414035913231,1.7229252434609805
1528,85,100,6,LADTransferTreeBoost,0.05,1,3,0.01,0.9,400,2.331434654696047,1.8044719440100094,2.3781402827212337,1.8891642140888367
1529,85,100,6,MTransferTreeBoost,0.05,1,3,0.01,0.9,400,1.7558693528145384,1.383677093958274,1.8444956020774332,1.4483162147397555
1530,85,100,6,LSTransferTreeBoost,0.05,1,3,0.05,0.1,400,2.233347089427506,1.736906775147541,2.332689866059116,1.8158981832251355
1531,85,100,6,LADTransferTreeBoost,0.05,1,3,0.05,0.1,400,2.4379569516070405,1.9148047966626616,2.438730368174324,1.9845732421098605
1532,85,100,6,MTransferTreeBoost,0.05,1,3,0.05,0.1,400,1.791816494919608,1.4021321017686532,1.9127460038197592,1.502911760524619
1533,85,100,6,LSTransferTreeBoost,0.05,1,3,0.05,0.5,400,2.1416512098723017,1.6620514101509511,2.212684429830979,1.7349982671329112
1534,85,100,6,LADTransferTreeBoost,0.05,1,3,0.05,0.5,400,2.3876851001303603,1.8921613718556085,2.399535000342707,1.9552110850493023
1535,85,100,6,MTransferTreeBoost,0.05,1,3,0.05,0.5,400,1.8239433401324439,1.4262044595970482,1.9363935614805048,1.5274762306356364
1536,85,100,6,LSTransferTreeBoost,0.05,1,3,0.05,0.9,400,2.120367405362327,1.6421764778725862,2.1909013345118535,1.7120440295312431
1537,85,100,6,LADTransferTreeBoost,0.05,1,3,0.05,0.9,400,2.0161356685548513,1.560563187220484,2.078304141623258,1.6439385364094565
1538,85,100,6,MTransferTreeBoost,0.05,1,3,0.05,0.9,400,1.7270885401533558,1.3659766135860862,1.8212263975600977,1.4321795348101554
1539,85,100,6,LSTransferTreeBoost,0.05,2,1,0.0,0.1,400,1.7781309815077344,1.398962195535948,1.9150022720708326,1.5033807042993168
1540,85,100,6,LADTransferTreeBoost,0.05,2,1,0.0,0.1,400,3.494100092541189,2.8045719210438635,3.423275567013792,2.7848168354150995
1541,85,100,6,MTransferTreeBoost,0.05,2,1,0.0,0.1,400,1.592844269137271,1.2564028999870298,1.6872224628939552,1.324802445538791
1542,85,100,6,LSTransferTreeBoost,0.05,2,1,0.0,0.5,400,2.190001647624543,1.707029602356543,2.3062934286032113,1.814281018882011
1543,85,100,6,LADTransferTreeBoost,0.05,2,1,0.0,0.5,400,2.1198297479125743,1.6858041223604578,2.1457173357088952,1.7258137047811644
1544,85,100,6,MTransferTreeBoost,0.05,2,1,0.0,0.5,400,1.9033222114014432,1.497645396157794,1.9885325009721142,1.5635992975801345
1545,85,100,6,LSTransferTreeBoost,0.05,2,1,0.0,0.9,400,2.9650967033625637,2.3264500492760525,2.976800453124133,2.37991664632993
1546,85,100,6,LADTransferTreeBoost,0.05,2,1,0.0,0.9,400,4.316649763521955,3.4616067401230373,4.2849167395567616,3.450804723540797
1547,85,100,6,MTransferTreeBoost,0.05,2,1,0.0,0.9,400,2.982987185469946,2.357245815066841,2.983131015024934,2.3925396930625182
1548,85,100,6,LSTransferTreeBoost,0.05,2,1,0.01,0.1,400,1.8273347138302647,1.4400669475257486,1.9778051421235756,1.5546366187049487
1549,85,100,6,LADTransferTreeBoost,0.05,2,1,0.01,0.1,400,3.416328767527829,2.740880687316034,3.359363657460945,2.7355531770384474
1550,85,100,6,MTransferTreeBoost,0.05,2,1,0.01,0.1,400,1.5477069873782097,1.221907711921722,1.6391418232321933,1.2923933195652084
1551,85,100,6,LSTransferTreeBoost,0.05,2,1,0.01,0.5,400,1.7777970496042985,1.3998747904292648,1.9240929054502622,1.5112305509601154
1552,85,100,6,LADTransferTreeBoost,0.05,2,1,0.01,0.5,400,1.9485108659645727,1.543358828733702,1.9778220959149178,1.5893420490161492
1553,85,100,6,MTransferTreeBoost,0.05,2,1,0.01,0.5,400,1.5810561816240514,1.248782249520229,1.6741710632418747,1.3204156268747598
1554,85,100,6,LSTransferTreeBoost,0.05,2,1,0.01,0.9,400,1.784357905002308,1.404220829507533,1.9285559584684917,1.51371142820213
1555,85,100,6,LADTransferTreeBoost,0.05,2,1,0.01,0.9,400,4.274438073060398,3.4248511282044505,4.240680168843383,3.414849950308611
1556,85,100,6,MTransferTreeBoost,0.05,2,1,0.01,0.9,400,1.6102802373036047,1.2712125890409924,1.7044653408744876,1.3446755332565163
1557,85,100,6,LSTransferTreeBoost,0.05,2,1,0.05,0.1,400,1.7748317163813592,1.4013539287260977,1.929624169148968,1.5174082306925565
1558,85,100,6,LADTransferTreeBoost,0.05,2,1,0.05,0.1,400,3.3519152310991673,2.6936039166775854,3.3088151146112645,2.704394916435597
1559,85,100,6,MTransferTreeBoost,0.05,2,1,0.05,0.1,400,1.5659801015031247,1.2362256547618253,1.6552312303350345,1.3064160241255909
1560,85,100,6,LSTransferTreeBoost,0.05,2,1,0.05,0.5,400,1.7827973850429022,1.4057747644955116,1.937555158469007,1.5236859240443614
1561,85,100,6,LADTransferTreeBoost,0.05,2,1,0.05,0.5,400,2.853131781417527,2.272806096094204,2.8398849994844695,2.3112344822378352
1562,85,100,6,MTransferTreeBoost,0.05,2,1,0.05,0.5,400,1.551634988758643,1.2227643315188659,1.6463421451495481,1.298354589783944
1563,85,100,6,LSTransferTreeBoost,0.05,2,1,0.05,0.9,400,1.829603036023998,1.4397041344295067,1.9821765899783632,1.5564893382619083
1564,85,100,6,LADTransferTreeBoost,0.05,2,1,0.05,0.9,400,2.396140332624431,1.9199489844966178,2.393198429815519,1.958906477159936
1565,85,100,6,MTransferTreeBoost,0.05,2,1,0.05,0.9,400,1.5480881674543312,1.2175531975221914,1.644238979351644,1.293075056641225
1566,85,100,6,LSTransferTreeBoost,0.05,2,2,0.0,0.1,400,1.8398261245921645,1.447487116108507,1.964149453443693,1.5518286103421077
1567,85,100,6,LADTransferTreeBoost,0.05,2,2,0.0,0.1,400,1.9854934382235063,1.5463920834436586,2.006877849980678,1.601750966865431
1568,85,100,6,MTransferTreeBoost,0.05,2,2,0.0,0.1,400,1.6767247508117278,1.3126393786927701,1.7587385118989751,1.396027898973442
1569,85,100,6,LSTransferTreeBoost,0.05,2,2,0.0,0.5,400,1.9756162570154514,1.5514195876548669,2.0648825401923077,1.6215310169749655
1570,85,100,6,LADTransferTreeBoost,0.05,2,2,0.0,0.5,400,2.0921646077856275,1.6212970540392215,2.1041604191679424,1.6658808655583917
1571,85,100,6,MTransferTreeBoost,0.05,2,2,0.0,0.5,400,1.7108361930594123,1.3442499421191139,1.7926821835999989,1.4134829558080793
1572,85,100,6,LSTransferTreeBoost,0.05,2,2,0.0,0.9,400,2.432329489178592,1.9208234870230967,2.501685049889112,1.9944951544633167
1573,85,100,6,LADTransferTreeBoost,0.05,2,2,0.0,0.9,400,3.978943794729185,3.1750654397924056,3.9480704218821514,3.1681744451142078
1574,85,100,6,MTransferTreeBoost,0.05,2,2,0.0,0.9,400,2.377463120504255,1.8804333900313677,2.4221511614464633,1.9337446833992689
1575,85,100,6,LSTransferTreeBoost,0.05,2,2,0.01,0.1,400,1.9846755559134894,1.5827711966790148,2.0901501796312125,1.6751809886223368
1576,85,100,6,LADTransferTreeBoost,0.05,2,2,0.01,0.1,400,2.0669463189311887,1.6057165579794983,2.1223670179048217,1.692433690044789
1577,85,100,6,MTransferTreeBoost,0.05,2,2,0.01,0.1,400,1.6993084071982218,1.325782465946557,1.7779101275552984,1.4045037333262547
1578,85,100,6,LSTransferTreeBoost,0.05,2,2,0.01,0.5,400,1.8649622578796148,1.4806153984427024,2.001786930499717,1.5798961387181238
1579,85,100,6,LADTransferTreeBoost,0.05,2,2,0.01,0.5,400,2.5517337991947247,1.9792710253777277,2.587180743787725,2.036567481549252
1580,85,100,6,MTransferTreeBoost,0.05,2,2,0.01,0.5,400,1.6643277311634,1.3076530044435253,1.7504851091278517,1.3844838305040523
1581,85,100,6,LSTransferTreeBoost,0.05,2,2,0.01,0.9,400,1.901272503835628,1.5118324055602135,2.04389153791793,1.6168551498850445
1582,85,100,6,LADTransferTreeBoost,0.05,2,2,0.01,0.9,400,2.2423884141656827,1.7313754325008701,2.293977274288683,1.8080868014812512
1583,85,100,6,MTransferTreeBoost,0.05,2,2,0.01,0.9,400,1.7014749090312846,1.3323692889079055,1.7850270850935805,1.4084174593028815
1584,85,100,6,LSTransferTreeBoost,0.05,2,2,0.05,0.1,400,1.9588462413730534,1.568607677133608,2.0895330799270027,1.6723789971264418
1585,85,100,6,LADTransferTreeBoost,0.05,2,2,0.05,0.1,400,2.2542351171276573,1.782986927637448,2.240150363748477,1.807766647809216
1586,85,100,6,MTransferTreeBoost,0.05,2,2,0.05,0.1,400,1.740738244006824,1.3562568947750793,1.8259559215408971,1.4443320748530026
1587,85,100,6,LSTransferTreeBoost,0.05,2,2,0.05,0.5,400,1.9874146970866715,1.5863486279987074,2.114423199212988,1.6854831673937383
1588,85,100,6,LADTransferTreeBoost,0.05,2,2,0.05,0.5,400,2.2717186174123767,1.79952859055008,2.266439020463219,1.8257423255789635
1589,85,100,6,MTransferTreeBoost,0.05,2,2,0.05,0.5,400,1.6646536455444674,1.306079634225334,1.758891764239776,1.3947202107165386
1590,85,100,6,LSTransferTreeBoost,0.05,2,2,0.05,0.9,400,2.2120527055708568,1.7664706525760334,2.284491861744345,1.842893502992171
1591,85,100,6,LADTransferTreeBoost,0.05,2,2,0.05,0.9,400,2.0607215828730268,1.6058532896525042,2.1030493280729954,1.6686960866307283
1592,85,100,6,MTransferTreeBoost,0.05,2,2,0.05,0.9,400,1.7064294042950403,1.3264853870408246,1.7803026399837931,1.4108640544162232
1593,85,100,6,LSTransferTreeBoost,0.05,2,3,0.0,0.1,400,2.157984396322403,1.6833970563942326,2.2690985849505494,1.775619392883118
1594,85,100,6,LADTransferTreeBoost,0.05,2,3,0.0,0.1,400,2.1913609466152253,1.7392467659234143,2.2151434558531755,1.8094042191713928
1595,85,100,6,MTransferTreeBoost,0.05,2,3,0.0,0.1,400,1.7234865787453901,1.3529545291003884,1.8340381712327463,1.4390397785950773
1596,85,100,6,LSTransferTreeBoost,0.05,2,3,0.0,0.5,400,2.1254905968056197,1.6529225564234142,2.185500649556199,1.6986211146094015
1597,85,100,6,LADTransferTreeBoost,0.05,2,3,0.0,0.5,400,2.2210566735299713,1.7347107358129823,2.2606314816192743,1.7971215756293133
1598,85,100,6,MTransferTreeBoost,0.05,2,3,0.0,0.5,400,1.7344514582458148,1.369783540217123,1.7897199163654471,1.4130224531175866
1599,85,100,6,LSTransferTreeBoost,0.05,2,3,0.0,0.9,400,2.3223189078861814,1.838435650238021,2.3597735882679407,1.8784407276321335
1600,85,100,6,LADTransferTreeBoost,0.05,2,3,0.0,0.9,400,4.291939633021792,3.44078835785722,4.248607638379997,3.4249428637348656
1601,85,100,6,MTransferTreeBoost,0.05,2,3,0.0,0.9,400,2.158731781777495,1.713141362129253,2.206973900229718,1.7565155071224217
1602,85,100,6,LSTransferTreeBoost,0.05,2,3,0.01,0.1,400,2.1398823339848105,1.6631928556483149,2.24835342866911,1.7535865869731253
1603,85,100,6,LADTransferTreeBoost,0.05,2,3,0.01,0.1,400,1.990355235683403,1.5553533268932551,2.079395395134842,1.6780929636912325
1604,85,100,6,MTransferTreeBoost,0.05,2,3,0.01,0.1,400,1.7850179556862333,1.4057876471137665,1.8942043164533902,1.498529838278868
1605,85,100,6,LSTransferTreeBoost,0.05,2,3,0.01,0.5,400,2.0849734451250153,1.6201681895370748,2.1715210350129457,1.6968498442050548
1606,85,100,6,LADTransferTreeBoost,0.05,2,3,0.01,0.5,400,2.221962317238004,1.7206069391766725,2.257498172162357,1.7878956261011976
1607,85,100,6,MTransferTreeBoost,0.05,2,3,0.01,0.5,400,1.7182993666525344,1.3521938284704889,1.8355513121266038,1.4419149453699838
1608,85,100,6,LSTransferTreeBoost,0.05,2,3,0.01,0.9,400,2.0718902001531743,1.59535592677242,2.1389038490920043,1.6601204583337539
1609,85,100,6,LADTransferTreeBoost,0.05,2,3,0.01,0.9,400,2.2827117362952514,1.7425978075191153,2.3548029309177454,1.84864428878592
1610,85,100,6,MTransferTreeBoost,0.05,2,3,0.01,0.9,400,1.7812615900471889,1.3959421942271646,1.85410445937618,1.4550860170245528
1611,85,100,6,LSTransferTreeBoost,0.05,2,3,0.05,0.1,400,2.073417666284555,1.610770220510057,2.167031336811196,1.694490102138552
1612,85,100,6,LADTransferTreeBoost,0.05,2,3,0.05,0.1,400,2.3407474263277255,1.8380483167680528,2.3398067358999075,1.896986478685105
1613,85,100,6,MTransferTreeBoost,0.05,2,3,0.05,0.1,400,1.7615102992858347,1.3910308047109439,1.869116905461465,1.4814298829979136
1614,85,100,6,LSTransferTreeBoost,0.05,2,3,0.05,0.5,400,2.119791302198005,1.6543873653635301,2.1991150508307897,1.7273717059940896
1615,85,100,6,LADTransferTreeBoost,0.05,2,3,0.05,0.5,400,2.125887938610305,1.6713237380902604,2.1755979439316544,1.7543051945007802
1616,85,100,6,MTransferTreeBoost,0.05,2,3,0.05,0.5,400,1.7406206230507635,1.381809132735033,1.8280949546321,1.4489955867742437
1617,85,100,6,LSTransferTreeBoost,0.05,2,3,0.05,0.9,400,2.0819757110871056,1.6136276275545274,2.153582886151409,1.6884123111077545
1618,85,100,6,LADTransferTreeBoost,0.05,2,3,0.05,0.9,400,1.9943707144991256,1.5594344265288396,2.035327692971498,1.6343340227416463
1619,85,100,6,MTransferTreeBoost,0.05,2,3,0.05,0.9,400,1.8270974448804664,1.4397086644712553,1.9184846071548731,1.5160541200080406
1620,85,100,6,LSTransferTreeBoost,0.05,3,1,0.0,0.1,400,1.7916700189874106,1.412032950846136,1.919369947179351,1.5134375567626084
1621,85,100,6,LADTransferTreeBoost,0.05,3,1,0.0,0.1,400,2.9712718634034836,2.38652036150876,2.9238085810093795,2.396467265389621
1622,85,100,6,MTransferTreeBoost,0.05,3,1,0.0,0.1,400,1.6242537808351138,1.284694874765447,1.7082086500857312,1.349730964384415
1623,85,100,6,LSTransferTreeBoost,0.05,3,1,0.0,0.5,400,2.1128833515763827,1.6379402568550756,2.2000387177917173,1.7193676174228103
1624,85,100,6,LADTransferTreeBoost,0.05,3,1,0.0,0.5,400,2.1030828007794944,1.671346021751639,2.105032771303553,1.6847946351111667
1625,85,100,6,MTransferTreeBoost,0.05,3,1,0.0,0.5,400,1.8968442497471456,1.4928472357177622,1.9786925882838815,1.5560530861708348
1626,85,100,6,LSTransferTreeBoost,0.05,3,1,0.0,0.9,400,2.991619059271473,2.343699604720294,3.010113392036393,2.4022799690652517
1627,85,100,6,LADTransferTreeBoost,0.05,3,1,0.0,0.9,400,4.17859244356195,3.3490431460185506,4.141014585592567,3.333237392045139
1628,85,100,6,MTransferTreeBoost,0.05,3,1,0.0,0.9,400,3.0546520798334384,2.415733402936904,3.0593092720865362,2.454552760820701
1629,85,100,6,LSTransferTreeBoost,0.05,3,1,0.01,0.1,400,1.753381843187574,1.3853233863254981,1.8987626581750807,1.4968885957568405
1630,85,100,6,LADTransferTreeBoost,0.05,3,1,0.01,0.1,400,2.1072242532296412,1.6577266018922996,2.1328559974810046,1.7062894938107114
1631,85,100,6,MTransferTreeBoost,0.05,3,1,0.01,0.1,400,1.575230792271295,1.2434802081403935,1.66590463422295,1.3160460035493622
1632,85,100,6,LSTransferTreeBoost,0.05,3,1,0.01,0.5,400,1.7979639009748218,1.413936459560166,1.9265977152983476,1.5147265431758095
1633,85,100,6,LADTransferTreeBoost,0.05,3,1,0.01,0.5,400,2.2390535524112023,1.7681333042072167,2.2848880445035618,1.83213925848088
1634,85,100,6,MTransferTreeBoost,0.05,3,1,0.01,0.5,400,1.7784243501771384,1.4050928527192228,1.8570578212878368,1.4717573880531538
1635,85,100,6,LSTransferTreeBoost,0.05,3,1,0.01,0.9,400,1.783846159010046,1.4054851613687707,1.9186747707139695,1.510515998765702
1636,85,100,6,LADTransferTreeBoost,0.05,3,1,0.01,0.9,400,2.121209179569499,1.667277589416144,2.164404058830379,1.7186986194427205
1637,85,100,6,MTransferTreeBoost,0.05,3,1,0.01,0.9,400,1.6236114617134403,1.2824390817011664,1.7134541128579959,1.3528833753169516
1638,85,100,6,LSTransferTreeBoost,0.05,3,1,0.05,0.1,400,1.7853095883561547,1.4102625641765016,1.939735304633813,1.52693619026422
1639,85,100,6,LADTransferTreeBoost,0.05,3,1,0.05,0.1,400,3.4703637042827586,2.787574818817855,3.3819203207150936,2.7621998637352956
1640,85,100,6,MTransferTreeBoost,0.05,3,1,0.05,0.1,400,1.5525096909813065,1.2276661029736806,1.6403836593185275,1.2964559398459101
1641,85,100,6,LSTransferTreeBoost,0.05,3,1,0.05,0.5,400,1.7873930954642987,1.410133842002363,1.9416398138982114,1.5270670566987423
1642,85,100,6,LADTransferTreeBoost,0.05,3,1,0.05,0.5,400,2.9916451474488817,2.392225719561427,2.9375238227049545,2.391610261877751
1643,85,100,6,MTransferTreeBoost,0.05,3,1,0.05,0.5,400,1.5803186591227436,1.2476777712464986,1.6703337525560342,1.3208164354442042
1644,85,100,6,LSTransferTreeBoost,0.05,3,1,0.05,0.9,400,2.207051782941405,1.7676451742085482,2.2711149669358934,1.8363738489429753
1645,85,100,6,LADTransferTreeBoost,0.05,3,1,0.05,0.9,400,1.9977883545084958,1.5846875255769324,2.026216686724081,1.631697477013965
1646,85,100,6,MTransferTreeBoost,0.05,3,1,0.05,0.9,400,1.5427200504817475,1.2168431908586164,1.6346100321722639,1.288526835128303
1647,85,100,6,LSTransferTreeBoost,0.05,3,2,0.0,0.1,400,1.926222562464061,1.5505569934081653,2.0594545142362057,1.6487098202463994
1648,85,100,6,LADTransferTreeBoost,0.05,3,2,0.0,0.1,400,1.8584483651484298,1.452353219257036,1.9021312731374642,1.52259180825272
1649,85,100,6,MTransferTreeBoost,0.05,3,2,0.0,0.1,400,1.6781572811401173,1.3105759794664613,1.7524469901779485,1.387665738181728
1650,85,100,6,LSTransferTreeBoost,0.05,3,2,0.0,0.5,400,2.0468664233662577,1.6090902206195035,2.141942403992414,1.686966714026637
1651,85,100,6,LADTransferTreeBoost,0.05,3,2,0.0,0.5,400,1.9361834028429148,1.5032609373300474,1.9454650412477261,1.5393342314303817
1652,85,100,6,MTransferTreeBoost,0.05,3,2,0.0,0.5,400,1.7029747128070418,1.3366094435168643,1.777449684118331,1.404208770070182
1653,85,100,6,LSTransferTreeBoost,0.05,3,2,0.0,0.9,400,2.9302747001043903,2.276832278716672,2.9729956365152947,2.337734926952925
1654,85,100,6,LADTransferTreeBoost,0.05,3,2,0.0,0.9,400,3.5513973426334675,2.8162569723554993,3.5292069174792826,2.815084876895712
1655,85,100,6,MTransferTreeBoost,0.05,3,2,0.0,0.9,400,2.4172935920665113,1.9166791565225112,2.4936910014937816,1.972796678559526
1656,85,100,6,LSTransferTreeBoost,0.05,3,2,0.01,0.1,400,1.9530093044249857,1.5693141379760214,2.081813605536551,1.6708115234760068
1657,85,100,6,LADTransferTreeBoost,0.05,3,2,0.01,0.1,400,2.115630032537348,1.6574830525731281,2.1469911587965287,1.7233556799635954
1658,85,100,6,MTransferTreeBoost,0.05,3,2,0.01,0.1,400,1.659116411031797,1.3006917816658865,1.7389168306573133,1.3760599415214283
1659,85,100,6,LSTransferTreeBoost,0.05,3,2,0.01,0.5,400,1.8124289153587207,1.4439571379661595,1.9405406375242347,1.5366351518075836
1660,85,100,6,LADTransferTreeBoost,0.05,3,2,0.01,0.5,400,2.4704876978218033,1.919981117591658,2.502159542145708,1.9873004701625396
1661,85,100,6,MTransferTreeBoost,0.05,3,2,0.01,0.5,400,1.666154586153289,1.3026649701571524,1.7441664658056992,1.37469683489088
1662,85,100,6,LSTransferTreeBoost,0.05,3,2,0.01,0.9,400,1.8048905331398968,1.4298304823550056,1.9291304137739158,1.5245087337789165
1663,85,100,6,LADTransferTreeBoost,0.05,3,2,0.01,0.9,400,1.9113597034294856,1.492930679322964,1.9089765805311598,1.5307792209148547
1664,85,100,6,MTransferTreeBoost,0.05,3,2,0.01,0.9,400,1.7366569828587748,1.3563401819930714,1.805289149627644,1.4209321387379712
1665,85,100,6,LSTransferTreeBoost,0.05,3,2,0.05,0.1,400,2.0551031346667576,1.6593260414126498,2.156909933420214,1.7561414787946799
1666,85,100,6,LADTransferTreeBoost,0.05,3,2,0.05,0.1,400,3.1226731423652447,2.491370952181783,3.0698512040120547,2.499637965072611
1667,85,100,6,MTransferTreeBoost,0.05,3,2,0.05,0.1,400,1.6852044170514724,1.3255771747879272,1.7558209271928427,1.393762804461695
1668,85,100,6,LSTransferTreeBoost,0.05,3,2,0.05,0.5,400,2.138031084888294,1.7277974733641186,2.2047603350634213,1.7938835863561557
1669,85,100,6,LADTransferTreeBoost,0.05,3,2,0.05,0.5,400,2.1251635513053952,1.660600635922603,2.1445266822546625,1.7171376102693652
1670,85,100,6,MTransferTreeBoost,0.05,3,2,0.05,0.5,400,1.6794085277109236,1.3171727269653295,1.7598928088400283,1.396664724536834
1671,85,100,6,LSTransferTreeBoost,0.05,3,2,0.05,0.9,400,2.0344642136249083,1.6429017739808873,2.1506253897776832,1.7458121877967843
1672,85,100,6,LADTransferTreeBoost,0.05,3,2,0.05,0.9,400,2.125426242334311,1.6610555850244673,2.1521540946789983,1.729007536254417
1673,85,100,6,MTransferTreeBoost,0.05,3,2,0.05,0.9,400,1.6713047780417685,1.3111440141034976,1.7547018208890848,1.3919402673625765
1674,85,100,6,LSTransferTreeBoost,0.05,3,3,0.0,0.1,400,2.0662427787635305,1.6074774518698713,2.1607746771937895,1.6923879177294436
1675,85,100,6,LADTransferTreeBoost,0.05,3,3,0.0,0.1,400,2.0068947246664197,1.577302675965385,2.0905126987702918,1.6696394284712874
1676,85,100,6,MTransferTreeBoost,0.05,3,3,0.0,0.1,400,1.777492998616857,1.4043857298144184,1.8704887238226695,1.4773680459387644
1677,85,100,6,LSTransferTreeBoost,0.05,3,3,0.0,0.5,400,2.112871346415137,1.627732487429517,2.159933023695783,1.673797812063689
1678,85,100,6,LADTransferTreeBoost,0.05,3,3,0.0,0.5,400,2.1637177127082317,1.6802650022707102,2.196724117403035,1.7306715494755913
1679,85,100,6,MTransferTreeBoost,0.05,3,3,0.0,0.5,400,1.7460652644542338,1.37188717188896,1.804201900156776,1.4195364974696438
1680,85,100,6,LSTransferTreeBoost,0.05,3,3,0.0,0.9,400,2.454774407043948,1.9736230113559232,2.469322087410396,2.000413684026435
1681,85,100,6,LADTransferTreeBoost,0.05,3,3,0.0,0.9,400,2.9982987686375937,2.3403040707679836,2.980004434245761,2.3337423942712348
1682,85,100,6,MTransferTreeBoost,0.05,3,3,0.0,0.9,400,2.1352867996664595,1.699962052511608,2.200213643262015,1.752339388494684
1683,85,100,6,LSTransferTreeBoost,0.05,3,3,0.01,0.1,400,2.079576708490296,1.6158213474405776,2.1627743719278323,1.7035755118190479
1684,85,100,6,LADTransferTreeBoost,0.05,3,3,0.01,0.1,400,2.1239781970897265,1.6763641087429086,2.2026693602590366,1.7702821729149465
1685,85,100,6,MTransferTreeBoost,0.05,3,3,0.01,0.1,400,1.759071218309133,1.394640463340324,1.847885854570945,1.464989048750888
1686,85,100,6,LSTransferTreeBoost,0.05,3,3,0.01,0.5,400,2.0256297782787342,1.561529350565298,2.0789539104788397,1.6278596774307876
1687,85,100,6,LADTransferTreeBoost,0.05,3,3,0.01,0.5,400,2.0028932011331864,1.5627848729465128,2.035365979172458,1.6219350409645563
1688,85,100,6,MTransferTreeBoost,0.05,3,3,0.01,0.5,400,1.7688961045615088,1.3927198468622686,1.860688792758472,1.461243192994084
1689,85,100,6,LSTransferTreeBoost,0.05,3,3,0.01,0.9,400,2.03187674143694,1.5847843820134637,2.11300723554149,1.645959873485728
1690,85,100,6,LADTransferTreeBoost,0.05,3,3,0.01,0.9,400,2.0903506957731373,1.6412499502810793,2.159915303239118,1.7274728092942004
1691,85,100,6,MTransferTreeBoost,0.05,3,3,0.01,0.9,400,1.775749768041166,1.398330580138775,1.860636981464101,1.461167950463111
1692,85,100,6,LSTransferTreeBoost,0.05,3,3,0.05,0.1,400,2.0695735206247736,1.6084690810576199,2.1465933802333437,1.6840804957309519
1693,85,100,6,LADTransferTreeBoost,0.05,3,3,0.05,0.1,400,2.4560115327030365,1.9406259345828967,2.4211033978849694,1.9607802336319968
1694,85,100,6,MTransferTreeBoost,0.05,3,3,0.05,0.1,400,1.7966630150305782,1.429565219341585,1.8922478596016465,1.4995006662863795
1695,85,100,6,LSTransferTreeBoost,0.05,3,3,0.05,0.5,400,2.113455784465378,1.6446339516804565,2.1803631762627314,1.7199387834094064
1696,85,100,6,LADTransferTreeBoost,0.05,3,3,0.05,0.5,400,2.1557894013827017,1.7052590830417735,2.193040300702334,1.7685522225803227
1697,85,100,6,MTransferTreeBoost,0.05,3,3,0.05,0.5,400,1.8087038457645417,1.4342422451674124,1.8882907627223968,1.493505789732661
1698,85,100,6,LSTransferTreeBoost,0.05,3,3,0.05,0.9,400,2.077630405794701,1.6143897004483627,2.1342691675253684,1.6879403130506634
1699,85,100,6,LADTransferTreeBoost,0.05,3,3,0.05,0.9,400,1.9417798481105106,1.5097109612554753,1.9613086000031201,1.5762787579172772
1700,85,100,6,MTransferTreeBoost,0.05,3,3,0.05,0.9,400,1.7941432712850756,1.4112904140461904,1.8684749515753323,1.4793856340848333
1701,85,100,6,LSTransferTreeBoost,0.1,1,1,0.0,0.1,400,1.837934850730439,1.4288579501901773,2.002856080927851,1.5538793766405983
1702,85,100,6,LADTransferTreeBoost,0.1,1,1,0.0,0.1,400,1.8185167968677058,1.4445384697850878,1.900067478613404,1.522645715430267
1703,85,100,6,MTransferTreeBoost,0.1,1,1,0.0,0.1,400,1.6205174657317611,1.264725682509586,1.7289527119418717,1.3513784296450297
1704,85,100,6,LSTransferTreeBoost,0.1,1,1,0.0,0.5,400,1.7778089699387025,1.3962515074650115,1.939412433422244,1.5192382117129468
1705,85,100,6,LADTransferTreeBoost,0.1,1,1,0.0,0.5,400,2.2779463663612143,1.7907211882832055,2.316018039851343,1.8507458807984187
1706,85,100,6,MTransferTreeBoost,0.1,1,1,0.0,0.5,400,1.5514892086878347,1.2146081307773222,1.6486183413712596,1.2921335048062679
1707,85,100,6,LSTransferTreeBoost,0.1,1,1,0.0,0.9,400,2.885659504865479,2.25729784445412,2.901198220701355,2.3128615229946616
1708,85,100,6,LADTransferTreeBoost,0.1,1,1,0.0,0.9,400,4.7003539874406,3.771890838652952,4.703980945057402,3.778423885718807
1709,85,100,6,MTransferTreeBoost,0.1,1,1,0.0,0.9,400,3.0404014767220744,2.3984003379228143,3.0387991464917454,2.43166773960216
1710,85,100,6,LSTransferTreeBoost,0.1,1,1,0.01,0.1,400,2.2740017116104876,1.7550682564513327,2.406917969132355,1.8621083622254277
1711,85,100,6,LADTransferTreeBoost,0.1,1,1,0.01,0.1,400,3.197389508931102,2.557967972582335,3.1486263693479937,2.5645318798443753
1712,85,100,6,MTransferTreeBoost,0.1,1,1,0.01,0.1,400,1.6246952767997285,1.2639519290784174,1.742484232280288,1.3602383604920287
1713,85,100,6,LSTransferTreeBoost,0.1,1,1,0.01,0.5,400,1.8814942710459497,1.4608943000430141,2.041853788884014,1.5857941982288386
1714,85,100,6,LADTransferTreeBoost,0.1,1,1,0.01,0.5,400,2.366598175493281,1.8442898876467775,2.419196843650801,1.9168381728663322
1715,85,100,6,MTransferTreeBoost,0.1,1,1,0.01,0.5,400,1.537362974709224,1.1991103525511708,1.6367160757097101,1.2802899395987828
1716,85,100,6,LSTransferTreeBoost,0.1,1,1,0.01,0.9,400,1.8823529661285254,1.4633209397457063,2.0441597002752685,1.5880880931501828
1717,85,100,6,LADTransferTreeBoost,0.1,1,1,0.01,0.9,400,4.713766347427481,3.7790079305704256,4.721072540769205,3.7874669885247148
1718,85,100,6,MTransferTreeBoost,0.1,1,1,0.01,0.9,400,1.5736146798327106,1.2264195504165045,1.6746675860938676,1.3093131035719636
1719,85,100,6,LSTransferTreeBoost,0.1,1,1,0.05,0.1,400,2.3531696065009187,1.8185912047569903,2.47482749140843,1.9188143616155648
1720,85,100,6,LADTransferTreeBoost,0.1,1,1,0.05,0.1,400,3.4558155500517063,2.7779911312954257,3.4080462198430204,2.7850199536745226
1721,85,100,6,MTransferTreeBoost,0.1,1,1,0.05,0.1,400,1.5665854419252427,1.2252238546083132,1.6776092847167738,1.3097202174711147
1722,85,100,6,LSTransferTreeBoost,0.1,1,1,0.05,0.5,400,2.2725541337346113,1.756794951740965,2.410265954618016,1.8609206230068953
1723,85,100,6,LADTransferTreeBoost,0.1,1,1,0.05,0.5,400,1.9319823712765687,1.5325817654273073,1.9790418089005448,1.5887086809386592
1724,85,100,6,MTransferTreeBoost,0.1,1,1,0.05,0.5,400,2.1968694016690113,1.6961049333144513,2.301529252568113,1.780882986204321
1725,85,100,6,LSTransferTreeBoost,0.1,1,1,0.05,0.9,400,2.2859966675267436,1.7656796820051008,2.4205047775105575,1.8654102238538577
1726,85,100,6,LADTransferTreeBoost,0.1,1,1,0.05,0.9,400,4.52590970061096,3.6171970268028426,4.525157516921282,3.621948164659796
1727,85,100,6,MTransferTreeBoost,0.1,1,1,0.05,0.9,400,2.188266868707609,1.690501273946236,2.2885599976582207,1.775357601000992
1728,85,100,6,LSTransferTreeBoost,0.1,1,2,0.0,0.1,400,2.0102072523505585,1.588166537511062,2.151536526105729,1.6958848966883822
1729,85,100,6,LADTransferTreeBoost,0.1,1,2,0.0,0.1,400,1.9607694423362625,1.5079125837711267,2.1079521597741,1.649868173895303
1730,85,100,6,MTransferTreeBoost,0.1,1,2,0.0,0.1,400,1.778209786239625,1.3819156117395668,1.8738635781284632,1.479080124430322
1731,85,100,6,LSTransferTreeBoost,0.1,1,2,0.0,0.5,400,1.8726286029543773,1.4849049773697438,2.007123945248529,1.5738996006961674
1732,85,100,6,LADTransferTreeBoost,0.1,1,2,0.0,0.5,400,2.0419409683313625,1.5729435477806173,2.066276920737157,1.618081805831078
1733,85,100,6,MTransferTreeBoost,0.1,1,2,0.0,0.5,400,1.6472444826978432,1.2922130527126048,1.754420785638325,1.3963098363882909
1734,85,100,6,LSTransferTreeBoost,0.1,1,2,0.0,0.9,400,2.0110238213445406,1.6021650145628268,2.1213394361051026,1.688625274660073
1735,85,100,6,LADTransferTreeBoost,0.1,1,2,0.0,0.9,400,3.8579842517620104,3.06420588321784,3.8473459432477544,3.075860413484645
1736,85,100,6,MTransferTreeBoost,0.1,1,2,0.0,0.9,400,1.962099211493521,1.5665277767863421,2.006599814728578,1.6098471592936128
1737,85,100,6,LSTransferTreeBoost,0.1,1,2,0.01,0.1,400,2.14319143680186,1.6815797286759568,2.2984517483785183,1.7997780070217493
1738,85,100,6,LADTransferTreeBoost,0.1,1,2,0.01,0.1,400,1.98695798522607,1.5489275271085268,2.0305056407351563,1.6166715076651716
1739,85,100,6,MTransferTreeBoost,0.1,1,2,0.01,0.1,400,1.7291959089194158,1.3501975855671886,1.817645828424492,1.4327064322294547
1740,85,100,6,LSTransferTreeBoost,0.1,1,2,0.01,0.5,400,1.8238159381740766,1.4470992488329697,1.9632457472736085,1.5444901597293166
1741,85,100,6,LADTransferTreeBoost,0.1,1,2,0.01,0.5,400,1.9603869007060084,1.5150760377891026,2.019677881119766,1.579749423852099
1742,85,100,6,MTransferTreeBoost,0.1,1,2,0.01,0.5,400,1.681808140708734,1.3181121680097398,1.7761422370688873,1.4044332238804604
1743,85,100,6,LSTransferTreeBoost,0.1,1,2,0.01,0.9,400,1.8281356574558743,1.4427515245650275,1.9676932332923835,1.547246987158865
1744,85,100,6,LADTransferTreeBoost,0.1,1,2,0.01,0.9,400,1.917894769619749,1.4796320179051907,1.9793393319733248,1.555674231608522
1745,85,100,6,MTransferTreeBoost,0.1,1,2,0.01,0.9,400,1.6690588348275117,1.3070852757383051,1.7553028044701886,1.3848141996478598
1746,85,100,6,LSTransferTreeBoost,0.1,1,2,0.05,0.1,400,2.392417620146704,1.8791026184071138,2.5156265461489227,1.977150968746204
1747,85,100,6,LADTransferTreeBoost,0.1,1,2,0.05,0.1,400,1.9502065648026483,1.5093698049717128,1.9865492988756914,1.5842421079163354
1748,85,100,6,MTransferTreeBoost,0.1,1,2,0.05,0.1,400,1.762994669636131,1.3744893320152942,1.8424041024083122,1.4529152835931394
1749,85,100,6,LSTransferTreeBoost,0.1,1,2,0.05,0.5,400,2.1352697872752344,1.6655947806528846,2.262028032828544,1.7673896703104095
1750,85,100,6,LADTransferTreeBoost,0.1,1,2,0.05,0.5,400,1.9178431872616573,1.519039042471516,1.958315137014569,1.5734791648593838
1751,85,100,6,MTransferTreeBoost,0.1,1,2,0.05,0.5,400,1.786523651585469,1.394179783881046,1.8809222950865578,1.4775384030365566
1752,85,100,6,LSTransferTreeBoost,0.1,1,2,0.05,0.9,400,1.8500264711256393,1.445191023820274,1.9686716182165291,1.5386664189039818
1753,85,100,6,LADTransferTreeBoost,0.1,1,2,0.05,0.9,400,2.1025681994193834,1.6191597599787564,2.168511905887705,1.7059527547682367
1754,85,100,6,MTransferTreeBoost,0.1,1,2,0.05,0.9,400,1.720625520458108,1.3366825257674941,1.8065648314771032,1.4189340475689096
1755,85,100,6,LSTransferTreeBoost,0.1,1,3,0.0,0.1,400,2.178840367955732,1.6907465767337837,2.262725317858926,1.7681154224789204
1756,85,100,6,LADTransferTreeBoost,0.1,1,3,0.0,0.1,400,2.0244726596426923,1.58315177361199,2.087156272099034,1.6866815501259647
1757,85,100,6,MTransferTreeBoost,0.1,1,3,0.0,0.1,400,1.823412812459943,1.4272744704675628,1.931017376525925,1.5126361783143183
1758,85,100,6,LSTransferTreeBoost,0.1,1,3,0.0,0.5,400,2.093949969172921,1.6258818114193765,2.177684193884967,1.6974091952929233
1759,85,100,6,LADTransferTreeBoost,0.1,1,3,0.0,0.5,400,2.070202885138238,1.6018692762585243,2.15938535262389,1.7017619562287363
1760,85,100,6,MTransferTreeBoost,0.1,1,3,0.0,0.5,400,1.7896153589357136,1.4196730851332322,1.8710802159930267,1.4767939444619929
1761,85,100,6,LSTransferTreeBoost,0.1,1,3,0.0,0.9,400,2.373604901576933,1.8627576314524932,2.4276552140459673,1.9313708381993606
1762,85,100,6,LADTransferTreeBoost,0.1,1,3,0.0,0.9,400,3.244356871837983,2.527016477949741,3.2592419453390433,2.575031448095837
1763,85,100,6,MTransferTreeBoost,0.1,1,3,0.0,0.9,400,1.9971547197869417,1.5766113063905773,2.0442470369284487,1.624812805577851
1764,85,100,6,LSTransferTreeBoost,0.1,1,3,0.01,0.1,400,2.250041845931178,1.7436247849053221,2.3278383717574407,1.8141406064292638
1765,85,100,6,LADTransferTreeBoost,0.1,1,3,0.01,0.1,400,1.97343383192088,1.5506320923642207,2.023169446915287,1.6165040684265395
1766,85,100,6,MTransferTreeBoost,0.1,1,3,0.01,0.1,400,1.7347233231425832,1.3577984941682617,1.8519139973513505,1.4633913524321742
1767,85,100,6,LSTransferTreeBoost,0.1,1,3,0.01,0.5,400,2.1028990723618706,1.6164902488980448,2.1684855911872014,1.6837853615851734
1768,85,100,6,LADTransferTreeBoost,0.1,1,3,0.01,0.5,400,2.378615177110648,1.8432383907602468,2.4189008230884324,1.9162163361988087
1769,85,100,6,MTransferTreeBoost,0.1,1,3,0.01,0.5,400,1.771408571815035,1.4020909941439905,1.83406127727176,1.4478424763006983
1770,85,100,6,LSTransferTreeBoost,0.1,1,3,0.01,0.9,400,2.0692275583827393,1.6116642609312524,2.1543026613488463,1.684615835862839
1771,85,100,6,LADTransferTreeBoost,0.1,1,3,0.01,0.9,400,2.1470834428485603,1.653973426399109,2.245390520879818,1.7863750314407871
1772,85,100,6,MTransferTreeBoost,0.1,1,3,0.01,0.9,400,1.7797432846338068,1.4021210660806165,1.8724452856881193,1.467636184478229
1773,85,100,6,LSTransferTreeBoost,0.1,1,3,0.05,0.1,400,2.1520663739344,1.6655935591311626,2.272839571948989,1.7635560785891742
1774,85,100,6,LADTransferTreeBoost,0.1,1,3,0.05,0.1,400,3.003859174746305,2.4060055373437144,2.951027512436076,2.413873061296593
1775,85,100,6,MTransferTreeBoost,0.1,1,3,0.05,0.1,400,1.8932305412832107,1.4813191782538766,1.9875519314557901,1.5556214257391017
1776,85,100,6,LSTransferTreeBoost,0.1,1,3,0.05,0.5,400,2.1811323845666206,1.6959247025206112,2.2817005061297375,1.7783147788337044
1777,85,100,6,LADTransferTreeBoost,0.1,1,3,0.05,0.5,400,2.1382261875424766,1.6470549859521229,2.197927504766309,1.7295358959863996
1778,85,100,6,MTransferTreeBoost,0.1,1,3,0.05,0.5,400,1.8131786341918679,1.437177210566029,1.9028578702203838,1.5038003572898595
1779,85,100,6,LSTransferTreeBoost,0.1,1,3,0.05,0.9,400,2.1337843270880668,1.6676453614043771,2.2058882637026103,1.7232594711207039
1780,85,100,6,LADTransferTreeBoost,0.1,1,3,0.05,0.9,400,2.0973064419828473,1.6242288561058131,2.1451174596993723,1.702278581205353
1781,85,100,6,MTransferTreeBoost,0.1,1,3,0.05,0.9,400,1.791147826471164,1.4083562578897395,1.8945072757524661,1.4877422973950765
1782,85,100,6,LSTransferTreeBoost,0.1,2,1,0.0,0.1,400,1.79264885907387,1.414044657209792,1.9282999301036983,1.514311374284171
1783,85,100,6,LADTransferTreeBoost,0.1,2,1,0.0,0.1,400,1.6798623216810162,1.3386299293013235,1.7832454900519537,1.428449143388309
1784,85,100,6,MTransferTreeBoost,0.1,2,1,0.0,0.1,400,1.5751091512611755,1.242357873356926,1.6677612051012711,1.3083301791995732
1785,85,100,6,LSTransferTreeBoost,0.1,2,1,0.0,0.5,400,2.1402665578868154,1.6633237125863203,2.2426721381304078,1.7557139549241196
1786,85,100,6,LADTransferTreeBoost,0.1,2,1,0.0,0.5,400,2.036052085449132,1.61793045790641,2.0608341120786164,1.6527962117361568
1787,85,100,6,MTransferTreeBoost,0.1,2,1,0.0,0.5,400,1.6674429568973044,1.3166020296445307,1.7560996818547459,1.3754751455152674
1788,85,100,6,LSTransferTreeBoost,0.1,2,1,0.0,0.9,400,2.8750637772436063,2.2408996117468494,2.918105147894647,2.313779146070848
1789,85,100,6,LADTransferTreeBoost,0.1,2,1,0.0,0.9,400,4.469325431051114,3.5798053755926587,4.456814963912259,3.580715601403292
1790,85,100,6,MTransferTreeBoost,0.1,2,1,0.0,0.9,400,3.152688390468583,2.483879021446798,3.152122620708941,2.5201158986841086
1791,85,100,6,LSTransferTreeBoost,0.1,2,1,0.01,0.1,400,1.846784817240004,1.4510488114116809,1.9958395777164575,1.563115573207221
1792,85,100,6,LADTransferTreeBoost,0.1,2,1,0.01,0.1,400,3.5191559517687114,2.8302116968521784,3.437805416431518,2.809000134409026
1793,85,100,6,MTransferTreeBoost,0.1,2,1,0.01,0.1,400,2.224573611965163,1.7327944697267998,2.3040179841212995,1.7954235806994294
1794,85,100,6,LSTransferTreeBoost,0.1,2,1,0.01,0.5,400,1.7928162758598825,1.4059489892463524,1.922674537461371,1.5063970510674598
1795,85,100,6,LADTransferTreeBoost,0.1,2,1,0.01,0.5,400,1.85952444205134,1.4624919524711635,1.89055147066249,1.5052643950347748
1796,85,100,6,MTransferTreeBoost,0.1,2,1,0.01,0.5,400,1.579593926021109,1.2411983680878338,1.669020761810395,1.3081848447652669
1797,85,100,6,LSTransferTreeBoost,0.1,2,1,0.01,0.9,400,1.7879339741840607,1.3989585116419052,1.9028914049853518,1.488768722176185
1798,85,100,6,LADTransferTreeBoost,0.1,2,1,0.01,0.9,400,4.379040944171814,3.5056964270419795,4.362704081151014,3.504627620468496
1799,85,100,6,MTransferTreeBoost,0.1,2,1,0.01,0.9,400,1.6749236401018845,1.3205079259389632,1.7694976753950322,1.389121837268736
1800,85,100,6,LSTransferTreeBoost,0.1,2,1,0.05,0.1,400,1.7954134600664384,1.4128923705209766,1.9502097584293248,1.5301520777553956
1801,85,100,6,LADTransferTreeBoost,0.1,2,1,0.05,0.1,400,3.4306590774645715,2.786930605968544,3.383419738671622,2.7947027486400535
1802,85,100,6,MTransferTreeBoost,0.1,2,1,0.05,0.1,400,1.5355154395837316,1.2098791812758058,1.632139354750584,1.2843742313412982
1803,85,100,6,LSTransferTreeBoost,0.1,2,1,0.05,0.5,400,1.7809940986666088,1.4098092367263215,1.9355140846482162,1.5262187754483456
1804,85,100,6,LADTransferTreeBoost,0.1,2,1,0.05,0.5,400,2.6293548535883673,2.1073397192573364,2.6140822625548483,2.1422115338897223
1805,85,100,6,MTransferTreeBoost,0.1,2,1,0.05,0.5,400,2.232945547366947,1.7359984585608634,2.3147385230149666,1.807405349295198
1806,85,100,6,LSTransferTreeBoost,0.1,2,1,0.05,0.9,400,1.7926098400472186,1.4135161653669583,1.9385638015389879,1.520575810535596
1807,85,100,6,LADTransferTreeBoost,0.1,2,1,0.05,0.9,400,1.9387543772224656,1.55164539699315,1.9411831126300163,1.5670978739144426
1808,85,100,6,MTransferTreeBoost,0.1,2,1,0.05,0.9,400,1.5411409843726618,1.2085876505461557,1.642079136502758,1.2884738081005334
1809,85,100,6,LSTransferTreeBoost,0.1,2,2,0.0,0.1,400,1.9695199936365868,1.5728876257394018,2.08343884030629,1.6651194588922984
1810,85,100,6,LADTransferTreeBoost,0.1,2,2,0.0,0.1,400,2.0063175725804094,1.5567987913122947,2.0505620970084664,1.6315548141856164
1811,85,100,6,MTransferTreeBoost,0.1,2,2,0.0,0.1,400,1.6920875002117937,1.3331988959095715,1.7738192490255735,1.4021892415120654
1812,85,100,6,LSTransferTreeBoost,0.1,2,2,0.0,0.5,400,1.992549195900759,1.5581564048197425,2.0709423705964536,1.621650822407786
1813,85,100,6,LADTransferTreeBoost,0.1,2,2,0.0,0.5,400,2.040846695582355,1.5917637669205196,2.0666462893418114,1.6334958496628196
1814,85,100,6,MTransferTreeBoost,0.1,2,2,0.0,0.5,400,1.6630574938637115,1.3103300228995118,1.7436760160821956,1.3754596453581822
1815,85,100,6,LSTransferTreeBoost,0.1,2,2,0.0,0.9,400,2.0363893799935684,1.6208500196177014,2.1402414052484966,1.7067546288344162
1816,85,100,6,LADTransferTreeBoost,0.1,2,2,0.0,0.9,400,3.8487871255369934,3.054526483592931,3.8392371765575652,3.068794780459579
1817,85,100,6,MTransferTreeBoost,0.1,2,2,0.0,0.9,400,2.244638117643905,1.7994131206410848,2.291617629421948,1.850958948494015
1818,85,100,6,LSTransferTreeBoost,0.1,2,2,0.01,0.1,400,2.0014171121778506,1.6116841330615561,2.104522384940112,1.69309463826098
1819,85,100,6,LADTransferTreeBoost,0.1,2,2,0.01,0.1,400,1.9151726968460705,1.4932852415546083,1.956192973748553,1.5391513076343302
1820,85,100,6,MTransferTreeBoost,0.1,2,2,0.01,0.1,400,1.7500727266895215,1.3679200589847877,1.8245596028275402,1.446095298021533
1821,85,100,6,LSTransferTreeBoost,0.1,2,2,0.01,0.5,400,1.782172906256087,1.4030754835890586,1.8834395183353498,1.4872584866923888
1822,85,100,6,LADTransferTreeBoost,0.1,2,2,0.01,0.5,400,2.101019104050616,1.623459095802671,2.1219226536874483,1.6711855389599868
1823,85,100,6,MTransferTreeBoost,0.1,2,2,0.01,0.5,400,1.7089806911867271,1.3450875433148222,1.8044948494690818,1.423938645949492
1824,85,100,6,LSTransferTreeBoost,0.1,2,2,0.01,0.9,400,1.916714647760937,1.4995748221351386,2.013573154851983,1.5800303563522937
1825,85,100,6,LADTransferTreeBoost,0.1,2,2,0.01,0.9,400,1.9363998206132127,1.4910831318018682,1.9599430450027608,1.5443816344303931
1826,85,100,6,MTransferTreeBoost,0.1,2,2,0.01,0.9,400,1.7117903145605966,1.3451309595298129,1.7869635765311642,1.4057722117150584
1827,85,100,6,LSTransferTreeBoost,0.1,2,2,0.05,0.1,400,1.9053813536549518,1.4887302046864035,2.048133438660099,1.6212541012116466
1828,85,100,6,LADTransferTreeBoost,0.1,2,2,0.05,0.1,400,2.242228145531854,1.7809485076230767,2.2439163153763357,1.8033427638651065
1829,85,100,6,MTransferTreeBoost,0.1,2,2,0.05,0.1,400,1.6982947190403423,1.3254543469667328,1.7808788943318263,1.4128811536678223
1830,85,100,6,LSTransferTreeBoost,0.1,2,2,0.05,0.5,400,2.171769659522062,1.7361384803345223,2.2450860101605628,1.8143750808604706
1831,85,100,6,LADTransferTreeBoost,0.1,2,2,0.05,0.5,400,1.9628030439769066,1.5160282824620575,1.9915691709923238,1.569893175804378
1832,85,100,6,MTransferTreeBoost,0.1,2,2,0.05,0.5,400,1.64228227460039,1.291403480325365,1.7292131822347951,1.3669204193997753
1833,85,100,6,LSTransferTreeBoost,0.1,2,2,0.05,0.9,400,2.0458737927666073,1.6378646105143446,2.141636898099588,1.7238457980136233
1834,85,100,6,LADTransferTreeBoost,0.1,2,2,0.05,0.9,400,2.2268244204467287,1.7781314179207717,2.2327175509379646,1.7963535585897021
1835,85,100,6,MTransferTreeBoost,0.1,2,2,0.05,0.9,400,1.6359428612889508,1.2785314901683318,1.7290019866956121,1.3673733411919171
1836,85,100,6,LSTransferTreeBoost,0.1,2,3,0.0,0.1,400,2.1539438889212015,1.6801509739519414,2.2572050635687746,1.7643834423944642
1837,85,100,6,LADTransferTreeBoost,0.1,2,3,0.0,0.1,400,2.0301974016076985,1.6123833757767876,2.0641595730455524,1.6639752190040722
1838,85,100,6,MTransferTreeBoost,0.1,2,3,0.0,0.1,400,1.7733461499611507,1.3858287277884336,1.8667840975545835,1.4557313709741293
1839,85,100,6,LSTransferTreeBoost,0.1,2,3,0.0,0.5,400,2.1096399553697984,1.6357153708644738,2.178446840035304,1.6861201888217798
1840,85,100,6,LADTransferTreeBoost,0.1,2,3,0.0,0.5,400,2.0557511111860878,1.608900702715497,2.1007095713034443,1.6567982137269537
1841,85,100,6,MTransferTreeBoost,0.1,2,3,0.0,0.5,400,1.7474268067902672,1.3778781002173854,1.8293387395607543,1.4436539981636665
1842,85,100,6,LSTransferTreeBoost,0.1,2,3,0.0,0.9,400,2.319117159091876,1.8230485481291594,2.368848228294132,1.8682302785566935
1843,85,100,6,LADTransferTreeBoost,0.1,2,3,0.0,0.9,400,4.4214897251716065,3.5425219922533744,4.407950499594056,3.5393614795133845
1844,85,100,6,MTransferTreeBoost,0.1,2,3,0.0,0.9,400,1.9359240099564297,1.5350513330603717,1.982752793064019,1.572629648257575
1845,85,100,6,LSTransferTreeBoost,0.1,2,3,0.01,0.1,400,2.059908862325349,1.604321243715333,2.15204895791174,1.692660559584172
1846,85,100,6,LADTransferTreeBoost,0.1,2,3,0.01,0.1,400,2.3228307661937073,1.8327255957493622,2.310740304991475,1.869335102765966
1847,85,100,6,MTransferTreeBoost,0.1,2,3,0.01,0.1,400,1.7204393236322058,1.3581466561086744,1.815336627008423,1.4246484626586293
1848,85,100,6,LSTransferTreeBoost,0.1,2,3,0.01,0.5,400,2.1067218791932283,1.625084040438806,2.2059831872802005,1.7081429891801299
1849,85,100,6,LADTransferTreeBoost,0.1,2,3,0.01,0.5,400,2.1148153687114606,1.643312757813041,2.1494860593230354,1.7139488016681848
1850,85,100,6,MTransferTreeBoost,0.1,2,3,0.01,0.5,400,1.7594660492689311,1.3839799502250356,1.8307747466777566,1.435945735894019
1851,85,100,6,LSTransferTreeBoost,0.1,2,3,0.01,0.9,400,2.1033215956264497,1.629568858343324,2.1657899937379796,1.6812606042913794
1852,85,100,6,LADTransferTreeBoost,0.1,2,3,0.01,0.9,400,2.158190075805646,1.6582923161443237,2.258767445601504,1.783116426719643
1853,85,100,6,MTransferTreeBoost,0.1,2,3,0.01,0.9,400,1.7234061294040808,1.3587779949242618,1.7977964295540168,1.4135310581585792
1854,85,100,6,LSTransferTreeBoost,0.1,2,3,0.05,0.1,400,2.035841667434992,1.5799398518256293,2.1241898973001714,1.6672774154054582
1855,85,100,6,LADTransferTreeBoost,0.1,2,3,0.05,0.1,400,2.1025397714996177,1.6589903116195128,2.1332971998423846,1.7364886075189563
1856,85,100,6,MTransferTreeBoost,0.1,2,3,0.05,0.1,400,1.7536484849528131,1.388540799473411,1.850862524104323,1.4591365273919599
1857,85,100,6,LSTransferTreeBoost,0.1,2,3,0.05,0.5,400,2.037463627901925,1.5658127134396813,2.09538647093268,1.6487943967580032
1858,85,100,6,LADTransferTreeBoost,0.1,2,3,0.05,0.5,400,1.9818010193838766,1.5413166747109104,2.0546635323032936,1.6438779825660041
1859,85,100,6,MTransferTreeBoost,0.1,2,3,0.05,0.5,400,1.7325095107718325,1.3703371711411956,1.8365672443585923,1.4492874762617516
1860,85,100,6,LSTransferTreeBoost,0.1,2,3,0.05,0.9,400,2.0829321292287704,1.6192527649807507,2.187140135107556,1.7004418875380656
1861,85,100,6,LADTransferTreeBoost,0.1,2,3,0.05,0.9,400,1.9349025921057241,1.491446122766849,1.969548020424925,1.5606931762795289
1862,85,100,6,MTransferTreeBoost,0.1,2,3,0.05,0.9,400,1.7649268376775888,1.3946304865135326,1.8578367329658034,1.4549537851672052
1863,85,100,6,LSTransferTreeBoost,0.1,3,1,0.0,0.1,400,1.7674539561015965,1.3930931224225882,1.8970730374842832,1.4931144326289032
1864,85,100,6,LADTransferTreeBoost,0.1,3,1,0.0,0.1,400,2.63036116551899,2.050835567456438,2.682367250741094,2.114476781148267
1865,85,100,6,MTransferTreeBoost,0.1,3,1,0.0,0.1,400,1.6181174434166221,1.2756968234925492,1.699326663401851,1.337751310007954
1866,85,100,6,LSTransferTreeBoost,0.1,3,1,0.0,0.5,400,2.175702611293329,1.6934424190972173,2.273451514399568,1.7860502898549167
1867,85,100,6,LADTransferTreeBoost,0.1,3,1,0.0,0.5,400,1.8795211591805696,1.4808980355533585,1.886718777309559,1.5148303075671843
1868,85,100,6,MTransferTreeBoost,0.1,3,1,0.0,0.5,400,1.606909846963702,1.26113930949526,1.6999590676198484,1.3368272628300475
1869,85,100,6,LSTransferTreeBoost,0.1,3,1,0.0,0.9,400,2.926487155105281,2.290205639519902,2.9526370669642787,2.3541397606663703
1870,85,100,6,LADTransferTreeBoost,0.1,3,1,0.0,0.9,400,4.262949893757834,3.416217128041507,4.233051559062492,3.4062979003880653
1871,85,100,6,MTransferTreeBoost,0.1,3,1,0.0,0.9,400,3.024512480568103,2.3911559111128646,3.037716003877347,2.434545589384686
1872,85,100,6,LSTransferTreeBoost,0.1,3,1,0.01,0.1,400,1.841226622519819,1.4493043765652525,1.9846753385865916,1.5611998075872706
1873,85,100,6,LADTransferTreeBoost,0.1,3,1,0.01,0.1,400,2.4837514520913313,1.9889464092956999,2.4840459682264835,2.029362717645402
1874,85,100,6,MTransferTreeBoost,0.1,3,1,0.01,0.1,400,1.582478455344834,1.2474459176284853,1.6715714564152415,1.321073814074834
1875,85,100,6,LSTransferTreeBoost,0.1,3,1,0.01,0.5,400,1.7840298434961515,1.3979937905593343,1.8866738884827148,1.4770070000858508
1876,85,100,6,LADTransferTreeBoost,0.1,3,1,0.01,0.5,400,2.1729266020180633,1.7014364642108626,2.220897189949064,1.7650142324853924
1877,85,100,6,MTransferTreeBoost,0.1,3,1,0.01,0.5,400,1.6065336853272665,1.265889262141503,1.6887504515509475,1.3265760616456241
1878,85,100,6,LSTransferTreeBoost,0.1,3,1,0.01,0.9,400,1.7831670311872534,1.3910277610332107,1.8826248586243275,1.4679451713679796
1879,85,100,6,LADTransferTreeBoost,0.1,3,1,0.01,0.9,400,4.201515564603622,3.362310070187521,4.170483541325889,3.353478240204231
1880,85,100,6,MTransferTreeBoost,0.1,3,1,0.01,0.9,400,1.6480088264154469,1.299298293746428,1.7404011017298968,1.3661733598560892
1881,85,100,6,LSTransferTreeBoost,0.1,3,1,0.05,0.1,400,1.8016209755891401,1.4199449535162563,1.9398568174826514,1.522381427459395
1882,85,100,6,LADTransferTreeBoost,0.1,3,1,0.05,0.1,400,2.558798029610424,2.0473291769520805,2.552032784912217,2.0857264524056256
1883,85,100,6,MTransferTreeBoost,0.1,3,1,0.05,0.1,400,1.5235545991292194,1.1933305282910625,1.616263291988852,1.2677084766547086
1884,85,100,6,LSTransferTreeBoost,0.1,3,1,0.05,0.5,400,1.8482743423878236,1.4573275192065611,2.002461974834006,1.5778432291527695
1885,85,100,6,LADTransferTreeBoost,0.1,3,1,0.05,0.5,400,2.0782381462396353,1.6579895210489366,2.0992535746947873,1.7085672192836536
1886,85,100,6,MTransferTreeBoost,0.1,3,1,0.05,0.5,400,1.5546460814735463,1.2283376635430732,1.6418107393258954,1.3005345517836955
1887,85,100,6,LSTransferTreeBoost,0.1,3,1,0.05,0.9,400,1.7810178942015207,1.400605158713679,1.9265646580664328,1.510283848574478
1888,85,100,6,LADTransferTreeBoost,0.1,3,1,0.05,0.9,400,1.9914257484463198,1.5662047218935222,2.0395725976079615,1.6278496481602516
1889,85,100,6,MTransferTreeBoost,0.1,3,1,0.05,0.9,400,1.5204819962404985,1.1930622537338336,1.6175650909948938,1.2711208366726072
1890,85,100,6,LSTransferTreeBoost,0.1,3,2,0.0,0.1,400,1.9325015802417778,1.5410625481846607,2.0395260160153095,1.6277727825828145
1891,85,100,6,LADTransferTreeBoost,0.1,3,2,0.0,0.1,400,1.8128762289301181,1.421255455127965,1.8487330542223537,1.4661296164025377
1892,85,100,6,MTransferTreeBoost,0.1,3,2,0.0,0.1,400,1.624192590367254,1.278198311395588,1.7086584491675425,1.3575216792951414
1893,85,100,6,LSTransferTreeBoost,0.1,3,2,0.0,0.5,400,2.028470329474989,1.5912313444389514,2.1094739659605533,1.6663394563190217
1894,85,100,6,LADTransferTreeBoost,0.1,3,2,0.0,0.5,400,1.9183603725295333,1.4855076695645717,1.9450746218314703,1.5426644827913907
1895,85,100,6,MTransferTreeBoost,0.1,3,2,0.0,0.5,400,1.6723122976392109,1.3190463001641974,1.753493576958061,1.3858556815161043
1896,85,100,6,LSTransferTreeBoost,0.1,3,2,0.0,0.9,400,2.403378090126976,1.8759779766273472,2.500428947428521,1.9686224467650364
1897,85,100,6,LADTransferTreeBoost,0.1,3,2,0.0,0.9,400,3.6718240510598794,2.9149677017859568,3.655048297206731,2.9181647790011227
1898,85,100,6,MTransferTreeBoost,0.1,3,2,0.0,0.9,400,2.9231860718626943,2.283382055009962,2.987498266360042,2.343799286488161
1899,85,100,6,LSTransferTreeBoost,0.1,3,2,0.01,0.1,400,1.9646924098474128,1.5858111725589283,2.070462838379621,1.6690350945782286
1900,85,100,6,LADTransferTreeBoost,0.1,3,2,0.01,0.1,400,1.8049102765719705,1.4259628161161217,1.8356673525712908,1.4819193745045132
1901,85,100,6,MTransferTreeBoost,0.1,3,2,0.01,0.1,400,1.6225146824846437,1.276838096712877,1.7033216425274043,1.3508978918286294
1902,85,100,6,LSTransferTreeBoost,0.1,3,2,0.01,0.5,400,1.811478223315209,1.4263100808231202,1.9129793677908393,1.521769074465573
1903,85,100,6,LADTransferTreeBoost,0.1,3,2,0.01,0.5,400,2.1029408875371356,1.6306106732447316,2.1310816376007895,1.688833427321951
1904,85,100,6,MTransferTreeBoost,0.1,3,2,0.01,0.5,400,1.6961971686790895,1.331553800920914,1.7859488163366684,1.4142847114946913
1905,85,100,6,LSTransferTreeBoost,0.1,3,2,0.01,0.9,400,1.9626247037995022,1.540394792843574,2.054821677395847,1.6056705727047886
1906,85,100,6,LADTransferTreeBoost,0.1,3,2,0.01,0.9,400,2.0225995409841144,1.5740684672872545,2.058899724920125,1.6238142804551954
1907,85,100,6,MTransferTreeBoost,0.1,3,2,0.01,0.9,400,1.7369227830804597,1.3732775095478378,1.8184804501123204,1.4396803895704775
1908,85,100,6,LSTransferTreeBoost,0.1,3,2,0.05,0.1,400,2.1920670672016427,1.7716268236898312,2.2718312216136556,1.858468957142765
1909,85,100,6,LADTransferTreeBoost,0.1,3,2,0.05,0.1,400,2.306427169730304,1.837358672421576,2.307223337682567,1.8853523690196126
1910,85,100,6,MTransferTreeBoost,0.1,3,2,0.05,0.1,400,1.6780206712632837,1.3125062355849837,1.761676359218917,1.3959915768318727
1911,85,100,6,LSTransferTreeBoost,0.1,3,2,0.05,0.5,400,2.544204131112473,2.0324539685105716,2.570588599218363,2.0873058479182345
1912,85,100,6,LADTransferTreeBoost,0.1,3,2,0.05,0.5,400,2.0954418624558344,1.6254857423072278,2.131029238577888,1.700353889199839
1913,85,100,6,MTransferTreeBoost,0.1,3,2,0.05,0.5,400,1.6920237313315358,1.3238079485008953,1.7600483564511884,1.390933864114861
1914,85,100,6,LSTransferTreeBoost,0.1,3,2,0.05,0.9,400,2.0157601013324844,1.616826114975871,2.0963292097111514,1.6946381110850826
1915,85,100,6,LADTransferTreeBoost,0.1,3,2,0.05,0.9,400,1.7805176299819485,1.397234126861766,1.8221790794149935,1.4540214679149608
1916,85,100,6,MTransferTreeBoost,0.1,3,2,0.05,0.9,400,1.6533486535380961,1.3030909188841147,1.739802553410301,1.3768349126952404
1917,85,100,6,LSTransferTreeBoost,0.1,3,3,0.0,0.1,400,1.9834762759492568,1.53709867958201,2.0601995342887265,1.6231882340607626
1918,85,100,6,LADTransferTreeBoost,0.1,3,3,0.0,0.1,400,2.2317122006378174,1.724483797917446,2.3057497235964144,1.8310964094030058
1919,85,100,6,MTransferTreeBoost,0.1,3,3,0.0,0.1,400,1.740388427022861,1.3697441288275827,1.8239941210901947,1.4333335949837518
1920,85,100,6,LSTransferTreeBoost,0.1,3,3,0.0,0.5,400,2.1417162591781387,1.6572972349792605,2.2181217753292715,1.709469298483282
1921,85,100,6,LADTransferTreeBoost,0.1,3,3,0.0,0.5,400,2.0951444229017837,1.6350703265372357,2.1433013960862435,1.7131844292700231
1922,85,100,6,MTransferTreeBoost,0.1,3,3,0.0,0.5,400,1.7426614897151607,1.3713332033159027,1.8184021103277335,1.4368064598907153
1923,85,100,6,LSTransferTreeBoost,0.1,3,3,0.0,0.9,400,2.4639585059843636,1.9881273690775703,2.4849354482071093,2.0199721790757565
1924,85,100,6,LADTransferTreeBoost,0.1,3,3,0.0,0.9,400,3.0534573006863304,2.391759986340844,3.107058731787327,2.458660521781454
1925,85,100,6,MTransferTreeBoost,0.1,3,3,0.0,0.9,400,1.9949665618706813,1.5872703432864492,2.069062821992209,1.6457719376928288
1926,85,100,6,LSTransferTreeBoost,0.1,3,3,0.01,0.1,400,2.0316499587923658,1.5842761685815585,2.1562481374732614,1.6929415148959979
1927,85,100,6,LADTransferTreeBoost,0.1,3,3,0.01,0.1,400,2.144653591501814,1.6750956232433103,2.2268845838348272,1.757304489537491
1928,85,100,6,MTransferTreeBoost,0.1,3,3,0.01,0.1,400,1.7673441162849715,1.3911360866319455,1.8335695345330136,1.4515487641704294
1929,85,100,6,LSTransferTreeBoost,0.1,3,3,0.01,0.5,400,2.0762476595899693,1.6049627662796977,2.1548759463313307,1.6830572343642312
1930,85,100,6,LADTransferTreeBoost,0.1,3,3,0.01,0.5,400,2.0191861672371134,1.584924507815692,2.084837700939323,1.6747446213537591
1931,85,100,6,MTransferTreeBoost,0.1,3,3,0.01,0.5,400,1.7992263103620036,1.4095620056077194,1.8926838040396647,1.4859212179463552
1932,85,100,6,LSTransferTreeBoost,0.1,3,3,0.01,0.9,400,2.019766528357417,1.5574071465304824,2.1273567508775253,1.636416801589869
1933,85,100,6,LADTransferTreeBoost,0.1,3,3,0.01,0.9,400,2.0592859493566094,1.6078679071477595,2.1548814098253786,1.709179472471662
1934,85,100,6,MTransferTreeBoost,0.1,3,3,0.01,0.9,400,1.7519414704717564,1.3888905668365432,1.8629629938699304,1.4728275880226833
1935,85,100,6,LSTransferTreeBoost,0.1,3,3,0.05,0.1,400,2.0792907956181694,1.59529153261529,2.1490946333101943,1.6854690825821226
1936,85,100,6,LADTransferTreeBoost,0.1,3,3,0.05,0.1,400,2.0518139270319193,1.597196274982075,2.1205913780459373,1.7010124875146493
1937,85,100,6,MTransferTreeBoost,0.1,3,3,0.05,0.1,400,1.7848657866614166,1.4049874356871623,1.8772608245069198,1.481209393658694
1938,85,100,6,LSTransferTreeBoost,0.1,3,3,0.05,0.5,400,2.052905155961338,1.5884300120715427,2.111173947804007,1.6643324587745605
1939,85,100,6,LADTransferTreeBoost,0.1,3,3,0.05,0.5,400,2.004870721429239,1.5748848341687371,2.0540365558357725,1.635489707598764
1940,85,100,6,MTransferTreeBoost,0.1,3,3,0.05,0.5,400,1.782572441975769,1.3972706936284298,1.8686559006559698,1.474918675107429
1941,85,100,6,LSTransferTreeBoost,0.1,3,3,0.05,0.9,400,2.0320285187599727,1.5651792680580816,2.1091280830297925,1.6410613514088366
1942,85,100,6,LADTransferTreeBoost,0.1,3,3,0.05,0.9,400,2.1635670349929836,1.6747566826122422,2.212397836714378,1.7592406746323805
1943,85,100,6,MTransferTreeBoost,0.1,3,3,0.05,0.9,400,1.7851081132153404,1.4057727302966532,1.89267379087367,1.4928485397352043
1944,85,300,6,LSTransferTreeBoost,0.05,1,1,0.0,0.1,400,2.540220449246625,2.0402450544421367,2.497395951093996,2.041917869336003
1945,85,300,6,LADTransferTreeBoost,0.05,1,1,0.0,0.1,400,3.450837583548878,2.793868491411575,3.3526204352142894,2.7337996651036818
1946,85,300,6,MTransferTreeBoost,0.05,1,1,0.0,0.1,400,1.4280694111506642,1.1438386333100015,1.4431094441387324,1.1524153254195821
1947,85,300,6,LSTransferTreeBoost,0.05,1,1,0.0,0.5,400,1.9989780137304143,1.529406199203441,2.0285137375098854,1.5600550596762068
1948,85,300,6,LADTransferTreeBoost,0.05,1,1,0.0,0.5,400,1.9525595343235045,1.5670789869754969,1.9611063827854966,1.5935187930169477
1949,85,300,6,MTransferTreeBoost,0.05,1,1,0.0,0.5,400,1.8002500570808377,1.4419370894476387,1.7776058642752226,1.4341233357082863
1950,85,300,6,LSTransferTreeBoost,0.05,1,1,0.0,0.9,400,3.0277946829027615,2.427355860910073,2.984220392242605,2.4403638739811577
1951,85,300,6,LADTransferTreeBoost,0.05,1,1,0.0,0.9,400,4.124316157590819,3.299426615081129,4.0917948083671005,3.289856859244075
1952,85,300,6,MTransferTreeBoost,0.05,1,1,0.0,0.9,400,3.0045619182672794,2.405834953031153,2.9631916415375446,2.4175821648496223
1953,85,300,6,LSTransferTreeBoost,0.05,1,1,0.01,0.1,400,2.0138749272998013,1.607621239955031,2.0140183322517857,1.6231535720191008
1954,85,300,6,LADTransferTreeBoost,0.05,1,1,0.01,0.1,400,3.490442352262588,2.8270301596064438,3.392600665678824,2.766660638903227
1955,85,300,6,MTransferTreeBoost,0.05,1,1,0.01,0.1,400,1.4186573478943998,1.1356952035646743,1.435828028166484,1.1453313454663943
1956,85,300,6,LSTransferTreeBoost,0.05,1,1,0.01,0.5,400,2.297924751762447,1.8361617492225668,2.271824472628367,1.84387388277826
1957,85,300,6,LADTransferTreeBoost,0.05,1,1,0.01,0.5,400,2.1960486742543885,1.769425502799412,2.1608361166387557,1.7511771856656468
1958,85,300,6,MTransferTreeBoost,0.05,1,1,0.01,0.5,400,1.4317252513927132,1.1462989576276381,1.4490506768804408,1.155007935509307
1959,85,300,6,LSTransferTreeBoost,0.05,1,1,0.01,0.9,400,2.1048201792914285,1.6899137753093876,2.1035022160937915,1.7073717090342575
1960,85,300,6,LADTransferTreeBoost,0.05,1,1,0.01,0.9,400,2.533540711933332,2.045607952474731,2.5037257790319525,2.0534037196186863
1961,85,300,6,MTransferTreeBoost,0.05,1,1,0.01,0.9,400,1.4804456402357686,1.1867584845722463,1.4904006961389429,1.1889470915199232
1962,85,300,6,LSTransferTreeBoost,0.05,1,1,0.05,0.1,400,2.5374253563016897,2.0449101037639896,2.4928055190446843,2.042130035976456
1963,85,300,6,LADTransferTreeBoost,0.05,1,1,0.05,0.1,400,3.5944685542024777,2.9165163072018068,3.490116126839286,2.8482697925290017
1964,85,300,6,MTransferTreeBoost,0.05,1,1,0.05,0.1,400,1.384464259055159,1.1054619786694406,1.4073115704900914,1.124113166391634
1965,85,300,6,LSTransferTreeBoost,0.05,1,1,0.05,0.5,400,2.7159272694869854,2.1909516685832635,2.6687414936680427,2.1932688746938167
1966,85,300,6,LADTransferTreeBoost,0.05,1,1,0.05,0.5,400,3.3474491333657292,2.7056770597457063,3.259588065856421,2.6618963357920014
1967,85,300,6,MTransferTreeBoost,0.05,1,1,0.05,0.5,400,1.3930558357982075,1.1130127732151291,1.4144373354695112,1.1297912613135723
1968,85,300,6,LSTransferTreeBoost,0.05,1,1,0.05,0.9,400,2.3492408108334923,1.8845195046029344,2.3152286304765295,1.882191618418342
1969,85,300,6,LADTransferTreeBoost,0.05,1,1,0.05,0.9,400,2.246965525363608,1.8126635722267366,2.2011335286488802,1.7738605657246034
1970,85,300,6,MTransferTreeBoost,0.05,1,1,0.05,0.9,400,1.395099051601207,1.115875362665147,1.4155643412711365,1.129116449238607
1971,85,300,6,LSTransferTreeBoost,0.05,1,2,0.0,0.1,400,2.624704949848944,2.1158169980296644,2.5723207463328537,2.109577798734389
1972,85,300,6,LADTransferTreeBoost,0.05,1,2,0.0,0.1,400,3.2339797986203154,2.621878288769173,3.128696282154044,2.5471866484002574
1973,85,300,6,MTransferTreeBoost,0.05,1,2,0.0,0.1,400,1.4603708410048521,1.1641400701259494,1.4738202852358713,1.1819088305283814
1974,85,300,6,LSTransferTreeBoost,0.05,1,2,0.0,0.5,400,1.698523804547751,1.310685739836261,1.792916993652104,1.3662344035689484
1975,85,300,6,LADTransferTreeBoost,0.05,1,2,0.0,0.5,400,1.6025384766119155,1.264452581250092,1.6101370301344269,1.2870085452204694
1976,85,300,6,MTransferTreeBoost,0.05,1,2,0.0,0.5,400,1.4357252433153183,1.1441852153540435,1.4567905919449393,1.1585879612844305
1977,85,300,6,LSTransferTreeBoost,0.05,1,2,0.0,0.9,400,3.0851568183533917,2.4429934488885254,3.059573030341423,2.451447515898643
1978,85,300,6,LADTransferTreeBoost,0.05,1,2,0.0,0.9,400,2.630454592820233,2.078126911498629,2.655217427517604,2.130861651825804
1979,85,300,6,MTransferTreeBoost,0.05,1,2,0.0,0.9,400,2.5575873110320453,2.04419759918825,2.5111940003215416,2.0494393417681365
1980,85,300,6,LSTransferTreeBoost,0.05,1,2,0.01,0.1,400,2.6424724940060607,2.130979913910471,2.5803127730457187,2.1100615068754798
1981,85,300,6,LADTransferTreeBoost,0.05,1,2,0.01,0.1,400,2.50219527207017,2.033544053354445,2.4241626049062934,1.9738804212026082
1982,85,300,6,MTransferTreeBoost,0.05,1,2,0.01,0.1,400,1.43626006968084,1.1463699832291208,1.4481108489459442,1.1603134900808987
1983,85,300,6,LSTransferTreeBoost,0.05,1,2,0.01,0.5,400,2.173661909352015,1.729001520112538,2.1748995585718487,1.747385434828646
1984,85,300,6,LADTransferTreeBoost,0.05,1,2,0.01,0.5,400,1.5157580505445598,1.2115947277078836,1.526515781476519,1.2338856950010029
1985,85,300,6,MTransferTreeBoost,0.05,1,2,0.01,0.5,400,1.4599632754883975,1.1642210382807447,1.4694391084284468,1.1789528858024398
1986,85,300,6,LSTransferTreeBoost,0.05,1,2,0.01,0.9,400,1.703315621666874,1.3072005247641592,1.7863015885773286,1.3505147643894801
1987,85,300,6,LADTransferTreeBoost,0.05,1,2,0.01,0.9,400,1.4568577686173005,1.158258136088632,1.484848518921825,1.198650712498124
1988,85,300,6,MTransferTreeBoost,0.05,1,2,0.01,0.9,400,1.4481015945177154,1.1590920741953437,1.4541588220879713,1.1681996071546163
1989,85,300,6,LSTransferTreeBoost,0.05,1,2,0.05,0.1,400,2.670045893196809,2.158615314401831,2.6118712225082406,2.1419684571258024
1990,85,300,6,LADTransferTreeBoost,0.05,1,2,0.05,0.1,400,3.4428812464617193,2.8036110185984655,3.34067962436204,2.73495297553316
1991,85,300,6,MTransferTreeBoost,0.05,1,2,0.05,0.1,400,1.4351994250409645,1.1467953343045807,1.4384781541363858,1.1584382768258552
1992,85,300,6,LSTransferTreeBoost,0.05,1,2,0.05,0.5,400,1.7384032767159863,1.3667872406297163,1.790725863395229,1.405249350217753
1993,85,300,6,LADTransferTreeBoost,0.05,1,2,0.05,0.5,400,3.139100570304221,2.532579477669755,3.0645797631682568,2.4990982783791593
1994,85,300,6,MTransferTreeBoost,0.05,1,2,0.05,0.5,400,1.4769668029548262,1.1809964779221578,1.4940517506690008,1.1958715196154763
1995,85,300,6,LSTransferTreeBoost,0.05,1,2,0.05,0.9,400,2.603174310366186,2.097022562347929,2.5521983036124243,2.0880616712939664
1996,85,300,6,LADTransferTreeBoost,0.05,1,2,0.05,0.9,400,2.123844654412303,1.7105645813233792,2.079719904957999,1.687979755975532
1997,85,300,6,MTransferTreeBoost,0.05,1,2,0.05,0.9,400,1.4676328431319234,1.1699189407237973,1.4831170680846486,1.1901964300149779
1998,85,300,6,LSTransferTreeBoost,0.05,1,3,0.0,0.1,400,1.8712992955119137,1.4751587510586959,1.8470437901585035,1.4527871944020518
1999,85,300,6,LADTransferTreeBoost,0.05,1,3,0.0,0.1,400,2.04706642232909,1.6513645232572238,2.0139345158640642,1.636580592410588
2000,85,300,6,MTransferTreeBoost,0.05,1,3,0.0,0.1,400,1.4275174239012223,1.1545146023410486,1.428601572254828,1.1511025547171754
2001,85,300,6,LSTransferTreeBoost,0.05,1,3,0.0,0.5,400,1.7382008001703193,1.3247708760982528,1.7436034407429144,1.3315006867198735
2002,85,300,6,LADTransferTreeBoost,0.05,1,3,0.0,0.5,400,1.6437070045113196,1.3041870308971792,1.6639817993905652,1.3301477245529143
2003,85,300,6,MTransferTreeBoost,0.05,1,3,0.0,0.5,400,1.4082810993156112,1.1296766797420301,1.4144300503345106,1.1386436422129496
2004,85,300,6,LSTransferTreeBoost,0.05,1,3,0.0,0.9,400,2.3862244776039283,1.902523591475518,2.3313691985610707,1.8960798482239911
2005,85,300,6,LADTransferTreeBoost,0.05,1,3,0.0,0.9,400,2.914808455038099,2.2894468755052695,2.9301849742098693,2.305472270024631
2006,85,300,6,MTransferTreeBoost,0.05,1,3,0.0,0.9,400,2.381730046425499,1.9055070459128178,2.3216810259827,1.8912734651165861
2007,85,300,6,LSTransferTreeBoost,0.05,1,3,0.01,0.1,400,2.0109247319825974,1.5935650911735848,1.9601522570425254,1.5668994304658623
2008,85,300,6,LADTransferTreeBoost,0.05,1,3,0.01,0.1,400,1.5591193551045137,1.2462694960607137,1.5579029023442874,1.253088485898868
2009,85,300,6,MTransferTreeBoost,0.05,1,3,0.01,0.1,400,1.435248685752568,1.1562042431228579,1.4271601533265466,1.149708764114378
2010,85,300,6,LSTransferTreeBoost,0.05,1,3,0.01,0.5,400,1.8588226448743768,1.4515100651952393,1.823730936046947,1.4301929039313095
2011,85,300,6,LADTransferTreeBoost,0.05,1,3,0.01,0.5,400,1.9552111540644177,1.5623701225155446,1.951590172169863,1.5745638710014873
2012,85,300,6,MTransferTreeBoost,0.05,1,3,0.01,0.5,400,1.4056733679445013,1.1346755233935923,1.3978924896575973,1.128718853320454
2013,85,300,6,LSTransferTreeBoost,0.05,1,3,0.01,0.9,400,1.803995369503292,1.3991513904375974,1.7731322550519697,1.377528375535815
2014,85,300,6,LADTransferTreeBoost,0.05,1,3,0.01,0.9,400,1.47590392285789,1.1739805199638178,1.5289703907057095,1.226316320713587
2015,85,300,6,MTransferTreeBoost,0.05,1,3,0.01,0.9,400,1.4140262816329054,1.1404388862077404,1.4113230392575804,1.139908788137347
2016,85,300,6,LSTransferTreeBoost,0.05,1,3,0.05,0.1,400,2.0704786792155714,1.6531979333852145,2.005033134430364,1.605395371766736
2017,85,300,6,LADTransferTreeBoost,0.05,1,3,0.05,0.1,400,2.1075514535273028,1.6806655742332084,2.0770335222255665,1.6702834664529609
2018,85,300,6,MTransferTreeBoost,0.05,1,3,0.05,0.1,400,1.4241858293206688,1.1480206183994857,1.4127986516414628,1.1390937065936104
2019,85,300,6,LSTransferTreeBoost,0.05,1,3,0.05,0.5,400,1.9211341541780107,1.5052313832301176,1.8826986229259086,1.4790251342624061
2020,85,300,6,LADTransferTreeBoost,0.05,1,3,0.05,0.5,400,1.7521139304588915,1.3554367065779607,1.7945902615658302,1.405965790306894
2021,85,300,6,MTransferTreeBoost,0.05,1,3,0.05,0.5,400,1.4113621730382788,1.1362005726248567,1.423371778067388,1.1453174807590623
2022,85,300,6,LSTransferTreeBoost,0.05,1,3,0.05,0.9,400,1.886996892175369,1.4874823528418988,1.840632013771554,1.4596799158362048
2023,85,300,6,LADTransferTreeBoost,0.05,1,3,0.05,0.9,400,1.6658869836458832,1.3095841570036735,1.695729905410286,1.3335076532853232
2024,85,300,6,MTransferTreeBoost,0.05,1,3,0.05,0.9,400,1.4205151366688922,1.145593518620915,1.4089559636125366,1.1407610506281984
2025,85,300,6,LSTransferTreeBoost,0.05,2,1,0.0,0.1,400,1.7424612078945583,1.3659595166025797,1.7976063527773154,1.4095209129186115
2026,85,300,6,LADTransferTreeBoost,0.05,2,1,0.0,0.1,400,3.5405910096950857,2.853499504866693,3.443231161786044,2.811636876067429
2027,85,300,6,MTransferTreeBoost,0.05,2,1,0.0,0.1,400,1.4139832399255716,1.1320600603373296,1.4303330194858366,1.1413591986375573
2028,85,300,6,LSTransferTreeBoost,0.05,2,1,0.0,0.5,400,2.0346181240952323,1.535622460896027,2.0544106560832702,1.5586560967219278
2029,85,300,6,LADTransferTreeBoost,0.05,2,1,0.0,0.5,400,1.9842434948900267,1.587896846366831,1.9639498718601618,1.596624243024201
2030,85,300,6,MTransferTreeBoost,0.05,2,1,0.0,0.5,400,1.7872197341018685,1.4318461072732056,1.7705732403158436,1.428922779524045
2031,85,300,6,LSTransferTreeBoost,0.05,2,1,0.0,0.9,400,3.012741301446617,2.4158571767711474,2.9747455300484758,2.4340326042744973
2032,85,300,6,LADTransferTreeBoost,0.05,2,1,0.0,0.9,400,3.84786473002304,3.0465985307032506,3.8645426909264087,3.065824194234114
2033,85,300,6,MTransferTreeBoost,0.05,2,1,0.0,0.9,400,2.9907983179461715,2.395888002866406,2.9523097067070787,2.4113123913543535
2034,85,300,6,LSTransferTreeBoost,0.05,2,1,0.01,0.1,400,2.0156106739974526,1.5837543813989492,2.0737032178624393,1.6379135462950467
2035,85,300,6,LADTransferTreeBoost,0.05,2,1,0.01,0.1,400,3.433339534300043,2.7674676616693072,3.3433019184463038,2.73160722634617
2036,85,300,6,MTransferTreeBoost,0.05,2,1,0.01,0.1,400,1.483097797940773,1.1914909398871127,1.4871384624787929,1.1883095957450491
2037,85,300,6,LSTransferTreeBoost,0.05,2,1,0.01,0.5,400,1.8813598920419052,1.4618023600116539,1.94980631487497,1.5160059529042371
2038,85,300,6,LADTransferTreeBoost,0.05,2,1,0.01,0.5,400,1.9459271101173534,1.569357557302176,1.9403572914783604,1.5777698767426027
2039,85,300,6,MTransferTreeBoost,0.05,2,1,0.01,0.5,400,1.450355996007877,1.163008816167768,1.45964732263094,1.168464860100719
2040,85,300,6,LSTransferTreeBoost,0.05,2,1,0.01,0.9,400,1.9811488083738702,1.5344857312586957,2.0396977920722406,1.5849891760685766
2041,85,300,6,LADTransferTreeBoost,0.05,2,1,0.01,0.9,400,1.7615816370964215,1.3831790382773175,1.8050642502696725,1.449658667129283
2042,85,300,6,MTransferTreeBoost,0.05,2,1,0.01,0.9,400,1.484448832670073,1.1919031819429124,1.494185173704684,1.1930488876688687
2043,85,300,6,LSTransferTreeBoost,0.05,2,1,0.05,0.1,400,2.7926731809630736,2.25711620608424,2.7401393908083205,2.254417775889841
2044,85,300,6,LADTransferTreeBoost,0.05,2,1,0.05,0.1,400,3.4565807435536984,2.7894863331234716,3.3638367472079405,2.746854492271811
2045,85,300,6,MTransferTreeBoost,0.05,2,1,0.05,0.1,400,1.5161355001108374,1.2189478968868748,1.5137611858649234,1.211738180402928
2046,85,300,6,LSTransferTreeBoost,0.05,2,1,0.05,0.5,400,2.687925763698173,2.175701355596423,2.634296746389381,2.1622688296347876
2047,85,300,6,LADTransferTreeBoost,0.05,2,1,0.05,0.5,400,3.2664365999041376,2.63832514125801,3.1888443508038606,2.6065856200070714
2048,85,300,6,MTransferTreeBoost,0.05,2,1,0.05,0.5,400,1.518503189737529,1.2198970322457017,1.5167520327592783,1.213748537317334
2049,85,300,6,LSTransferTreeBoost,0.05,2,1,0.05,0.9,400,2.679767193110534,2.1615142492661708,2.638490605010867,2.167778168440923
2050,85,300,6,LADTransferTreeBoost,0.05,2,1,0.05,0.9,400,2.71627971339176,2.1888097506888813,2.66679733675282,2.1707018250732077
2051,85,300,6,MTransferTreeBoost,0.05,2,1,0.05,0.9,400,1.5215985418343827,1.2219492791409694,1.5217550559470472,1.2195940686147992
2052,85,300,6,LSTransferTreeBoost,0.05,2,2,0.0,0.1,400,2.0765968888388806,1.6627953817483412,2.0713762696882823,1.6722390249913262
2053,85,300,6,LADTransferTreeBoost,0.05,2,2,0.0,0.1,400,3.479576076224647,2.7960802045516107,3.394562453947077,2.7553069806581347
2054,85,300,6,MTransferTreeBoost,0.05,2,2,0.0,0.1,400,1.451236501760967,1.1598019949543568,1.460839162736984,1.1756563271448015
2055,85,300,6,LSTransferTreeBoost,0.05,2,2,0.0,0.5,400,1.6300325518523717,1.2463187749468796,1.7309040779443488,1.3077045129105929
2056,85,300,6,LADTransferTreeBoost,0.05,2,2,0.0,0.5,400,1.5853833315993808,1.2538376099180861,1.6101688567693357,1.29486331081811
2057,85,300,6,MTransferTreeBoost,0.05,2,2,0.0,0.5,400,1.4293340717082554,1.1392451740391014,1.4501177456034835,1.156197823824662
2058,85,300,6,LSTransferTreeBoost,0.05,2,2,0.0,0.9,400,3.0635849089838465,2.4270326836859875,3.0484801078712946,2.4367832552624793
2059,85,300,6,LADTransferTreeBoost,0.05,2,2,0.0,0.9,400,4.138689973829002,3.315764252011501,4.1149205013892,3.3100618827586294
2060,85,300,6,MTransferTreeBoost,0.05,2,2,0.0,0.9,400,2.542742634670432,2.0342538171195197,2.499409597486212,2.0415914313628196
2061,85,300,6,LSTransferTreeBoost,0.05,2,2,0.01,0.1,400,1.8414080580222378,1.4589207616528554,1.8676208502992795,1.4887453978452998
2062,85,300,6,LADTransferTreeBoost,0.05,2,2,0.01,0.1,400,1.8517310231792612,1.4902140898258103,1.8086775283555587,1.4595870380791143
2063,85,300,6,MTransferTreeBoost,0.05,2,2,0.01,0.1,400,1.4673360167721654,1.1723023617601909,1.4707811375938233,1.1826850793447676
2064,85,300,6,LSTransferTreeBoost,0.05,2,2,0.01,0.5,400,2.136978840857185,1.7102050006676184,2.115340953793554,1.7030023979686246
2065,85,300,6,LADTransferTreeBoost,0.05,2,2,0.01,0.5,400,1.870964213391729,1.499852649086339,1.8441016548516262,1.4960751945941722
2066,85,300,6,MTransferTreeBoost,0.05,2,2,0.01,0.5,400,1.4531952588714079,1.1584513801995768,1.4644047831347162,1.1802874156837346
2067,85,300,6,LSTransferTreeBoost,0.05,2,2,0.01,0.9,400,1.7032786569970892,1.3341788321907548,1.7650362192560485,1.3726277015361392
2068,85,300,6,LADTransferTreeBoost,0.05,2,2,0.01,0.9,400,1.4939030034034166,1.1878791555770176,1.5125893151394467,1.2204554052428367
2069,85,300,6,MTransferTreeBoost,0.05,2,2,0.01,0.9,400,1.4387276334807797,1.147868984847846,1.4547586528847205,1.1683118817636045
2070,85,300,6,LSTransferTreeBoost,0.05,2,2,0.05,0.1,400,2.767201058624754,2.2400642059398845,2.695189669725218,2.2119956222705035
2071,85,300,6,LADTransferTreeBoost,0.05,2,2,0.05,0.1,400,2.252757819805698,1.827597832298985,2.1876477202618183,1.7749835593083272
2072,85,300,6,MTransferTreeBoost,0.05,2,2,0.05,0.1,400,1.4663401579498483,1.1802625066457832,1.4579501607155834,1.1792642036236591
2073,85,300,6,LSTransferTreeBoost,0.05,2,2,0.05,0.5,400,1.7126961146893382,1.3480164740826404,1.7607299525920381,1.3816865717680982
2074,85,300,6,LADTransferTreeBoost,0.05,2,2,0.05,0.5,400,2.2837038809905037,1.840072351791785,2.2224965764797084,1.800458898563626
2075,85,300,6,MTransferTreeBoost,0.05,2,2,0.05,0.5,400,1.4677750969790084,1.1748281025152973,1.478180824316147,1.1890916374792435
2076,85,300,6,LSTransferTreeBoost,0.05,2,2,0.05,0.9,400,2.0594969439184725,1.649321891791158,2.04774350959099,1.6471467074380142
2077,85,300,6,LADTransferTreeBoost,0.05,2,2,0.05,0.9,400,2.967441051914186,2.3956881443314733,2.9086034620068615,2.3658522653782037
2078,85,300,6,MTransferTreeBoost,0.05,2,2,0.05,0.9,400,1.4481019479082462,1.1571332710937139,1.4550032809542046,1.1712499815249062
2079,85,300,6,LSTransferTreeBoost,0.05,2,3,0.0,0.1,400,1.6637156672376663,1.2598803797701514,1.6905635677692166,1.2813472052141055
2080,85,300,6,LADTransferTreeBoost,0.05,2,3,0.0,0.1,400,1.645242771772113,1.2893114973000157,1.6669518143536628,1.314601980397876
2081,85,300,6,MTransferTreeBoost,0.05,2,3,0.0,0.1,400,1.417909264640352,1.1391306641971615,1.412074648440499,1.1386984526512476
2082,85,300,6,LSTransferTreeBoost,0.05,2,3,0.0,0.5,400,1.9085921353830606,1.4707152714422378,1.861062649616199,1.452461332326887
2083,85,300,6,LADTransferTreeBoost,0.05,2,3,0.0,0.5,400,1.5285010537549575,1.2126718641587977,1.5674431306700134,1.2481841008754357
2084,85,300,6,MTransferTreeBoost,0.05,2,3,0.0,0.5,400,1.4064476811439985,1.1316867687686185,1.4103043094494139,1.1355418005599291
2085,85,300,6,LSTransferTreeBoost,0.05,2,3,0.0,0.9,400,3.161809874831754,2.4902564269973353,3.1340996891192043,2.490099845273525
2086,85,300,6,LADTransferTreeBoost,0.05,2,3,0.0,0.9,400,3.001595613818519,2.3878358901716057,2.9819130014904496,2.4128893874658077
2087,85,300,6,MTransferTreeBoost,0.05,2,3,0.0,0.9,400,2.335838842483509,1.870092346016305,2.2793046514611723,1.8578289697214347
2088,85,300,6,LSTransferTreeBoost,0.05,2,3,0.01,0.1,400,1.9342841993163296,1.5279121551797705,1.9046235981025532,1.5040279981040885
2089,85,300,6,LADTransferTreeBoost,0.05,2,3,0.01,0.1,400,1.6645870679898878,1.3413775048772072,1.6494063912847257,1.3335756582297524
2090,85,300,6,MTransferTreeBoost,0.05,2,3,0.01,0.1,400,1.4255113915099882,1.1469233534988266,1.4223239573377586,1.1497836187795811
2091,85,300,6,LSTransferTreeBoost,0.05,2,3,0.01,0.5,400,1.7971725104981624,1.3818595888997074,1.747785881059033,1.3582687360838348
2092,85,300,6,LADTransferTreeBoost,0.05,2,3,0.01,0.5,400,1.6972989673898935,1.358924852210705,1.7084489909832328,1.3716245005007652
2093,85,300,6,MTransferTreeBoost,0.05,2,3,0.01,0.5,400,1.4192025356273938,1.1453329823009433,1.4074478442899014,1.1400103369833263
2094,85,300,6,LSTransferTreeBoost,0.05,2,3,0.01,0.9,400,1.7200073094339607,1.2955849511007105,1.7144904929175666,1.2946615642864003
2095,85,300,6,LADTransferTreeBoost,0.05,2,3,0.01,0.9,400,1.7337212017709398,1.3642190264499872,1.7614101377608877,1.3984454771366748
2096,85,300,6,MTransferTreeBoost,0.05,2,3,0.01,0.9,400,1.4065186409589399,1.1323654597707355,1.406087252282346,1.1327387187912574
2097,85,300,6,LSTransferTreeBoost,0.05,2,3,0.05,0.1,400,1.807671407346648,1.4265502293117343,1.7841171844527801,1.4079602802641815
2098,85,300,6,LADTransferTreeBoost,0.05,2,3,0.05,0.1,400,1.575744633379733,1.2455363954602459,1.5914290727391835,1.262304473104447
2099,85,300,6,MTransferTreeBoost,0.05,2,3,0.05,0.1,400,1.42876283000807,1.1563797982774326,1.4172092350551864,1.144077952078328
2100,85,300,6,LSTransferTreeBoost,0.05,2,3,0.05,0.5,400,1.9057359241482035,1.4958531410706168,1.868014754368411,1.4617456113651448
2101,85,300,6,LADTransferTreeBoost,0.05,2,3,0.05,0.5,400,1.6638299015940228,1.2890333633741402,1.6682646663100167,1.3086302759881105
2102,85,300,6,MTransferTreeBoost,0.05,2,3,0.05,0.5,400,1.4141508983008584,1.1387912170749819,1.4097176924012027,1.1380755187241722
2103,85,300,6,LSTransferTreeBoost,0.05,2,3,0.05,0.9,400,1.6772983497086638,1.2647606322562588,1.6802793991192102,1.2785220473179786
2104,85,300,6,LADTransferTreeBoost,0.05,2,3,0.05,0.9,400,1.525669644751528,1.1886232314008893,1.5782738016711686,1.2329724858469153
2105,85,300,6,MTransferTreeBoost,0.05,2,3,0.05,0.9,400,1.4419806750690773,1.1612943364434696,1.436892146614767,1.15669043638837
2106,85,300,6,LSTransferTreeBoost,0.05,3,1,0.0,0.1,400,2.7970693390303056,2.27181767463394,2.748281498217157,2.2562747359439475
2107,85,300,6,LADTransferTreeBoost,0.05,3,1,0.0,0.1,400,3.2710781084404115,2.6452596396400723,3.172550454308234,2.5768618268514745
2108,85,300,6,MTransferTreeBoost,0.05,3,1,0.0,0.1,400,1.5051027913317296,1.2104537820308194,1.5096296745315565,1.2069704308809222
2109,85,300,6,LSTransferTreeBoost,0.05,3,1,0.0,0.5,400,1.9039399345149388,1.4958104646829125,1.941855071957184,1.5430634732086221
2110,85,300,6,LADTransferTreeBoost,0.05,3,1,0.0,0.5,400,1.8744681634665303,1.5001802680150973,1.8742263185541521,1.5323942436516715
2111,85,300,6,MTransferTreeBoost,0.05,3,1,0.0,0.5,400,1.6899474379979833,1.351051449841376,1.686366001499443,1.3538329865709455
2112,85,300,6,LSTransferTreeBoost,0.05,3,1,0.0,0.9,400,2.9937204323330233,2.4018729771512115,2.964359075714931,2.426866104123395
2113,85,300,6,LADTransferTreeBoost,0.05,3,1,0.0,0.9,400,3.739846523720012,3.0051458424008337,3.662551189002587,2.9707303373859406
2114,85,300,6,MTransferTreeBoost,0.05,3,1,0.0,0.9,400,2.974933325562342,2.384987319142993,2.9446930013034596,2.4062972140973606
2115,85,300,6,LSTransferTreeBoost,0.05,3,1,0.01,0.1,400,2.999570349394626,2.429796813912671,2.941980676372228,2.421269164770183
2116,85,300,6,LADTransferTreeBoost,0.05,3,1,0.01,0.1,400,3.46769442795372,2.8093347931262476,3.367818528540533,2.7471529391318117
2117,85,300,6,MTransferTreeBoost,0.05,3,1,0.01,0.1,400,1.5051294118377845,1.2103290295791125,1.5068068459720836,1.2064302716182815
2118,85,300,6,LSTransferTreeBoost,0.05,3,1,0.01,0.5,400,1.6698691815682,1.2895717922928103,1.7481215600556672,1.3583288179685509
2119,85,300,6,LADTransferTreeBoost,0.05,3,1,0.01,0.5,400,2.1874292645142996,1.764829622447,2.157841090423064,1.767116670552888
2120,85,300,6,MTransferTreeBoost,0.05,3,1,0.01,0.5,400,1.4992590164088437,1.2051287690378505,1.5060926859771797,1.2033309600417743
2121,85,300,6,LSTransferTreeBoost,0.05,3,1,0.01,0.9,400,1.7398465690028948,1.3737961384233868,1.7891995797263676,1.4058426208080141
2122,85,300,6,LADTransferTreeBoost,0.05,3,1,0.01,0.9,400,2.3434612525175287,1.885467012646872,2.297019871101106,1.8632613754362626
2123,85,300,6,MTransferTreeBoost,0.05,3,1,0.01,0.9,400,1.5095712857155419,1.2132139317572814,1.5142032644602053,1.210045351889329
2124,85,300,6,LSTransferTreeBoost,0.05,3,1,0.05,0.1,400,3.05584829563478,2.4820022167001534,2.9900688702057976,2.462012376080115
2125,85,300,6,LADTransferTreeBoost,0.05,3,1,0.05,0.1,400,3.4905309840961825,2.830345083106169,3.3901179243620208,2.7634226067722043
2126,85,300,6,MTransferTreeBoost,0.05,3,1,0.05,0.1,400,1.512119772101787,1.2145541704967697,1.508792399446444,1.207124882294041
2127,85,300,6,LSTransferTreeBoost,0.05,3,1,0.05,0.5,400,2.8489546667239014,2.3071475313336123,2.8064244268671326,2.3057417553782042
2128,85,300,6,LADTransferTreeBoost,0.05,3,1,0.05,0.5,400,3.166978438804316,2.5564834496923488,3.08845726742838,2.525884551373081
2129,85,300,6,MTransferTreeBoost,0.05,3,1,0.05,0.5,400,1.5110513072353153,1.2141117775034242,1.5102763915573034,1.209930096768689
2130,85,300,6,LSTransferTreeBoost,0.05,3,1,0.05,0.9,400,1.674781688161125,1.3090794214072006,1.7505299661461784,1.3640836855387721
2131,85,300,6,LADTransferTreeBoost,0.05,3,1,0.05,0.9,400,2.8856289422510617,2.3223520421304973,2.822050617887397,2.3107742032882497
2132,85,300,6,MTransferTreeBoost,0.05,3,1,0.05,0.9,400,1.523210384284046,1.2240002913254366,1.5198429734205585,1.218256223964837
2133,85,300,6,LSTransferTreeBoost,0.05,3,2,0.0,0.1,400,1.6831684608692303,1.3174109278096409,1.7315208389165113,1.3439740418793262
2134,85,300,6,LADTransferTreeBoost,0.05,3,2,0.0,0.1,400,1.6021072409268564,1.2782791866125023,1.5919434431157466,1.2845543183865562
2135,85,300,6,MTransferTreeBoost,0.05,3,2,0.0,0.1,400,1.4570417700289953,1.1676330171208937,1.4547377621120328,1.1791660334034786
2136,85,300,6,LSTransferTreeBoost,0.05,3,2,0.0,0.5,400,1.6486990967759387,1.279873985799707,1.7311332351181181,1.3343126416685058
2137,85,300,6,LADTransferTreeBoost,0.05,3,2,0.0,0.5,400,1.6015319320094692,1.271461729717546,1.6149540092331172,1.296969658087537
2138,85,300,6,MTransferTreeBoost,0.05,3,2,0.0,0.5,400,1.3989760361315702,1.1159093113483918,1.437218025663661,1.1483392324112651
2139,85,300,6,LSTransferTreeBoost,0.05,3,2,0.0,0.9,400,2.9983559497887473,2.3797394546157564,2.9841393977143658,2.400143485306095
2140,85,300,6,LADTransferTreeBoost,0.05,3,2,0.0,0.9,400,3.6386300391132425,2.903235743663222,3.650084194649871,2.916333152618703
2141,85,300,6,MTransferTreeBoost,0.05,3,2,0.0,0.9,400,2.510729931935817,2.015194298970639,2.478759578959848,2.0270819097055233
2142,85,300,6,LSTransferTreeBoost,0.05,3,2,0.01,0.1,400,1.7988354726953883,1.4249155591101916,1.8402031810412292,1.450790026579686
2143,85,300,6,LADTransferTreeBoost,0.05,3,2,0.01,0.1,400,1.7293756541972802,1.3824027826818075,1.717925317698677,1.3883904245375125
2144,85,300,6,MTransferTreeBoost,0.05,3,2,0.01,0.1,400,1.5004206842731782,1.2071135172091736,1.4947550390561133,1.2098046338239223
2145,85,300,6,LSTransferTreeBoost,0.05,3,2,0.01,0.5,400,1.7010826903587712,1.3295220569365693,1.7801520093591021,1.380236429890079
2146,85,300,6,LADTransferTreeBoost,0.05,3,2,0.01,0.5,400,1.9129970744330707,1.5400680255234875,1.8694113717033511,1.513541379637367
2147,85,300,6,MTransferTreeBoost,0.05,3,2,0.01,0.5,400,1.4548978597664874,1.1628226493843425,1.462606398085231,1.1792829033733756
2148,85,300,6,LSTransferTreeBoost,0.05,3,2,0.01,0.9,400,1.7472228073849083,1.3723368464741779,1.8139411978532527,1.4139328236334416
2149,85,300,6,LADTransferTreeBoost,0.05,3,2,0.01,0.9,400,1.4547138959814745,1.154915366160608,1.5012109393460695,1.2112178390565567
2150,85,300,6,MTransferTreeBoost,0.05,3,2,0.01,0.9,400,1.4681784470117543,1.1737947529170827,1.4816263887719896,1.1953788337724023
2151,85,300,6,LSTransferTreeBoost,0.05,3,2,0.05,0.1,400,1.8323908604415633,1.4362344288616833,1.8810984749548951,1.4695815085504882
2152,85,300,6,LADTransferTreeBoost,0.05,3,2,0.05,0.1,400,3.3374716566834906,2.696391607374174,3.2433234551182863,2.6421966295112664
2153,85,300,6,MTransferTreeBoost,0.05,3,2,0.05,0.1,400,1.5122896692924204,1.2142670404290374,1.5002889419298873,1.2159152699601146
2154,85,300,6,LSTransferTreeBoost,0.05,3,2,0.05,0.5,400,1.9351709679563909,1.5432315633622156,1.9480542572192185,1.5576072876455598
2155,85,300,6,LADTransferTreeBoost,0.05,3,2,0.05,0.5,400,2.0978247391420917,1.6821051577226267,2.048124999094729,1.650323066648903
2156,85,300,6,MTransferTreeBoost,0.05,3,2,0.05,0.5,400,1.4945122102755493,1.2021234893321588,1.4910117266034195,1.2057283381252872
2157,85,300,6,LSTransferTreeBoost,0.05,3,2,0.05,0.9,400,1.9058429430516342,1.5169353572956314,1.9221420982185458,1.536226692754579
2158,85,300,6,LADTransferTreeBoost,0.05,3,2,0.05,0.9,400,2.3885337165696563,1.932753017426701,2.333403217261964,1.89717794488795
2159,85,300,6,MTransferTreeBoost,0.05,3,2,0.05,0.9,400,1.475084198731922,1.186365077526158,1.4695024813781865,1.1878936361252737
2160,85,300,6,LSTransferTreeBoost,0.05,3,3,0.0,0.1,400,1.9333880685933051,1.5293745567465233,1.8991061037449224,1.5077009037101101
2161,85,300,6,LADTransferTreeBoost,0.05,3,3,0.0,0.1,400,1.7954975565832594,1.4448132850013158,1.7354894264248808,1.406688626197024
2162,85,300,6,MTransferTreeBoost,0.05,3,3,0.0,0.1,400,1.4220168792607268,1.149644769932456,1.4129878430217804,1.145829621597646
2163,85,300,6,LSTransferTreeBoost,0.05,3,3,0.0,0.5,400,1.7177141609351245,1.3046519078955305,1.7143787154324321,1.307213404203772
2164,85,300,6,LADTransferTreeBoost,0.05,3,3,0.0,0.5,400,1.5449595210752978,1.2236077305189765,1.5746669213270026,1.2621898503426126
2165,85,300,6,MTransferTreeBoost,0.05,3,3,0.0,0.5,400,1.4057984108646124,1.1283948472370382,1.4173281265519133,1.139733486794189
2166,85,300,6,LSTransferTreeBoost,0.05,3,3,0.0,0.9,400,2.1866628374458674,1.7394199259928804,2.16285139497193,1.7469139255702084
2167,85,300,6,LADTransferTreeBoost,0.05,3,3,0.0,0.9,400,2.9650693047531536,2.3650421978083624,2.9100142708107266,2.3569727177605766
2168,85,300,6,MTransferTreeBoost,0.05,3,3,0.0,0.9,400,2.421217435584258,1.9396423660383562,2.3817877789750184,1.945500767382743
2169,85,300,6,LSTransferTreeBoost,0.05,3,3,0.01,0.1,400,1.8534136679658626,1.4427197475826725,1.8241966980704505,1.4298561794727986
2170,85,300,6,LADTransferTreeBoost,0.05,3,3,0.01,0.1,400,1.7355536326133136,1.3977406937383452,1.6704337927931863,1.3491892241383898
2171,85,300,6,MTransferTreeBoost,0.05,3,3,0.01,0.1,400,1.4131150251643803,1.1400464354549138,1.4087943115164265,1.1360750971009381
2172,85,300,6,LSTransferTreeBoost,0.05,3,3,0.01,0.5,400,1.8181281495827106,1.3916969505847125,1.7842336312719584,1.370820601451056
2173,85,300,6,LADTransferTreeBoost,0.05,3,3,0.01,0.5,400,1.5470446057663496,1.235112586260993,1.5697469679126934,1.2550386840468968
2174,85,300,6,MTransferTreeBoost,0.05,3,3,0.01,0.5,400,1.4155736026823957,1.1405447756653886,1.4068407845045297,1.1331686597586206
2175,85,300,6,LSTransferTreeBoost,0.05,3,3,0.01,0.9,400,1.8863649623186995,1.4642699557404995,1.8438850950806953,1.4400801434773922
2176,85,300,6,LADTransferTreeBoost,0.05,3,3,0.01,0.9,400,1.6208738322090352,1.2658566786601644,1.6449086550288916,1.3089253089514672
2177,85,300,6,MTransferTreeBoost,0.05,3,3,0.01,0.9,400,1.4243916177379896,1.1466284544627396,1.4032102726678228,1.1303203134899231
2178,85,300,6,LSTransferTreeBoost,0.05,3,3,0.05,0.1,400,1.903464123024796,1.4929605334369467,1.860346989244937,1.4657998367663359
2179,85,300,6,LADTransferTreeBoost,0.05,3,3,0.05,0.1,400,1.5070653741603524,1.2033623283011614,1.4885902118923784,1.1932418876694795
2180,85,300,6,MTransferTreeBoost,0.05,3,3,0.05,0.1,400,1.4353521141178314,1.1563032583777344,1.4289958073556277,1.1519952889475804
2181,85,300,6,LSTransferTreeBoost,0.05,3,3,0.05,0.5,400,1.8849457578493818,1.4953442602480345,1.849832385242026,1.4702537468004144
2182,85,300,6,LADTransferTreeBoost,0.05,3,3,0.05,0.5,400,1.568174899502492,1.24489348783375,1.5776060934834277,1.2647130067285917
2183,85,300,6,MTransferTreeBoost,0.05,3,3,0.05,0.5,400,1.4161347483104652,1.1411821923041776,1.4059375925788504,1.1375267860998215
2184,85,300,6,LSTransferTreeBoost,0.05,3,3,0.05,0.9,400,1.8415480943930058,1.4495959897636552,1.8103178694595086,1.4355601671469045
2185,85,300,6,LADTransferTreeBoost,0.05,3,3,0.05,0.9,400,2.121463528371711,1.7167357788739372,2.094177862451937,1.7113251019590017
2186,85,300,6,MTransferTreeBoost,0.05,3,3,0.05,0.9,400,1.4002768459551338,1.129002952098163,1.402477380567611,1.133643838341063
2187,85,300,6,LSTransferTreeBoost,0.1,1,1,0.0,0.1,400,1.9722673567785172,1.5690124124660774,1.9832058552094216,1.5921745638483835
2188,85,300,6,LADTransferTreeBoost,0.1,1,1,0.0,0.1,400,2.1105220178699406,1.6976429034425629,2.060946562218567,1.6666628475991394
2189,85,300,6,MTransferTreeBoost,0.1,1,1,0.0,0.1,400,1.467773520713534,1.176470338027528,1.4768689060955238,1.1783153399623971
2190,85,300,6,LSTransferTreeBoost,0.1,1,1,0.0,0.5,400,1.8490745930213524,1.3868024318221224,1.898157037954245,1.4184303355328594
2191,85,300,6,LADTransferTreeBoost,0.1,1,1,0.0,0.5,400,1.5338524137925558,1.2244892018227755,1.5516273082837644,1.2486713499634725
2192,85,300,6,MTransferTreeBoost,0.1,1,1,0.0,0.5,400,1.3901015155326895,1.1111767540895774,1.4119326083721389,1.127010233776902
2193,85,300,6,LSTransferTreeBoost,0.1,1,1,0.0,0.9,400,2.9119317293282694,2.320060975620997,2.895964333017761,2.344212685792497
2194,85,300,6,LADTransferTreeBoost,0.1,1,1,0.0,0.9,400,3.95430385984772,3.183020578507688,3.878611952317171,3.1508465384747826
2195,85,300,6,MTransferTreeBoost,0.1,1,1,0.0,0.9,400,2.5952440872604754,2.089655423830288,2.545132189702676,2.089238081841496
2196,85,300,6,LSTransferTreeBoost,0.1,1,1,0.01,0.1,400,1.855424620245707,1.4732897504839009,1.8985114836661512,1.5073239300382406
2197,85,300,6,LADTransferTreeBoost,0.1,1,1,0.01,0.1,400,3.4361052556616953,2.7862968092474714,3.3250069859548628,2.708742767993631
2198,85,300,6,MTransferTreeBoost,0.1,1,1,0.01,0.1,400,1.3781356390776818,1.0997284990932834,1.3993247568507443,1.1186436162188302
2199,85,300,6,LSTransferTreeBoost,0.1,1,1,0.01,0.5,400,1.6996753871623085,1.3491374270218517,1.7577488962939154,1.391535245272753
2200,85,300,6,LADTransferTreeBoost,0.1,1,1,0.01,0.5,400,2.57427340626838,2.075772762699633,2.5268445021589643,2.069630493233298
2201,85,300,6,MTransferTreeBoost,0.1,1,1,0.01,0.5,400,1.3874735763433623,1.107689600814789,1.4054778599720807,1.1250441828344082
2202,85,300,6,LSTransferTreeBoost,0.1,1,1,0.01,0.9,400,1.828800701226656,1.4610077630178389,1.8871035841768644,1.5061340026890429
2203,85,300,6,LADTransferTreeBoost,0.1,1,1,0.01,0.9,400,1.6043213132167604,1.261176235139242,1.6418767604420272,1.3125919785916458
2204,85,300,6,MTransferTreeBoost,0.1,1,1,0.01,0.9,400,1.4388181939157116,1.1543899313083403,1.4500125926863525,1.1567377503337215
2205,85,300,6,LSTransferTreeBoost,0.1,1,1,0.05,0.1,400,2.766452930547754,2.228958941058814,2.7108647956407816,2.2248464987855407
2206,85,300,6,LADTransferTreeBoost,0.1,1,1,0.05,0.1,400,3.5504528544896483,2.8810731842406527,3.4451782324602354,2.809379188998197
2207,85,300,6,MTransferTreeBoost,0.1,1,1,0.05,0.1,400,1.3948592610997843,1.1160314310268715,1.4119125937085073,1.1303304392499163
2208,85,300,6,LSTransferTreeBoost,0.1,1,1,0.05,0.5,400,2.49478484714102,1.9999761772174631,2.4480723517873337,1.998160404222847
2209,85,300,6,LADTransferTreeBoost,0.1,1,1,0.05,0.5,400,2.2636279524973864,1.8215080121268814,2.222480603889467,1.7985243430805065
2210,85,300,6,MTransferTreeBoost,0.1,1,1,0.05,0.5,400,1.3674408329605356,1.0896724841292218,1.3903316626672482,1.1140067372636786
2211,85,300,6,LSTransferTreeBoost,0.1,1,1,0.05,0.9,400,2.2837421139340144,1.8259354557389254,2.2611717120839505,1.8324757913981318
2212,85,300,6,LADTransferTreeBoost,0.1,1,1,0.05,0.9,400,1.826367437997011,1.4698543828768376,1.794891689804435,1.437264867593115
2213,85,300,6,MTransferTreeBoost,0.1,1,1,0.05,0.9,400,1.3938225120767123,1.114896531353162,1.4138111363351515,1.131619242826113
2214,85,300,6,LSTransferTreeBoost,0.1,1,2,0.0,0.1,400,1.6213786517498125,1.2654853039988843,1.71430599435291,1.3159448048286086
2215,85,300,6,LADTransferTreeBoost,0.1,1,2,0.0,0.1,400,1.6607796828247605,1.3436222825083954,1.6362234104317637,1.328484772909224
2216,85,300,6,MTransferTreeBoost,0.1,1,2,0.0,0.1,400,1.406420418217952,1.1243154411170648,1.4109813390607497,1.1381538518755774
2217,85,300,6,LSTransferTreeBoost,0.1,1,2,0.0,0.5,400,1.6629874314596058,1.275534697770401,1.746391185205193,1.3241778185625672
2218,85,300,6,LADTransferTreeBoost,0.1,1,2,0.0,0.5,400,1.4314688088440384,1.138888895282173,1.4561780658918182,1.1740124793877333
2219,85,300,6,MTransferTreeBoost,0.1,1,2,0.0,0.5,400,1.4092715841799581,1.1193132906072605,1.436792235392311,1.1431482131744584
2220,85,300,6,LSTransferTreeBoost,0.1,1,2,0.0,0.9,400,3.0397210219889845,2.4081483551732212,3.038275935465064,2.4234626634648557
2221,85,300,6,LADTransferTreeBoost,0.1,1,2,0.0,0.9,400,4.314363177489757,3.4516800350657575,4.302086009135909,3.451792783056132
2222,85,300,6,MTransferTreeBoost,0.1,1,2,0.0,0.9,400,1.980662877722484,1.5623961858905935,1.9624416304700274,1.5614085144085574
2223,85,300,6,LSTransferTreeBoost,0.1,1,2,0.01,0.1,400,1.6864733107647556,1.315344561260085,1.7675644261308163,1.3648181374297113
2224,85,300,6,LADTransferTreeBoost,0.1,1,2,0.01,0.1,400,2.3552247500570394,1.914387609697725,2.300606322061457,1.8663196955402346
2225,85,300,6,MTransferTreeBoost,0.1,1,2,0.01,0.1,400,1.4675028943735005,1.175366520084422,1.4605032170689296,1.1778508971429686
2226,85,300,6,LSTransferTreeBoost,0.1,1,2,0.01,0.5,400,1.6781731880135644,1.2910531730670525,1.7476011436285839,1.326270832169491
2227,85,300,6,LADTransferTreeBoost,0.1,1,2,0.01,0.5,400,1.5210494226900968,1.1956470715798615,1.5448103281342682,1.247294892380657
2228,85,300,6,MTransferTreeBoost,0.1,1,2,0.01,0.5,400,1.4537546464715558,1.1629643347160723,1.4694432739389094,1.1757246328185793
2229,85,300,6,LSTransferTreeBoost,0.1,1,2,0.01,0.9,400,1.7171419091584894,1.2833598541556053,1.8197204093550428,1.3326181494689069
2230,85,300,6,LADTransferTreeBoost,0.1,1,2,0.01,0.9,400,4.113814939260631,3.281897960017221,4.105120198178695,3.2885109061053655
2231,85,300,6,MTransferTreeBoost,0.1,1,2,0.01,0.9,400,1.4353392424251883,1.1501044052154188,1.445818510915601,1.162225443601376
2232,85,300,6,LSTransferTreeBoost,0.1,1,2,0.05,0.1,400,1.7277309294730863,1.3733043844718273,1.7692303426856004,1.3901399951789397
2233,85,300,6,LADTransferTreeBoost,0.1,1,2,0.05,0.1,400,2.3608947402210902,1.9054822933359312,2.282709550860676,1.8557201637059744
2234,85,300,6,MTransferTreeBoost,0.1,1,2,0.05,0.1,400,1.4218414664059322,1.1380882594062125,1.4267358292687924,1.145716773967063
2235,85,300,6,LSTransferTreeBoost,0.1,1,2,0.05,0.5,400,2.2733427350530078,1.8361549984532912,2.2449470656269717,1.8298753793895122
2236,85,300,6,LADTransferTreeBoost,0.1,1,2,0.05,0.5,400,2.123595656537048,1.7129155443253288,2.092264881292833,1.7074272571153286
2237,85,300,6,MTransferTreeBoost,0.1,1,2,0.05,0.5,400,1.4515658609421715,1.1691158267238457,1.4406731048835428,1.1642522858867834
2238,85,300,6,LSTransferTreeBoost,0.1,1,2,0.05,0.9,400,1.6821259270001347,1.3035570346898953,1.7410669300991712,1.335170436507037
2239,85,300,6,LADTransferTreeBoost,0.1,1,2,0.05,0.9,400,1.6192213784051033,1.292280196024621,1.6076273473737406,1.3003073368488518
2240,85,300,6,MTransferTreeBoost,0.1,1,2,0.05,0.9,400,1.4587909229871756,1.1625035446758734,1.455027405875571,1.166514721521907
2241,85,300,6,LSTransferTreeBoost,0.1,1,3,0.0,0.1,400,1.8978508609735119,1.4935311560574382,1.8826794482359976,1.4921683557012329
2242,85,300,6,LADTransferTreeBoost,0.1,1,3,0.0,0.1,400,1.6653724359697544,1.3414777715379513,1.6500643550116245,1.3229417408115265
2243,85,300,6,MTransferTreeBoost,0.1,1,3,0.0,0.1,400,1.4438082501156557,1.1662666821776595,1.4296257000351402,1.1504188688459522
2244,85,300,6,LSTransferTreeBoost,0.1,1,3,0.0,0.5,400,1.6271516963984818,1.2424521920463785,1.6638358814789285,1.2638113208532231
2245,85,300,6,LADTransferTreeBoost,0.1,1,3,0.0,0.5,400,1.517432554949991,1.1954708922454516,1.5730691485977712,1.2505656977852955
2246,85,300,6,MTransferTreeBoost,0.1,1,3,0.0,0.5,400,1.41928129285905,1.1372302363482176,1.42853105809267,1.1446641359742886
2247,85,300,6,LSTransferTreeBoost,0.1,1,3,0.0,0.9,400,2.1229210745003737,1.671159955036901,2.100512565382693,1.6762667093574672
2248,85,300,6,LADTransferTreeBoost,0.1,1,3,0.0,0.9,400,3.458078233431574,2.7689679551926503,3.405005373317914,2.754371627331644
2249,85,300,6,MTransferTreeBoost,0.1,1,3,0.0,0.9,400,2.8488430472518274,2.276443259612741,2.7702676068729226,2.259709936200632
2250,85,300,6,LSTransferTreeBoost,0.1,1,3,0.01,0.1,400,1.7183198660804424,1.2833430248725886,1.7156015168066305,1.291334583979001
2251,85,300,6,LADTransferTreeBoost,0.1,1,3,0.01,0.1,400,1.9316503049496874,1.5476507301905593,1.9563637344735487,1.5707836342789618
2252,85,300,6,MTransferTreeBoost,0.1,1,3,0.01,0.1,400,1.421159099729459,1.1426637917171356,1.4020962132421946,1.1238471622132893
2253,85,300,6,LSTransferTreeBoost,0.1,1,3,0.01,0.5,400,1.792487549299928,1.3655115710334258,1.767829468462679,1.3560686979457668
2254,85,300,6,LADTransferTreeBoost,0.1,1,3,0.01,0.5,400,1.514977066316454,1.2017775667969912,1.541017920463273,1.227188326758655
2255,85,300,6,MTransferTreeBoost,0.1,1,3,0.01,0.5,400,1.4060591550681227,1.1370270974867132,1.4160206620069293,1.1400309529918813
2256,85,300,6,LSTransferTreeBoost,0.1,1,3,0.01,0.9,400,1.7559539341224735,1.3437480815347203,1.7440943167151866,1.3351408351153695
2257,85,300,6,LADTransferTreeBoost,0.1,1,3,0.01,0.9,400,1.6307745324283198,1.2834172545861198,1.6511261262358095,1.3116394654001637
2258,85,300,6,MTransferTreeBoost,0.1,1,3,0.01,0.9,400,1.4026724134805937,1.1308065327350096,1.3919832987944114,1.1153862031917041
2259,85,300,6,LSTransferTreeBoost,0.1,1,3,0.05,0.1,400,2.0423527534573656,1.6291021236814913,1.998700781266379,1.5883241793915504
2260,85,300,6,LADTransferTreeBoost,0.1,1,3,0.05,0.1,400,2.506870677364467,2.078492754743945,2.46669013878545,2.061280128384427
2261,85,300,6,MTransferTreeBoost,0.1,1,3,0.05,0.1,400,1.4370994775508836,1.1565784513967767,1.4271847917341138,1.1494598795719058
2262,85,300,6,LSTransferTreeBoost,0.1,1,3,0.05,0.5,400,1.9608642268055911,1.536486483335617,1.9097807027787446,1.5165385021275433
2263,85,300,6,LADTransferTreeBoost,0.1,1,3,0.05,0.5,400,2.5944945230753564,2.082951909244795,2.5640359653067284,2.075603184483926
2264,85,300,6,MTransferTreeBoost,0.1,1,3,0.05,0.5,400,1.4320050058282967,1.160308993002703,1.429094929356382,1.159738925145323
2265,85,300,6,LSTransferTreeBoost,0.1,1,3,0.05,0.9,400,1.8785950306071042,1.4857049354673681,1.8255411510867516,1.4443667345596927
2266,85,300,6,LADTransferTreeBoost,0.1,1,3,0.05,0.9,400,1.6710427751361074,1.3321212200389165,1.659805810798809,1.3321556892447157
2267,85,300,6,MTransferTreeBoost,0.1,1,3,0.05,0.9,400,1.4226983739209718,1.147677647950942,1.4156679566742882,1.1397883014532644
2268,85,300,6,LSTransferTreeBoost,0.1,2,1,0.0,0.1,400,1.7979604505516875,1.3490378410809651,1.8784592106157658,1.4169258900596153
2269,85,300,6,LADTransferTreeBoost,0.1,2,1,0.0,0.1,400,3.348051757642185,2.7104848653173685,3.2615921455740398,2.6615139948439324
2270,85,300,6,MTransferTreeBoost,0.1,2,1,0.0,0.1,400,1.3676629737177377,1.0901599127365116,1.3863420115882676,1.1105841766613185
2271,85,300,6,LSTransferTreeBoost,0.1,2,1,0.0,0.5,400,1.9239530827065832,1.5017005358773354,1.9776352602585623,1.5535391197654986
2272,85,300,6,LADTransferTreeBoost,0.1,2,1,0.0,0.5,400,1.6787699153646523,1.3238223792349029,1.6672762328831938,1.34193785799451
2273,85,300,6,MTransferTreeBoost,0.1,2,1,0.0,0.5,400,1.5165214122620847,1.2172539447450863,1.518049343017652,1.2113618610286132
2274,85,300,6,LSTransferTreeBoost,0.1,2,1,0.0,0.9,400,2.883068025483498,2.300763735604919,2.877001385775014,2.3313878156761123
2275,85,300,6,LADTransferTreeBoost,0.1,2,1,0.0,0.9,400,3.693281457777246,2.975537889707243,3.6303557858332423,2.9697142098317793
2276,85,300,6,MTransferTreeBoost,0.1,2,1,0.0,0.9,400,2.6132202331274867,2.1050139352826425,2.573929934643696,2.1155089055367826
2277,85,300,6,LSTransferTreeBoost,0.1,2,1,0.01,0.1,400,2.0521613308970905,1.594899578415319,2.102083658977718,1.6392117312152212
2278,85,300,6,LADTransferTreeBoost,0.1,2,1,0.01,0.1,400,3.427363460084519,2.772505522841152,3.3379259294516306,2.7233689833038572
2279,85,300,6,MTransferTreeBoost,0.1,2,1,0.01,0.1,400,1.474799452128005,1.1838828119021159,1.4809469308476284,1.1862668629735857
2280,85,300,6,LSTransferTreeBoost,0.1,2,1,0.01,0.5,400,1.6992067886054243,1.2881323763779156,1.778548255117482,1.3602575129099295
2281,85,300,6,LADTransferTreeBoost,0.1,2,1,0.01,0.5,400,1.6271765577295165,1.2797073070702427,1.6566086295273625,1.324464541212017
2282,85,300,6,MTransferTreeBoost,0.1,2,1,0.01,0.5,400,1.443537993667475,1.1573297654240637,1.4560661780708004,1.1639025103617364
2283,85,300,6,LSTransferTreeBoost,0.1,2,1,0.01,0.9,400,1.7409939638499994,1.34521653643454,1.7895059985526147,1.382067801525081
2284,85,300,6,LADTransferTreeBoost,0.1,2,1,0.01,0.9,400,1.3546503053777663,1.0724180436394477,1.3749899721343644,1.1025526171148445
2285,85,300,6,MTransferTreeBoost,0.1,2,1,0.01,0.9,400,1.4714856220441492,1.1803572516542133,1.4788315315140437,1.1812168341407436
2286,85,300,6,LSTransferTreeBoost,0.1,2,1,0.05,0.1,400,2.1816336562290624,1.7103705352117868,2.243304016114074,1.7632843049170697
2287,85,300,6,LADTransferTreeBoost,0.1,2,1,0.05,0.1,400,3.49051987887166,2.8268869564613093,3.396244987470733,2.7699612207865663
2288,85,300,6,MTransferTreeBoost,0.1,2,1,0.05,0.1,400,1.5254720152243169,1.2240899313106588,1.5227060112862776,1.2199654639736977
2289,85,300,6,LSTransferTreeBoost,0.1,2,1,0.05,0.5,400,2.371138872718032,1.8313371963955356,2.4322408338207975,1.877532042228965
2290,85,300,6,LADTransferTreeBoost,0.1,2,1,0.05,0.5,400,2.867800698933387,2.311963311290346,2.809793192422086,2.290676311815908
2291,85,300,6,MTransferTreeBoost,0.1,2,1,0.05,0.5,400,1.5140778330812614,1.2164111877931667,1.5138632641744247,1.2142273774137466
2292,85,300,6,LSTransferTreeBoost,0.1,2,1,0.05,0.9,400,1.8739464017727647,1.4644590727111044,1.9490922735982774,1.5135756383364765
2293,85,300,6,LADTransferTreeBoost,0.1,2,1,0.05,0.9,400,2.9668251518550384,2.409570728479655,2.89932430515261,2.3691612377451565
2294,85,300,6,MTransferTreeBoost,0.1,2,1,0.05,0.9,400,1.4936720557371266,1.2000547544266564,1.4970079360450597,1.194863880245218
2295,85,300,6,LSTransferTreeBoost,0.1,2,2,0.0,0.1,400,1.8366151124437529,1.4598751714847804,1.8723349538040914,1.4883834551188142
2296,85,300,6,LADTransferTreeBoost,0.1,2,2,0.0,0.1,400,2.738043307158543,2.214853086184084,2.6701310222305783,2.1800972304413144
2297,85,300,6,MTransferTreeBoost,0.1,2,2,0.0,0.1,400,1.4409472530814658,1.1502537715439731,1.4516451300134847,1.164173721002439
2298,85,300,6,LSTransferTreeBoost,0.1,2,2,0.0,0.5,400,1.7033399132847518,1.287316355298311,1.796155499818067,1.3336927861745216
2299,85,300,6,LADTransferTreeBoost,0.1,2,2,0.0,0.5,400,1.391729744610498,1.0969904661793803,1.43168003350195,1.1483980945098737
2300,85,300,6,MTransferTreeBoost,0.1,2,2,0.0,0.5,400,1.401704676080786,1.1126900424457447,1.4362138875597261,1.1418863969739526
2301,85,300,6,LSTransferTreeBoost,0.1,2,2,0.0,0.9,400,3.079699755885672,2.4391684289263837,3.070189097095116,2.4543912297944255
2302,85,300,6,LADTransferTreeBoost,0.1,2,2,0.0,0.9,400,4.189926009185748,3.357830064177006,4.172841461863402,3.3553780504587136
2303,85,300,6,MTransferTreeBoost,0.1,2,2,0.0,0.9,400,1.9573789297064585,1.5428466795730822,1.9494966893334758,1.5518216261971807
2304,85,300,6,LSTransferTreeBoost,0.1,2,2,0.01,0.1,400,1.779566634809049,1.4220732207455211,1.844274429098137,1.4623498306361606
2305,85,300,6,LADTransferTreeBoost,0.1,2,2,0.01,0.1,400,1.5109836832048635,1.211899862722676,1.5135628264158587,1.226159845465113
2306,85,300,6,MTransferTreeBoost,0.1,2,2,0.01,0.1,400,1.4466749866618038,1.1594459776258632,1.4501137475260637,1.1661173809414418
2307,85,300,6,LSTransferTreeBoost,0.1,2,2,0.01,0.5,400,1.6743732472424866,1.282326957587054,1.7450180792330714,1.3307616152925297
2308,85,300,6,LADTransferTreeBoost,0.1,2,2,0.01,0.5,400,1.4919105468062432,1.1809572100892005,1.512507768271763,1.223478498495158
2309,85,300,6,MTransferTreeBoost,0.1,2,2,0.01,0.5,400,1.4319219679026167,1.141481894720671,1.444190160056408,1.1583692707158917
2310,85,300,6,LSTransferTreeBoost,0.1,2,2,0.01,0.9,400,1.6864327279017282,1.3247909909111475,1.7578720124379923,1.3625617069330578
2311,85,300,6,LADTransferTreeBoost,0.1,2,2,0.01,0.9,400,1.5291575384946685,1.2212469412397569,1.5325810592519071,1.2404735786574839
2312,85,300,6,MTransferTreeBoost,0.1,2,2,0.01,0.9,400,1.4454935712002095,1.155680910357045,1.4559841333357266,1.1653853329461719
2313,85,300,6,LSTransferTreeBoost,0.1,2,2,0.05,0.1,400,2.1389734830537024,1.7115122862482899,2.1231302157116074,1.7032027349983505
2314,85,300,6,LADTransferTreeBoost,0.1,2,2,0.05,0.1,400,2.0284565676637074,1.6473640015970772,1.992882341646029,1.6241997257863159
2315,85,300,6,MTransferTreeBoost,0.1,2,2,0.05,0.1,400,1.419708784731198,1.1382628582195176,1.4282703562877814,1.1483008743583276
2316,85,300,6,LSTransferTreeBoost,0.1,2,2,0.05,0.5,400,1.9282206530636063,1.5377383736600876,1.9327065028426849,1.548828795191705
2317,85,300,6,LADTransferTreeBoost,0.1,2,2,0.05,0.5,400,2.1023633689682013,1.6934124152198329,2.0697755062747287,1.6794593884182516
2318,85,300,6,MTransferTreeBoost,0.1,2,2,0.05,0.5,400,1.4569320139584234,1.1656907081016592,1.4656965526176808,1.1804360751148313
2319,85,300,6,LSTransferTreeBoost,0.1,2,2,0.05,0.9,400,1.7793758678907128,1.413033027271758,1.811912420663959,1.430095120802384
2320,85,300,6,LADTransferTreeBoost,0.1,2,2,0.05,0.9,400,1.7535060038023196,1.4053083104600883,1.7446265021502287,1.4107942624069019
2321,85,300,6,MTransferTreeBoost,0.1,2,2,0.05,0.9,400,1.4360110260322487,1.14360331782883,1.445321027652655,1.167319866213817
2322,85,300,6,LSTransferTreeBoost,0.1,2,3,0.0,0.1,400,1.9474008834510292,1.5461535925411107,1.9104150728296831,1.514600830467998
2323,85,300,6,LADTransferTreeBoost,0.1,2,3,0.0,0.1,400,1.7838397709858687,1.428111192655575,1.7677742299826646,1.4276554353038977
2324,85,300,6,MTransferTreeBoost,0.1,2,3,0.0,0.1,400,1.4610114740358355,1.1785185408760508,1.4583637842518886,1.1797772600818837
2325,85,300,6,LSTransferTreeBoost,0.1,2,3,0.0,0.5,400,1.68859439689338,1.2767665502804955,1.702126667628249,1.2901147821145886
2326,85,300,6,LADTransferTreeBoost,0.1,2,3,0.0,0.5,400,1.5098210764562874,1.1948070927634036,1.5522771420939843,1.2336415494395379
2327,85,300,6,MTransferTreeBoost,0.1,2,3,0.0,0.5,400,1.4123104900970636,1.1317591964597147,1.4185182531793175,1.1366606848639804
2328,85,300,6,LSTransferTreeBoost,0.1,2,3,0.0,0.9,400,1.8750718165605007,1.4497297076480349,1.8589553194241082,1.4444513988212313
2329,85,300,6,LADTransferTreeBoost,0.1,2,3,0.0,0.9,400,3.500283486962167,2.802499263454276,3.452385403708637,2.799375642297109
2330,85,300,6,MTransferTreeBoost,0.1,2,3,0.0,0.9,400,1.9125696955585434,1.5051195494285485,1.8905967757496283,1.5087113129431187
2331,85,300,6,LSTransferTreeBoost,0.1,2,3,0.01,0.1,400,1.8925309345967292,1.4839097286118128,1.9034191778296228,1.4827713162283813
2332,85,300,6,LADTransferTreeBoost,0.1,2,3,0.01,0.1,400,1.6486939847006592,1.3194342911148624,1.6168973522601278,1.3135256179336798
2333,85,300,6,MTransferTreeBoost,0.1,2,3,0.01,0.1,400,1.4377610396101907,1.1568491967823893,1.4405326864668933,1.1641906306514356
2334,85,300,6,LSTransferTreeBoost,0.1,2,3,0.01,0.5,400,1.7349013302511802,1.2793409838740673,1.7228590462325266,1.2666185181969294
2335,85,300,6,LADTransferTreeBoost,0.1,2,3,0.01,0.5,400,2.1159079943526287,1.6963571998854694,2.1087285236907514,1.7104501567512747
2336,85,300,6,MTransferTreeBoost,0.1,2,3,0.01,0.5,400,1.4335127494384319,1.1554449691473667,1.4321401643277347,1.1601875221762894
2337,85,300,6,LSTransferTreeBoost,0.1,2,3,0.01,0.9,400,1.7454954903974549,1.3101795439413464,1.7113763144184533,1.2962802497987473
2338,85,300,6,LADTransferTreeBoost,0.1,2,3,0.01,0.9,400,1.76034892169305,1.4162420243954574,1.7745852491442298,1.4385363511013443
2339,85,300,6,MTransferTreeBoost,0.1,2,3,0.01,0.9,400,1.4037417658724498,1.1325237714097918,1.3853667022560934,1.1202061549957547
2340,85,300,6,LSTransferTreeBoost,0.1,2,3,0.05,0.1,400,1.9051140813092182,1.5036736985738128,1.8735974353747682,1.4796920423856943
2341,85,300,6,LADTransferTreeBoost,0.1,2,3,0.05,0.1,400,1.4580535621858333,1.1597925125598372,1.4669490848320383,1.1729644695113028
2342,85,300,6,MTransferTreeBoost,0.1,2,3,0.05,0.1,400,1.430273161630868,1.149121622585883,1.4237803019681268,1.1501843195961754
2343,85,300,6,LSTransferTreeBoost,0.1,2,3,0.05,0.5,400,1.8530252448480045,1.4318266637264965,1.8225894951091695,1.4263415551824006
2344,85,300,6,LADTransferTreeBoost,0.1,2,3,0.05,0.5,400,1.5537876425330772,1.2253552581657627,1.6033070800183034,1.2579200832490909
2345,85,300,6,MTransferTreeBoost,0.1,2,3,0.05,0.5,400,1.4289714805950526,1.1505594541127895,1.4179564235558693,1.1342503786020963
2346,85,300,6,LSTransferTreeBoost,0.1,2,3,0.05,0.9,400,1.7699177930222423,1.3641665616620908,1.778296905841943,1.3668780330470602
2347,85,300,6,LADTransferTreeBoost,0.1,2,3,0.05,0.9,400,2.3808712135076053,1.9242724732091145,2.3687312857287237,1.9255713375452954
2348,85,300,6,MTransferTreeBoost,0.1,2,3,0.05,0.9,400,1.3947212002938774,1.1133345220517106,1.4136580340267855,1.1280654970809194
2349,85,300,6,LSTransferTreeBoost,0.1,3,1,0.0,0.1,400,1.6583704813255993,1.2638980887649136,1.7482670281890018,1.3424734377425762
2350,85,300,6,LADTransferTreeBoost,0.1,3,1,0.0,0.1,400,3.0604476911419938,2.471194847919093,2.9835545224677533,2.4287404466072275
2351,85,300,6,MTransferTreeBoost,0.1,3,1,0.0,0.1,400,1.4885949136177532,1.1944674296712994,1.4944340285542768,1.1950193974267647
2352,85,300,6,LSTransferTreeBoost,0.1,3,1,0.0,0.5,400,2.049231355365157,1.5815521589081447,2.0841666648534214,1.6275968873185107
2353,85,300,6,LADTransferTreeBoost,0.1,3,1,0.0,0.5,400,1.4013876971048593,1.1254162171856912,1.4307968827513302,1.1519934553794824
2354,85,300,6,MTransferTreeBoost,0.1,3,1,0.0,0.5,400,1.49939747772777,1.1991395625978671,1.5054583485153465,1.1989275380019702
2355,85,300,6,LSTransferTreeBoost,0.1,3,1,0.0,0.9,400,2.856555017570416,2.2811599614021887,2.8616592894701474,2.3200337159963773
2356,85,300,6,LADTransferTreeBoost,0.1,3,1,0.0,0.9,400,3.7616049553519786,3.0284775797286434,3.686798756754016,2.9924944253921324
2357,85,300,6,MTransferTreeBoost,0.1,3,1,0.0,0.9,400,2.617708794998662,2.107757066453898,2.587607238863467,2.1267309190364645
2358,85,300,6,LSTransferTreeBoost,0.1,3,1,0.01,0.1,400,1.6765666710557987,1.278713206339566,1.765206978779337,1.3510443513107162
2359,85,300,6,LADTransferTreeBoost,0.1,3,1,0.01,0.1,400,3.1950268378129443,2.5802084105155836,3.1123205138476204,2.548161995256117
2360,85,300,6,MTransferTreeBoost,0.1,3,1,0.01,0.1,400,1.475935255969143,1.1842212099428484,1.4829917642297354,1.1848528594074992
2361,85,300,6,LSTransferTreeBoost,0.1,3,1,0.01,0.5,400,2.2786482086246984,1.7559808282812646,2.3220773334570204,1.8060363379407431
2362,85,300,6,LADTransferTreeBoost,0.1,3,1,0.01,0.5,400,1.9000296723518695,1.5254691075695894,1.880191885346934,1.522562334977531
2363,85,300,6,MTransferTreeBoost,0.1,3,1,0.01,0.5,400,1.485350380773047,1.1941155871916345,1.488157389203981,1.1907683193408882
2364,85,300,6,LSTransferTreeBoost,0.1,3,1,0.01,0.9,400,1.940152698714472,1.5106436153817309,1.981346975675912,1.5564233182580436
2365,85,300,6,LADTransferTreeBoost,0.1,3,1,0.01,0.9,400,1.4119350350901267,1.1261039544692282,1.4245243633120104,1.1441778813245256
2366,85,300,6,MTransferTreeBoost,0.1,3,1,0.01,0.9,400,1.494031739226594,1.2013599208395573,1.4920168426189653,1.1974343573305337
2367,85,300,6,LSTransferTreeBoost,0.1,3,1,0.05,0.1,400,2.7664047364735644,2.1492511382040322,2.8111185525224416,2.1829251889374945
2368,85,300,6,LADTransferTreeBoost,0.1,3,1,0.05,0.1,400,3.4789510018688095,2.825323382607937,3.367524461846874,2.7432913319638237
2369,85,300,6,MTransferTreeBoost,0.1,3,1,0.05,0.1,400,1.4817804348291528,1.19043941690469,1.4844373568842184,1.1837050727031455
2370,85,300,6,LSTransferTreeBoost,0.1,3,1,0.05,0.5,400,2.7163325916717116,2.2009651918224042,2.6765141988906715,2.198575078588077
2371,85,300,6,LADTransferTreeBoost,0.1,3,1,0.05,0.5,400,3.021110433248958,2.439818268248094,2.94653144878031,2.4030445826491604
2372,85,300,6,MTransferTreeBoost,0.1,3,1,0.05,0.5,400,1.495476901075404,1.199593333263657,1.4936830532992815,1.196009249843375
2373,85,300,6,LSTransferTreeBoost,0.1,3,1,0.05,0.9,400,2.3059870001610454,1.8648320929610918,2.277054202227006,1.85130468298627
2374,85,300,6,LADTransferTreeBoost,0.1,3,1,0.05,0.9,400,2.3973193717774235,1.9294923191299935,2.3513918432649126,1.9184237107820228
2375,85,300,6,MTransferTreeBoost,0.1,3,1,0.05,0.9,400,1.5567683725568087,1.2473022028618692,1.555765263147803,1.250881229674494
2376,85,300,6,LSTransferTreeBoost,0.1,3,2,0.0,0.1,400,1.7048317430181945,1.341382050324723,1.7551810282959035,1.3774520171367286
2377,85,300,6,LADTransferTreeBoost,0.1,3,2,0.0,0.1,400,1.81534581583004,1.461029927524067,1.8025011826076973,1.4650148163414487
2378,85,300,6,MTransferTreeBoost,0.1,3,2,0.0,0.1,400,1.4456232478256055,1.1670009860710409,1.444055624700174,1.1668435314473118
2379,85,300,6,LSTransferTreeBoost,0.1,3,2,0.0,0.5,400,1.6342961232788182,1.2630658354812745,1.714681518245334,1.3158622063925922
2380,85,300,6,LADTransferTreeBoost,0.1,3,2,0.0,0.5,400,1.505731049686929,1.184897763707313,1.5323067095246619,1.234450099831229
2381,85,300,6,MTransferTreeBoost,0.1,3,2,0.0,0.5,400,1.3925762533723978,1.1034729939090093,1.441644840320527,1.1518099099758483
2382,85,300,6,LSTransferTreeBoost,0.1,3,2,0.0,0.9,400,3.0187793163396086,2.392621520953032,3.016580321655335,2.4096676743197487
2383,85,300,6,LADTransferTreeBoost,0.1,3,2,0.0,0.9,400,3.816715641957323,3.0481855260495165,3.819218754962348,3.061307135019304
2384,85,300,6,MTransferTreeBoost,0.1,3,2,0.0,0.9,400,1.913977914352901,1.5219981754447547,1.9013400851155982,1.5313446682344516
2385,85,300,6,LSTransferTreeBoost,0.1,3,2,0.01,0.1,400,1.8304400109796721,1.4346816582953035,1.9054584833982007,1.4880228514887295
2386,85,300,6,LADTransferTreeBoost,0.1,3,2,0.01,0.1,400,2.218249457320171,1.795385511174647,2.1692529006594787,1.7598585404741351
2387,85,300,6,MTransferTreeBoost,0.1,3,2,0.01,0.1,400,1.4414387519082437,1.1553941555972043,1.4350166573351817,1.157961032788149
2388,85,300,6,LSTransferTreeBoost,0.1,3,2,0.01,0.5,400,1.648304085057904,1.2847380770902441,1.7168441887067907,1.329902529345581
2389,85,300,6,LADTransferTreeBoost,0.1,3,2,0.01,0.5,400,1.4269340787254148,1.134318823558542,1.442869507271683,1.162241503752955
2390,85,300,6,MTransferTreeBoost,0.1,3,2,0.01,0.5,400,1.3954770984097802,1.108911323121602,1.4163003075054312,1.141189572085752
2391,85,300,6,LSTransferTreeBoost,0.1,3,2,0.01,0.9,400,1.630349250514543,1.2572361539126693,1.6946631622783086,1.3036266668139682
2392,85,300,6,LADTransferTreeBoost,0.1,3,2,0.01,0.9,400,2.045051297788139,1.6348000954145203,2.0246226586748364,1.6479024015858974
2393,85,300,6,MTransferTreeBoost,0.1,3,2,0.01,0.9,400,1.3853595141246904,1.1059259127984136,1.407904159851283,1.1343678666964883
2394,85,300,6,LSTransferTreeBoost,0.1,3,2,0.05,0.1,400,1.8581623389096622,1.4790023337315414,1.8785882869690873,1.4872704331829918
2395,85,300,6,LADTransferTreeBoost,0.1,3,2,0.05,0.1,400,2.324224117940302,1.8757833340108196,2.253367628831564,1.8253555516859865
2396,85,300,6,MTransferTreeBoost,0.1,3,2,0.05,0.1,400,1.4678023309487909,1.1824218801562276,1.455945757017859,1.175541734054902
2397,85,300,6,LSTransferTreeBoost,0.1,3,2,0.05,0.5,400,1.8208289122708332,1.4420673198760765,1.8673028207735198,1.472887356154911
2398,85,300,6,LADTransferTreeBoost,0.1,3,2,0.05,0.5,400,1.6922263817310415,1.3484025105147133,1.6778552888476272,1.3616218309511237
2399,85,300,6,MTransferTreeBoost,0.1,3,2,0.05,0.5,400,1.4806694913328093,1.189817906262515,1.481228095175532,1.1977361742311705
2400,85,300,6,LSTransferTreeBoost,0.1,3,2,0.05,0.9,400,1.6885106356281079,1.3150248282605583,1.7647210115657526,1.340754779103615
2401,85,300,6,LADTransferTreeBoost,0.1,3,2,0.05,0.9,400,1.524972619106633,1.215558818015896,1.5288048958567186,1.244165756998494
2402,85,300,6,MTransferTreeBoost,0.1,3,2,0.05,0.9,400,1.433947388796503,1.1450540828834002,1.4345864466814298,1.1595202687232349
2403,85,300,6,LSTransferTreeBoost,0.1,3,3,0.0,0.1,400,1.8423786856229991,1.4589376644123087,1.8261741212746858,1.458451158514117
2404,85,300,6,LADTransferTreeBoost,0.1,3,3,0.0,0.1,400,2.248463038269376,1.8219614389516383,2.1614063247953283,1.760221154060965
2405,85,300,6,MTransferTreeBoost,0.1,3,3,0.0,0.1,400,1.4372618275527935,1.1594882279074836,1.4283664960434463,1.1553101201391185
2406,85,300,6,LSTransferTreeBoost,0.1,3,3,0.0,0.5,400,1.6603467888706542,1.2731660731182601,1.6752176978616378,1.2828631493023541
2407,85,300,6,LADTransferTreeBoost,0.1,3,3,0.0,0.5,400,1.4789224060912345,1.1709836920147068,1.516901470282806,1.2153883057148422
2408,85,300,6,MTransferTreeBoost,0.1,3,3,0.0,0.5,400,1.410860382673593,1.1315233493157446,1.4071307691878598,1.1295607204249396
2409,85,300,6,LSTransferTreeBoost,0.1,3,3,0.0,0.9,400,2.1118905294110117,1.6705646471447289,2.122288008012906,1.688943706395526
2410,85,300,6,LADTransferTreeBoost,0.1,3,3,0.0,0.9,400,2.920299231080552,2.343512089912777,2.8951126892560763,2.351869266920198
2411,85,300,6,MTransferTreeBoost,0.1,3,3,0.0,0.9,400,2.2556354551325897,1.8070384237480694,2.2061580935405796,1.7990056738851394
2412,85,300,6,LSTransferTreeBoost,0.1,3,3,0.01,0.1,400,1.946349295462141,1.5119790191842464,1.89840731919998,1.4866230571721817
2413,85,300,6,LADTransferTreeBoost,0.1,3,3,0.01,0.1,400,1.9885451721616079,1.6339560113029892,1.9230274378047605,1.5772672864737542
2414,85,300,6,MTransferTreeBoost,0.1,3,3,0.01,0.1,400,1.4051371608589223,1.135093382625319,1.4036979493397748,1.1320096902761672
2415,85,300,6,LSTransferTreeBoost,0.1,3,3,0.01,0.5,400,1.705703980750513,1.3164464880661453,1.7021218451443307,1.3185747186735024
2416,85,300,6,LADTransferTreeBoost,0.1,3,3,0.01,0.5,400,1.7300991746236158,1.3774775395174987,1.7355951088680548,1.3949501909615412
2417,85,300,6,MTransferTreeBoost,0.1,3,3,0.01,0.5,400,1.413900331610508,1.139525157506792,1.4117237293706282,1.1366602124157816
2418,85,300,6,LSTransferTreeBoost,0.1,3,3,0.01,0.9,400,1.7323710116850568,1.311766567316668,1.7460422932328483,1.3163095835159961
2419,85,300,6,LADTransferTreeBoost,0.1,3,3,0.01,0.9,400,1.7425902384132115,1.4037742939865985,1.7033219561662851,1.3812310531301322
2420,85,300,6,MTransferTreeBoost,0.1,3,3,0.01,0.9,400,1.4014214563580871,1.1277117687056217,1.3889181022477992,1.1160089760636838
2421,85,300,6,LSTransferTreeBoost,0.1,3,3,0.05,0.1,400,1.8259022890876264,1.4227778344688664,1.7986849961026803,1.4139927616729804
2422,85,300,6,LADTransferTreeBoost,0.1,3,3,0.05,0.1,400,1.5988552508808462,1.2833232555557972,1.546831361193005,1.2395407916143208
2423,85,300,6,MTransferTreeBoost,0.1,3,3,0.05,0.1,400,1.4107681486969021,1.1403855395322444,1.3979333762188473,1.1259542912120002
2424,85,300,6,LSTransferTreeBoost,0.1,3,3,0.05,0.5,400,1.9263487978273839,1.4941158392344873,1.8840373893712756,1.4717568595683328
2425,85,300,6,LADTransferTreeBoost,0.1,3,3,0.05,0.5,400,1.6509645669056934,1.3248860127602606,1.6366005776887955,1.3173459032508485
2426,85,300,6,MTransferTreeBoost,0.1,3,3,0.05,0.5,400,1.4263644109980065,1.1449859439029524,1.4206903279048804,1.1373082417794764
2427,85,300,6,LSTransferTreeBoost,0.1,3,3,0.05,0.9,400,1.8879139282064346,1.451783521807877,1.826471143776039,1.4148295221183427
2428,85,300,6,LADTransferTreeBoost,0.1,3,3,0.05,0.9,400,1.588683475301052,1.252086168156644,1.5756401146227215,1.2572806057095762
2429,85,300,6,MTransferTreeBoost,0.1,3,3,0.05,0.9,400,1.4225850577520007,1.1502939333942008,1.417141209247893,1.1445501078417137
2430,85,500,6,LSTransferTreeBoost,0.05,1,1,0.0,0.1,400,1.3160912365604371,1.0229585704046462,1.3892557931194063,1.0873029540408283
2431,85,500,6,LADTransferTreeBoost,0.05,1,1,0.0,0.1,400,2.9756291271096558,2.4195563608933743,2.9320634802305623,2.4387308983067904
2432,85,500,6,MTransferTreeBoost,0.05,1,1,0.0,0.1,400,1.2352284437137682,0.9728480578948318,1.2662933908156027,1.0014486657149109
2433,85,500,6,LSTransferTreeBoost,0.05,1,1,0.0,0.5,400,1.6042499423868848,1.2643636604232713,1.6702421345049496,1.3334004299042475
2434,85,500,6,LADTransferTreeBoost,0.05,1,1,0.0,0.5,400,1.7681801171439588,1.410032429931025,1.815993217075783,1.466153156663191
2435,85,500,6,MTransferTreeBoost,0.05,1,1,0.0,0.5,400,1.600220705215645,1.2652672261067974,1.666646185823056,1.3350732883740717
2436,85,500,6,LSTransferTreeBoost,0.05,1,1,0.0,0.9,400,2.911685198314921,2.3257989898913025,2.940056399267374,2.372586329073887
2437,85,500,6,LADTransferTreeBoost,0.05,1,1,0.0,0.9,400,4.1662163833207755,3.334112798639071,4.12973037155844,3.3231798795702994
2438,85,500,6,MTransferTreeBoost,0.05,1,1,0.0,0.9,400,2.9095057061407137,2.317101656477318,2.93792242245206,2.3598089033735015
2439,85,500,6,LSTransferTreeBoost,0.05,1,1,0.01,0.1,400,1.3295912190011248,1.0306414642525346,1.408109000208997,1.0969861419229308
2440,85,500,6,LADTransferTreeBoost,0.05,1,1,0.01,0.1,400,3.024695470099476,2.4632074932544956,2.9755608528093727,2.474796161810281
2441,85,500,6,MTransferTreeBoost,0.05,1,1,0.01,0.1,400,1.2328776169288458,0.9661532209020475,1.2634246889203435,0.9958433391728625
2442,85,500,6,LSTransferTreeBoost,0.05,1,1,0.01,0.5,400,1.2780798488029765,0.9894363799357998,1.3586336927146692,1.053654967132787
2443,85,500,6,LADTransferTreeBoost,0.05,1,1,0.01,0.5,400,1.3583235034934371,1.0842306245720832,1.4074475075227983,1.1378320413841934
2444,85,500,6,MTransferTreeBoost,0.05,1,1,0.01,0.5,400,1.2470287265902136,0.9791513070821127,1.2896760067887916,1.0174369641611485
2445,85,500,6,LSTransferTreeBoost,0.05,1,1,0.01,0.9,400,1.308041950904579,1.0163541860473833,1.3850267180147746,1.0833375697297642
2446,85,500,6,LADTransferTreeBoost,0.05,1,1,0.01,0.9,400,1.4215577734321263,1.1215004728060747,1.4611192734623377,1.1720997132235171
2447,85,500,6,MTransferTreeBoost,0.05,1,1,0.01,0.9,400,1.3002567141664914,1.0222219063855702,1.3530323131553141,1.0687292374370385
2448,85,500,6,LSTransferTreeBoost,0.05,1,1,0.05,0.1,400,1.3177803712757086,1.018469142208232,1.3950025726204949,1.0857950285769906
2449,85,500,6,LADTransferTreeBoost,0.05,1,1,0.05,0.1,400,3.290354866570824,2.673730985842402,3.2229306316705686,2.672241624196171
2450,85,500,6,MTransferTreeBoost,0.05,1,1,0.05,0.1,400,1.220451702593967,0.9587457338488787,1.2469279304143042,0.9848486633646776
2451,85,500,6,LSTransferTreeBoost,0.05,1,1,0.05,0.5,400,1.300270855827881,1.0053485126616173,1.379430641646546,1.072167396613858
2452,85,500,6,LADTransferTreeBoost,0.05,1,1,0.05,0.5,400,2.9399830052943856,2.3941966685844847,2.903462364007061,2.4160621549577117
2453,85,500,6,MTransferTreeBoost,0.05,1,1,0.05,0.5,400,1.2182496376411474,0.9561192968678502,1.2488382179364848,0.9829569999809403
2454,85,500,6,LSTransferTreeBoost,0.05,1,1,0.05,0.9,400,1.3316991373696352,1.03360408975146,1.4061033569983563,1.0986663535933363
2455,85,500,6,LADTransferTreeBoost,0.05,1,1,0.05,0.9,400,3.0792139299290557,2.507257638308941,3.0424793066869276,2.5249462685123936
2456,85,500,6,MTransferTreeBoost,0.05,1,1,0.05,0.9,400,1.2132834241470711,0.9551538040026323,1.2488583123262487,0.9860833069452348
2457,85,500,6,LSTransferTreeBoost,0.05,1,2,0.0,0.1,400,1.5922124242527844,1.2361297639668647,1.67410414687156,1.2949633349877143
2458,85,500,6,LADTransferTreeBoost,0.05,1,2,0.0,0.1,400,1.6684196794051158,1.3279204419565145,1.6681329819786777,1.363816592508495
2459,85,500,6,MTransferTreeBoost,0.05,1,2,0.0,0.1,400,1.1099900714054338,0.8589934642867766,1.1420243280049478,0.8962016168934407
2460,85,500,6,LSTransferTreeBoost,0.05,1,2,0.0,0.5,400,1.2042360812757724,0.9157539246792328,1.318173065860391,0.9830483241125902
2461,85,500,6,LADTransferTreeBoost,0.05,1,2,0.0,0.5,400,1.2322197825874888,0.9748333162414544,1.2862538948584328,1.0291446873439136
2462,85,500,6,MTransferTreeBoost,0.05,1,2,0.0,0.5,400,1.1186809230693937,0.8760974822182027,1.1512201080536135,0.914959160072928
2463,85,500,6,LSTransferTreeBoost,0.05,1,2,0.0,0.9,400,2.3843454925651617,1.9207087833592145,2.43030147460035,1.9868232158818684
2464,85,500,6,LADTransferTreeBoost,0.05,1,2,0.0,0.9,400,3.7320403283657746,2.9780530637802,3.7104563257605885,2.9676655166194625
2465,85,500,6,MTransferTreeBoost,0.05,1,2,0.0,0.9,400,2.351987310621565,1.9000942330836406,2.390403217522853,1.958525378760682
2466,85,500,6,LSTransferTreeBoost,0.05,1,2,0.01,0.1,400,1.6379900273248464,1.2715625053043071,1.731588662555647,1.3300716133553105
2467,85,500,6,LADTransferTreeBoost,0.05,1,2,0.01,0.1,400,1.281937863718713,1.006359985936238,1.314661117830229,1.064450473655928
2468,85,500,6,MTransferTreeBoost,0.05,1,2,0.01,0.1,400,1.1208481050969865,0.8712174585874485,1.1446277782643781,0.9019287137576357
2469,85,500,6,LSTransferTreeBoost,0.05,1,2,0.01,0.5,400,1.580417570746289,1.2258388561458213,1.677016088210428,1.2887392737595638
2470,85,500,6,LADTransferTreeBoost,0.05,1,2,0.01,0.5,400,1.1477148741346515,0.9112493719324593,1.1759053252020484,0.9317734449725603
2471,85,500,6,MTransferTreeBoost,0.05,1,2,0.01,0.5,400,1.112227156523863,0.8686586945626522,1.1465370914382684,0.9069690932479859
2472,85,500,6,LSTransferTreeBoost,0.05,1,2,0.01,0.9,400,1.5440353597917866,1.197656882265208,1.6503424487357272,1.2656770384194853
2473,85,500,6,LADTransferTreeBoost,0.05,1,2,0.01,0.9,400,1.1431729511738316,0.9037673262221831,1.1810846833532926,0.9423093483202208
2474,85,500,6,MTransferTreeBoost,0.05,1,2,0.01,0.9,400,1.1130611351227109,0.8716628543319211,1.1567934750105142,0.9049070403773134
2475,85,500,6,LSTransferTreeBoost,0.05,1,2,0.05,0.1,400,1.6196335812564677,1.253953811611367,1.7053713922064186,1.3130551191146762
2476,85,500,6,LADTransferTreeBoost,0.05,1,2,0.05,0.1,400,1.7146109489673016,1.3744267350039776,1.7415701085497384,1.4372401047835492
2477,85,500,6,MTransferTreeBoost,0.05,1,2,0.05,0.1,400,1.1316206185563231,0.8807946852492584,1.1586821090750539,0.9094510901861586
2478,85,500,6,LSTransferTreeBoost,0.05,1,2,0.05,0.5,400,1.8979001523754537,1.4824956056179919,1.9727723945333395,1.5398406206128892
2479,85,500,6,LADTransferTreeBoost,0.05,1,2,0.05,0.5,400,1.441667460352788,1.1493933892931272,1.4637482389455079,1.1932121954539776
2480,85,500,6,MTransferTreeBoost,0.05,1,2,0.05,0.5,400,1.129640115541338,0.8782708130069345,1.1602835649124545,0.9105780024104373
2481,85,500,6,LSTransferTreeBoost,0.05,1,2,0.05,0.9,400,1.8677554336180953,1.4572385383420419,1.9471056106327642,1.5124798399565285
2482,85,500,6,LADTransferTreeBoost,0.05,1,2,0.05,0.9,400,1.1106231671260598,0.8775753108745009,1.1346407166420227,0.9079476555818459
2483,85,500,6,MTransferTreeBoost,0.05,1,2,0.05,0.9,400,1.1268128301283793,0.8809890652664663,1.1564359696056148,0.9078966574347029
2484,85,500,6,LSTransferTreeBoost,0.05,1,3,0.0,0.1,400,1.3256328226813436,0.9848345742445115,1.4102538690834032,1.0439573232825954
2485,85,500,6,LADTransferTreeBoost,0.05,1,3,0.0,0.1,400,1.1369438690285463,0.9050371231156024,1.1788748889768952,0.9555770532160125
2486,85,500,6,MTransferTreeBoost,0.05,1,3,0.0,0.1,400,1.1727086892285987,0.9115842243439288,1.1741485917371979,0.9139399688022894
2487,85,500,6,LSTransferTreeBoost,0.05,1,3,0.0,0.5,400,1.2951934583094045,0.9621247213741845,1.3656164643660194,1.0114652523575598
2488,85,500,6,LADTransferTreeBoost,0.05,1,3,0.0,0.5,400,1.1265751664636887,0.8825763001317992,1.193123735730064,0.9620501818782664
2489,85,500,6,MTransferTreeBoost,0.05,1,3,0.0,0.5,400,1.134555228762857,0.8843418824164939,1.152184958625282,0.902908237517095
2490,85,500,6,LSTransferTreeBoost,0.05,1,3,0.0,0.9,400,2.0324829643717455,1.6299594366956391,2.0847871394121302,1.6758677808026718
2491,85,500,6,LADTransferTreeBoost,0.05,1,3,0.0,0.9,400,3.8714211139588466,3.1111592067936606,3.7911603106560023,3.0666467454005177
2492,85,500,6,MTransferTreeBoost,0.05,1,3,0.0,0.9,400,1.9544595103467088,1.5674643807579054,1.9785158657662116,1.6000815981048746
2493,85,500,6,LSTransferTreeBoost,0.05,1,3,0.01,0.1,400,1.5771774026589638,1.1969278106902201,1.6275110613290762,1.2247892710564345
2494,85,500,6,LADTransferTreeBoost,0.05,1,3,0.01,0.1,400,1.1538097108317968,0.9014184190731735,1.1950342687445135,0.9601791915103
2495,85,500,6,MTransferTreeBoost,0.05,1,3,0.01,0.1,400,1.1629260368080794,0.8972531470681063,1.1631813333518495,0.9099433418404946
2496,85,500,6,LSTransferTreeBoost,0.05,1,3,0.01,0.5,400,1.2902307587667072,0.9546182204026089,1.3736708226721392,1.0192638851494773
2497,85,500,6,LADTransferTreeBoost,0.05,1,3,0.01,0.5,400,1.4411737655075925,1.1507488671803054,1.4783039305653707,1.2078623466590297
2498,85,500,6,MTransferTreeBoost,0.05,1,3,0.01,0.5,400,1.1729366879415881,0.9047899919190331,1.1785650571493884,0.9170510781642872
2499,85,500,6,LSTransferTreeBoost,0.05,1,3,0.01,0.9,400,1.2953086190851357,0.9676267930590987,1.3499990187677355,1.0108536553825762
2500,85,500,6,LADTransferTreeBoost,0.05,1,3,0.01,0.9,400,1.4935141546108421,1.2000998560566163,1.5312678038006042,1.2499427485911359
2501,85,500,6,MTransferTreeBoost,0.05,1,3,0.01,0.9,400,1.1585496027259452,0.8968270074293684,1.1629770253964893,0.9084427236782001
2502,85,500,6,LSTransferTreeBoost,0.05,1,3,0.05,0.1,400,1.3807693364515465,1.0358108179199517,1.4443333885634562,1.0890233428132166
2503,85,500,6,LADTransferTreeBoost,0.05,1,3,0.05,0.1,400,1.2942377500730562,0.9924238410884703,1.312048581781693,1.0510561177490774
2504,85,500,6,MTransferTreeBoost,0.05,1,3,0.05,0.1,400,1.1960819095919686,0.9239932090299449,1.2001587700146794,0.9328646262417946
2505,85,500,6,LSTransferTreeBoost,0.05,1,3,0.05,0.5,400,1.5913599348354823,1.2230986697646353,1.650307092217977,1.2523617357709629
2506,85,500,6,LADTransferTreeBoost,0.05,1,3,0.05,0.5,400,1.1506046584155794,0.9043748156586882,1.183686541508506,0.9596159442559997
2507,85,500,6,MTransferTreeBoost,0.05,1,3,0.05,0.5,400,1.1835229043588364,0.9149380271118591,1.2068466807674272,0.9335638196539557
2508,85,500,6,LSTransferTreeBoost,0.05,1,3,0.05,0.9,400,1.4243515223530678,1.0671127240041047,1.4907013940151228,1.120242136772638
2509,85,500,6,LADTransferTreeBoost,0.05,1,3,0.05,0.9,400,1.3372160810666742,1.047889665059724,1.364439688439543,1.08453584936925
2510,85,500,6,MTransferTreeBoost,0.05,1,3,0.05,0.9,400,1.1850683860053004,0.9137435804755735,1.1928910969949469,0.933834978513255
2511,85,500,6,LSTransferTreeBoost,0.05,2,1,0.0,0.1,400,1.196079519101739,0.9382568522837539,1.273057318938995,1.005054617056265
2512,85,500,6,LADTransferTreeBoost,0.05,2,1,0.0,0.1,400,2.208053548706003,1.7969463812738535,2.2076246981762755,1.828547234777082
2513,85,500,6,MTransferTreeBoost,0.05,2,1,0.0,0.1,400,1.1968755511453324,0.9468773408285134,1.2347757569609696,0.9806698980867874
2514,85,500,6,LSTransferTreeBoost,0.05,2,1,0.0,0.5,400,1.5514912387482869,1.2247787411407594,1.6326080340501645,1.3052695352414356
2515,85,500,6,LADTransferTreeBoost,0.05,2,1,0.0,0.5,400,1.755174041556108,1.3961958418868696,1.818671375108269,1.4646349660308353
2516,85,500,6,MTransferTreeBoost,0.05,2,1,0.0,0.5,400,1.5761476514401036,1.2479580748682837,1.6528675514225084,1.3253563165415272
2517,85,500,6,LSTransferTreeBoost,0.05,2,1,0.0,0.9,400,2.890854997105298,2.313378192050385,2.9270739829233894,2.364577512825811
2518,85,500,6,LADTransferTreeBoost,0.05,2,1,0.0,0.9,400,4.1182690099658465,3.2966246925170917,4.0829862369359295,3.284589675895272
2519,85,500,6,MTransferTreeBoost,0.05,2,1,0.0,0.9,400,2.8891365612455493,2.304359815566601,2.9235398430283817,2.3505768687167965
2520,85,500,6,LSTransferTreeBoost,0.05,2,1,0.01,0.1,400,1.19663357540585,0.9366042833511059,1.2735765111866106,1.004233394486243
2521,85,500,6,LADTransferTreeBoost,0.05,2,1,0.01,0.1,400,3.1190855303231775,2.534447091210275,3.0834759086313803,2.5617970226244617
2522,85,500,6,MTransferTreeBoost,0.05,2,1,0.01,0.1,400,1.1833319959659825,0.9417539283517937,1.2133665479777873,0.9650140123082168
2523,85,500,6,LSTransferTreeBoost,0.05,2,1,0.01,0.5,400,1.2112517613405585,0.9517826807920462,1.2908071671744858,1.0203559430030171
2524,85,500,6,LADTransferTreeBoost,0.05,2,1,0.01,0.5,400,2.1284550865987075,1.7189403902331977,2.1635873489340285,1.7833194073717733
2525,85,500,6,MTransferTreeBoost,0.05,2,1,0.01,0.5,400,1.2186090248999952,0.9661358059936797,1.2648031968654165,1.0039675254554983
2526,85,500,6,LSTransferTreeBoost,0.05,2,1,0.01,0.9,400,1.2678128209201067,0.994830547845459,1.3478877645286456,1.0665774628913711
2527,85,500,6,LADTransferTreeBoost,0.05,2,1,0.01,0.9,400,1.4444447821648667,1.1525735553506478,1.482400654763487,1.198658186828009
2528,85,500,6,MTransferTreeBoost,0.05,2,1,0.01,0.9,400,1.279604255433798,1.0086259971081935,1.3419192587754416,1.0619066159581743
2529,85,500,6,LSTransferTreeBoost,0.05,2,1,0.05,0.1,400,1.200711289704637,0.9401823429692379,1.2721807148919566,1.0026414594360096
2530,85,500,6,LADTransferTreeBoost,0.05,2,1,0.05,0.1,400,3.2121143606811637,2.6112343063821744,3.1769135170110654,2.6392377785264505
2531,85,500,6,MTransferTreeBoost,0.05,2,1,0.05,0.1,400,1.225336061859913,0.9822476975437039,1.2503285489885143,1.0008301516205325
2532,85,500,6,LSTransferTreeBoost,0.05,2,1,0.05,0.5,400,1.215289923250711,0.9517030275191555,1.2954209779767427,1.0224121219394946
2533,85,500,6,LADTransferTreeBoost,0.05,2,1,0.05,0.5,400,3.132342659400847,2.549771568752468,3.0842453984906806,2.5627588262443712
2534,85,500,6,MTransferTreeBoost,0.05,2,1,0.05,0.5,400,1.176252599826326,0.934195156431707,1.2146038741988692,0.9636807121564136
2535,85,500,6,LSTransferTreeBoost,0.05,2,1,0.05,0.9,400,1.2125270737781533,0.9492751906426175,1.295398200376632,1.0205419309916777
2536,85,500,6,LADTransferTreeBoost,0.05,2,1,0.05,0.9,400,3.2957777969018314,2.6764141711593012,3.244291963712702,2.6831825337886235
2537,85,500,6,MTransferTreeBoost,0.05,2,1,0.05,0.9,400,1.1854944206118352,0.9389666481976751,1.2278513886901203,0.9744682573694838
2538,85,500,6,LSTransferTreeBoost,0.05,2,2,0.0,0.1,400,1.4448659902470515,1.1171491592865654,1.5586698238603278,1.2052791611462639
2539,85,500,6,LADTransferTreeBoost,0.05,2,2,0.0,0.1,400,1.12789597723142,0.8858097382525794,1.1600058552748453,0.9364315680692472
2540,85,500,6,MTransferTreeBoost,0.05,2,2,0.0,0.1,400,1.0753169718649884,0.8353094731939338,1.1061657539174392,0.8783312922543142
2541,85,500,6,LSTransferTreeBoost,0.05,2,2,0.0,0.5,400,1.2215556782753623,0.9466723023854544,1.3401019835070178,1.0404509566424922
2542,85,500,6,LADTransferTreeBoost,0.05,2,2,0.0,0.5,400,1.1913898078622784,0.9378662190515425,1.211243034650596,0.9681092963351722
2543,85,500,6,MTransferTreeBoost,0.05,2,2,0.0,0.5,400,1.074316565454263,0.8453444870847495,1.1197780881785238,0.8923149728939067
2544,85,500,6,LSTransferTreeBoost,0.05,2,2,0.0,0.9,400,2.3580412628082343,1.892996257626568,2.4210465878621155,1.965839714329539
2545,85,500,6,LADTransferTreeBoost,0.05,2,2,0.0,0.9,400,3.722101937053658,2.9716153380136867,3.697843842330303,2.957113649448918
2546,85,500,6,MTransferTreeBoost,0.05,2,2,0.0,0.9,400,2.1844674272535083,1.756074957405188,2.235994958146288,1.8327979829562093
2547,85,500,6,LSTransferTreeBoost,0.05,2,2,0.01,0.1,400,1.4242753024317363,1.0899211412943868,1.5396708778035413,1.1761452439146478
2548,85,500,6,LADTransferTreeBoost,0.05,2,2,0.01,0.1,400,1.1207655941604293,0.877714909007145,1.1448297290252185,0.9092957837925556
2549,85,500,6,MTransferTreeBoost,0.05,2,2,0.01,0.1,400,1.0956621285511257,0.8489090270313434,1.1215382651423722,0.8866141615415852
2550,85,500,6,LSTransferTreeBoost,0.05,2,2,0.01,0.5,400,1.4470507699266866,1.1212153375011142,1.5607959726162142,1.206424595362262
2551,85,500,6,LADTransferTreeBoost,0.05,2,2,0.01,0.5,400,1.2399907169460953,0.9769019236028355,1.2941642243223281,1.022145156777203
2552,85,500,6,MTransferTreeBoost,0.05,2,2,0.01,0.5,400,1.0514600379783894,0.8226426357404603,1.0937248113193994,0.8588849975014512
2553,85,500,6,LSTransferTreeBoost,0.05,2,2,0.01,0.9,400,1.4099848823642405,1.093111924599276,1.5196392375137149,1.1724484413931326
2554,85,500,6,LADTransferTreeBoost,0.05,2,2,0.01,0.9,400,1.1474177294723253,0.9064100453791318,1.1756763633928076,0.9355804773798998
2555,85,500,6,MTransferTreeBoost,0.05,2,2,0.01,0.9,400,1.0416739194752025,0.8152226312592324,1.0872405584005225,0.8576974405872327
2556,85,500,6,LSTransferTreeBoost,0.05,2,2,0.05,0.1,400,1.4468559528740381,1.112204091825961,1.5524023542105998,1.1850340357487525
2557,85,500,6,LADTransferTreeBoost,0.05,2,2,0.05,0.1,400,1.3058329371593418,1.0287607449783474,1.3189131068044693,1.0735802569375268
2558,85,500,6,MTransferTreeBoost,0.05,2,2,0.05,0.1,400,1.0678847496258126,0.8288398740852002,1.1012436432355082,0.8687694541571839
2559,85,500,6,LSTransferTreeBoost,0.05,2,2,0.05,0.5,400,1.5139170431030695,1.1657245226449586,1.6427805618856544,1.2515779560697051
2560,85,500,6,LADTransferTreeBoost,0.05,2,2,0.05,0.5,400,1.2243850990500535,0.9645311982282805,1.2469054840624845,0.9811711222931999
2561,85,500,6,MTransferTreeBoost,0.05,2,2,0.05,0.5,400,1.0752339170297793,0.8413582441665823,1.1226276473196797,0.8827660755728678
2562,85,500,6,LSTransferTreeBoost,0.05,2,2,0.05,0.9,400,1.5948085179772662,1.2354632715898342,1.7206425795443614,1.3264654502845878
2563,85,500,6,LADTransferTreeBoost,0.05,2,2,0.05,0.9,400,1.1132920536949127,0.8818881035551048,1.1371008496748394,0.9169953861577096
2564,85,500,6,MTransferTreeBoost,0.05,2,2,0.05,0.9,400,1.1122834044897123,0.8703146984227627,1.1605684319187544,0.9134976846582605
2565,85,500,6,LSTransferTreeBoost,0.05,2,3,0.0,0.1,400,1.3163032221482172,0.9757713653185827,1.4226765432287098,1.0435289157662706
2566,85,500,6,LADTransferTreeBoost,0.05,2,3,0.0,0.1,400,1.1314456940438382,0.8770103037702371,1.1736677326261604,0.9346912731722135
2567,85,500,6,MTransferTreeBoost,0.05,2,3,0.0,0.1,400,1.1614883472116355,0.8989362981249089,1.174246305352269,0.9149924842977069
2568,85,500,6,LSTransferTreeBoost,0.05,2,3,0.0,0.5,400,1.2679545986493528,0.9420531675739077,1.3521073545391997,1.0069567691352692
2569,85,500,6,LADTransferTreeBoost,0.05,2,3,0.0,0.5,400,1.1534771690479988,0.9043493452802477,1.198694811020965,0.9698944802123163
2570,85,500,6,MTransferTreeBoost,0.05,2,3,0.0,0.5,400,1.1284775966642742,0.8746974420135015,1.160953165403641,0.9040296727103002
2571,85,500,6,LSTransferTreeBoost,0.05,2,3,0.0,0.9,400,1.9172831172109643,1.5399211138573392,1.9722473966142726,1.6071141215190414
2572,85,500,6,LADTransferTreeBoost,0.05,2,3,0.0,0.9,400,3.4745058752867144,2.788805462171969,3.4219873035701514,2.7770925315966246
2573,85,500,6,MTransferTreeBoost,0.05,2,3,0.0,0.9,400,1.7930399772527716,1.4301402746442613,1.8274212098440783,1.4796380703200651
2574,85,500,6,LSTransferTreeBoost,0.05,2,3,0.01,0.1,400,1.3236823994922642,0.9819435941973207,1.4238211271560701,1.0478545099795544
2575,85,500,6,LADTransferTreeBoost,0.05,2,3,0.01,0.1,400,1.1722650054319232,0.8972415042896146,1.2158563132116371,0.9571950309211918
2576,85,500,6,MTransferTreeBoost,0.05,2,3,0.01,0.1,400,1.166765629088806,0.8967040576413398,1.181812486939052,0.9123920502423768
2577,85,500,6,LSTransferTreeBoost,0.05,2,3,0.01,0.5,400,1.2486315970392428,0.9352944712330814,1.3273854134749443,0.985495948356418
2578,85,500,6,LADTransferTreeBoost,0.05,2,3,0.01,0.5,400,1.1587882633174982,0.9023672892381089,1.2148340093982943,0.9808601742148483
2579,85,500,6,MTransferTreeBoost,0.05,2,3,0.01,0.5,400,1.1345699357688688,0.8828989996017339,1.157841251073625,0.9029051009921275
2580,85,500,6,LSTransferTreeBoost,0.05,2,3,0.01,0.9,400,1.2667602645417817,0.9376534073050042,1.3347036713061409,0.9999635316666668
2581,85,500,6,LADTransferTreeBoost,0.05,2,3,0.01,0.9,400,1.2017087203558927,0.9366321178682171,1.2528333315005697,0.9929063410024191
2582,85,500,6,MTransferTreeBoost,0.05,2,3,0.01,0.9,400,1.1285890162802523,0.879289200038201,1.1594676247024096,0.9069369714280014
2583,85,500,6,LSTransferTreeBoost,0.05,2,3,0.05,0.1,400,1.3321152738725308,0.9929604169685318,1.4022434245927067,1.0536787951709867
2584,85,500,6,LADTransferTreeBoost,0.05,2,3,0.05,0.1,400,1.1460309794336798,0.8935422859170505,1.165193043591574,0.9316052928938736
2585,85,500,6,MTransferTreeBoost,0.05,2,3,0.05,0.1,400,1.195369282512879,0.9185915330226239,1.1935310684844866,0.9312915014325099
2586,85,500,6,LSTransferTreeBoost,0.05,2,3,0.05,0.5,400,1.4751915119294863,1.1231940080561813,1.5353594313805305,1.1673222746061545
2587,85,500,6,LADTransferTreeBoost,0.05,2,3,0.05,0.5,400,1.3092254053507257,1.0491292773547722,1.3262397325728705,1.086522360655445
2588,85,500,6,MTransferTreeBoost,0.05,2,3,0.05,0.5,400,1.1502098250837829,0.8868097119275778,1.160195965110766,0.9034811888829632
2589,85,500,6,LSTransferTreeBoost,0.05,2,3,0.05,0.9,400,1.3076829183076608,0.9766304691275223,1.385042842291089,1.0427367697266394
2590,85,500,6,LADTransferTreeBoost,0.05,2,3,0.05,0.9,400,1.3062897196519105,1.0203080973411482,1.3405338906303863,1.0639176226818918
2591,85,500,6,MTransferTreeBoost,0.05,2,3,0.05,0.9,400,1.1443586130608312,0.8903371522275131,1.175643624794099,0.9218766452785593
2592,85,500,6,LSTransferTreeBoost,0.05,3,1,0.0,0.1,400,1.1741626513310823,0.9295146276743962,1.2468814820203213,1.001052747582664
2593,85,500,6,LADTransferTreeBoost,0.05,3,1,0.0,0.1,400,1.9937339872265312,1.61455182107878,2.0157893410851035,1.6708864541277149
2594,85,500,6,MTransferTreeBoost,0.05,3,1,0.0,0.1,400,1.1832784037824102,0.9410085669473521,1.2228291182377444,0.975327835556925
2595,85,500,6,LSTransferTreeBoost,0.05,3,1,0.0,0.5,400,1.5527460496079637,1.2253510943351924,1.6337788555318997,1.3082822965923173
2596,85,500,6,LADTransferTreeBoost,0.05,3,1,0.0,0.5,400,1.6982438690037949,1.350780867691003,1.7455344848871388,1.4049071010405505
2597,85,500,6,MTransferTreeBoost,0.05,3,1,0.0,0.5,400,1.566232285982334,1.2410145700793718,1.6489135540409527,1.3230295768191809
2598,85,500,6,LSTransferTreeBoost,0.05,3,1,0.0,0.9,400,2.8825667231874417,2.308179676366827,2.92131480600485,2.3609829424870843
2599,85,500,6,LADTransferTreeBoost,0.05,3,1,0.0,0.9,400,3.740119333867401,2.99251050770403,3.7296687907532,2.984434681667326
2600,85,500,6,MTransferTreeBoost,0.05,3,1,0.0,0.9,400,2.883281697637556,2.2967713443306357,2.9238023667941615,2.3468464273454717
2601,85,500,6,LSTransferTreeBoost,0.05,3,1,0.01,0.1,400,1.3190952045865598,1.050149931359153,1.36884507497277,1.1080097291952178
2602,85,500,6,LADTransferTreeBoost,0.05,3,1,0.01,0.1,400,2.9974831404592024,2.44254510961755,2.9582841175783456,2.4602959275067766
2603,85,500,6,MTransferTreeBoost,0.05,3,1,0.01,0.1,400,1.2988064880338375,1.040935948797401,1.3307242672221529,1.0760499013205085
2604,85,500,6,LSTransferTreeBoost,0.05,3,1,0.01,0.5,400,1.1985268193221934,0.9511813374959656,1.2639017027601234,1.0208341542960604
2605,85,500,6,LADTransferTreeBoost,0.05,3,1,0.01,0.5,400,1.3184960041363878,1.0391100473099675,1.3417593508105676,1.0668739807915457
2606,85,500,6,MTransferTreeBoost,0.05,3,1,0.01,0.5,400,1.2045495566295958,0.9610947130352724,1.2500110193246003,0.9987110843033233
2607,85,500,6,LSTransferTreeBoost,0.05,3,1,0.01,0.9,400,1.2557331838293735,0.9956506289652037,1.318375368234404,1.062717670862247
2608,85,500,6,LADTransferTreeBoost,0.05,3,1,0.01,0.9,400,1.4153826634197726,1.1327838593048067,1.452786010031324,1.177045020028297
2609,85,500,6,MTransferTreeBoost,0.05,3,1,0.01,0.9,400,1.2587402305435278,0.9993445775281449,1.3169236422526949,1.0519823981164298
2610,85,500,6,LSTransferTreeBoost,0.05,3,1,0.05,0.1,400,1.4072152608645034,1.1236053953617648,1.4502124710276934,1.177167143283254
2611,85,500,6,LADTransferTreeBoost,0.05,3,1,0.05,0.1,400,3.272808186839451,2.662345521677631,3.2237637763174827,2.674245185610794
2612,85,500,6,MTransferTreeBoost,0.05,3,1,0.05,0.1,400,1.362972706242982,1.100527933874035,1.3886428584010104,1.1300332031841296
2613,85,500,6,LSTransferTreeBoost,0.05,3,1,0.05,0.5,400,1.2481796195184376,0.9918146935231287,1.3108288255290907,1.0573134310798666
2614,85,500,6,LADTransferTreeBoost,0.05,3,1,0.05,0.5,400,2.1824988199023263,1.7696591001707842,2.1879597159586335,1.8100559038575263
2615,85,500,6,MTransferTreeBoost,0.05,3,1,0.05,0.5,400,1.1786167907625174,0.940129075676734,1.215929947393488,0.9683677335320416
2616,85,500,6,LSTransferTreeBoost,0.05,3,1,0.05,0.9,400,1.210267615798802,0.9654328129402436,1.2652125001863554,1.0237348711949776
2617,85,500,6,LADTransferTreeBoost,0.05,3,1,0.05,0.9,400,1.3210139999933563,1.059203511776642,1.3577889959899523,1.0990521181789032
2618,85,500,6,MTransferTreeBoost,0.05,3,1,0.05,0.9,400,1.2319995515307989,0.9889520461589109,1.270572558828649,1.0230973190119168
2619,85,500,6,LSTransferTreeBoost,0.05,3,2,0.0,0.1,400,1.2403517728331581,0.9429366679529253,1.359107838868829,1.0307755823400604
2620,85,500,6,LADTransferTreeBoost,0.05,3,2,0.0,0.1,400,1.4253762797660992,1.126957224576515,1.4364087464720492,1.1744834763712957
2621,85,500,6,MTransferTreeBoost,0.05,3,2,0.0,0.1,400,1.0720715814314243,0.835564678449835,1.0998487105567856,0.8759317876463085
2622,85,500,6,LSTransferTreeBoost,0.05,3,2,0.0,0.5,400,1.1899166953796825,0.912317435982952,1.3402816383505805,1.0082766094352305
2623,85,500,6,LADTransferTreeBoost,0.05,3,2,0.0,0.5,400,1.203268771269605,0.9501697488915172,1.24138965127646,0.9985931767343754
2624,85,500,6,MTransferTreeBoost,0.05,3,2,0.0,0.5,400,1.069207868553418,0.8399857066582859,1.1160925575582978,0.8882189813131618
2625,85,500,6,LSTransferTreeBoost,0.05,3,2,0.0,0.9,400,2.3538554218510828,1.8933668923428577,2.4159360719585736,1.9680908434334499
2626,85,500,6,LADTransferTreeBoost,0.05,3,2,0.0,0.9,400,3.648971160418063,2.9150872323663135,3.6417801089315183,2.9037878546637126
2627,85,500,6,MTransferTreeBoost,0.05,3,2,0.0,0.9,400,2.2002368483292116,1.7675523366170114,2.255836769547123,1.8495387380611943
2628,85,500,6,LSTransferTreeBoost,0.05,3,2,0.01,0.1,400,1.2225527740003728,0.9112109221217614,1.3350517296460114,0.9856749959035008
2629,85,500,6,LADTransferTreeBoost,0.05,3,2,0.01,0.1,400,1.154908885459956,0.9043381273697555,1.1749708210225076,0.9413283242625705
2630,85,500,6,MTransferTreeBoost,0.05,3,2,0.01,0.1,400,1.0326679133883332,0.8038589597324342,1.0670817844655283,0.8448431440146128
2631,85,500,6,LSTransferTreeBoost,0.05,3,2,0.01,0.5,400,1.3906571365029585,1.071499802882367,1.5134667268299784,1.1625457686744507
2632,85,500,6,LADTransferTreeBoost,0.05,3,2,0.01,0.5,400,1.164743358829732,0.9263534723504987,1.207825962797599,0.9720182156666128
2633,85,500,6,MTransferTreeBoost,0.05,3,2,0.01,0.5,400,1.0185728499065008,0.7919579270954406,1.0748720689879219,0.8442766182089544
2634,85,500,6,LSTransferTreeBoost,0.05,3,2,0.01,0.9,400,1.2765363180080744,0.9798432093618755,1.397260739489708,1.069151626857788
2635,85,500,6,LADTransferTreeBoost,0.05,3,2,0.01,0.9,400,1.1764816704998269,0.9285715473657069,1.2129507603634357,0.972903507293138
2636,85,500,6,MTransferTreeBoost,0.05,3,2,0.01,0.9,400,1.0307977787050457,0.8096605046677438,1.087098587710503,0.8562418923758162
2637,85,500,6,LSTransferTreeBoost,0.05,3,2,0.05,0.1,400,1.266831359987085,0.9523073732937507,1.399252934164471,1.0312590882272679
2638,85,500,6,LADTransferTreeBoost,0.05,3,2,0.05,0.1,400,1.1053858713748834,0.8716720653588679,1.1194992334164948,0.905964636477092
2639,85,500,6,MTransferTreeBoost,0.05,3,2,0.05,0.1,400,1.0695484559083963,0.8348485093711604,1.109246640991516,0.8842202298355522
2640,85,500,6,LSTransferTreeBoost,0.05,3,2,0.05,0.5,400,1.3870690169581343,1.0669561167901425,1.525820815741555,1.1602653035522152
2641,85,500,6,LADTransferTreeBoost,0.05,3,2,0.05,0.5,400,1.2136206496970707,0.9611332430941327,1.2461499910789708,1.0099541925458408
2642,85,500,6,MTransferTreeBoost,0.05,3,2,0.05,0.5,400,1.0801086764599301,0.8405294922310218,1.1318991009334363,0.8926388926162406
2643,85,500,6,LSTransferTreeBoost,0.05,3,2,0.05,0.9,400,1.2780572923921967,0.9593229554533116,1.4091813119217569,1.0388161466147035
2644,85,500,6,LADTransferTreeBoost,0.05,3,2,0.05,0.9,400,1.179641216591847,0.9409798743764106,1.204585812420672,0.9743777286708956
2645,85,500,6,MTransferTreeBoost,0.05,3,2,0.05,0.9,400,1.1259974007231235,0.8644408211048542,1.1871064194749086,0.9190302975772133
2646,85,500,6,LSTransferTreeBoost,0.05,3,3,0.0,0.1,400,1.3215041103198717,0.9877743806567489,1.4126077822944032,1.0504025315414758
2647,85,500,6,LADTransferTreeBoost,0.05,3,3,0.0,0.1,400,1.1730850149816496,0.920752911652668,1.1959183712679071,0.9585211863919606
2648,85,500,6,MTransferTreeBoost,0.05,3,3,0.0,0.1,400,1.138532079422547,0.8866083353788556,1.163209941203472,0.9045373630583665
2649,85,500,6,LSTransferTreeBoost,0.05,3,3,0.0,0.5,400,1.2725176167065695,0.9474407874016065,1.356928943029756,1.0250696808705513
2650,85,500,6,LADTransferTreeBoost,0.05,3,3,0.0,0.5,400,1.1166008048998532,0.8775062497029101,1.170387719746243,0.9413011516913521
2651,85,500,6,MTransferTreeBoost,0.05,3,3,0.0,0.5,400,1.1499461825848267,0.8933543899076459,1.1797499961544975,0.9223994580481423
2652,85,500,6,LSTransferTreeBoost,0.05,3,3,0.0,0.9,400,1.9104720276333589,1.5327624921449008,1.9649666003518405,1.6124678425791583
2653,85,500,6,LADTransferTreeBoost,0.05,3,3,0.0,0.9,400,2.9845739000454596,2.3918856701905415,2.9513818769510474,2.4020392145773193
2654,85,500,6,MTransferTreeBoost,0.05,3,3,0.0,0.9,400,1.7960302038180607,1.4316904228224017,1.8351335121881216,1.4848690731825829
2655,85,500,6,LSTransferTreeBoost,0.05,3,3,0.01,0.1,400,1.36926860655096,1.0398412942085198,1.4427976788245358,1.1016709987720692
2656,85,500,6,LADTransferTreeBoost,0.05,3,3,0.01,0.1,400,1.2925937489782535,1.0243410528083536,1.3124648291814698,1.0671367330013564
2657,85,500,6,MTransferTreeBoost,0.05,3,3,0.01,0.1,400,1.1588150055166155,0.8983905983088711,1.1822417117731636,0.9201940478167698
2658,85,500,6,LSTransferTreeBoost,0.05,3,3,0.01,0.5,400,1.266769532932361,0.9501910865928056,1.3589504068096812,1.015675400073178
2659,85,500,6,LADTransferTreeBoost,0.05,3,3,0.01,0.5,400,1.1213492454351408,0.865168035541909,1.1760608852132162,0.9338662911614829
2660,85,500,6,MTransferTreeBoost,0.05,3,3,0.01,0.5,400,1.1316589900886829,0.8815838469628261,1.1609570689201967,0.905838863717187
2661,85,500,6,LSTransferTreeBoost,0.05,3,3,0.01,0.9,400,1.2468445304340416,0.9283606822161546,1.337497990204305,1.0022905932428317
2662,85,500,6,LADTransferTreeBoost,0.05,3,3,0.01,0.9,400,1.1315378127629159,0.8747891348498069,1.1526472279453543,0.9198342346552738
2663,85,500,6,MTransferTreeBoost,0.05,3,3,0.01,0.9,400,1.1176265050880112,0.8707416417084982,1.1524796138033202,0.9000046843351287
2664,85,500,6,LSTransferTreeBoost,0.05,3,3,0.05,0.1,400,1.379715135775324,1.0483179829605758,1.440675718906451,1.0955311732470672
2665,85,500,6,LADTransferTreeBoost,0.05,3,3,0.05,0.1,400,1.2981676527354276,1.0289217641519883,1.3064547697503037,1.060461423737326
2666,85,500,6,MTransferTreeBoost,0.05,3,3,0.05,0.1,400,1.1546238151681198,0.8977290731776055,1.1796811176529718,0.9202881391445449
2667,85,500,6,LSTransferTreeBoost,0.05,3,3,0.05,0.5,400,1.2928773148171573,0.9498747870999625,1.376098577442874,1.0133694959007598
2668,85,500,6,LADTransferTreeBoost,0.05,3,3,0.05,0.5,400,1.3897659344151052,1.0872543311758784,1.437443464747799,1.1383753948903055
2669,85,500,6,MTransferTreeBoost,0.05,3,3,0.05,0.5,400,1.1463994425840092,0.8897848772190624,1.1653976029130804,0.9117220704515459
2670,85,500,6,LSTransferTreeBoost,0.05,3,3,0.05,0.9,400,1.459453446309141,1.1088579846839988,1.5186031648182508,1.1487220326087235
2671,85,500,6,LADTransferTreeBoost,0.05,3,3,0.05,0.9,400,1.2183094088648625,0.9433162528156926,1.2525520576353368,0.9963281756756981
2672,85,500,6,MTransferTreeBoost,0.05,3,3,0.05,0.9,400,1.1494424195124553,0.8856262595570442,1.1802836544599242,0.9180451519884102
2673,85,500,6,LSTransferTreeBoost,0.1,1,1,0.0,0.1,400,1.3041292927838244,1.016562717492621,1.3788378315352463,1.0777178548927577
2674,85,500,6,LADTransferTreeBoost,0.1,1,1,0.0,0.1,400,2.542399562174754,2.0686357273353604,2.5173024458858775,2.0944870392017827
2675,85,500,6,MTransferTreeBoost,0.1,1,1,0.0,0.1,400,1.200938556822854,0.942480939439826,1.2271560347140833,0.967627320528432
2676,85,500,6,LSTransferTreeBoost,0.1,1,1,0.0,0.5,400,1.1797263824128144,0.9264597720492411,1.2489631012061044,0.9907608864766402
2677,85,500,6,LADTransferTreeBoost,0.1,1,1,0.0,0.5,400,1.3758097775850993,1.0944295602170244,1.4310257209495796,1.150323675260219
2678,85,500,6,MTransferTreeBoost,0.1,1,1,0.0,0.5,400,1.182103566416204,0.9436964125945797,1.215648602481169,0.9652742185130223
2679,85,500,6,LSTransferTreeBoost,0.1,1,1,0.0,0.9,400,2.412028892372624,1.9333457833068177,2.4621046653313132,1.99409144048508
2680,85,500,6,LADTransferTreeBoost,0.1,1,1,0.0,0.9,400,4.178849767732769,3.335235704045328,4.155242519560738,3.333049344220049
2681,85,500,6,MTransferTreeBoost,0.1,1,1,0.0,0.9,400,2.404568899788359,1.9360534834875949,2.4428180739899936,1.990533994940183
2682,85,500,6,LSTransferTreeBoost,0.1,1,1,0.01,0.1,400,1.3146683752640955,1.0189650313458751,1.39235652175035,1.084850857664457
2683,85,500,6,LADTransferTreeBoost,0.1,1,1,0.01,0.1,400,3.0531858322201395,2.4922036618180945,3.0101094334358214,2.506762039944668
2684,85,500,6,MTransferTreeBoost,0.1,1,1,0.01,0.1,400,1.201777813598316,0.9410177105095795,1.2278876266436511,0.9649263340480558
2685,85,500,6,LSTransferTreeBoost,0.1,1,1,0.01,0.5,400,1.3277863156218102,1.0327752021250458,1.4057846142385388,1.1012369732309544
2686,85,500,6,LADTransferTreeBoost,0.1,1,1,0.01,0.5,400,1.2112117314140969,0.9712330983139971,1.2274238175476846,0.9819911073625178
2687,85,500,6,MTransferTreeBoost,0.1,1,1,0.01,0.5,400,1.1594560520809463,0.915903401229122,1.1856761887000775,0.932505519554949
2688,85,500,6,LSTransferTreeBoost,0.1,1,1,0.01,0.9,400,1.2953733229225315,1.0055362149143101,1.3704817520785586,1.0698952255465657
2689,85,500,6,LADTransferTreeBoost,0.1,1,1,0.01,0.9,400,1.3337856288499719,1.0635090739551962,1.3703052127782784,1.0950996977945051
2690,85,500,6,MTransferTreeBoost,0.1,1,1,0.01,0.9,400,1.1973120306653904,0.940320046141476,1.2370569855963585,0.9755107134752511
2691,85,500,6,LSTransferTreeBoost,0.1,1,1,0.05,0.1,400,1.3271510977297067,1.0265324719401343,1.4055465126771844,1.0904500354393536
2692,85,500,6,LADTransferTreeBoost,0.1,1,1,0.05,0.1,400,3.0794104354152423,2.5079229650800023,3.0290618793284025,2.5203102346464084
2693,85,500,6,MTransferTreeBoost,0.1,1,1,0.05,0.1,400,1.2350340313643238,0.9689726108081991,1.262522109795793,0.9940038837857462
2694,85,500,6,LSTransferTreeBoost,0.1,1,1,0.05,0.5,400,1.316106804852661,1.0189502165446025,1.3942169392019317,1.0817903184477946
2695,85,500,6,LADTransferTreeBoost,0.1,1,1,0.05,0.5,400,3.0270511196522807,2.4709349473968296,2.988011471263652,2.4878651397459555
2696,85,500,6,MTransferTreeBoost,0.1,1,1,0.05,0.5,400,1.2324730408939724,0.9664850740441582,1.2654459706619277,0.9950957862303514
2697,85,500,6,LSTransferTreeBoost,0.1,1,1,0.05,0.9,400,1.3126062665676563,1.0161878098266421,1.3910855473748038,1.0815827023515048
2698,85,500,6,LADTransferTreeBoost,0.1,1,1,0.05,0.9,400,1.379194442599832,1.1096460530801606,1.4131848393755535,1.151668493003415
2699,85,500,6,MTransferTreeBoost,0.1,1,1,0.05,0.9,400,1.2217248674146461,0.955801522473714,1.2499779751459559,0.9816545494139247
2700,85,500,6,LSTransferTreeBoost,0.1,1,2,0.0,0.1,400,1.7649311928942566,1.3573758780138585,1.8485184087078945,1.4149796704732565
2701,85,500,6,LADTransferTreeBoost,0.1,1,2,0.0,0.1,400,1.1238199750243587,0.8840645472780084,1.14519562443173,0.9138735914568659
2702,85,500,6,MTransferTreeBoost,0.1,1,2,0.0,0.1,400,1.1295691117377744,0.88958106062883,1.1514311820103507,0.9046052318055299
2703,85,500,6,LSTransferTreeBoost,0.1,1,2,0.0,0.5,400,1.2793383771942448,0.9744838452377799,1.3928496994560788,1.0545011004051275
2704,85,500,6,LADTransferTreeBoost,0.1,1,2,0.0,0.5,400,1.139986005409499,0.897565155857895,1.1742227403784977,0.9303855051887625
2705,85,500,6,MTransferTreeBoost,0.1,1,2,0.0,0.5,400,1.1081625714137056,0.8708849119396275,1.1391460351412945,0.9041879723765843
2706,85,500,6,LSTransferTreeBoost,0.1,1,2,0.0,0.9,400,2.1052129830339044,1.7100605472480082,2.167486753161457,1.7845983985213503
2707,85,500,6,LADTransferTreeBoost,0.1,1,2,0.0,0.9,400,3.823617749704108,3.0428704419863517,3.8106598634618756,3.0389505962811727
2708,85,500,6,MTransferTreeBoost,0.1,1,2,0.0,0.9,400,1.7018779406968751,1.3651159833230704,1.7436280849024712,1.4301304814991322
2709,85,500,6,LSTransferTreeBoost,0.1,1,2,0.01,0.1,400,1.5943492601597467,1.241700966805858,1.6720933964984463,1.2896457457224608
2710,85,500,6,LADTransferTreeBoost,0.1,1,2,0.01,0.1,400,1.3395819821319361,1.0554664475934588,1.344051785189652,1.0953898592832991
2711,85,500,6,MTransferTreeBoost,0.1,1,2,0.01,0.1,400,1.126277014107795,0.8882706881261381,1.1350286543359547,0.8906752794974818
2712,85,500,6,LSTransferTreeBoost,0.1,1,2,0.01,0.5,400,1.2794246205909707,0.9730935850806199,1.3792236899509391,1.0368061157157669
2713,85,500,6,LADTransferTreeBoost,0.1,1,2,0.01,0.5,400,1.1098524558825733,0.8857231183360157,1.1460514058700753,0.9103324786824805
2714,85,500,6,MTransferTreeBoost,0.1,1,2,0.01,0.5,400,1.088678365064881,0.8521694214474254,1.1264283189878126,0.8725074268021492
2715,85,500,6,LSTransferTreeBoost,0.1,1,2,0.01,0.9,400,1.3174802582354903,1.0122244769640514,1.4385460003212611,1.087839378227846
2716,85,500,6,LADTransferTreeBoost,0.1,1,2,0.01,0.9,400,1.2095818593434973,0.9597293466506271,1.2510325422477944,1.0021418784530953
2717,85,500,6,MTransferTreeBoost,0.1,1,2,0.01,0.9,400,1.0878682513820797,0.8527839294905046,1.1398806812873858,0.8912339577533336
2718,85,500,6,LSTransferTreeBoost,0.1,1,2,0.05,0.1,400,1.851560575725064,1.4245741593209453,1.940400908669639,1.491509505170731
2719,85,500,6,LADTransferTreeBoost,0.1,1,2,0.05,0.1,400,1.6301618347437035,1.2971712078565374,1.6319443994155438,1.3384784979187934
2720,85,500,6,MTransferTreeBoost,0.1,1,2,0.05,0.1,400,1.1546619339512312,0.9033977127000133,1.1662078794683748,0.9141029669430797
2721,85,500,6,LSTransferTreeBoost,0.1,1,2,0.05,0.5,400,1.8278988929083357,1.419687737574357,1.9176960239270255,1.4862190318095643
2722,85,500,6,LADTransferTreeBoost,0.1,1,2,0.05,0.5,400,1.2445332876024093,0.9889240382584523,1.2677486627263683,1.041920013137308
2723,85,500,6,MTransferTreeBoost,0.1,1,2,0.05,0.5,400,1.149766300299618,0.8899504401397663,1.1867863340295208,0.9121340373454577
2724,85,500,6,LSTransferTreeBoost,0.1,1,2,0.05,0.9,400,1.6570207626436708,1.2904665626562577,1.7535625985926,1.3464003545801324
2725,85,500,6,LADTransferTreeBoost,0.1,1,2,0.05,0.9,400,1.2011467591662948,0.9523415933031484,1.2226478469926931,0.9758386497206515
2726,85,500,6,MTransferTreeBoost,0.1,1,2,0.05,0.9,400,1.1371322946646139,0.8853063245253138,1.1888963111650261,0.914948384938171
2727,85,500,6,LSTransferTreeBoost,0.1,1,3,0.0,0.1,400,1.5413164099266052,1.1716080854684865,1.5614086165679746,1.1869124755064637
2728,85,500,6,LADTransferTreeBoost,0.1,1,3,0.0,0.1,400,1.2283778471716273,0.9466147634273638,1.2602992552279275,1.0067343948082161
2729,85,500,6,MTransferTreeBoost,0.1,1,3,0.0,0.1,400,1.1864853298015205,0.9188936134472167,1.200843261373688,0.9373100226383397
2730,85,500,6,LSTransferTreeBoost,0.1,1,3,0.0,0.5,400,1.3089297748177877,0.9638853348971815,1.361646366305591,1.0027726604287093
2731,85,500,6,LADTransferTreeBoost,0.1,1,3,0.0,0.5,400,1.1104769780348518,0.8701823616149856,1.183064882193212,0.9544350742961524
2732,85,500,6,MTransferTreeBoost,0.1,1,3,0.0,0.5,400,1.1475113120481484,0.8924974267804976,1.1638199250822698,0.904732924872021
2733,85,500,6,LSTransferTreeBoost,0.1,1,3,0.0,0.9,400,2.0186374901992767,1.633279905748365,2.069532046949898,1.6937778299367723
2734,85,500,6,LADTransferTreeBoost,0.1,1,3,0.0,0.9,400,3.4745196577632123,2.7915192657480032,3.411111000532192,2.773596358802347
2735,85,500,6,MTransferTreeBoost,0.1,1,3,0.0,0.9,400,1.4861273963131911,1.1608955944874033,1.520147762266052,1.1931266786047217
2736,85,500,6,LSTransferTreeBoost,0.1,1,3,0.01,0.1,400,1.3960438694741426,1.0340912470787702,1.4589997068212233,1.0842367844090741
2737,85,500,6,LADTransferTreeBoost,0.1,1,3,0.01,0.1,400,1.2086122754260098,0.9492247707050362,1.2234524951118086,0.9899114900839554
2738,85,500,6,MTransferTreeBoost,0.1,1,3,0.01,0.1,400,1.1342431878110382,0.879650181505793,1.1561850472659163,0.8986721047502668
2739,85,500,6,LSTransferTreeBoost,0.1,1,3,0.01,0.5,400,1.3172675538151126,0.9836304324021462,1.386728691522155,1.0318402979315244
2740,85,500,6,LADTransferTreeBoost,0.1,1,3,0.01,0.5,400,1.1691737027778746,0.9030003636582401,1.2265835239911917,0.9764516306367416
2741,85,500,6,MTransferTreeBoost,0.1,1,3,0.01,0.5,400,1.1621296952165536,0.9013698381112215,1.1640149074445214,0.9072690580843067
2742,85,500,6,LSTransferTreeBoost,0.1,1,3,0.01,0.9,400,1.331647109230408,0.9916377303319052,1.371314205236481,1.0262776845016233
2743,85,500,6,LADTransferTreeBoost,0.1,1,3,0.01,0.9,400,1.2024402077966976,0.9280747311495522,1.2334327555497056,0.9704607676848601
2744,85,500,6,MTransferTreeBoost,0.1,1,3,0.01,0.9,400,1.153175179624353,0.8872865128395694,1.1769602956095127,0.9115125585441158
2745,85,500,6,LSTransferTreeBoost,0.1,1,3,0.05,0.1,400,1.5058979852480874,1.1410973021972663,1.5317252933427477,1.1578409376948176
2746,85,500,6,LADTransferTreeBoost,0.1,1,3,0.05,0.1,400,1.4434530845832632,1.112736441911397,1.4353928657841768,1.1300479199627989
2747,85,500,6,MTransferTreeBoost,0.1,1,3,0.05,0.1,400,1.172743072539597,0.9119428036965038,1.194438074586284,0.9263586349715902
2748,85,500,6,LSTransferTreeBoost,0.1,1,3,0.05,0.5,400,1.487356751823837,1.1178938237871217,1.52035948946347,1.137924817733485
2749,85,500,6,LADTransferTreeBoost,0.1,1,3,0.05,0.5,400,1.1533181703410418,0.9053250828522525,1.1989079573780128,0.9722427274701834
2750,85,500,6,MTransferTreeBoost,0.1,1,3,0.05,0.5,400,1.1716221788136854,0.9066566597865477,1.1897993422170883,0.924660134376307
2751,85,500,6,LSTransferTreeBoost,0.1,1,3,0.05,0.9,400,1.5922360543115344,1.2166803966249435,1.634229457946268,1.237365000283841
2752,85,500,6,LADTransferTreeBoost,0.1,1,3,0.05,0.9,400,1.155458166176272,0.8912167047186007,1.2018980472876355,0.9489895919050645
2753,85,500,6,MTransferTreeBoost,0.1,1,3,0.05,0.9,400,1.1888649321271318,0.9236596158208991,1.205132701369405,0.9443145980238262
2754,85,500,6,LSTransferTreeBoost,0.1,2,1,0.0,0.1,400,1.1470587589841446,0.8933675984350556,1.2250209139503692,0.9667310375822514
2755,85,500,6,LADTransferTreeBoost,0.1,2,1,0.0,0.1,400,2.1056998243007627,1.706032108247933,2.1176428923034827,1.7582398960081527
2756,85,500,6,MTransferTreeBoost,0.1,2,1,0.0,0.1,400,1.1380093307551056,0.9065867844957848,1.165693336461028,0.9282824837352116
2757,85,500,6,LSTransferTreeBoost,0.1,2,1,0.0,0.5,400,1.1641711745042664,0.9178715131739055,1.2412363935565134,0.9885935683494638
2758,85,500,6,LADTransferTreeBoost,0.1,2,1,0.0,0.5,400,1.3590265204296992,1.0856576014024226,1.4024262173735291,1.1261223065829045
2759,85,500,6,MTransferTreeBoost,0.1,2,1,0.0,0.5,400,1.125718185514534,0.8983202069031536,1.1554221807050264,0.920126643177678
2760,85,500,6,LSTransferTreeBoost,0.1,2,1,0.0,0.9,400,2.3540577315586497,1.8961776991594474,2.4200006372292417,1.9668010312662079
2761,85,500,6,LADTransferTreeBoost,0.1,2,1,0.0,0.9,400,4.219685334964861,3.3704789870658263,4.199702690635406,3.3705323511152865
2762,85,500,6,MTransferTreeBoost,0.1,2,1,0.0,0.9,400,2.3723845132669994,1.9058238680148134,2.4274772290213016,1.969160145251255
2763,85,500,6,LSTransferTreeBoost,0.1,2,1,0.01,0.1,400,1.1907686654632068,0.930007377467765,1.2703897959915083,0.9983030924268491
2764,85,500,6,LADTransferTreeBoost,0.1,2,1,0.01,0.1,400,2.163968135520104,1.7622005038691357,2.1742190502093446,1.8022435705330375
2765,85,500,6,MTransferTreeBoost,0.1,2,1,0.01,0.1,400,1.1595700707951626,0.9189295286496595,1.191335887273718,0.9435272307304674
2766,85,500,6,LSTransferTreeBoost,0.1,2,1,0.01,0.5,400,1.1718336727669363,0.9164793832511617,1.2553352838843204,0.9882560869710121
2767,85,500,6,LADTransferTreeBoost,0.1,2,1,0.01,0.5,400,1.3403419172725866,1.0699297579747882,1.3902173352358496,1.115950284264623
2768,85,500,6,MTransferTreeBoost,0.1,2,1,0.01,0.5,400,1.1339708409799523,0.8930789093848509,1.166542946834007,0.918888314263134
2769,85,500,6,LSTransferTreeBoost,0.1,2,1,0.01,0.9,400,1.1983078157669214,0.9368522742039586,1.278159155281134,1.0076142391813603
2770,85,500,6,LADTransferTreeBoost,0.1,2,1,0.01,0.9,400,4.123087082410951,3.2806719233636454,4.1150233473633495,3.288481969360223
2771,85,500,6,MTransferTreeBoost,0.1,2,1,0.01,0.9,400,1.1377107420515769,0.8939936963025639,1.173418697790917,0.9225186043705443
2772,85,500,6,LSTransferTreeBoost,0.1,2,1,0.05,0.1,400,1.2050484666679169,0.9374801449858308,1.2822232916031595,1.0025248655675287
2773,85,500,6,LADTransferTreeBoost,0.1,2,1,0.05,0.1,400,2.188679060245923,1.7761577048306703,2.1789530373501496,1.8109229918284913
2774,85,500,6,MTransferTreeBoost,0.1,2,1,0.05,0.1,400,1.1906855976777664,0.9546213283962022,1.208798631001149,0.9665005436731228
2775,85,500,6,LSTransferTreeBoost,0.1,2,1,0.05,0.5,400,1.1994553822140073,0.9406345815026456,1.2805531951620481,1.007318101702189
2776,85,500,6,LADTransferTreeBoost,0.1,2,1,0.05,0.5,400,2.8564499706517674,2.326560296155942,2.845103888630218,2.366986013795468
2777,85,500,6,MTransferTreeBoost,0.1,2,1,0.05,0.5,400,1.1926493128077202,0.9409044248476239,1.2325425061904638,0.9752338483352012
2778,85,500,6,LSTransferTreeBoost,0.1,2,1,0.05,0.9,400,1.2098454191939314,0.9473054363072979,1.2889711300650268,1.017770680171328
2779,85,500,6,LADTransferTreeBoost,0.1,2,1,0.05,0.9,400,1.433453853519229,1.149586070839197,1.458199473411984,1.1915698395275431
2780,85,500,6,MTransferTreeBoost,0.1,2,1,0.05,0.9,400,1.1728130442196507,0.9263930727775782,1.2113671389666625,0.9573985045606543
2781,85,500,6,LSTransferTreeBoost,0.1,2,2,0.0,0.1,400,1.3707279998654054,1.046657874797107,1.4960965808364077,1.1107471802589757
2782,85,500,6,LADTransferTreeBoost,0.1,2,2,0.0,0.1,400,1.2890558731392863,1.0260800292143957,1.3113468264326718,1.066268815706815
2783,85,500,6,MTransferTreeBoost,0.1,2,2,0.0,0.1,400,1.0980611857102005,0.8510925258118963,1.1158456310544802,0.8752685763468796
2784,85,500,6,LSTransferTreeBoost,0.1,2,2,0.0,0.5,400,1.184509302833359,0.9046589952118193,1.3230101574740671,0.9986306296653739
2785,85,500,6,LADTransferTreeBoost,0.1,2,2,0.0,0.5,400,1.154461828225908,0.9086770760308663,1.1832697437020603,0.9475243701830871
2786,85,500,6,MTransferTreeBoost,0.1,2,2,0.0,0.5,400,1.036466045736998,0.8085400301497818,1.0822140470891952,0.8558956535267455
2787,85,500,6,LSTransferTreeBoost,0.1,2,2,0.0,0.9,400,1.9961480999546208,1.6117941370138693,2.050381911282859,1.683018412495377
2788,85,500,6,LADTransferTreeBoost,0.1,2,2,0.0,0.9,400,3.9378923133008144,3.129142003422054,3.9255708693365765,3.123202569320293
2789,85,500,6,MTransferTreeBoost,0.1,2,2,0.0,0.9,400,1.5322393708658275,1.2204211201276975,1.58417172313133,1.2769569217354642
2790,85,500,6,LSTransferTreeBoost,0.1,2,2,0.01,0.1,400,1.6707274773281922,1.2921548193721057,1.7684421790725875,1.3705084893131367
2791,85,500,6,LADTransferTreeBoost,0.1,2,2,0.01,0.1,400,1.149322146218534,0.909263288122997,1.199900519214466,0.9707846126904833
2792,85,500,6,MTransferTreeBoost,0.1,2,2,0.01,0.1,400,1.0838582151644625,0.8408496642842945,1.1201043829842345,0.8756612122332731
2793,85,500,6,LSTransferTreeBoost,0.1,2,2,0.01,0.5,400,1.2603180131895155,0.971662317991003,1.3694328936731062,1.0457319185415577
2794,85,500,6,LADTransferTreeBoost,0.1,2,2,0.01,0.5,400,1.1617409893911979,0.9066028812202819,1.1876650205539263,0.9327104039754642
2795,85,500,6,MTransferTreeBoost,0.1,2,2,0.01,0.5,400,1.0729295332692828,0.8393224730493568,1.1048460862814173,0.8726062374243825
2796,85,500,6,LSTransferTreeBoost,0.1,2,2,0.01,0.9,400,1.2444578073062338,0.9418054805901174,1.366335578461593,1.0152943214324033
2797,85,500,6,LADTransferTreeBoost,0.1,2,2,0.01,0.9,400,1.199599189196966,0.9497999726398193,1.245785364650635,0.9773976643622134
2798,85,500,6,MTransferTreeBoost,0.1,2,2,0.01,0.9,400,1.040975292032971,0.8118502794693172,1.1024702039851924,0.8631556645636074
2799,85,500,6,LSTransferTreeBoost,0.1,2,2,0.05,0.1,400,1.3348558062346467,1.0029065260922154,1.452848592514623,1.0592838722306317
2800,85,500,6,LADTransferTreeBoost,0.1,2,2,0.05,0.1,400,1.0676833304017188,0.8357702694073966,1.106068062194711,0.8861477487542515
2801,85,500,6,MTransferTreeBoost,0.1,2,2,0.05,0.1,400,1.1286252647467658,0.8737185333760618,1.155743736770197,0.8987554758320627
2802,85,500,6,LSTransferTreeBoost,0.1,2,2,0.05,0.5,400,1.4995827661829249,1.146090747884824,1.6529882248224175,1.2469645434331083
2803,85,500,6,LADTransferTreeBoost,0.1,2,2,0.05,0.5,400,1.1554117600932132,0.9061254903688624,1.1846484050248622,0.9380285885687555
2804,85,500,6,MTransferTreeBoost,0.1,2,2,0.05,0.5,400,1.0614562076088763,0.823633708300134,1.1145514778739847,0.8689861635171162
2805,85,500,6,LSTransferTreeBoost,0.1,2,2,0.05,0.9,400,1.3718654144323066,1.0540519426126882,1.4828345970773744,1.117822661081649
2806,85,500,6,LADTransferTreeBoost,0.1,2,2,0.05,0.9,400,1.3067681906274258,1.0134399947526798,1.351808048850636,1.0469693870936303
2807,85,500,6,MTransferTreeBoost,0.1,2,2,0.05,0.9,400,1.0492288856494265,0.8164910253273322,1.1094002437756585,0.8638302783796364
2808,85,500,6,LSTransferTreeBoost,0.1,2,3,0.0,0.1,400,1.3237768491555142,1.0019798942354394,1.40448178901522,1.049262219064232
2809,85,500,6,LADTransferTreeBoost,0.1,2,3,0.0,0.1,400,1.3941488868645704,1.1116184105048506,1.4006647778936387,1.1473547014085685
2810,85,500,6,MTransferTreeBoost,0.1,2,3,0.0,0.1,400,1.1509976352905473,0.8939240440201927,1.185426903023975,0.9141131918620397
2811,85,500,6,LSTransferTreeBoost,0.1,2,3,0.0,0.5,400,1.2782625746845626,0.9478834824162573,1.3655829669770865,1.0246080515727518
2812,85,500,6,LADTransferTreeBoost,0.1,2,3,0.0,0.5,400,1.1416070503031581,0.9036588140527724,1.1876383242485447,0.9604813124364586
2813,85,500,6,MTransferTreeBoost,0.1,2,3,0.0,0.5,400,1.1116203997801082,0.865333307417912,1.1399184527807105,0.8934007199963236
2814,85,500,6,LSTransferTreeBoost,0.1,2,3,0.0,0.9,400,1.97869937887921,1.595318975320515,2.027782727019631,1.679147569967598
2815,85,500,6,LADTransferTreeBoost,0.1,2,3,0.0,0.9,400,3.115919213191394,2.5055681770411686,3.078175042994553,2.5082308252526637
2816,85,500,6,MTransferTreeBoost,0.1,2,3,0.0,0.9,400,1.3026526337064344,1.0264765218633507,1.3248770430079821,1.0595900311942128
2817,85,500,6,LSTransferTreeBoost,0.1,2,3,0.01,0.1,400,1.3815895969393377,1.0550589539980249,1.434123501672382,1.0868932684416295
2818,85,500,6,LADTransferTreeBoost,0.1,2,3,0.01,0.1,400,1.1453681982735133,0.8736536780598608,1.1577347414415629,0.9168700200839346
2819,85,500,6,MTransferTreeBoost,0.1,2,3,0.01,0.1,400,1.1504927806431533,0.8913622133426367,1.1809341064425813,0.9144504562262901
2820,85,500,6,LSTransferTreeBoost,0.1,2,3,0.01,0.5,400,1.2401475158001856,0.9212533581529185,1.3292200974083956,0.9885462188638676
2821,85,500,6,LADTransferTreeBoost,0.1,2,3,0.01,0.5,400,1.208424981287965,0.9364520171371026,1.2580744027968742,0.9941340307975027
2822,85,500,6,MTransferTreeBoost,0.1,2,3,0.01,0.5,400,1.1232997633438562,0.866873528082115,1.150206408435623,0.8918586648562348
2823,85,500,6,LSTransferTreeBoost,0.1,2,3,0.01,0.9,400,1.2438688968505347,0.9243867941939184,1.3055081143984182,0.9812109593246455
2824,85,500,6,LADTransferTreeBoost,0.1,2,3,0.01,0.9,400,1.1451923983038927,0.9079406849487953,1.1918328411204546,0.9483058551456108
2825,85,500,6,MTransferTreeBoost,0.1,2,3,0.01,0.9,400,1.121997799512363,0.8677646498677193,1.1688395158093958,0.9045927936217829
2826,85,500,6,LSTransferTreeBoost,0.1,2,3,0.05,0.1,400,1.3255375952050208,0.990788768269407,1.4059335004313758,1.044540054300114
2827,85,500,6,LADTransferTreeBoost,0.1,2,3,0.05,0.1,400,1.1696121031660793,0.8950267848644755,1.1888571720871228,0.935119720692779
2828,85,500,6,MTransferTreeBoost,0.1,2,3,0.05,0.1,400,1.129856824854116,0.8672847983958802,1.16410501198853,0.9007591617403387
2829,85,500,6,LSTransferTreeBoost,0.1,2,3,0.05,0.5,400,1.272261805859887,0.962067854358568,1.3693425665056895,1.023063572061093
2830,85,500,6,LADTransferTreeBoost,0.1,2,3,0.05,0.5,400,1.1402181565220453,0.8904008696802229,1.214906372886397,0.9762251336963266
2831,85,500,6,MTransferTreeBoost,0.1,2,3,0.05,0.5,400,1.1589455435192868,0.8973891635807081,1.1979553364824096,0.9280842567204395
2832,85,500,6,LSTransferTreeBoost,0.1,2,3,0.05,0.9,400,1.5223702971968998,1.1513971417302127,1.6056256704439238,1.2141363687694617
2833,85,500,6,LADTransferTreeBoost,0.1,2,3,0.05,0.9,400,1.3191067406636343,1.0103590294384235,1.3670618662810192,1.0700453959081644
2834,85,500,6,MTransferTreeBoost,0.1,2,3,0.05,0.9,400,1.1624914898236254,0.9016847700163321,1.2022813778420387,0.9349504882528098
2835,85,500,6,LSTransferTreeBoost,0.1,3,1,0.0,0.1,400,1.1110707699859166,0.8756121508453586,1.1837941881074145,0.9446492174458053
2836,85,500,6,LADTransferTreeBoost,0.1,3,1,0.0,0.1,400,1.1717896201483242,0.944067510826879,1.1758317715246842,0.9352798277269496
2837,85,500,6,MTransferTreeBoost,0.1,3,1,0.0,0.1,400,1.1268158375583246,0.8917429458512133,1.1600695232696097,0.9210234220823498
2838,85,500,6,LSTransferTreeBoost,0.1,3,1,0.0,0.5,400,1.1887720464250808,0.9437892968174675,1.2652087133837615,1.0126581844027474
2839,85,500,6,LADTransferTreeBoost,0.1,3,1,0.0,0.5,400,1.2916523401259785,1.0280550060217917,1.3099087509903768,1.0392693098167496
2840,85,500,6,MTransferTreeBoost,0.1,3,1,0.0,0.5,400,1.1225023305162634,0.895421587691722,1.1542011044446228,0.9191769355311165
2841,85,500,6,LSTransferTreeBoost,0.1,3,1,0.0,0.9,400,2.3865158657697876,1.9235754195373644,2.4437203080405263,1.989590266275346
2842,85,500,6,LADTransferTreeBoost,0.1,3,1,0.0,0.9,400,3.82403764028502,3.0461081492058866,3.8135985240126393,3.0448601961732393
2843,85,500,6,MTransferTreeBoost,0.1,3,1,0.0,0.9,400,2.3647737586416815,1.8968741729432201,2.426577266406271,1.9613973884215865
2844,85,500,6,LSTransferTreeBoost,0.1,3,1,0.01,0.1,400,1.1624872003332891,0.9268873117896036,1.2170493865471805,0.9842925821083055
2845,85,500,6,LADTransferTreeBoost,0.1,3,1,0.01,0.1,400,1.745500803266499,1.4169090771851236,1.7578657903464614,1.4496652152394163
2846,85,500,6,MTransferTreeBoost,0.1,3,1,0.01,0.1,400,1.1366776864971642,0.9050623426711805,1.1594533401102012,0.9254214955261942
2847,85,500,6,LSTransferTreeBoost,0.1,3,1,0.01,0.5,400,1.1376722343009325,0.8931445920618472,1.211107020844266,0.9601738292178092
2848,85,500,6,LADTransferTreeBoost,0.1,3,1,0.01,0.5,400,1.3392539354529396,1.071910075049732,1.3862581527954339,1.1216428463174863
2849,85,500,6,MTransferTreeBoost,0.1,3,1,0.01,0.5,400,1.1254073977447294,0.8931170330738513,1.1695210080531109,0.9318091107290234
2850,85,500,6,LSTransferTreeBoost,0.1,3,1,0.01,0.9,400,1.1719695389275593,0.923940177772151,1.2489152285930067,0.9967039107772768
2851,85,500,6,LADTransferTreeBoost,0.1,3,1,0.01,0.9,400,3.9316807658709756,3.1172377544465153,3.940909461088239,3.132271874207456
2852,85,500,6,MTransferTreeBoost,0.1,3,1,0.01,0.9,400,1.144947554120169,0.9151130712698817,1.182057870413406,0.9420019910251094
2853,85,500,6,LSTransferTreeBoost,0.1,3,1,0.05,0.1,400,1.288616667682421,1.040254892551098,1.3286376107022235,1.0825198170424308
2854,85,500,6,LADTransferTreeBoost,0.1,3,1,0.05,0.1,400,1.9825004051384563,1.6187133312987503,1.9788245927893364,1.6387330949477368
2855,85,500,6,MTransferTreeBoost,0.1,3,1,0.05,0.1,400,1.3155002735943597,1.055594253079052,1.344324393610634,1.086544020711916
2856,85,500,6,LSTransferTreeBoost,0.1,3,1,0.05,0.5,400,1.1246630732190215,0.8904906200452806,1.181700103102472,0.9479868559520517
2857,85,500,6,LADTransferTreeBoost,0.1,3,1,0.05,0.5,400,1.2592190466711384,1.0162764667182644,1.2914587948723262,1.0392929218779066
2858,85,500,6,MTransferTreeBoost,0.1,3,1,0.05,0.5,400,1.1473767428833395,0.911351384802645,1.1849475004021266,0.938227506470592
2859,85,500,6,LSTransferTreeBoost,0.1,3,1,0.05,0.9,400,1.13675398603308,0.8993233974248096,1.195423892741984,0.9620413968942266
2860,85,500,6,LADTransferTreeBoost,0.1,3,1,0.05,0.9,400,1.317734506909356,1.046350536840943,1.3571014714424012,1.0795194338359866
2861,85,500,6,MTransferTreeBoost,0.1,3,1,0.05,0.9,400,1.1242280560562614,0.8968228532242439,1.1572569963657737,0.9239463701273753
2862,85,500,6,LSTransferTreeBoost,0.1,3,2,0.0,0.1,400,1.3079926388163985,0.9994872715086137,1.4303996404099593,1.0793160538372937
2863,85,500,6,LADTransferTreeBoost,0.1,3,2,0.0,0.1,400,1.1451487928388369,0.8862392056259341,1.1634925272360912,0.9258068055420503
2864,85,500,6,MTransferTreeBoost,0.1,3,2,0.0,0.1,400,1.1157039932440156,0.8655869780580517,1.1543080581968572,0.9101055252298824
2865,85,500,6,LSTransferTreeBoost,0.1,3,2,0.0,0.5,400,1.1868915877511041,0.9094089084891873,1.3327643883173945,1.0060059485728248
2866,85,500,6,LADTransferTreeBoost,0.1,3,2,0.0,0.5,400,1.2731479724049168,1.0065332928683488,1.3027110768197558,1.053549082301793
2867,85,500,6,MTransferTreeBoost,0.1,3,2,0.0,0.5,400,1.0664370647544088,0.8356110679596007,1.1192408612731435,0.8894509955369929
2868,85,500,6,LSTransferTreeBoost,0.1,3,2,0.0,0.9,400,1.924784410378938,1.5528312871306116,1.9907050899337673,1.63418562931821
2869,85,500,6,LADTransferTreeBoost,0.1,3,2,0.0,0.9,400,3.3438091513143737,2.692561512535356,3.2935088147903,2.6745128185957756
2870,85,500,6,MTransferTreeBoost,0.1,3,2,0.0,0.9,400,1.531616742755022,1.2157547177442283,1.5858619415476778,1.2791617110474263
2871,85,500,6,LSTransferTreeBoost,0.1,3,2,0.01,0.1,400,1.2658642115585919,0.9495711040926128,1.3904027871062903,1.032724958114502
2872,85,500,6,LADTransferTreeBoost,0.1,3,2,0.01,0.1,400,1.1830713033078617,0.9128819421328177,1.2075125095843786,0.94546796997565
2873,85,500,6,MTransferTreeBoost,0.1,3,2,0.01,0.1,400,1.0878249488092009,0.8433010112276201,1.1138361205102143,0.8687462680120931
2874,85,500,6,LSTransferTreeBoost,0.1,3,2,0.01,0.5,400,1.1862946211223542,0.9020204291752262,1.2929377637714925,0.9660554116379698
2875,85,500,6,LADTransferTreeBoost,0.1,3,2,0.01,0.5,400,1.0695857267073188,0.8503378923198779,1.102330126150783,0.8824193365712061
2876,85,500,6,MTransferTreeBoost,0.1,3,2,0.01,0.5,400,1.0205801557603207,0.7981146617203408,1.089130681701804,0.8518617216223413
2877,85,500,6,LSTransferTreeBoost,0.1,3,2,0.01,0.9,400,1.2187853459575853,0.9395150442730869,1.3614410018723069,1.0219204634669543
2878,85,500,6,LADTransferTreeBoost,0.1,3,2,0.01,0.9,400,1.2237967016187008,0.9601234677144175,1.2580875939728138,0.9840251589073289
2879,85,500,6,MTransferTreeBoost,0.1,3,2,0.01,0.9,400,1.0524230764296054,0.822512381142519,1.1059640235281116,0.8640100630390498
2880,85,500,6,LSTransferTreeBoost,0.1,3,2,0.05,0.1,400,1.2813946455694925,0.937474949869782,1.4290424615437922,1.0207084294159732
2881,85,500,6,LADTransferTreeBoost,0.1,3,2,0.05,0.1,400,1.177048051188292,0.9165095431938293,1.1835281971644263,0.9438555590239526
2882,85,500,6,MTransferTreeBoost,0.1,3,2,0.05,0.1,400,1.054943966750254,0.8240092304403145,1.0866240752096197,0.8621792850885662
2883,85,500,6,LSTransferTreeBoost,0.1,3,2,0.05,0.5,400,1.3354204469821431,1.0015978527393317,1.4776385404617813,1.0914516492461936
2884,85,500,6,LADTransferTreeBoost,0.1,3,2,0.05,0.5,400,1.0815604579040934,0.8556780942038856,1.1129639698339862,0.8930517638691435
2885,85,500,6,MTransferTreeBoost,0.1,3,2,0.05,0.5,400,1.0634442797964037,0.822138954324995,1.1163251917211257,0.8635416822908355
2886,85,500,6,LSTransferTreeBoost,0.1,3,2,0.05,0.9,400,1.2534697006741087,0.9510478079347359,1.3454038597825886,1.0135926355783489
2887,85,500,6,LADTransferTreeBoost,0.1,3,2,0.05,0.9,400,1.4502033330269026,1.159064655117721,1.4792425524331474,1.206817731745954
2888,85,500,6,MTransferTreeBoost,0.1,3,2,0.05,0.9,400,1.0402576967248898,0.8081533744497242,1.09922788853592,0.8562182848502443
2889,85,500,6,LSTransferTreeBoost,0.1,3,3,0.0,0.1,400,1.2487495012911607,0.9417785794833864,1.3654141451840225,1.0247058941936333
2890,85,500,6,LADTransferTreeBoost,0.1,3,3,0.0,0.1,400,1.1646585723171363,0.9085694667354441,1.2219696072327053,0.9718442447047583
2891,85,500,6,MTransferTreeBoost,0.1,3,3,0.0,0.1,400,1.1164684678917025,0.8737088145974448,1.127305193480378,0.8846044702467218
2892,85,500,6,LSTransferTreeBoost,0.1,3,3,0.0,0.5,400,1.2711071073416247,0.9457514864154852,1.3529199533272716,1.0022751985743217
2893,85,500,6,LADTransferTreeBoost,0.1,3,3,0.0,0.5,400,1.1934216701949536,0.9427045580726989,1.247681666542737,1.0082698582574796
2894,85,500,6,MTransferTreeBoost,0.1,3,3,0.0,0.5,400,1.1143759261505761,0.8739297301507994,1.1431672772308683,0.899587610979695
2895,85,500,6,LSTransferTreeBoost,0.1,3,3,0.0,0.9,400,1.6634620068059098,1.295730489514917,1.733686097859054,1.352980634158849
2896,85,500,6,LADTransferTreeBoost,0.1,3,3,0.0,0.9,400,2.523038852045434,1.997737308944351,2.5161169063973317,1.9887067818857969
2897,85,500,6,MTransferTreeBoost,0.1,3,3,0.0,0.9,400,1.5958452328760482,1.2491870759118928,1.6369989571309502,1.2895036710308792
2898,85,500,6,LSTransferTreeBoost,0.1,3,3,0.01,0.1,400,1.318121968854703,0.9845802622396346,1.3873848324880933,1.0271684238928447
2899,85,500,6,LADTransferTreeBoost,0.1,3,3,0.01,0.1,400,1.1073335052174205,0.8689295126240397,1.165695666074299,0.933457825287601
2900,85,500,6,MTransferTreeBoost,0.1,3,3,0.01,0.1,400,1.1227105527092787,0.8705572414019621,1.15590549080383,0.8978701863051815
2901,85,500,6,LSTransferTreeBoost,0.1,3,3,0.01,0.5,400,1.2905922951180375,0.953620082023516,1.3703878211250609,1.0259566102597446
2902,85,500,6,LADTransferTreeBoost,0.1,3,3,0.01,0.5,400,1.2318126593506435,0.9518706176791686,1.2614957282428938,0.990171270860819
2903,85,500,6,MTransferTreeBoost,0.1,3,3,0.01,0.5,400,1.108509425076094,0.854961121807324,1.1558583248767231,0.8868307362057878
2904,85,500,6,LSTransferTreeBoost,0.1,3,3,0.01,0.9,400,1.3010089913980614,0.9818282845370443,1.3811533183405247,1.0589387529526813
2905,85,500,6,LADTransferTreeBoost,0.1,3,3,0.01,0.9,400,1.157253780869369,0.9142337069758076,1.1756238536223291,0.9439316632870867
2906,85,500,6,MTransferTreeBoost,0.1,3,3,0.01,0.9,400,1.1115816810475692,0.8549768521225621,1.1493400424927096,0.8935640501731537
2907,85,500,6,LSTransferTreeBoost,0.1,3,3,0.05,0.1,400,1.3631631992461861,1.036393321350691,1.4126189136315481,1.0722280665011656
2908,85,500,6,LADTransferTreeBoost,0.1,3,3,0.05,0.1,400,1.1561618359435604,0.8874046541586638,1.1542565129614788,0.9187502350023021
2909,85,500,6,MTransferTreeBoost,0.1,3,3,0.05,0.1,400,1.1214738735765795,0.8724279209461479,1.1246095418382955,0.881724545162657
2910,85,500,6,LSTransferTreeBoost,0.1,3,3,0.05,0.5,400,1.3102807055122963,0.9751729896995787,1.3835173267941523,1.0251101398196343
2911,85,500,6,LADTransferTreeBoost,0.1,3,3,0.05,0.5,400,1.1286406052862359,0.8756368069994506,1.1974492837874806,0.9543697637499342
2912,85,500,6,MTransferTreeBoost,0.1,3,3,0.05,0.5,400,1.1307625407756219,0.8761404069538692,1.1813953888447144,0.9175163889501807
2913,85,500,6,LSTransferTreeBoost,0.1,3,3,0.05,0.9,400,1.2626124308588011,0.9464553640969838,1.362295283365839,1.0230872982882002
2914,85,500,6,LADTransferTreeBoost,0.1,3,3,0.05,0.9,400,1.2313583586661558,0.9432043385282927,1.2839248530363667,1.0053260990382944
2915,85,500,6,MTransferTreeBoost,0.1,3,3,0.05,0.9,400,1.1544866381192593,0.8863815818656746,1.176590784497129,0.9201591041200717
2916,85,100,9,LSTransferTreeBoost,0.05,1,1,0.0,0.1,400,2.1582647968605335,1.6697332603522685,2.300665870586592,1.7820740300192655
2917,85,100,9,LADTransferTreeBoost,0.05,1,1,0.0,0.1,400,2.2698757670821266,1.7803317316409921,2.2952709547747743,1.8271050067237757
2918,85,100,9,MTransferTreeBoost,0.05,1,1,0.0,0.1,400,1.5718642992778218,1.2306268622379521,1.6800997641925584,1.31505365342881
2919,85,100,9,LSTransferTreeBoost,0.05,1,1,0.0,0.5,400,1.907337344450652,1.4965155255322133,2.0582925687491005,1.616006567885403
2920,85,100,9,LADTransferTreeBoost,0.05,1,1,0.0,0.5,400,2.4193580322710333,1.904739406597452,2.4274689528781077,1.935016610183275
2921,85,100,9,MTransferTreeBoost,0.05,1,1,0.0,0.5,400,1.8766850809612847,1.4750020813054607,1.9665444907305634,1.550087690951556
2922,85,100,9,LSTransferTreeBoost,0.05,1,1,0.0,0.9,400,2.9777584205598195,2.3354637239578104,2.983708299072573,2.384832610536782
2923,85,100,9,LADTransferTreeBoost,0.05,1,1,0.0,0.9,400,4.302137380613219,3.4456036472153664,4.24208522570473,3.420318718295251
2924,85,100,9,MTransferTreeBoost,0.05,1,1,0.0,0.9,400,3.0504568719421927,2.409561966527569,3.0452950438278448,2.441748020033936
2925,85,100,9,LSTransferTreeBoost,0.05,1,1,0.01,0.1,400,2.3408586222809937,1.8103809471843375,2.4544994426956914,1.9040435346433615
2926,85,100,9,LADTransferTreeBoost,0.05,1,1,0.01,0.1,400,2.1951414937705507,1.7286583880722437,2.2225362529247197,1.7733009825714316
2927,85,100,9,MTransferTreeBoost,0.05,1,1,0.01,0.1,400,2.2967246802880337,1.7844629602440913,2.380413247001039,1.8555618587834193
2928,85,100,9,LSTransferTreeBoost,0.05,1,1,0.01,0.5,400,2.1768016933367473,1.683983732857209,2.319941127057819,1.799683504896092
2929,85,100,9,LADTransferTreeBoost,0.05,1,1,0.01,0.5,400,2.4453961921692393,1.9011927801184736,2.4754235733328525,1.9555475122959793
2930,85,100,9,MTransferTreeBoost,0.05,1,1,0.01,0.5,400,2.2748430375809026,1.7677660285086465,2.363916216534867,1.8420647204772143
2931,85,100,9,LSTransferTreeBoost,0.05,1,1,0.01,0.9,400,2.131382835921531,1.6510293058848071,2.2778807552986757,1.7682978772447262
2932,85,100,9,LADTransferTreeBoost,0.05,1,1,0.01,0.9,400,4.284393855451667,3.4306589172194375,4.224025610638191,3.4049864956903813
2933,85,100,9,MTransferTreeBoost,0.05,1,1,0.01,0.9,400,2.259666732219861,1.7578643257200466,2.3493575166052145,1.8313280760689181
2934,85,100,9,LSTransferTreeBoost,0.05,1,1,0.05,0.1,400,2.338924110918005,1.8077407195811361,2.457625073713384,1.904224058635289
2935,85,100,9,LADTransferTreeBoost,0.05,1,1,0.05,0.1,400,2.1680360709495825,1.6991730306798176,2.197273186542728,1.7466760761145714
2936,85,100,9,MTransferTreeBoost,0.05,1,1,0.05,0.1,400,2.2922039154647345,1.7771405362261832,2.3872164950853025,1.8541417244594174
2937,85,100,9,LSTransferTreeBoost,0.05,1,1,0.05,0.5,400,2.396244214081935,1.8533763322314367,2.4996105072612003,1.9423655058119105
2938,85,100,9,LADTransferTreeBoost,0.05,1,1,0.05,0.5,400,2.2523311885421626,1.760928642354692,2.271389370260194,1.8027270166272769
2939,85,100,9,MTransferTreeBoost,0.05,1,1,0.05,0.5,400,1.623126681734533,1.2640478458124222,1.7364376662381098,1.3537228353321427
2940,85,100,9,LSTransferTreeBoost,0.05,1,1,0.05,0.9,400,2.404718168425979,1.8584010187876912,2.5042680663874384,1.9457608728669158
2941,85,100,9,LADTransferTreeBoost,0.05,1,1,0.05,0.9,400,2.372629982716497,1.852194413351499,2.408782383075897,1.912898773528378
2942,85,100,9,MTransferTreeBoost,0.05,1,1,0.05,0.9,400,2.2996309196233518,1.787453010448388,2.377099371929471,1.8538174518641655
2943,85,100,9,LSTransferTreeBoost,0.05,1,2,0.0,0.1,400,1.8611198229166175,1.4727170268995335,1.9978705390173896,1.5707812686289193
2944,85,100,9,LADTransferTreeBoost,0.05,1,2,0.0,0.1,400,2.2987703684784666,1.7790349357248745,2.3087857005849526,1.8161525445046671
2945,85,100,9,MTransferTreeBoost,0.05,1,2,0.0,0.1,400,1.7389830940775977,1.360386287116813,1.836802922152962,1.4495963459891006
2946,85,100,9,LSTransferTreeBoost,0.05,1,2,0.0,0.5,400,1.9182847060894597,1.530803701148107,2.054699476148868,1.6288053766732822
2947,85,100,9,LADTransferTreeBoost,0.05,1,2,0.0,0.5,400,2.243040295046665,1.7362226522220277,2.2356840472179282,1.7733656174325072
2948,85,100,9,MTransferTreeBoost,0.05,1,2,0.0,0.5,400,1.660419941013773,1.3006251508794089,1.7475473346141053,1.3894096942748435
2949,85,100,9,LSTransferTreeBoost,0.05,1,2,0.0,0.9,400,2.4375832908272903,1.928494153533672,2.503353178924742,1.9984177961265635
2950,85,100,9,LADTransferTreeBoost,0.05,1,2,0.0,0.9,400,3.8736458863738252,3.0737520913268845,3.8331568338047677,3.064913121347211
2951,85,100,9,MTransferTreeBoost,0.05,1,2,0.0,0.9,400,2.450998442946375,1.9363971345435416,2.477367730907059,1.983401780305721
2952,85,100,9,LSTransferTreeBoost,0.05,1,2,0.01,0.1,400,2.082346067408318,1.6471479047878417,2.2243585565196367,1.7521953320867374
2953,85,100,9,LADTransferTreeBoost,0.05,1,2,0.01,0.1,400,2.432816725040155,1.8699578472272091,2.4763097572982775,1.9387600342110263
2954,85,100,9,MTransferTreeBoost,0.05,1,2,0.01,0.1,400,1.7620933028569972,1.3740523853977513,1.8570537529925655,1.4659241660912266
2955,85,100,9,LSTransferTreeBoost,0.05,1,2,0.01,0.5,400,1.8250832571550146,1.4404656038586,1.9760928692569715,1.5537863403139736
2956,85,100,9,LADTransferTreeBoost,0.05,1,2,0.01,0.5,400,2.113617391887515,1.6451784437831942,2.1378773532790634,1.6923112835235843
2957,85,100,9,MTransferTreeBoost,0.05,1,2,0.01,0.5,400,1.7139627548093685,1.3339625503151846,1.808668421913959,1.4275088563123586
2958,85,100,9,LSTransferTreeBoost,0.05,1,2,0.01,0.9,400,1.9784834964866738,1.5702940189267132,2.1210125753919797,1.673092383757112
2959,85,100,9,LADTransferTreeBoost,0.05,1,2,0.01,0.9,400,2.6021205213372225,2.005489878236534,2.627279412419834,2.0628444786910496
2960,85,100,9,MTransferTreeBoost,0.05,1,2,0.01,0.9,400,1.7432448965559415,1.363750998734699,1.8319327992135737,1.4498325450177219
2961,85,100,9,LSTransferTreeBoost,0.05,1,2,0.05,0.1,400,2.1837152928062133,1.7190835829616182,2.3234595781840253,1.8262135100952535
2962,85,100,9,LADTransferTreeBoost,0.05,1,2,0.05,0.1,400,2.281120717106952,1.7575143719738457,2.300368884530198,1.8038231671643892
2963,85,100,9,MTransferTreeBoost,0.05,1,2,0.05,0.1,400,2.09650503561677,1.6169974345772358,2.1770332507097976,1.7085910673736207
2964,85,100,9,LSTransferTreeBoost,0.05,1,2,0.05,0.5,400,2.203432207769749,1.7291292645623417,2.33844272582884,1.8340377902498868
2965,85,100,9,LADTransferTreeBoost,0.05,1,2,0.05,0.5,400,2.5059134566862102,1.9361629320557419,2.536260358261736,1.9940287610284981
2966,85,100,9,MTransferTreeBoost,0.05,1,2,0.05,0.5,400,1.746695481942756,1.3596127961014917,1.8315860029477917,1.4403336231919097
2967,85,100,9,LSTransferTreeBoost,0.05,1,2,0.05,0.9,400,2.1441593617098746,1.6850045023213849,2.2907254340768466,1.8008022814619569
2968,85,100,9,LADTransferTreeBoost,0.05,1,2,0.05,0.9,400,2.352770032352904,1.8128226725159344,2.3771667970578263,1.8662920849203293
2969,85,100,9,MTransferTreeBoost,0.05,1,2,0.05,0.9,400,1.7863406984779235,1.3889462132129935,1.866258306070561,1.4698528192241491
2970,85,100,9,LSTransferTreeBoost,0.05,1,3,0.0,0.1,400,2.129715351610754,1.6356110371042347,2.202688768519091,1.7101531104276837
2971,85,100,9,LADTransferTreeBoost,0.05,1,3,0.0,0.1,400,2.4384087944716786,1.877372735540653,2.4464748285254094,1.9194039037661517
2972,85,100,9,MTransferTreeBoost,0.05,1,3,0.0,0.1,400,1.770219706795521,1.3939667180015962,1.880428671466985,1.4839008636541093
2973,85,100,9,LSTransferTreeBoost,0.05,1,3,0.0,0.5,400,2.1428156069923094,1.6664297794554728,2.2114026838434095,1.7277064689393187
2974,85,100,9,LADTransferTreeBoost,0.05,1,3,0.0,0.5,400,2.199232243258124,1.70888480408003,2.226830819799292,1.7674655975084983
2975,85,100,9,MTransferTreeBoost,0.05,1,3,0.0,0.5,400,1.7160284602193918,1.360116576413211,1.7962041095584054,1.4182006733434336
2976,85,100,9,LSTransferTreeBoost,0.05,1,3,0.0,0.9,400,2.4603794556335754,1.9396418975803875,2.5033629130209083,1.9967794295689474
2977,85,100,9,LADTransferTreeBoost,0.05,1,3,0.0,0.9,400,3.170164656048236,2.457902649474696,3.174478655649896,2.496125362650628
2978,85,100,9,MTransferTreeBoost,0.05,1,3,0.0,0.9,400,2.169242696355407,1.7172793352724034,2.214659063239034,1.7669011702793245
2979,85,100,9,LSTransferTreeBoost,0.05,1,3,0.01,0.1,400,2.251662069478068,1.7418614094001752,2.3432205580016716,1.8248119016140827
2980,85,100,9,LADTransferTreeBoost,0.05,1,3,0.01,0.1,400,2.398523461409891,1.841433185141191,2.4224114904248717,1.8974093144111897
2981,85,100,9,MTransferTreeBoost,0.05,1,3,0.01,0.1,400,1.7871857685258847,1.3980961874613858,1.8956128965069372,1.4940011177437427
2982,85,100,9,LSTransferTreeBoost,0.05,1,3,0.01,0.5,400,2.110097620945384,1.6486663102408792,2.1770073665478638,1.702613977076157
2983,85,100,9,LADTransferTreeBoost,0.05,1,3,0.01,0.5,400,2.179046023132204,1.6728160935262781,2.231635976595832,1.7285019162160928
2984,85,100,9,MTransferTreeBoost,0.05,1,3,0.01,0.5,400,1.7254270123520044,1.368426441025953,1.8156591084446878,1.4346080610476875
2985,85,100,9,LSTransferTreeBoost,0.05,1,3,0.01,0.9,400,2.130615300418859,1.6503630877269708,2.192739994846252,1.7152562944202516
2986,85,100,9,LADTransferTreeBoost,0.05,1,3,0.01,0.9,400,2.6571924797747277,2.0446675664482963,2.675716379658783,2.085283109320126
2987,85,100,9,MTransferTreeBoost,0.05,1,3,0.01,0.9,400,1.7502158540331043,1.3786919204669523,1.838901231530394,1.445461564964801
2988,85,100,9,LSTransferTreeBoost,0.05,1,3,0.05,0.1,400,2.223891332732934,1.7251464184317344,2.3206908568311846,1.8092582351741067
2989,85,100,9,LADTransferTreeBoost,0.05,1,3,0.05,0.1,400,2.6529615728234384,2.0438798970977747,2.676222842882721,2.09219718740176
2990,85,100,9,MTransferTreeBoost,0.05,1,3,0.05,0.1,400,1.7992558095834472,1.403059449648083,1.913277907061169,1.504205321277568
2991,85,100,9,LSTransferTreeBoost,0.05,1,3,0.05,0.5,400,2.131137088507253,1.6585314670976299,2.202678162506932,1.726144990709464
2992,85,100,9,LADTransferTreeBoost,0.05,1,3,0.05,0.5,400,2.3846519394003236,1.8188456259200747,2.4467312222379105,1.8980068956966887
2993,85,100,9,MTransferTreeBoost,0.05,1,3,0.05,0.5,400,1.8296734542249469,1.4306144402548813,1.9471099072046234,1.5335237379105646
2994,85,100,9,LSTransferTreeBoost,0.05,1,3,0.05,0.9,400,2.112405467089538,1.6449675553051006,2.190716041850765,1.7230013983072072
2995,85,100,9,LADTransferTreeBoost,0.05,1,3,0.05,0.9,400,2.23674884408632,1.7286614332361243,2.257686404836215,1.7906315031048219
2996,85,100,9,MTransferTreeBoost,0.05,1,3,0.05,0.9,400,1.818049117817842,1.4296885828808104,1.9000653307803235,1.5007324839799252
2997,85,100,9,LSTransferTreeBoost,0.05,2,1,0.0,0.1,400,2.1582647968605335,1.6697332603522685,2.300665870586592,1.7820740300192655
2998,85,100,9,LADTransferTreeBoost,0.05,2,1,0.0,0.1,400,2.2647511568874577,1.78033120173109,2.2912209873921023,1.8296536228706373
2999,85,100,9,MTransferTreeBoost,0.05,2,1,0.0,0.1,400,1.5718642992778218,1.2306268622379521,1.6800997641925584,1.31505365342881
3000,85,100,9,LSTransferTreeBoost,0.05,2,1,0.0,0.5,400,1.907337344450652,1.4965155255322133,2.0582925687491005,1.616006567885403
3001,85,100,9,LADTransferTreeBoost,0.05,2,1,0.0,0.5,400,2.4193580322710333,1.904739406597452,2.4274689528781077,1.935016610183275
3002,85,100,9,MTransferTreeBoost,0.05,2,1,0.0,0.5,400,1.8766850809612847,1.4750020813054607,1.9665444907305634,1.550087690951556
3003,85,100,9,LSTransferTreeBoost,0.05,2,1,0.0,0.9,400,2.9777584205598195,2.3354637239578104,2.983708299072573,2.384832610536782
3004,85,100,9,LADTransferTreeBoost,0.05,2,1,0.0,0.9,400,4.302137380613219,3.4456036472153664,4.24208522570473,3.420318718295251
3005,85,100,9,MTransferTreeBoost,0.05,2,1,0.0,0.9,400,3.0504568719421927,2.409561966527569,3.0452950438278448,2.441748020033936
3006,85,100,9,LSTransferTreeBoost,0.05,2,1,0.01,0.1,400,2.3408586222809946,1.810380947184338,2.454499442695692,1.904043534643362
3007,85,100,9,LADTransferTreeBoost,0.05,2,1,0.01,0.1,400,2.224777543821339,1.7480608573815044,2.2480250417084378,1.7901159742876143
3008,85,100,9,MTransferTreeBoost,0.05,2,1,0.01,0.1,400,2.2967246802880337,1.7844629602440913,2.380413247001039,1.8555618587834193
3009,85,100,9,LSTransferTreeBoost,0.05,2,1,0.01,0.5,400,2.1768016933367473,1.6839837328572087,2.319941127057819,1.7996835048960917
3010,85,100,9,LADTransferTreeBoost,0.05,2,1,0.01,0.5,400,2.3903405755772917,1.865006424742613,2.417357811701461,1.9132474974725722
3011,85,100,9,MTransferTreeBoost,0.05,2,1,0.01,0.5,400,2.2748430375809026,1.7677660285086465,2.363916216534867,1.8420647204772143
3012,85,100,9,LSTransferTreeBoost,0.05,2,1,0.01,0.9,400,2.131382835921531,1.6510293058848071,2.2778807552986757,1.7682978772447262
3013,85,100,9,LADTransferTreeBoost,0.05,2,1,0.01,0.9,400,4.284393855451667,3.4306589172194375,4.224025610638191,3.4049864956903813
3014,85,100,9,MTransferTreeBoost,0.05,2,1,0.01,0.9,400,2.259666732219861,1.7578643257200466,2.3493575166052145,1.8313280760689181
3015,85,100,9,LSTransferTreeBoost,0.05,2,1,0.05,0.1,400,2.3389241109180055,1.8077407195811361,2.457625073713384,1.9042240586352892
3016,85,100,9,LADTransferTreeBoost,0.05,2,1,0.05,0.1,400,2.182649204308014,1.713238480622747,2.209903129770927,1.7613842682048029
3017,85,100,9,MTransferTreeBoost,0.05,2,1,0.05,0.1,400,2.2922039154647345,1.7771405362261832,2.3872164950853025,1.8541417244594174
3018,85,100,9,LSTransferTreeBoost,0.05,2,1,0.05,0.5,400,2.396244214081935,1.8533763322314367,2.4996105072612003,1.9423655058119105
3019,85,100,9,LADTransferTreeBoost,0.05,2,1,0.05,0.5,400,2.242230978117959,1.766568497983791,2.257728025075596,1.8042946847111043
3020,85,100,9,MTransferTreeBoost,0.05,2,1,0.05,0.5,400,1.623126681734533,1.2640478458124222,1.7364376662381098,1.3537228353321427
3021,85,100,9,LSTransferTreeBoost,0.05,2,1,0.05,0.9,400,2.4047181684259793,1.8584010187876914,2.504268066387439,1.945760872866916
3022,85,100,9,LADTransferTreeBoost,0.05,2,1,0.05,0.9,400,2.359553316810673,1.846379363418419,2.388931103611663,1.9035318833200348
3023,85,100,9,MTransferTreeBoost,0.05,2,1,0.05,0.9,400,2.2996309196233518,1.787453010448388,2.377099371929471,1.8538174518641655
3024,85,100,9,LSTransferTreeBoost,0.05,2,2,0.0,0.1,400,1.8614460308336969,1.4733485307220358,1.9976895718467595,1.5704337182271415
3025,85,100,9,LADTransferTreeBoost,0.05,2,2,0.0,0.1,400,2.1624930455005114,1.6635834507543916,2.201898398931422,1.7330950528415587
3026,85,100,9,MTransferTreeBoost,0.05,2,2,0.0,0.1,400,1.7382082703302388,1.3594925992911209,1.835572144521186,1.4485724417942707
3027,85,100,9,LSTransferTreeBoost,0.05,2,2,0.0,0.5,400,1.917739806378537,1.5302255443935475,2.0544203141464825,1.6286437242539458
3028,85,100,9,LADTransferTreeBoost,0.05,2,2,0.0,0.5,400,2.2205741512537687,1.7227500593454284,2.2161378700559533,1.7517318063278857
3029,85,100,9,MTransferTreeBoost,0.05,2,2,0.0,0.5,400,1.6600563207286294,1.3001325591374147,1.7465883502041517,1.3887123458090345
3030,85,100,9,LSTransferTreeBoost,0.05,2,2,0.0,0.9,400,2.4375832908272907,1.9284941535336722,2.5033531789247423,1.9984177961265637
3031,85,100,9,LADTransferTreeBoost,0.05,2,2,0.0,0.9,400,3.8736458863738252,3.0737520913268845,3.8331568338047677,3.064913121347211
3032,85,100,9,MTransferTreeBoost,0.05,2,2,0.0,0.9,400,2.450998442946375,1.9363971345435416,2.477367730907059,1.983401780305721
3033,85,100,9,LSTransferTreeBoost,0.05,2,2,0.01,0.1,400,2.083034031837686,1.6476453362891628,2.224827118515289,1.7524825181000414
3034,85,100,9,LADTransferTreeBoost,0.05,2,2,0.01,0.1,400,2.269740804770179,1.750524043095184,2.296284093251706,1.8060533442018427
3035,85,100,9,MTransferTreeBoost,0.05,2,2,0.01,0.1,400,1.7580822601228354,1.3691389631310764,1.8543446605362486,1.4639547931890704
