seed,learning_rate,dropout,d_main,num_blocks,val_rmse_scaled,val_mae_scaled,val_rmse_raw,val_mae_raw,test_rmse_scaled,test_mae_scaled,test_rmse_raw,test_mae_raw
860.0,0.0001,0.0,64.0,3.0,0.41395658254623413,0.3922291398048401,0.18833106756210327,0.17844608426094055,0.2857290804386139,0.27364158630371094,0.1299934834241867,0.12449424713850021
861.0,0.0001,0.0,64.0,3.0,0.21697385609149933,0.18693751096725464,0.10744369775056839,0.09256993979215622,0.3331347703933716,0.2690841853618622,0.1649656444787979,0.13324829936027527
862.0,0.0001,0.0,64.0,3.0,0.3781062960624695,0.32327625155448914,0.17510397732257843,0.1497117429971695,0.3879176378250122,0.35573822259902954,0.17964771389961243,0.16474518179893494
863.0,0.0001,0.0,64.0,3.0,0.29808592796325684,0.24471944570541382,0.14674150943756104,0.1204703077673912,0.2925896942615509,0.20137444138526917,0.14403589069843292,0.09913250058889389
864.0,0.0001,0.0,64.0,3.0,0.19380782544612885,0.17012672126293182,0.09219551831483841,0.08093027770519257,0.26922503113746643,0.2311948537826538,0.12807191908359528,0.10998073220252991
865.0,0.0001,0.0,64.0,3.0,0.40060117840766907,0.2646849751472473,0.1737469732761383,0.11479799449443817,0.505196213722229,0.35223302245140076,0.21911142766475677,0.15276893973350525
866.0,0.0001,0.0,64.0,3.0,0.4376946985721588,0.37686362862586975,0.1957544982433319,0.16854840517044067,0.32662656903266907,0.23978032171726227,0.1460804045200348,0.10723929852247238
867.0,0.0001,0.0,64.0,3.0,0.45047512650489807,0.39813488721847534,0.23520195484161377,0.2078740894794464,0.3708378076553345,0.3472828269004822,0.19362172484397888,0.18132323026657104
868.0,0.0001,0.0,64.0,3.0,0.44159966707229614,0.2840937077999115,0.18069575726985931,0.11624675989151001,0.6291770339012146,0.49071741104125977,0.2574496269226074,0.2007940262556076
869.0,0.0001,0.0,64.0,3.0,0.4854327142238617,0.3693569600582123,0.21544457972049713,0.1639278680086136,0.5905777215957642,0.40893450379371643,0.2621099650859833,0.18149316310882568
870.0,0.0001,0.0,64.0,3.0,0.30929890275001526,0.2530733346939087,0.14598840475082397,0.11945006251335144,0.2474326193332672,0.2027570605278015,0.11678764224052429,0.09570088982582092
871.0,0.0001,0.0,64.0,3.0,0.3899519741535187,0.364967942237854,0.18941645324230194,0.17728064954280853,0.36468032002449036,0.29278063774108887,0.17714093625545502,0.14221614599227905
872.0,0.0001,0.0,64.0,3.0,0.23234297335147858,0.2069534957408905,0.11343489587306976,0.10103919357061386,0.26186132431030273,0.24201098084449768,0.1278463751077652,0.11815501749515533
873.0,0.0001,0.0,64.0,3.0,0.23382824659347534,0.164157897233963,0.10951250791549683,0.07688267529010773,0.4238413870334625,0.33895522356033325,0.19850440323352814,0.1587483137845993
874.0,0.0001,0.0,64.0,3.0,0.2819196879863739,0.23382845520973206,0.13218197226524353,0.10963372886180878,0.2949414849281311,0.2530556917190552,0.13828742504119873,0.11864867061376572
875.0,0.0001,0.0,64.0,3.0,0.39628517627716064,0.2616863250732422,0.18262240290641785,0.12059443444013596,0.3692566156387329,0.24401909112930298,0.17016667127609253,0.11245273053646088
876.0,0.0001,0.0,64.0,3.0,0.2998133897781372,0.23179501295089722,0.14088143408298492,0.10891980677843094,0.4675661623477936,0.37025004625320435,0.2197079062461853,0.17397937178611755
877.0,0.0001,0.0,64.0,3.0,0.2129712551832199,0.18727731704711914,0.1107507199048996,0.09738919138908386,0.20194482803344727,0.1532653570175171,0.10501667857170105,0.07970205694437027
878.0,0.0001,0.0,64.0,3.0,0.2497987449169159,0.22870025038719177,0.11294769495725632,0.10340788960456848,0.33140993118286133,0.29601210355758667,0.14984861016273499,0.1338433027267456
879.0,0.0001,0.0,64.0,3.0,0.2974207401275635,0.23158320784568787,0.1459084004163742,0.11360988020896912,0.4457513988018036,0.3719983398914337,0.2186763435602188,0.1824946254491806
880.0,0.0001,0.0,64.0,3.0,0.38902631402015686,0.3283255100250244,0.15525604784488678,0.13103103637695312,0.5241414904594421,0.4224901497364044,0.20917895436286926,0.168611079454422
881.0,0.0001,0.0,64.0,3.0,0.32151105999946594,0.29433155059814453,0.147874653339386,0.13537383079528809,0.22888824343681335,0.21772734820842743,0.10527404397726059,0.10014074295759201
882.0,0.0001,0.0,64.0,3.0,0.34117013216018677,0.257199764251709,0.17330946028232574,0.1306537389755249,0.2195601761341095,0.14048252999782562,0.11153339594602585,0.07136309891939163
883.0,0.0001,0.0,64.0,3.0,0.20285165309906006,0.15610142052173615,0.09984885156154633,0.07683718949556351,0.22569456696510315,0.19539374113082886,0.11109273135662079,0.09617787599563599
884.0,0.0001,0.0,64.0,3.0,0.27773618698120117,0.17207705974578857,0.13305337727069855,0.08243589848279953,0.24560968577861786,0.2095954716205597,0.11766274273395538,0.1004096269607544
885.0,0.0001,0.0,64.0,3.0,0.17884738743305206,0.13367556035518646,0.08525104075670242,0.06371903419494629,0.3909760117530823,0.3038892149925232,0.1863662451505661,0.14485464990139008
886.0,0.0001,0.0,64.0,3.0,0.4527833163738251,0.41927236318588257,0.20824390649795532,0.19283154606819153,0.43896418809890747,0.3858511745929718,0.20188820362091064,0.17746049165725708
887.0,0.0001,0.0,64.0,3.0,0.24062158167362213,0.20008757710456848,0.1104423925280571,0.09183776378631592,0.24718548357486725,0.19156105816364288,0.1134551540017128,0.08792421221733093
888.0,0.0001,0.0,64.0,3.0,0.1966431438922882,0.15264883637428284,0.09651108831167221,0.07491898536682129,0.275465726852417,0.22422853112220764,0.13519661128520966,0.11004975438117981
889.0,0.0001,0.0,64.0,3.0,0.2994988262653351,0.198264017701149,0.14218483865261078,0.09412436187267303,0.43088218569755554,0.3457736372947693,0.2045581340789795,0.16415348649024963
860.0,0.0001,0.0,128.0,2.0,0.3135254681110382,0.2770358622074127,0.14263957738876343,0.12603850662708282,0.31339332461357117,0.27615517377853394,0.14257943630218506,0.12563779950141907
861.0,0.0001,0.0,128.0,2.0,0.2066839635372162,0.19213083386421204,0.1023482233285904,0.09514162689447403,0.31570976972579956,0.2427496314048767,0.1563369184732437,0.12020763754844666
862.0,0.0001,0.0,128.0,2.0,0.37315335869789124,0.33912158012390137,0.17281024158000946,0.15704984962940216,0.2625388503074646,0.23318815231323242,0.12158381193876266,0.10799126327037811
863.0,0.0001,0.0,128.0,2.0,0.31470397114753723,0.2420438528060913,0.1549222618341446,0.11915317922830582,0.21657794713974,0.17851239442825317,0.10661683231592178,0.08787794411182404
864.0,0.0001,0.0,128.0,2.0,0.27070337533950806,0.2120303064584732,0.12877513468265533,0.10086400806903839,0.3416813015937805,0.2939128875732422,0.1625397801399231,0.1398160606622696
865.0,0.0001,0.0,128.0,2.0,0.3471435010433197,0.21006950736045837,0.15056154131889343,0.09111040830612183,0.5174137949943542,0.3848381042480469,0.22441039979457855,0.16691026091575623
866.0,0.0001,0.0,128.0,2.0,0.5510143041610718,0.42495113611221313,0.2464355230331421,0.1900550276041031,0.3983123302459717,0.2459130883216858,0.17814108729362488,0.10998210310935974
867.0,0.0001,0.0,128.0,2.0,0.2560347318649292,0.2219935804605484,0.1336807906627655,0.115907222032547,0.16644924879074097,0.13656319677829742,0.08690644055604935,0.07130234688520432
868.0,0.0001,0.0,128.0,2.0,0.5745038986206055,0.3951955735683441,0.2350781410932541,0.16170793771743774,0.5797826051712036,0.4106808304786682,0.23723815381526947,0.1680442988872528
869.0,0.0001,0.0,128.0,2.0,0.33230793476104736,0.275351881980896,0.14748477935791016,0.12220656871795654,0.5115094780921936,0.4192739427089691,0.22701793909072876,0.18608200550079346
870.0,0.0001,0.0,128.0,2.0,0.26255515217781067,0.17864398658275604,0.12392543256282806,0.08431954681873322,0.250643789768219,0.23111028969287872,0.1183033138513565,0.10908354818820953
871.0,0.0001,0.0,128.0,2.0,0.38544702529907227,0.3562124967575073,0.1872282326221466,0.17302778363227844,0.2308836132287979,0.1610637605190277,0.11215011775493622,0.07823559641838074
872.0,0.0001,0.0,128.0,2.0,0.18689784407615662,0.1622040867805481,0.09124761074781418,0.07919158041477203,0.22440564632415771,0.19930514693260193,0.10955969244241714,0.09730509668588638
873.0,0.0001,0.0,128.0,2.0,0.3241000175476074,0.30649200081825256,0.15179091691970825,0.1435442566871643,0.27836814522743225,0.22246572375297546,0.13037262856960297,0.10419094562530518
874.0,0.0001,0.0,128.0,2.0,0.2817554771900177,0.22087416052818298,0.13210497796535492,0.10355991125106812,0.1998511105775833,0.14197969436645508,0.09370297193527222,0.06656917184591293
875.0,0.0001,0.0,128.0,2.0,0.3817124664783478,0.2548554539680481,0.17590677738189697,0.11744652688503265,0.25597530603408813,0.21039333939552307,0.11796262860298157,0.09695680439472198
876.0,0.0001,0.0,128.0,2.0,0.2668302357196808,0.2400151491165161,0.12538275122642517,0.11278241127729416,0.3172418177127838,0.2518928050994873,0.14907096326351166,0.11836367845535278
877.0,0.0001,0.0,128.0,2.0,0.2853277027606964,0.2572411596775055,0.14837799966335297,0.13377225399017334,0.17807641625404358,0.14374364912509918,0.09260445833206177,0.07475051283836365
878.0,0.0001,0.0,128.0,2.0,0.3345724046230316,0.2621828615665436,0.151278555393219,0.11854726821184158,0.1689494401216507,0.1344892680644989,0.07639130204916,0.060809966176748276
879.0,0.0001,0.0,128.0,2.0,0.25758644938468933,0.22473302483558655,0.1263665407896042,0.11024933308362961,0.36923426389694214,0.28825002908706665,0.18113860487937927,0.14140945672988892
880.0,0.0001,0.0,128.0,2.0,0.5572255849838257,0.48609939217567444,0.22238244116306305,0.19399678707122803,0.36155399680137634,0.2913001775741577,0.14429213106632233,0.11625462025403976
881.0,0.0001,0.0,128.0,2.0,0.15144343674182892,0.1275789737701416,0.06965437531471252,0.058678239583969116,0.42677611112594604,0.28122326731681824,0.19628989696502686,0.1293448507785797
882.0,0.0001,0.0,128.0,2.0,0.3199270963668823,0.2960473299026489,0.16251833736896515,0.15038776397705078,0.10845097154378891,0.08024786412715912,0.05509151145815849,0.04076474905014038
883.0,0.0001,0.0,128.0,2.0,0.2463454008102417,0.1678866147994995,0.12125760316848755,0.08263815194368362,0.19352984428405762,0.15121158957481384,0.09526044130325317,0.07443030178546906
884.0,0.0001,0.0,128.0,2.0,0.23955371975898743,0.22051630914211273,0.11476152390241623,0.10564139485359192,0.19395937025547028,0.12192221730947495,0.09291892498731613,0.058408524841070175
885.0,0.0001,0.0,128.0,2.0,0.18796800076961517,0.17182505130767822,0.08959855884313583,0.08190371096134186,0.30448710918426514,0.24834661185741425,0.1451396346092224,0.11837919056415558
886.0,0.0001,0.0,128.0,2.0,0.28863486647605896,0.23871831595897675,0.1327488273382187,0.10979124158620834,0.2563498020172119,0.2076767385005951,0.1179002895951271,0.09551459550857544
887.0,0.0001,0.0,128.0,2.0,0.24751482903957367,0.20277827978134155,0.1136062815785408,0.09307277202606201,0.20836541056632996,0.14501206576824188,0.09563717246055603,0.06655877828598022
888.0,0.0001,0.0,128.0,2.0,0.2058255672454834,0.18834316730499268,0.10101775079965591,0.0924375057220459,0.25176337361335754,0.23077630996704102,0.12356368452310562,0.11326337605714798
889.0,0.0001,0.0,128.0,2.0,0.19110064208507538,0.16376125812530518,0.09072361141443253,0.07774444669485092,0.2351565808057785,0.18735866248607635,0.11163882911205292,0.08894713222980499
860.0,0.0001,0.0,128.0,3.0,0.27700451016426086,0.21552985906600952,0.12602421641349792,0.09805609285831451,0.28919050097465515,0.22407016158103943,0.13156826794147491,0.1019415408372879
861.0,0.0001,0.0,128.0,3.0,0.2527296543121338,0.2093871831893921,0.125149667263031,0.10368682444095612,0.39263656735420227,0.3245719373226166,0.19443044066429138,0.16072538495063782
862.0,0.0001,0.0,128.0,3.0,0.424824059009552,0.3782707452774048,0.1967393159866333,0.175180122256279,0.26405954360961914,0.23158039152622223,0.12228807061910629,0.10724669694900513
863.0,0.0001,0.0,128.0,3.0,0.23445846140384674,0.1828698068857193,0.11541904509067535,0.09002302587032318,0.24339665472507477,0.21190236508846283,0.11981914192438126,0.10431516170501709
864.0,0.0001,0.0,128.0,3.0,0.315443217754364,0.25732576847076416,0.15005816519260406,0.122411347925663,0.35038870573043823,0.3046967685222626,0.1666819453239441,0.14494602382183075
865.0,0.0001,0.0,128.0,3.0,0.4044609069824219,0.22196021676063538,0.17542096972465515,0.09626760333776474,0.46742063760757446,0.3306373655796051,0.2027275711297989,0.1434025764465332
866.0,0.0001,0.0,128.0,3.0,0.443217933177948,0.3741891086101532,0.19822469353675842,0.16735225915908813,0.3597850203514099,0.2836375832557678,0.16091014444828033,0.12685397267341614
867.0,0.0001,0.0,128.0,3.0,0.2215024083852768,0.18952009081840515,0.11565078794956207,0.09895219653844833,0.13209298253059387,0.1073184460401535,0.06896834820508957,0.05603307858109474
868.0,0.0001,0.0,128.0,3.0,0.41118186712265015,0.31474873423576355,0.16824927926063538,0.12879034876823425,0.4817766845226288,0.36546075344085693,0.19713564217090607,0.1495409458875656
869.0,0.0001,0.0,128.0,3.0,0.52824866771698,0.32965272665023804,0.23444712162017822,0.1463063359260559,0.6064983606338501,0.4281708002090454,0.26917585730552673,0.19003057479858398
870.0,0.0001,0.0,128.0,3.0,0.21206034719944,0.16622516512870789,0.10009199380874634,0.07845789194107056,0.2242131233215332,0.1815478354692459,0.10582810640335083,0.0856902003288269
871.0,0.0001,0.0,128.0,3.0,0.34821924567222595,0.31731224060058594,0.16914509236812592,0.15413221716880798,0.272536963224411,0.25820308923721313,0.13238294422626495,0.12542036175727844
872.0,0.0001,0.0,128.0,3.0,0.36238518357276917,0.2783099412918091,0.17692430317401886,0.13587695360183716,0.275583952665329,0.23501171171665192,0.13454608619213104,0.11473783105611801
873.0,0.0001,0.0,128.0,3.0,0.3804332911968231,0.3550705313682556,0.17817436158657074,0.16629579663276672,0.27470606565475464,0.21709513664245605,0.1286575049161911,0.10167564451694489
874.0,0.0001,0.0,128.0,3.0,0.2656264007091522,0.1849796622991562,0.12454260885715485,0.08673027902841568,0.2070421576499939,0.12840932607650757,0.09707457572221756,0.060206491500139236
875.0,0.0001,0.0,128.0,3.0,0.27868279814720154,0.24290333688259125,0.12842701375484467,0.11193855106830597,0.2980988621711731,0.1764773428440094,0.1373746395111084,0.08132708817720413
876.0,0.0001,0.0,128.0,3.0,0.294972687959671,0.24649110436439514,0.13860678672790527,0.11582542955875397,0.2639020085334778,0.2022256851196289,0.12400675565004349,0.09502523392438889
877.0,0.0001,0.0,128.0,3.0,0.28279781341552734,0.2041884809732437,0.14706237614154816,0.10618344694375992,0.19479678571224213,0.14528301358222961,0.10129949450492859,0.07555101811885834
878.0,0.0001,0.0,128.0,3.0,0.3893245756626129,0.3128598928451538,0.17603495717048645,0.1414611041545868,0.2807670533657074,0.2359856516122818,0.126950204372406,0.10670207440853119
879.0,0.0001,0.0,128.0,3.0,0.23364125192165375,0.21667751669883728,0.11461952328681946,0.10629744827747345,0.1945021152496338,0.15664726495742798,0.09541869908571243,0.07684788852930069
880.0,0.0001,0.0,128.0,3.0,0.5203750133514404,0.40352311730384827,0.20767582952976227,0.16104154288768768,0.35762152075767517,0.27590227127075195,0.1427226960659027,0.11010948568582535
881.0,0.0001,0.0,128.0,3.0,0.2046346366405487,0.14333181083202362,0.09411896020174026,0.06592355668544769,0.28307440876960754,0.16200058162212372,0.1301962435245514,0.07450997829437256
882.0,0.0001,0.0,128.0,3.0,0.290914922952652,0.2621082365512848,0.14778055250644684,0.13314718008041382,0.08517929166555405,0.06556472182273865,0.043269842863082886,0.03330593556165695
883.0,0.0001,0.0,128.0,3.0,0.25728562474250793,0.2056615948677063,0.12664267420768738,0.10123199969530106,0.2723428010940552,0.23616895079612732,0.13405421376228333,0.11624851822853088
884.0,0.0001,0.0,128.0,3.0,0.34966883063316345,0.28999173641204834,0.16751371324062347,0.13892456889152527,0.20340357720851898,0.17221595346927643,0.09744331240653992,0.08250243961811066
885.0,0.0001,0.0,128.0,3.0,0.21768763661384583,0.1755754053592682,0.10376501828432083,0.08369141072034836,0.2271115928888321,0.17854884266853333,0.10825707763433456,0.08510873466730118
886.0,0.0001,0.0,128.0,3.0,0.35201969742774963,0.32453081011772156,0.16190075874328613,0.1492580771446228,0.20540326833724976,0.16694492101669312,0.09446898847818375,0.0767812430858612
887.0,0.0001,0.0,128.0,3.0,0.24221238493919373,0.2032182812690735,0.11117253452539444,0.09327472001314163,0.30851733684539795,0.22949232161045074,0.1416057050228119,0.10533416271209717
888.0,0.0001,0.0,128.0,3.0,0.19871392846107483,0.153988778591156,0.0975274071097374,0.07557661086320877,0.16181178390979767,0.11110985279083252,0.07941605895757675,0.05453191697597504
889.0,0.0001,0.0,128.0,3.0,0.1452736109495163,0.11034385114908218,0.06896757334470749,0.05238493159413338,0.17671075463294983,0.15327061712741852,0.08389211446046829,0.0727640688419342
860.0,0.0001,0.0,128.0,4.0,0.43506741523742676,0.291385680437088,0.19793550670146942,0.13256698846817017,0.31617239117622375,0.22383497655391693,0.14384379982948303,0.10183453559875488
861.0,0.0001,0.0,128.0,4.0,0.3137475550174713,0.29094356298446655,0.1553652435541153,0.14407289028167725,0.3348270356655121,0.2756929397583008,0.16580364108085632,0.13652090728282928
862.0,0.0001,0.0,128.0,4.0,0.4711909890174866,0.39785292744636536,0.21821220219135284,0.18424877524375916,0.2690538167953491,0.1691104620695114,0.12460094690322876,0.07831639051437378
863.0,0.0001,0.0,128.0,4.0,0.3124200701713562,0.25450778007507324,0.1537979245185852,0.1252889335155487,0.2763088643550873,0.20369836688041687,0.13602112233638763,0.10027649253606796
864.0,0.0001,0.0,128.0,4.0,0.21454329788684845,0.170732781291008,0.10205948352813721,0.08121857047080994,0.2170281708240509,0.2007831633090973,0.10324154049158096,0.09551369398832321
865.0,0.0001,0.0,128.0,4.0,0.4135609269142151,0.34838661551475525,0.1793678104877472,0.15110071003437042,0.434408962726593,0.33183956146240234,0.1884099245071411,0.14392399787902832
866.0,0.0001,0.0,128.0,4.0,0.41953253746032715,0.3399965167045593,0.18763163685798645,0.15205994248390198,0.22117112576961517,0.17696242034435272,0.09891651570796967,0.07914462685585022
867.0,0.0001,0.0,128.0,4.0,0.3317626416683197,0.278283029794693,0.17321984469890594,0.14529705047607422,0.30461838841438293,0.27261537313461304,0.15904727578163147,0.1423378884792328
868.0,0.0001,0.0,128.0,4.0,0.6221376657485962,0.4590487480163574,0.2545691430568695,0.187835693359375,0.6204181909561157,0.4797249138355255,0.2538655996322632,0.1962960660457611
869.0,0.0001,0.0,128.0,4.0,0.24072763323783875,0.2003854215145111,0.10683967173099518,0.0889350026845932,0.45453259348869324,0.38793331384658813,0.20173048973083496,0.1721724271774292
870.0,0.0001,0.0,128.0,4.0,0.24927833676338196,0.19978216290473938,0.1176588386297226,0.09429675340652466,0.22581037878990173,0.18655520677566528,0.10658199340105057,0.08805365115404129
871.0,0.0001,0.0,128.0,4.0,0.3178493082523346,0.27972716093063354,0.15439310669898987,0.13587553799152374,0.21858128905296326,0.16836877167224884,0.10617434978485107,0.0817839652299881
872.0,0.0001,0.0,128.0,4.0,0.22071638703346252,0.19172511994838715,0.10775855928659439,0.09360438585281372,0.1829701066017151,0.1543852984905243,0.08932999521493912,0.07537425309419632
873.0,0.0001,0.0,128.0,4.0,0.3921928107738495,0.3529616594314575,0.1836818903684616,0.1653081476688385,0.2840324640274048,0.24444618821144104,0.13302546739578247,0.11448538303375244
874.0,0.0001,0.0,128.0,4.0,0.2608237564563751,0.1543542444705963,0.12229085713624954,0.07237114757299423,0.26293739676475525,0.2205120027065277,0.12328183650970459,0.10339010506868362
875.0,0.0001,0.0,128.0,4.0,0.20619072020053864,0.19858795404434204,0.09502008557319641,0.09151645004749298,0.6339412927627563,0.39739811420440674,0.2921428680419922,0.18313530087471008
876.0,0.0001,0.0,128.0,4.0,0.27403828501701355,0.19245143234729767,0.12876978516578674,0.09043236076831818,0.3189477324485779,0.23854638636112213,0.14987260103225708,0.11209222674369812
877.0,0.0001,0.0,128.0,4.0,0.304884672164917,0.2521684467792511,0.15854814648628235,0.1311343014240265,0.1562270075082779,0.1422305852174759,0.08124218881130219,0.07396367192268372
878.0,0.0001,0.0,128.0,4.0,0.5579971671104431,0.38663703203201294,0.2523011565208435,0.17481982707977295,0.1810922473669052,0.15069842338562012,0.08188173919916153,0.06813904643058777
879.0,0.0001,0.0,128.0,4.0,0.1949288547039032,0.1596209704875946,0.0956280305981636,0.07830671221017838,0.2398664355278015,0.1474069356918335,0.11767347902059555,0.07231476902961731
880.0,0.0001,0.0,128.0,4.0,0.6021853685379028,0.5073212385177612,0.24032540619373322,0.2024662047624588,0.36097657680511475,0.25888562202453613,0.14406168460845947,0.10331834852695465
881.0,0.0001,0.0,128.0,4.0,0.32566797733306885,0.24943062663078308,0.1497865915298462,0.11472224444150925,0.34658706188201904,0.24732258915901184,0.15940804779529572,0.11375268548727036
882.0,0.0001,0.0,128.0,4.0,0.2776462435722351,0.19315920770168304,0.14104025065898895,0.09812206774950027,0.18607354164123535,0.12166103720664978,0.09452266246080399,0.06180205196142197
883.0,0.0001,0.0,128.0,4.0,0.2218717634677887,0.18554243445396423,0.10921107232570648,0.09132882952690125,0.2824561893939972,0.24765263497829437,0.1390322893857956,0.12190107256174088
884.0,0.0001,0.0,128.0,4.0,0.19595256447792053,0.15320518612861633,0.09387380629777908,0.07339508831501007,0.20895405113697052,0.16878119111061096,0.10010234266519547,0.08085697889328003
885.0,0.0001,0.0,128.0,4.0,0.37834277749061584,0.34227463603019714,0.1803443729877472,0.1631518006324768,0.20759817957878113,0.18252156674861908,0.09895564615726471,0.08700241148471832
886.0,0.0001,0.0,128.0,4.0,0.3567538559436798,0.3023812770843506,0.16407808661460876,0.13907107710838318,0.33793729543685913,0.2901328206062317,0.15542396903038025,0.13343776762485504
887.0,0.0001,0.0,128.0,4.0,0.26787999272346497,0.222969189286232,0.1229536309838295,0.10234012454748154,0.246481254696846,0.17929962277412415,0.11313191056251526,0.08229635655879974
888.0,0.0001,0.0,128.0,4.0,0.2609429657459259,0.2053915411233902,0.12806899845600128,0.10080474615097046,0.16877736151218414,0.13965743780136108,0.08283472806215286,0.06854288280010223
889.0,0.0001,0.0,128.0,4.0,0.30267950892448425,0.23081046342849731,0.14369481801986694,0.1095755398273468,0.24042987823486328,0.1931024193763733,0.11414231359958649,0.09167395532131195
860.0,0.0001,0.0,256.0,3.0,0.14875228703022003,0.10849328339099884,0.0676753893494606,0.04935941472649574,0.23290403187274933,0.1487174928188324,0.10596053302288055,0.06765956431627274
861.0,0.0001,0.0,256.0,3.0,0.22450579702854156,0.1895376592874527,0.11117343604564667,0.09385749697685242,0.27724388241767883,0.21518394351005554,0.1372889280319214,0.10655734688043594
862.0,0.0001,0.0,256.0,3.0,0.4237213730812073,0.3896560072898865,0.19622868299484253,0.18045274913311005,0.2274273931980133,0.18432791531085968,0.10532338917255402,0.08536368608474731
863.0,0.0001,0.0,256.0,3.0,0.3012917637825012,0.25398993492126465,0.14831969141960144,0.12503398954868317,0.21656444668769836,0.1739834100008011,0.10661017894744873,0.08564843237400055
864.0,0.0001,0.0,256.0,3.0,0.3022395372390747,0.22241775691509247,0.14377711713314056,0.1058054268360138,0.3077908158302307,0.23169159889221191,0.14641787111759186,0.11021704971790314
865.0,0.0001,0.0,256.0,3.0,0.24545110762119293,0.16107067465782166,0.1064559668302536,0.0698588639497757,0.32964450120925903,0.22914232313632965,0.1429719626903534,0.09938258677721024
866.0,0.0001,0.0,256.0,3.0,0.5248256921768188,0.3784315884113312,0.23472291231155396,0.16924965381622314,0.38264933228492737,0.2882605791091919,0.17113597691059113,0.12892156839370728
867.0,0.0001,0.0,256.0,3.0,0.3113398551940918,0.2570614814758301,0.16255666315555573,0.13421685993671417,0.1270274817943573,0.09186545014381409,0.06632354110479355,0.047964759171009064
868.0,0.0001,0.0,256.0,3.0,0.4651423990726471,0.33276402950286865,0.19032908976078033,0.1361619234085083,0.5522058010101318,0.40256884694099426,0.22595414519309998,0.16472500562667847
869.0,0.0001,0.0,256.0,3.0,0.26425766944885254,0.23949675261974335,0.11728275567293167,0.10629338026046753,0.4479663074016571,0.391318678855896,0.19881625473499298,0.17367491126060486
870.0,0.0001,0.0,256.0,3.0,0.19631549715995789,0.1581684648990631,0.09266045689582825,0.07465513050556183,0.2091061919927597,0.1906568855047226,0.09869764745235443,0.08998961746692657
871.0,0.0001,0.0,256.0,3.0,0.28362971544265747,0.2611989378929138,0.13777115941047668,0.12687557935714722,0.27310389280319214,0.2335011512041092,0.13265831768512726,0.11342155188322067
872.0,0.0001,0.0,256.0,3.0,0.17609621584415436,0.1375766545534134,0.08597400784492493,0.06716792285442352,0.2807711064815521,0.24504640698432922,0.13707856833934784,0.11963697522878647
873.0,0.0001,0.0,256.0,3.0,0.2345658838748932,0.19833827018737793,0.1098579689860344,0.0928909182548523,0.21642448008060455,0.15443521738052368,0.10136153548955917,0.07232910394668579
874.0,0.0001,0.0,256.0,3.0,0.29527145624160767,0.2498149871826172,0.13844211399555206,0.11712922900915146,0.24229682981967926,0.19694207608699799,0.11360421776771545,0.09233901649713516
875.0,0.0001,0.0,256.0,3.0,0.2860454022884369,0.24558168649673462,0.131819948554039,0.11317282170057297,0.2108548879623413,0.1603306233882904,0.09716947376728058,0.07388607412576675
876.0,0.0001,0.0,256.0,3.0,0.20026063919067383,0.16587191820144653,0.09410188347101212,0.07794272899627686,0.25005248188972473,0.21439841389656067,0.11749888956546783,0.10074517130851746
877.0,0.0001,0.0,256.0,3.0,0.2521234452724457,0.17695221304893494,0.13111090660095215,0.09201985597610474,0.22000521421432495,0.19538816809654236,0.11440856009721756,0.10160703212022781
878.0,0.0001,0.0,256.0,3.0,0.3840378522872925,0.29323041439056396,0.173644557595253,0.1325855255126953,0.20134583115577698,0.1800871193408966,0.09103947877883911,0.08142724633216858
879.0,0.0001,0.0,256.0,3.0,0.3185296952724457,0.1939278542995453,0.15626400709152222,0.09513694047927856,0.3264642059803009,0.22885489463806152,0.1601565182209015,0.11227143555879593
880.0,0.0001,0.0,256.0,3.0,0.4817182421684265,0.378650426864624,0.1922483593225479,0.15111514925956726,0.3151840269565582,0.27308160066604614,0.12578637897968292,0.10898378491401672
881.0,0.0001,0.0,256.0,3.0,0.18605507910251617,0.15196523070335388,0.08557353913784027,0.06989437341690063,0.2735239863395691,0.1893191635608673,0.1258036494255066,0.08707477152347565
882.0,0.0001,0.0,256.0,3.0,0.19360265135765076,0.15096025168895721,0.09834732860326767,0.07668560743331909,0.12267578393220901,0.07927832752466202,0.06231754273176193,0.04027225822210312
883.0,0.0001,0.0,256.0,3.0,0.21469148993492126,0.17542043328285217,0.10567674785852432,0.08634651452302933,0.2853892743587494,0.24624475836753845,0.1404760330915451,0.1212080717086792
884.0,0.0001,0.0,256.0,3.0,0.24444597959518433,0.18697616457939148,0.11710523813962936,0.08957353234291077,0.18368156254291534,0.1622876226902008,0.08799521625041962,0.07774615287780762
885.0,0.0001,0.0,256.0,3.0,0.24939337372779846,0.19375400245189667,0.11887816339731216,0.09235657751560211,0.31369748711586,0.2515121400356293,0.14952994883060455,0.11988808959722519
886.0,0.0001,0.0,256.0,3.0,0.2160375416278839,0.16884085536003113,0.09935988485813141,0.07765321433544159,0.3580262064933777,0.3127148747444153,0.16466325521469116,0.14382368326187134
887.0,0.0001,0.0,256.0,3.0,0.28211385011672974,0.26209914684295654,0.1294868290424347,0.12030031532049179,0.28040793538093567,0.22839757800102234,0.12870381772518158,0.10483171045780182
888.0,0.0001,0.0,256.0,3.0,0.16412696242332458,0.11762185394763947,0.0805523693561554,0.05772799253463745,0.2733641266822815,0.23143288493156433,0.1341651976108551,0.11358564347028732
889.0,0.0001,0.0,256.0,3.0,0.23834115266799927,0.19298720359802246,0.1131506860256195,0.09161923825740814,0.20736059546470642,0.17571401596069336,0.09844290465116501,0.08341892063617706
860.0,0.0001,0.1,64.0,3.0,0.3318178653717041,0.30514445900917053,0.150961771607399,0.13882660865783691,0.2599642872810364,0.2190864235162735,0.11827170103788376,0.09967415779829025
861.0,0.0001,0.1,64.0,3.0,0.3208649158477783,0.29975491762161255,0.15888969600200653,0.14843620359897614,0.3623892068862915,0.29751747846603394,0.17945216596126556,0.1473282426595688
862.0,0.0001,0.1,64.0,3.0,0.49680930376052856,0.4499419629573822,0.23007628321647644,0.20837163925170898,0.41114702820777893,0.3428507447242737,0.19040541350841522,0.15877684950828552
863.0,0.0001,0.1,64.0,3.0,0.3155573904514313,0.28534334897994995,0.15534235537052155,0.14046859741210938,0.19659504294395447,0.17552484571933746,0.09677968174219131,0.08640725165605545
864.0,0.0001,0.1,64.0,3.0,0.31569692492485046,0.21734347939491272,0.15017886459827423,0.10339156538248062,0.36168837547302246,0.3074483573436737,0.17205725610256195,0.14625497162342072
865.0,0.0001,0.1,64.0,3.0,0.49725085496902466,0.27407798171043396,0.21566542983055115,0.11887186765670776,0.6812750697135925,0.4840884506702423,0.2954796254634857,0.20995670557022095
866.0,0.0001,0.1,64.0,3.0,0.2470206469297409,0.1705612689256668,0.11047743260860443,0.07628175616264343,0.27265477180480957,0.20023760199546814,0.12194203585386276,0.08955419808626175
867.0,0.0001,0.1,64.0,3.0,0.7675175666809082,0.6747835874557495,0.4007360637187958,0.35231783986091614,0.825381875038147,0.7307301759719849,0.4309481978416443,0.38152867555618286
868.0,0.0001,0.1,64.0,3.0,0.6135290861129761,0.42054417729377747,0.25104665756225586,0.17208021879196167,0.7164995670318604,0.6014776825904846,0.2931806445121765,0.24611543118953705
869.0,0.0001,0.1,64.0,3.0,0.4114398956298828,0.29343098402023315,0.1826050877571106,0.13023042678833008,0.6421473026275635,0.5017495155334473,0.2849975526332855,0.2226862907409668
870.0,0.0001,0.1,64.0,3.0,0.32373717427253723,0.2553286850452423,0.1528031975030899,0.12051455676555634,0.2241918444633484,0.19982179999351501,0.10581804811954498,0.09431543201208115
871.0,0.0001,0.1,64.0,3.0,0.3662477135658264,0.3285001218318939,0.17790229618549347,0.15956667065620422,0.3074759244918823,0.25858497619628906,0.14935430884361267,0.12560586631298065
872.0,0.0001,0.1,64.0,3.0,0.3316821753978729,0.2938750386238098,0.16193446516990662,0.1434762179851532,0.3596940040588379,0.3236795663833618,0.17561040818691254,0.15802738070487976
873.0,0.0001,0.1,64.0,3.0,0.42225974798202515,0.386491596698761,0.1977636069059372,0.18101175129413605,0.22101344168186188,0.14277540147304535,0.10351073741912842,0.06686827540397644
874.0,0.0001,0.1,64.0,3.0,0.2771455943584442,0.21948719024658203,0.12994354963302612,0.102909617125988,0.1994611620903015,0.15608566999435425,0.0935201421380043,0.07318294048309326
875.0,0.0001,0.1,64.0,3.0,0.24072885513305664,0.19827191531658173,0.1109364777803421,0.09137079864740372,0.33001646399497986,0.22455456852912903,0.1520834118127823,0.10348278284072876
876.0,0.0001,0.1,64.0,3.0,0.2396729290485382,0.18050843477249146,0.11262161284685135,0.08482038974761963,0.32936161756515503,0.260233998298645,0.1547660231590271,0.12228315323591232
877.0,0.0001,0.1,64.0,3.0,0.37499547004699707,0.32759949564933777,0.19500760734081268,0.17036044597625732,0.392598420381546,0.2937160134315491,0.20416158437728882,0.15274013578891754
878.0,0.0001,0.1,64.0,3.0,0.3660874366760254,0.2741226851940155,0.16552822291851044,0.1239459216594696,0.2225811928510666,0.17715203762054443,0.100641168653965,0.0801001638174057
879.0,0.0001,0.1,64.0,3.0,0.33823156356811523,0.326071560382843,0.16592934727668762,0.15996390581130981,0.32328149676322937,0.24549809098243713,0.15859517455101013,0.12043626606464386
880.0,0.0001,0.1,64.0,3.0,0.5148149728775024,0.4370320439338684,0.20545682311058044,0.17441454529762268,0.4184284806251526,0.3311883211135864,0.16699010133743286,0.1321735382080078
881.0,0.0001,0.1,64.0,3.0,0.2718539834022522,0.24677416682243347,0.12503556907176971,0.1135004386305809,0.11191586405038834,0.1023394763469696,0.05147421360015869,0.04706968367099762
882.0,0.0001,0.1,64.0,3.0,0.41374993324279785,0.3339564800262451,0.21017895638942719,0.1696450412273407,0.1803978532552719,0.16781488060951233,0.09163950383663177,0.08524753153324127
883.0,0.0001,0.1,64.0,3.0,0.2162506878376007,0.17428119480609894,0.10644420236349106,0.08578573912382126,0.21865035593509674,0.19850419461727142,0.10762539505958557,0.09770894050598145
884.0,0.0001,0.1,64.0,3.0,0.31806060671806335,0.2858198881149292,0.152371346950531,0.13692599534988403,0.18390880525112152,0.16241978108882904,0.08810406923294067,0.07780945301055908
885.0,0.0001,0.1,64.0,3.0,0.23791302740573883,0.18377560377120972,0.11340582370758057,0.08760017156600952,0.4084616005420685,0.3352234959602356,0.19470106065273285,0.15979072451591492
886.0,0.0001,0.1,64.0,3.0,0.5193502306938171,0.5039364099502563,0.23885932564735413,0.23177020251750946,0.4276321828365326,0.4013097286224365,0.1966763734817505,0.18457017838954926
887.0,0.0001,0.1,64.0,3.0,0.313899427652359,0.25922948122024536,0.14407600462436676,0.1189831867814064,0.322418212890625,0.28050005435943604,0.1479860246181488,0.1287461221218109
888.0,0.0001,0.1,64.0,3.0,0.3645651340484619,0.29570472240448,0.1789260357618332,0.14512982964515686,0.28201836347579956,0.26691770553588867,0.13841262459754944,0.1310013234615326
889.0,0.0001,0.1,64.0,3.0,0.31915315985679626,0.28168410062789917,0.15151560306549072,0.13372744619846344,0.42674610018730164,0.3189964294433594,0.2025945484638214,0.15144118666648865
860.0,0.0001,0.1,128.0,2.0,0.4725337326526642,0.36025846004486084,0.21498095989227295,0.1639009267091751,0.2764309048652649,0.20235690474510193,0.12576326727867126,0.09206301718950272
861.0,0.0001,0.1,128.0,2.0,0.260262668132782,0.1826779544353485,0.12887994945049286,0.0904606282711029,0.387846976518631,0.26312965154647827,0.19205868244171143,0.1302996575832367
862.0,0.0001,0.1,128.0,2.0,0.43719539046287537,0.3729156255722046,0.202468603849411,0.17270013689994812,0.23449519276618958,0.18694747984409332,0.108596570789814,0.08657684922218323
863.0,0.0001,0.1,128.0,2.0,0.36930471658706665,0.28407055139541626,0.18180106580257416,0.13984206318855286,0.2881080210208893,0.250918984413147,0.14182960987091064,0.12352221459150314
864.0,0.0001,0.1,128.0,2.0,0.3051595985889435,0.21244725584983826,0.14516620337963104,0.10106240212917328,0.34800058603286743,0.27859020233154297,0.16554588079452515,0.1325269639492035
865.0,0.0001,0.1,128.0,2.0,0.38250160217285156,0.2764609754085541,0.16589687764644623,0.11990541219711304,0.47474241256713867,0.3511517345905304,0.20590317249298096,0.15229998528957367
866.0,0.0001,0.1,128.0,2.0,0.400113582611084,0.28966599702835083,0.17894671857357025,0.12955017387866974,0.3626942038536072,0.200266495347023,0.16221126914024353,0.08956713229417801
867.0,0.0001,0.1,128.0,2.0,0.28780579566955566,0.22157353162765503,0.15026909112930298,0.11568792164325714,0.19894839823246002,0.16167297959327698,0.10387487709522247,0.08441263437271118
868.0,0.0001,0.1,128.0,2.0,0.37109997868537903,0.28333497047424316,0.15184837579727173,0.11593630909919739,0.39017921686172485,0.26933538913726807,0.1596553474664688,0.11020791530609131
869.0,0.0001,0.1,128.0,2.0,0.4754507839679718,0.3000558614730835,0.21101440489292145,0.13317066431045532,0.5811408758163452,0.4379594624042511,0.2579216957092285,0.19437497854232788
870.0,0.0001,0.1,128.0,2.0,0.2742123305797577,0.19154688715934753,0.12942761182785034,0.09040969610214233,0.19854983687400818,0.16264459490776062,0.09371507167816162,0.07676787674427032
871.0,0.0001,0.1,128.0,2.0,0.31104204058647156,0.28081387281417847,0.15108652412891388,0.1364033818244934,0.24814815819263458,0.20399802923202515,0.12053623795509338,0.09909062087535858
872.0,0.0001,0.1,128.0,2.0,0.23507295548915863,0.21169757843017578,0.11476773768663406,0.10335536301136017,0.32973483204841614,0.30231863260269165,0.16098372638225555,0.147598534822464
873.0,0.0001,0.1,128.0,2.0,0.2808760404586792,0.2363230437040329,0.13154712319374084,0.11068092286586761,0.18806491792201996,0.14639019966125488,0.08807944506406784,0.06856125593185425
874.0,0.0001,0.1,128.0,2.0,0.30257201194763184,0.25457698106765747,0.141865074634552,0.11936194449663162,0.25695914030075073,0.21747766435146332,0.12047886103391647,0.10196743905544281
875.0,0.0001,0.1,128.0,2.0,0.3266983926296234,0.2838417887687683,0.15055431425571442,0.13080444931983948,0.297486275434494,0.22084425389766693,0.13709235191345215,0.10177294909954071
876.0,0.0001,0.1,128.0,2.0,0.29132506251335144,0.2134144902229309,0.13689278066158295,0.10028281807899475,0.4600858986377716,0.36300402879714966,0.21619296073913574,0.17057448625564575
877.0,0.0001,0.1,128.0,2.0,0.36807677149772644,0.23860788345336914,0.19140969216823578,0.12408243119716644,0.23433633148670197,0.18495401740074158,0.12186112999916077,0.0961810052394867
878.0,0.0001,0.1,128.0,2.0,0.2633357644081116,0.21583503484725952,0.11906854808330536,0.0975908562541008,0.16454721987247467,0.143364816904068,0.07440081238746643,0.06482309103012085
879.0,0.0001,0.1,128.0,2.0,0.3093283772468567,0.25985074043273926,0.15175005793571472,0.12747734785079956,0.3231082558631897,0.2449333667755127,0.15851014852523804,0.12015917897224426
880.0,0.0001,0.1,128.0,2.0,0.31568530201911926,0.279634952545166,0.12598644196987152,0.1115991547703743,0.32562682032585144,0.2452039271593094,0.1299540102481842,0.09785813093185425
881.0,0.0001,0.1,128.0,2.0,0.3011041581630707,0.18030127882957458,0.1384887993335724,0.08292713761329651,0.27760714292526245,0.1481860876083374,0.1276816576719284,0.06815619766712189
882.0,0.0001,0.1,128.0,2.0,0.213987335562706,0.19110795855522156,0.10870245844125748,0.0970800518989563,0.17397795617580414,0.15936903655529022,0.08837825059890747,0.08095712959766388
883.0,0.0001,0.1,128.0,2.0,0.20745541155338287,0.15400247275829315,0.10211494565010071,0.07580402493476868,0.19716310501098633,0.15965086221694946,0.0970488041639328,0.07858431339263916
884.0,0.0001,0.1,128.0,2.0,0.21961407363414764,0.19146046042442322,0.10520917922258377,0.0917217880487442,0.1794803887605667,0.13537977635860443,0.085982546210289,0.06485554575920105
885.0,0.0001,0.1,128.0,2.0,0.293090283870697,0.24082189798355103,0.13970716297626495,0.11479242146015167,0.11119326204061508,0.07981153577566147,0.053002409636974335,0.03804370015859604
886.0,0.0001,0.1,128.0,2.0,0.3647434711456299,0.32591578364372253,0.16775263845920563,0.14989501237869263,0.3021215498447418,0.2550050914287567,0.1389516144990921,0.11728180944919586
887.0,0.0001,0.1,128.0,2.0,0.33822280168533325,0.29345622658729553,0.15524016320705414,0.13469284772872925,0.2786840796470642,0.2263755202293396,0.12791261076927185,0.1039036214351654
888.0,0.0001,0.1,128.0,2.0,0.2326466590166092,0.1868811547756195,0.11418134719133377,0.09171994030475616,0.26899072527885437,0.19156743586063385,0.13201875984668732,0.09401994198560715
889.0,0.0001,0.1,128.0,2.0,0.32452690601348877,0.29869481921195984,0.15406674146652222,0.14180314540863037,0.26517465710639954,0.24603486061096191,0.12588971853256226,0.11680322885513306
860.0,0.0001,0.1,128.0,3.0,0.38579314947128296,0.3519924283027649,0.1755180060863495,0.1601402312517166,0.25836506485939026,0.22592145204544067,0.11754413694143295,0.10278379917144775
861.0,0.0001,0.1,128.0,3.0,0.2587617039680481,0.2439732551574707,0.12813672423362732,0.12081359326839447,0.30374136567115784,0.2489216923713684,0.1504102349281311,0.12326398491859436
862.0,0.0001,0.1,128.0,3.0,0.47628235816955566,0.4227837920188904,0.22057007253170013,0.1957944631576538,0.3499366343021393,0.23226505517959595,0.16205841302871704,0.10756376385688782
863.0,0.0001,0.1,128.0,3.0,0.23105399310588837,0.20673868060112,0.11374306678771973,0.10177314281463623,0.17366628348827362,0.15340851247310638,0.0854923203587532,0.07551982998847961
864.0,0.0001,0.1,128.0,3.0,0.2972019612789154,0.19550666213035583,0.1413806974887848,0.09300364553928375,0.3672720491886139,0.30693870782852173,0.17471344769001007,0.14601251482963562
865.0,0.0001,0.1,128.0,3.0,0.49415022134780884,0.3022429347038269,0.2143206149339676,0.13108745217323303,0.5764398574829102,0.39184489846229553,0.2500109374523163,0.1699492335319519
866.0,0.0001,0.1,128.0,3.0,0.5510987043380737,0.47946232557296753,0.24647323787212372,0.21443459391593933,0.4942716658115387,0.4769117534160614,0.2210579216480255,0.2132938802242279
867.0,0.0001,0.1,128.0,3.0,0.298088014125824,0.24984043836593628,0.15563765168190002,0.1304466426372528,0.13159498572349548,0.10017691552639008,0.06870833784341812,0.052304357290267944
868.0,0.0001,0.1,128.0,3.0,0.4162041246891022,0.34351977705955505,0.1703043133020401,0.1405630111694336,0.5198923945426941,0.4111306965351105,0.21273201704025269,0.1682283729314804
869.0,0.0001,0.1,128.0,3.0,0.362380713224411,0.2914562225341797,0.16083167493343353,0.12935400009155273,0.5375900268554688,0.5161784887313843,0.2385929971933365,0.2290901392698288
870.0,0.0001,0.1,128.0,3.0,0.2472192794084549,0.22119250893592834,0.11668693274259567,0.10440236330032349,0.15668985247612,0.1246248185634613,0.07395725697278976,0.0588226243853569
871.0,0.0001,0.1,128.0,3.0,0.2588760554790497,0.22639697790145874,0.12574724853038788,0.10997074842453003,0.1809322088956833,0.12352767586708069,0.08788656443357468,0.06000272557139397
872.0,0.0001,0.1,128.0,3.0,0.1855972409248352,0.16988107562065125,0.09061262756586075,0.08293963968753815,0.28809279203414917,0.25745344161987305,0.14065316319465637,0.12569434940814972
873.0,0.0001,0.1,128.0,3.0,0.3094792664051056,0.2887211740016937,0.14494332671165466,0.13522134721279144,0.2303847372531891,0.16213975846767426,0.10789977014064789,0.07593750953674316
874.0,0.0001,0.1,128.0,3.0,0.2687970995903015,0.22896616160869598,0.12602925300598145,0.10735395550727844,0.20527903735637665,0.169755756855011,0.09624791890382767,0.07959234714508057
875.0,0.0001,0.1,128.0,3.0,0.24239224195480347,0.17619241774082184,0.11170302331447601,0.08119577914476395,0.3360828161239624,0.24189725518226624,0.15487903356552124,0.11147493124008179
876.0,0.0001,0.1,128.0,3.0,0.2365080863237381,0.18505236506462097,0.11113446205854416,0.08695556223392487,0.22754499316215515,0.1870679259300232,0.1069227084517479,0.08790266513824463
877.0,0.0001,0.1,128.0,3.0,0.36301764845848083,0.28430867195129395,0.188778817653656,0.14784805476665497,0.29458484053611755,0.2015208750963211,0.153191938996315,0.10479620099067688
878.0,0.0001,0.1,128.0,3.0,0.2927328646183014,0.21813803911209106,0.132360577583313,0.09863217175006866,0.3109472692012787,0.28706973791122437,0.14059631526470184,0.1297999769449234
879.0,0.0001,0.1,128.0,3.0,0.21829967200756073,0.1784839630126953,0.10709326714277267,0.0875605121254921,0.33455151319503784,0.27044475078582764,0.16412396728992462,0.13267453014850616
880.0,0.0001,0.1,128.0,3.0,0.4858737587928772,0.4261835217475891,0.1939067244529724,0.17008502781391144,0.4378226101398468,0.33852970600128174,0.1747300773859024,0.13510338962078094
881.0,0.0001,0.1,128.0,3.0,0.29704466462135315,0.25407591462135315,0.13662168383598328,0.11685879528522491,0.24242369830608368,0.21467122435569763,0.11149950325489044,0.09873513132333755
882.0,0.0001,0.1,128.0,3.0,0.3181435763835907,0.2608030140399933,0.16161233186721802,0.13248413801193237,0.17859305441379547,0.15895429253578186,0.09072268754243851,0.08074647933244705
883.0,0.0001,0.1,128.0,3.0,0.2046428918838501,0.15705379843711853,0.10073056817054749,0.07730597257614136,0.21292182803153992,0.20002147555351257,0.10480565577745438,0.0984557718038559
884.0,0.0001,0.1,128.0,3.0,0.22252066433429718,0.15960931777954102,0.10660163313150406,0.07646306604146957,0.27659523487091064,0.23398515582084656,0.13250677287578583,0.11209382861852646
885.0,0.0001,0.1,128.0,3.0,0.3316572904586792,0.30055326223373413,0.15809087455272675,0.1432645320892334,0.31582945585250854,0.2612842321395874,0.15054617822170258,0.12454615533351898
886.0,0.0001,0.1,128.0,3.0,0.4240476191043854,0.3567774295806885,0.19502776861190796,0.1640888899564743,0.37866508960723877,0.33704912662506104,0.17415547370910645,0.1550154983997345
887.0,0.0001,0.1,128.0,3.0,0.3600364625453949,0.2936022877693176,0.16525234282016754,0.13475987315177917,0.3557303249835968,0.3117530345916748,0.16327591240406036,0.1430908739566803
888.0,0.0001,0.1,128.0,3.0,0.2708977460861206,0.2481684684753418,0.13295471668243408,0.12179934233427048,0.3590746223926544,0.29674032330513,0.1762312948703766,0.14563806354999542
889.0,0.0001,0.1,128.0,3.0,0.4069652259349823,0.3802521824836731,0.19320370256900787,0.1805218905210495,0.4232218861579895,0.3924063444137573,0.2009214460849762,0.18629199266433716
860.0,0.0001,0.1,128.0,4.0,0.3536229729652405,0.32299506664276123,0.16088205575942993,0.14694777131080627,0.21801415085792542,0.16291987895965576,0.09918632358312607,0.07412098348140717
861.0,0.0001,0.1,128.0,4.0,0.18725207448005676,0.17028647661209106,0.0927257090806961,0.08432447910308838,0.3936005234718323,0.28514808416366577,0.1949077695608139,0.14120300114154816
862.0,0.0001,0.1,128.0,4.0,0.43161526322364807,0.37484800815582275,0.19988436996936798,0.17359501123428345,0.4556453227996826,0.4241607189178467,0.21101289987564087,0.19643214344978333
863.0,0.0001,0.1,128.0,4.0,0.2880614399909973,0.22085489332675934,0.1418066769838333,0.10872229188680649,0.1770973801612854,0.14166796207427979,0.08718136698007584,0.06974020600318909
864.0,0.0001,0.1,128.0,4.0,0.35545825958251953,0.24266895651817322,0.1690935641527176,0.1154390275478363,0.3222034275531769,0.25119340419769287,0.1532740294933319,0.11949414759874344
865.0,0.0001,0.1,128.0,4.0,0.4049907326698303,0.30485543608665466,0.17565077543258667,0.1322205364704132,0.425868421792984,0.28570306301116943,0.18470574915409088,0.12391386181116104
866.0,0.0001,0.1,128.0,4.0,0.37841710448265076,0.3139458894729614,0.16924317181110382,0.14040906727313995,0.33912888169288635,0.25005632638931274,0.15167191624641418,0.11183512955904007
867.0,0.0001,0.1,128.0,4.0,0.21588857471942902,0.15351049602031708,0.11271967738866806,0.08015085756778717,0.14900696277618408,0.12663400173187256,0.077799491584301,0.06611812114715576
868.0,0.0001,0.1,128.0,4.0,0.5587800741195679,0.4419930577278137,0.22864419221878052,0.18085676431655884,0.7705113887786865,0.5537695288658142,0.3152814507484436,0.2265940010547638
869.0,0.0001,0.1,128.0,4.0,0.29714739322662354,0.2357354760169983,0.13187985122203827,0.10462401807308197,0.5385273098945618,0.4886690676212311,0.23900897800922394,0.2168809175491333
870.0,0.0001,0.1,128.0,4.0,0.18262434005737305,0.1390146166086197,0.08619827777147293,0.06561458110809326,0.16469641029834747,0.15407457947731018,0.07773634791374207,0.07272286713123322
871.0,0.0001,0.1,128.0,4.0,0.3645029067993164,0.3404243588447571,0.1770547479391098,0.165358766913414,0.3440825641155243,0.2823525071144104,0.16713573038578033,0.13715079426765442
872.0,0.0001,0.1,128.0,4.0,0.31422391533851624,0.2777559161186218,0.15341097116470337,0.13560649752616882,0.3235188126564026,0.27066558599472046,0.15794891119003296,0.13214483857154846
873.0,0.0001,0.1,128.0,4.0,0.31743502616882324,0.26171839237213135,0.14866939187049866,0.12257473170757294,0.2816598117351532,0.1937902420759201,0.13191422820091248,0.09076087176799774
874.0,0.0001,0.1,128.0,4.0,0.32869213819503784,0.2827260196208954,0.1541118621826172,0.13256001472473145,0.2693995237350464,0.21624775230884552,0.12631171941757202,0.1013907790184021
875.0,0.0001,0.1,128.0,4.0,0.26000094413757324,0.1835845559835434,0.11981774121522903,0.08460234850645065,0.20513518154621124,0.1629648357629776,0.09453368186950684,0.07510005682706833
876.0,0.0001,0.1,128.0,4.0,0.1506304144859314,0.1043805480003357,0.07078076899051666,0.04904812201857567,0.27617302536964417,0.20028214156627655,0.12977290153503418,0.09411200135946274
877.0,0.0001,0.1,128.0,4.0,0.30372437834739685,0.22959046065807343,0.15794473886489868,0.11939313262701035,0.30949825048446655,0.24198560416698456,0.1609472930431366,0.12583893537521362
878.0,0.0001,0.1,128.0,4.0,0.43926000595092773,0.36464905738830566,0.19861353933811188,0.16487783193588257,0.28450116515159607,0.2603261172771454,0.1286386102437973,0.1177077442407608
879.0,0.0001,0.1,128.0,4.0,0.2309965044260025,0.1853974163532257,0.11332203447818756,0.0909520834684372,0.38883504271507263,0.311076283454895,0.19075436890125275,0.1526075303554535
880.0,0.0001,0.1,128.0,4.0,0.4547901749610901,0.3742513060569763,0.1815016269683838,0.14935946464538574,0.45133769512176514,0.33918076753616333,0.18012379109859467,0.13536322116851807
881.0,0.0001,0.1,128.0,4.0,0.21968547999858856,0.16998690366744995,0.10104138404130936,0.07818318903446198,0.2128780484199524,0.15087732672691345,0.09791038930416107,0.06939399242401123
882.0,0.0001,0.1,128.0,4.0,0.3814411163330078,0.32121431827545166,0.1937665492296219,0.16317221522331238,0.18594668805599213,0.15124854445457458,0.09445822238922119,0.07683205604553223
883.0,0.0001,0.1,128.0,4.0,0.31574317812919617,0.2529928982257843,0.15541701018810272,0.12452971190214157,0.21199457347393036,0.17709916830062866,0.10434925556182861,0.08717282116413116
884.0,0.0001,0.1,128.0,4.0,0.45120465755462646,0.429598867893219,0.21615587174892426,0.20580531656742096,0.305107444524765,0.27718856930732727,0.14616595208644867,0.13279102742671967
885.0,0.0001,0.1,128.0,4.0,0.48592662811279297,0.4271356463432312,0.23162631690502167,0.20360243320465088,0.33021602034568787,0.2637203633785248,0.1574038416147232,0.12570738792419434
886.0,0.0001,0.1,128.0,4.0,0.2859872281551361,0.23588567972183228,0.13153113424777985,0.10848844796419144,0.24547173082828522,0.19506919384002686,0.11289723217487335,0.0897161215543747
887.0,0.0001,0.1,128.0,4.0,0.374637246131897,0.34300222992897034,0.1719539314508438,0.15743383765220642,0.28597885370254517,0.25685033202171326,0.13126081228256226,0.11789117753505707
888.0,0.0001,0.1,128.0,4.0,0.2181587964296341,0.1698971539735794,0.10707081109285355,0.08338433504104614,0.24871134757995605,0.18421299755573273,0.12206576764583588,0.09041043370962143
889.0,0.0001,0.1,128.0,4.0,0.29263660311698914,0.24977082014083862,0.13892705738544464,0.11857683956623077,0.37091466784477234,0.2552468180656433,0.17608900368213654,0.12117654085159302
860.0,0.0001,0.1,256.0,3.0,0.6006079912185669,0.5410865545272827,0.2732488214969635,0.2461693286895752,0.5570625066757202,0.4931766390800476,0.2534376382827759,0.2243725210428238
861.0,0.0001,0.1,256.0,3.0,0.48410937190055847,0.4140791893005371,0.23972702026367188,0.20504865050315857,0.6190972328186035,0.47327327728271484,0.306571900844574,0.23436106741428375
862.0,0.0001,0.1,256.0,3.0,0.7149282097816467,0.6498472690582275,0.3310888409614563,0.3009493350982666,0.4489394724369049,0.357205867767334,0.20790736377239227,0.16542480885982513
863.0,0.0001,0.1,256.0,3.0,0.45895910263061523,0.3809709846973419,0.22593607008457184,0.18754413723945618,0.482798308134079,0.40044164657592773,0.2376716285943985,0.19712914526462555
864.0,0.0001,0.1,256.0,3.0,0.24977687001228333,0.17942272126674652,0.11882030218839645,0.08535242080688477,0.23443889617919922,0.2120894193649292,0.11152394860982895,0.10089217126369476
865.0,0.0001,0.1,256.0,3.0,0.33038464188575745,0.22814078629016876,0.14329296350479126,0.09894821792840958,0.37811821699142456,0.2851007580757141,0.16399572789669037,0.1236526370048523
866.0,0.0001,0.1,256.0,3.0,0.5546771287918091,0.41421738266944885,0.24807368218898773,0.18525448441505432,0.41761350631713867,0.23063112795352936,0.18677331507205963,0.10314740240573883
867.0,0.0001,0.1,256.0,3.0,0.22819137573242188,0.1951012909412384,0.11914323270320892,0.10186624526977539,0.19034703075885773,0.14342793822288513,0.09938395023345947,0.07488655298948288
868.0,0.0001,0.1,256.0,3.0,0.5588774085044861,0.4743569493293762,0.22868400812149048,0.1940995752811432,0.6064017415046692,0.4861995577812195,0.24813029170036316,0.19894541800022125
869.0,0.0001,0.1,256.0,3.0,0.23987728357315063,0.2001822143793106,0.106462262570858,0.08884481340646744,0.47920694947242737,0.38545212149620056,0.21268147230148315,0.17107123136520386
870.0,0.0001,0.1,256.0,3.0,0.20997172594070435,0.1610701084136963,0.09910618513822556,0.07602474093437195,0.18178381025791168,0.13787469267845154,0.08580154180526733,0.0650765523314476
871.0,0.0001,0.1,256.0,3.0,0.3445987105369568,0.3081666827201843,0.16738642752170563,0.14968982338905334,0.23297493159770966,0.18977168202400208,0.1131659671664238,0.0921802818775177
872.0,0.0001,0.1,256.0,3.0,0.12844696640968323,0.10658008605241776,0.06271060556173325,0.05203470587730408,0.23821638524532318,0.1694003939628601,0.11630239337682724,0.08270495384931564
873.0,0.0001,0.1,256.0,3.0,0.31427550315856934,0.2662682831287384,0.14718963205814362,0.12470562756061554,0.28638598322868347,0.21199394762516022,0.13412770628929138,0.09928648918867111
874.0,0.0001,0.1,256.0,3.0,0.30006691813468933,0.26509445905685425,0.14069055020809174,0.12429322302341461,0.2656627595424652,0.2170131951570511,0.1245596632361412,0.10174962878227234
875.0,0.0001,0.1,256.0,3.0,0.41191744804382324,0.3013473451137543,0.18982632458209991,0.1388716697692871,0.4499414265155792,0.26883459091186523,0.20734915137290955,0.12388861924409866
876.0,0.0001,0.1,256.0,3.0,0.2863810658454895,0.25172334909439087,0.13456960022449493,0.11828404664993286,0.29364144802093506,0.23290076851844788,0.13798123598098755,0.10943937301635742
877.0,0.0001,0.1,256.0,3.0,0.36027196049690247,0.2976783514022827,0.18735097348690033,0.1548006236553192,0.21201060712337494,0.16315113008022308,0.11025111377239227,0.08484290540218353
878.0,0.0001,0.1,256.0,3.0,0.3498944044113159,0.2803417146205902,0.15820643305778503,0.12675786018371582,0.3222355544567108,0.28637534379959106,0.1457003355026245,0.12948597967624664
879.0,0.0001,0.1,256.0,3.0,0.22156591713428497,0.1808348298072815,0.1086956262588501,0.08871381729841232,0.3729053735733032,0.2716761827468872,0.1829395741224289,0.13327866792678833
880.0,0.0001,0.1,256.0,3.0,0.42547568678855896,0.3521254360675812,0.16980254650115967,0.1405293047428131,0.3898870348930359,0.2883610129356384,0.15559953451156616,0.11508163809776306
881.0,0.0001,0.1,256.0,3.0,0.2837732434272766,0.26482588052749634,0.13051769137382507,0.12180310487747192,0.23070676624774933,0.18950721621513367,0.10611043870449066,0.08716126531362534
882.0,0.0001,0.1,256.0,3.0,0.2670617699623108,0.2027168571949005,0.1356634944677353,0.1029772087931633,0.1401837021112442,0.11243317276239395,0.07121128588914871,0.05711441487073898
883.0,0.0001,0.1,256.0,3.0,0.3247886598110199,0.23531146347522736,0.15986943244934082,0.11582642793655396,0.2343343049287796,0.17434455454349518,0.11534542590379715,0.08581691980361938
884.0,0.0001,0.1,256.0,3.0,0.2583597004413605,0.2181585431098938,0.1237708106637001,0.10451188683509827,0.26538610458374023,0.21857330203056335,0.12713688611984253,0.10471056401729584
885.0,0.0001,0.1,256.0,3.0,0.14321088790893555,0.12891048192977905,0.06826423853635788,0.06144767254590988,0.2930034399032593,0.20093557238578796,0.13966572284698486,0.09577980637550354
886.0,0.0001,0.1,256.0,3.0,0.3623695969581604,0.31656983494758606,0.166660875082016,0.14559665322303772,0.2988007962703705,0.2587405741214752,0.1374243199825287,0.11899983882904053
887.0,0.0001,0.1,256.0,3.0,0.3428207337856293,0.27258989214897156,0.1573505401611328,0.12511543929576874,0.28323066234588623,0.25038284063339233,0.12999944388866425,0.11492267996072769
888.0,0.0001,0.1,256.0,3.0,0.3362310826778412,0.2595382630825043,0.16501985490322113,0.12737956643104553,0.2586672902107239,0.21886135637760162,0.12695208191871643,0.10741561651229858
889.0,0.0001,0.1,256.0,3.0,0.2604196071624756,0.212163507938385,0.1236322745680809,0.10072304308414459,0.29731324315071106,0.19551779329776764,0.14114727079868317,0.09282062947750092
860.0,0.0001,0.2,64.0,2.0,0.5054110884666443,0.42288562655448914,0.22993865609169006,0.19239339232444763,0.4793316721916199,0.45107021927833557,0.21807371079921722,0.20521605014801025
861.0,0.0001,0.2,64.0,2.0,0.23924781382083893,0.1688409298658371,0.11847357451915741,0.08360864967107773,0.3997626304626465,0.2603636384010315,0.19795921444892883,0.1289299577474594
862.0,0.0001,0.2,64.0,2.0,0.46182218194007874,0.4249596893787384,0.2138734608888626,0.19680213928222656,0.3009238839149475,0.2557203769683838,0.1393602043390274,0.118426114320755
863.0,0.0001,0.2,64.0,2.0,0.2171182781457901,0.1900147795677185,0.10688284039497375,0.09354035556316376,0.20651377737522125,0.15005634725093842,0.10166246443986893,0.07386963814496994
864.0,0.0001,0.2,64.0,2.0,0.30492907762527466,0.23203521966934204,0.14505653083324432,0.11038051545619965,0.3918027877807617,0.3630748987197876,0.18638285994529724,0.17271682620048523
865.0,0.0001,0.2,64.0,2.0,0.3953187167644501,0.3013496398925781,0.17145587503910065,0.13070005178451538,0.45644518733024597,0.34821027517318726,0.19796738028526306,0.1510242223739624
866.0,0.0001,0.2,64.0,2.0,0.48808690905570984,0.4284701943397522,0.21829184889793396,0.19162890315055847,0.48173582553863525,0.43070119619369507,0.21545138955116272,0.1926266849040985
867.0,0.0001,0.2,64.0,2.0,0.2677004039287567,0.21066050231456757,0.13977168500423431,0.10999000817537308,0.17952483892440796,0.15151235461235046,0.09373347461223602,0.0791076123714447
868.0,0.0001,0.2,64.0,2.0,0.48672690987586975,0.4513256549835205,0.19916114211082458,0.18467551469802856,0.42597466707229614,0.32289382815361023,0.17430229485034943,0.132123202085495
869.0,0.0001,0.2,64.0,2.0,0.3670421242713928,0.2705274224281311,0.16290049254894257,0.1200653687119484,0.5207169055938721,0.43045294284820557,0.23110437393188477,0.19104346632957458
870.0,0.0001,0.2,64.0,2.0,0.3249723017215729,0.2888973355293274,0.1533862054347992,0.13635891675949097,0.3102414608001709,0.2658400237560272,0.1464332640171051,0.12547586858272552
871.0,0.0001,0.2,64.0,2.0,0.46360310912132263,0.33931654691696167,0.22519199550151825,0.16482067108154297,0.3870849907398224,0.3495154082775116,0.18802385032176971,0.16977469623088837
872.0,0.0001,0.2,64.0,2.0,0.3175072968006134,0.2902114987373352,0.15501397848129272,0.1416875720024109,0.29357096552848816,0.24086952209472656,0.1433277279138565,0.11759773641824722
873.0,0.0001,0.2,64.0,2.0,0.36001303791999817,0.2556349039077759,0.16861063241958618,0.11972556263208389,0.3634483218193054,0.2686842679977417,0.1702195256948471,0.12583717703819275
874.0,0.0001,0.2,64.0,2.0,0.2922711670398712,0.24845868349075317,0.13703538477420807,0.11649329960346222,0.2197325974702835,0.17243683338165283,0.10302469879388809,0.08084942400455475
875.0,0.0001,0.2,64.0,2.0,0.33372870087623596,0.26649290323257446,0.15379416942596436,0.122809499502182,0.2486697882413864,0.16582980751991272,0.11459595710039139,0.07642032951116562
876.0,0.0001,0.2,64.0,2.0,0.1949547827243805,0.13113553822040558,0.0916086956858635,0.061620213091373444,0.44095873832702637,0.35333019495010376,0.2072051614522934,0.16602879762649536
877.0,0.0001,0.2,64.0,2.0,0.44360876083374023,0.39009520411491394,0.23068836331367493,0.20285987854003906,0.5089855194091797,0.47670382261276245,0.2646859586238861,0.2478986233472824
878.0,0.0001,0.2,64.0,2.0,0.3466995060443878,0.25125235319137573,0.15676186978816986,0.11360497772693634,0.16956917941570282,0.14089348912239075,0.0766715258359909,0.06370566785335541
879.0,0.0001,0.2,64.0,2.0,0.284991979598999,0.23561254143714905,0.13981109857559204,0.11558658629655838,0.38857516646385193,0.25910744071006775,0.190626859664917,0.1271127164363861
880.0,0.0001,0.2,64.0,2.0,0.6662059426307678,0.5728424787521362,0.26587527990341187,0.22861498594284058,0.44387200474739075,0.354384183883667,0.17714430391788483,0.14143073558807373
881.0,0.0001,0.2,64.0,2.0,0.4160153269767761,0.2440859079360962,0.1913406252861023,0.1122640073299408,0.4836387634277344,0.2336127758026123,0.2224431186914444,0.10744702070951462
882.0,0.0001,0.2,64.0,2.0,0.39245304465293884,0.3383423686027527,0.1993604600429535,0.17187300324440002,0.3127257525920868,0.2620818316936493,0.15886014699935913,0.13313376903533936
883.0,0.0001,0.2,64.0,2.0,0.2832545042037964,0.25882095098495483,0.13942524790763855,0.12739841639995575,0.3927457332611084,0.32310330867767334,0.1933196634054184,0.15903985500335693
884.0,0.0001,0.2,64.0,2.0,0.33040955662727356,0.28192734718322754,0.15828730165958405,0.13506121933460236,0.22937428951263428,0.18586762249469757,0.10988494753837585,0.08904245495796204
885.0,0.0001,0.2,64.0,2.0,0.22580955922603607,0.19719213247299194,0.1076364740729332,0.09399543702602386,0.4611743092536926,0.36075323820114136,0.21982762217521667,0.1719599962234497
886.0,0.0001,0.2,64.0,2.0,0.5804091691970825,0.5301876068115234,0.26694151759147644,0.24384362995624542,0.47306618094444275,0.41502395272254944,0.21757236123085022,0.19087761640548706
887.0,0.0001,0.2,64.0,2.0,0.430572509765625,0.3408936858177185,0.19762754440307617,0.1564660519361496,0.38337624073028564,0.3480514883995056,0.17596502602100372,0.15975140035152435
888.0,0.0001,0.2,64.0,2.0,0.303790807723999,0.24002793431282043,0.14909839630126953,0.11780401319265366,0.24979335069656372,0.22309070825576782,0.12259683012962341,0.10949134826660156
889.0,0.0001,0.2,64.0,2.0,0.32198983430862427,0.24141931533813477,0.15286226570606232,0.11461202800273895,0.4948645234107971,0.3575875759124756,0.2349332720041275,0.16976206004619598
860.0,0.0001,0.2,64.0,3.0,0.5174241662025452,0.36894145607948303,0.23540404438972473,0.1678512692451477,0.23027972877025604,0.1761963963508606,0.1047666147351265,0.0801611989736557
861.0,0.0001,0.2,64.0,3.0,0.3427296280860901,0.3353668749332428,0.16971692442893982,0.16607093811035156,0.39092886447906494,0.332559734582901,0.19358479976654053,0.16468088328838348
862.0,0.0001,0.2,64.0,3.0,0.44649091362953186,0.4015384316444397,0.20677341520786285,0.18595555424690247,0.4714759588241577,0.44914519786834717,0.21834421157836914,0.20800265669822693
863.0,0.0001,0.2,64.0,3.0,0.28011924028396606,0.25542140007019043,0.13789691030979156,0.12573868036270142,0.33128300309181213,0.2786247134208679,0.1630837321281433,0.13716116547584534
864.0,0.0001,0.2,64.0,3.0,0.305454283952713,0.26412707567214966,0.14530637860298157,0.12564678490161896,0.4060673117637634,0.34957563877105713,0.19316856563091278,0.1662951558828354
865.0,0.0001,0.2,64.0,3.0,0.40391024947166443,0.24437281489372253,0.17518216371536255,0.1059882864356041,0.5175861716270447,0.36940306425094604,0.22448515892028809,0.1602158546447754
866.0,0.0001,0.2,64.0,3.0,0.36110231280326843,0.32328253984451294,0.1614992618560791,0.1445847749710083,0.4765143394470215,0.4176492989063263,0.2131161391735077,0.1867893636226654
867.0,0.0001,0.2,64.0,3.0,0.30048832297325134,0.229279562830925,0.156890869140625,0.11971137672662735,0.11408068239688873,0.10147450864315033,0.059563785791397095,0.05298185348510742
868.0,0.0001,0.2,64.0,3.0,0.40919923782348633,0.3843275010585785,0.16743804514408112,0.15726090967655182,0.34862571954727173,0.32245057821273804,0.14265230298042297,0.13194182515144348
869.0,0.0001,0.2,64.0,3.0,0.3132171630859375,0.2742037773132324,0.1390119194984436,0.12169700860977173,0.5409625768661499,0.458590030670166,0.2400897890329361,0.20353125035762787
870.0,0.0001,0.2,64.0,3.0,0.28833237290382385,0.21172071993350983,0.13609221577644348,0.09993170201778412,0.18915095925331116,0.15555629134178162,0.08927879482507706,0.07342220842838287
871.0,0.0001,0.2,64.0,3.0,0.9207544326782227,0.8478623628616333,0.447250097990036,0.41184329986572266,0.9791665077209473,0.8742042183876038,0.47562333941459656,0.42463868856430054
872.0,0.0001,0.2,64.0,3.0,0.26188892126083374,0.21369951963424683,0.12785989046096802,0.10433276742696762,0.318017840385437,0.18282631039619446,0.15526323020458221,0.08925977349281311
873.0,0.0001,0.2,64.0,3.0,0.3185027539730072,0.2186010479927063,0.1491694301366806,0.1023808941245079,0.49040138721466064,0.3589369058609009,0.2296774834394455,0.16810661554336548
874.0,0.0001,0.2,64.0,3.0,0.35358667373657227,0.31228721141815186,0.16578400135040283,0.1464201807975769,0.28306448459625244,0.2313413918018341,0.13271871209144592,0.10846762359142303
875.0,0.0001,0.2,64.0,3.0,0.2689628601074219,0.24103395640850067,0.12394770234823227,0.11107704043388367,0.32933250069618225,0.28003543615341187,0.15176823735237122,0.1290503591299057
876.0,0.0001,0.2,64.0,3.0,0.2690258026123047,0.18294227123260498,0.1264144331216812,0.08596402406692505,0.4782608151435852,0.4105663299560547,0.22473333775997162,0.192923903465271
877.0,0.0001,0.2,64.0,3.0,0.37213966250419617,0.30223605036735535,0.19352249801158905,0.15717077255249023,0.28570133447647095,0.1772972047328949,0.14857225120067596,0.09219925105571747
878.0,0.0001,0.2,64.0,3.0,0.39774584770202637,0.36738723516464233,0.17984268069267273,0.1661159098148346,0.5396942496299744,0.49479949474334717,0.24402537941932678,0.22372600436210632
879.0,0.0001,0.2,64.0,3.0,0.31910181045532227,0.29578840732574463,0.15654470026493073,0.14510765671730042,0.361274778842926,0.31299853324890137,0.17723387479782104,0.15355056524276733
880.0,0.0001,0.2,64.0,3.0,0.7693623900413513,0.7082897424697876,0.3070438504219055,0.28267043828964233,0.5348832011222839,0.4400516152381897,0.2134658694267273,0.17561966180801392
881.0,0.0001,0.2,64.0,3.0,0.3745346665382385,0.25794097781181335,0.17226214706897736,0.11863645911216736,0.33808955550193787,0.23021215200424194,0.15549969673156738,0.10588295012712479
882.0,0.0001,0.2,64.0,3.0,0.413077175617218,0.32631441950798035,0.20983722805976868,0.1657629907131195,0.1806277632713318,0.1597718745470047,0.09175630658864975,0.08116180449724197
883.0,0.0001,0.2,64.0,3.0,0.24842004477977753,0.17349381744861603,0.12227881699800491,0.08539818227291107,0.1387629359960556,0.10377709567546844,0.06830272823572159,0.05108180269598961
884.0,0.0001,0.2,64.0,3.0,0.202884241938591,0.17688801884651184,0.09719450771808624,0.08474065363407135,0.17135396599769592,0.133017897605896,0.08208949863910675,0.063724085688591
885.0,0.0001,0.2,64.0,3.0,0.20423176884651184,0.17203044891357422,0.09735100716352463,0.08200163394212723,0.29950597882270813,0.260534405708313,0.14276528358459473,0.12418873608112335
886.0,0.0001,0.2,64.0,3.0,0.2843492925167084,0.22790461778640747,0.13077780604362488,0.10481779277324677,0.26800134778022766,0.20421350002288818,0.1232590526342392,0.09392178058624268
887.0,0.0001,0.2,64.0,3.0,0.4239635467529297,0.3678160607814789,0.1945941150188446,0.16882310807704926,0.40754470229148865,0.3645930290222168,0.18705806136131287,0.16734376549720764
888.0,0.0001,0.2,64.0,3.0,0.238042414188385,0.1996348649263382,0.11682955175638199,0.09797939658164978,0.3006056547164917,0.2399182915687561,0.14753511548042297,0.11775019764900208
889.0,0.0001,0.2,64.0,3.0,0.36107000708580017,0.33574146032333374,0.1714152842760086,0.15939077734947205,0.3749353289604187,0.30096280574798584,0.17799776792526245,0.14287984371185303
860.0,0.0001,0.2,64.0,4.0,0.5065383911132812,0.4325750172138214,0.23045146465301514,0.1968015879392624,0.45184075832366943,0.43162083625793457,0.20556659996509552,0.19636747241020203
861.0,0.0001,0.2,64.0,4.0,0.35154569149017334,0.3355547785758972,0.17408259212970734,0.16616402566432953,0.4716120660305023,0.3920598328113556,0.2335384339094162,0.1941448152065277
862.0,0.0001,0.2,64.0,4.0,0.5392155647277832,0.5078250765800476,0.2497149258852005,0.23517774045467377,0.39496803283691406,0.32362639904022217,0.18291279673576355,0.14987391233444214
863.0,0.0001,0.2,64.0,4.0,0.42931315302848816,0.32010984420776367,0.2113420069217682,0.15758347511291504,0.4426315724849701,0.3570036292076111,0.2178983837366104,0.17574548721313477
864.0,0.0001,0.2,64.0,4.0,0.7942063808441162,0.7216859459877014,0.3778086006641388,0.3433102071285248,0.8025513887405396,0.6644741892814636,0.3817783296108246,0.31609421968460083
865.0,0.0001,0.2,64.0,4.0,0.38788580894470215,0.26580891013145447,0.16823208332061768,0.11528544872999191,0.5333217978477478,0.3888380527496338,0.2313099354505539,0.16864511370658875
866.0,0.0001,0.2,64.0,4.0,0.47671884298324585,0.3702514171600342,0.21320763230323792,0.16559115052223206,0.4936407208442688,0.3052489757537842,0.22077572345733643,0.13651946187019348
867.0,0.0001,0.2,64.0,4.0,0.339553564786911,0.2550891637802124,0.17728757858276367,0.13318705558776855,0.20087870955467224,0.1757190227508545,0.10488274693489075,0.09174637496471405
868.0,0.0001,0.2,64.0,4.0,0.491121381521225,0.45289865136146545,0.20095929503440857,0.18531915545463562,0.5190082788467407,0.4076162278652191,0.21237024664878845,0.16679030656814575
869.0,0.0001,0.2,64.0,4.0,0.3673230707645416,0.3082433342933655,0.16302521526813507,0.1368044912815094,0.614223837852478,0.5597881078720093,0.2726045846939087,0.24844492971897125
870.0,0.0001,0.2,64.0,4.0,0.4101366698741913,0.3117614984512329,0.19358354806900024,0.14715072512626648,0.31686466932296753,0.2939784526824951,0.1495594084262848,0.13875716924667358
871.0,0.0001,0.2,64.0,4.0,0.371709406375885,0.2401237040758133,0.18055523931980133,0.1166384145617485,0.2669326364994049,0.2278304249048233,0.1296607106924057,0.11066706478595734
872.0,0.0001,0.2,64.0,4.0,0.29886966943740845,0.26954472064971924,0.145914688706398,0.1315976083278656,0.2613694965839386,0.21033975481987,0.12760627269744873,0.10269241034984589
873.0,0.0001,0.2,64.0,4.0,0.32367974519729614,0.23330004513263702,0.15159407258033752,0.10926511138677597,0.5095909237861633,0.36519289016723633,0.23866482079029083,0.17103657126426697
874.0,0.0001,0.2,64.0,4.0,0.49283748865127563,0.44968926906585693,0.23107367753982544,0.2108430415391922,0.3974616527557373,0.33423328399658203,0.18635541200637817,0.1567099392414093
875.0,0.0001,0.2,64.0,4.0,0.27154332399368286,0.20687967538833618,0.12513691186904907,0.09533759206533432,0.3445218801498413,0.19968128204345703,0.15876804292201996,0.09202027320861816
876.0,0.0001,0.2,64.0,4.0,0.3048825263977051,0.21124932169914246,0.14326339960098267,0.0992654338479042,0.45101240277290344,0.36212852597236633,0.2119293510913849,0.170163094997406
877.0,0.0001,0.2,64.0,4.0,0.3484061360359192,0.2849698066711426,0.1811804473400116,0.14819186925888062,0.34363502264022827,0.18170522153377533,0.17869932949543,0.09449152648448944
878.0,0.0001,0.2,64.0,4.0,0.44507119059562683,0.3686445653438568,0.20124109089374542,0.16668441891670227,0.2206449955701828,0.188824862241745,0.09976572543382645,0.08537809550762177
879.0,0.0001,0.2,64.0,4.0,0.38485267758369446,0.3269122242927551,0.18880070745944977,0.16037632524967194,0.3396938443183899,0.25509217381477356,0.16664670407772064,0.1251428872346878
880.0,0.0001,0.2,64.0,4.0,0.49815163016319275,0.475106418132782,0.19880671799182892,0.18960964679718018,0.48548972606658936,0.43049299716949463,0.19375348091125488,0.17180491983890533
881.0,0.0001,0.2,64.0,4.0,0.29652008414268494,0.2621080279350281,0.1363804042339325,0.12055306136608124,0.2617586851119995,0.18787875771522522,0.12039235979318619,0.08641230314970016
882.0,0.0001,0.2,64.0,4.0,0.3151280879974365,0.2830198407173157,0.16008050739765167,0.1437699794769287,0.23321343958377838,0.19677096605300903,0.11846905201673508,0.09995681047439575
883.0,0.0001,0.2,64.0,4.0,0.25003281235694885,0.18347078561782837,0.12307266891002655,0.09030912071466446,0.17340396344661713,0.15317754447460175,0.08535394817590714,0.07539798319339752
884.0,0.0001,0.2,64.0,4.0,0.34716638922691345,0.21650183200836182,0.16631487011909485,0.10371822118759155,0.37409985065460205,0.2805197238922119,0.17921772599220276,0.13438688218593597
885.0,0.0001,0.2,64.0,4.0,0.41249024868011475,0.3839032053947449,0.19662143290042877,0.18299487233161926,0.2791343629360199,0.2585925757884979,0.13305476307868958,0.12326312065124512
886.0,0.0001,0.2,64.0,4.0,0.4679500460624695,0.38454848527908325,0.21521936357021332,0.17686137557029724,0.31692346930503845,0.2551860213279724,0.14575928449630737,0.1173650398850441
887.0,0.0001,0.2,64.0,4.0,0.2954797148704529,0.2727133333683014,0.13562160730361938,0.12517210841178894,0.26566046476364136,0.1995282918214798,0.1219349130988121,0.0915810614824295
888.0,0.0001,0.2,64.0,4.0,0.28786352276802063,0.24556992948055267,0.14128141105175018,0.12052401155233383,0.38580819964408875,0.31197550892829895,0.18935194611549377,0.1531153917312622
889.0,0.0001,0.2,64.0,4.0,0.6198476552963257,0.5917278528213501,0.29426807165145874,0.2809184193611145,0.5658594965934753,0.49741190671920776,0.26863762736320496,0.23614263534545898
860.0,0.0001,0.2,128.0,2.0,0.41901710629463196,0.29272133111953735,0.1906333863735199,0.13317464292049408,0.30418652296066284,0.2116442769765854,0.13839077949523926,0.09628833085298538
861.0,0.0001,0.2,128.0,2.0,0.2505049705505371,0.21411916613578796,0.12404802441596985,0.10603007674217224,0.3286062777042389,0.2568354606628418,0.16272316873073578,0.12718284130096436
862.0,0.0001,0.2,128.0,2.0,0.32747897505760193,0.2942970097064972,0.1516580730676651,0.1362912505865097,0.3077132999897003,0.26204830408096313,0.14250443875789642,0.12135663628578186
863.0,0.0001,0.2,128.0,2.0,0.23549939692020416,0.1896170675754547,0.11593148112297058,0.0933445543050766,0.26119503378868103,0.2307491898536682,0.12858091294765472,0.11359305679798126
864.0,0.0001,0.2,128.0,2.0,0.35343965888023376,0.28805965185165405,0.16813328862190247,0.1370316445827484,0.43317726254463196,0.3401239514350891,0.20606493949890137,0.16179893910884857
865.0,0.0001,0.2,128.0,2.0,0.3911915123462677,0.3131212592124939,0.1696658432483673,0.13580556213855743,0.5441768169403076,0.4036124646663666,0.23601795732975006,0.17505301535129547
866.0,0.0001,0.2,128.0,2.0,0.2939041256904602,0.23505616188049316,0.13144561648368835,0.10512645542621613,0.33141055703163147,0.23056231439113617,0.1482199728488922,0.10311663150787354
867.0,0.0001,0.2,128.0,2.0,0.4054884612560272,0.3744025230407715,0.211713507771492,0.19548292458057404,0.3423728048801422,0.2951587438583374,0.1787596046924591,0.1541082262992859
868.0,0.0001,0.2,128.0,2.0,0.5980514883995056,0.4669410288333893,0.2447134554386139,0.19106507301330566,0.5960881114006042,0.4390573799610138,0.24391010403633118,0.1796555519104004
869.0,0.0001,0.2,128.0,2.0,0.3227693736553192,0.22623419761657715,0.14325138926506042,0.100407175719738,0.4922010600566864,0.3812516927719116,0.2184484750032425,0.16920697689056396
870.0,0.0001,0.2,128.0,2.0,0.3890218734741211,0.29962652921676636,0.18361742794513702,0.14142301678657532,0.32147452235221863,0.27091091871261597,0.15173524618148804,0.12786933779716492
871.0,0.0001,0.2,128.0,2.0,0.4299003779888153,0.39904993772506714,0.2088211327791214,0.19383575022220612,0.333041787147522,0.2606388032436371,0.1617727428674698,0.12660348415374756
872.0,0.0001,0.2,128.0,2.0,0.1754222959280014,0.15197113156318665,0.08564497530460358,0.07419561594724655,0.21537141501903534,0.16019079089164734,0.10514899343252182,0.07820861786603928
873.0,0.0001,0.2,128.0,2.0,0.2159951627254486,0.1571679413318634,0.1011604517698288,0.07360897213220596,0.24171172082424164,0.19178593158721924,0.1132047027349472,0.08982215821743011
874.0,0.0001,0.2,128.0,2.0,0.3813229203224182,0.3531992435455322,0.17878854274749756,0.16560237109661102,0.32945793867111206,0.2780107855796814,0.15447092056274414,0.13034921884536743
875.0,0.0001,0.2,128.0,2.0,0.24573072791099548,0.2012844830751419,0.11324150860309601,0.09275908768177032,0.139240100979805,0.11429296433925629,0.0641668513417244,0.05267030745744705
876.0,0.0001,0.2,128.0,2.0,0.28196215629577637,0.25134652853012085,0.13249318301677704,0.11810700595378876,0.26254332065582275,0.19919100403785706,0.12336830049753189,0.09359923750162125
877.0,0.0001,0.2,128.0,2.0,0.2409830391407013,0.20344164967536926,0.12531760334968567,0.10579506307840347,0.18818038702011108,0.14191856980323792,0.09785877913236618,0.07380141317844391
878.0,0.0001,0.2,128.0,2.0,0.3462241291999817,0.22924277186393738,0.15654690563678741,0.10365322977304459,0.20752687752246857,0.1754331886768341,0.0938342958688736,0.07932297885417938
879.0,0.0001,0.2,128.0,2.0,0.34476685523986816,0.26860445737838745,0.1691354215145111,0.1317717432975769,0.24988211691379547,0.19089525938034058,0.12258691340684891,0.09364920109510422
880.0,0.0001,0.2,128.0,2.0,0.4426415264606476,0.4065227210521698,0.17665325105190277,0.16223864257335663,0.4674352705478668,0.42509597539901733,0.1865481585264206,0.16965104639530182
881.0,0.0001,0.2,128.0,2.0,0.20067226886749268,0.1344493329524994,0.09229651093482971,0.06183815374970436,0.19100473821163177,0.13726355135440826,0.08785001933574677,0.06313249468803406
882.0,0.0001,0.2,128.0,2.0,0.239620640873909,0.2041516900062561,0.12172379344701767,0.10370609164237976,0.12642599642276764,0.1098015308380127,0.06422256678342819,0.05577758699655533
883.0,0.0001,0.2,128.0,2.0,0.19250480830669403,0.17808306217193604,0.09475588798522949,0.08765712380409241,0.30527326464653015,0.2797544002532959,0.1502634584903717,0.13770240545272827
884.0,0.0001,0.2,128.0,2.0,0.18303607404232025,0.14627546072006226,0.08768598735332489,0.07007528841495514,0.21740926802158356,0.16579872369766235,0.10415292531251907,0.07942818105220795
885.0,0.0001,0.2,128.0,2.0,0.22538891434669495,0.20124419033527374,0.10743598639965057,0.09592694044113159,0.3326002061367035,0.2461196482181549,0.158540278673172,0.11731766164302826
886.0,0.0001,0.2,128.0,2.0,0.36684295535087585,0.30616676807403564,0.16871824860572815,0.14081206917762756,0.3261037766933441,0.29303300380706787,0.14998149871826172,0.13477160036563873
887.0,0.0001,0.2,128.0,2.0,0.20811033248901367,0.18062320351600647,0.09552012383937836,0.08290386199951172,0.23951229453086853,0.20274192094802856,0.10993321985006332,0.09305605292320251
888.0,0.0001,0.2,128.0,2.0,0.21346555650234222,0.1668834537267685,0.10476741939783096,0.08190524578094482,0.21183688938617706,0.16936232149600983,0.103968046605587,0.08312182873487473
889.0,0.0001,0.2,128.0,2.0,0.2785784900188446,0.2327369749546051,0.13225306570529938,0.11049015820026398,0.33624929189682007,0.21894004940986633,0.1596318781375885,0.10394018888473511
860.0,0.0001,0.2,128.0,3.0,0.42700791358947754,0.32506707310676575,0.1942688226699829,0.14789047837257385,0.24165332317352295,0.1635979861021042,0.10994108021259308,0.07442950457334518
861.0,0.0001,0.2,128.0,3.0,0.3310032784938812,0.307486355304718,0.1639101356267929,0.15226474404335022,0.47400981187820435,0.3896046578884125,0.23472581803798676,0.19292905926704407
862.0,0.0001,0.2,128.0,3.0,0.5947320461273193,0.5722235441207886,0.2754250466823578,0.26500117778778076,0.4608836770057678,0.3960297405719757,0.21343883872032166,0.18340446054935455
863.0,0.0001,0.2,128.0,3.0,0.2720308005809784,0.2214335948228836,0.13391514122486115,0.10900716483592987,0.19370128214359283,0.1663920283317566,0.09535512328147888,0.0819113478064537
864.0,0.0001,0.2,128.0,3.0,0.29352110624313354,0.2472597360610962,0.13962970674037933,0.11762289702892303,0.40949341654777527,0.3844349980354309,0.19479839503765106,0.18287795782089233
865.0,0.0001,0.2,128.0,3.0,0.5019161105155945,0.4277503788471222,0.21768881380558014,0.18552199006080627,0.5131653547286987,0.43374717235565186,0.22256781160831451,0.18812289834022522
866.0,0.0001,0.2,128.0,3.0,0.48466598987579346,0.4344189167022705,0.21676190197467804,0.1942894011735916,0.4229581356048584,0.37150838971138,0.1891636848449707,0.16615331172943115
867.0,0.0001,0.2,128.0,3.0,0.24405641853809357,0.20963409543037415,0.1274266541004181,0.10945409536361694,0.16095030307769775,0.1386730819940567,0.08403533697128296,0.07240395247936249
868.0,0.0001,0.2,128.0,3.0,0.4845629930496216,0.43001076579093933,0.19827571511268616,0.17595379054546356,0.4396943747997284,0.3275090456008911,0.17991618812084198,0.13401168584823608
869.0,0.0001,0.2,128.0,3.0,0.21026428043842316,0.16835574805736542,0.09331941604614258,0.07471957802772522,0.5006631016731262,0.4746447503566742,0.2222040891647339,0.21065664291381836
870.0,0.0001,0.2,128.0,3.0,0.27101895213127136,0.1858297437429428,0.12792032957077026,0.08771121501922607,0.2440555989742279,0.18260467052459717,0.115193672478199,0.08618898689746857
871.0,0.0001,0.2,128.0,3.0,0.3884657025337219,0.34768033027648926,0.1886945515871048,0.1688833236694336,0.3022170960903168,0.23107483983039856,0.14679987728595734,0.11224301904439926
872.0,0.0001,0.2,128.0,3.0,0.24902844429016113,0.2159719318151474,0.12158112227916718,0.10544221103191376,0.2983001172542572,0.2668401598930359,0.14563658833503723,0.1302771419286728
873.0,0.0001,0.2,128.0,3.0,0.2949085235595703,0.2504692077636719,0.1381191909313202,0.11730622500181198,0.3510299623012543,0.24840675294399261,0.16440345346927643,0.1163402870297432
874.0,0.0001,0.2,128.0,3.0,0.3169831931591034,0.22277283668518066,0.14862196147441864,0.10445013642311096,0.21700847148895264,0.17522738873958588,0.10174743831157684,0.08215779066085815
875.0,0.0001,0.2,128.0,3.0,0.2972482144832611,0.2197706699371338,0.13698261976242065,0.10127820074558258,0.21753878891468048,0.1490536630153656,0.10024970024824142,0.06868927925825119
876.0,0.0001,0.2,128.0,3.0,0.18827174603939056,0.1350928544998169,0.08846833556890488,0.06347973644733429,0.30139970779418945,0.2480047047138214,0.14162680506706238,0.11653664708137512
877.0,0.0001,0.2,128.0,3.0,0.4211142063140869,0.3503224849700928,0.21899056434631348,0.18217697739601135,0.36171743273735046,0.23250076174736023,0.18810266256332397,0.12090656161308289
878.0,0.0001,0.2,128.0,3.0,0.42162421345710754,0.2955383062362671,0.1906394511461258,0.13362908363342285,0.20029674470424652,0.15528036653995514,0.09056515991687775,0.0702107846736908
879.0,0.0001,0.2,128.0,3.0,0.2658849358558655,0.21163448691368103,0.13043758273124695,0.10382343828678131,0.34850701689720154,0.27018776535987854,0.17097027599811554,0.1325484812259674
880.0,0.0001,0.2,128.0,3.0,0.415040522813797,0.36266905069351196,0.16563798487186432,0.1447371244430542,0.3583231270313263,0.2930355370044708,0.1430027335882187,0.11694718897342682
881.0,0.0001,0.2,128.0,3.0,0.2449072152376175,0.1431593894958496,0.11264178156852722,0.06584423035383224,0.2277749627828598,0.1549902707338333,0.1047620177268982,0.0712856724858284
882.0,0.0001,0.2,128.0,3.0,0.35415029525756836,0.28342747688293457,0.17990320920944214,0.14397704601287842,0.10922947525978088,0.1007683277130127,0.05548699200153351,0.05118885636329651
883.0,0.0001,0.2,128.0,3.0,0.21514266729354858,0.19950081408023834,0.10589882731437683,0.0981995016336441,0.17157696187496185,0.16009336709976196,0.08445464074611664,0.07880212366580963
884.0,0.0001,0.2,128.0,3.0,0.24643225967884064,0.21881195902824402,0.11805681139230728,0.10482491552829742,0.15694956481456757,0.12424229085445404,0.07518886774778366,0.059519995003938675
885.0,0.0001,0.2,128.0,3.0,0.2488914132118225,0.2114955186843872,0.11863888800144196,0.10081342607736588,0.34507879614830017,0.28958725929260254,0.16448843479156494,0.13803733885288239
886.0,0.0001,0.2,128.0,3.0,0.39308884739875793,0.3390854597091675,0.18078924715518951,0.15595203638076782,0.36553317308425903,0.3126192092895508,0.16811585426330566,0.1437796652317047
887.0,0.0001,0.2,128.0,3.0,0.32824569940567017,0.2828165888786316,0.15066076815128326,0.12980937957763672,0.2578871250152588,0.2391081601381302,0.11836706101894379,0.1097477525472641
888.0,0.0001,0.2,128.0,3.0,0.2673216760158539,0.2165413498878479,0.13119961321353912,0.1062769740819931,0.2767370343208313,0.23610955476760864,0.13582056760787964,0.11588089168071747
889.0,0.0001,0.2,128.0,3.0,0.21736358106136322,0.17899437248706818,0.10319173336029053,0.08497624099254608,0.21952490508556366,0.1904614418745041,0.10421783477067947,0.09042017161846161
860.0,0.0001,0.2,128.0,4.0,0.3821350634098053,0.34797775745391846,0.1738537698984146,0.15831375122070312,0.4456600248813629,0.42254698276519775,0.2027546614408493,0.19223931431770325
861.0,0.0001,0.2,128.0,4.0,0.3678959906101227,0.35382789373397827,0.18217910826206207,0.17521271109580994,0.4746873378753662,0.39909476041793823,0.23506130278110504,0.1976284682750702
862.0,0.0001,0.2,128.0,4.0,0.4151844084262848,0.38437962532043457,0.19227515161037445,0.17800921201705933,0.2767896354198456,0.24669191241264343,0.12818346917629242,0.1142449751496315
863.0,0.0001,0.2,128.0,4.0,0.21604087948799133,0.18232370913028717,0.10635244846343994,0.08975419402122498,0.2489905059337616,0.20182918012142181,0.1225728839635849,0.09935633838176727
864.0,0.0001,0.2,128.0,4.0,0.3500997722148895,0.25034934282302856,0.16654448211193085,0.11909261345863342,0.4240456223487854,0.27983248233795166,0.2017209678888321,0.1331179440021515
865.0,0.0001,0.2,128.0,4.0,0.4331474304199219,0.39761221408843994,0.18786275386810303,0.17245060205459595,0.46270841360092163,0.3878543972969055,0.2006838321685791,0.1682184636592865
866.0,0.0001,0.2,128.0,4.0,0.4059658646583557,0.2998255789279938,0.1815641075372696,0.13409392535686493,0.40198567509651184,0.21531906723976135,0.17978394031524658,0.09629923850297928
867.0,0.0001,0.2,128.0,4.0,0.3426362872123718,0.2861771583557129,0.1788971722126007,0.14941874146461487,0.2633989751338959,0.21262845396995544,0.13752581179141998,0.11101753264665604
868.0,0.0001,0.2,128.0,4.0,0.39633041620254517,0.30723053216934204,0.16217228770256042,0.1257140040397644,0.44568932056427,0.30119121074676514,0.18236924707889557,0.1232428252696991
869.0,0.0001,0.2,128.0,4.0,0.25130459666252136,0.23753221333026886,0.11153393983840942,0.10542148351669312,0.4717141389846802,0.4442056119441986,0.20935599505901337,0.1971471607685089
870.0,0.0001,0.2,128.0,4.0,0.29020455479621887,0.18118418753147125,0.13697588443756104,0.08551852405071259,0.19722828269004822,0.17239436507225037,0.09309131652116776,0.08136976510286331
871.0,0.0001,0.2,128.0,4.0,0.381142258644104,0.32888972759246826,0.18513721227645874,0.1597559154033661,0.26166510581970215,0.2192724347114563,0.12710203230381012,0.10651009529829025
872.0,0.0001,0.2,128.0,4.0,0.46556925773620605,0.41400814056396484,0.22730104625225067,0.20212778449058533,0.5022179484367371,0.47232764959335327,0.2451936900615692,0.23060061037540436
873.0,0.0001,0.2,128.0,4.0,0.29623115062713623,0.2254660725593567,0.13873866200447083,0.10559611022472382,0.27091184258461,0.21259737014770508,0.1268804669380188,0.09956911206245422
874.0,0.0001,0.2,128.0,4.0,0.3829910159111023,0.34328752756118774,0.17957065999507904,0.16095510125160217,0.3125787675380707,0.263534814119339,0.14655688405036926,0.12356194853782654
875.0,0.0001,0.2,128.0,4.0,0.2726409137248993,0.22100874781608582,0.12564268708229065,0.10184874385595322,0.1519104391336441,0.1184484213590622,0.07000579684972763,0.0545852854847908
876.0,0.0001,0.2,128.0,4.0,0.24308879673480988,0.17742648720741272,0.11422672867774963,0.08337219059467316,0.2977949380874634,0.229636549949646,0.13993293046951294,0.10790550708770752
877.0,0.0001,0.2,128.0,4.0,0.5853015780448914,0.4880593419075012,0.3043723702430725,0.2538038194179535,0.47440728545188904,0.3307819962501526,0.24670438468456268,0.17201539874076843
878.0,0.0001,0.2,128.0,4.0,0.42710936069488525,0.3559833765029907,0.1931195706129074,0.16095960140228271,0.3867127001285553,0.3557359278202057,0.17485402524471283,0.1608477383852005
879.0,0.0001,0.2,128.0,4.0,0.29187971353530884,0.2512972354888916,0.14319010078907013,0.12328118830919266,0.29954826831817627,0.23527204990386963,0.14695213735103607,0.11541957408189774
880.0,0.0001,0.2,128.0,4.0,0.4151741564273834,0.3515239953994751,0.1656913161277771,0.14028924703598022,0.40582984685897827,0.34740543365478516,0.1619621217250824,0.13864560425281525
881.0,0.0001,0.2,128.0,4.0,0.20073409378528595,0.13745024800300598,0.09232495725154877,0.06321839243173599,0.2546149790287018,0.1820429563522339,0.11710671335458755,0.08372820168733597
882.0,0.0001,0.2,128.0,4.0,0.2922094464302063,0.24681849777698517,0.14843817055225372,0.12538021802902222,0.2136412262916565,0.19669340550899506,0.10852664709091187,0.09991739690303802
883.0,0.0001,0.2,128.0,4.0,0.22954204678535461,0.1604238599538803,0.11298657953739166,0.07896480709314346,0.16733253002166748,0.13728207349777222,0.08236540853977203,0.06757381558418274
884.0,0.0001,0.2,128.0,4.0,0.20695587992668152,0.1416189968585968,0.09914509952068329,0.06784455478191376,0.20545421540737152,0.15558713674545288,0.09842569380998611,0.07453618943691254
885.0,0.0001,0.2,128.0,4.0,0.268676221370697,0.21151569485664368,0.1280697137117386,0.1008230447769165,0.3155575692653656,0.2645266056060791,0.15041658282279968,0.12609168887138367
886.0,0.0001,0.2,128.0,4.0,0.3127872049808502,0.2614317536354065,0.143856942653656,0.1202375739812851,0.3452700972557068,0.2901845872402191,0.15879644453525543,0.13346156477928162
887.0,0.0001,0.2,128.0,4.0,0.28406205773353577,0.23076580464839935,0.1303810179233551,0.10591869056224823,0.2810508608818054,0.218226820230484,0.12899892032146454,0.10016345977783203
888.0,0.0001,0.2,128.0,4.0,0.3284432590007782,0.2522426247596741,0.16119766235351562,0.1237989142537117,0.24457982182502747,0.2237205058336258,0.12003803998231888,0.10980043560266495
889.0,0.0001,0.2,128.0,4.0,0.338960736989975,0.3030063509941101,0.16091908514499664,0.14384999871253967,0.4059201776981354,0.29369574785232544,0.1927075982093811,0.13942988216876984
860.0,0.0001,0.2,256.0,2.0,0.45600956678390503,0.4106353521347046,0.20746323466300964,0.18682006001472473,0.35703328251838684,0.30263984203338623,0.16243357956409454,0.1376871019601822
861.0,0.0001,0.2,256.0,2.0,0.35454314947128296,0.29831069707870483,0.1755668818950653,0.1477210372686386,0.5049551725387573,0.342891126871109,0.2500496804714203,0.169796884059906
862.0,0.0001,0.2,256.0,2.0,0.3711940050125122,0.3389430046081543,0.1719028204679489,0.1569671332836151,0.2564553916454315,0.2308201938867569,0.11876652389764786,0.10689464211463928
863.0,0.0001,0.2,256.0,2.0,0.2700842022895813,0.24027296900749207,0.132956862449646,0.11828140914440155,0.2673870325088501,0.2331923097372055,0.1316290944814682,0.1147957518696785
864.0,0.0001,0.2,256.0,2.0,0.292988121509552,0.22011420130729675,0.13937614858150482,0.10470959544181824,0.4094904363155365,0.3667258322238922,0.19479696452617645,0.17445360124111176
865.0,0.0001,0.2,256.0,2.0,0.38989537954330444,0.23843508958816528,0.1691037118434906,0.10341302305459976,0.5186619758605957,0.3407018780708313,0.22495178878307343,0.14776770770549774
866.0,0.0001,0.2,256.0,2.0,0.37566787004470825,0.29250556230545044,0.16801363229751587,0.1308201104402542,0.35449478030204773,0.19267340004444122,0.1585441678762436,0.08617120236158371
867.0,0.0001,0.2,256.0,2.0,0.2667209208011627,0.2067805677652359,0.13926023244857788,0.10796421021223068,0.22259628772735596,0.17845457792282104,0.11622190475463867,0.09317465126514435
868.0,0.0001,0.2,256.0,2.0,0.4710400402545929,0.38273000717163086,0.19274230301380157,0.15660721063613892,0.46723300218582153,0.3478412628173828,0.19118459522724152,0.1423313170671463
869.0,0.0001,0.2,256.0,2.0,0.30528929829597473,0.2728549838066101,0.13549336791038513,0.12109837681055069,0.43842628598213196,0.38840776681900024,0.19458220899105072,0.17238301038742065
870.0,0.0001,0.2,256.0,2.0,0.27942755818367004,0.23950320482254028,0.13188917934894562,0.11304496228694916,0.2918357849121094,0.23357391357421875,0.13774582743644714,0.11024637520313263
871.0,0.0001,0.2,256.0,2.0,0.39409327507019043,0.338047593832016,0.1914280652999878,0.16420426964759827,0.3536326289176941,0.26215386390686035,0.17177461087703705,0.1273394376039505
872.0,0.0001,0.2,256.0,2.0,0.2349739819765091,0.20572444796562195,0.1147194355726242,0.1004391759634018,0.29020071029663086,0.24222871661186218,0.14168232679367065,0.11826134473085403
873.0,0.0001,0.2,256.0,2.0,0.4116984009742737,0.3514643609523773,0.19281724095344543,0.16460688412189484,0.41837048530578613,0.31359297037124634,0.19594211876392365,0.1468699872493744
874.0,0.0001,0.2,256.0,2.0,0.38063791394233704,0.3386458158493042,0.17846737802028656,0.15877878665924072,0.2747533619403839,0.22469474375247955,0.12882192432880402,0.10535124689340591
875.0,0.0001,0.2,256.0,2.0,0.31580057740211487,0.27630120515823364,0.14553223550319672,0.1273294985294342,0.18581612408161163,0.11133162677288055,0.08563077449798584,0.0513056218624115
876.0,0.0001,0.2,256.0,2.0,0.1497381627559662,0.12574726343154907,0.07036151736974716,0.05908827483654022,0.33517083525657654,0.26520687341690063,0.15749573707580566,0.12461990863084793
877.0,0.0001,0.2,256.0,2.0,0.4354698359966278,0.3413735628128052,0.22645588219165802,0.17752331495285034,0.37179163098335266,0.31840696930885315,0.19334150850772858,0.16558009386062622
878.0,0.0001,0.2,256.0,2.0,0.5294104218482971,0.46391624212265015,0.23937548696994781,0.20976199209690094,0.451134592294693,0.43767663836479187,0.20398271083831787,0.19789762794971466
879.0,0.0001,0.2,256.0,2.0,0.29458853602409363,0.23904988169670105,0.14451897144317627,0.11727286130189896,0.3131583631038666,0.2517211139202118,0.15362894535064697,0.1234891265630722
880.0,0.0001,0.2,256.0,2.0,0.5032255053520203,0.40349751710891724,0.20083163678646088,0.1610313355922699,0.46690860390663147,0.38358521461486816,0.18633796274662018,0.15308454632759094
881.0,0.0001,0.2,256.0,2.0,0.23069791495800018,0.2119513899087906,0.10610637813806534,0.09748417139053345,0.14545457065105438,0.12437254935503006,0.0668998584151268,0.057203471660614014
882.0,0.0001,0.2,256.0,2.0,0.2560291290283203,0.2183835506439209,0.13005904853343964,0.11093565821647644,0.11859939992427826,0.10561671853065491,0.060246776789426804,0.05365177243947983
883.0,0.0001,0.2,256.0,2.0,0.31625834107398987,0.2419189214706421,0.15567058324813843,0.11907880008220673,0.2676256597042084,0.19468095898628235,0.1317322999238968,0.09582702815532684
884.0,0.0001,0.2,256.0,2.0,0.24201065301895142,0.21947020292282104,0.11593855917453766,0.10514023900032043,0.22705557942390442,0.19578993320465088,0.10877412557601929,0.09379588067531586
885.0,0.0001,0.2,256.0,2.0,0.2900610864162445,0.23500116169452667,0.13826319575309753,0.11201784014701843,0.31462427973747253,0.2753308117389679,0.14997170865535736,0.13124173879623413
886.0,0.0001,0.2,256.0,2.0,0.32541924715042114,0.28622400760650635,0.1496666818857193,0.1316400021314621,0.3363155126571655,0.32813742756843567,0.15467804670333862,0.15091678500175476
887.0,0.0001,0.2,256.0,2.0,0.20913252234458923,0.17717015743255615,0.09598926454782486,0.0813189446926117,0.2827812135219574,0.22801655530929565,0.12979312241077423,0.10465683043003082
888.0,0.0001,0.2,256.0,2.0,0.223952516913414,0.18686449527740479,0.10991432517766953,0.09171178191900253,0.26690903306007385,0.20968689024448395,0.13099706172943115,0.10291283577680588
889.0,0.0001,0.2,256.0,2.0,0.29048803448677063,0.2586129903793335,0.1379070281982422,0.12277458608150482,0.2485700100660324,0.204957515001297,0.11800678074359894,0.09730207920074463
860.0,0.0001,0.2,256.0,3.0,0.4264993369579315,0.3439238667488098,0.19403742253780365,0.1564694344997406,0.2509288191795349,0.19544018805027008,0.11416099220514297,0.08891623467206955
861.0,0.0001,0.2,256.0,3.0,0.3765157163143158,0.3520180583000183,0.18644751608371735,0.17431649565696716,0.4637933671474457,0.4013138711452484,0.22966669499874115,0.19872736930847168
862.0,0.0001,0.2,256.0,3.0,0.5930757522583008,0.5491641759872437,0.2746580243110657,0.2543221712112427,0.3847452998161316,0.3310568928718567,0.1781785488128662,0.15331502258777618
863.0,0.0001,0.2,256.0,3.0,0.32590651512145996,0.24339458346366882,0.16043703258037567,0.11981812119483948,0.34806641936302185,0.2814595103263855,0.17134590446949005,0.13855671882629395
864.0,0.0001,0.2,256.0,3.0,0.2606293261051178,0.20992299914360046,0.12398289144039154,0.09986159950494766,0.34218829870224,0.3071364760398865,0.16278095543384552,0.14610660076141357
865.0,0.0001,0.2,256.0,3.0,0.5091443657875061,0.46892213821411133,0.22082382440567017,0.203378826379776,0.4460701644420624,0.3620101809501648,0.19346755743026733,0.15700943768024445
866.0,0.0001,0.2,256.0,3.0,0.4047367572784424,0.34369397163391113,0.18101435899734497,0.15371361374855042,0.30821895599365234,0.27097010612487793,0.13784776628017426,0.12118859589099884
867.0,0.0001,0.2,256.0,3.0,0.2843712866306305,0.2621363699436188,0.14847585558891296,0.13686656951904297,0.23351049423217773,0.19909048080444336,0.12192043662071228,0.10394908487796783
868.0,0.0001,0.2,256.0,3.0,0.36660832166671753,0.2335917055606842,0.15001043677330017,0.09558212012052536,0.46985483169555664,0.2942609190940857,0.1922573745250702,0.12040704488754272
869.0,0.0001,0.2,256.0,3.0,0.33252355456352234,0.2546902596950531,0.14758047461509705,0.11303652077913284,0.5999910235404968,0.5459222197532654,0.26628777384757996,0.24229098856449127
870.0,0.0001,0.2,256.0,3.0,0.19531084597110748,0.1541418433189392,0.09218626469373703,0.07275459170341492,0.12961125373840332,0.11136546730995178,0.06117621064186096,0.052564240992069244
871.0,0.0001,0.2,256.0,3.0,0.33012905716896057,0.28188782930374146,0.16035789251327515,0.13692504167556763,0.22091780602931976,0.19415956735610962,0.10730931162834167,0.0943116694688797
872.0,0.0001,0.2,256.0,3.0,0.22282376885414124,0.20516380667686462,0.1087874248623848,0.10016544163227081,0.25918689370155334,0.22289946675300598,0.1265406459569931,0.10882434993982315
873.0,0.0001,0.2,256.0,3.0,0.3830498456954956,0.2877877652645111,0.1793997883796692,0.13478419184684753,0.47299492359161377,0.370736688375473,0.22152520716190338,0.17363297939300537
874.0,0.0001,0.2,256.0,3.0,0.3852540850639343,0.3439343571662903,0.18063172698020935,0.16125839948654175,0.27372440695762634,0.2032421976327896,0.128339484333992,0.09529293328523636
875.0,0.0001,0.2,256.0,3.0,0.3160993456840515,0.24954628944396973,0.14566989243030548,0.11499988287687302,0.438213050365448,0.31940579414367676,0.2019442766904831,0.14719361066818237
876.0,0.0001,0.2,256.0,3.0,0.4282907545566559,0.3352288007736206,0.2012525498867035,0.1575230211019516,0.28207799792289734,0.2095721960067749,0.13254758715629578,0.09847734868526459
877.0,0.0001,0.2,256.0,3.0,0.28463321924209595,0.2416103333234787,0.1480168104171753,0.125643789768219,0.3953758478164673,0.272776335477829,0.20560593903064728,0.14185094833374023
878.0,0.0001,0.2,256.0,3.0,0.4914451241493225,0.385097861289978,0.22220931947231293,0.17412389814853668,0.3999767601490021,0.3831518888473511,0.18085142970085144,0.17324401438236237
879.0,0.0001,0.2,256.0,3.0,0.29065343737602234,0.2622075080871582,0.1425885111093521,0.1286335587501526,0.2445996254682541,0.20701751112937927,0.11999544501304626,0.10155845433473587
880.0,0.0001,0.2,256.0,3.0,0.36477234959602356,0.3155176639556885,0.14557652175426483,0.12591952085494995,0.345913827419281,0.2508843243122101,0.13805030286312103,0.10012509673833847
881.0,0.0001,0.2,256.0,3.0,0.2636639177799225,0.1888030618429184,0.12126863747835159,0.08683741092681885,0.34562456607818604,0.24501673877239227,0.1589653491973877,0.11269214749336243
882.0,0.0001,0.2,256.0,3.0,0.2745095491409302,0.2420356273651123,0.13944685459136963,0.12295054644346237,0.1515721082687378,0.12089186161756516,0.07699644565582275,0.06141131371259689
883.0,0.0001,0.2,256.0,3.0,0.2299554944038391,0.1571086049079895,0.11319006979465485,0.07733294367790222,0.13382333517074585,0.11618034541606903,0.06587133556604385,0.057187002152204514
884.0,0.0001,0.2,256.0,3.0,0.2717078626155853,0.22146844863891602,0.13016539812088013,0.1060975193977356,0.19633251428604126,0.1505921632051468,0.09405581653118134,0.07214327156543732
885.0,0.0001,0.2,256.0,3.0,0.46702125668525696,0.43115776777267456,0.22261470556259155,0.2055196762084961,0.3689485788345337,0.30960485339164734,0.17586643993854523,0.1475791037082672
886.0,0.0001,0.2,256.0,3.0,0.4605127274990082,0.4096261262893677,0.2117988020181656,0.18839505314826965,0.34025633335113525,0.2866405248641968,0.1564905345439911,0.1318315863609314
887.0,0.0001,0.2,256.0,3.0,0.19694550335407257,0.17904464900493622,0.09039556980133057,0.08217929303646088,0.20820091664791107,0.1741395890712738,0.09556170552968979,0.0799279659986496
888.0,0.0001,0.2,256.0,3.0,0.22467198967933655,0.17751386761665344,0.11026744544506073,0.08712257444858551,0.2248275727033615,0.18136513233184814,0.11034379154443741,0.08901271224021912
889.0,0.0001,0.2,256.0,3.0,0.30562394857406616,0.2265651822090149,0.1450926959514618,0.10756014287471771,0.4375457167625427,0.3292614221572876,0.2077215611934662,0.156314417719841
860.0,0.0001,0.2,256.0,4.0,0.47110408544540405,0.4107936918735504,0.2143305242061615,0.1868920922279358,0.26973700523376465,0.24844223260879517,0.12271783500909805,0.11302970349788666
861.0,0.0001,0.2,256.0,4.0,0.29364070296287537,0.2783656120300293,0.14540846645832062,0.13784436881542206,0.4007212817668915,0.31312084197998047,0.19843392074108124,0.15505491197109222
862.0,0.0001,0.2,256.0,4.0,0.3367335796356201,0.2950785160064697,0.15594394505023956,0.13665316998958588,0.2556913197040558,0.23525914549827576,0.11841265857219696,0.10895034670829773
863.0,0.0001,0.2,256.0,4.0,0.3320499062538147,0.2772446870803833,0.16346128284931183,0.13648179173469543,0.31985899806022644,0.23306965827941895,0.15745994448661804,0.11473535746335983
864.0,0.0001,0.2,256.0,4.0,0.2701209485530853,0.19009742140769958,0.12849807739257812,0.09043043851852417,0.3354986011981964,0.27402544021606445,0.15959861874580383,0.13035550713539124
865.0,0.0001,0.2,256.0,4.0,0.6081727743148804,0.34245139360427856,0.26377397775650024,0.14852648973464966,0.8522588610649109,0.5604801774024963,0.36963793635368347,0.2430889904499054
866.0,0.0001,0.2,256.0,4.0,0.3890811800956726,0.3400924503803253,0.17401258647441864,0.15210285782814026,0.3648619055747986,0.24922801554203033,0.16318070888519287,0.11146466434001923
867.0,0.0001,0.2,256.0,4.0,0.3054247200489044,0.2124398648738861,0.15946827828884125,0.1109190434217453,0.14865343272686005,0.12614265084266663,0.07761488854885101,0.06586156040430069
868.0,0.0001,0.2,256.0,4.0,0.5338795185089111,0.4677796959877014,0.2184552401304245,0.19140824675559998,0.5016125440597534,0.35922491550445557,0.20525218546390533,0.1469893455505371
869.0,0.0001,0.2,256.0,4.0,0.3995458781719208,0.25523698329925537,0.17732630670070648,0.11327920109033585,0.5437072515487671,0.39379286766052246,0.24130794405937195,0.17477300763130188
870.0,0.0001,0.2,256.0,4.0,0.21689464151859283,0.15964967012405396,0.10237377136945724,0.07535429298877716,0.21656881272792816,0.1775786429643631,0.10221997648477554,0.08381671458482742
871.0,0.0001,0.2,256.0,4.0,0.344692200422287,0.3000890612602234,0.16743184626102448,0.14576618373394012,0.2160462588071823,0.15575549006462097,0.10494299232959747,0.07565715909004211
872.0,0.0001,0.2,256.0,4.0,0.30391424894332886,0.25612378120422363,0.14837753772735596,0.12504521012306213,0.33973217010498047,0.3049008250236511,0.16586463153362274,0.1488592028617859
873.0,0.0001,0.2,256.0,4.0,0.4130706489086151,0.3828839659690857,0.19345994293689728,0.17932212352752686,0.3649352192878723,0.3137910068035126,0.17091591656208038,0.1469627320766449
874.0,0.0001,0.2,256.0,4.0,0.3906148672103882,0.29146838188171387,0.1831451952457428,0.13665899634361267,0.2842741310596466,0.21736976504325867,0.13328585028648376,0.10191681236028671
875.0,0.0001,0.2,256.0,4.0,0.23178744316101074,0.1761297881603241,0.10681594908237457,0.08116690814495087,0.2992507219314575,0.18004941940307617,0.13790547847747803,0.08297321945428848
876.0,0.0001,0.2,256.0,4.0,0.3069535195827484,0.20054756104946136,0.14423657953739166,0.09423670917749405,0.33915191888809204,0.2736589014530182,0.1593664586544037,0.12859149277210236
877.0,0.0001,0.2,256.0,4.0,0.32731255888938904,0.2523477077484131,0.17021122574806213,0.1312275230884552,0.2624000310897827,0.1908707320690155,0.1364549696445465,0.09925782680511475
878.0,0.0001,0.2,256.0,4.0,0.461467981338501,0.3658841848373413,0.2086549997329712,0.16543632745742798,0.35155022144317627,0.3391594886779785,0.1589551568031311,0.15335261821746826
879.0,0.0001,0.2,256.0,4.0,0.19138261675834656,0.16780337691307068,0.09388832747936249,0.08232083916664124,0.37972474098205566,0.3174346685409546,0.18628503382205963,0.1557268351316452
880.0,0.0001,0.2,256.0,4.0,0.41147464513778687,0.31998223066329956,0.16421489417552948,0.1277013123035431,0.39600473642349243,0.3509718179702759,0.15804104506969452,0.1400689035654068
881.0,0.0001,0.2,256.0,4.0,0.22771336138248444,0.16363310813903809,0.10473369807004929,0.07526084780693054,0.2576720416545868,0.21686924993991852,0.11851275712251663,0.09974607080221176
882.0,0.0001,0.2,256.0,4.0,0.2829526960849762,0.2105630785226822,0.143735870718956,0.10696299374103546,0.11901814490556717,0.09719239175319672,0.060459498316049576,0.04937232658267021
883.0,0.0001,0.2,256.0,4.0,0.31642186641693115,0.2483464777469635,0.1557510644197464,0.12224259972572327,0.2965812087059021,0.22250133752822876,0.14598499238491058,0.10952093452215195
884.0,0.0001,0.2,256.0,4.0,0.29785946011543274,0.20108772814273834,0.14269372820854187,0.09633387625217438,0.24814409017562866,0.20330479741096497,0.1188768818974495,0.09739600121974945
885.0,0.0001,0.2,256.0,4.0,0.27446308732032776,0.23740997910499573,0.1308281123638153,0.11316603422164917,0.48311153054237366,0.3659907281398773,0.23028439283370972,0.17445650696754456
886.0,0.0001,0.2,256.0,4.0,0.4192149341106415,0.3675885498523712,0.19280514121055603,0.16906116902828217,0.35831689834594727,0.32232046127319336,0.16479693353176117,0.14824149012565613
887.0,0.0001,0.2,256.0,4.0,0.46949508786201477,0.40400388836860657,0.21549253165721893,0.18543286621570587,0.35929614305496216,0.3203583359718323,0.16491256654262543,0.14704057574272156
888.0,0.0001,0.2,256.0,4.0,0.20935305953025818,0.16307947039604187,0.10274901986122131,0.08003825694322586,0.20147813856601715,0.16283820569515228,0.09888404607772827,0.07991983741521835
889.0,0.0001,0.2,256.0,4.0,0.20369532704353333,0.1785237044095993,0.09670283645391464,0.08475279808044434,0.2376682311296463,0.18288570642471313,0.1128312423825264,0.08682364225387573
860.0,0.0005,0.0,64.0,3.0,0.4737791419029236,0.4010493755340576,0.2155475616455078,0.18245890736579895,0.24685533344745636,0.21725144982337952,0.11230773478746414,0.09883935004472733
861.0,0.0005,0.0,64.0,3.0,0.2794146239757538,0.2264702469110489,0.13836385309696198,0.11214623600244522,0.4024777114391327,0.32682377099990845,0.19930368661880493,0.16184046864509583
862.0,0.0005,0.0,64.0,3.0,0.361724853515625,0.2706106901168823,0.16751758754253387,0.12532192468643188,0.27537456154823303,0.2278124839067459,0.127528116106987,0.10550174862146378
863.0,0.0005,0.0,64.0,3.0,0.3409988582134247,0.2931421101093292,0.16786667704582214,0.14430779218673706,0.33012449741363525,0.284967303276062,0.16251344978809357,0.1402835249900818
864.0,0.0005,0.0,64.0,3.0,0.24473869800567627,0.1815669685602188,0.11642361432313919,0.08637244999408722,0.2686619460582733,0.23073317110538483,0.12780405580997467,0.10976110398769379
865.0,0.0005,0.0,64.0,3.0,0.45446938276290894,0.30067509412765503,0.19711042940616608,0.13040748238563538,0.4960145056247711,0.3693962097167969,0.21512919664382935,0.16021287441253662
866.0,0.0005,0.0,64.0,3.0,0.4310932159423828,0.37331077456474304,0.19280202686786652,0.16695941984653473,0.37878966331481934,0.29511013627052307,0.16940978169441223,0.13198497891426086
867.0,0.0005,0.0,64.0,3.0,0.21882598102092743,0.18824917078018188,0.11425335705280304,0.09828859567642212,0.17231625318527222,0.15495145320892334,0.08996973931789398,0.08090322464704514
868.0,0.0005,0.0,64.0,3.0,0.32754769921302795,0.24219736456871033,0.13402745127677917,0.0991034209728241,0.5071032643318176,0.38427606225013733,0.20749887824058533,0.1572398543357849
869.0,0.0005,0.0,64.0,3.0,0.19279897212982178,0.15465351939201355,0.08556798100471497,0.06863827258348465,0.3744821548461914,0.29720768332481384,0.16620253026485443,0.13190659880638123
870.0,0.0005,0.0,64.0,3.0,0.1797734797000885,0.15202778577804565,0.0848526582121849,0.0717567503452301,0.16679811477661133,0.1304980218410492,0.0787283405661583,0.06159478798508644
871.0,0.0005,0.0,64.0,3.0,0.33525726199150085,0.26484382152557373,0.16284890472888947,0.12864604592323303,0.27959370613098145,0.2389100342988968,0.1358107328414917,0.1160489171743393
872.0,0.0005,0.0,64.0,3.0,0.1689090132713318,0.13993309438228607,0.08246506750583649,0.06831838190555573,0.2644585072994232,0.19016259908676147,0.12911437451839447,0.0928415060043335
873.0,0.0005,0.0,64.0,3.0,0.22767610847949982,0.19046132266521454,0.10663115978240967,0.08920177072286606,0.19310981035232544,0.1570049673318863,0.09044221043586731,0.07353264093399048
874.0,0.0005,0.0,64.0,3.0,0.26303762197494507,0.22104783356189728,0.12332884967327118,0.10364135354757309,0.2170226275920868,0.19825907051563263,0.1017540693283081,0.09295651316642761
875.0,0.0005,0.0,64.0,3.0,0.23547135293483734,0.1918787956237793,0.10851361602544785,0.08842460811138153,0.1570477932691574,0.1305742859840393,0.07237326353788376,0.06017331779003143
876.0,0.0005,0.0,64.0,3.0,0.12643997371196747,0.09956896305084229,0.05941375717520714,0.04678715020418167,0.4004989564418793,0.33175116777420044,0.18819324672222137,0.1558888852596283
877.0,0.0005,0.0,64.0,3.0,0.24061532318592072,0.19462673366069794,0.12512636184692383,0.1012110784649849,0.21733742952346802,0.16441920399665833,0.11302121728658676,0.08550235629081726
878.0,0.0005,0.0,64.0,3.0,0.26615414023399353,0.19021767377853394,0.12034285813570023,0.08600783348083496,0.12376660853624344,0.10172015428543091,0.055961668491363525,0.04599325358867645
879.0,0.0005,0.0,64.0,3.0,0.18320879340171814,0.13065922260284424,0.08987840265035629,0.06409865617752075,0.3144886791706085,0.22654595971107483,0.15428157150745392,0.111138716340065
880.0,0.0005,0.0,64.0,3.0,0.3406737148761749,0.26605716347694397,0.13595904409885406,0.10618041455745697,0.33164605498313904,0.2760077714920044,0.13235622644424438,0.11015160381793976
881.0,0.0005,0.0,64.0,3.0,0.20302757620811462,0.17706388235092163,0.09337978065013885,0.08143813908100128,0.2018803209066391,0.13941219449043274,0.09285213053226471,0.06412075459957123
882.0,0.0005,0.0,64.0,3.0,0.21094557642936707,0.17268861830234528,0.10715728253126144,0.08772329986095428,0.12620949745178223,0.10645414143800735,0.0641125813126564,0.0540771558880806
883.0,0.0005,0.0,64.0,3.0,0.20592357218265533,0.14419332146644592,0.10136093944311142,0.07097569853067398,0.16710279881954193,0.1311880350112915,0.08225236088037491,0.06457417458295822
884.0,0.0005,0.0,64.0,3.0,0.18590697646141052,0.15485110878944397,0.08906131982803345,0.07418356835842133,0.19057433307170868,0.14911334216594696,0.09129726886749268,0.07143480330705643
885.0,0.0005,0.0,64.0,3.0,0.22536249458789825,0.19604900479316711,0.10742337256669998,0.09345052391290665,0.31923097372055054,0.2518462538719177,0.15216755867004395,0.12004734575748444
886.0,0.0005,0.0,64.0,3.0,0.3027137815952301,0.2640796899795532,0.13922399282455444,0.12145543098449707,0.24068182706832886,0.20014674961566925,0.1106942743062973,0.09205140173435211
887.0,0.0005,0.0,64.0,3.0,0.3004000186920166,0.27038562297821045,0.13787992298603058,0.12410368025302887,0.36948299407958984,0.2301996797323227,0.16958820819854736,0.10565885901451111
888.0,0.0005,0.0,64.0,3.0,0.24311146140098572,0.19569316506385803,0.11931741237640381,0.09604485332965851,0.27683839201927185,0.22809235751628876,0.1358703225851059,0.11194612830877304
889.0,0.0005,0.0,64.0,3.0,0.299557089805603,0.22510908544063568,0.14221252501010895,0.10686887800693512,0.2616393268108368,0.23658870160579681,0.12421132624149323,0.1123187243938446
860.0,0.0005,0.0,128.0,2.0,0.3002060055732727,0.2402850091457367,0.13657982647418976,0.1093185544013977,0.2679016590118408,0.22395965456962585,0.1218828484416008,0.10189127177000046
861.0,0.0005,0.0,128.0,2.0,0.17507995665073395,0.11118517816066742,0.08669816702604294,0.05505799502134323,0.2957461178302765,0.23575307428836823,0.14645108580589294,0.11674301326274872
862.0,0.0005,0.0,128.0,2.0,0.32263147830963135,0.26199179887771606,0.14941316843032837,0.12133044749498367,0.27477338910102844,0.25395989418029785,0.12724968791007996,0.11761079728603363
863.0,0.0005,0.0,128.0,2.0,0.3095279335975647,0.26769813895225525,0.15237419307231903,0.13178224861621857,0.3316490650177002,0.26568955183029175,0.1632639318704605,0.13079345226287842
864.0,0.0005,0.0,128.0,2.0,0.2198403924703598,0.1774900257587433,0.10457933694124222,0.08443302661180496,0.24608948826789856,0.21852423250675201,0.11706618219614029,0.10395324230194092
865.0,0.0005,0.0,128.0,2.0,0.359573096036911,0.2551865577697754,0.15595243871212006,0.11067836731672287,0.4451161026954651,0.35284531116485596,0.19305376708507538,0.153034508228302
866.0,0.0005,0.0,128.0,2.0,0.3252564072608948,0.2866259217262268,0.145467609167099,0.12819048762321472,0.2829453945159912,0.18262377381324768,0.12654444575309753,0.08167661726474762
867.0,0.0005,0.0,128.0,2.0,0.256432443857193,0.2192063331604004,0.13388843834400177,0.11445195972919464,0.051414456218481064,0.04098532348871231,0.026844490319490433,0.021399229764938354
868.0,0.0005,0.0,128.0,2.0,0.5127797722816467,0.3607010543346405,0.20982156693935394,0.14759331941604614,0.4963666498661041,0.3498361110687256,0.2031056135892868,0.1431475579738617
869.0,0.0005,0.0,128.0,2.0,0.2599782645702362,0.20594742894172668,0.11538348346948624,0.09140350669622421,0.4787919819355011,0.397636353969574,0.212497279047966,0.1764788180589676
870.0,0.0005,0.0,128.0,2.0,0.23929068446159363,0.1525442898273468,0.11294466257095337,0.07200057804584503,0.19558756053447723,0.16971972584724426,0.09231690317392349,0.08010733127593994
871.0,0.0005,0.0,128.0,2.0,0.3336743116378784,0.3074635863304138,0.16207998991012573,0.14934831857681274,0.2777683734893799,0.2131057232618332,0.134924054145813,0.10351462662220001
872.0,0.0005,0.0,128.0,2.0,0.2090582698583603,0.1684243083000183,0.10206679999828339,0.0822284072637558,0.20409297943115234,0.16067016124725342,0.09964262694120407,0.07844267040491104
873.0,0.0005,0.0,128.0,2.0,0.2646682560443878,0.21668657660484314,0.12395628541707993,0.1014842689037323,0.21464692056179047,0.15096062421798706,0.1005290076136589,0.07070179283618927
874.0,0.0005,0.0,128.0,2.0,0.23380713164806366,0.18673303723335266,0.10962372273206711,0.08755238354206085,0.19895747303962708,0.1513928472995758,0.09328392893075943,0.07098260521888733
875.0,0.0005,0.0,128.0,2.0,0.3034059703350067,0.19443897902965546,0.13982036709785461,0.089604452252388,0.3790101706981659,0.28788551688194275,0.17466150224208832,0.13266795873641968
876.0,0.0005,0.0,128.0,2.0,0.20528888702392578,0.17136922478675842,0.09646464884281158,0.08052590489387512,0.24785642325878143,0.19909632205963135,0.11646699160337448,0.09355475753545761
877.0,0.0005,0.0,128.0,2.0,0.22507116198539734,0.1724989414215088,0.11704299598932266,0.08970404416322708,0.1692759245634079,0.1324574202299118,0.08802798390388489,0.06888139247894287
878.0,0.0005,0.0,128.0,2.0,0.3455256521701813,0.24468354880809784,0.15623106062412262,0.11063484847545624,0.2375335395336151,0.19975480437278748,0.10740192979574203,0.09032008796930313
879.0,0.0005,0.0,128.0,2.0,0.25644761323928833,0.19188928604125977,0.12580783665180206,0.09413687884807587,0.3684370517730713,0.2935411036014557,0.18074750900268555,0.14400511980056763
880.0,0.0005,0.0,128.0,2.0,0.3171955347061157,0.2601820230484009,0.12658917903900146,0.10383573174476624,0.34545591473579407,0.2954527735710144,0.13786756992340088,0.11791187524795532
881.0,0.0005,0.0,128.0,2.0,0.30882513523101807,0.27470293641090393,0.142039954662323,0.1263459026813507,0.22895105183124542,0.1474030613899231,0.10530295222997665,0.06779602915048599
882.0,0.0005,0.0,128.0,2.0,0.18852172791957855,0.15147459506988525,0.09576629847288132,0.07694689929485321,0.23917879164218903,0.16980624198913574,0.12149935215711594,0.08625910431146622
883.0,0.0005,0.0,128.0,2.0,0.1996944546699524,0.1362197995185852,0.09829481691122055,0.06705094873905182,0.1269187033176422,0.11275175958871841,0.062472689896821976,0.055499352514743805
884.0,0.0005,0.0,128.0,2.0,0.21693313121795654,0.18721380829811096,0.10392483323812485,0.08968737721443176,0.17157132923603058,0.15820106863975525,0.08219362795352936,0.07578842341899872
885.0,0.0005,0.0,128.0,2.0,0.2895362973213196,0.20025458931922913,0.1380130648612976,0.09545521438121796,0.1475750356912613,0.12087792158126831,0.0703444629907608,0.05761878192424774
886.0,0.0005,0.0,128.0,2.0,0.19165804982185364,0.16839344799518585,0.08814727514982224,0.07744742929935455,0.22045864164829254,0.19225406646728516,0.10139323025941849,0.08842140436172485
887.0,0.0005,0.0,128.0,2.0,0.37093856930732727,0.3261460065841675,0.17025625705718994,0.14969703555107117,0.2866232991218567,0.22495043277740479,0.13155660033226013,0.10324950516223907
888.0,0.0005,0.0,128.0,2.0,0.21199417114257812,0.16040727496147156,0.10404527187347412,0.07872678339481354,0.2448207437992096,0.18923860788345337,0.12015630304813385,0.09287697076797485
889.0,0.0005,0.0,128.0,2.0,0.21283157169818878,0.17320623993873596,0.10104022175073624,0.08222838491201401,0.1703810840845108,0.14133106172084808,0.08088715374469757,0.06709589064121246
860.0,0.0005,0.0,128.0,3.0,0.22976145148277283,0.1875605285167694,0.10453082621097565,0.08533135056495667,0.2814270257949829,0.1922118067741394,0.1280362606048584,0.08744747936725616
861.0,0.0005,0.0,128.0,3.0,0.1285639852285385,0.07390885055065155,0.06366387754678726,0.036599092185497284,0.29747632145881653,0.23658759891986847,0.1473078578710556,0.1171562522649765
862.0,0.0005,0.0,128.0,3.0,0.298117995262146,0.21990177035331726,0.1380607783794403,0.10183820873498917,0.36152592301368713,0.28847241401672363,0.1674255132675171,0.1335938423871994
863.0,0.0005,0.0,128.0,3.0,0.2672235667705536,0.2369963526725769,0.13154862821102142,0.11666839569807053,0.23752635717391968,0.21106867492198944,0.1169293001294136,0.10390473902225494
864.0,0.0005,0.0,128.0,3.0,0.275407075881958,0.20982614159584045,0.13101275265216827,0.09981551766395569,0.26011037826538086,0.22900864481925964,0.12373602390289307,0.10894075036048889
865.0,0.0005,0.0,128.0,3.0,0.37970295548439026,0.2190239131450653,0.16468307375907898,0.09499408304691315,0.4460209310054779,0.32892370223999023,0.19344620406627655,0.14265933632850647
866.0,0.0005,0.0,128.0,3.0,0.3623373508453369,0.2944996953010559,0.16205167770385742,0.1317119598388672,0.3147696554660797,0.2084357738494873,0.14077748358249664,0.0932207703590393
867.0,0.0005,0.0,128.0,3.0,0.2726236581802368,0.22525736689567566,0.142342209815979,0.11761131137609482,0.17629365622997284,0.14767107367515564,0.09204640239477158,0.07710199058055878
868.0,0.0005,0.0,128.0,3.0,0.3224390745162964,0.21855482459068298,0.13193710148334503,0.08942927420139313,0.4428286552429199,0.325655996799469,0.18119870126247406,0.13325345516204834
869.0,0.0005,0.0,128.0,3.0,0.33540117740631104,0.3016008734703064,0.14885763823986053,0.1338563859462738,0.4661354124546051,0.3614913821220398,0.20688007771968842,0.1604369878768921
870.0,0.0005,0.0,128.0,3.0,0.24656273424625397,0.19107544422149658,0.11637705564498901,0.0901871770620346,0.14084620773792267,0.11646150797605515,0.06647910177707672,0.05496957153081894
871.0,0.0005,0.0,128.0,3.0,0.33197933435440063,0.29503458738327026,0.16125667095184326,0.1433110237121582,0.2463350147008896,0.14474038779735565,0.11965552717447281,0.07030664384365082
872.0,0.0005,0.0,128.0,3.0,0.15623807907104492,0.11496683955192566,0.07627883553504944,0.056129325181245804,0.1584998518228531,0.13894794881343842,0.07738307863473892,0.06783740967512131
873.0,0.0005,0.0,128.0,3.0,0.30770161747932434,0.2683424949645996,0.1441107839345932,0.12567709386348724,0.20627595484256744,0.16107940673828125,0.09660851955413818,0.075440913438797
874.0,0.0005,0.0,128.0,3.0,0.2835751175880432,0.2588558495044708,0.13295812904834747,0.12136813998222351,0.29780083894729614,0.2308439165353775,0.13962802290916443,0.10823437571525574
875.0,0.0005,0.0,128.0,3.0,0.3424702286720276,0.2682798504829407,0.15782254934310913,0.12363295257091522,0.1935422420501709,0.17989155650138855,0.08919123560190201,0.08290049433708191
876.0,0.0005,0.0,128.0,3.0,0.22724328935146332,0.19854503870010376,0.10678094625473022,0.09329573065042496,0.24956895411014557,0.19127728044986725,0.11727166920900345,0.08988060057163239
877.0,0.0005,0.0,128.0,3.0,0.20809724926948547,0.1706322431564331,0.10821609199047089,0.08873329311609268,0.14789578318595886,0.09347336739301682,0.07690973579883575,0.04860863462090492
878.0,0.0005,0.0,128.0,3.0,0.2587854862213135,0.21923986077308655,0.11701110005378723,0.09913036972284317,0.22617806494235992,0.20829027891159058,0.10226750373840332,0.09417945146560669
879.0,0.0005,0.0,128.0,3.0,0.25453874468803406,0.21966679394245148,0.12487141042947769,0.10776396095752716,0.30190345644950867,0.22141608595848083,0.14810754358768463,0.10862210392951965
880.0,0.0005,0.0,128.0,3.0,0.5167406797409058,0.4362562894821167,0.2062254101037979,0.1741049885749817,0.3990114629268646,0.29505211114883423,0.1592409759759903,0.11775197088718414
881.0,0.0005,0.0,128.0,3.0,0.24286268651485443,0.1992168128490448,0.11170141398906708,0.0916270911693573,0.19265684485435486,0.1453239917755127,0.08860990405082703,0.0668398067355156
882.0,0.0005,0.0,128.0,3.0,0.19531384110450745,0.17486493289470673,0.09921658039093018,0.08882881700992584,0.18655656278133392,0.16003534197807312,0.09476801753044128,0.08129561692476273
883.0,0.0005,0.0,128.0,3.0,0.19990843534469604,0.1453019082546234,0.09840013086795807,0.07152138650417328,0.1325523555278778,0.1168232336640358,0.06524574756622314,0.05750345066189766
884.0,0.0005,0.0,128.0,3.0,0.22516755759716034,0.1701299250125885,0.10786963254213333,0.08150309324264526,0.22016742825508118,0.18143746256828308,0.10547426342964172,0.0869201272726059
885.0,0.0005,0.0,128.0,3.0,0.3130297064781189,0.25731101632118225,0.14921163022518158,0.12265226244926453,0.13983184099197388,0.10899558663368225,0.0666535273194313,0.05195482820272446
886.0,0.0005,0.0,128.0,3.0,0.28691938519477844,0.24632123112678528,0.13195984065532684,0.11328795552253723,0.23444688320159912,0.22111481428146362,0.10782668739557266,0.1016950011253357
887.0,0.0005,0.0,128.0,3.0,0.2834464907646179,0.24578465521335602,0.13009849190711975,0.11281216144561768,0.21972212195396423,0.19261884689331055,0.10084978491067886,0.08840970695018768
888.0,0.0005,0.0,128.0,3.0,0.23150432109832764,0.17847107350826263,0.11362072080373764,0.08759236335754395,0.3081079125404358,0.23902320861816406,0.15121719241142273,0.11731091141700745
889.0,0.0005,0.0,128.0,3.0,0.2443709373474121,0.19093550741672516,0.1160132959485054,0.09064522385597229,0.20939181745052338,0.14296890795230865,0.09940719604492188,0.06787343323230743
860.0,0.0005,0.0,128.0,4.0,0.6529132127761841,0.46635597944259644,0.2970452904701233,0.21217040717601776,0.204527348279953,0.1359451562166214,0.09305045008659363,0.06184874475002289
861.0,0.0005,0.0,128.0,4.0,0.30007651448249817,0.2526599168777466,0.14859548211097717,0.12511515617370605,0.395932674407959,0.3071405589580536,0.1960626095533371,0.15209348499774933
862.0,0.0005,0.0,128.0,4.0,0.31474852561950684,0.29457375407218933,0.14576248824596405,0.1364193856716156,0.24821563065052032,0.22513960301876068,0.11495060473680496,0.10426391661167145
863.0,0.0005,0.0,128.0,4.0,0.3583156168460846,0.2810980975627899,0.1763913482427597,0.13837876915931702,0.22408585250377655,0.2012934386730194,0.11031283438205719,0.09909259527921677
864.0,0.0005,0.0,128.0,4.0,0.2570972740650177,0.19928792119026184,0.12230265885591507,0.09480242431163788,0.28767308592796326,0.23633410036563873,0.13684773445129395,0.11242549866437912
865.0,0.0005,0.0,128.0,4.0,0.301906943321228,0.1961357593536377,0.1309417486190796,0.08506713807582855,0.37416696548461914,0.2704147398471832,0.1622820347547531,0.11728308349847794
866.0,0.0005,0.0,128.0,4.0,0.35566458106040955,0.2879701256752014,0.1590673327445984,0.1287916898727417,0.2284429669380188,0.17005077004432678,0.10216878354549408,0.07605346292257309
867.0,0.0005,0.0,128.0,4.0,0.2202402949333191,0.20069068670272827,0.11499182134866714,0.10478458553552628,0.1988564431667328,0.1545601487159729,0.1038268581032753,0.0806988999247551
868.0,0.0005,0.0,128.0,4.0,0.3560839593410492,0.23829543590545654,0.14570403099060059,0.0975068062543869,0.44485267996788025,0.3378290832042694,0.18202689290046692,0.1382344663143158
869.0,0.0005,0.0,128.0,4.0,0.24104848504066467,0.19890522956848145,0.10698205977678299,0.08827807009220123,0.3250289559364319,0.24712958931922913,0.14425423741340637,0.10968097299337387
870.0,0.0005,0.0,128.0,4.0,0.1762509047985077,0.13477610051631927,0.08319003880023956,0.06361402571201324,0.19099542498588562,0.1478346288204193,0.0901494026184082,0.06977762281894684
871.0,0.0005,0.0,128.0,4.0,0.32834500074386597,0.24829447269439697,0.15949131548404694,0.12060732394456863,0.22533243894577026,0.18334448337554932,0.10945366322994232,0.08905830979347229
872.0,0.0005,0.0,128.0,4.0,0.13115327060222626,0.11915074288845062,0.06403189897537231,0.05817199498414993,0.33491361141204834,0.26357582211494446,0.16351209580898285,0.1286834478378296
873.0,0.0005,0.0,128.0,4.0,0.2532113194465637,0.17879675328731537,0.11859048157930374,0.08373873680830002,0.40281572937965393,0.3299565315246582,0.18865709006786346,0.15453378856182098
874.0,0.0005,0.0,128.0,4.0,0.3074769973754883,0.2444974035024643,0.14416486024856567,0.11463600397109985,0.19797325134277344,0.15772591531276703,0.09282248467206955,0.07395197451114655
875.0,0.0005,0.0,128.0,4.0,0.21996475756168365,0.18050341308116913,0.10136763751506805,0.0831824317574501,0.20796751976013184,0.15167543292045593,0.09583892673254013,0.06989748775959015
876.0,0.0005,0.0,128.0,4.0,0.1806471198797226,0.14463073015213013,0.08488555252552032,0.06796155869960785,0.255656898021698,0.21778357028961182,0.12013240158557892,0.1023358479142189
877.0,0.0005,0.0,128.0,4.0,0.24703234434127808,0.190797358751297,0.12846340239048004,0.09921969473361969,0.19823607802391052,0.16137707233428955,0.10308801382780075,0.08392035961151123
878.0,0.0005,0.0,128.0,4.0,0.38447508215904236,0.3544883131980896,0.17384228110313416,0.160283625125885,0.2798718810081482,0.2544560432434082,0.12654542922973633,0.11505354940891266
879.0,0.0005,0.0,128.0,4.0,0.1739795207977295,0.13864004611968994,0.08535070717334747,0.06801390647888184,0.27727657556533813,0.18803611397743225,0.13602609932422638,0.09224658459424973
880.0,0.0005,0.0,128.0,4.0,0.6201106309890747,0.4903281033039093,0.2474791705608368,0.19568440318107605,0.3339630663394928,0.2421715408563614,0.1332809031009674,0.09664794057607651
881.0,0.0005,0.0,128.0,4.0,0.2673473656177521,0.24392364919185638,0.12296281009912491,0.112189382314682,0.21212631464004517,0.1428293138742447,0.09756460040807724,0.06569239497184753
882.0,0.0005,0.0,128.0,4.0,0.27107110619544983,0.24970616400241852,0.1377001702785492,0.12684708833694458,0.17059431970119476,0.13729697465896606,0.08665943890810013,0.06974487006664276
883.0,0.0005,0.0,128.0,4.0,0.27971306443214417,0.23186218738555908,0.13768203556537628,0.11412858963012695,0.13118313252925873,0.12195172905921936,0.06457174569368362,0.06002780795097351
884.0,0.0005,0.0,128.0,4.0,0.222601056098938,0.16854411363601685,0.10664013773202896,0.08074340224266052,0.27784913778305054,0.24044835567474365,0.13310746848583221,0.11519011855125427
885.0,0.0005,0.0,128.0,4.0,0.32951056957244873,0.25478798151016235,0.15706756711006165,0.12144959717988968,0.12619639933109283,0.10591307282447815,0.060153938829898834,0.05048549920320511
886.0,0.0005,0.0,128.0,4.0,0.2546660900115967,0.23110657930374146,0.11712590605020523,0.10629042983055115,0.24470311403274536,0.21889805793762207,0.11254376173019409,0.10067550837993622
887.0,0.0005,0.0,128.0,4.0,0.2830166816711426,0.24769097566604614,0.1299012005329132,0.11368712782859802,0.30494993925094604,0.24713259935379028,0.13996829092502594,0.11343084275722504
888.0,0.0005,0.0,128.0,4.0,0.21736173331737518,0.16356293857097626,0.10667961835861206,0.0802755355834961,0.21886391937732697,0.150704026222229,0.10741686820983887,0.07396449148654938
889.0,0.0005,0.0,128.0,4.0,0.27408912777900696,0.24283035099506378,0.13012176752090454,0.11528190225362778,0.29918235540390015,0.20648011565208435,0.1420346200466156,0.09802491217851639
860.0,0.0005,0.0,256.0,3.0,0.21440842747688293,0.16932901740074158,0.09754590690135956,0.07703687250614166,0.25548437237739563,0.21691492199897766,0.11623355746269226,0.09868624061346054
861.0,0.0005,0.0,256.0,3.0,0.18210329115390778,0.12355898320674896,0.090176060795784,0.061185404658317566,0.3996952176094055,0.2969205379486084,0.19792580604553223,0.14703263342380524
862.0,0.0005,0.0,256.0,3.0,0.43071573972702026,0.38990139961242676,0.19946780800819397,0.18056637048721313,0.28949013352394104,0.223296120762825,0.1340651512145996,0.10341016948223114
863.0,0.0005,0.0,256.0,3.0,0.23332741856575012,0.19555659592151642,0.11486226320266724,0.09626847505569458,0.22136783599853516,0.1932085156440735,0.10897476971149445,0.09511253982782364
864.0,0.0005,0.0,256.0,3.0,0.35166046023368835,0.27854663133621216,0.16728690266609192,0.13250625133514404,0.1927635818719864,0.16884471476078033,0.09169874340295792,0.08032040297985077
865.0,0.0005,0.0,256.0,3.0,0.4330046772956848,0.26197922229766846,0.1878008395433426,0.1136244535446167,0.5450149178504944,0.3490146994590759,0.23638147115707397,0.15137313306331635
866.0,0.0005,0.0,256.0,3.0,0.4048239588737488,0.3428773581981659,0.18105335533618927,0.1533483862876892,0.29891765117645264,0.24484118819236755,0.13368786871433258,0.10950270295143127
867.0,0.0005,0.0,256.0,3.0,0.26044026017189026,0.19330409169197083,0.1359809935092926,0.10092786699533463,0.12899410724639893,0.10934436321258545,0.0673503577709198,0.05709085613489151
868.0,0.0005,0.0,256.0,3.0,0.5827784538269043,0.3184005618095398,0.23846396803855896,0.13028459250926971,0.6544638872146606,0.5053173303604126,0.2677965462207794,0.20676809549331665
869.0,0.0005,0.0,256.0,3.0,0.2272825688123703,0.19825676083564758,0.10087249428033829,0.08799025416374207,0.3014121353626251,0.22582945227622986,0.1337725967168808,0.10022751986980438
870.0,0.0005,0.0,256.0,3.0,0.19922026991844177,0.1490553319454193,0.09403152018785477,0.07035379111766815,0.17201000452041626,0.12913087010383606,0.08118833601474762,0.06094948574900627
871.0,0.0005,0.0,256.0,3.0,0.34903955459594727,0.3099203109741211,0.1695435643196106,0.15054166316986084,0.30735066533088684,0.254188597202301,0.1492934674024582,0.12347035855054855
872.0,0.0005,0.0,256.0,3.0,0.14062362909317017,0.13076403737068176,0.06865552067756653,0.06384184956550598,0.25706830620765686,0.23057033121585846,0.12550632655620575,0.11256945133209229
873.0,0.0005,0.0,256.0,3.0,0.2342028021812439,0.1780400276184082,0.1096879094839096,0.08338430523872375,0.23631128668785095,0.18563507497310638,0.11067542433738708,0.0869414359331131
874.0,0.0005,0.0,256.0,3.0,0.30051156878471375,0.2398211658000946,0.14089904725551605,0.11244349181652069,0.16362901031970978,0.13121572136878967,0.0767197236418724,0.06152230128645897
875.0,0.0005,0.0,256.0,3.0,0.18986764550209045,0.14417296648025513,0.08749780058860779,0.06644004583358765,0.3292432427406311,0.27764272689819336,0.1517271101474762,0.12794771790504456
876.0,0.0005,0.0,256.0,3.0,0.16774672269821167,0.13578811287879944,0.07882370799779892,0.06380645185709,0.26257094740867615,0.2111939787864685,0.12338129431009293,0.09923941642045975
877.0,0.0005,0.0,256.0,3.0,0.2571905255317688,0.18935593962669373,0.13374589383602142,0.09847010672092438,0.21403059363365173,0.15007391571998596,0.11130160838365555,0.07804243266582489
878.0,0.0005,0.0,256.0,3.0,0.19433636963367462,0.1537715494632721,0.08787012845277786,0.06952856481075287,0.21042490005493164,0.17581307888031006,0.09514463692903519,0.07949473708868027
879.0,0.0005,0.0,256.0,3.0,0.22307723760604858,0.18262790143489838,0.10943704098463058,0.08959344029426575,0.20598061382770538,0.1342622935771942,0.10104978084564209,0.06586626917123795
880.0,0.0005,0.0,256.0,3.0,0.33594292402267456,0.29095321893692017,0.13407103717327118,0.11611615121364594,0.3289937674999237,0.28769850730895996,0.13129770755767822,0.11481723189353943
881.0,0.0005,0.0,256.0,3.0,0.2585977017879486,0.20512743294239044,0.11893852800130844,0.09434559941291809,0.47247517108917236,0.3239626884460449,0.21730858087539673,0.14900225400924683
882.0,0.0005,0.0,256.0,3.0,0.2031252086162567,0.15739509463310242,0.10318465530872345,0.07995441555976868,0.219405859708786,0.1707812249660492,0.11145499348640442,0.08675438910722733
883.0,0.0005,0.0,256.0,3.0,0.24746502935886383,0.2089214324951172,0.12180870771408081,0.10283656418323517,0.2572672367095947,0.21740707755088806,0.1266336590051651,0.10701343417167664
884.0,0.0005,0.0,256.0,3.0,0.33407270908355713,0.29669827222824097,0.1600421816110611,0.14213743805885315,0.27757376432418823,0.23394647240638733,0.13297554850578308,0.11207529902458191
885.0,0.0005,0.0,256.0,3.0,0.3167504668235779,0.26752838492393494,0.1509852409362793,0.12752258777618408,0.17245596647262573,0.14002180099487305,0.0822044387459755,0.06674406677484512
886.0,0.0005,0.0,256.0,3.0,0.34304797649383545,0.29398295283317566,0.15777447819709778,0.13520851731300354,0.30424174666404724,0.2543555796146393,0.1399267315864563,0.11698310077190399
887.0,0.0005,0.0,256.0,3.0,0.2800731658935547,0.25926473736763,0.12855015695095062,0.11899933964014053,0.28632235527038574,0.21520191431045532,0.13141848146915436,0.09877505898475647
888.0,0.0005,0.0,256.0,3.0,0.20813782513141632,0.16159042716026306,0.10215259343385696,0.07930745929479599,0.19366873800754547,0.16263927519321442,0.09505123645067215,0.07982219010591507
889.0,0.0005,0.0,256.0,3.0,0.2481803297996521,0.21429511904716492,0.11782177537679672,0.10173501074314117,0.22518211603164673,0.16060055792331696,0.1069035455584526,0.07624393701553345
860.0,0.0005,0.1,64.0,3.0,0.4070233106613159,0.3661426305770874,0.1851767599582672,0.16657793521881104,0.272175133228302,0.23694369196891785,0.12382706999778748,0.10779839009046555
861.0,0.0005,0.1,64.0,3.0,0.1900681108236313,0.15203183889389038,0.09412019699811935,0.075284942984581,0.3838573694229126,0.28671008348464966,0.19008304178714752,0.1419764906167984
862.0,0.0005,0.1,64.0,3.0,0.5137618780136108,0.47062647342681885,0.23792710900306702,0.21795077621936798,0.298788845539093,0.24792826175689697,0.13837143778800964,0.11481750011444092
863.0,0.0005,0.1,64.0,3.0,0.2744848430156708,0.2337058037519455,0.13512320816516876,0.11504854261875153,0.28492704033851624,0.24264903366565704,0.14026367664337158,0.11945109069347382
864.0,0.0005,0.1,64.0,3.0,0.22681576013565063,0.18418943881988525,0.10789757966995239,0.08761998265981674,0.3257012963294983,0.30097517371177673,0.1549379825592041,0.1431756317615509
865.0,0.0005,0.1,64.0,3.0,0.29389068484306335,0.21606358885765076,0.12746496498584747,0.09371013939380646,0.36917778849601746,0.2555945813655853,0.16011813282966614,0.110855333507061
866.0,0.0005,0.1,64.0,3.0,0.46151214838027954,0.39511463046073914,0.2064065784215927,0.17671096324920654,0.385711669921875,0.3133849501609802,0.17250557243824005,0.14015820622444153
867.0,0.0005,0.1,64.0,3.0,0.26502496004104614,0.21440207958221436,0.13837476074695587,0.1119435578584671,0.10671071708202362,0.08212107419967651,0.055715784430503845,0.042877040803432465
868.0,0.0005,0.1,64.0,3.0,0.5633510947227478,0.3844442367553711,0.23051458597183228,0.1573086678981781,0.6416876316070557,0.4700259268283844,0.26256874203681946,0.19232740998268127
869.0,0.0005,0.1,64.0,3.0,0.2009948194026947,0.12681567668914795,0.08920544385910034,0.056283287703990936,0.4423743486404419,0.35584282875061035,0.19633442163467407,0.15793004631996155
870.0,0.0005,0.1,64.0,3.0,0.24164116382598877,0.1859240084886551,0.11405406892299652,0.08775569498538971,0.2008921205997467,0.17175328731536865,0.09482062608003616,0.08106717467308044
871.0,0.0005,0.1,64.0,3.0,0.3690800368785858,0.31814390420913696,0.17927804589271545,0.1545361876487732,0.3012242019176483,0.24961812794208527,0.14631757140159607,0.12125030159950256
872.0,0.0005,0.1,64.0,3.0,0.21148182451725006,0.17697840929031372,0.10325002670288086,0.0864047110080719,0.27280208468437195,0.2250370979309082,0.1331879198551178,0.10986800491809845
873.0,0.0005,0.1,64.0,3.0,0.2151702493429184,0.15836746990680695,0.10077407211065292,0.07417073845863342,0.23383888602256775,0.16714201867580414,0.10951751470565796,0.07828029990196228
874.0,0.0005,0.1,64.0,3.0,0.2875688076019287,0.2390705645084381,0.13483060896396637,0.1120915487408638,0.2214757800102234,0.16610664129257202,0.10384199023246765,0.07788141071796417
875.0,0.0005,0.1,64.0,3.0,0.23289351165294647,0.14034534990787506,0.10732565820217133,0.06467615067958832,0.33133214712142944,0.24027511477470398,0.15268975496292114,0.11072739213705063
876.0,0.0005,0.1,64.0,3.0,0.3128371834754944,0.25827986001968384,0.1470012664794922,0.12136493623256683,0.39816582202911377,0.3342365622520447,0.18709692358970642,0.1570567786693573
877.0,0.0005,0.1,64.0,3.0,0.2753540575504303,0.21140119433403015,0.1431914120912552,0.1099342405796051,0.23695653676986694,0.1912911981344223,0.1232236698269844,0.09947650134563446
878.0,0.0005,0.1,64.0,3.0,0.3137865364551544,0.2690967321395874,0.1418800950050354,0.12167339026927948,0.2369869202375412,0.20632587373256683,0.10715479403734207,0.0932912528514862
879.0,0.0005,0.1,64.0,3.0,0.26865825057029724,0.24720287322998047,0.1317981332540512,0.12127257138490677,0.3311024606227875,0.23633606731891632,0.16243194043636322,0.11594154685735703
880.0,0.0005,0.1,64.0,3.0,0.4175513982772827,0.3767463266849518,0.166640043258667,0.15035520493984222,0.3405762016773224,0.28592151403427124,0.13592012226581573,0.11410805583000183
881.0,0.0005,0.1,64.0,3.0,0.3227250576019287,0.25581640005111694,0.14843302965164185,0.1176593154668808,0.37470048666000366,0.24772894382476807,0.17233842611312866,0.11393957585096359
882.0,0.0005,0.1,64.0,3.0,0.22877304255962372,0.2025960087776184,0.1162133514881134,0.10291580855846405,0.13835304975509644,0.12613771855831146,0.07028134912252426,0.06407613307237625
883.0,0.0005,0.1,64.0,3.0,0.2553092837333679,0.1997361034154892,0.12566988170146942,0.09831531345844269,0.30420932173728943,0.2719515860080719,0.14973975718021393,0.13386166095733643
884.0,0.0005,0.1,64.0,3.0,0.19542230665683746,0.15388348698616028,0.09361977130174637,0.07372002303600311,0.19702596962451935,0.1589416265487671,0.09438804537057877,0.07614322006702423
885.0,0.0005,0.1,64.0,3.0,0.24339509010314941,0.21026983857154846,0.11601895093917847,0.1002291738986969,0.31799328327178955,0.24251097440719604,0.15157757699489594,0.11559749394655228
886.0,0.0005,0.1,64.0,3.0,0.24926091730594635,0.21028274297714233,0.11463996767997742,0.09671315550804138,0.22922298312187195,0.17166808247566223,0.10542411357164383,0.07895348966121674
887.0,0.0005,0.1,64.0,3.0,0.28194212913513184,0.2626948654651642,0.12940797209739685,0.1205737292766571,0.25052499771118164,0.20651498436927795,0.11498792469501495,0.09478788077831268
888.0,0.0005,0.1,64.0,3.0,0.20836545526981354,0.18972060084342957,0.10226434469223022,0.09311357885599136,0.23634538054466248,0.17762579023838043,0.11599663645029068,0.08717748522758484
889.0,0.0005,0.1,64.0,3.0,0.2657229006290436,0.24727892875671387,0.1261499524116516,0.11739381402730942,0.28962206840515137,0.25503599643707275,0.13749592006206512,0.12107643485069275
860.0,0.0005,0.1,128.0,2.0,0.3965219259262085,0.33063453435897827,0.180399090051651,0.15042339265346527,0.22214673459529877,0.15658564865589142,0.1010664626955986,0.07123921811580658
861.0,0.0005,0.1,128.0,2.0,0.22212724387645721,0.184838205575943,0.10999561101198196,0.09153038263320923,0.37674635648727417,0.2891722321510315,0.1865617334842682,0.1431957483291626
862.0,0.0005,0.1,128.0,2.0,0.3739587962627411,0.30177924036979675,0.17318324744701385,0.13975632190704346,0.303303986787796,0.2323026955127716,0.1404624730348587,0.10758121311664581
863.0,0.0005,0.1,128.0,2.0,0.2608969211578369,0.21932505071163177,0.12843413650989532,0.10796917974948883,0.29301443696022034,0.20617994666099548,0.14424490928649902,0.10149811208248138
864.0,0.0005,0.1,128.0,2.0,0.26116007566452026,0.1921580731868744,0.1242353767156601,0.09141071885824203,0.3215600550174713,0.2769351005554199,0.15296797454357147,0.13173964619636536
865.0,0.0005,0.1,128.0,2.0,0.22377297282218933,0.19001683592796326,0.09705381840467453,0.08241324126720428,0.2639674246311188,0.19564944505691528,0.11448676139116287,0.08485621958971024
866.0,0.0005,0.1,128.0,2.0,0.3203640580177307,0.26773810386657715,0.1432795524597168,0.11974313855171204,0.3401201665401459,0.26876401901245117,0.15211525559425354,0.1202019602060318
867.0,0.0005,0.1,128.0,2.0,0.24788855016231537,0.2105015218257904,0.12942752242088318,0.10990701615810394,0.1493736356496811,0.13215190172195435,0.07799094170331955,0.06899912655353546
868.0,0.0005,0.1,128.0,2.0,0.3436133861541748,0.2240476906299591,0.1406012624502182,0.09167686104774475,0.409468412399292,0.28906095027923584,0.16754817962646484,0.11827931553125381
869.0,0.0005,0.1,128.0,2.0,0.23903888463974,0.19317469000816345,0.10609016567468643,0.08573473244905472,0.41501253843307495,0.3336333930492401,0.18419067561626434,0.1480730175971985
870.0,0.0005,0.1,128.0,2.0,0.21914775669574738,0.20743417739868164,0.10343723744153976,0.09790845215320587,0.11303483694791794,0.09979453682899475,0.05335218086838722,0.04710279405117035
871.0,0.0005,0.1,128.0,2.0,0.2551896274089813,0.2192973494529724,0.1239565908908844,0.10652216523885727,0.1844160109758377,0.11825703829526901,0.08957879990339279,0.05744254216551781
872.0,0.0005,0.1,128.0,2.0,0.22477243840694427,0.16069194674491882,0.1097388043999672,0.07845330983400345,0.3355248272418976,0.296264111995697,0.16381049156188965,0.14464256167411804
873.0,0.0005,0.1,128.0,2.0,0.2649631202220917,0.20535796880722046,0.1240943893790245,0.0961785539984703,0.19824737310409546,0.1707940399646759,0.09284838289022446,0.07999071478843689
874.0,0.0005,0.1,128.0,2.0,0.1930970996618271,0.1530485451221466,0.09053626656532288,0.071758933365345,0.188789963722229,0.14728005230426788,0.08851677924394608,0.06905427575111389
875.0,0.0005,0.1,128.0,2.0,0.20262736082077026,0.14840735495090485,0.09337794780731201,0.06839143484830856,0.12378451228141785,0.10235008597373962,0.05704434588551521,0.04716659337282181
876.0,0.0005,0.1,128.0,2.0,0.4255618155002594,0.3275352716445923,0.19997023046016693,0.1539078652858734,0.4335337281227112,0.3450963795185089,0.2037162035703659,0.1621597409248352
877.0,0.0005,0.1,128.0,2.0,0.2548917233943939,0.20348525047302246,0.1325504630804062,0.10581772029399872,0.2565060555934906,0.18477395176887512,0.13338996469974518,0.09608735144138336
878.0,0.0005,0.1,128.0,2.0,0.3058278560638428,0.2214314043521881,0.13828150928020477,0.10012128204107285,0.1629570722579956,0.13855385780334473,0.07368183135986328,0.06264780461788177
879.0,0.0005,0.1,128.0,2.0,0.2098795771598816,0.15565671026706696,0.10296253114938736,0.07636193931102753,0.40530234575271606,0.31267523765563965,0.19883286952972412,0.15339195728302002
880.0,0.0005,0.1,128.0,2.0,0.3998968005180359,0.3571411073207855,0.1595943123102188,0.14253099262714386,0.3534923493862152,0.3015329837799072,0.14107482135295868,0.12033842504024506
881.0,0.0005,0.1,128.0,2.0,0.2548273503780365,0.19311721622943878,0.11720442026853561,0.08882167935371399,0.2559850811958313,0.22603043913841248,0.11773686856031418,0.10395964980125427
882.0,0.0005,0.1,128.0,2.0,0.2673397362232208,0.23924729228019714,0.1358046978712082,0.12153415381908417,0.1834188848733902,0.1719382107257843,0.09317413717508316,0.08734211325645447
883.0,0.0005,0.1,128.0,2.0,0.20913338661193848,0.1697608381509781,0.10294089466333389,0.08356070518493652,0.260232150554657,0.23576128482818604,0.12809303402900696,0.11604782938957214
884.0,0.0005,0.1,128.0,2.0,0.25004249811172485,0.20970511436462402,0.1197863444685936,0.1004621610045433,0.2145790308713913,0.1810108870267868,0.10279706865549088,0.08671578764915466
885.0,0.0005,0.1,128.0,2.0,0.31390538811683655,0.2232164889574051,0.14962905645370483,0.10640043765306473,0.1741224080324173,0.15488924086093903,0.08299879729747772,0.07383093982934952
886.0,0.0005,0.1,128.0,2.0,0.26914650201797485,0.22848913073539734,0.12378574162721634,0.10508662462234497,0.2797374129295349,0.2562658190727234,0.12865668535232544,0.11786165833473206
887.0,0.0005,0.1,128.0,2.0,0.32389912009239197,0.26910918951034546,0.14866575598716736,0.12351784855127335,0.26550593972206116,0.20330753922462463,0.12186397612094879,0.09331567585468292
888.0,0.0005,0.1,128.0,2.0,0.2807469367980957,0.22225432097911835,0.13778865337371826,0.10908086597919464,0.21843640506267548,0.17431659996509552,0.1072070375084877,0.0855533629655838
889.0,0.0005,0.1,128.0,2.0,0.27432140707969666,0.2292548418045044,0.1302320659160614,0.10883703827857971,0.24297647178173065,0.21851542592048645,0.11535127460956573,0.10373859852552414
860.0,0.0005,0.1,128.0,3.0,0.3696839213371277,0.30988115072250366,0.16818903386592865,0.1409815549850464,0.25022411346435547,0.16212941706180573,0.11384037882089615,0.07376136630773544
861.0,0.0005,0.1,128.0,3.0,0.21678760647773743,0.18230484426021576,0.10735145956277847,0.09027588367462158,0.31733599305152893,0.23889391124248505,0.15714220702648163,0.11829830706119537
862.0,0.0005,0.1,128.0,3.0,0.3447139263153076,0.2848091125488281,0.15963973104953766,0.13189733028411865,0.22836637496948242,0.19556447863578796,0.10575829446315765,0.09056746959686279
863.0,0.0005,0.1,128.0,3.0,0.3563331663608551,0.28699547052383423,0.17541542649269104,0.14128193259239197,0.3422650098800659,0.25542977452278137,0.1684899479150772,0.12574279308319092
864.0,0.0005,0.1,128.0,3.0,0.25013527274131775,0.19130408763885498,0.11899078637361526,0.09100446850061417,0.24000711739063263,0.20572584867477417,0.11417276412248611,0.09786497801542282
865.0,0.0005,0.1,128.0,3.0,0.49353423714637756,0.28833165764808655,0.21405349671840668,0.12505394220352173,0.5531174540519714,0.3914739191532135,0.23989562690258026,0.16978833079338074
866.0,0.0005,0.1,128.0,3.0,0.3261251449584961,0.2688385844230652,0.1458561271429062,0.12023530900478363,0.3027455806732178,0.22857792675495148,0.13539983332157135,0.10222912579774857
867.0,0.0005,0.1,128.0,3.0,0.24783673882484436,0.2188352793455124,0.12940044701099396,0.11425822228193283,0.15427012741565704,0.12482820451259613,0.08054748177528381,0.06517527252435684
868.0,0.0005,0.1,128.0,3.0,0.45880892872810364,0.26333874464035034,0.18773752450942993,0.10775415599346161,0.4776843786239624,0.3278639018535614,0.19546112418174744,0.13415688276290894
869.0,0.0005,0.1,128.0,3.0,0.3717796504497528,0.3080252408981323,0.16500313580036163,0.13670766353607178,0.3926082253456116,0.30772286653518677,0.17424724996089935,0.13657347857952118
870.0,0.0005,0.1,128.0,3.0,0.2053244262933731,0.17059874534606934,0.09691265970468521,0.08052221685647964,0.1492260992527008,0.1208755373954773,0.07043438404798508,0.05705298110842705
871.0,0.0005,0.1,128.0,3.0,0.359474778175354,0.31613433361053467,0.1746123731136322,0.15356005728244781,0.2453061044216156,0.17883171141147614,0.11915574222803116,0.08686626702547073
872.0,0.0005,0.1,128.0,3.0,0.1362474411725998,0.11036045104265213,0.06651896983385086,0.05388037487864494,0.2659240663051605,0.2303447425365448,0.12982989847660065,0.11245930194854736
873.0,0.0005,0.1,128.0,3.0,0.20417273044586182,0.17844346165657043,0.09562346339225769,0.08357326686382294,0.1717567890882492,0.15435442328453064,0.08044163882732391,0.072291299700737
874.0,0.0005,0.1,128.0,3.0,0.30066564679145813,0.25276780128479004,0.14097125828266144,0.11851368844509125,0.23534640669822693,0.17707760632038116,0.11034543067216873,0.08302530646324158
875.0,0.0005,0.1,128.0,3.0,0.23215800523757935,0.16183805465698242,0.10698670893907547,0.07458076626062393,0.25378912687301636,0.19484873116016388,0.11695508658885956,0.08979323506355286
876.0,0.0005,0.1,128.0,3.0,0.16708005964756012,0.1399904191493988,0.07851044088602066,0.06578110158443451,0.2794247567653656,0.25111228227615356,0.13130085170269012,0.11799689382314682
877.0,0.0005,0.1,128.0,3.0,0.28956565260887146,0.2286883443593979,0.15058185160160065,0.11892400681972504,0.18948110938072205,0.11922765523195267,0.09853518754243851,0.0620015412569046
878.0,0.0005,0.1,128.0,3.0,0.3189667761325836,0.23056818544864655,0.14422237873077393,0.10425253957509995,0.17257103323936462,0.14489124715328217,0.07802882045507431,0.06551326811313629
879.0,0.0005,0.1,128.0,3.0,0.267326682806015,0.2225293517112732,0.13114488124847412,0.10916826128959656,0.3177776634693146,0.25574183464050293,0.15589506924152374,0.12546157836914062
880.0,0.0005,0.1,128.0,3.0,0.36171475052833557,0.300263375043869,0.14435628056526184,0.11983171850442886,0.3328978419303894,0.22373686730861664,0.13285577297210693,0.08929086476564407
881.0,0.0005,0.1,128.0,3.0,0.27138659358024597,0.21072107553482056,0.12482059746980667,0.09691831469535828,0.3918573260307312,0.24091175198554993,0.18022947013378143,0.11080410331487656
882.0,0.0005,0.1,128.0,3.0,0.2588864862918854,0.21077342331409454,0.13151058554649353,0.10706983506679535,0.19887425005435944,0.18834993243217468,0.10102523118257523,0.09567903727293015
883.0,0.0005,0.1,128.0,3.0,0.24972623586654663,0.1820378303527832,0.12292175740003586,0.08960376679897308,0.12104015052318573,0.10609234869480133,0.059579119086265564,0.05222141370177269
884.0,0.0005,0.1,128.0,3.0,0.18160700798034668,0.13816702365875244,0.08700136840343475,0.06619082391262054,0.23720534145832062,0.19067415595054626,0.11363650113344193,0.09134510159492493
885.0,0.0005,0.1,128.0,3.0,0.21372848749160767,0.17599858343601227,0.10187781602144241,0.08389312773942947,0.23654846847057343,0.19464518129825592,0.11275535821914673,0.09278135746717453
886.0,0.0005,0.1,128.0,3.0,0.27534234523773193,0.2405634969472885,0.1266353279352188,0.11063985526561737,0.23052272200584412,0.17943483591079712,0.10602189600467682,0.0825255960226059
887.0,0.0005,0.1,128.0,3.0,0.2703360617160797,0.21372584998607635,0.12408093363046646,0.0980975478887558,0.37606170773506165,0.29546085000038147,0.17260770499706268,0.13561291992664337
888.0,0.0005,0.1,128.0,3.0,0.21598511934280396,0.16193896532058716,0.10600399225950241,0.07947850972414017,0.1938536912202835,0.16106334328651428,0.09514203667640686,0.079048752784729
889.0,0.0005,0.1,128.0,3.0,0.23388010263442993,0.18520992994308472,0.11103284358978271,0.08792704343795776,0.1834544837474823,0.13687561452388763,0.08709365874528885,0.06498070061206818
860.0,0.0005,0.1,128.0,4.0,0.3571106493473053,0.2958775758743286,0.1624688059091568,0.1346105933189392,0.2429342120885849,0.1872217059135437,0.11052379012107849,0.08517719060182571
861.0,0.0005,0.1,128.0,4.0,0.20258870720863342,0.1790734976530075,0.10032029449939728,0.08867574483156204,0.28163382411003113,0.2278372198343277,0.13946281373500824,0.11282314360141754
862.0,0.0005,0.1,128.0,4.0,0.26298561692237854,0.2179804891347885,0.12179069221019745,0.10094846040010452,0.34681326150894165,0.28178220987319946,0.16061194241046906,0.13049554824829102
863.0,0.0005,0.1,128.0,4.0,0.24958916008472443,0.23503980040550232,0.12286757677793503,0.1157052218914032,0.23364657163619995,0.18928706645965576,0.11501937359571457,0.09318210929632187
864.0,0.0005,0.1,128.0,4.0,0.28255799412727356,0.2428266704082489,0.13441447913646698,0.11551406979560852,0.3983359932899475,0.35813042521476746,0.18949075043201447,0.17036473751068115
865.0,0.0005,0.1,128.0,4.0,0.2759663164615631,0.18001151084899902,0.1196908950805664,0.07807379961013794,0.38797980546951294,0.27812284231185913,0.16827286779880524,0.12062621116638184
866.0,0.0005,0.1,128.0,4.0,0.4003639817237854,0.32117760181427,0.17905870079994202,0.14364337921142578,0.3226316273212433,0.2156810164451599,0.14429369568824768,0.09646112471818924
867.0,0.0005,0.1,128.0,4.0,0.24380521476268768,0.18959751725196838,0.12729552388191223,0.09899261593818665,0.10112394392490387,0.07747115939855576,0.052798815071582794,0.04044921696186066
868.0,0.0005,0.1,128.0,4.0,0.28098756074905396,0.2580546438694,0.11497575789690018,0.10559196770191193,0.3541402518749237,0.2949979305267334,0.14490877091884613,0.1207086518406868
869.0,0.0005,0.1,128.0,4.0,0.31392306089401245,0.20668219029903412,0.13932523131370544,0.09172959625720978,0.49484094977378845,0.36684805154800415,0.21962010860443115,0.16281434893608093
870.0,0.0005,0.1,128.0,4.0,0.29899901151657104,0.21329914033412933,0.1411268562078476,0.10067670047283173,0.18466581404209137,0.15539751946926117,0.0871618315577507,0.07334727048873901
871.0,0.0005,0.1,128.0,4.0,0.3448919951915741,0.3064315915107727,0.1675289124250412,0.1488470435142517,0.2629404067993164,0.2135402262210846,0.12772148847579956,0.10372570157051086
872.0,0.0005,0.1,128.0,4.0,0.18510295450687408,0.16208676993846893,0.09037130326032639,0.07913430035114288,0.2118862271308899,0.19240200519561768,0.10344745963811874,0.09393484145402908
873.0,0.0005,0.1,128.0,4.0,0.2936657965183258,0.2594412863254547,0.1375371664762497,0.12150824815034866,0.1750745326280594,0.15909430384635925,0.08199544996023178,0.07451117038726807
874.0,0.0005,0.1,128.0,4.0,0.314781129360199,0.26780250668525696,0.14758950471878052,0.12556293606758118,0.2841125428676605,0.23273518681526184,0.13321009278297424,0.10912112146615982
875.0,0.0005,0.1,128.0,4.0,0.23988966643810272,0.18332993984222412,0.11054974794387817,0.0844850093126297,0.20211277902126312,0.15802258253097534,0.09314084053039551,0.07282247394323349
876.0,0.0005,0.1,128.0,4.0,0.25051939487457275,0.2129133939743042,0.11771832406520844,0.10004737973213196,0.2739388346672058,0.2329336404800415,0.12872305512428284,0.10945483297109604
877.0,0.0005,0.1,128.0,4.0,0.3241557776927948,0.26251718401908875,0.16856959462165833,0.13651590049266815,0.20090366899967194,0.1384149193763733,0.10447525978088379,0.07197944819927216
878.0,0.0005,0.1,128.0,4.0,0.29459938406944275,0.2109915018081665,0.13320453464984894,0.09540083259344101,0.1853576898574829,0.1514568328857422,0.08381039649248123,0.06848195940256119
879.0,0.0005,0.1,128.0,4.0,0.18493610620498657,0.17384371161460876,0.09072580933570862,0.08528409898281097,0.3024522066116333,0.22657065093517303,0.1483767330646515,0.1111508160829544
880.0,0.0005,0.1,128.0,4.0,0.42702820897102356,0.3184371590614319,0.17042212188243866,0.1270846724510193,0.4218164086341858,0.34187057614326477,0.16834215819835663,0.13643670082092285
881.0,0.0005,0.1,128.0,4.0,0.2531837821006775,0.22162282466888428,0.11644846200942993,0.10193242132663727,0.32275518774986267,0.26423922181129456,0.14844690263271332,0.12153324484825134
882.0,0.0005,0.1,128.0,4.0,0.24212098121643066,0.20909588038921356,0.12299394607543945,0.10621767491102219,0.08751384168863297,0.06642484664916992,0.04445575922727585,0.033742859959602356
883.0,0.0005,0.1,128.0,4.0,0.2803013324737549,0.24442458152770996,0.13797159492969513,0.12031213939189911,0.3123554289340973,0.26790672540664673,0.153749480843544,0.13187067210674286
884.0,0.0005,0.1,128.0,4.0,0.25568827986717224,0.18757504224777222,0.12249099463224411,0.08986040949821472,0.20007313787937164,0.17741133272647858,0.09584780782461166,0.08499136567115784
885.0,0.0005,0.1,128.0,4.0,0.3720735013484955,0.25849777460098267,0.1773560345172882,0.12321796268224716,0.1342332661151886,0.09736727178096771,0.06398484855890274,0.04641197621822357
886.0,0.0005,0.1,128.0,4.0,0.3154495656490326,0.27346450090408325,0.14508141577243805,0.1257716715335846,0.2826845943927765,0.26253166794776917,0.1300121694803238,0.12074345350265503
887.0,0.0005,0.1,128.0,4.0,0.23353110253810883,0.19460374116897583,0.10718793421983719,0.08932074904441833,0.21874132752418518,0.19296839833259583,0.10039961338043213,0.08857015520334244
888.0,0.0005,0.1,128.0,4.0,0.24421249330043793,0.19286902248859406,0.1198577880859375,0.09465877711772919,0.20277869701385498,0.17308710515499115,0.09952235966920853,0.08494994789361954
889.0,0.0005,0.1,128.0,4.0,0.26110073924064636,0.23065632581710815,0.123955637216568,0.10950237512588501,0.31263378262519836,0.26405519247055054,0.1484205573797226,0.1253582388162613
860.0,0.0005,0.1,256.0,3.0,0.25146517157554626,0.2167673408985138,0.11440500617027283,0.09861908853054047,0.14151187241077423,0.1110423356294632,0.06438135355710983,0.050519123673439026
861.0,0.0005,0.1,256.0,3.0,0.23464041948318481,0.19336575269699097,0.11619201302528381,0.09575314819812775,0.28568339347839355,0.2043890506029129,0.1414681077003479,0.1012117937207222
862.0,0.0005,0.1,256.0,3.0,0.40257352590560913,0.3305324912071228,0.18643493950366974,0.15307217836380005,0.26948311924934387,0.19968685507774353,0.12479974329471588,0.09247656166553497
863.0,0.0005,0.1,256.0,3.0,0.2986704111099243,0.2111935168504715,0.14702923595905304,0.10396620631217957,0.43871253728866577,0.2885405123233795,0.21596907079219818,0.14204251766204834
864.0,0.0005,0.1,256.0,3.0,0.29542040824890137,0.20910805463790894,0.1405332088470459,0.09947392344474792,0.2701475918292999,0.22564640641212463,0.1285107582807541,0.10734128952026367
865.0,0.0005,0.1,256.0,3.0,0.5545311570167542,0.3166583180427551,0.2405088245868683,0.13733965158462524,0.7009941935539246,0.5112815499305725,0.3040320873260498,0.22175076603889465
866.0,0.0005,0.1,256.0,3.0,0.5756165981292725,0.4567927122116089,0.25743865966796875,0.20429585874080658,0.4742377996444702,0.3557462692260742,0.21209797263145447,0.1591038703918457
867.0,0.0005,0.1,256.0,3.0,0.33819884061813354,0.2725241780281067,0.1765802949666977,0.14229023456573486,0.15830455720424652,0.12615452706813812,0.08265393227338791,0.06586775928735733
868.0,0.0005,0.1,256.0,3.0,0.5767529606819153,0.2919858992099762,0.23599839210510254,0.11947612464427948,0.6535665988922119,0.5008862614631653,0.267429381608963,0.20495498180389404
869.0,0.0005,0.1,256.0,3.0,0.31006503105163574,0.23910266160964966,0.1376129537820816,0.10611844062805176,0.37451645731925964,0.2789634168148041,0.16621775925159454,0.12380944192409515
870.0,0.0005,0.1,256.0,3.0,0.23525093495845795,0.17384737730026245,0.11103790253400803,0.08205556869506836,0.23984110355377197,0.15840816497802734,0.1132044792175293,0.0747683197259903
871.0,0.0005,0.1,256.0,3.0,0.32905906438827515,0.2668934762477875,0.15983816981315613,0.12964165210723877,0.2125893086194992,0.17296089231967926,0.10326378792524338,0.08401456475257874
872.0,0.0005,0.1,256.0,3.0,0.27164143323898315,0.2486637979745865,0.13262127339839935,0.12140309065580368,0.33253213763237,0.29509830474853516,0.1623494029045105,0.14407338201999664
873.0,0.0005,0.1,256.0,3.0,0.2611776888370514,0.1957748979330063,0.1223214790225029,0.09169037640094757,0.23527878522872925,0.18217697739601135,0.11019188165664673,0.08532185852527618
874.0,0.0005,0.1,256.0,3.0,0.24608172476291656,0.17202717065811157,0.11537881195545197,0.08065731078386307,0.290632963180542,0.1879808008670807,0.13626728951931,0.08813739567995071
875.0,0.0005,0.1,256.0,3.0,0.22471444308757782,0.17886798083782196,0.10355646163225174,0.08242874592542648,0.23188696801662445,0.20726364850997925,0.10686185210943222,0.09551453590393066
876.0,0.0005,0.1,256.0,3.0,0.11548804491758347,0.08748960494995117,0.05426748842000961,0.04111110791563988,0.2566784620285034,0.23028220236301422,0.12061242014169693,0.10820890963077545
877.0,0.0005,0.1,256.0,3.0,0.23397782444953918,0.18311366438865662,0.12167468667030334,0.09522396326065063,0.14787697792053223,0.09711465984582901,0.0768999382853508,0.050502192229032516
878.0,0.0005,0.1,256.0,3.0,0.2787040174007416,0.19202184677124023,0.12601736187934875,0.08682360500097275,0.19707757234573364,0.13263536989688873,0.08910955488681793,0.05997172370553017
879.0,0.0005,0.1,256.0,3.0,0.2373146116733551,0.19345051050186157,0.11642158031463623,0.09490276873111725,0.3730058968067169,0.3069157600402832,0.18298891186714172,0.1505664885044098
880.0,0.0005,0.1,256.0,3.0,0.3408535122871399,0.2847001552581787,0.13603077828884125,0.11362061649560928,0.3629000186920166,0.28706586360931396,0.14482931792736053,0.11456476151943207
881.0,0.0005,0.1,256.0,3.0,0.24532105028629303,0.20626479387283325,0.11283209919929504,0.09486870467662811,0.34808552265167236,0.24265119433403015,0.16009724140167236,0.11160414665937424
882.0,0.0005,0.1,256.0,3.0,0.3178615868091583,0.2636389434337616,0.16146908700466156,0.13392475247383118,0.13400427997112274,0.11568564921617508,0.06807225197553635,0.058766648173332214
883.0,0.0005,0.1,256.0,3.0,0.270472913980484,0.1886860579252243,0.13313379883766174,0.09287617355585098,0.1338004469871521,0.0908115953207016,0.06586003303527832,0.04469982534646988
884.0,0.0005,0.1,256.0,3.0,0.22831422090530396,0.19739077985286713,0.10937710106372833,0.09456279873847961,0.17228737473487854,0.14478737115859985,0.08253666758537292,0.06936240196228027
885.0,0.0005,0.1,256.0,3.0,0.12169748544692993,0.09497388452291489,0.05800946429371834,0.04527115076780319,0.27111542224884033,0.2092573642730713,0.12923236191272736,0.09974654018878937
886.0,0.0005,0.1,256.0,3.0,0.2601931393146515,0.21386504173278809,0.1196679025888443,0.09836070239543915,0.23381789028644562,0.20112544298171997,0.10753742605447769,0.09250153601169586
887.0,0.0005,0.1,256.0,3.0,0.257413387298584,0.23470672965049744,0.11814961582422256,0.1077275276184082,0.2906797230243683,0.23511236906051636,0.13341845571994781,0.10791371762752533
888.0,0.0005,0.1,256.0,3.0,0.2848145365715027,0.24274618923664093,0.13978497684001923,0.11913812905550003,0.28552767634391785,0.20321278274059296,0.1401349902153015,0.09973541647195816
889.0,0.0005,0.1,256.0,3.0,0.2475053071975708,0.19020810723304749,0.11750128865242004,0.09029986709356308,0.28212159872055054,0.23412075638771057,0.1339351236820221,0.11114709079265594
860.0,0.0005,0.2,64.0,2.0,0.38371649384498596,0.31473639607429504,0.17457324266433716,0.14319051802158356,0.2528281509876251,0.19655176997184753,0.11502508819103241,0.08942194283008575
861.0,0.0005,0.2,64.0,2.0,0.22057539224624634,0.19025734066963196,0.10922715812921524,0.09421389549970627,0.4123718738555908,0.31514596939086914,0.20420318841934204,0.1560577005147934
862.0,0.0005,0.2,64.0,2.0,0.4252314865589142,0.36615175008773804,0.1969280242919922,0.1695677489042282,0.2698507606983185,0.23676253855228424,0.12497000396251678,0.10964660346508026
863.0,0.0005,0.2,64.0,2.0,0.3138372600078583,0.2326127290725708,0.15449558198451996,0.11451040953397751,0.3189716637134552,0.275718629360199,0.15702314674854279,0.1357305645942688
864.0,0.0005,0.2,64.0,2.0,0.2875361442565918,0.21492768824100494,0.13678260147571564,0.10224233567714691,0.3335800766944885,0.2739483118057251,0.15868598222732544,0.1303187906742096
865.0,0.0005,0.2,64.0,2.0,0.4531598389148712,0.31198930740356445,0.19654247164726257,0.13531461358070374,0.5622373819351196,0.3889492154121399,0.24385108053684235,0.16869330406188965
866.0,0.0005,0.2,64.0,2.0,0.4305313229560852,0.38185304403305054,0.19255071878433228,0.17077983915805817,0.3895929455757141,0.27705588936805725,0.17424143850803375,0.12391040474176407
867.0,0.0005,0.2,64.0,2.0,0.1937549114227295,0.15194663405418396,0.10116325318813324,0.0793343260884285,0.12076710164546967,0.10315065085887909,0.0630548819899559,0.0538569912314415
868.0,0.0005,0.2,64.0,2.0,0.5300382971763611,0.3194163143634796,0.21688351035118103,0.1307002454996109,0.592011570930481,0.4322129786014557,0.24224203824996948,0.1768549084663391
869.0,0.0005,0.2,64.0,2.0,0.28801578283309937,0.18542632460594177,0.12782706320285797,0.08229583501815796,0.46330809593200684,0.3821994662284851,0.20562522113323212,0.1696276068687439
870.0,0.0005,0.2,64.0,2.0,0.23684020340442657,0.18504898250102997,0.11178804934024811,0.08734270930290222,0.2133249044418335,0.1733044683933258,0.1006888747215271,0.08179930597543716
871.0,0.0005,0.2,64.0,2.0,0.3321332335472107,0.29047447443008423,0.1613314002752304,0.14109593629837036,0.261258065700531,0.20777557790279388,0.12690430879592896,0.10092557221651077
872.0,0.0005,0.2,64.0,2.0,0.21177233755588531,0.18181149661540985,0.1033918708562851,0.08876432478427887,0.2997037470340729,0.2636631727218628,0.1463218629360199,0.12872609496116638
873.0,0.0005,0.2,64.0,2.0,0.33660081028938293,0.2550663650035858,0.15764562785625458,0.11945928633213043,0.3309616446495056,0.2677372992038727,0.1550045609474182,0.12539367377758026
874.0,0.0005,0.2,64.0,2.0,0.327880859375,0.29114022850990295,0.15373148024082184,0.136505126953125,0.24890810251235962,0.1855108141899109,0.11670401692390442,0.08697932958602905
875.0,0.0005,0.2,64.0,2.0,0.21518748998641968,0.14096415042877197,0.09916611015796661,0.06496134400367737,0.383462518453598,0.252119243144989,0.17671328783035278,0.11618557572364807
876.0,0.0005,0.2,64.0,2.0,0.35261648893356323,0.2844862937927246,0.16569343209266663,0.13367927074432373,0.4206368029117584,0.2933039665222168,0.19765594601631165,0.13782265782356262
877.0,0.0005,0.2,64.0,2.0,0.2554944157600403,0.1898900270462036,0.1328638792037964,0.0987478494644165,0.23117557168006897,0.1914644092321396,0.12021741271018982,0.09956655651330948
878.0,0.0005,0.2,64.0,2.0,0.36167874932289124,0.26500073075294495,0.16353477537631989,0.11982136964797974,0.2949724793434143,0.2567899227142334,0.13337324559688568,0.11610880494117737
879.0,0.0005,0.2,64.0,2.0,0.3021080791950226,0.21892762184143066,0.1482079178094864,0.1074013039469719,0.4215088188648224,0.28064754605293274,0.20678341388702393,0.1376798152923584
880.0,0.0005,0.2,64.0,2.0,0.4108826816082001,0.34354597330093384,0.16397860646247864,0.1371053010225296,0.3349936902523041,0.2465914487838745,0.13369220495224,0.09841185808181763
881.0,0.0005,0.2,64.0,2.0,0.19936789572238922,0.10994944721460342,0.09169658273458481,0.05056978017091751,0.2779500186443329,0.18076395988464355,0.1278393417596817,0.08313993364572525
882.0,0.0005,0.2,64.0,2.0,0.3039325475692749,0.23441413044929504,0.15439331531524658,0.11907896399497986,0.09503583610057831,0.0739622488617897,0.048276834189891815,0.03757176548242569
883.0,0.0005,0.2,64.0,2.0,0.24775299429893494,0.17709091305732727,0.12195047736167908,0.08716876804828644,0.22578439116477966,0.16969989240169525,0.11113695055246353,0.08353069424629211
884.0,0.0005,0.2,64.0,2.0,0.17908529937267303,0.15371131896972656,0.08579329401254654,0.07363753020763397,0.18928872048854828,0.1479262411594391,0.09068139642477036,0.07086612284183502
885.0,0.0005,0.2,64.0,2.0,0.2270454317331314,0.1839558184146881,0.10822558403015137,0.08768609166145325,0.281627357006073,0.22466537356376648,0.13424307107925415,0.10709106922149658
886.0,0.0005,0.2,64.0,2.0,0.3414085805416107,0.31062906980514526,0.1570204794406891,0.1428644061088562,0.3023831844329834,0.2854209542274475,0.13907194137573242,0.13127067685127258
887.0,0.0005,0.2,64.0,2.0,0.26193955540657043,0.2382124364376068,0.12022706866264343,0.10933659970760345,0.35617420077323914,0.28737887740135193,0.16347962617874146,0.13190342485904694
888.0,0.0005,0.2,64.0,2.0,0.17815391719341278,0.129642054438591,0.08743670582771301,0.06362741440534592,0.1484735757112503,0.11540232598781586,0.07286977022886276,0.05663863569498062
889.0,0.0005,0.2,64.0,2.0,0.2551116347312927,0.21077382564544678,0.12111236155033112,0.10006330907344818,0.2802525758743286,0.21100106835365295,0.13304784893989563,0.10017119348049164
860.0,0.0005,0.2,64.0,3.0,0.5231690406799316,0.4317273199558258,0.23801766335964203,0.19641593098640442,0.2776488661766052,0.24136777222156525,0.1263173520565033,0.10981114208698273
861.0,0.0005,0.2,64.0,3.0,0.3404039144515991,0.31194615364074707,0.16856525838375092,0.1544732004404068,0.45581382513046265,0.378061980009079,0.22571530938148499,0.1872132271528244
862.0,0.0005,0.2,64.0,3.0,0.5167432427406311,0.484557181596756,0.23930783569812775,0.22440221905708313,0.3004102408885956,0.2591361403465271,0.1391223520040512,0.12000800669193268
863.0,0.0005,0.2,64.0,3.0,0.2419833242893219,0.21706992387771606,0.11912339180707932,0.10685904324054718,0.19550994038581848,0.1720225214958191,0.09624548256397247,0.08468311280012131
864.0,0.0005,0.2,64.0,3.0,0.2800465524196625,0.1998290717601776,0.13321976363658905,0.0950598269701004,0.335073322057724,0.2864087224006653,0.15939630568027496,0.13624630868434906
865.0,0.0005,0.2,64.0,3.0,0.3036065399646759,0.26823514699935913,0.13167887926101685,0.11633775383234024,0.33999547362327576,0.2716882824897766,0.14746131002902985,0.11783543974161148
866.0,0.0005,0.2,64.0,3.0,0.3901465833187103,0.304243266582489,0.1744890660047531,0.13606968522071838,0.36353081464767456,0.249762624502182,0.16258542239665985,0.1117037832736969
867.0,0.0005,0.2,64.0,3.0,0.2665051519870758,0.217903733253479,0.1391475945711136,0.11377184838056564,0.10780227929353714,0.07648119330406189,0.056285712867975235,0.03993234038352966
868.0,0.0005,0.2,64.0,3.0,0.44990789890289307,0.3476422429084778,0.1840953826904297,0.14224983751773834,0.4968145489692688,0.37655651569366455,0.20328889787197113,0.15408115088939667
869.0,0.0005,0.2,64.0,3.0,0.2506674528121948,0.19145026803016663,0.11125113815069199,0.08496939390897751,0.4426421821117401,0.3685372471809387,0.1964532881975174,0.1635640561580658
870.0,0.0005,0.2,64.0,3.0,0.26911619305610657,0.2030605971813202,0.12702222168445587,0.09584413468837738,0.2155105471611023,0.1634666621685028,0.10172048211097717,0.07715588808059692
871.0,0.0005,0.2,64.0,3.0,0.3638802468776703,0.32886379957199097,0.17675228416919708,0.1597433090209961,0.31155505776405334,0.22348982095718384,0.1513357162475586,0.10855863243341446
872.0,0.0005,0.2,64.0,3.0,0.17152361571788788,0.14979757368564606,0.08374157547950745,0.07313445210456848,0.21210502088069916,0.20013466477394104,0.10355427116155624,0.09771008044481277
873.0,0.0005,0.2,64.0,3.0,0.3267006576061249,0.2739471197128296,0.15300889313220978,0.12830200791358948,0.2717590630054474,0.1971500962972641,0.12727726995944977,0.09233443439006805
874.0,0.0005,0.2,64.0,3.0,0.3417392373085022,0.33452534675598145,0.16022920608520508,0.15684685111045837,0.25344231724739075,0.21108166873455048,0.11882994323968887,0.09896858036518097
875.0,0.0005,0.2,64.0,3.0,0.24039623141288757,0.19806359708309174,0.11078318953514099,0.09127478301525116,0.2363455593585968,0.1533200442790985,0.10891655087471008,0.07065538316965103
876.0,0.0005,0.2,64.0,3.0,0.3056272268295288,0.21130074560642242,0.1436133235692978,0.09928958863019943,0.5310903787612915,0.39929673075675964,0.249557763338089,0.18762832880020142
877.0,0.0005,0.2,64.0,3.0,0.2999451458454132,0.21471020579338074,0.1559794396162033,0.11165500432252884,0.33153581619262695,0.22288814187049866,0.17240740358829498,0.11590775102376938
878.0,0.0005,0.2,64.0,3.0,0.44907891750335693,0.3492026627063751,0.20305322110652924,0.15789368748664856,0.2681565284729004,0.24627646803855896,0.1212482824921608,0.11135509610176086
879.0,0.0005,0.2,64.0,3.0,0.16789059340953827,0.1494131088256836,0.08236362785100937,0.07329896092414856,0.29536619782447815,0.2456352263689041,0.14490048587322235,0.1205035150051117
880.0,0.0005,0.2,64.0,3.0,0.5876649022102356,0.46314629912376404,0.23453044891357422,0.1848364770412445,0.4574791491031647,0.34103670716285706,0.1825747787952423,0.13610391318798065
881.0,0.0005,0.2,64.0,3.0,0.23911944031715393,0.17787601053714752,0.10997976362705231,0.08181166648864746,0.19626888632774353,0.15984150767326355,0.09027121961116791,0.07351694256067276
882.0,0.0005,0.2,64.0,3.0,0.2806863486766815,0.2279474139213562,0.14258457720279694,0.11579398810863495,0.07684607058763504,0.06079788878560066,0.03903667628765106,0.030884437263011932
883.0,0.0005,0.2,64.0,3.0,0.2024165838956833,0.17423075437545776,0.09963472187519073,0.0857609212398529,0.23433633148670197,0.18578562140464783,0.11534643918275833,0.09144851565361023
884.0,0.0005,0.2,64.0,3.0,0.23550909757614136,0.1708712875843048,0.11282392591238022,0.08185827732086182,0.2634880244731903,0.21916595101356506,0.12622761726379395,0.1049945205450058
885.0,0.0005,0.2,64.0,3.0,0.24899059534072876,0.20916414260864258,0.11868616938591003,0.0997021272778511,0.24102315306663513,0.20793204009532928,0.11488831043243408,0.0991148054599762
886.0,0.0005,0.2,64.0,3.0,0.2957351803779602,0.24764937162399292,0.1360144019126892,0.11389879137277603,0.2632008194923401,0.23001709580421448,0.12105121463537216,0.10578936338424683
887.0,0.0005,0.2,64.0,3.0,0.23235484957695007,0.22347190976142883,0.1066480353474617,0.10257087647914886,0.2430323213338852,0.18413101136684418,0.11154888570308685,0.08451388776302338
888.0,0.0005,0.2,64.0,3.0,0.23380139470100403,0.19236817955970764,0.11474809795618057,0.09441297501325607,0.20140808820724487,0.16909846663475037,0.09884965419769287,0.082992322742939
889.0,0.0005,0.2,64.0,3.0,0.30146923661231995,0.2633063495159149,0.14312025904655457,0.12500272691249847,0.3566465973854065,0.2540381848812103,0.16931532323360443,0.12060274928808212
860.0,0.0005,0.2,64.0,4.0,0.28908950090408325,0.24991825222969055,0.13152232766151428,0.1137012392282486,0.20913147926330566,0.15669578313827515,0.09514512866735458,0.0712893158197403
861.0,0.0005,0.2,64.0,4.0,0.12078125774860382,0.08882877230644226,0.059809908270835876,0.04398728162050247,0.3107443153858185,0.23916852474212646,0.15387806296348572,0.11843430995941162
862.0,0.0005,0.2,64.0,4.0,0.40273812413215637,0.3349425792694092,0.18651115894317627,0.15511450171470642,0.3569057881832123,0.31282171607017517,0.1652858555316925,0.14487017691135406
863.0,0.0005,0.2,64.0,4.0,0.27725496888160706,0.22330117225646973,0.13648688793182373,0.10992653667926788,0.22952969372272491,0.19912418723106384,0.11299272626638412,0.09802473336458206
864.0,0.0005,0.2,64.0,4.0,0.32137882709503174,0.2223203182220459,0.15288177132606506,0.10575907677412033,0.4278314411640167,0.34372806549072266,0.20352189242839813,0.1635134369134903
865.0,0.0005,0.2,64.0,4.0,0.3812074363231659,0.30393725633621216,0.16533561050891876,0.13182231783866882,0.4641798436641693,0.37180542945861816,0.2013220191001892,0.161257803440094
866.0,0.0005,0.2,64.0,4.0,0.4240075945854187,0.37182363867759705,0.1896330714225769,0.16629430651664734,0.358052521944046,0.26045364141464233,0.16013529896736145,0.11648523062467575
867.0,0.0005,0.2,64.0,4.0,0.2703329026699066,0.1938878744840622,0.14114613831043243,0.10123269259929657,0.14195948839187622,0.10510160028934479,0.07411983609199524,0.05487561225891113
868.0,0.0005,0.2,64.0,4.0,0.5808215737342834,0.34690338373184204,0.23766323924064636,0.14194752275943756,0.7175381779670715,0.5192306041717529,0.29360562562942505,0.2124612182378769
869.0,0.0005,0.2,64.0,4.0,0.2915763854980469,0.18306979537010193,0.12940733134746552,0.08124997466802597,0.4914848506450653,0.38644278049468994,0.21813060343265533,0.17151087522506714
870.0,0.0005,0.2,64.0,4.0,0.3237360417842865,0.26369014382362366,0.15280266106128693,0.12446114420890808,0.2711663246154785,0.22138842940330505,0.12798988819122314,0.1044948548078537
871.0,0.0005,0.2,64.0,4.0,0.4076032042503357,0.28752392530441284,0.19799043238162994,0.13966277241706848,0.35009580850601196,0.3049965500831604,0.17005664110183716,0.14814996719360352
872.0,0.0005,0.2,64.0,4.0,0.22353073954582214,0.20355676114559174,0.10913257300853729,0.09938083589076996,0.34754735231399536,0.2857975661754608,0.1696801483631134,0.13953256607055664
873.0,0.0005,0.2,64.0,4.0,0.2470729947090149,0.17595109343528748,0.11571561545133591,0.08240596950054169,0.21053940057754517,0.15067996084690094,0.09860527515411377,0.07057033479213715
874.0,0.0005,0.2,64.0,4.0,0.3423789143562317,0.3052462339401245,0.16052910685539246,0.1431189477443695,0.23174457252025604,0.18636156618595123,0.10865665227174759,0.08737820386886597
875.0,0.0005,0.2,64.0,4.0,0.2385370433330536,0.16727274656295776,0.10992640256881714,0.07708526402711868,0.293081134557724,0.1899910867214203,0.1350622922182083,0.0875547006726265
876.0,0.0005,0.2,64.0,4.0,0.21612612903118134,0.17770051956176758,0.10155704617500305,0.0835009515285492,0.2858281135559082,0.226588636636734,0.13430973887443542,0.10647330433130264
877.0,0.0005,0.2,64.0,4.0,0.27594906091690063,0.2296566516160965,0.14350083470344543,0.11942755430936813,0.24797846376895905,0.193567156791687,0.12895537912845612,0.1006600633263588
878.0,0.0005,0.2,64.0,4.0,0.38566386699676514,0.27294713258743286,0.17437978088855743,0.12341435253620148,0.17295250296592712,0.14509034156799316,0.07820131629705429,0.06560331583023071
879.0,0.0005,0.2,64.0,4.0,0.22672533988952637,0.16571728885173798,0.11122671514749527,0.08129744231700897,0.3245796263217926,0.22978663444519043,0.1592319905757904,0.1127285361289978
880.0,0.0005,0.2,64.0,4.0,0.5156319737434387,0.4078458249568939,0.2057829201221466,0.162766695022583,0.43060410022735596,0.36154383420944214,0.17184925079345703,0.1442880630493164
881.0,0.0005,0.2,64.0,4.0,0.28231537342071533,0.24537521600723267,0.12984716892242432,0.11285703629255295,0.2218397855758667,0.16501331329345703,0.10203220695257187,0.07589564472436905
882.0,0.0005,0.2,64.0,4.0,0.22298049926757812,0.1792624592781067,0.11327085644006729,0.09106271713972092,0.1731502264738083,0.1538427174091339,0.08795782178640366,0.07814987748861313
883.0,0.0005,0.2,64.0,4.0,0.27556321024894714,0.1971369981765747,0.13563938438892365,0.0970359519124031,0.2428901493549347,0.20571061968803406,0.11955685913562775,0.10125613212585449
884.0,0.0005,0.2,64.0,4.0,0.210235133767128,0.1927604228258133,0.10071606189012527,0.09234455227851868,0.18986718356609344,0.13546359539031982,0.09095851331949234,0.06489571928977966
885.0,0.0005,0.2,64.0,4.0,0.15672358870506287,0.13148432970046997,0.07470531761646271,0.06267453730106354,0.39842239022254944,0.3001502752304077,0.18991568684577942,0.14307239651679993
886.0,0.0005,0.2,64.0,4.0,0.23522314429283142,0.20377641916275024,0.10818372666835785,0.09372076392173767,0.2129324972629547,0.19556012749671936,0.09793181717395782,0.08994191884994507
887.0,0.0005,0.2,64.0,4.0,0.2699935734272003,0.2466057687997818,0.12392375618219376,0.11318904906511307,0.2255859225988388,0.18168824911117554,0.10354118049144745,0.08339269459247589
888.0,0.0005,0.2,64.0,4.0,0.2176261842250824,0.18937835097312927,0.10680941492319107,0.09294556826353073,0.2695234715938568,0.20316080749034882,0.13228021562099457,0.0997098758816719
889.0,0.0005,0.2,64.0,4.0,0.27474910020828247,0.23993350565433502,0.13043507933616638,0.11390664428472519,0.30163106322288513,0.24282817542552948,0.14319711923599243,0.115280881524086
860.0,0.0005,0.2,128.0,2.0,0.27599939703941345,0.22503650188446045,0.12556694447994232,0.10238119214773178,0.23561063408851624,0.15512555837631226,0.10719192028045654,0.07057494670152664
861.0,0.0005,0.2,128.0,2.0,0.2338228076696396,0.20234549045562744,0.11578716337680817,0.10019984096288681,0.2417650818824768,0.20315353572368622,0.11972011625766754,0.1005999743938446
862.0,0.0005,0.2,128.0,2.0,0.3114398419857025,0.2601366341114044,0.1442302167415619,0.1204712986946106,0.32277217507362366,0.26837775111198425,0.14947833120822906,0.12428783625364304
863.0,0.0005,0.2,128.0,2.0,0.23147182166576385,0.20109114050865173,0.1139487698674202,0.09899298846721649,0.2510688900947571,0.18711458146572113,0.12359599769115448,0.09211262315511703
864.0,0.0005,0.2,128.0,2.0,0.35605138540267944,0.2892984449863434,0.1693757027387619,0.1376209557056427,0.4493243098258972,0.3993302583694458,0.21374617516994476,0.1899637132883072
865.0,0.0005,0.2,128.0,2.0,0.41545167565345764,0.3184230327606201,0.1801878660917282,0.13810503482818604,0.4360792934894562,0.3230631351470947,0.1891344040632248,0.14011752605438232
866.0,0.0005,0.2,128.0,2.0,0.38476526737213135,0.35170596837997437,0.17208231985569,0.15729688107967377,0.37133023142814636,0.30045562982559204,0.16607363522052765,0.1343756914138794
867.0,0.0005,0.2,128.0,2.0,0.22362378239631653,0.18965646624565125,0.11675838381052017,0.09902338683605194,0.17580482363700867,0.14579342305660248,0.09179119020700455,0.07612164318561554
868.0,0.0005,0.2,128.0,2.0,0.5958545207977295,0.44342875480651855,0.24381449818611145,0.1814442276954651,0.5958585739135742,0.4689721167087555,0.24381621181964874,0.1918962001800537
869.0,0.0005,0.2,128.0,2.0,0.4739954173564911,0.3722081184387207,0.21036846935749054,0.16519325971603394,0.6280432343482971,0.48979464173316956,0.2787379026412964,0.21738046407699585
870.0,0.0005,0.2,128.0,2.0,0.24337759613990784,0.22265860438346863,0.11487366259098053,0.10509434342384338,0.13322721421718597,0.11035871505737305,0.0628829374909401,0.052089057862758636
871.0,0.0005,0.2,128.0,2.0,0.30628931522369385,0.27401304244995117,0.14877794682979584,0.13309994339942932,0.25689083337783813,0.19378434121608734,0.12478295713663101,0.09412942081689835
872.0,0.0005,0.2,128.0,2.0,0.19097915291786194,0.16585202515125275,0.09324018657207489,0.0809725821018219,0.3141743540763855,0.2913937568664551,0.15338674187660217,0.14226475358009338
873.0,0.0005,0.2,128.0,2.0,0.29473599791526794,0.26745933294296265,0.13803839683532715,0.12526348233222961,0.25873681902885437,0.2159610092639923,0.12117835134267807,0.1011444628238678
874.0,0.0005,0.2,128.0,2.0,0.2841176986694336,0.21492710709571838,0.13321250677108765,0.10077154636383057,0.2462385892868042,0.17554502189159393,0.1154523640871048,0.08230671286582947
875.0,0.0005,0.2,128.0,2.0,0.326580286026001,0.18124684691429138,0.15049991011619568,0.08352504670619965,0.1813989281654358,0.15622061491012573,0.08359511941671371,0.07199203968048096
876.0,0.0005,0.2,128.0,2.0,0.2667291760444641,0.2016414999961853,0.125335231423378,0.09475074708461761,0.619027853012085,0.4326294958591461,0.29087933897972107,0.20329129695892334
877.0,0.0005,0.2,128.0,2.0,0.27501964569091797,0.2195429503917694,0.14301751554012299,0.11416815221309662,0.20723401010036469,0.16751110553741455,0.10776717960834503,0.08711022138595581
878.0,0.0005,0.2,128.0,2.0,0.41241952776908875,0.3011147081851959,0.18647748231887817,0.13615047931671143,0.14045381546020508,0.11656709015369415,0.06350687146186829,0.052706386893987656
879.0,0.0005,0.2,128.0,2.0,0.1893375962972641,0.16875387728214264,0.0928850769996643,0.08278713375329971,0.2556569278240204,0.20172818005084991,0.12541994452476501,0.09896361827850342
880.0,0.0005,0.2,128.0,2.0,0.4771658778190613,0.44951003789901733,0.19043155014514923,0.1793944239616394,0.34415701031684875,0.29369330406188965,0.1373491883277893,0.11720970273017883
881.0,0.0005,0.2,128.0,2.0,0.24237944185733795,0.22674322128295898,0.11147915571928024,0.10428749024868011,0.267100065946579,0.1964196413755417,0.12284904718399048,0.09034055471420288
882.0,0.0005,0.2,128.0,2.0,0.23728623986244202,0.18598178029060364,0.12053796648979187,0.09447605162858963,0.2157423347234726,0.2006065547466278,0.10959397256374359,0.1019052118062973
883.0,0.0005,0.2,128.0,2.0,0.18551692366600037,0.14794933795928955,0.09131626784801483,0.07282451540231705,0.19323347508907318,0.17159785330295563,0.0951145589351654,0.08446493744850159
884.0,0.0005,0.2,128.0,2.0,0.15533381700515747,0.10822072625160217,0.07441483438014984,0.05184464529156685,0.2322702258825302,0.18513667583465576,0.11127229034900665,0.088692307472229
885.0,0.0005,0.2,128.0,2.0,0.17997899651527405,0.16321079432964325,0.08579046279191971,0.07779757678508759,0.3543671667575836,0.2674771547317505,0.16891589760780334,0.1274981051683426
886.0,0.0005,0.2,128.0,2.0,0.28396573662757874,0.22781479358673096,0.1306014060974121,0.10477647185325623,0.31211408972740173,0.27113693952560425,0.14354735612869263,0.12470117211341858
887.0,0.0005,0.2,128.0,2.0,0.2932036221027374,0.2676379680633545,0.13457688689231873,0.12284256517887115,0.22740760445594788,0.1902955174446106,0.10437730699777603,0.08734332025051117
888.0,0.0005,0.2,128.0,2.0,0.20120127499103546,0.1655193269252777,0.09874816238880157,0.08123570680618286,0.16033935546875,0.12200680375099182,0.07869340479373932,0.05988006293773651
889.0,0.0005,0.2,128.0,2.0,0.4343299865722656,0.3886007070541382,0.2061949372291565,0.1844852864742279,0.2768389582633972,0.25896236300468445,0.13142725825309753,0.12294047325849533
860.0,0.0005,0.2,128.0,3.0,0.43324849009513855,0.3321731686592102,0.1971079707145691,0.15112338960170746,0.23861917853355408,0.17740920186042786,0.10856067389249802,0.08071295917034149
861.0,0.0005,0.2,128.0,3.0,0.37467139959335327,0.34495359659194946,0.18553422391414642,0.17081822454929352,0.447162389755249,0.3595111072063446,0.2214311957359314,0.1780269742012024
862.0,0.0005,0.2,128.0,3.0,0.4426535964012146,0.41707322001457214,0.20499633252620697,0.1931498497724533,0.33054232597351074,0.29282569885253906,0.15307673811912537,0.13560988008975983
863.0,0.0005,0.2,128.0,3.0,0.23480954766273499,0.21721014380455017,0.11559188365936279,0.10692805051803589,0.2675253748893738,0.23013868927955627,0.13169720768928528,0.11329250782728195
864.0,0.0005,0.2,128.0,3.0,0.3593827486038208,0.2927035987377167,0.17096047103405,0.1392408162355423,0.45540493726730347,0.390211820602417,0.21663875877857208,0.1856260448694229
865.0,0.0005,0.2,128.0,3.0,0.3402913212776184,0.2212570309638977,0.14758963882923126,0.09596260637044907,0.4153338670730591,0.2983769476413727,0.1801367849111557,0.1294107437133789
866.0,0.0005,0.2,128.0,3.0,0.5379505753517151,0.4473419487476349,0.24059292674064636,0.2000690996646881,0.47991666197776794,0.32229501008987427,0.21463778614997864,0.14414313435554504
867.0,0.0005,0.2,128.0,3.0,0.19168402254581451,0.1496390551328659,0.10008202493190765,0.07812951505184174,0.1361325979232788,0.10198621451854706,0.07107752561569214,0.05324902385473251
868.0,0.0005,0.2,128.0,3.0,0.4788513481616974,0.3577374815940857,0.1959385871887207,0.14638067781925201,0.528542160987854,0.3991473615169525,0.21627134084701538,0.1633249819278717
869.0,0.0005,0.2,128.0,3.0,0.23228740692138672,0.18978555500507355,0.103093720972538,0.08423055708408356,0.3780810534954071,0.3246697187423706,0.16779977083206177,0.144094780087471
870.0,0.0005,0.2,128.0,3.0,0.1945468932390213,0.15317443013191223,0.0918257087469101,0.07229799032211304,0.18486647307872772,0.1469159722328186,0.0872565358877182,0.06934399157762527
871.0,0.0005,0.2,128.0,3.0,0.3122314214706421,0.27060624957084656,0.15166424214839935,0.13144510984420776,0.19750358164310455,0.13544698059558868,0.09593601524829865,0.06579244136810303
872.0,0.0005,0.2,128.0,3.0,0.26873695850372314,0.2270813286304474,0.13120324909687042,0.11086605489253998,0.3468916714191437,0.31490325927734375,0.16936004161834717,0.15374261140823364
873.0,0.0005,0.2,128.0,3.0,0.38106080889701843,0.3109697103500366,0.1784682720899582,0.14564138650894165,0.5212005376815796,0.38806116580963135,0.24410216510295868,0.18174687027931213
874.0,0.0005,0.2,128.0,3.0,0.2749154269695282,0.23106777667999268,0.12889790534973145,0.1083393320441246,0.24205535650253296,0.1890442669391632,0.1134910061955452,0.08863602578639984
875.0,0.0005,0.2,128.0,3.0,0.23452983796596527,0.16901396214962006,0.10807972401380539,0.07788768410682678,0.41624435782432556,0.2877034544944763,0.19182026386260986,0.13258403539657593
876.0,0.0005,0.2,128.0,3.0,0.19651447236537933,0.15171366930007935,0.09234157204627991,0.07128980755805969,0.43684035539627075,0.31147217750549316,0.205269917845726,0.14635983109474182
877.0,0.0005,0.2,128.0,3.0,0.2156573385000229,0.1838206946849823,0.11214754730463028,0.09559164196252823,0.2084037810564041,0.15542003512382507,0.10837548971176147,0.08082254230976105
878.0,0.0005,0.2,128.0,3.0,0.39134734869003296,0.2583712637424469,0.17694959044456482,0.11682382225990295,0.19823072850704193,0.17157027125358582,0.08963099867105484,0.07757633924484253
879.0,0.0005,0.2,128.0,3.0,0.3269377648830414,0.28072142601013184,0.16038884222507477,0.13771605491638184,0.49377748370170593,0.3617665767669678,0.24223692715168,0.17747513949871063
880.0,0.0005,0.2,128.0,3.0,0.41054409742355347,0.36213812232017517,0.16384351253509521,0.14452522993087769,0.33492347598075867,0.26614728569984436,0.13366419076919556,0.10621638596057892
881.0,0.0005,0.2,128.0,3.0,0.3107149302959442,0.24693256616592407,0.14290912449359894,0.11357329040765762,0.32718437910079956,0.20276668667793274,0.15048402547836304,0.093259796500206
882.0,0.0005,0.2,128.0,3.0,0.3475117087364197,0.2891243100166321,0.17653091251850128,0.14687097072601318,0.10129404813051224,0.07078667730093002,0.05145590752363205,0.03595860302448273
883.0,0.0005,0.2,128.0,3.0,0.23205336928367615,0.15292134881019592,0.1142227053642273,0.0752718597650528,0.18640932440757751,0.16026659309864044,0.09175550192594528,0.07888738811016083
884.0,0.0005,0.2,128.0,3.0,0.19333484768867493,0.15862907469272614,0.09261976182460785,0.07599347084760666,0.21202418208122253,0.1606389582157135,0.10157313942909241,0.07695633172988892
885.0,0.0005,0.2,128.0,3.0,0.2257573902606964,0.18944936990737915,0.10761161893606186,0.09030470997095108,0.36550986766815186,0.30457592010498047,0.1742272973060608,0.14518198370933533
886.0,0.0005,0.2,128.0,3.0,0.43262550234794617,0.37838584184646606,0.1989729106426239,0.17402704060077667,0.34868696331977844,0.32923007011413574,0.1603679358959198,0.15141931176185608
887.0,0.0005,0.2,128.0,3.0,0.31616005301475525,0.27960431575775146,0.14511360228061676,0.12833496928215027,0.23256045579910278,0.18220463395118713,0.10674239695072174,0.08362969756126404
888.0,0.0005,0.2,128.0,3.0,0.2526566982269287,0.20006795227527618,0.1240021362900734,0.09819196164608002,0.2631441652774811,0.21634258329868317,0.12914931774139404,0.10617941617965698
889.0,0.0005,0.2,128.0,3.0,0.30861952900886536,0.2773774266242981,0.14651481807231903,0.1316828578710556,0.25533294677734375,0.20898354053497314,0.12121741473674774,0.0992133840918541
860.0,0.0005,0.2,128.0,4.0,0.39307862520217896,0.3296905755996704,0.178832545876503,0.14999394118785858,0.25292763113975525,0.20715375244617462,0.11507035046815872,0.09424536675214767
861.0,0.0005,0.2,128.0,4.0,0.3538799285888672,0.30807721614837646,0.1752384752035141,0.15255732834339142,0.4202653467655182,0.36227530241012573,0.2081119865179062,0.17939579486846924
862.0,0.0005,0.2,128.0,4.0,0.4282585680484772,0.40484488010406494,0.1983298808336258,0.18748679757118225,0.3594554364681244,0.3131425380706787,0.1664666384458542,0.1450187712907791
863.0,0.0005,0.2,128.0,4.0,0.36966705322265625,0.29237478971481323,0.18197943270206451,0.14393004775047302,0.33272939920425415,0.2838864326477051,0.1637958288192749,0.13975143432617188
864.0,0.0005,0.2,128.0,4.0,0.2998181879520416,0.24699066579341888,0.14262524247169495,0.11749488860368729,0.3928271234035492,0.341474711894989,0.18687015771865845,0.16244149208068848
865.0,0.0005,0.2,128.0,4.0,0.6874671578407288,0.5234841704368591,0.2981652319431305,0.22704321146011353,0.7404104471206665,0.521145224571228,0.3211275339126587,0.22602880001068115
866.0,0.0005,0.2,128.0,4.0,0.4724178910255432,0.3745903968811035,0.2112841010093689,0.16753172874450684,0.4539334774017334,0.3231801986694336,0.20301705598831177,0.1445390284061432
867.0,0.0005,0.2,128.0,4.0,0.25199219584465027,0.18806129693984985,0.13157007098197937,0.09819050878286362,0.16584129631519318,0.1256130486726761,0.0865890234708786,0.06558506190776825
868.0,0.0005,0.2,128.0,4.0,0.5573813915252686,0.4231806695461273,0.22807185351848602,0.17315901815891266,0.5183475613594055,0.37269169092178345,0.2120998650789261,0.1524997055530548
869.0,0.0005,0.2,128.0,4.0,0.3155503273010254,0.2465185523033142,0.14004743099212646,0.10940977931022644,0.4995964467525482,0.42751792073249817,0.22173072397708893,0.189740851521492
870.0,0.0005,0.2,128.0,4.0,0.23418575525283813,0.19862282276153564,0.11053512245416641,0.0937495157122612,0.20661579072475433,0.16613273322582245,0.09752217680215836,0.07841427624225616
871.0,0.0005,0.2,128.0,4.0,0.3627397418022156,0.31602048873901367,0.1761983036994934,0.15350475907325745,0.24479283392429352,0.19193241000175476,0.1189064309000969,0.09322986006736755
872.0,0.0005,0.2,128.0,4.0,0.25822970271110535,0.14324168860912323,0.12607336044311523,0.06993371248245239,0.3846054971218109,0.27841663360595703,0.1877727508544922,0.13592903316020966
873.0,0.0005,0.2,128.0,4.0,0.2743428945541382,0.22758716344833374,0.12848737835884094,0.10658951103687286,0.2859536409378052,0.24962806701660156,0.13392522931098938,0.11691230535507202
874.0,0.0005,0.2,128.0,4.0,0.3230251371860504,0.259371280670166,0.15145480632781982,0.12160982936620712,0.2968921661376953,0.24548733234405518,0.13920201361179352,0.11510015279054642
875.0,0.0005,0.2,128.0,4.0,0.20181328058242798,0.12731455266475677,0.0930028110742569,0.058671124279499054,0.3535501956939697,0.28540873527526855,0.16292861104011536,0.13152657449245453
876.0,0.0005,0.2,128.0,4.0,0.27947402000427246,0.1650017946958542,0.13132399320602417,0.07753385603427887,0.337919145822525,0.22595681250095367,0.15878717601299286,0.10617642104625702
877.0,0.0005,0.2,128.0,4.0,0.2940124571323395,0.22895675897598267,0.1528942734003067,0.11906357854604721,0.22181999683380127,0.151586651802063,0.11535229533910751,0.0788290798664093
878.0,0.0005,0.2,128.0,4.0,0.27599212527275085,0.2271944284439087,0.12479116022586823,0.10272705554962158,0.28152912855148315,0.23936626315116882,0.12729474902153015,0.10823062062263489
879.0,0.0005,0.2,128.0,4.0,0.33968234062194824,0.2569667100906372,0.16664104163646698,0.12606249749660492,0.536973237991333,0.3167400360107422,0.26342788338661194,0.1553860604763031
880.0,0.0005,0.2,128.0,4.0,0.5476716756820679,0.4617561101913452,0.2185695916414261,0.18428164720535278,0.3695128560066223,0.24600522220134735,0.1474684327840805,0.09817792475223541
881.0,0.0005,0.2,128.0,4.0,0.2602611780166626,0.23093107342720032,0.11970362067222595,0.10621362924575806,0.256777286529541,0.19872841238975525,0.11810126155614853,0.09140246361494064
882.0,0.0005,0.2,128.0,4.0,0.35959702730178833,0.2913585305213928,0.18267007172107697,0.1480059176683426,0.14447160065174103,0.12925222516059875,0.07338948547840118,0.06565824896097183
883.0,0.0005,0.2,128.0,4.0,0.19425807893276215,0.16329894959926605,0.09561887383460999,0.08038000017404556,0.1741734892129898,0.1478540003299713,0.08573272824287415,0.07277759909629822
884.0,0.0005,0.2,128.0,4.0,0.3378005623817444,0.3099146783351898,0.16182805597782135,0.14846894145011902,0.229102224111557,0.2135736048221588,0.10975460708141327,0.10231541097164154
885.0,0.0005,0.2,128.0,4.0,0.3320004642009735,0.27665650844573975,0.15825442969799042,0.13187366724014282,0.20351998507976532,0.15121233463287354,0.09701171517372131,0.07207827270030975
886.0,0.0005,0.2,128.0,4.0,0.25958648324012756,0.21514222025871277,0.11938890814781189,0.09894812107086182,0.2811530828475952,0.23670673370361328,0.1293077915906906,0.10886605083942413
887.0,0.0005,0.2,128.0,4.0,0.2541098892688751,0.1920492947101593,0.11663331836462021,0.08814826607704163,0.2652515769004822,0.20217996835708618,0.12174724042415619,0.0927981287240982
888.0,0.0005,0.2,128.0,4.0,0.25819873809814453,0.19681650400161743,0.12672212719917297,0.09659616649150848,0.25122541189193726,0.212257519364357,0.12329965829849243,0.10417449474334717
889.0,0.0005,0.2,128.0,4.0,0.37225282192230225,0.33997300267219543,0.17672425508499146,0.16139966249465942,0.37751513719558716,0.3277556896209717,0.1792224943637848,0.15559956431388855
860.0,0.0005,0.2,256.0,2.0,0.34507644176483154,0.2644277811050415,0.1569938063621521,0.12030241638422012,0.21700704097747803,0.17021310329437256,0.09872813522815704,0.0774390771985054
861.0,0.0005,0.2,256.0,2.0,0.20545217394828796,0.142062246799469,0.10173824429512024,0.07034806907176971,0.4001980721950531,0.3015527129173279,0.198174849152565,0.14932644367218018
862.0,0.0005,0.2,256.0,2.0,0.4473092257976532,0.34934234619140625,0.2071523815393448,0.16178317368030548,0.21164385974407196,0.17494918406009674,0.09801393002271652,0.08102034032344818
863.0,0.0005,0.2,256.0,2.0,0.2450062334537506,0.21622951328754425,0.12061150372028351,0.1064453274011612,0.25050100684165955,0.2216542363166809,0.12331646680831909,0.10911578685045242
864.0,0.0005,0.2,256.0,2.0,0.2638787627220154,0.18276530504226685,0.12552866339683533,0.08694252371788025,0.27430790662765503,0.22144930064678192,0.13048987090587616,0.10534472018480301
865.0,0.0005,0.2,256.0,2.0,0.3961839973926544,0.2186356484889984,0.1718311458826065,0.09482568502426147,0.4362028241157532,0.3142342269420624,0.18918795883655548,0.13628828525543213
866.0,0.0005,0.2,256.0,2.0,0.3631124794483185,0.3188318610191345,0.1623983234167099,0.14259427785873413,0.288766086101532,0.257207453250885,0.12914767861366272,0.11503338813781738
867.0,0.0005,0.2,256.0,2.0,0.23708339035511017,0.20081686973571777,0.12378591299057007,0.10485044866800308,0.09451541304588318,0.06604832410812378,0.0493483729660511,0.03448514640331268
868.0,0.0005,0.2,256.0,2.0,0.45670923590660095,0.35050177574157715,0.18687838315963745,0.14341992139816284,0.4838404953479767,0.36189723014831543,0.1979801207780838,0.14808279275894165
869.0,0.0005,0.2,256.0,2.0,0.28862035274505615,0.24467161297798157,0.1280953586101532,0.10859005898237228,0.4762844741344452,0.40534138679504395,0.2113843858242035,0.1798984706401825
870.0,0.0005,0.2,256.0,2.0,0.1936110258102417,0.1667722761631012,0.09138394147157669,0.07871612906455994,0.14147527515888214,0.13472148776054382,0.06677599996328354,0.0635882318019867
871.0,0.0005,0.2,256.0,2.0,0.3036865293979645,0.2308790683746338,0.14751361310482025,0.11214789748191833,0.15377414226531982,0.10858690738677979,0.07469473034143448,0.05274533852934837
872.0,0.0005,0.2,256.0,2.0,0.18314296007156372,0.14177018404006958,0.08941438794136047,0.06921529024839401,0.3319825232028961,0.3189486861228943,0.16208107769489288,0.155717670917511
873.0,0.0005,0.2,256.0,2.0,0.1824813038110733,0.1498977243900299,0.08546435087919235,0.07020397484302521,0.23173730075359344,0.20195502042770386,0.10853323340415955,0.09458482265472412
874.0,0.0005,0.2,256.0,2.0,0.22891046106815338,0.17429184913635254,0.10732784122228622,0.08171915262937546,0.20182286202907562,0.15441808104515076,0.09462743252515793,0.07240103930234909
875.0,0.0005,0.2,256.0,2.0,0.18506059050559998,0.13063481450080872,0.08528252691030502,0.06020118296146393,0.23647060990333557,0.20185615122318268,0.10897411406040192,0.09302252531051636
876.0,0.0005,0.2,256.0,2.0,0.22144919633865356,0.16564591228961945,0.10405831038951874,0.07783651351928711,0.35756880044937134,0.2525305151939392,0.16802047193050385,0.11866331845521927
877.0,0.0005,0.2,256.0,2.0,0.2754477858543396,0.23369592428207397,0.14324016869068146,0.12152808159589767,0.16658048331737518,0.11130967736244202,0.08662626892328262,0.05788400024175644
878.0,0.0005,0.2,256.0,2.0,0.46862539649009705,0.3693217635154724,0.21189124882221222,0.16699063777923584,0.28352633118629456,0.23921898007392883,0.1281978040933609,0.10816402733325958
879.0,0.0005,0.2,256.0,2.0,0.2840184271335602,0.23072844743728638,0.13933351635932922,0.11319057643413544,0.2824798822402954,0.25010383129119873,0.13857872784137726,0.12269572913646698
880.0,0.0005,0.2,256.0,2.0,0.39133384823799133,0.29347068071365356,0.15617693960666656,0.11712083965539932,0.3186066746711731,0.24757269024848938,0.12715235352516174,0.09880349040031433
881.0,0.0005,0.2,256.0,2.0,0.17102161049842834,0.13401979207992554,0.07865907996892929,0.06164059415459633,0.24989184737205505,0.1882290542125702,0.11493435502052307,0.08657339215278625
882.0,0.0005,0.2,256.0,2.0,0.2409675270318985,0.22426219284534454,0.12240797281265259,0.11392191052436829,0.11216118931770325,0.0879000797867775,0.05697627738118172,0.04465199261903763
883.0,0.0005,0.2,256.0,2.0,0.2529137134552002,0.1568131148815155,0.12449071556329727,0.07718749344348907,0.1966727375984192,0.13347843289375305,0.09680741280317307,0.06570154428482056
884.0,0.0005,0.2,256.0,2.0,0.20354412496089935,0.17039801180362701,0.09751065075397491,0.08163154125213623,0.18664389848709106,0.14902211725711823,0.08941434323787689,0.07139112055301666
885.0,0.0005,0.2,256.0,2.0,0.2460792362689972,0.20232990384101868,0.1172984316945076,0.09644448012113571,0.17853595316410065,0.14319166541099548,0.08510259538888931,0.06825506687164307
886.0,0.0005,0.2,256.0,2.0,0.24319308996200562,0.20263910293579102,0.11184924840927124,0.09319767355918884,0.2083653062582016,0.18105408549308777,0.09583126753568649,0.08327029645442963
887.0,0.0005,0.2,256.0,2.0,0.2859940528869629,0.246254563331604,0.13126778602600098,0.11302784085273743,0.2582145631313324,0.21206963062286377,0.11851734668016434,0.09733739495277405
888.0,0.0005,0.2,256.0,2.0,0.2321672886610031,0.18761193752288818,0.1139460876584053,0.09207863360643387,0.18864460289478302,0.1477905511856079,0.09258544445037842,0.07253456115722656
889.0,0.0005,0.2,256.0,2.0,0.34608057141304016,0.3078457713127136,0.16429919004440308,0.1461474895477295,0.29434704780578613,0.23260825872421265,0.13973906636238098,0.11042903363704681
860.0,0.0005,0.2,256.0,3.0,0.35122185945510864,0.2881256937980652,0.15978965163230896,0.13108384609222412,0.23759126663208008,0.1779659539461136,0.1080930158495903,0.0809662714600563
861.0,0.0005,0.2,256.0,3.0,0.22115226089954376,0.2074844241142273,0.1095128059387207,0.10274459421634674,0.31493625044822693,0.24523600935935974,0.15595386922359467,0.12143886089324951
862.0,0.0005,0.2,256.0,3.0,0.3664526641368866,0.34166765213012695,0.16970707476139069,0.15822893381118774,0.37584158778190613,0.3279065489768982,0.17405521869659424,0.15185610949993134
863.0,0.0005,0.2,256.0,3.0,0.3015349209308624,0.24093519151210785,0.14843939244747162,0.11860740929841995,0.2887818515300751,0.251278817653656,0.1421613246202469,0.1236993670463562
864.0,0.0005,0.2,256.0,3.0,0.2442115992307663,0.2109776735305786,0.11617286503314972,0.10036329925060272,0.30331218242645264,0.2747752070426941,0.1442873626947403,0.13071215152740479
865.0,0.0005,0.2,256.0,3.0,0.25514549016952515,0.219073086977005,0.11066056787967682,0.09501539915800095,0.2905009984970093,0.23132842779159546,0.12599480152130127,0.10033074766397476
866.0,0.0005,0.2,256.0,3.0,0.3857799768447876,0.32305797934532166,0.17253611981868744,0.14448435604572296,0.28826192021369934,0.20921668410301208,0.12892219424247742,0.09357002377510071
867.0,0.0005,0.2,256.0,3.0,0.3055037260055542,0.2458866834640503,0.15950950980186462,0.12838229537010193,0.14200246334075928,0.10751882195472717,0.07414227724075317,0.05613769590854645
868.0,0.0005,0.2,256.0,3.0,0.43666040897369385,0.3817577660083771,0.17867469787597656,0.15620937943458557,0.4389674663543701,0.3576493561267853,0.17961876094341278,0.1463446319103241
869.0,0.0005,0.2,256.0,3.0,0.24019743502140045,0.19016636908054352,0.10660436004400253,0.08439957350492477,0.42764532566070557,0.37856975197792053,0.18979737162590027,0.16801667213439941
870.0,0.0005,0.2,256.0,3.0,0.21852518618106842,0.1658533811569214,0.10314340889453888,0.078282430768013,0.16212476789951324,0.12245428562164307,0.07652253657579422,0.05779818072915077
871.0,0.0005,0.2,256.0,3.0,0.5071579217910767,0.4424341320991516,0.24634845554828644,0.21490931510925293,0.3712795078754425,0.3087548315525055,0.18034648895263672,0.14997553825378418
872.0,0.0005,0.2,256.0,3.0,0.29212209582328796,0.2608478367328644,0.14262036979198456,0.12735161185264587,0.41468486189842224,0.3618028461933136,0.20245817303657532,0.17664001882076263
873.0,0.0005,0.2,256.0,3.0,0.20350363850593567,0.15255844593048096,0.09531006962060928,0.0714501217007637,0.20309023559093475,0.17835459113121033,0.09511648863554001,0.08353163301944733
874.0,0.0005,0.2,256.0,3.0,0.28170883655548096,0.24579653143882751,0.13208307325839996,0.11524509638547897,0.2288699448108673,0.19169412553310394,0.10730884224176407,0.08987845480442047
875.0,0.0005,0.2,256.0,3.0,0.23958680033683777,0.1581222265958786,0.11041013896465302,0.07286837697029114,0.2676737904548645,0.18977776169776917,0.12335366010665894,0.0874563679099083
876.0,0.0005,0.2,256.0,3.0,0.3119952082633972,0.23790639638900757,0.14660562574863434,0.11179150640964508,0.27536773681640625,0.1839052140712738,0.12939445674419403,0.08641649782657623
877.0,0.0005,0.2,256.0,3.0,0.28841912746429443,0.2004941999912262,0.14998558163642883,0.10426229238510132,0.17144392430782318,0.15199455618858337,0.08915539085865021,0.07904121279716492
878.0,0.0005,0.2,256.0,3.0,0.28592202067375183,0.2226528823375702,0.12928104400634766,0.10067359358072281,0.13370674848556519,0.11276374757289886,0.06045616418123245,0.05098668113350868
879.0,0.0005,0.2,256.0,3.0,0.19412054121494293,0.17493310570716858,0.09523148834705353,0.08581853657960892,0.3806402385234833,0.2928997278213501,0.1867341548204422,0.14369049668312073
880.0,0.0005,0.2,256.0,3.0,0.3846265375614166,0.2805810272693634,0.15350010991096497,0.1119767278432846,0.21886995434761047,0.1489238440990448,0.08734853565692902,0.05943383276462555
881.0,0.0005,0.2,256.0,3.0,0.32341358065605164,0.238934725522995,0.1487497091293335,0.10989479720592499,0.19001753628253937,0.16382907330989838,0.08739598840475082,0.07535095512866974
882.0,0.0005,0.2,256.0,3.0,0.33542966842651367,0.28281843662261963,0.17039340734481812,0.14366766810417175,0.44313204288482666,0.31581616401672363,0.22510464489459991,0.16043002903461456
883.0,0.0005,0.2,256.0,3.0,0.2143402397632599,0.14674392342567444,0.10550384223461151,0.07223117351531982,0.1862351894378662,0.12932640314102173,0.09166979789733887,0.06365782022476196
884.0,0.0005,0.2,256.0,3.0,0.343258261680603,0.23476092517375946,0.16444262862205505,0.11246548593044281,0.3998306095600128,0.33489352464675903,0.19154441356658936,0.16043542325496674
885.0,0.0005,0.2,256.0,3.0,0.2906947433948517,0.21452811360359192,0.13856524229049683,0.10225895047187805,0.15294112265110016,0.12956006824970245,0.07290230691432953,0.06175728142261505
886.0,0.0005,0.2,256.0,3.0,0.23237237334251404,0.19095203280448914,0.10687260329723358,0.0878225713968277,0.19279243052005768,0.16703809797763824,0.08866901695728302,0.07682409882545471
887.0,0.0005,0.2,256.0,3.0,0.3381049335002899,0.28957557678222656,0.15518605709075928,0.13291168212890625,0.3064766526222229,0.23914699256420135,0.140669047832489,0.10976554453372955
888.0,0.0005,0.2,256.0,3.0,0.19125433266162872,0.13894522190093994,0.09386628866195679,0.06819333881139755,0.14791405200958252,0.12351802736520767,0.07259518653154373,0.06062179058790207
889.0,0.0005,0.2,256.0,3.0,0.23338551819324493,0.1852194368839264,0.11079803854227066,0.0879315510392189,0.21442951261997223,0.19872188568115234,0.10179881751537323,0.09434174001216888
860.0,0.0005,0.2,256.0,4.0,0.31808918714523315,0.2614990174770355,0.14471584558486938,0.11896994709968567,0.2059117704629898,0.15568192303180695,0.09368031471967697,0.07082805037498474
861.0,0.0005,0.2,256.0,4.0,0.36822423338890076,0.31363344192504883,0.18234163522720337,0.15530870854854584,0.4037831425666809,0.32919687032699585,0.19995012879371643,0.16301561892032623
862.0,0.0005,0.2,256.0,4.0,0.36839595437049866,0.32448598742485046,0.17060703039169312,0.15027198195457458,0.3750442564487457,0.34194818139076233,0.1736859530210495,0.15835890173912048
863.0,0.0005,0.2,256.0,4.0,0.2887783348560333,0.2360401153564453,0.1421595811843872,0.11619766056537628,0.25530216097831726,0.2079465091228485,0.12567998468875885,0.10236777365207672
864.0,0.0005,0.2,256.0,4.0,0.2371833324432373,0.2068360447883606,0.11282949894666672,0.09839311987161636,0.3005492687225342,0.25577324628829956,0.14297302067279816,0.12167280912399292
865.0,0.0005,0.2,256.0,4.0,0.18414215743541718,0.14013078808784485,0.07986531406641006,0.060776904225349426,0.2841375172138214,0.2247590720653534,0.12323486059904099,0.09748152643442154
866.0,0.0005,0.2,256.0,4.0,0.42302626371383667,0.3429264724254608,0.18919409811496735,0.15337030589580536,0.1985102891921997,0.13830970227718353,0.08878170698881149,0.06185759976506233
867.0,0.0005,0.2,256.0,4.0,0.2769744396209717,0.23410740494728088,0.14461380243301392,0.1222320944070816,0.16953213512897491,0.1142621636390686,0.08851606398820877,0.05965851992368698
868.0,0.0005,0.2,256.0,4.0,0.4433712065219879,0.28671032190322876,0.18142063915729523,0.11731745302677155,0.46641331911087036,0.33449217677116394,0.1908491998910904,0.13686907291412354
869.0,0.0005,0.2,256.0,4.0,0.3020378351211548,0.2571553587913513,0.13405030965805054,0.11413058638572693,0.48700612783432007,0.42028242349624634,0.21614287793636322,0.18652959167957306
870.0,0.0005,0.2,256.0,4.0,0.2108766883611679,0.15305247902870178,0.0995333194732666,0.0722404271364212,0.19587735831737518,0.15046441555023193,0.09245367348194122,0.07101885974407196
871.0,0.0005,0.2,256.0,4.0,0.36727312207221985,0.3282368779182434,0.17840035259723663,0.15943880379199982,0.25677746534347534,0.18983489274978638,0.12472788244485855,0.09221099317073822
872.0,0.0005,0.2,256.0,4.0,0.3216366171836853,0.24520233273506165,0.15703000128269196,0.11971311271190643,0.30484822392463684,0.26603686809539795,0.1488335281610489,0.1298849880695343
873.0,0.0005,0.2,256.0,4.0,0.2485738843679428,0.18499478697776794,0.11641857028007507,0.08664155006408691,0.4088215231895447,0.3277722895145416,0.19146987795829773,0.15351079404354095
874.0,0.0005,0.2,256.0,4.0,0.3662445545196533,0.22945761680603027,0.17171883583068848,0.1075843796133995,0.18402308225631714,0.149155855178833,0.08628176152706146,0.06993377208709717
875.0,0.0005,0.2,256.0,4.0,0.1907976120710373,0.14620396494865417,0.08792636543512344,0.06737601011991501,0.1752561777830124,0.13796932995319366,0.08076435327529907,0.06358121335506439
876.0,0.0005,0.2,256.0,4.0,0.22674216330051422,0.18675854802131653,0.10654547810554504,0.08775728195905685,0.3075781762599945,0.24640105664730072,0.1445300579071045,0.11578311026096344
877.0,0.0005,0.2,256.0,4.0,0.23211151361465454,0.1971839964389801,0.12070414423942566,0.10254091769456863,0.12367768585681915,0.10004628449678421,0.06431569159030914,0.05202673003077507
878.0,0.0005,0.2,256.0,4.0,0.35226961970329285,0.24493920803070068,0.1592804342508316,0.1107504591345787,0.12832312285900116,0.10561570525169373,0.05802192538976669,0.04775465652346611
879.0,0.0005,0.2,256.0,4.0,0.22649134695529938,0.17964144051074982,0.11111192405223846,0.08812834322452545,0.4329017102718353,0.3278951644897461,0.2123725414276123,0.16085852682590485
880.0,0.0005,0.2,256.0,4.0,0.38931283354759216,0.3263920545578003,0.15537036955356598,0.13025939464569092,0.45122483372688293,0.39710894227027893,0.18007874488830566,0.1584816873073578
881.0,0.0005,0.2,256.0,4.0,0.34435245394706726,0.2575645446777344,0.15838027000427246,0.11846333742141724,0.47296640276908875,0.3773146867752075,0.21753449738025665,0.17354078590869904
882.0,0.0005,0.2,256.0,4.0,0.3311941623687744,0.2534489631652832,0.16824184358119965,0.12874838709831238,0.40053772926330566,0.32065537571907043,0.20346733927726746,0.1628882884979248
883.0,0.0005,0.2,256.0,4.0,0.2155000865459442,0.14858514070510864,0.1060747429728508,0.07313746958971024,0.10648763179779053,0.08522084355354309,0.05241600051522255,0.04194793477654457
884.0,0.0005,0.2,256.0,4.0,0.2031288743019104,0.17122158408164978,0.09731171280145645,0.08202607929706573,0.2744535505771637,0.2448807656764984,0.13148079812526703,0.11731354892253876
885.0,0.0005,0.2,256.0,4.0,0.23114071786403656,0.20565931499004364,0.11017769575119019,0.09803149104118347,0.2685137689113617,0.19191282987594604,0.12799225747585297,0.09147893637418747
886.0,0.0005,0.2,256.0,4.0,0.2475951910018921,0.19540956616401672,0.11387386918067932,0.08987268805503845,0.17835162580013275,0.14575523138046265,0.08202739804983139,0.06703568994998932
887.0,0.0005,0.2,256.0,4.0,0.4263708293437958,0.35954713821411133,0.1956990361213684,0.16502776741981506,0.49612483382225037,0.3393356204032898,0.22771523892879486,0.15575090050697327
888.0,0.0005,0.2,256.0,4.0,0.2646234333515167,0.20017731189727783,0.1298753172159195,0.09824561327695847,0.24433588981628418,0.1875147521495819,0.1199183389544487,0.09203092753887177
889.0,0.0005,0.2,256.0,4.0,0.19109775125980377,0.13866402208805084,0.0907222181558609,0.06582969427108765,0.18579047918319702,0.1577409952878952,0.08820266276597977,0.07488638162612915
860.0,0.001,0.0,64.0,3.0,0.3358457088470459,0.29447025060653687,0.1527942419052124,0.13397030532360077,0.20568883419036865,0.15534603595733643,0.09357888996601105,0.07067523896694183
861.0,0.001,0.0,64.0,3.0,0.23382259905338287,0.1750258356332779,0.11578705906867981,0.086671382188797,0.2618083953857422,0.23263859748840332,0.12964539229869843,0.11520072817802429
862.0,0.001,0.0,64.0,3.0,0.41585543751716614,0.36602431535720825,0.19258588552474976,0.16950871050357819,0.2644404470920563,0.20878708362579346,0.12246446311473846,0.09669095277786255
863.0,0.001,0.0,64.0,3.0,0.2829322814941406,0.2269967794418335,0.13928170502185822,0.11174581944942474,0.38769495487213135,0.2504517436027527,0.19085420668125153,0.12329219281673431
864.0,0.001,0.0,64.0,3.0,0.25785988569259644,0.17699503898620605,0.12266546487808228,0.08419758826494217,0.2570520043373108,0.19750528037548065,0.12228112667798996,0.0939544141292572
865.0,0.001,0.0,64.0,3.0,0.3104725480079651,0.17470744252204895,0.13465678691864014,0.07577332854270935,0.4588533639907837,0.3326610028743744,0.19901184737682343,0.14428025484085083
866.0,0.001,0.0,64.0,3.0,0.4511607587337494,0.35376790165901184,0.20177702605724335,0.15821906924247742,0.3924097418785095,0.21936114132404327,0.17550122737884521,0.09810702502727509
867.0,0.001,0.0,64.0,3.0,0.28460419178009033,0.22187815606594086,0.14859744906425476,0.11584696173667908,0.12635600566864014,0.09456375241279602,0.06597296893596649,0.049373600631952286
868.0,0.001,0.0,64.0,3.0,0.4914299547672272,0.3652634918689728,0.20108556747436523,0.14946021139621735,0.5400500893592834,0.37425336241722107,0.2209801971912384,0.15313872694969177
869.0,0.001,0.0,64.0,3.0,0.22452318668365479,0.19506587088108063,0.09964780509471893,0.08657407015562057,0.3585752248764038,0.3062632977962494,0.15914271771907806,0.13592565059661865
870.0,0.001,0.0,64.0,3.0,0.21301662921905518,0.16765275597572327,0.10054338723421097,0.07913173735141754,0.17588597536087036,0.1468549519777298,0.08301778137683868,0.06931519508361816
871.0,0.001,0.0,64.0,3.0,0.2215251326560974,0.19440579414367676,0.10760428756475449,0.09443125873804092,0.16081081330776215,0.13071948289871216,0.07811273634433746,0.06349608302116394
872.0,0.001,0.0,64.0,3.0,0.2948763966560364,0.25144875049591064,0.14396508038043976,0.12276273965835571,0.3784405589103699,0.3246464729309082,0.18476291000843048,0.15849944949150085
873.0,0.001,0.0,64.0,3.0,0.28098005056381226,0.2225799560546875,0.13159586489200592,0.1042444109916687,0.20413048565387726,0.17221704125404358,0.09560370445251465,0.08065715432167053
874.0,0.001,0.0,64.0,3.0,0.28928515315055847,0.22500862181186676,0.1356353461742401,0.10549841076135635,0.24007754027843475,0.16912151873111725,0.11256366223096848,0.07929496467113495
875.0,0.001,0.0,64.0,3.0,0.17594784498214722,0.13595445454120636,0.08108305931091309,0.06265266984701157,0.1912427842617035,0.1596352905035019,0.08813151717185974,0.07356563955545425
876.0,0.001,0.0,64.0,3.0,0.20687052607536316,0.11313842236995697,0.09720785915851593,0.05316340923309326,0.19942273199558258,0.14468717575073242,0.09370812028646469,0.06798806041479111
877.0,0.001,0.0,64.0,3.0,0.3198733329772949,0.2597578465938568,0.16634266078472137,0.1350809633731842,0.22841177880764008,0.16369614005088806,0.11878018081188202,0.08512632548809052
878.0,0.001,0.0,64.0,3.0,0.22269706428050995,0.18261446058750153,0.10069353878498077,0.08256998658180237,0.22374561429023743,0.1835167407989502,0.10116765648126602,0.08297798037528992
879.0,0.001,0.0,64.0,3.0,0.2727746367454529,0.22197940945625305,0.13381753861904144,0.10889846086502075,0.31544527411460876,0.24007083475589752,0.15475086867809296,0.11777374148368835
880.0,0.001,0.0,64.0,3.0,0.3539900779724121,0.31817638874053955,0.14127345383167267,0.12698061764240265,0.3113039433956146,0.24025721848011017,0.12423790246248245,0.09588395059108734
881.0,0.001,0.0,64.0,3.0,0.23646573722362518,0.2011813074350357,0.10875921696424484,0.09253062307834625,0.217941015958786,0.15778622031211853,0.10023901611566544,0.07257163524627686
882.0,0.001,0.0,64.0,3.0,0.1858685165643692,0.171840101480484,0.0944184958934784,0.08729226887226105,0.1941668838262558,0.14503391087055206,0.09863395243883133,0.07367511093616486
883.0,0.001,0.0,64.0,3.0,0.21944749355316162,0.13633021712303162,0.10801774263381958,0.0671052634716034,0.16338838636875153,0.12024258077144623,0.08042404055595398,0.05918654054403305
884.0,0.001,0.0,64.0,3.0,0.2530714273452759,0.16786858439445496,0.12123740464448929,0.08041979372501373,0.2807244658470154,0.2506016492843628,0.1344849318265915,0.1200542002916336
885.0,0.001,0.0,64.0,3.0,0.2511577010154724,0.1840069442987442,0.11971914768218994,0.08771045506000519,0.19501250982284546,0.1671253740787506,0.09295647591352463,0.07966352999210358
886.0,0.001,0.0,64.0,3.0,0.2591860294342041,0.21715441346168518,0.11920472234487534,0.09987355768680573,0.29522261023521423,0.27258557081222534,0.13577865064144135,0.1253674328327179
887.0,0.001,0.0,64.0,3.0,0.2529498040676117,0.2214624434709549,0.11610087007284164,0.10164856910705566,0.27806562185287476,0.22584249079227448,0.12762872874736786,0.10365894436836243
888.0,0.001,0.0,64.0,3.0,0.22718128561973572,0.20029819011688232,0.11149900406599045,0.09830497205257416,0.2389426976442337,0.20142193138599396,0.11727137863636017,0.09885644912719727
889.0,0.001,0.0,64.0,3.0,0.30054178833961487,0.26973992586135864,0.14267998933792114,0.12805700302124023,0.26599350571632385,0.21138522028923035,0.12627844512462616,0.10035356879234314
860.0,0.001,0.0,128.0,2.0,0.425115168094635,0.32751959562301636,0.19340768456459045,0.14900624752044678,0.25689053535461426,0.19327345490455627,0.11687328666448593,0.08793047815561295
861.0,0.001,0.0,128.0,2.0,0.18960079550743103,0.13150788843631744,0.09388880431652069,0.06512165069580078,0.2621634602546692,0.21413251757621765,0.12982121109962463,0.10603667795658112
862.0,0.001,0.0,128.0,2.0,0.5125626921653748,0.4108332693576813,0.2373717725276947,0.19026008248329163,0.2402925193309784,0.15152432024478912,0.11128134280443192,0.07017209380865097
863.0,0.001,0.0,128.0,2.0,0.2819167673587799,0.22958752512931824,0.13878178596496582,0.11302119493484497,0.21588949859142303,0.17406466603279114,0.10627792030572891,0.08568842709064484
864.0,0.001,0.0,128.0,2.0,0.3160518407821655,0.24316595494747162,0.15034770965576172,0.11567547917366028,0.24569541215896606,0.22320875525474548,0.11687874048948288,0.10618170350790024
865.0,0.001,0.0,128.0,2.0,0.3567574918270111,0.34241926670074463,0.15473127365112305,0.1485125720500946,0.2734464704990387,0.21589499711990356,0.11859796196222305,0.09363701939582825
866.0,0.001,0.0,128.0,2.0,0.4117926061153412,0.3285171687602997,0.18417003750801086,0.1469259411096573,0.3727291226387024,0.25070855021476746,0.16669926047325134,0.11212681233882904
867.0,0.001,0.0,128.0,2.0,0.27307096123695374,0.2196367084980011,0.14257575571537018,0.11467666178941727,0.08516189455986023,0.06509234756231308,0.04446469992399216,0.033985987305641174
868.0,0.001,0.0,128.0,2.0,0.48002710938453674,0.31422680616378784,0.19641967117786407,0.12857675552368164,0.5411877632141113,0.4015781283378601,0.2214457094669342,0.16431960463523865
869.0,0.001,0.0,128.0,2.0,0.20880098640918732,0.15440458059310913,0.0926700010895729,0.06852778792381287,0.4225499629974365,0.3731890916824341,0.18753595650196075,0.16562864184379578
870.0,0.001,0.0,128.0,2.0,0.24549712240695953,0.17414698004722595,0.11587408185005188,0.08219698071479797,0.24477843940258026,0.20226965844631195,0.11553489416837692,0.0954708456993103
871.0,0.001,0.0,128.0,2.0,0.3007170557975769,0.26251745223999023,0.14607122540473938,0.1275160312652588,0.18337129056453705,0.11471326649188995,0.08907133340835571,0.05572117492556572
872.0,0.001,0.0,128.0,2.0,0.2694025933742523,0.24460408091545105,0.13152821362018585,0.11942104995250702,0.3194736838340759,0.2584637999534607,0.15597400069236755,0.12618762254714966
873.0,0.001,0.0,128.0,2.0,0.21186506748199463,0.18374109268188477,0.09922612458467484,0.08605438470840454,0.22451737523078918,0.20452019572257996,0.10515180975198746,0.0957862138748169
874.0,0.001,0.0,128.0,2.0,0.28358274698257446,0.21537894010543823,0.132961705327034,0.1009834036231041,0.26309800148010254,0.1987823098897934,0.1233571469783783,0.09320183098316193
875.0,0.001,0.0,128.0,2.0,0.17997652292251587,0.13314813375473022,0.08293962478637695,0.06135942041873932,0.1705143302679062,0.15106356143951416,0.0785791352391243,0.06961552053689957
876.0,0.001,0.0,128.0,2.0,0.25641781091690063,0.19510111212730408,0.12048995494842529,0.09167742729187012,0.32281920313835144,0.2724299430847168,0.1516917645931244,0.1280139982700348
877.0,0.001,0.0,128.0,2.0,0.3109419345855713,0.24342034757137299,0.16169805824756622,0.12658503651618958,0.2760053277015686,0.2204204946756363,0.14353010058403015,0.1146245077252388
878.0,0.001,0.0,128.0,2.0,0.4775819182395935,0.3624996542930603,0.2159409523010254,0.16390597820281982,0.27831754088401794,0.25273579359054565,0.1258426159620285,0.114275723695755
879.0,0.001,0.0,128.0,2.0,0.19813795387744904,0.16472715139389038,0.0972023606300354,0.08081170171499252,0.3456997275352478,0.2570212185382843,0.16959306597709656,0.1260892152786255
880.0,0.001,0.0,128.0,2.0,0.3392556309700012,0.2944575548171997,0.13539311289787292,0.11751469224691391,0.30861276388168335,0.2640340030193329,0.1231638714671135,0.10537299513816833
881.0,0.001,0.0,128.0,2.0,0.2954989969730377,0.26145997643470764,0.1359107792377472,0.1202549859881401,0.22670422494411469,0.18004480004310608,0.10426951944828033,0.08280916512012482
882.0,0.001,0.0,128.0,2.0,0.2570233941078186,0.23409131169319153,0.1305641531944275,0.11891499161720276,0.09512116760015488,0.08517561852931976,0.04832017421722412,0.04326799511909485
883.0,0.001,0.0,128.0,2.0,0.1828758865594864,0.1482202708721161,0.09001628309488297,0.07295788079500198,0.16246455907821655,0.14224845170974731,0.07996927201747894,0.07001838088035583
884.0,0.001,0.0,128.0,2.0,0.23185674846172333,0.1605512946844101,0.11107420921325684,0.07691432535648346,0.21920698881149292,0.1906287670135498,0.10501415282487869,0.0913233757019043
885.0,0.001,0.0,128.0,2.0,0.29868027567863464,0.2723255455493927,0.14237171411514282,0.12980923056602478,0.23018378019332886,0.19186092913150787,0.10972152650356293,0.09145420044660568
886.0,0.001,0.0,128.0,2.0,0.3211360573768616,0.280650794506073,0.14769674837589264,0.1290767788887024,0.2453915774822235,0.2073671817779541,0.11286036670207977,0.09537221491336823
887.0,0.001,0.0,128.0,2.0,0.3725070655345917,0.3228156864643097,0.17097623646259308,0.14816848933696747,0.3009742498397827,0.2414335012435913,0.13814350962638855,0.11081504821777344
888.0,0.001,0.0,128.0,2.0,0.2041291445493698,0.1513027846813202,0.10018514841794968,0.07425832003355026,0.17120696604251862,0.12388935685157776,0.08402716368436813,0.06080402433872223
889.0,0.001,0.0,128.0,2.0,0.23763418197631836,0.18474030494689941,0.11281505227088928,0.08770407736301422,0.28184542059898376,0.24344420433044434,0.13380402326583862,0.11557331681251526
860.0,0.001,0.0,128.0,3.0,0.29374563694000244,0.2555719017982483,0.13364064693450928,0.11627335846424103,0.2237388789653778,0.16845980286598206,0.10179082304239273,0.07664140313863754
861.0,0.001,0.0,128.0,3.0,0.15515288710594177,0.11437010020017624,0.07683046162128448,0.05663515627384186,0.2675132751464844,0.22886551916599274,0.13247041404247284,0.1133323460817337
862.0,0.001,0.0,128.0,3.0,0.5718708038330078,0.47541528940200806,0.2648378014564514,0.22016850113868713,0.28846392035484314,0.19700701534748077,0.13358990848064423,0.09123548865318298
863.0,0.001,0.0,128.0,3.0,0.23485355079174042,0.20260123908519745,0.11561354249715805,0.09973639249801636,0.18738459050655365,0.15127623081207275,0.09224553406238556,0.0744701474905014
864.0,0.001,0.0,128.0,3.0,0.22564998269081116,0.15607473254203796,0.10734301805496216,0.07424567639827728,0.22281503677368164,0.17923003435134888,0.10599440336227417,0.0852607786655426
865.0,0.001,0.0,128.0,3.0,0.3135693073272705,0.22329042851924896,0.1359998881816864,0.09684454649686813,0.372368723154068,0.27993226051330566,0.16150209307670593,0.12141097337007523
866.0,0.001,0.0,128.0,3.0,0.4164470136165619,0.3437086045742035,0.18625164031982422,0.15372015535831451,0.23271147906780243,0.19019974768161774,0.10407780855894089,0.08506487309932709
867.0,0.001,0.0,128.0,3.0,0.2363860011100769,0.20515234768390656,0.12342178821563721,0.10711407661437988,0.16910792887210846,0.13179826736450195,0.08829458057880402,0.0688144713640213
868.0,0.001,0.0,128.0,3.0,0.44615018367767334,0.28906214237213135,0.18255779147148132,0.11827979981899261,0.5130730867385864,0.35593220591545105,0.20994165539741516,0.1456419974565506
869.0,0.001,0.0,128.0,3.0,0.17432630062103271,0.14145363867282867,0.07736942917108536,0.06277990341186523,0.3739543557167053,0.2835925221443176,0.16596825420856476,0.1258639097213745
870.0,0.001,0.0,128.0,3.0,0.2221396565437317,0.18088941276073456,0.10484941303730011,0.08537939190864563,0.1666877120733261,0.15349486470222473,0.07867622375488281,0.0724492222070694
871.0,0.001,0.0,128.0,3.0,0.2704569101333618,0.2237674742937088,0.13137255609035492,0.10869348794221878,0.14868493378162384,0.10033445060253143,0.07222267985343933,0.04873676225543022
872.0,0.001,0.0,128.0,3.0,0.12655268609523773,0.10787834227085114,0.06178577244281769,0.05266854912042618,0.29283422231674194,0.22557610273361206,0.14296802878379822,0.1101311594247818
873.0,0.001,0.0,128.0,3.0,0.24460414052009583,0.1954183727502823,0.1145593449473381,0.09152339398860931,0.22014117240905762,0.1567263901233673,0.10310224443674088,0.07340218126773834
874.0,0.001,0.0,128.0,3.0,0.427761048078537,0.38260963559150696,0.20056170225143433,0.17939183115959167,0.30796700716018677,0.24598611891269684,0.1443946212530136,0.11533401906490326
875.0,0.001,0.0,128.0,3.0,0.1943185031414032,0.1553368717432022,0.08954890072345734,0.0715847909450531,0.17547421157360077,0.15054592490196228,0.0808647945523262,0.06937695294618607
876.0,0.001,0.0,128.0,3.0,0.21994706988334656,0.18657898902893066,0.10335247218608856,0.08767291158437729,0.3044876754283905,0.23002201318740845,0.14307785034179688,0.10808663815259933
877.0,0.001,0.0,128.0,3.0,0.35584041476249695,0.26306289434432983,0.1850464642047882,0.1367996782064438,0.2514166831970215,0.2073831409215927,0.1307433545589447,0.1078447476029396
878.0,0.001,0.0,128.0,3.0,0.5068081617355347,0.38963979482650757,0.2291557788848877,0.17617753148078918,0.20002813637256622,0.1726720631122589,0.0904437005519867,0.07807451486587524
879.0,0.001,0.0,128.0,3.0,0.18397729098796844,0.1638585776090622,0.09025540947914124,0.08038559556007385,0.30299514532089233,0.21631775796413422,0.14864307641983032,0.1061209887266159
880.0,0.001,0.0,128.0,3.0,0.44881343841552734,0.3890385627746582,0.1791163831949234,0.15526092052459717,0.3802727162837982,0.28507199883461,0.15176254510879517,0.11376901715993881
881.0,0.001,0.0,128.0,3.0,0.24078331887722015,0.1565508395433426,0.11074502766132355,0.07200345396995544,0.35053375363349915,0.26220691204071045,0.16122326254844666,0.12059853225946426
882.0,0.001,0.0,128.0,3.0,0.31986287236213684,0.2859138250350952,0.16248570382595062,0.14524008333683014,0.10881645232439041,0.08595964312553406,0.055277179926633835,0.04366625100374222
883.0,0.001,0.0,128.0,3.0,0.23227325081825256,0.18754136562347412,0.11433093994855881,0.09231273829936981,0.23728728294372559,0.19447103142738342,0.11679897457361221,0.0957237258553505
884.0,0.001,0.0,128.0,3.0,0.28539708256721497,0.24542713165283203,0.13672344386577606,0.1175752729177475,0.16768842935562134,0.1377752125263214,0.08033345639705658,0.06600311398506165
885.0,0.001,0.0,128.0,3.0,0.22590938210487366,0.17832687497138977,0.10768406093120575,0.08500294387340546,0.23650801181793213,0.18678635358810425,0.11273607611656189,0.08903529495000839
886.0,0.001,0.0,128.0,3.0,0.26820677518844604,0.20727643370628357,0.12335354089736938,0.09533049166202545,0.2820049524307251,0.21608683466911316,0.12969957292079926,0.09938254952430725
887.0,0.001,0.0,128.0,3.0,0.2732279598712921,0.2572041153907776,0.12540829181671143,0.11805354803800583,0.1953701227903366,0.17799721658229828,0.0896724984049797,0.08169855177402496
888.0,0.001,0.0,128.0,3.0,0.2858199179172516,0.24881376326084137,0.1402784287929535,0.12211605906486511,0.3215999901294708,0.24849538505077362,0.15783900022506714,0.12195977568626404
889.0,0.001,0.0,128.0,3.0,0.2115730494260788,0.15555071830749512,0.10044272243976593,0.07384654134511948,0.29032307863235474,0.24909037351608276,0.13782872259616852,0.11825381219387054
860.0,0.001,0.0,128.0,4.0,0.44649431109428406,0.35120633244514465,0.20313423871994019,0.15978261828422546,0.24059657752513885,0.16016066074371338,0.10946029424667358,0.07286567986011505
861.0,0.001,0.0,128.0,4.0,0.2746567726135254,0.23093649744987488,0.13600781559944153,0.11435788869857788,0.3200933635234833,0.2585723400115967,0.15850763022899628,0.12804290652275085
862.0,0.001,0.0,128.0,4.0,0.415552020072937,0.3230557441711426,0.19244538247585297,0.14960964024066925,0.21409860253334045,0.19781328737735748,0.09915075451135635,0.09160888940095901
863.0,0.001,0.0,128.0,4.0,0.26060226559638977,0.2241407036781311,0.1282891035079956,0.11033982038497925,0.23020052909851074,0.18925097584724426,0.11332294344902039,0.09316433221101761
864.0,0.001,0.0,128.0,4.0,0.2662923038005829,0.18256083130836487,0.1266767978668213,0.08684524148702621,0.2287939190864563,0.19791175425052643,0.10883857309818268,0.09414775669574738
865.0,0.001,0.0,128.0,4.0,0.2889118194580078,0.19596514105796814,0.12530551850795746,0.08499312400817871,0.3272697925567627,0.2526112198829651,0.14194199442863464,0.10956141352653503
866.0,0.001,0.0,128.0,4.0,0.5812823176383972,0.45913559198379517,0.25997257232666016,0.20534372329711914,0.4805443584918976,0.29002878069877625,0.21491850912570953,0.12971237301826477
867.0,0.001,0.0,128.0,4.0,0.32759755849838257,0.24414348602294922,0.17104515433311462,0.1274721324443817,0.14436368644237518,0.13435952365398407,0.07537511736154556,0.07015174627304077
868.0,0.001,0.0,128.0,4.0,0.41013580560684204,0.301895409822464,0.1678212285041809,0.12353094667196274,0.4780556559562683,0.3540138900279999,0.19561302661895752,0.14485704898834229
869.0,0.001,0.0,128.0,4.0,0.44097793102264404,0.2788897752761841,0.19571466743946075,0.12377677857875824,0.533328652381897,0.3566725552082062,0.23670171201229095,0.15829825401306152
870.0,0.001,0.0,128.0,4.0,0.280312716960907,0.1999993622303009,0.13230697810649872,0.09439924359321594,0.22706840932369232,0.182697132229805,0.10717576742172241,0.08623261749744415
871.0,0.001,0.0,128.0,4.0,0.3025348484516144,0.24771000444889069,0.14695420861244202,0.12032341957092285,0.1677582859992981,0.11007681488990784,0.08148742467164993,0.05346905067563057
872.0,0.001,0.0,128.0,4.0,0.14490364491939545,0.10873863101005554,0.07074513286352158,0.053088586777448654,0.24242082238197327,0.22553415596485138,0.11835511028766632,0.11011066287755966
873.0,0.001,0.0,128.0,4.0,0.31993573904037476,0.25466790795326233,0.1498405933380127,0.11927266418933868,0.18971194326877594,0.13710469007492065,0.08885080367326736,0.06421241164207458
874.0,0.001,0.0,128.0,4.0,0.27112701535224915,0.24233166873455048,0.1271216869354248,0.1136205792427063,0.23327134549617767,0.20770542323589325,0.10937249660491943,0.09738554805517197
875.0,0.001,0.0,128.0,4.0,0.2166164666414261,0.17431852221488953,0.09982461482286453,0.0803322121500969,0.19195997714996338,0.15932810306549072,0.08846208453178406,0.07342413067817688
876.0,0.001,0.0,128.0,4.0,0.23272353410720825,0.17114590108394623,0.10935608297586441,0.08042094111442566,0.4526052474975586,0.31646430492401123,0.21267783641815186,0.1487056314945221
877.0,0.001,0.0,128.0,4.0,0.2854035198688507,0.22699400782585144,0.1484174132347107,0.11804291605949402,0.1881183236837387,0.15575000643730164,0.0978265032172203,0.0809941291809082
878.0,0.001,0.0,128.0,4.0,0.38654762506484985,0.2335851639509201,0.17477937042713165,0.10561668127775192,0.25783878564834595,0.2300128936767578,0.11658306419849396,0.10400144755840302
879.0,0.001,0.0,128.0,4.0,0.22597724199295044,0.1855260282754898,0.110859714448452,0.09101519733667374,0.48049017786979675,0.31492409110069275,0.2357184737920761,0.15449519455432892
880.0,0.001,0.0,128.0,4.0,0.31463199853897095,0.2470187246799469,0.12556606531143188,0.09858237951993942,0.3147839605808258,0.2526479959487915,0.12562674283981323,0.10082896798849106
881.0,0.001,0.0,128.0,4.0,0.19474603235721588,0.16511178016662598,0.08957082778215408,0.07594094425439835,0.24060557782649994,0.17989790439605713,0.1106632873415947,0.0827416256070137
882.0,0.001,0.0,128.0,4.0,0.21558810770511627,0.1660032868385315,0.10951562970876694,0.08432723581790924,0.10241760313510895,0.08151179552078247,0.052026670426130295,0.041406817734241486
883.0,0.001,0.0,128.0,4.0,0.21919690072536469,0.18937425315380096,0.1078944057226181,0.09321493655443192,0.26361146569252014,0.22963550686836243,0.12975643575191498,0.11303257942199707
884.0,0.001,0.0,128.0,4.0,0.17738425731658936,0.15302178263664246,0.084978386759758,0.07330720126628876,0.2090170532464981,0.171131893992424,0.1001325249671936,0.08198311924934387
885.0,0.001,0.0,128.0,4.0,0.3299463987350464,0.22726333141326904,0.15727531909942627,0.10832946002483368,0.18150769174098969,0.1612318456172943,0.08651913702487946,0.07685425877571106
886.0,0.001,0.0,128.0,4.0,0.16407978534698486,0.1292543262243271,0.07546348869800568,0.05944658815860748,0.22988887131214142,0.18770208954811096,0.10573037713766098,0.08632786571979523
887.0,0.001,0.0,128.0,4.0,0.3219431936740875,0.29187828302383423,0.14776800572872162,0.13396857678890228,0.34792205691337585,0.28136664628982544,0.15969198942184448,0.1291438639163971
888.0,0.001,0.0,128.0,4.0,0.22646081447601318,0.17900200188159943,0.11114538460969925,0.08785293996334076,0.23208798468112946,0.20625163614749908,0.11390713602304459,0.10122683644294739
889.0,0.001,0.0,128.0,4.0,0.2924920916557312,0.21556146442890167,0.13885845243930817,0.10233622044324875,0.36938825249671936,0.28544214367866516,0.17536433041095734,0.13551153242588043
860.0,0.001,0.0,256.0,3.0,0.5020891427993774,0.39662548899650574,0.22842732071876526,0.18044623732566833,0.22541983425617218,0.14904096722602844,0.10255558043718338,0.06780673563480377
861.0,0.001,0.0,256.0,3.0,0.2863788902759552,0.26215076446533203,0.1418125033378601,0.12981492280960083,0.4028989374637604,0.33831799030303955,0.1995123028755188,0.16753233969211578
862.0,0.001,0.0,256.0,3.0,0.3708389103412628,0.28736254572868347,0.171738401055336,0.13307982683181763,0.2394782304763794,0.200709268450737,0.1109042540192604,0.09295003116130829
863.0,0.001,0.0,256.0,3.0,0.3216540515422821,0.2602822184562683,0.1583436280488968,0.12813153862953186,0.25581586360931396,0.21134401857852936,0.12593284249305725,0.10404027253389359
864.0,0.001,0.0,256.0,3.0,0.22108031809329987,0.14925341308116913,0.10516916960477829,0.07100069522857666,0.2739642858505249,0.23262456059455872,0.13032639026641846,0.1106608510017395
865.0,0.001,0.0,256.0,3.0,0.4349531829357147,0.21890971064567566,0.18864594399929047,0.09494452178478241,0.5169979333877563,0.3965492248535156,0.22423002123832703,0.1719895750284195
866.0,0.001,0.0,256.0,3.0,0.5027847290039062,0.40241503715515137,0.22486534714698792,0.17997600138187408,0.4451517164707184,0.3246467113494873,0.19908952713012695,0.1451949179172516
867.0,0.001,0.0,256.0,3.0,0.24636133015155792,0.18292434513568878,0.1286301165819168,0.0955083966255188,0.09904635697603226,0.07725925743579865,0.05171405151486397,0.04033856838941574
868.0,0.001,0.0,256.0,3.0,0.6424337029457092,0.3756118416786194,0.26287394762039185,0.15369458496570587,0.645291805267334,0.45392608642578125,0.26404350996017456,0.18573960661888123
869.0,0.001,0.0,256.0,3.0,0.21389470994472504,0.17075905203819275,0.09493069350719452,0.07578623294830322,0.4095679223537445,0.3352489471435547,0.18177427351474762,0.14879004657268524
870.0,0.001,0.0,256.0,3.0,0.2725927233695984,0.19882488250732422,0.12866313755512238,0.09384489059448242,0.20048853754997253,0.17122408747673035,0.09463014453649521,0.08081738650798798
871.0,0.001,0.0,256.0,3.0,0.32385390996932983,0.2525724768638611,0.15730980038642883,0.12268532812595367,0.23343679308891296,0.19620835781097412,0.11339031159877777,0.09530684351921082
872.0,0.001,0.0,256.0,3.0,0.26907214522361755,0.214742973446846,0.13136689364910126,0.10484219342470169,0.4084538221359253,0.36879783868789673,0.19941604137420654,0.18005511164665222
873.0,0.001,0.0,256.0,3.0,0.3610077202320099,0.3034466505050659,0.16907645761966705,0.14211797714233398,0.511445939540863,0.4142710864543915,0.23953361809253693,0.19402217864990234
874.0,0.001,0.0,256.0,3.0,0.2889888286590576,0.20768046379089355,0.13549642264842987,0.09737386554479599,0.16696107387542725,0.12647639214992523,0.07828202098608017,0.05930021032691002
875.0,0.001,0.0,256.0,3.0,0.22211617231369019,0.1781814694404602,0.10235907882452011,0.0821124017238617,0.3257414698600769,0.20914620161056519,0.15011335909366608,0.09638205915689468
876.0,0.001,0.0,256.0,3.0,0.1626434177160263,0.13983720541000366,0.07642564922571182,0.06570908427238464,0.2885984480381012,0.2451368272304535,0.13561151921749115,0.11518906056880951
877.0,0.001,0.0,256.0,3.0,0.3005490005016327,0.22924819588661194,0.15629345178604126,0.11921513825654984,0.2548087537288666,0.19305554032325745,0.13250732421875,0.10039401054382324
878.0,0.001,0.0,256.0,3.0,0.2619918882846832,0.22118377685546875,0.11846094578504562,0.10000934451818466,0.220982626080513,0.18311598896980286,0.09991834312677383,0.08279676735401154
879.0,0.001,0.0,256.0,3.0,0.22292199730873108,0.1786903440952301,0.10936086624860764,0.0876617357134819,0.26779904961586,0.22404567897319794,0.13137660920619965,0.10991212725639343
880.0,0.001,0.0,256.0,3.0,0.37485969066619873,0.32796040177345276,0.1496022790670395,0.1308853179216385,0.39053598046302795,0.3259902000427246,0.15585851669311523,0.13009901344776154
881.0,0.001,0.0,256.0,3.0,0.27422502636909485,0.22722205519676208,0.12612609565258026,0.10450771450996399,0.18317365646362305,0.161729097366333,0.08424823731184006,0.07438510656356812
882.0,0.001,0.0,256.0,3.0,0.25407275557518005,0.21937762200832367,0.12906526029109955,0.11144062876701355,0.14457738399505615,0.11778560280799866,0.073443204164505,0.05983336269855499
883.0,0.001,0.0,256.0,3.0,0.23714537918567657,0.1835661232471466,0.11672913283109665,0.0903560221195221,0.2244744896888733,0.17949320375919342,0.11049218475818634,0.08835122734308243
884.0,0.001,0.0,256.0,3.0,0.2187585085630417,0.17579132318496704,0.10479932278394699,0.08421529829502106,0.27577850222587585,0.2465902864933014,0.13211551308631897,0.11813250929117203
885.0,0.001,0.0,256.0,3.0,0.3659036457538605,0.2389175295829773,0.17441502213478088,0.11388464272022247,0.10418865829706192,0.0910993367433548,0.04966353625059128,0.04342426359653473
886.0,0.001,0.0,256.0,3.0,0.2891805171966553,0.2528793513774872,0.13299976289272308,0.11630415916442871,0.27232998609542847,0.22212707996368408,0.12524986267089844,0.10216057300567627
887.0,0.001,0.0,256.0,3.0,0.3674302399158478,0.32224470376968384,0.16864599287509918,0.14790639281272888,0.3534510135650635,0.2726361155509949,0.1622297167778015,0.12513667345046997
888.0,0.001,0.0,256.0,3.0,0.1528971642255783,0.10969299077987671,0.07504086941480637,0.05383656919002533,0.19985705614089966,0.15813380479812622,0.09808843582868576,0.07761094719171524
889.0,0.001,0.0,256.0,3.0,0.3341889977455139,0.31132885813713074,0.15865373611450195,0.14780107140541077,0.3850575387477875,0.3245040774345398,0.1828031986951828,0.1540558934211731
860.0,0.001,0.1,64.0,3.0,0.2876310646533966,0.26435697078704834,0.13085879385471344,0.12027016282081604,0.23964695632457733,0.1912541538476944,0.10902826488018036,0.08701177686452866
861.0,0.001,0.1,64.0,3.0,0.28085023164749146,0.21476127207279205,0.13907477259635925,0.10634805262088776,0.3989190459251404,0.3139539957046509,0.1975414752960205,0.1554674655199051
862.0,0.001,0.1,64.0,3.0,0.3567989766597748,0.3195700943470001,0.16523636877536774,0.14799538254737854,0.29992005228996277,0.27455347776412964,0.13889534771442413,0.1271478831768036
863.0,0.001,0.1,64.0,3.0,0.2800208628177643,0.2224109172821045,0.13784846663475037,0.10948830842971802,0.3484424948692322,0.2660272419452667,0.17153100669384003,0.13095971941947937
864.0,0.001,0.1,64.0,3.0,0.2489614337682724,0.1821862906217575,0.11843238770961761,0.08666706830263138,0.2956997752189636,0.2541895806789398,0.14066608250141144,0.12091945111751556
865.0,0.001,0.1,64.0,3.0,0.38669392466545105,0.21770867705345154,0.1677151620388031,0.09442363679409027,0.4935612082481384,0.3706531226634979,0.21406517922878265,0.16075801849365234
866.0,0.001,0.1,64.0,3.0,0.40348878502845764,0.3566570281982422,0.1804562211036682,0.15951119363307953,0.3151553273200989,0.24452492594718933,0.14094999432563782,0.10936126857995987
867.0,0.001,0.1,64.0,3.0,0.1742706149816513,0.13987374305725098,0.09099012613296509,0.07303082942962646,0.0848698765039444,0.06478103995323181,0.0443122461438179,0.033823467791080475
868.0,0.001,0.1,64.0,3.0,0.5680184364318848,0.3848966956138611,0.23242439329624176,0.15749381482601166,0.5996450185775757,0.44040775299072266,0.24536554515361786,0.18020808696746826
869.0,0.001,0.1,64.0,3.0,0.29082822799682617,0.21608123183250427,0.1290753036737442,0.09590110182762146,0.4755486249923706,0.3962496817111969,0.21105782687664032,0.1758633852005005
870.0,0.001,0.1,64.0,3.0,0.24896296858787537,0.16580438613891602,0.11750996112823486,0.07825928181409836,0.16219672560691833,0.12788638472557068,0.07655646651983261,0.060362059623003006
871.0,0.001,0.1,64.0,3.0,0.29488295316696167,0.2655978202819824,0.14323733747005463,0.12901228666305542,0.2571846842765808,0.19618606567382812,0.12492568045854568,0.09529604017734528
872.0,0.001,0.1,64.0,3.0,0.19117285311222076,0.1793864369392395,0.09333476424217224,0.0875803679227829,0.26705965399742126,0.22353790700435638,0.13038434088230133,0.10913604497909546
873.0,0.001,0.1,64.0,3.0,0.2560768723487854,0.20661427080631256,0.11993254721164703,0.09676694869995117,0.25303539633750916,0.1940644085407257,0.11850811541080475,0.09088928997516632
874.0,0.001,0.1,64.0,3.0,0.2902516722679138,0.22978812456130981,0.1360885202884674,0.10773934423923492,0.21804414689540863,0.15340998768806458,0.10223301500082016,0.07192839682102203
875.0,0.001,0.1,64.0,3.0,0.1970691680908203,0.16427727043628693,0.09081653505563736,0.07570485770702362,0.27475297451019287,0.17498815059661865,0.12661603093147278,0.08064079284667969
876.0,0.001,0.1,64.0,3.0,0.16456860303878784,0.1333943009376526,0.07733030617237091,0.06268158555030823,0.2882947623729706,0.21818649768829346,0.13546882569789886,0.10252516716718674
877.0,0.001,0.1,64.0,3.0,0.319808691740036,0.26478311419487,0.16630901396274567,0.13769423961639404,0.24289892613887787,0.19218599796295166,0.12631388008594513,0.09994181990623474
878.0,0.001,0.1,64.0,3.0,0.230622336268425,0.19690322875976562,0.10427698493003845,0.08903073519468307,0.19892975687980652,0.17270392179489136,0.08994704484939575,0.0780889242887497
879.0,0.001,0.1,64.0,3.0,0.3492918014526367,0.28307613730430603,0.1713552325963974,0.1388712227344513,0.35881659388542175,0.27092573046684265,0.17602790892124176,0.13291050493717194
880.0,0.001,0.1,64.0,3.0,0.3762166500091553,0.31055930256843567,0.1501438170671463,0.12394071370363235,0.36327147483825684,0.28321629762649536,0.14497756958007812,0.11302843689918518
881.0,0.001,0.1,64.0,3.0,0.21136672794818878,0.15681910514831543,0.09721528738737106,0.0721268504858017,0.3054887056350708,0.19614854454994202,0.14050541818141937,0.09021587669849396
882.0,0.001,0.1,64.0,3.0,0.18969249725341797,0.15603791177272797,0.09636103361845016,0.07926499843597412,0.21133865416049957,0.1550031304359436,0.107356958091259,0.07873933762311935
883.0,0.001,0.1,64.0,3.0,0.2512531280517578,0.17646269500255585,0.12367332726716995,0.08685953915119171,0.142129048705101,0.10866311192512512,0.0699596181511879,0.053486816585063934
884.0,0.001,0.1,64.0,3.0,0.2708480656147003,0.24572080373764038,0.12975353002548218,0.11771596968173981,0.22738777101039886,0.17225423455238342,0.10893326997756958,0.08252078294754028
885.0,0.001,0.1,64.0,3.0,0.30758142471313477,0.25433075428009033,0.14661462604999542,0.12123166024684906,0.3304445147514343,0.25965553522109985,0.15751272439956665,0.12376979738473892
886.0,0.001,0.1,64.0,3.0,0.34590423107147217,0.3086036443710327,0.1590881049633026,0.14193283021450043,0.2998221218585968,0.26716360449790955,0.13789406418800354,0.12287376821041107
887.0,0.001,0.1,64.0,3.0,0.299948513507843,0.274921178817749,0.13767272233963013,0.12618544697761536,0.26761603355407715,0.19263890385627747,0.12283249944448471,0.08841891586780548
888.0,0.001,0.1,64.0,3.0,0.19067887961864471,0.1478298306465149,0.0935838520526886,0.0725538358092308,0.23289400339126587,0.15122494101524353,0.11430273950099945,0.07422014325857162
889.0,0.001,0.1,64.0,3.0,0.2962978780269623,0.2484411746263504,0.1406652182340622,0.1179456114768982,0.22592045366764069,0.20531190931797028,0.10725406557321548,0.09747031331062317
860.0,0.001,0.1,128.0,2.0,0.29765161871910095,0.25592344999313354,0.1354176551103592,0.116433285176754,0.23692840337753296,0.161947101354599,0.10779143869876862,0.07367841899394989
861.0,0.001,0.1,128.0,2.0,0.22307907044887543,0.1356876641511917,0.11046696454286575,0.06719145178794861,0.37132731080055237,0.2855716645717621,0.18387827277183533,0.14141276478767395
862.0,0.001,0.1,128.0,2.0,0.28589263558387756,0.23370012640953064,0.13239911198616028,0.10822836309671402,0.3204789161682129,0.2619304060935974,0.14841631054878235,0.121302030980587
863.0,0.001,0.1,128.0,2.0,0.2869499921798706,0.23507405817508698,0.14125952124595642,0.11572208255529404,0.20986518263816833,0.19005262851715088,0.10331226885318756,0.09355895966291428
864.0,0.001,0.1,128.0,2.0,0.24545183777809143,0.16820022463798523,0.11676285415887833,0.08001382648944855,0.28873372077941895,0.26117733120918274,0.1373523324728012,0.12424357980489731
865.0,0.001,0.1,128.0,2.0,0.5439645051956177,0.2939048111438751,0.23592589795589447,0.12747111916542053,0.6404805779457092,0.44390004873275757,0.27778640389442444,0.19252637028694153
866.0,0.001,0.1,128.0,2.0,0.46582841873168945,0.3791196346282959,0.2083369791507721,0.1695573627948761,0.3821301758289337,0.2113228738307953,0.1709037721157074,0.0945119634270668
867.0,0.001,0.1,128.0,2.0,0.19722753763198853,0.1716720163822174,0.10297640413045883,0.08963336050510406,0.1062915027141571,0.08349812030792236,0.05549689754843712,0.043596021831035614
868.0,0.001,0.1,128.0,2.0,0.5729823112487793,0.3726070523262024,0.23445554077625275,0.1524650603532791,0.6710260510444641,0.5002163648605347,0.27457356452941895,0.20468086004257202
869.0,0.001,0.1,128.0,2.0,0.26402607560157776,0.19290795922279358,0.1171799749135971,0.08561635762453079,0.4502704441547394,0.3399481177330017,0.19983884692192078,0.15087562799453735
870.0,0.001,0.1,128.0,2.0,0.16619440913200378,0.1472412347793579,0.07844339311122894,0.06949752569198608,0.13002867996692657,0.10009598731994629,0.061373233795166016,0.0472450815141201
871.0,0.001,0.1,128.0,2.0,0.31531843543052673,0.2750781178474426,0.15316373109817505,0.13361728191375732,0.19216422736644745,0.15003377199172974,0.09334243834018707,0.07287786900997162
872.0,0.001,0.1,128.0,2.0,0.1635865718126297,0.13927996158599854,0.07986654341220856,0.06799952685832977,0.20648793876171112,0.17668943107128143,0.10081189125776291,0.08626361191272736
873.0,0.001,0.1,128.0,2.0,0.2847241759300232,0.2438221275806427,0.13334938883781433,0.11419308185577393,0.22630921006202698,0.14985217154026031,0.10599099099636078,0.07018265128135681
874.0,0.001,0.1,128.0,2.0,0.3282727897167206,0.27508699893951416,0.15391525626182556,0.12897835671901703,0.1785837709903717,0.1338556408882141,0.08373147994279861,0.06276005506515503
875.0,0.001,0.1,128.0,2.0,0.21695585548877716,0.16229045391082764,0.09998102486133575,0.07478925585746765,0.2710821032524109,0.19613085687160492,0.12492438405752182,0.09038414806127548
876.0,0.001,0.1,128.0,2.0,0.26833391189575195,0.1996978521347046,0.12608928978443146,0.0938374251127243,0.3472648859024048,0.2590232789516449,0.1631787270307541,0.12171424925327301
877.0,0.001,0.1,128.0,2.0,0.21058297157287598,0.18848618865013123,0.10950873792171478,0.09801782667636871,0.14649233222007751,0.10719077289104462,0.07617989182472229,0.05574203282594681
878.0,0.001,0.1,128.0,2.0,0.3121044337749481,0.25318366289138794,0.14111952483654022,0.1144782081246376,0.1814088523387909,0.14695394039154053,0.08202490210533142,0.06644594669342041
879.0,0.001,0.1,128.0,2.0,0.19506795704364777,0.16140706837177277,0.09569624066352844,0.079182930290699,0.3955967128276825,0.29166674613952637,0.19407148659229279,0.14308561384677887
880.0,0.001,0.1,128.0,2.0,0.5044891238212585,0.4268386960029602,0.20133593678474426,0.17034651339054108,0.354119211435318,0.29528000950813293,0.141324982047081,0.11784292757511139
881.0,0.001,0.1,128.0,2.0,0.2619805932044983,0.1455114334821701,0.12049444764852524,0.0669260174036026,0.39983922243118286,0.23770271241664886,0.1839006245136261,0.10932814329862595
882.0,0.001,0.1,128.0,2.0,0.16947005689144135,0.15274041891098022,0.08608832955360413,0.07758991420269012,0.27054232358932495,0.21855631470680237,0.13743159174919128,0.11102344840765
883.0,0.001,0.1,128.0,2.0,0.2592430114746094,0.20310112833976746,0.12760613858699799,0.09997165203094482,0.1933702677488327,0.1628393530845642,0.09518186748027802,0.08015374839305878
884.0,0.001,0.1,128.0,2.0,0.1702585071325302,0.14868462085723877,0.08156471699476242,0.07122945040464401,0.22909079492092133,0.19629144668579102,0.10974913090467453,0.09403614699840546
885.0,0.001,0.1,128.0,2.0,0.2608609199523926,0.22326624393463135,0.12434439361095428,0.10642416775226593,0.3369626998901367,0.2922019362449646,0.16061975061893463,0.139283686876297
886.0,0.001,0.1,128.0,2.0,0.3645675480365753,0.32015058398246765,0.16767172515392303,0.14724349975585938,0.32867667078971863,0.2926361560821533,0.15116482973098755,0.1345890909433365
887.0,0.001,0.1,128.0,2.0,0.2810710370540619,0.24464631080627441,0.1290081888437271,0.1122896820306778,0.26780077815055847,0.22567954659461975,0.1229173094034195,0.1035841852426529
888.0,0.001,0.1,128.0,2.0,0.24437719583511353,0.18372765183448792,0.11993861198425293,0.09017223119735718,0.21191954612731934,0.17208293080329895,0.10400860756635666,0.08445709198713303
889.0,0.001,0.1,128.0,2.0,0.3565516769886017,0.29469943046569824,0.16927029192447662,0.1399063766002655,0.24140815436840057,0.20833316445350647,0.11460673809051514,0.09890463203191757
860.0,0.001,0.1,128.0,3.0,0.23378798365592957,0.2198733240365982,0.10636269301176071,0.10003216564655304,0.2593296468257904,0.17066028714179993,0.11798297613859177,0.077642522752285
861.0,0.001,0.1,128.0,3.0,0.21038177609443665,0.19301730394363403,0.10417936742305756,0.09558061510324478,0.2726806104183197,0.2379470318555832,0.13502922654151917,0.11782944202423096
862.0,0.001,0.1,128.0,3.0,0.3470075726509094,0.2960360646247864,0.1607019007205963,0.1370965838432312,0.251521497964859,0.2104511260986328,0.11648157984018326,0.09746156632900238
863.0,0.001,0.1,128.0,3.0,0.33221691846847534,0.26834774017333984,0.16354352235794067,0.13210204243659973,0.3204137980937958,0.28334805369377136,0.15773308277130127,0.1394863873720169
864.0,0.001,0.1,128.0,3.0,0.2202557474374771,0.16109372675418854,0.10477693378925323,0.07663322240114212,0.3254077434539795,0.27820152044296265,0.15479835867881775,0.13234207034111023
865.0,0.001,0.1,128.0,3.0,0.3472161889076233,0.24674198031425476,0.15059305727481842,0.10701582580804825,0.23811784386634827,0.14285217225551605,0.10327538102865219,0.06195719540119171
866.0,0.001,0.1,128.0,3.0,0.35829195380210876,0.29664909839630127,0.16024243831634521,0.13267327845096588,0.34219473600387573,0.22036059200763702,0.15304309129714966,0.09855401515960693
867.0,0.001,0.1,128.0,3.0,0.2551085948944092,0.19500884413719177,0.13319723308086395,0.10181798040866852,0.10086307674646378,0.08491389453411102,0.052662622183561325,0.04433522745966911
868.0,0.001,0.1,128.0,3.0,0.6118828058242798,0.426128089427948,0.2503730058670044,0.1743650585412979,0.5965437293052673,0.4378774166107178,0.2440965473651886,0.17917272448539734
869.0,0.001,0.1,128.0,3.0,0.2795165181159973,0.2273176908493042,0.1240549087524414,0.10088805109262466,0.42610353231430054,0.3360300064086914,0.18911311030387878,0.14913669228553772
870.0,0.001,0.1,128.0,3.0,0.18786118924617767,0.1421707570552826,0.08867006003856659,0.0671042799949646,0.21779869496822357,0.1963007152080536,0.10280048102140427,0.09265348315238953
871.0,0.001,0.1,128.0,3.0,0.2986295521259308,0.27704787254333496,0.14505724608898163,0.13457410037517548,0.2605827748775482,0.19525682926177979,0.1265762746334076,0.09484466910362244
872.0,0.001,0.1,128.0,3.0,0.23144632577896118,0.2094983160495758,0.1129971370100975,0.10228164494037628,0.31036800146102905,0.2957618534564972,0.15152840316295624,0.14439736306667328
873.0,0.001,0.1,128.0,3.0,0.23294900357723236,0.1957007646560669,0.10910069942474365,0.09165564179420471,0.21484048664569855,0.19188567996025085,0.10061967372894287,0.08986888825893402
874.0,0.001,0.1,128.0,3.0,0.30850550532341003,0.2766741216182709,0.14464709162712097,0.1297225058078766,0.2650732696056366,0.2158719301223755,0.12428327649831772,0.10121455788612366
875.0,0.001,0.1,128.0,3.0,0.29006657004356384,0.2551229000091553,0.13367308676242828,0.11756978929042816,0.4477723240852356,0.2851150631904602,0.20634952187538147,0.1313912272453308
876.0,0.001,0.1,128.0,3.0,0.19175460934638977,0.15737202763557434,0.09010492265224457,0.07394865155220032,0.33202892541885376,0.2695559859275818,0.15601937472820282,0.12666353583335876
877.0,0.001,0.1,128.0,3.0,0.34395334124565125,0.2584814131259918,0.17886486649513245,0.13441720604896545,0.2976500689983368,0.2189333140850067,0.15478594601154327,0.11385112255811691
878.0,0.001,0.1,128.0,3.0,0.23015834391117096,0.19572632014751434,0.10406720638275146,0.08849860727787018,0.2172815203666687,0.20153020322322845,0.09824489802122116,0.09112286567687988
879.0,0.001,0.1,128.0,3.0,0.19063031673431396,0.16481924057006836,0.09351925551891327,0.08085688203573227,0.34765681624412537,0.2769312858581543,0.17055319249629974,0.1358567327260971
880.0,0.001,0.1,128.0,3.0,0.3538474440574646,0.28364723920822144,0.14121653139591217,0.11320042610168457,0.3402571976184845,0.26397642493247986,0.1357928067445755,0.10535001009702682
881.0,0.001,0.1,128.0,3.0,0.2768208682537079,0.1629091203212738,0.12732002139091492,0.07492783665657043,0.16449002921581268,0.13171786069869995,0.07565495371818542,0.060581840574741364
882.0,0.001,0.1,128.0,3.0,0.1945742517709732,0.15581724047660828,0.09884090721607208,0.0791528970003128,0.15729570388793945,0.12502411007881165,0.07990394532680511,0.06351042538881302
883.0,0.001,0.1,128.0,3.0,0.24391204118728638,0.1785677969455719,0.12005985528230667,0.08789572864770889,0.18854524195194244,0.1567600816488266,0.09280688315629959,0.07716138660907745
884.0,0.001,0.1,128.0,3.0,0.2139345109462738,0.1368560492992401,0.10248831659555435,0.06556279957294464,0.23553301393985748,0.18907475471496582,0.11283537745475769,0.09057889878749847
885.0,0.001,0.1,128.0,3.0,0.17649440467357635,0.1433543562889099,0.0841294527053833,0.06833262741565704,0.21267260611057281,0.15469864010810852,0.10137449949979782,0.07374009490013123
886.0,0.001,0.1,128.0,3.0,0.2413436323404312,0.197706937789917,0.11099865287542343,0.09092928469181061,0.2131665199995041,0.1685352325439453,0.09803944081068039,0.07751265168190002
887.0,0.001,0.1,128.0,3.0,0.21840432286262512,0.19583851099014282,0.1002449169754982,0.08988747000694275,0.20342011749744415,0.16434960067272186,0.09336734563112259,0.07543447613716125
888.0,0.001,0.1,128.0,3.0,0.19311226904392242,0.1436012238264084,0.0947781354188919,0.07047846913337708,0.1881995052099228,0.13143932819366455,0.09236698597669601,0.06450951099395752
889.0,0.001,0.1,128.0,3.0,0.3046277165412903,0.26069211959838867,0.14461974799633026,0.12376166135072708,0.3888832628726959,0.3107020854949951,0.18461942672729492,0.14750351011753082
860.0,0.001,0.1,128.0,4.0,0.4614744484424591,0.35406720638275146,0.20994947850704193,0.16108417510986328,0.2487773299217224,0.22722016274929047,0.11318215727806091,0.1033746525645256
861.0,0.001,0.1,128.0,4.0,0.2995898127555847,0.2771562337875366,0.1483544409275055,0.1372455209493637,0.40854403376579285,0.3202091455459595,0.20230765640735626,0.158564954996109
862.0,0.001,0.1,128.0,4.0,0.31793174147605896,0.2883591949939728,0.1472366601228714,0.13354137539863586,0.2722432315349579,0.24793000519275665,0.12607797980308533,0.11481833457946777
863.0,0.001,0.1,128.0,4.0,0.2509845793247223,0.21264994144439697,0.12355451285839081,0.10468314588069916,0.29787248373031616,0.24896681308746338,0.14663644134998322,0.12256121635437012
864.0,0.001,0.1,128.0,4.0,0.25227153301239014,0.18610252439975739,0.12000703066587448,0.0885300487279892,0.2568444013595581,0.2213355451822281,0.12218236923217773,0.10529060661792755
865.0,0.001,0.1,128.0,4.0,0.36988475918769836,0.2810855209827423,0.16042478382587433,0.12191115319728851,0.4426267743110657,0.3262912333011627,0.19197413325309753,0.14151760935783386
866.0,0.001,0.1,128.0,4.0,0.4005475640296936,0.3528391718864441,0.17914077639579773,0.15780368447303772,0.16894054412841797,0.1255718171596527,0.07555690407752991,0.05616069212555885
867.0,0.001,0.1,128.0,4.0,0.26770925521850586,0.2145649790763855,0.1397762894630432,0.11202862113714218,0.13062579929828644,0.10796649008989334,0.06820231676101685,0.05637144297361374
868.0,0.001,0.1,128.0,4.0,0.35086068511009216,0.26787427067756653,0.1435667723417282,0.10961003601551056,0.39591142535209656,0.29545021057128906,0.1620008796453476,0.12089370936155319
869.0,0.001,0.1,128.0,4.0,0.2506803274154663,0.2189582735300064,0.11125684529542923,0.09717797487974167,0.4174635708332062,0.3646724820137024,0.18527854979038239,0.16184881329536438
870.0,0.001,0.1,128.0,4.0,0.18401633203029633,0.163729727268219,0.08685529232025146,0.07728005945682526,0.17983701825141907,0.16411200165748596,0.08488264679908752,0.07746047526597977
871.0,0.001,0.1,128.0,4.0,0.3372279703617096,0.29531949758529663,0.16380614042282104,0.14344939589500427,0.23865044116973877,0.1952190101146698,0.11592281609773636,0.09482628107070923
872.0,0.001,0.1,128.0,4.0,0.23169007897377014,0.1702844798564911,0.11311613023281097,0.08313658833503723,0.23884443938732147,0.1793845146894455,0.11660902202129364,0.0875794067978859
873.0,0.001,0.1,128.0,4.0,0.2546413242816925,0.23482927680015564,0.11926022917032242,0.10998132824897766,0.23954951763153076,0.19514140486717224,0.1121920719742775,0.09139370918273926
874.0,0.001,0.1,128.0,4.0,0.2824687361717224,0.24872425198554993,0.13243940472602844,0.1166178286075592,0.26299071311950684,0.20006006956100464,0.12330683320760727,0.09380094707012177
875.0,0.001,0.1,128.0,4.0,0.263436496257782,0.18206986784934998,0.12140096724033356,0.08390429615974426,0.382610023021698,0.29520025849342346,0.17632043361663818,0.1360388696193695
876.0,0.001,0.1,128.0,4.0,0.31705960631370544,0.2543981671333313,0.148985356092453,0.11954092979431152,0.26828429102897644,0.19591784477233887,0.1260659396648407,0.09206117689609528
877.0,0.001,0.1,128.0,4.0,0.2957257032394409,0.2150639295578003,0.15378522872924805,0.11183895170688629,0.24604837596416473,0.17745618522167206,0.12795168161392212,0.09228193759918213
878.0,0.001,0.1,128.0,4.0,0.28907138109207153,0.208758145570755,0.13070502877235413,0.09439100325107574,0.2021562159061432,0.16179242730140686,0.09140590578317642,0.07315520942211151
879.0,0.001,0.1,128.0,4.0,0.2154569923877716,0.15986666083335876,0.10569871962070465,0.0784272626042366,0.2375200390815735,0.17737992107868195,0.11652236431837082,0.08701888471841812
880.0,0.001,0.1,128.0,4.0,0.2997663915157318,0.2581931948661804,0.11963336914777756,0.10304197669029236,0.2840671241283417,0.2173662781715393,0.11336800456047058,0.08674843609333038
881.0,0.001,0.1,128.0,4.0,0.2618907392024994,0.21525445580482483,0.1204531192779541,0.0990033894777298,0.19798307120800018,0.16410845518112183,0.09105963259935379,0.07547946274280548
882.0,0.001,0.1,128.0,4.0,0.27876290678977966,0.2436233013868332,0.14160749316215515,0.12375709414482117,0.058862920850515366,0.04813278466463089,0.02990151196718216,0.02445075660943985
883.0,0.001,0.1,128.0,4.0,0.2266511768102646,0.17366711795330048,0.11156361550092697,0.08548348397016525,0.2219415158033371,0.19845463335514069,0.10924539715051651,0.09768454730510712
884.0,0.001,0.1,128.0,4.0,0.2029341459274292,0.1444578766822815,0.09721843153238297,0.06920455396175385,0.21387003362178802,0.17778198421001434,0.10245740413665771,0.08516894280910492
885.0,0.001,0.1,128.0,4.0,0.44247832894325256,0.2881986200809479,0.21091581881046295,0.13737539947032928,0.11692968010902405,0.09503121674060822,0.05573676899075508,0.04529844969511032
886.0,0.001,0.1,128.0,4.0,0.38419148325920105,0.3370591998100281,0.17669716477394104,0.1550201177597046,0.299092173576355,0.2637172341346741,0.13755832612514496,0.1212887167930603
887.0,0.001,0.1,128.0,4.0,0.34240639209747314,0.30898311734199524,0.15716035664081573,0.14181947708129883,0.3233841061592102,0.24135223031044006,0.14842937886714935,0.11077775061130524
888.0,0.001,0.1,128.0,4.0,0.20973505079746246,0.1675066500902176,0.1029365062713623,0.08221109211444855,0.19451653957366943,0.15289917588233948,0.09546734392642975,0.07504183053970337
889.0,0.001,0.1,128.0,4.0,0.32323792576789856,0.2199002504348755,0.15345478057861328,0.10439601540565491,0.3270998001098633,0.27483314275741577,0.1552882194519043,0.1304749995470047
860.0,0.001,0.1,256.0,3.0,0.30988436937332153,0.2386130690574646,0.14098304510116577,0.10855790227651596,0.23522216081619263,0.18117377161979675,0.10701519250869751,0.08242568373680115
861.0,0.001,0.1,256.0,3.0,0.20435775816440582,0.13507917523384094,0.10119632631540298,0.06689012795686722,0.40823036432266235,0.28627878427505493,0.20215235650539398,0.14176291227340698
862.0,0.001,0.1,256.0,3.0,0.4300934076309204,0.39940619468688965,0.19917960464954376,0.18496811389923096,0.30238354206085205,0.2412390112876892,0.1400361955165863,0.11171968281269073
863.0,0.001,0.1,256.0,3.0,0.5085626840591431,0.3889235258102417,0.2503548860549927,0.19145900011062622,0.5984665155410767,0.4843679666519165,0.2946126461029053,0.23844429850578308
864.0,0.001,0.1,256.0,3.0,0.3227122724056244,0.22455987334251404,0.15351609885692596,0.10682445764541626,0.3254672884941101,0.2548027038574219,0.15482667088508606,0.12121111154556274
865.0,0.001,0.1,256.0,3.0,0.668266773223877,0.31521037220954895,0.28983768820762634,0.13671164214611053,0.7119127511978149,0.48297974467277527,0.3087676465511322,0.2094758152961731
866.0,0.001,0.1,256.0,3.0,0.6507399082183838,0.41347435116767883,0.29103678464889526,0.18492218852043152,0.5273979902267456,0.3131846487522125,0.23587332665920258,0.14006862044334412
867.0,0.001,0.1,256.0,3.0,0.2688567042350769,0.2326394021511078,0.14037540555000305,0.12146561592817307,0.16963784396648407,0.14939117431640625,0.08857127279043198,0.07800008356571198
868.0,0.001,0.1,256.0,3.0,0.47480446100234985,0.3513849079608917,0.1942826360464096,0.14378127455711365,0.5174077749252319,0.3926403522491455,0.21171532571315765,0.16066239774227142
869.0,0.001,0.1,256.0,3.0,0.22230635583400726,0.16507288813591003,0.09866394847631454,0.07326260954141617,0.36759617924690247,0.3018960952758789,0.16314639151096344,0.1339874118566513
870.0,0.001,0.1,256.0,3.0,0.23143775761127472,0.18408210575580597,0.10923808813095093,0.08688631653785706,0.12436608970165253,0.10851044952869415,0.05870051681995392,0.05121668800711632
871.0,0.001,0.1,256.0,3.0,0.31058356165885925,0.2678849399089813,0.15086379647254944,0.13012325763702393,0.19915930926799774,0.13866105675697327,0.0967402532696724,0.06735365092754364
872.0,0.001,0.1,256.0,3.0,0.16207155585289001,0.1452271193265915,0.07912686467170715,0.07090304791927338,0.27937051653862,0.24567896127700806,0.13639473915100098,0.11994579434394836
873.0,0.001,0.1,256.0,3.0,0.18547627329826355,0.15490958094596863,0.08686702698469162,0.07255126535892487,0.22882629930973053,0.18623845279216766,0.10716988146305084,0.08722402155399323
874.0,0.001,0.1,256.0,3.0,0.329348623752594,0.2519604563713074,0.1544196754693985,0.11813513934612274,0.26148751378059387,0.22949719429016113,0.12260203808546066,0.10760292410850525
875.0,0.001,0.1,256.0,3.0,0.21573206782341003,0.17889240384101868,0.09941704571247101,0.08244001865386963,0.20488201081752777,0.15835988521575928,0.09441694617271423,0.07297787070274353
876.0,0.001,0.1,256.0,3.0,0.32040682435035706,0.2632424235343933,0.1505582183599472,0.12369682639837265,0.33172160387039185,0.26053959131240845,0.15587495267391205,0.12242675572633743
877.0,0.001,0.1,256.0,3.0,0.3073764145374298,0.21755576133728027,0.15984389185905457,0.11313476413488388,0.25192752480506897,0.19008082151412964,0.13100898265838623,0.09884707629680634
878.0,0.001,0.1,256.0,3.0,0.7190459370613098,0.5315252542495728,0.32512009143829346,0.2403317093849182,0.34879186749458313,0.3086080849170685,0.15770794451236725,0.13953864574432373
879.0,0.001,0.1,256.0,3.0,0.1957339346408844,0.15477748215198517,0.09602299332618713,0.07593061029911041,0.3950496315956116,0.3245663642883301,0.1938031017780304,0.1592254638671875
880.0,0.001,0.1,256.0,3.0,0.5129719972610474,0.45598703622817993,0.20472131669521332,0.18197926878929138,0.46728014945983887,0.4033429026603699,0.18648624420166016,0.16096961498260498
881.0,0.001,0.1,256.0,3.0,0.3334798216819763,0.2984720468521118,0.15337952971458435,0.13727818429470062,0.260337233543396,0.18410196900367737,0.11973859369754791,0.08467521518468857
882.0,0.001,0.1,256.0,3.0,0.23695620894432068,0.19178983569145203,0.1203703060746193,0.09742645174264908,0.12929272651672363,0.10610340535640717,0.06567883491516113,0.05389900505542755
883.0,0.001,0.1,256.0,3.0,0.19960154592990875,0.1511232703924179,0.09824907779693604,0.07438681274652481,0.29981470108032227,0.2605014145374298,0.14757660031318665,0.12822557985782623
884.0,0.001,0.1,256.0,3.0,0.26899588108062744,0.21196478605270386,0.12886622548103333,0.10154467821121216,0.282124787569046,0.24707934260368347,0.1351557970046997,0.1183667927980423
885.0,0.001,0.1,256.0,3.0,0.2574857473373413,0.22059302031993866,0.12273555994033813,0.10514993220567703,0.3076270818710327,0.23779134452342987,0.14663635194301605,0.11334782093763351
886.0,0.001,0.1,256.0,3.0,0.2551013231277466,0.2138451635837555,0.11732607334852219,0.09835156798362732,0.1769210249185562,0.14107859134674072,0.08136943727731705,0.06488481163978577
887.0,0.001,0.1,256.0,3.0,0.40835171937942505,0.36178404092788696,0.18742847442626953,0.16605448722839355,0.3395501673221588,0.30858683586120605,0.1558493822813034,0.14163759350776672
888.0,0.001,0.1,256.0,3.0,0.18733225762844086,0.15300685167312622,0.09194136410951614,0.07509469240903854,0.22740432620048523,0.175222709774971,0.11160843819379807,0.0859980657696724
889.0,0.001,0.1,256.0,3.0,0.22057722508907318,0.19160325825214386,0.10471738129854202,0.09096221625804901,0.3118174374103546,0.2564985752105713,0.1480329930782318,0.12177078425884247
860.0,0.001,0.2,64.0,2.0,0.3359871804714203,0.2942233681678772,0.15285860002040863,0.13385799527168274,0.22080445289611816,0.15913709998130798,0.10045579820871353,0.07240001112222672
861.0,0.001,0.2,64.0,2.0,0.18663351237773895,0.15057414770126343,0.09241942316293716,0.07456310838460922,0.33379828929901123,0.25218772888183594,0.16529421508312225,0.124881312251091
862.0,0.001,0.2,64.0,2.0,0.49826398491859436,0.4445754289627075,0.23074990510940552,0.20588630437850952,0.3932053744792938,0.3651183545589447,0.1820964813232422,0.1690891683101654
863.0,0.001,0.2,64.0,2.0,0.23429572582244873,0.21254995465278625,0.11533892154693604,0.10463392734527588,0.22765395045280457,0.18297028541564941,0.11206931620836258,0.09007249027490616
864.0,0.001,0.2,64.0,2.0,0.2383134514093399,0.20322878658771515,0.11336708813905716,0.09667710959911346,0.32504764199256897,0.29670754075050354,0.15462704002857208,0.1411454975605011
865.0,0.001,0.2,64.0,2.0,0.40440094470977783,0.33330032229423523,0.17539498209953308,0.14455753564834595,0.43536612391471863,0.34117579460144043,0.18882505595684052,0.14797323942184448
866.0,0.001,0.2,64.0,2.0,0.39341551065444946,0.32678166031837463,0.17595109343528748,0.14614976942539215,0.35319018363952637,0.2167169600725174,0.1579606533050537,0.09692443907260895
867.0,0.001,0.2,64.0,2.0,0.22755028307437897,0.16875509917736053,0.11880847066640854,0.08811035007238388,0.06465110182762146,0.05445863679051399,0.033755604177713394,0.028433918952941895
868.0,0.001,0.2,64.0,2.0,0.38495129346847534,0.30269870162010193,0.15751615166664124,0.12385965883731842,0.4481508433818817,0.34783220291137695,0.1833764612674713,0.14232760667800903
869.0,0.001,0.2,64.0,2.0,0.23377388715744019,0.19364599883556366,0.10375344008207321,0.08594389259815216,0.41075602173805237,0.3505353331565857,0.1823015809059143,0.15557445585727692
870.0,0.001,0.2,64.0,2.0,0.2376750409603119,0.16871602833271027,0.11218206584453583,0.07963358610868454,0.19316639006137848,0.1582634001970291,0.09117409586906433,0.07469996809959412
871.0,0.001,0.2,64.0,2.0,0.4397663474082947,0.37157708406448364,0.21361346542835236,0.18049100041389465,0.354068398475647,0.29171809554100037,0.17198626697063446,0.14170004427433014
872.0,0.001,0.2,64.0,2.0,0.25727033615112305,0.23608481884002686,0.12560498714447021,0.1152617558836937,0.30302155017852783,0.26340779662132263,0.1479417085647583,0.12860140204429626
873.0,0.001,0.2,64.0,2.0,0.21266472339630127,0.18252310156822205,0.09960063546895981,0.08548393100500107,0.1907782405614853,0.1408514678478241,0.08935022354125977,0.06596720218658447
874.0,0.001,0.2,64.0,2.0,0.28113991022109985,0.22184450924396515,0.13181635737419128,0.10401488095521927,0.18341611325740814,0.12563078105449677,0.08599719405174255,0.05890373885631561
875.0,0.001,0.2,64.0,2.0,0.22223952412605286,0.14430321753025055,0.10241591930389404,0.06650008261203766,0.2573951482772827,0.2060675323009491,0.11861696094274521,0.09496331959962845
876.0,0.001,0.2,64.0,2.0,0.2763654887676239,0.23107507824897766,0.12986332178115845,0.10858150571584702,0.33087143301963806,0.25712746381759644,0.1554754674434662,0.12082339823246002
877.0,0.001,0.2,64.0,2.0,0.3018006384372711,0.22337815165519714,0.15694433450698853,0.11616256088018417,0.2938404083251953,0.23992103338241577,0.15280480682849884,0.1247653067111969
878.0,0.001,0.2,64.0,2.0,0.3031274378299713,0.2426949143409729,0.1370605230331421,0.10973568260669708,0.24330218136310577,0.21843969821929932,0.11001025885343552,0.09876856207847595
879.0,0.001,0.2,64.0,2.0,0.27715954184532166,0.22279533743858337,0.13596870005130768,0.10929875820875168,0.32042303681373596,0.217670738697052,0.1571928709745407,0.10678473114967346
880.0,0.001,0.2,64.0,2.0,0.3271631896495819,0.2793746888637543,0.13056713342666626,0.11149527132511139,0.3705172836780548,0.3211919069290161,0.147869274020195,0.12818406522274017
881.0,0.001,0.2,64.0,2.0,0.2652018368244171,0.1909049153327942,0.12197601795196533,0.0878041535615921,0.3033711016178131,0.18077117204666138,0.1395314484834671,0.08314326405525208
882.0,0.001,0.2,64.0,2.0,0.21789675951004028,0.18057607114315033,0.11068838834762573,0.0917300283908844,0.10028257966041565,0.07840652763843536,0.0509420670568943,0.03982936590909958
883.0,0.001,0.2,64.0,2.0,0.21864376962184906,0.17239847779273987,0.1076221615076065,0.08485902100801468,0.23522163927555084,0.2114408016204834,0.115782231092453,0.10407669842243195
884.0,0.001,0.2,64.0,2.0,0.27378156781196594,0.2025212049484253,0.13115887343883514,0.09702060371637344,0.21111705899238586,0.15185332298278809,0.10113856196403503,0.07274745404720306
885.0,0.001,0.2,64.0,2.0,0.3754415810108185,0.313882052898407,0.17896148562431335,0.14961794018745422,0.2003181129693985,0.15095199644565582,0.09548547863960266,0.0719541683793068
886.0,0.001,0.2,64.0,2.0,0.33969441056251526,0.3001015782356262,0.1562321037054062,0.13802257180213928,0.29507502913475037,0.26720523834228516,0.13571077585220337,0.12289291620254517
887.0,0.001,0.2,64.0,2.0,0.28220534324645996,0.26771923899650574,0.12952879071235657,0.12287986278533936,0.22223880887031555,0.18173499405384064,0.10200487822294235,0.08341413736343384
888.0,0.001,0.2,64.0,2.0,0.19482463598251343,0.15655028820037842,0.09561856836080551,0.07683378458023071,0.21550370752811432,0.155295729637146,0.10576770454645157,0.07621806114912033
889.0,0.001,0.2,64.0,2.0,0.2977098524570465,0.23685799539089203,0.14133553206920624,0.11244656890630722,0.2361065298318863,0.2149752974510193,0.11208982765674591,0.10205793380737305
860.0,0.001,0.2,64.0,3.0,0.4485010802745819,0.38232213258743286,0.20404720306396484,0.17393887042999268,0.27300986647605896,0.22690708935260773,0.12420682609081268,0.10323219746351242
861.0,0.001,0.2,64.0,3.0,0.16362342238426208,0.0958058089017868,0.08102498948574066,0.047442272305488586,0.29482215642929077,0.2270147055387497,0.14599354565143585,0.11241582036018372
862.0,0.001,0.2,64.0,3.0,0.47712236642837524,0.382740318775177,0.22095906734466553,0.17725002765655518,0.28583598136901855,0.16367271542549133,0.1323729008436203,0.07579812407493591
863.0,0.001,0.2,64.0,3.0,0.2398659586906433,0.1977476179599762,0.11808106303215027,0.09734708070755005,0.2614946663379669,0.2085796296596527,0.12872841954231262,0.10267944633960724
864.0,0.001,0.2,64.0,3.0,0.23098623752593994,0.18917368352413177,0.10988149791955948,0.0899910256266594,0.28910425305366516,0.22484305500984192,0.13752856850624084,0.10695915669202805
865.0,0.001,0.2,64.0,3.0,0.38931921124458313,0.2736363708972931,0.1688537895679474,0.11868034303188324,0.4893079102039337,0.3740619421005249,0.2122204303741455,0.16223646700382233
866.0,0.001,0.2,64.0,3.0,0.4161034822463989,0.35252755880355835,0.18609802424907684,0.15766434371471405,0.354387104511261,0.22938942909240723,0.15849600732326508,0.10259207338094711
867.0,0.001,0.2,64.0,3.0,0.24004535377025604,0.20421521365642548,0.12533240020275116,0.1066247820854187,0.1433325856924057,0.11413921415805817,0.07483678311109543,0.059594348073005676
868.0,0.001,0.2,64.0,3.0,0.43326446413993835,0.35262012481689453,0.17728513479232788,0.14428675174713135,0.4862852096557617,0.35030290484428406,0.198980450630188,0.14333856105804443
869.0,0.001,0.2,64.0,3.0,0.19110256433486938,0.13014808297157288,0.08481506258249283,0.0577622726559639,0.40782666206359863,0.35538506507873535,0.1810014694929123,0.15772685408592224
870.0,0.001,0.2,64.0,3.0,0.20878970623016357,0.17165496945381165,0.09854824095964432,0.08102074265480042,0.12768694758415222,0.11285490542650223,0.06026795133948326,0.05326726660132408
871.0,0.001,0.2,64.0,3.0,0.34829115867614746,0.3005654513835907,0.1691800057888031,0.14599758386611938,0.31076815724372864,0.24328286945819855,0.1509534865617752,0.11817298829555511
872.0,0.001,0.2,64.0,3.0,0.32742074131965637,0.2908993363380432,0.15985393524169922,0.14202339947223663,0.4450928270816803,0.38236546516418457,0.21730397641658783,0.18667912483215332
873.0,0.001,0.2,64.0,3.0,0.3541552424430847,0.3137850761413574,0.1658671498298645,0.14695994555950165,0.2647606134414673,0.20723392069339752,0.12399957329034805,0.09705716371536255
874.0,0.001,0.2,64.0,3.0,0.2321479469537735,0.17951640486717224,0.1088458001613617,0.08416874706745148,0.18017493188381195,0.13689759373664856,0.0844775065779686,0.06418633460998535
875.0,0.001,0.2,64.0,3.0,0.21073204278945923,0.13245896995067596,0.09711286425590515,0.061041831970214844,0.20726831257343292,0.17237401008605957,0.09551668167114258,0.07943613082170486
876.0,0.001,0.2,64.0,3.0,0.14466899633407593,0.11741532385349274,0.06797953695058823,0.0551731176674366,0.3318828344345093,0.27248716354370117,0.15595075488090515,0.12804090976715088
877.0,0.001,0.2,64.0,3.0,0.2178090363740921,0.1905042827129364,0.1132664829492569,0.09906727820634842,0.24496965110301971,0.18024852871894836,0.12739072740077972,0.0937340259552002
878.0,0.001,0.2,64.0,3.0,0.439257949590683,0.3598475158214569,0.19861261546611786,0.16270682215690613,0.20791204273700714,0.1851556897163391,0.0940084382891655,0.08371904492378235
879.0,0.001,0.2,64.0,3.0,0.28816404938697815,0.26386308670043945,0.14136728644371033,0.12944574654102325,0.35650813579559326,0.23269949853420258,0.17489543557167053,0.11415750533342361
880.0,0.001,0.2,64.0,3.0,0.4397083818912506,0.3542966842651367,0.17548266053199768,0.14139583706855774,0.3752213716506958,0.2748757004737854,0.1497466266155243,0.1096997931599617
881.0,0.001,0.2,64.0,3.0,0.3241690397262573,0.18965065479278564,0.14909718930721283,0.08722725510597229,0.35715481638908386,0.18314379453659058,0.16426852345466614,0.08423450589179993
882.0,0.001,0.2,64.0,3.0,0.47060447931289673,0.3789317309856415,0.23906025290489197,0.1924918293952942,0.24434387683868408,0.1995401680469513,0.12412316352128983,0.10136352479457855
883.0,0.001,0.2,64.0,3.0,0.20613709092140198,0.17639072239398956,0.10146602988243103,0.08682410418987274,0.23391978442668915,0.19960010051727295,0.11514142900705338,0.09824837744235992
884.0,0.001,0.2,64.0,3.0,0.15146282315254211,0.12145945429801941,0.0725603848695755,0.0581868477165699,0.18039478361606598,0.15155811607837677,0.08642063289880753,0.07260602712631226
885.0,0.001,0.2,64.0,3.0,0.32580965757369995,0.24319879710674286,0.1553034782409668,0.11592541635036469,0.1710440218448639,0.15031997859477997,0.08153142035007477,0.07165291160345078
886.0,0.001,0.2,64.0,3.0,0.24868477880954742,0.20936068892478943,0.11437500268220901,0.09628908336162567,0.23656000196933746,0.20987729728221893,0.1087985709309578,0.09652666747570038
887.0,0.001,0.2,64.0,3.0,0.26062512397766113,0.21069127321243286,0.11962374299764633,0.09670473635196686,0.26932471990585327,0.23369701206684113,0.1236167773604393,0.10726408660411835
888.0,0.001,0.2,64.0,3.0,0.1656189113855362,0.13298240303993225,0.08128459751605988,0.06526683270931244,0.2257702499628067,0.17358247935771942,0.1108064278960228,0.08519303798675537
889.0,0.001,0.2,64.0,3.0,0.36393851041793823,0.3425059914588928,0.17277710139751434,0.16260218620300293,0.35762298107147217,0.2837444245815277,0.16977886855602264,0.1347055733203888
860.0,0.001,0.2,64.0,4.0,0.550096869468689,0.43485885858535767,0.2502685785293579,0.197840616106987,0.21337035298347473,0.17021727561950684,0.09707360714673996,0.07744096964597702
861.0,0.001,0.2,64.0,4.0,0.19394107162952423,0.16358572244644165,0.09603806585073471,0.08100633323192596,0.3456459939479828,0.27164751291275024,0.17116108536720276,0.1345176249742508
862.0,0.001,0.2,64.0,4.0,0.5190414786338806,0.41355353593826294,0.24037213623523712,0.1915198564529419,0.37687787413597107,0.2596628963947296,0.17453508079051971,0.12025192379951477
863.0,0.001,0.2,64.0,4.0,0.24094678461551666,0.1935071349143982,0.1186131089925766,0.09525954723358154,0.25277474522590637,0.19533303380012512,0.12443577498197556,0.09615840017795563
864.0,0.001,0.2,64.0,4.0,0.27596375346183777,0.2501903176307678,0.13127754628658295,0.11901697516441345,0.33596113324165344,0.30142343044281006,0.1598186492919922,0.14338885247707367
865.0,0.001,0.2,64.0,4.0,0.4881787598133087,0.2726575434207916,0.2117307037115097,0.11825581640005112,0.532990574836731,0.3889819383621216,0.2311662882566452,0.16870751976966858
866.0,0.001,0.2,64.0,4.0,0.3920940160751343,0.30635860562324524,0.1753600686788559,0.13701577484607697,0.3682155907154083,0.2395726889371872,0.16468064486980438,0.10714642703533173
867.0,0.001,0.2,64.0,4.0,0.2617341876029968,0.196644127368927,0.13665659725666046,0.1026717871427536,0.10072421282529831,0.07679221034049988,0.05259008705615997,0.040094710886478424
868.0,0.001,0.2,64.0,4.0,0.3975176215171814,0.2965558171272278,0.16265809535980225,0.12134607136249542,0.40744465589523315,0.26566606760025024,0.16672012209892273,0.10870648920536041
869.0,0.001,0.2,64.0,4.0,0.326266884803772,0.2426704615354538,0.14480364322662354,0.10770190507173538,0.5714389681816101,0.5038521885871887,0.2536158263683319,0.2236194759607315
870.0,0.001,0.2,64.0,4.0,0.22970029711723328,0.1769607663154602,0.10841799527406693,0.08352507650852203,0.14929990470409393,0.1320977360010147,0.0704692080616951,0.0623498409986496
871.0,0.001,0.2,64.0,4.0,0.2884120047092438,0.2543356418609619,0.1400941163301468,0.12354177236557007,0.23823890089988708,0.18456345796585083,0.1157229021191597,0.08965043723583221
872.0,0.001,0.2,64.0,4.0,0.2207440584897995,0.19115468859672546,0.10777208209037781,0.0933258980512619,0.2833077311515808,0.24705223739147186,0.1383170187473297,0.12061627954244614
873.0,0.001,0.2,64.0,4.0,0.3357087969779968,0.23931416869163513,0.15722782909870148,0.11208181083202362,0.3314695954322815,0.231294646859169,0.1552424281835556,0.10832591354846954
874.0,0.001,0.2,64.0,4.0,0.355104923248291,0.32498618960380554,0.16649584472179413,0.152374267578125,0.2897461950778961,0.2520778477191925,0.13585151731967926,0.1181902065873146
875.0,0.001,0.2,64.0,4.0,0.2217501997947693,0.12900730967521667,0.10219042748212814,0.05945120006799698,0.35927891731262207,0.22683560848236084,0.16556861996650696,0.10453398525714874
876.0,0.001,0.2,64.0,4.0,0.20459520816802979,0.1710711568593979,0.09613868594169617,0.08038583397865295,0.32493311166763306,0.2488739788532257,0.1526850461959839,0.11694511771202087
877.0,0.001,0.2,64.0,4.0,0.2777155935764313,0.23987871408462524,0.14441949129104614,0.12474329769611359,0.3169010877609253,0.22693392634391785,0.16479696333408356,0.11801166832447052
878.0,0.001,0.2,64.0,4.0,0.40629807114601135,0.2971537411212921,0.18370965123176575,0.13435950875282288,0.109550341963768,0.09309259802103043,0.049533743411302567,0.04209229722619057
879.0,0.001,0.2,64.0,4.0,0.28869301080703735,0.24579475820064545,0.1416267603635788,0.12058177590370178,0.35521289706230164,0.2668052017688751,0.1742600053548813,0.13088905811309814
880.0,0.001,0.2,64.0,4.0,0.36782312393188477,0.30824270844459534,0.14679403603076935,0.12301616370677948,0.33716508746147156,0.2477390170097351,0.1345587968826294,0.09886986017227173
881.0,0.001,0.2,64.0,4.0,0.3151673674583435,0.2445434033870697,0.14495697617530823,0.11247444152832031,0.12304877489805222,0.08590902388095856,0.056594621390104294,0.03951270878314972
882.0,0.001,0.2,64.0,4.0,0.3742247223854065,0.3009350597858429,0.19010072946548462,0.15287064015865326,0.12418119609355927,0.10385692864656448,0.0630822628736496,0.052757829427719116
883.0,0.001,0.2,64.0,4.0,0.18333576619625092,0.1490476429462433,0.09024263173341751,0.07336512953042984,0.14203621447086334,0.11961918324232101,0.06991392374038696,0.05887967348098755
884.0,0.001,0.2,64.0,4.0,0.22483889758586884,0.19052335619926453,0.10771221667528152,0.09127287566661835,0.1243850588798523,0.10957533121109009,0.05958838015794754,0.05249356850981712
885.0,0.001,0.2,64.0,4.0,0.3142317235469818,0.23758453130722046,0.14978459477424622,0.11324924975633621,0.18145354092121124,0.14962805807590485,0.08649330586194992,0.07132308930158615
886.0,0.001,0.2,64.0,4.0,0.2677919268608093,0.22366240620613098,0.12316276878118515,0.10286672413349152,0.2744010090827942,0.24628499150276184,0.12620237469673157,0.11327128112316132
887.0,0.001,0.2,64.0,4.0,0.4552374482154846,0.39552491903305054,0.20894844830036163,0.18154114484786987,0.36760640144348145,0.3032674193382263,0.1687268763780594,0.13919606804847717
888.0,0.001,0.2,64.0,4.0,0.23801112174987793,0.19175249338150024,0.11681419610977173,0.09411077946424484,0.2417057901620865,0.17702507972717285,0.11862748116254807,0.08688265830278397
889.0,0.001,0.2,64.0,4.0,0.34122970700263977,0.3239365220069885,0.1619962602853775,0.15378645062446594,0.3224788308143616,0.2650456428527832,0.15309441089630127,0.12582845985889435
860.0,0.001,0.2,128.0,2.0,0.33061090111732483,0.2671455144882202,0.1504126489162445,0.12153884768486023,0.21357648074626923,0.1724090874195099,0.09716738760471344,0.07843813300132751
861.0,0.001,0.2,128.0,2.0,0.2562965750694275,0.23822712898254395,0.12691599130630493,0.11796814203262329,0.33193761110305786,0.2837350368499756,0.1643727868795395,0.14050327241420746
862.0,0.001,0.2,128.0,2.0,0.39642345905303955,0.3587646484375,0.18358677625656128,0.16614669561386108,0.3341299295425415,0.28478649258613586,0.15473820269107819,0.13188686966896057
863.0,0.001,0.2,128.0,2.0,0.2511022984981537,0.21650829911231995,0.12361245602369308,0.10658255964517593,0.31040820479393005,0.21195544302463531,0.15280748903751373,0.10434125363826752
864.0,0.001,0.2,128.0,2.0,0.26939016580581665,0.22920893132686615,0.12815046310424805,0.10903601348400116,0.35228070616722107,0.3065890669822693,0.1675819754600525,0.1458462029695511
865.0,0.001,0.2,128.0,2.0,0.29360654950141907,0.18165895342826843,0.12734171748161316,0.07878831028938293,0.38197338581085205,0.2658434212207794,0.16566778719425201,0.11530043929815292
866.0,0.001,0.2,128.0,2.0,0.32564613223075867,0.26900261640548706,0.14564187824726105,0.12030865252017975,0.18929608166217804,0.1611829400062561,0.08466073125600815,0.07208742201328278
867.0,0.001,0.2,128.0,2.0,0.33407363295555115,0.25701630115509033,0.17442643642425537,0.1341932713985443,0.20265407860279083,0.1733173429965973,0.10580968111753464,0.09049239754676819
868.0,0.001,0.2,128.0,2.0,0.37479668855667114,0.2875760495662689,0.1533610224723816,0.11767168343067169,0.4468165636062622,0.309548020362854,0.18283048272132874,0.12666229903697968
869.0,0.001,0.2,128.0,2.0,0.23797191679477692,0.20493832230567932,0.10561664402484894,0.09095567464828491,0.36424949765205383,0.31309962272644043,0.1616610586643219,0.13895973563194275
870.0,0.001,0.2,128.0,2.0,0.23943506181240082,0.17714177072048187,0.11301280558109283,0.08361051231622696,0.1915930062532425,0.15062129497528076,0.09043145924806595,0.07109290361404419
871.0,0.001,0.2,128.0,2.0,0.2902583181858063,0.2563546895980835,0.1409909725189209,0.12452251464128494,0.20861294865608215,0.1540777087211609,0.10133229196071625,0.0748421922326088
872.0,0.001,0.2,128.0,2.0,0.16534797847270966,0.13353197276592255,0.08072644472122192,0.06519319117069244,0.2759045362472534,0.20910018682479858,0.13470257818698883,0.10208725929260254
873.0,0.001,0.2,128.0,2.0,0.305301308631897,0.27369895577430725,0.14298659563064575,0.12818577885627747,0.23487156629562378,0.1769755780696869,0.11000115424394608,0.08288580179214478
874.0,0.001,0.2,128.0,2.0,0.3970649540424347,0.33205646276474,0.18616943061351776,0.1556892842054367,0.3316289782524109,0.2894195020198822,0.15548884868621826,0.1356983482837677
875.0,0.001,0.2,128.0,2.0,0.35533151030540466,0.22769102454185486,0.16374950110912323,0.10492818802595139,0.24589991569519043,0.19431325793266296,0.1133195161819458,0.08954650908708572
876.0,0.001,0.2,128.0,2.0,0.34949320554733276,0.23085957765579224,0.16422580182552338,0.10848021507263184,0.5464260578155518,0.4068036377429962,0.2567639648914337,0.1911557912826538
877.0,0.001,0.2,128.0,2.0,0.3878348171710968,0.28687459230422974,0.20168441534042358,0.14918239414691925,0.34948205947875977,0.22474704682826996,0.181739941239357,0.11687441170215607
878.0,0.001,0.2,128.0,2.0,0.3672991096973419,0.27816739678382874,0.16607606410980225,0.12577472627162933,0.22397999465465546,0.19570332765579224,0.10127364844083786,0.08848822116851807
879.0,0.001,0.2,128.0,2.0,0.21650230884552002,0.19120770692825317,0.10621152818202972,0.09380251169204712,0.30637332797050476,0.2445327788591385,0.15030036866664886,0.11996268481016159
880.0,0.001,0.2,128.0,2.0,0.3304436206817627,0.27260011434555054,0.13187633454799652,0.10879163444042206,0.2702299654483795,0.20311284065246582,0.1078457161784172,0.08106004446744919
881.0,0.001,0.2,128.0,2.0,0.2990949749946594,0.25757989287376404,0.13756470382213593,0.11847039312124252,0.30421632528305054,0.19620491564273834,0.1399201899766922,0.09024180471897125
882.0,0.001,0.2,128.0,2.0,0.20919476449489594,0.18014371395111084,0.10626788437366486,0.09151037037372589,0.12220628559589386,0.10171425342559814,0.062079012393951416,0.05166936665773392
883.0,0.001,0.2,128.0,2.0,0.24517221748828888,0.19457010924816132,0.12068013101816177,0.09577246010303497,0.17466801404953003,0.14903461933135986,0.08597615361213684,0.07335872203111649
884.0,0.001,0.2,128.0,2.0,0.1431111991405487,0.11453548818826675,0.06855941563844681,0.05486981198191643,0.18810458481311798,0.14405687153339386,0.09011410921812057,0.06901244074106216
885.0,0.001,0.2,128.0,2.0,0.27633941173553467,0.18560004234313965,0.13172252476215363,0.08846984803676605,0.17682814598083496,0.1511000692844391,0.08428852260112762,0.07202474027872086
886.0,0.001,0.2,128.0,2.0,0.200873002409935,0.14900089800357819,0.0923854261636734,0.0685284286737442,0.20185978710651398,0.15331721305847168,0.09283925592899323,0.07051357626914978
887.0,0.001,0.2,128.0,2.0,0.3856230080127716,0.31173110008239746,0.17699624598026276,0.14308077096939087,0.4026387929916382,0.31321102380752563,0.18480630218982697,0.14376004040241241
888.0,0.001,0.2,128.0,2.0,0.21502581238746643,0.18317759037017822,0.1055331602692604,0.08990227431058884,0.16790521144866943,0.13593561947345734,0.08240669220685959,0.0667162537574768
889.0,0.001,0.2,128.0,2.0,0.27407124638557434,0.24177226424217224,0.13011330366134644,0.11477959156036377,0.2550344169139862,0.2064499706029892,0.12107568234205246,0.0980105772614479
860.0,0.001,0.2,128.0,3.0,0.26274481415748596,0.24383392930030823,0.11953670531511307,0.11093312501907349,0.2433883100748062,0.18638551235198975,0.11073040217161179,0.08479677140712738
861.0,0.001,0.2,128.0,3.0,0.21896882355213165,0.21157994866371155,0.10843158513307571,0.1047726720571518,0.35859644412994385,0.2809799611568451,0.1775740385055542,0.13913898169994354
862.0,0.001,0.2,128.0,3.0,0.3241040110588074,0.274245947599411,0.15009509027004242,0.1270054131746292,0.3985978960990906,0.3533966541290283,0.1845938116312027,0.16366076469421387
863.0,0.001,0.2,128.0,3.0,0.2496461570262909,0.2174796611070633,0.12289562076330185,0.10706073045730591,0.34965553879737854,0.2266261875629425,0.17212814092636108,0.11156334728002548
864.0,0.001,0.2,128.0,3.0,0.2798657715320587,0.26630473136901855,0.13313379883766174,0.12668272852897644,0.35260266065597534,0.3210992217063904,0.16773514449596405,0.15274876356124878
865.0,0.001,0.2,128.0,3.0,0.30982810258865356,0.20756056904792786,0.13437722623348236,0.09002222865819931,0.3975900113582611,0.276544988155365,0.17244094610214233,0.11994186788797379
866.0,0.001,0.2,128.0,3.0,0.3562788963317871,0.31727978587150574,0.15934206545352936,0.14190012216567993,0.27705684304237366,0.2456229329109192,0.12391083687543869,0.10985233634710312
867.0,0.001,0.2,128.0,3.0,0.2640095353126526,0.21412596106529236,0.13784459233283997,0.11179940402507782,0.05891403928399086,0.04414527118206024,0.030760182067751884,0.023049108684062958
868.0,0.001,0.2,128.0,3.0,0.4157937467098236,0.38737350702285767,0.17013640701770782,0.15850725769996643,0.394004762172699,0.3189923167228699,0.1612206995487213,0.13052675127983093
869.0,0.001,0.2,128.0,3.0,0.33259132504463196,0.17692026495933533,0.14761056005954742,0.07852067053318024,0.5302457809448242,0.4278530776500702,0.23533348739147186,0.189889594912529
870.0,0.001,0.2,128.0,3.0,0.21348708868026733,0.1918676197528839,0.1007654219865799,0.09056107699871063,0.21403908729553223,0.18137294054031372,0.10102597624063492,0.0856076180934906
871.0,0.001,0.2,128.0,3.0,0.32501906156539917,0.2868046760559082,0.15787576138973236,0.13931339979171753,0.20704437792301178,0.15861797332763672,0.10057036578655243,0.07704757153987885
872.0,0.001,0.2,128.0,3.0,0.2465670257806778,0.22753126919269562,0.12037939578294754,0.11108572781085968,0.3471367061138153,0.3104567229747772,0.16947966814041138,0.15157172083854675
873.0,0.001,0.2,128.0,3.0,0.22468936443328857,0.1932063102722168,0.10523232817649841,0.09048737585544586,0.18472084403038025,0.1475675404071808,0.08651325851678848,0.06911265850067139
874.0,0.001,0.2,128.0,3.0,0.3400473892688751,0.27021414041519165,0.1594359278678894,0.12669363617897034,0.22198385000228882,0.17310768365859985,0.1040802001953125,0.08116394281387329
875.0,0.001,0.2,128.0,3.0,0.22693026065826416,0.1736699938774109,0.10457757115364075,0.0800333321094513,0.20250990986824036,0.1593553125858307,0.09332384914159775,0.07343664765357971
876.0,0.001,0.2,128.0,3.0,0.4561520218849182,0.3608260750770569,0.21434447169303894,0.16955110430717468,0.28835317492485046,0.2412889301776886,0.13549627363681793,0.11338093876838684
877.0,0.001,0.2,128.0,3.0,0.2714479863643646,0.21952134370803833,0.14116017520427704,0.11415693163871765,0.26103466749191284,0.16453243792057037,0.13574495911598206,0.08556123077869415
878.0,0.001,0.2,128.0,3.0,0.6369341611862183,0.4546445310115814,0.2879928648471832,0.20556972920894623,0.3299890160560608,0.30467116832733154,0.14920613169670105,0.1377585530281067
879.0,0.001,0.2,128.0,3.0,0.2023303508758545,0.18626661598682404,0.09925904870033264,0.09137852489948273,0.4147427976131439,0.3342195749282837,0.20346415042877197,0.16396114230155945
880.0,0.001,0.2,128.0,3.0,0.4401293396949768,0.3642374277114868,0.17565065622329712,0.14536306262016296,0.36302539706230164,0.2714238166809082,0.14487934112548828,0.10832218825817108
881.0,0.001,0.2,128.0,3.0,0.3494172692298889,0.27250179648399353,0.16070976853370667,0.1253335326910019,0.46555715799331665,0.29388663172721863,0.21412670612335205,0.13516917824745178
882.0,0.001,0.2,128.0,3.0,0.22933533787727356,0.21989412605762482,0.11649899929761887,0.11170301586389542,0.11605831980705261,0.09483206272125244,0.05895594507455826,0.048173315823078156
883.0,0.001,0.2,128.0,3.0,0.25820261240005493,0.2016674280166626,0.12709403038024902,0.0992659479379654,0.24084681272506714,0.187844380736351,0.11855107545852661,0.09246188402175903
884.0,0.001,0.2,128.0,3.0,0.23835426568984985,0.1768074929714203,0.11418690532445908,0.08470207452774048,0.1987004429101944,0.16141483187675476,0.09519018977880478,0.07732801139354706
885.0,0.001,0.2,128.0,3.0,0.26858726143836975,0.23860350251197815,0.1280272901058197,0.11373496800661087,0.24673114717006683,0.19441775977611542,0.11760912835597992,0.09267295897006989
886.0,0.001,0.2,128.0,3.0,0.33047419786453247,0.26781129837036133,0.15199154615402222,0.12317166477441788,0.29694223403930664,0.2454771101474762,0.13656951487064362,0.11289972066879272
887.0,0.001,0.2,128.0,3.0,0.2791367173194885,0.2284059226512909,0.1281203329563141,0.10483552515506744,0.2530519962310791,0.2095431238412857,0.11614777892827988,0.09617774188518524
888.0,0.001,0.2,128.0,3.0,0.30276015400886536,0.25077319145202637,0.14859257638454437,0.12307774275541306,0.33385205268859863,0.3036697506904602,0.1638522446155548,0.14903898537158966
889.0,0.001,0.2,128.0,3.0,0.32498884201049805,0.2910889983177185,0.15428601205348969,0.1381923258304596,0.389146089553833,0.3227534890174866,0.1847442090511322,0.15322482585906982
860.0,0.001,0.2,128.0,4.0,0.29374536871910095,0.2604023814201355,0.13364052772521973,0.11847102642059326,0.2169671356678009,0.14966410398483276,0.09870998561382294,0.06809024512767792
861.0,0.001,0.2,128.0,4.0,0.20389623939990997,0.127934068441391,0.10096776485443115,0.06335191428661346,0.24497279524803162,0.22564376890659332,0.12130854278802872,0.11173693835735321
862.0,0.001,0.2,128.0,4.0,0.4148418605327606,0.3435088098049164,0.19211651384830475,0.1590816080570221,0.30350983142852783,0.23700574040412903,0.14055781066417694,0.10975922644138336
863.0,0.001,0.2,128.0,4.0,0.25609835982322693,0.20512770116329193,0.12607191503047943,0.10098010301589966,0.2319362908601761,0.1676877737045288,0.11417743563652039,0.08254921436309814
864.0,0.001,0.2,128.0,4.0,0.28868770599365234,0.23051124811172485,0.13733042776584625,0.10965553671121597,0.30125755071640015,0.25401124358177185,0.14330995082855225,0.12083461135625839
865.0,0.001,0.2,128.0,4.0,0.2898585796356201,0.22012469172477722,0.1257161647081375,0.09547150135040283,0.4368443489074707,0.3205980062484741,0.189466193318367,0.13904836773872375
866.0,0.001,0.2,128.0,4.0,0.4758778214454651,0.37846213579177856,0.2128314971923828,0.1692633032798767,0.44100362062454224,0.2823546528816223,0.1972343474626541,0.12628023326396942
867.0,0.001,0.2,128.0,4.0,0.29172083735466003,0.2300889641046524,0.1523132175207138,0.12013400346040726,0.18034911155700684,0.15497498214244843,0.09416382759809494,0.08091550320386887
868.0,0.001,0.2,128.0,4.0,0.39953091740608215,0.3377251625061035,0.16348187625408173,0.13819192349910736,0.4509463608264923,0.3357507586479187,0.18452034890651703,0.1373840570449829
869.0,0.001,0.2,128.0,4.0,0.277881383895874,0.18560123443603516,0.12332920730113983,0.0823734775185585,0.4663742184638977,0.38525256514549255,0.20698601007461548,0.17098262906074524
870.0,0.001,0.2,128.0,4.0,0.22274500131607056,0.19257445633411407,0.10513512790203094,0.09089469909667969,0.15893755853176117,0.1394280344247818,0.07501816749572754,0.0658097118139267
871.0,0.001,0.2,128.0,4.0,0.34116044640541077,0.2431260049343109,0.16571633517742157,0.11809676885604858,0.2929188013076782,0.22660523653030396,0.14228326082229614,0.11007191985845566
872.0,0.001,0.2,128.0,4.0,0.1739417314529419,0.13830046355724335,0.08492215722799301,0.06752131134271622,0.2703772485256195,0.22639018297195435,0.132004052400589,0.1105286031961441
873.0,0.001,0.2,128.0,4.0,0.3736647963523865,0.31429025530815125,0.17500434815883636,0.14719653129577637,0.1992969512939453,0.13301336765289307,0.09333990514278412,0.062296267598867416
874.0,0.001,0.2,128.0,4.0,0.3690888583660126,0.30997657775878906,0.17305243015289307,0.1453368067741394,0.3142301142215729,0.26075658202171326,0.14733116328716278,0.12225936353206635
875.0,0.001,0.2,128.0,4.0,0.25862789154052734,0.1568623185157776,0.11918499320745468,0.07228776067495346,0.3993214964866638,0.29860919713974,0.18402163684368134,0.1376098096370697
876.0,0.001,0.2,128.0,4.0,0.36088934540748596,0.28624191880226135,0.1695808321237564,0.13450422883033752,0.27973613142967224,0.2313886284828186,0.13144713640213013,0.1087288111448288
877.0,0.001,0.2,128.0,4.0,0.2526921331882477,0.22241851687431335,0.13140660524368286,0.11566352844238281,0.2712749242782593,0.16428221762180328,0.1410701870918274,0.08543112128973007
878.0,0.001,0.2,128.0,4.0,0.31896641850471497,0.2365759015083313,0.14422224462032318,0.1069689467549324,0.24525491893291473,0.21961170434951782,0.11089321225881577,0.09929850697517395
879.0,0.001,0.2,128.0,4.0,0.3085918426513672,0.2595286965370178,0.1513887196779251,0.12731938064098358,0.46729224920272827,0.3140820860862732,0.22924381494522095,0.15408211946487427
880.0,0.001,0.2,128.0,4.0,0.3780553340911865,0.29523658752441406,0.15087760984897614,0.11782559752464294,0.43192705512046814,0.3925604224205017,0.17237722873687744,0.15666642785072327
881.0,0.001,0.2,128.0,4.0,0.23833373188972473,0.16216979920864105,0.10961838066577911,0.07458782196044922,0.20658095180988312,0.14259901642799377,0.09501412510871887,0.06558648496866226
882.0,0.001,0.2,128.0,4.0,0.1598631739616394,0.14156369864940643,0.08120816200971603,0.07191228866577148,0.18024952709674835,0.13644012808799744,0.0915641337633133,0.06930959224700928
883.0,0.001,0.2,128.0,4.0,0.22057591378688812,0.19413793087005615,0.10857321321964264,0.0955597460269928,0.2907114028930664,0.2601240277290344,0.1430957019329071,0.12803980708122253
884.0,0.001,0.2,128.0,4.0,0.24873889982700348,0.18334193527698517,0.11916182935237885,0.0878324955701828,0.23807013034820557,0.1868649423122406,0.11405079066753387,0.08952024579048157
885.0,0.001,0.2,128.0,4.0,0.30356234312057495,0.25451424717903137,0.144698828458786,0.12131911516189575,0.37053146958351135,0.2998732626438141,0.1766209602355957,0.14294037222862244
886.0,0.001,0.2,128.0,4.0,0.3612208366394043,0.32556647062301636,0.16613252460956573,0.14973437786102295,0.30027976632118225,0.255796879529953,0.13810452818870544,0.1176459789276123
887.0,0.001,0.2,128.0,4.0,0.25459256768226624,0.2164197862148285,0.11685486882925034,0.09933404624462128,0.21664217114448547,0.18797187507152557,0.09943612664937973,0.08627679944038391
888.0,0.001,0.2,128.0,4.0,0.2325425148010254,0.19461238384246826,0.11413025856018066,0.09551440924406052,0.302920401096344,0.22706682980060577,0.14867118000984192,0.11144278943538666
889.0,0.001,0.2,128.0,4.0,0.2616579830646515,0.23372507095336914,0.12422019243240356,0.1109592467546463,0.2077166736125946,0.18748250603675842,0.09861195832490921,0.08900593966245651
860.0,0.001,0.2,256.0,2.0,0.5601567625999451,0.4628772437572479,0.25484538078308105,0.21058771014213562,0.3428725302219391,0.28731173276901245,0.15599112212657928,0.1307135373353958
861.0,0.001,0.2,256.0,2.0,0.18535493314266205,0.1510327160358429,0.09178628027439117,0.07479019463062286,0.3224792182445526,0.23376381397247314,0.15968909859657288,0.11575795710086823
862.0,0.001,0.2,256.0,2.0,0.5499714612960815,0.45757102966308594,0.2546960711479187,0.21190467476844788,0.3734853267669678,0.247273787856102,0.17296400666236877,0.11451444029808044
863.0,0.001,0.2,256.0,2.0,0.2812364101409912,0.23725782334804535,0.1384468525648117,0.11679709702730179,0.22884462773799896,0.1867590993642807,0.11265548318624496,0.09193763881921768
864.0,0.001,0.2,256.0,2.0,0.3610083758831024,0.3084988594055176,0.1717337965965271,0.14675472676753998,0.47734665870666504,0.43683481216430664,0.22707657516002655,0.2078048586845398
865.0,0.001,0.2,256.0,2.0,0.5488037467002869,0.30384814739227295,0.23802469670772552,0.1317836493253708,0.6050547957420349,0.43849489092826843,0.26242169737815857,0.19018208980560303
866.0,0.001,0.2,256.0,2.0,0.2916889190673828,0.24443018436431885,0.130454882979393,0.10931889712810516,0.23665860295295715,0.18020856380462646,0.10584312677383423,0.0805964395403862
867.0,0.001,0.2,256.0,2.0,0.2212769240140915,0.18626238405704498,0.11553304642438889,0.09725126624107361,0.14007173478603363,0.10975314676761627,0.07313422113656998,0.05730428546667099
868.0,0.001,0.2,256.0,2.0,0.40477254986763,0.2819511890411377,0.1656266748905182,0.11537007242441177,0.46679556369781494,0.32038623094558716,0.19100557267665863,0.13109713792800903
869.0,0.001,0.2,256.0,2.0,0.20391207933425903,0.15717923641204834,0.09050020575523376,0.06975923478603363,0.379254549741745,0.3126053810119629,0.16832062602043152,0.1387403905391693
870.0,0.001,0.2,256.0,2.0,0.26160314679145813,0.18991276621818542,0.1234760731458664,0.0896383747458458,0.20079392194747925,0.16748157143592834,0.0947742834687233,0.0790509358048439
871.0,0.001,0.2,256.0,2.0,0.33345723152160645,0.29077211022377014,0.16197454929351807,0.14124055206775665,0.2495589256286621,0.18815290927886963,0.12122150510549545,0.09139396250247955
872.0,0.001,0.2,256.0,2.0,0.17919546365737915,0.1585957407951355,0.0874871239066124,0.0774298906326294,0.2592417597770691,0.2044920176267624,0.12656743824481964,0.09983744472265244
873.0,0.001,0.2,256.0,2.0,0.252977192401886,0.19308239221572876,0.11848082393407822,0.09042933583259583,0.29090332984924316,0.20950734615325928,0.13624340295791626,0.09812191128730774
874.0,0.001,0.2,256.0,2.0,0.29974162578582764,0.23137450218200684,0.1405380368232727,0.10848314315080643,0.20442552864551544,0.14725123345851898,0.09584774821996689,0.06904080510139465
875.0,0.001,0.2,256.0,2.0,0.19765731692314148,0.12128305435180664,0.09108758717775345,0.05589155852794647,0.24739086627960205,0.19175338745117188,0.11400659382343292,0.08836683630943298
876.0,0.001,0.2,256.0,2.0,0.2747504413127899,0.2595602869987488,0.12910442054271698,0.12196661531925201,0.36085548996925354,0.2810656428337097,0.16956490278244019,0.13207188248634338
877.0,0.001,0.2,256.0,2.0,0.2813735008239746,0.23131787776947021,0.14632171392440796,0.12029144167900085,0.20359322428703308,0.14755943417549133,0.10587387531995773,0.07673482596874237
878.0,0.001,0.2,256.0,2.0,0.31057843565940857,0.23314660787582397,0.1404295414686203,0.10541835427284241,0.264913409948349,0.18487593531608582,0.11978187412023544,0.08359255641698837
879.0,0.001,0.2,256.0,2.0,0.20344804227352142,0.16829700767993927,0.09980733692646027,0.08256299048662186,0.4202137589454651,0.32988429069519043,0.20614805817604065,0.16183432936668396
880.0,0.001,0.2,256.0,2.0,0.378946453332901,0.3243802785873413,0.1512332409620285,0.1294565051794052,0.40732696652412415,0.334020733833313,0.1625596284866333,0.1333039402961731
881.0,0.001,0.2,256.0,2.0,0.37575986981391907,0.21158310770988464,0.1728256791830063,0.09731478989124298,0.50877445936203,0.29661494493484497,0.234003946185112,0.13642403483390808
882.0,0.001,0.2,256.0,2.0,0.24505145847797394,0.22684502601623535,0.12448257952928543,0.11523398756980896,0.11294152587652206,0.08898308128118515,0.05737266317009926,0.045202113687992096
883.0,0.001,0.2,256.0,2.0,0.22662079334259033,0.13842381536960602,0.11154864728450775,0.0681358128786087,0.5130784511566162,0.3348158597946167,0.25255057215690613,0.1648050844669342
884.0,0.001,0.2,256.0,2.0,0.48101288080215454,0.38361018896102905,0.23043593764305115,0.18377381563186646,0.41566717624664307,0.33684712648391724,0.19913114607334137,0.16137129068374634
885.0,0.001,0.2,256.0,2.0,0.3099892735481262,0.2500300109386444,0.14776237308979034,0.11918162554502487,0.182741180062294,0.14612752199172974,0.0871070846915245,0.06965448707342148
886.0,0.001,0.2,256.0,2.0,0.49798452854156494,0.47473496198654175,0.22903284430503845,0.21833989024162292,0.40647801756858826,0.360517680644989,0.18694719672203064,0.16580912470817566
887.0,0.001,0.2,256.0,2.0,0.3486998379230499,0.30946648120880127,0.1600489765405655,0.14204134047031403,0.2708929777145386,0.22180557250976562,0.1243365928530693,0.10180607438087463
888.0,0.001,0.2,256.0,2.0,0.2034360021352768,0.16609027981758118,0.09984496980905533,0.08151593059301376,0.19288216531276703,0.14851976931095123,0.09466519951820374,0.0728924423456192
889.0,0.001,0.2,256.0,2.0,0.2947499752044678,0.26655852794647217,0.1399303674697876,0.1265466809272766,0.3226105570793152,0.2901807725429535,0.15315696597099304,0.1377611756324768
860.0,0.001,0.2,256.0,3.0,0.3723345696926117,0.3106497526168823,0.16939496994018555,0.14133122563362122,0.23370936512947083,0.18279971182346344,0.10632693767547607,0.08316540718078613
861.0,0.001,0.2,256.0,3.0,0.21623463928699493,0.20456555485725403,0.10707764327526093,0.10129920393228531,0.22014953196048737,0.19021397829055786,0.10901626199483871,0.09419241547584534
862.0,0.001,0.2,256.0,3.0,0.3490762412548065,0.297252893447876,0.16165991127490997,0.13766013085842133,0.3563635051250458,0.2905830442905426,0.1650347262620926,0.13457128405570984
863.0,0.001,0.2,256.0,3.0,0.2773739993572235,0.22019952535629272,0.13654549419879913,0.10839967429637909,0.3959662914276123,0.30551427602767944,0.19492597877979279,0.15039832890033722
864.0,0.001,0.2,256.0,3.0,0.2456386238336563,0.18471935391426086,0.11685173213481903,0.08787206560373306,0.23619107902050018,0.2134777009487152,0.11235746741294861,0.10155259072780609
865.0,0.001,0.2,256.0,3.0,0.2947112023830414,0.22663772106170654,0.12782084941864014,0.09829630702733994,0.299690842628479,0.23212775588035583,0.12998059391975403,0.10067743062973022
866.0,0.001,0.2,256.0,3.0,0.5216551423072815,0.3980671763420105,0.23330488801002502,0.17803144454956055,0.20392099022865295,0.182943195104599,0.09120157361030579,0.08181946724653244
867.0,0.001,0.2,256.0,3.0,0.28686729073524475,0.1890789270401001,0.1497790664434433,0.09872184693813324,0.17860344052314758,0.1319005787372589,0.09325236082077026,0.06886788457632065
868.0,0.001,0.2,256.0,3.0,0.28023606538772583,0.22397854924201965,0.11466827243566513,0.09164857119321823,0.335891991853714,0.24470840394496918,0.13744182884693146,0.10013090819120407
869.0,0.001,0.2,256.0,3.0,0.20901629328727722,0.17852982878684998,0.09276556223630905,0.07923507690429688,0.39645877480506897,0.338145911693573,0.17595617473125458,0.1500757932662964
870.0,0.001,0.2,256.0,3.0,0.3394331634044647,0.2984725832939148,0.1602117121219635,0.14087839424610138,0.4271883964538574,0.3493531048297882,0.20163197815418243,0.16489389538764954
871.0,0.001,0.2,256.0,3.0,0.3528643846511841,0.3100813627243042,0.17140142619609833,0.15061986446380615,0.2904781997203827,0.2514033317565918,0.1410977840423584,0.12211745232343674
872.0,0.001,0.2,256.0,3.0,0.27923154830932617,0.21284082531929016,0.13632692396640778,0.10391353070735931,0.26631078124046326,0.2125469148159027,0.13001872599124908,0.10377002507448196
873.0,0.001,0.2,256.0,3.0,0.33447015285491943,0.26473262906074524,0.1566476970911026,0.12398643046617508,0.23068884015083313,0.19924762845039368,0.10804220288991928,0.09331683814525604
874.0,0.001,0.2,256.0,3.0,0.3339524567127228,0.3093159794807434,0.15657824277877808,0.14502710103988647,0.2163688689470291,0.18965184688568115,0.10144753754138947,0.08892090618610382
875.0,0.001,0.2,256.0,3.0,0.24468491971492767,0.15666447579860687,0.11275957524776459,0.0721966028213501,0.47995519638061523,0.3005290627479553,0.22118054330348969,0.1384945511817932
876.0,0.001,0.2,256.0,3.0,0.15530751645565033,0.11313691735267639,0.07297853380441666,0.05316271260380745,0.19081054627895355,0.15403497219085693,0.08966130763292313,0.07238057255744934
877.0,0.001,0.2,256.0,3.0,0.25833964347839355,0.19204774498939514,0.1343434751033783,0.09986990690231323,0.2871684730052948,0.21854759752750397,0.14933526515960693,0.11365056782960892
878.0,0.001,0.2,256.0,3.0,0.5965200662612915,0.4523126184940338,0.2697194218635559,0.20451533794403076,0.28157806396484375,0.25687551498413086,0.1273168921470642,0.11614751070737839
879.0,0.001,0.2,256.0,3.0,0.33758828043937683,0.30109912157058716,0.1656137853860855,0.14771294593811035,0.7272905111312866,0.3806728720664978,0.3567935526371002,0.18675017356872559
880.0,0.001,0.2,256.0,3.0,0.5832630395889282,0.48883143067359924,0.23277372121810913,0.19508713483810425,0.41920748353004456,0.32044291496276855,0.1673009842634201,0.12788516283035278
881.0,0.001,0.2,256.0,3.0,0.3020554184913635,0.22907182574272156,0.13892629742622375,0.10535849630832672,0.30329394340515137,0.252583384513855,0.13949595391750336,0.11617232859134674
882.0,0.001,0.2,256.0,3.0,0.1818554699420929,0.16721346974372864,0.09237994253635406,0.08494202792644501,0.14092883467674255,0.10670369863510132,0.07158981263637543,0.05420393496751785
883.0,0.001,0.2,256.0,3.0,0.2916690409183502,0.2056470811367035,0.14356708526611328,0.10122483968734741,0.17494215071201324,0.11673031747341156,0.08611103892326355,0.05745767056941986
884.0,0.001,0.2,256.0,3.0,0.26902905106544495,0.19119587540626526,0.12888211011886597,0.09159505367279053,0.2392883002758026,0.17558446526527405,0.11463436484336853,0.08411618322134018
885.0,0.001,0.2,256.0,3.0,0.3336240351200104,0.30070948600769043,0.1590283215045929,0.14333896338939667,0.32724282145500183,0.2805800437927246,0.15598657727241516,0.13374385237693787
886.0,0.001,0.2,256.0,3.0,0.2558326721191406,0.20857353508472443,0.1176624447107315,0.09592704474925995,0.31611669063568115,0.2705133855342865,0.14538826048374176,0.12441439926624298
887.0,0.001,0.2,256.0,3.0,0.32441774010658264,0.2509394884109497,0.1489037722349167,0.11517816036939621,0.33833426237106323,0.24773067235946655,0.15529125928878784,0.1137053370475769
888.0,0.001,0.2,256.0,3.0,0.35284897685050964,0.23575156927108765,0.17317582666873932,0.1157052293419838,0.3034400939941406,0.20488807559013367,0.148926243185997,0.10055763274431229
889.0,0.001,0.2,256.0,3.0,0.24217796325683594,0.19851642847061157,0.11497218161821365,0.09424419701099396,0.27870309352874756,0.20317676663398743,0.13231222331523895,0.09645666182041168
860.0,0.001,0.2,256.0,4.0,0.7156884670257568,0.5046722888946533,0.3256050944328308,0.22960251569747925,0.23333071172237396,0.17482112348079681,0.1061546579003334,0.07953550666570663
861.0,0.001,0.2,256.0,4.0,0.180332750082016,0.1287526786327362,0.08929929882287979,0.0637572631239891,0.35833895206451416,0.24498039484024048,0.17744654417037964,0.12131229788064957
862.0,0.001,0.2,256.0,4.0,0.46120455861091614,0.3651868402957916,0.2135874330997467,0.1691208779811859,0.3055160939693451,0.2307535707950592,0.14148689806461334,0.10686378180980682
863.0,0.001,0.2,256.0,4.0,0.30994167923927307,0.2556034326553345,0.15257787704467773,0.12582828104496002,0.364024817943573,0.29001420736312866,0.1792018860578537,0.142767995595932
864.0,0.001,0.2,256.0,4.0,0.2665264308452606,0.1953122317790985,0.1267881691455841,0.09291116148233414,0.3024713397026062,0.2798871695995331,0.14388737082481384,0.13314394652843475
865.0,0.001,0.2,256.0,4.0,0.28877297043800354,0.1905631422996521,0.1252453476190567,0.08265019953250885,0.3147222101688385,0.20919431746006012,0.13649991154670715,0.09073083102703094
866.0,0.001,0.2,256.0,4.0,0.4169219136238098,0.36003461480140686,0.18646402657032013,0.16102178394794464,0.2538473308086395,0.22813721001148224,0.11353061348199844,0.10203203558921814
867.0,0.001,0.2,256.0,4.0,0.3213900029659271,0.27446937561035156,0.1678040772676468,0.14330589771270752,0.2285439819097519,0.18681344389915466,0.11932732164859772,0.09753898531198502
868.0,0.001,0.2,256.0,4.0,0.9870362877845764,0.5069307088851929,0.4038800597190857,0.2074282467365265,1.099883794784546,0.7667618989944458,0.4500555992126465,0.31374719738960266
869.0,0.001,0.2,256.0,4.0,0.3118307590484619,0.2351190447807312,0.13839662075042725,0.10435043275356293,0.3866320848464966,0.29356715083122253,0.17159488797187805,0.13029086589813232
870.0,0.001,0.2,256.0,4.0,0.1788787692785263,0.14467723667621613,0.08443036675453186,0.06828732788562775,0.14566762745380402,0.11970816552639008,0.06875477731227875,0.056501977145671844
871.0,0.001,0.2,256.0,4.0,0.30830079317092896,0.26961418986320496,0.14975497126579285,0.13096322119235992,0.21420890092849731,0.16714036464691162,0.10405050218105316,0.08118729293346405
872.0,0.001,0.2,256.0,4.0,0.15303468704223633,0.1327001303434372,0.07471486926078796,0.06478708982467651,0.32442590594291687,0.2656358778476715,0.1583917886018753,0.12968921661376953
873.0,0.001,0.2,256.0,4.0,0.3127637803554535,0.2659324109554291,0.14648161828517914,0.12454835325479507,0.2854791581630707,0.23168769478797913,0.13370300829410553,0.10850997269153595
874.0,0.001,0.2,256.0,4.0,0.2994150221347809,0.27648189663887024,0.14038489758968353,0.1296323835849762,0.2458273470401764,0.1845722794532776,0.1152595728635788,0.08653929829597473
875.0,0.001,0.2,256.0,4.0,0.2219580113887787,0.2110040783882141,0.10228617489337921,0.0972382053732872,0.5401689410209656,0.31873005628585815,0.2489292323589325,0.14688223600387573
876.0,0.001,0.2,256.0,4.0,0.2357294261455536,0.15803444385528564,0.11076854169368744,0.07425990700721741,0.3384869396686554,0.24254921078681946,0.1590539813041687,0.11397313326597214
877.0,0.001,0.2,256.0,4.0,0.2671699821949005,0.21729765832424164,0.13893547654151917,0.1130005493760109,0.3414231240749359,0.2766754925251007,0.1775490790605545,0.14387859404087067
878.0,0.001,0.2,256.0,4.0,0.6977058053016663,0.5191611051559448,0.3154710531234741,0.2347412109375,0.31789523363113403,0.25969552993774414,0.14373789727687836,0.11742261797189713
879.0,0.001,0.2,256.0,4.0,0.4489850699901581,0.401306688785553,0.22026269137859344,0.19687268137931824,0.4719878137111664,0.4183693528175354,0.23154737055301666,0.20524325966835022
880.0,0.001,0.2,256.0,4.0,0.43524420261383057,0.34780368208885193,0.17370103299617767,0.13880452513694763,0.3261338770389557,0.26429277658462524,0.13015633821487427,0.1054762601852417
881.0,0.001,0.2,256.0,4.0,0.2924913763999939,0.21264271438121796,0.13452745974063873,0.09780213236808777,0.3665854334831238,0.2957804501056671,0.1686060130596161,0.13604024052619934
882.0,0.001,0.2,256.0,4.0,0.2857044041156769,0.2323986440896988,0.14513368904590607,0.11805513501167297,0.08687188476324081,0.08286038041114807,0.044129665940999985,0.04209187626838684
883.0,0.001,0.2,256.0,4.0,0.20451010763645172,0.17158260941505432,0.10066518932580948,0.08445741981267929,0.39276692271232605,0.28446483612060547,0.19333012402057648,0.14002101123332977
884.0,0.001,0.2,256.0,4.0,0.28406667709350586,0.19948941469192505,0.13608607649803162,0.09556817263364792,0.18455597758293152,0.14998415112495422,0.08841409534215927,0.07185197621583939
885.0,0.001,0.2,256.0,4.0,0.2624524235725403,0.21390017867088318,0.12510301172733307,0.10195964574813843,0.2743462920188904,0.21227742731571198,0.1307724416255951,0.1011861190199852
886.0,0.001,0.2,256.0,4.0,0.18535824120044708,0.1580597460269928,0.0852498784661293,0.07269476354122162,0.21443654596805573,0.13288620114326477,0.09862355887889862,0.06111696735024452
887.0,0.001,0.2,256.0,4.0,0.2842819392681122,0.2534889876842499,0.13048194348812103,0.11634834110736847,0.21963544189929962,0.18112939596176147,0.1008099764585495,0.0831361711025238
888.0,0.001,0.2,256.0,4.0,0.23579807579517365,0.19562022387981415,0.11572803556919098,0.0960090383887291,0.29484301805496216,0.23099970817565918,0.1447068750858307,0.11337301135063171
889.0,0.001,0.2,256.0,4.0,0.22694192826747894,0.17576076090335846,0.10773897916078568,0.0834411084651947,0.36183297634124756,0.29165270924568176,0.17177750170230865,0.1384599655866623
