,seed,target_column,target_instances,method,v,target_tree_size,val_rmse,val_mae,rmse,mae
0,1,Dgv,95,xgboost,0.01,1,8.094948575101906,5.843219972749486,6.924257035401322,5.0842383305369605
1,1,Dgv,95,xgboost_naive_transfer,0.01,1,7.509020217400679,5.539821888546478,6.58255362875198,4.993344151282898
2,1,Dgv,95,xgboost_naive_transfer_with_dummy,0.01,1,7.509020217400679,5.539821888546478,6.58255362875198,4.993344151282898
3,1,Dgv,95,xgboost,0.01,2,8.146961334797824,5.9196308763193874,6.988442669936015,5.187919044638527
4,1,Dgv,95,xgboost_naive_transfer,0.01,2,7.493097225813662,5.512650891048308,6.554428486813062,4.976693476011503
5,1,Dgv,95,xgboost_naive_transfer_with_dummy,0.01,2,7.493097225813662,5.512650891048308,6.554428486813062,4.976693476011503
6,1,Dgv,95,xgboost,0.01,3,8.056801877623094,5.787879791523962,6.945729478694564,5.171872879869763
7,1,Dgv,95,xgboost_naive_transfer,0.01,3,7.497353298937339,5.491375684758746,6.546439156796537,4.9393814501841975
8,1,Dgv,95,xgboost_naive_transfer_with_dummy,0.01,3,7.494866843198614,5.489080532122042,6.544778498929182,4.9365140422610905
9,1,Dgv,95,xgboost,0.01,4,8.22500606584876,5.815333793433881,6.794160702332284,4.999659226983592
10,1,Dgv,95,xgboost_naive_transfer,0.01,4,7.503251147722965,5.501665443904379,6.608465850397757,4.974609032155558
11,1,Dgv,95,xgboost_naive_transfer_with_dummy,0.01,4,7.428968014822808,5.362737706502131,6.4804895602256805,4.810123170079948
12,1,Dgv,95,xgboost,0.02,1,8.050113801459354,5.754462428630074,6.851102535495115,5.012851033797647
13,1,Dgv,95,xgboost_naive_transfer,0.02,1,7.506272921469224,5.5327988354100865,6.573531807308261,4.986256874099843
14,1,Dgv,95,xgboost_naive_transfer_with_dummy,0.02,1,7.506272921469224,5.5327988354100865,6.573531807308261,4.986256874099843
15,1,Dgv,95,xgboost,0.02,2,8.14716917343748,5.903894856590146,6.983152927491424,5.18630825881905
16,1,Dgv,95,xgboost_naive_transfer,0.02,2,7.498769632640179,5.517012714660849,6.553022907871917,4.977533088871931
17,1,Dgv,95,xgboost_naive_transfer_with_dummy,0.02,2,7.498769632640179,5.517012714660849,6.553022907871917,4.977533088871931
18,1,Dgv,95,xgboost,0.02,3,8.07666362370954,5.796242501989796,6.934403016430492,5.158092715220679
19,1,Dgv,95,xgboost_naive_transfer,0.02,3,7.501907433655565,5.493317007426685,6.5414311928501805,4.939081726884402
20,1,Dgv,95,xgboost_naive_transfer_with_dummy,0.02,3,7.501907433655565,5.493317007426685,6.5414311928501805,4.939081726884402
21,1,Dgv,95,xgboost,0.02,4,8.233372464516393,5.7834510880792545,6.780672524852602,4.9870140101515625
22,1,Dgv,95,xgboost_naive_transfer,0.02,4,7.514460381607966,5.502640645382941,6.608066835447829,4.971266812666089
23,1,Dgv,95,xgboost_naive_transfer_with_dummy,0.02,4,7.428575575940669,5.356181473544192,6.47351289316019,4.801260266312924
24,1,Dgv,95,xgboost,0.05,1,8.027256839314887,5.674727273694646,6.754679804040122,4.935622214224194
25,1,Dgv,95,xgboost_naive_transfer,0.05,1,7.505407200810708,5.5219307209988875,6.561701619910763,4.974328439581481
26,1,Dgv,95,xgboost_naive_transfer_with_dummy,0.05,1,7.505407200810708,5.5219307209988875,6.561701619910763,4.974328439581481
27,1,Dgv,95,xgboost,0.05,2,8.120976602443205,5.787417057236795,6.949792112118477,5.128529814598629
28,1,Dgv,95,xgboost_naive_transfer,0.05,2,7.494445571869547,5.508792540178853,6.534684878135467,4.963839699739035
29,1,Dgv,95,xgboost_naive_transfer_with_dummy,0.05,2,7.494445571869547,5.508792540178853,6.534684878135467,4.963839699739035
30,1,Dgv,95,xgboost,0.05,3,8.070396334717701,5.769888100354373,6.936016017840787,5.14502086195779
31,1,Dgv,95,xgboost_naive_transfer,0.05,3,7.511236932122457,5.496417735039328,6.544978378035499,4.940951341996396
32,1,Dgv,95,xgboost_naive_transfer_with_dummy,0.05,3,7.506438557104962,5.481145099057593,6.529550818226732,4.917928136863936
33,1,Dgv,95,xgboost,0.05,4,8.185695305946195,5.7491512036570604,6.771348540593483,5.01042011576614
34,1,Dgv,95,xgboost_naive_transfer,0.05,4,7.517496637997544,5.500498878872908,6.5886477655860975,4.961852239237104
35,1,Dgv,95,xgboost_naive_transfer_with_dummy,0.05,4,7.439679351756642,5.347864327178062,6.476642661020644,4.809147168309186
36,1,Dgv,95,xgboost,0.1,1,8.11809495876031,5.874747284648072,6.948904935014095,5.105273828038482
37,1,Dgv,95,xgboost_naive_transfer,0.1,1,7.505880871389725,5.520735928423166,6.561272809028766,4.9708080833530035
38,1,Dgv,95,xgboost_naive_transfer_with_dummy,0.1,1,7.505880871389725,5.520735928423166,6.561272809028766,4.9708080833530035
39,1,Dgv,95,xgboost,0.1,2,8.117213561705988,5.731863033795818,6.804682092911154,5.0483438822543105
40,1,Dgv,95,xgboost_naive_transfer,0.1,2,7.488718707098915,5.496802302748989,6.500150693463731,4.927913292245946
41,1,Dgv,95,xgboost_naive_transfer_with_dummy,0.1,2,7.488718707098915,5.496802302748989,6.500150693463731,4.927913292245946
42,1,Dgv,95,xgboost,0.1,3,8.133043870808553,5.776693971536674,6.913996954787789,5.128901817300619
43,1,Dgv,95,xgboost_naive_transfer,0.1,3,7.531427476179747,5.497852242618318,6.5468972643721175,4.9361495636179376
44,1,Dgv,95,xgboost_naive_transfer_with_dummy,0.1,3,7.529934792274762,5.485430485307451,6.534538864309868,4.918015189743853
45,1,Dgv,95,xgboost,0.1,4,8.289926569891257,5.749433609394818,6.883864443147529,5.028807315276097
46,1,Dgv,95,xgboost_naive_transfer,0.1,4,7.552056861688149,5.503547313905453,6.6188175696839116,4.956223237675731
47,1,Dgv,95,xgboost_naive_transfer_with_dummy,0.1,4,7.4820497926725915,5.332656574146705,6.4064364731085135,4.694669523811948
48,1,Dgv,95,xgboost,0.15,1,7.956042333708494,5.612937065443832,6.712431672474943,4.896144241650893
49,1,Dgv,95,xgboost_naive_transfer,0.15,1,7.503176734682689,5.522299600479658,6.562424554776728,4.9749308534434125
50,1,Dgv,95,xgboost_naive_transfer_with_dummy,0.15,1,7.503176734682689,5.522299600479658,6.562424554776728,4.9749308534434125
51,1,Dgv,95,xgboost,0.15,2,8.127224050992675,5.6787347172062725,6.71900644469089,4.958568557829973
52,1,Dgv,95,xgboost_naive_transfer,0.15,2,7.492751347366944,5.490253353468617,6.4974037998576115,4.917256637782221
53,1,Dgv,95,xgboost_naive_transfer_with_dummy,0.15,2,7.484323053224881,5.45841932532279,6.465170743157537,4.867772833472787
54,1,Dgv,95,xgboost,0.15,3,8.174859685223494,5.804495418379169,6.98082530663045,5.187410350021186
55,1,Dgv,95,xgboost_naive_transfer,0.15,3,7.553914888681106,5.510366484239304,6.532647279533654,4.915241975920109
56,1,Dgv,95,xgboost_naive_transfer_with_dummy,0.15,3,7.380407373022096,5.182068924786017,6.188837043918948,4.52977613562571
57,1,Dgv,95,xgboost,0.15,4,8.59334605801352,5.932003887389638,7.020428645036685,5.148844270317692
58,1,Dgv,95,xgboost_naive_transfer,0.15,4,7.576183972220425,5.51812831217106,6.620489261645906,4.946455982179931
59,1,Dgv,95,xgboost_naive_transfer_with_dummy,0.15,4,7.430011582919683,5.150054315569204,6.268542136292072,4.483004017597611
60,1,Dgv,190,xgboost,0.01,1,7.743299590463146,5.285384083907654,6.418264461814913,4.522387885347937
61,1,Dgv,190,xgboost_naive_transfer,0.01,1,7.46994448617562,5.452020213719832,6.45463638681555,4.839716569535867
62,1,Dgv,190,xgboost_naive_transfer_with_dummy,0.01,1,7.357528960230821,5.240355950723563,6.288832197824996,4.594874392779361
63,1,Dgv,190,xgboost,0.01,2,7.861345533292112,5.501757919936446,6.558145017879031,4.673662106782073
64,1,Dgv,190,xgboost_naive_transfer,0.01,2,7.431924323417785,5.41248161746961,6.358040521146616,4.761016982091806
65,1,Dgv,190,xgboost_naive_transfer_with_dummy,0.01,2,7.357155423904208,5.24885228983475,6.2473049298996095,4.5867373567791745
66,1,Dgv,190,xgboost,0.01,3,7.851086091193554,5.40676495165378,6.280096748458584,4.453268279013072
67,1,Dgv,190,xgboost_naive_transfer,0.01,3,7.44674607339518,5.412152798277532,6.408272958743973,4.777910832290024
68,1,Dgv,190,xgboost_naive_transfer_with_dummy,0.01,3,7.23794974649135,4.945633036956539,5.99857640318077,4.238467857574384
69,1,Dgv,190,xgboost,0.01,4,8.25373358775343,5.726517416038288,6.649996813578142,4.751602225536331
70,1,Dgv,190,xgboost_naive_transfer,0.01,4,7.480428442957306,5.428255899253615,6.447793158412713,4.793928324997438
71,1,Dgv,190,xgboost_naive_transfer_with_dummy,0.01,4,7.324761608148079,5.092774421851532,6.129384114432145,4.370237563253122
72,1,Dgv,190,xgboost,0.02,1,7.744105721098398,5.2810169227946595,6.414540565683514,4.518636838889353
73,1,Dgv,190,xgboost_naive_transfer,0.02,1,7.461388759640356,5.442034990318745,6.436131923442656,4.82346897666005
74,1,Dgv,190,xgboost_naive_transfer_with_dummy,0.02,1,7.255055679348979,5.057843004106537,6.106821247708948,4.366669052193792
75,1,Dgv,190,xgboost,0.02,2,7.865136706519138,5.486316247259958,6.545496060896715,4.659635700918625
76,1,Dgv,190,xgboost_naive_transfer,0.02,2,7.440773725574273,5.422426052045576,6.3804942350140115,4.782992430545457
77,1,Dgv,190,xgboost_naive_transfer_with_dummy,0.02,2,7.251581257571209,5.045102237128901,6.002104613686667,4.298617421000653
78,1,Dgv,190,xgboost,0.02,3,7.838568572414618,5.388055643041999,6.269437304681957,4.436470604049348
79,1,Dgv,190,xgboost_naive_transfer,0.02,3,7.438546826039903,5.403208837807741,6.380990730158751,4.75541120175252
80,1,Dgv,190,xgboost_naive_transfer_with_dummy,0.02,3,7.232001169510924,4.929720914716445,5.984483626694747,4.214032052804047
81,1,Dgv,190,xgboost,0.02,4,8.239001872856411,5.686949162230899,6.598349715844028,4.69944767643639
82,1,Dgv,190,xgboost_naive_transfer,0.02,4,7.479755991367603,5.4277260405609,6.438087316606205,4.7815947788779525
83,1,Dgv,190,xgboost_naive_transfer_with_dummy,0.02,4,7.320284399923658,5.0793767345402285,6.113095792468183,4.34850383708637
84,1,Dgv,190,xgboost,0.05,1,7.729609272705096,5.228162952268887,6.388329417105454,4.485733244127102
85,1,Dgv,190,xgboost_naive_transfer,0.05,1,7.455383304134479,5.433515592210791,6.418518052907023,4.805909617035115
86,1,Dgv,190,xgboost_naive_transfer_with_dummy,0.05,1,7.226268656913657,4.995133687694975,6.041148696704844,4.28399142851324
87,1,Dgv,190,xgboost,0.05,2,7.885843472071592,5.452286131795639,6.529984187129141,4.636161176572863
88,1,Dgv,190,xgboost_naive_transfer,0.05,2,7.432271015734866,5.413712067562597,6.327830885954693,4.740726831392852
89,1,Dgv,190,xgboost_naive_transfer_with_dummy,0.05,2,7.230067030363702,5.007816951222217,5.95089381003886,4.226783738595006
90,1,Dgv,190,xgboost,0.05,3,7.829540651154667,5.376445749615982,6.2395783864073175,4.401561763733368
91,1,Dgv,190,xgboost_naive_transfer,0.05,3,7.442742432700932,5.3961859057091965,6.376844782699238,4.747068212774594
92,1,Dgv,190,xgboost_naive_transfer_with_dummy,0.05,3,7.2662577589414425,4.987164826094704,6.017722935633925,4.2692487669319705
93,1,Dgv,190,xgboost,0.05,4,8.183348903727287,5.469757597456083,6.421794590777874,4.47427353177414
94,1,Dgv,190,xgboost_naive_transfer,0.05,4,7.477996653950627,5.424061998209053,6.433836584605389,4.773340839684767
95,1,Dgv,190,xgboost_naive_transfer_with_dummy,0.05,4,7.356225382012617,5.057645641691134,6.125130038029324,4.313825725061722
96,1,Dgv,190,xgboost,0.1,1,7.7092730608949,5.19513396213217,6.346808833869074,4.447338024567575
97,1,Dgv,190,xgboost_naive_transfer,0.1,1,7.4389425208390065,5.412612833692076,6.396090483585408,4.780069719982486
98,1,Dgv,190,xgboost_naive_transfer_with_dummy,0.1,1,7.205981982684223,4.9611608225175985,6.014792964456893,4.244815838309385
99,1,Dgv,190,xgboost,0.1,2,7.860726238427142,5.270576334270924,6.420532223980614,4.4837922470775755
100,1,Dgv,190,xgboost_naive_transfer,0.1,2,7.427931592030186,5.4064473449142465,6.3311357960375645,4.739832192913906
101,1,Dgv,190,xgboost_naive_transfer_with_dummy,0.1,2,7.2368650521362,5.01363306421423,5.958160204642756,4.24085422907406
102,1,Dgv,190,xgboost,0.1,3,7.850034951544538,5.3334134323492215,6.24617513485606,4.382350621108331
103,1,Dgv,190,xgboost_naive_transfer,0.1,3,7.452879239598337,5.407056149568876,6.328669325384544,4.719567627606808
104,1,Dgv,190,xgboost_naive_transfer_with_dummy,0.1,3,7.235153336825808,4.897138508020364,5.934228571694403,4.147603376272977
105,1,Dgv,190,xgboost,0.1,4,8.149040510192135,5.449308205725605,6.362581355523447,4.447223037793512
106,1,Dgv,190,xgboost_naive_transfer,0.1,4,7.510107244790452,5.453405668722084,6.440085740950022,4.7771899421709785
107,1,Dgv,190,xgboost_naive_transfer_with_dummy,0.1,4,7.338985555069935,5.040322475614364,6.09702681550743,4.295201894257433
108,1,Dgv,190,xgboost,0.15,1,7.73840123652496,5.205473718620829,6.3620203093893295,4.458022381756573
109,1,Dgv,190,xgboost_naive_transfer,0.15,1,7.420008064381558,5.395588069691272,6.370438354027184,4.749917480473219
110,1,Dgv,190,xgboost_naive_transfer_with_dummy,0.15,1,7.211250016987667,4.987984049450857,6.042035503358091,4.2736485184303215
111,1,Dgv,190,xgboost,0.15,2,7.878308599019052,5.256237052368438,6.371731533876463,4.450092899094314
112,1,Dgv,190,xgboost_naive_transfer,0.15,2,7.457050191542485,5.426625922661863,6.299550097246256,4.719688819290434
113,1,Dgv,190,xgboost_naive_transfer_with_dummy,0.15,2,7.257395551262997,4.992069225285695,6.0047699572249345,4.255845637331864
114,1,Dgv,190,xgboost,0.15,3,7.905121642899537,5.358088152191694,6.233233506261577,4.372300940943366
115,1,Dgv,190,xgboost_naive_transfer,0.15,3,7.4676554237231185,5.419219307381092,6.313142669968723,4.691233630652948
116,1,Dgv,190,xgboost_naive_transfer_with_dummy,0.15,3,7.381649400259621,5.033487113828486,6.0949777863651065,4.318505210777916
117,1,Dgv,190,xgboost,0.15,4,8.320584259843777,5.478513466791547,6.5548670073840665,4.543039633499105
118,1,Dgv,190,xgboost_naive_transfer,0.15,4,7.5135670670332395,5.427133686436342,6.39896491483022,4.733286170739647
119,1,Dgv,190,xgboost_naive_transfer_with_dummy,0.15,4,7.290831013910413,4.922859580243442,6.009177015665647,4.149656201175146
120,1,Dgv,285,xgboost,0.01,1,7.644192406279784,5.1700570645738235,6.3085884706641275,4.400824893428799
121,1,Dgv,285,xgboost_naive_transfer,0.01,1,7.425998767640962,5.400403348247019,6.4305305333010585,4.796851141709052
122,1,Dgv,285,xgboost_naive_transfer_with_dummy,0.01,1,7.285761450171879,5.096522223447156,6.208529923581347,4.4404032945336285
123,1,Dgv,285,xgboost,0.01,2,7.74071814454667,5.309275451600145,6.363490724688282,4.448042605693526
124,1,Dgv,285,xgboost_naive_transfer,0.01,2,7.374921764254004,5.339030897888793,6.295922011149716,4.677599581101525
125,1,Dgv,285,xgboost_naive_transfer_with_dummy,0.01,2,7.163555645280164,4.87341747362314,5.913805387831624,4.150287948969383
126,1,Dgv,285,xgboost,0.01,3,7.814806155375534,5.291898293981282,6.285466152389171,4.413561238707419
127,1,Dgv,285,xgboost_naive_transfer,0.01,3,7.39483520643425,5.339659933721109,6.335275982412023,4.697483332106657
128,1,Dgv,285,xgboost_naive_transfer_with_dummy,0.01,3,7.147798590725659,4.801527266643236,5.912546125148625,4.123892335744938
129,1,Dgv,285,xgboost,0.01,4,7.715621213310628,5.253830671499526,6.271091088452426,4.4541040505985245
130,1,Dgv,285,xgboost_naive_transfer,0.01,4,7.40506200278787,5.339454854072327,6.33451154401196,4.680631878004151
131,1,Dgv,285,xgboost_naive_transfer_with_dummy,0.01,4,7.267954861107182,5.006158097496894,6.051847366895984,4.278579201729814
132,1,Dgv,285,xgboost,0.02,1,7.62047917263162,5.1290892012716744,6.272328495631785,4.382940031332906
133,1,Dgv,285,xgboost_naive_transfer,0.02,1,7.411332998763264,5.384772080458716,6.4074614136428,4.776644229548234
134,1,Dgv,285,xgboost_naive_transfer_with_dummy,0.02,1,7.185207403327401,4.895745092167174,6.0082746330082335,4.1967462478386395
135,1,Dgv,285,xgboost,0.02,2,7.741535275346485,5.29640774599094,6.353675318320524,4.44047182985704
136,1,Dgv,285,xgboost_naive_transfer,0.02,2,7.368619755016856,5.3329219104476655,6.28954092898873,4.670121581936434
137,1,Dgv,285,xgboost_naive_transfer_with_dummy,0.02,2,7.1611712091509725,4.859898564344471,5.9096327100008965,4.1342484171110385
138,1,Dgv,285,xgboost,0.02,3,7.807713735006561,5.229293873589913,6.197099477802573,4.325887842267471
139,1,Dgv,285,xgboost_naive_transfer,0.02,3,7.394716829622971,5.33937239278945,6.311499059103289,4.6789767063158605
140,1,Dgv,285,xgboost_naive_transfer_with_dummy,0.02,3,7.140717265236414,4.794273175079257,5.917162138723119,4.128003737233529
141,1,Dgv,285,xgboost,0.02,4,7.79705319669644,5.338669833270664,6.275508242527382,4.47210949661992
142,1,Dgv,285,xgboost_naive_transfer,0.02,4,7.412912448066228,5.341110302027762,6.336225925649653,4.671309031804614
143,1,Dgv,285,xgboost_naive_transfer_with_dummy,0.02,4,7.260967220923867,4.971574400177442,6.019863603616101,4.241736459117107
144,1,Dgv,285,xgboost,0.05,1,7.633335856596743,5.14492159960025,6.285482342902952,4.389355867396778
145,1,Dgv,285,xgboost_naive_transfer,0.05,1,7.397708208760773,5.367833101851014,6.3779287679804835,4.746221353764511
146,1,Dgv,285,xgboost_naive_transfer_with_dummy,0.05,1,7.2096541549821,4.948864649034509,6.065540309214644,4.2587309860579
147,1,Dgv,285,xgboost,0.05,2,7.7480404799142395,5.278145629343001,6.350091443744081,4.43643409963992
148,1,Dgv,285,xgboost_naive_transfer,0.05,2,7.379455590344387,5.343475667797936,6.2869247993008095,4.67463177780906
149,1,Dgv,285,xgboost_naive_transfer_with_dummy,0.05,2,7.171979866309895,4.873971678674364,5.913239738870338,4.1373667662833125
150,1,Dgv,285,xgboost,0.05,3,7.807732867520291,5.207914519880628,6.188391991617881,4.312809808138365
151,1,Dgv,285,xgboost_naive_transfer,0.05,3,7.398598077040903,5.342297182400264,6.308106751428676,4.676129466190166
152,1,Dgv,285,xgboost_naive_transfer_with_dummy,0.05,3,7.142208613556883,4.791986044233569,5.913477111457677,4.128558586669586
153,1,Dgv,285,xgboost,0.05,4,7.8865893407605245,5.313936582119244,6.244177130814666,4.414298020676349
154,1,Dgv,285,xgboost_naive_transfer,0.05,4,7.424916652630608,5.357122987806695,6.348247702150647,4.691106989962746
155,1,Dgv,285,xgboost_naive_transfer_with_dummy,0.05,4,7.284588788625453,4.951046523380522,6.021330664123578,4.22341258827541
156,1,Dgv,285,xgboost,0.1,1,7.623984334351387,5.115108706842071,6.244609605882993,4.360559268918114
157,1,Dgv,285,xgboost_naive_transfer,0.1,1,7.382458464206101,5.349405647190236,6.334547028444773,4.703919925173461
158,1,Dgv,285,xgboost_naive_transfer_with_dummy,0.1,1,7.183028226918529,4.893870268607952,6.004535452609923,4.194996045081772
159,1,Dgv,285,xgboost,0.1,2,7.714095294756828,5.163288962012959,6.240005634927358,4.3164030111447556
160,1,Dgv,285,xgboost_naive_transfer,0.1,2,7.375828765303579,5.33870837468675,6.253488480344393,4.643961154818055
161,1,Dgv,285,xgboost_naive_transfer_with_dummy,0.1,2,7.1736707785972635,4.849835165717173,5.876836146235665,4.095895177519458
162,1,Dgv,285,xgboost,0.1,3,7.792349872770409,5.176981072937754,6.1690277008851035,4.326041658777015
163,1,Dgv,285,xgboost_naive_transfer,0.1,3,7.4018513374090515,5.337836500454993,6.25572105751183,4.63943710848253
164,1,Dgv,285,xgboost_naive_transfer_with_dummy,0.1,3,7.1407652584456915,4.780871831863916,5.918498119819973,4.097783592966666
165,1,Dgv,285,xgboost,0.1,4,7.734782865041035,5.163925200585595,6.231745558551251,4.352615515344067
166,1,Dgv,285,xgboost_naive_transfer,0.1,4,7.414147595982566,5.34049450832679,6.323001188104881,4.661819140003616
167,1,Dgv,285,xgboost_naive_transfer_with_dummy,0.1,4,7.288439046262638,4.92249839036341,6.016102173685915,4.201683793397465
168,1,Dgv,285,xgboost,0.15,1,7.605255026303778,5.074053852654661,6.206350788712629,4.329017207135388
169,1,Dgv,285,xgboost_naive_transfer,0.15,1,7.396154083854563,5.36348204454035,6.34683734454408,4.7132633181977726
170,1,Dgv,285,xgboost_naive_transfer_with_dummy,0.15,1,7.1838939428389805,4.893694333888151,5.964899134922029,4.157566652070846
171,1,Dgv,285,xgboost,0.15,2,7.619069659317744,5.070306500635846,6.1454659263576525,4.217088369204424
172,1,Dgv,285,xgboost_naive_transfer,0.15,2,7.37880868238041,5.324266346924752,6.266255259589271,4.643625755349947
173,1,Dgv,285,xgboost_naive_transfer_with_dummy,0.15,2,7.186968340495333,4.866690262723318,5.9222790478017,4.1244549113733955
174,1,Dgv,285,xgboost,0.15,3,7.85158222291742,5.236318879442678,6.288786604220778,4.38063972105507
175,1,Dgv,285,xgboost_naive_transfer,0.15,3,7.454300087583301,5.368406020494331,6.312041418137198,4.6860766379043035
176,1,Dgv,285,xgboost_naive_transfer_with_dummy,0.15,3,7.19069783017423,4.857241188598609,5.9182368881307355,4.185705596887088
177,1,Dgv,285,xgboost,0.15,4,7.9524554000219,5.238652935614597,6.122533868323066,4.29359852090297
178,1,Dgv,285,xgboost_naive_transfer,0.15,4,7.545649914350979,5.411295457223563,6.383399687144175,4.679598329006472
179,1,Dgv,285,xgboost_naive_transfer_with_dummy,0.15,4,7.312965416095187,4.8844261146713706,6.004842008736922,4.160804246879969
180,1,Dgv,380,xgboost,0.01,1,7.40956517415939,5.006869804645371,6.09461129082579,4.30229565347241
181,1,Dgv,380,xgboost_naive_transfer,0.01,1,7.416954102373976,5.3888004828292,6.424286994099157,4.7942146640258
182,1,Dgv,380,xgboost_naive_transfer_with_dummy,0.01,1,7.288186251581849,5.1356298646141525,6.2281600202328145,4.493246136083442
183,1,Dgv,380,xgboost,0.01,2,7.452408466358111,5.0649387225603855,6.088259504956035,4.310577064623105
184,1,Dgv,380,xgboost_naive_transfer,0.01,2,7.3723455690201645,5.32062676338324,6.288531893806799,4.6763901175052265
185,1,Dgv,380,xgboost_naive_transfer_with_dummy,0.01,2,7.146920861363022,4.8520758416954015,5.909810802071787,4.135721753679633
186,1,Dgv,380,xgboost,0.01,3,7.397149247208857,5.008320724391666,5.971178515999235,4.229231443072877
187,1,Dgv,380,xgboost_naive_transfer,0.01,3,7.379940103595192,5.320078842153535,6.309048387121403,4.692100143406198
188,1,Dgv,380,xgboost_naive_transfer_with_dummy,0.01,3,7.188127240362181,4.961023212842994,5.993478489145789,4.29429046568479
189,1,Dgv,380,xgboost,0.01,4,7.3987865991032296,5.007956307416251,5.986911442064249,4.217427261332168
190,1,Dgv,380,xgboost_naive_transfer,0.01,4,7.369797981453571,5.300211344564555,6.30004466669032,4.676182805764789
191,1,Dgv,380,xgboost_naive_transfer_with_dummy,0.01,4,7.193905001381735,4.966933728882867,6.0166045794850564,4.290974246397591
192,1,Dgv,380,xgboost,0.02,1,7.392116595199236,4.982751410316724,6.054132070891956,4.267838647649333
193,1,Dgv,380,xgboost_naive_transfer,0.02,1,7.387062537445626,5.348921458374156,6.37027934215519,4.736888641965052
194,1,Dgv,380,xgboost_naive_transfer_with_dummy,0.02,1,7.177052077939943,4.925085710094665,6.013374932407815,4.228107787741289
195,1,Dgv,380,xgboost,0.02,2,7.444258583985875,5.0405063429657995,6.049328357049142,4.280521328111469
196,1,Dgv,380,xgboost_naive_transfer,0.02,2,7.360322170308825,5.297107544455534,6.255552960306691,4.634296563731789
197,1,Dgv,380,xgboost_naive_transfer_with_dummy,0.02,2,7.147924098755729,4.858331780741471,5.908209194749311,4.1388657758107605
198,1,Dgv,380,xgboost,0.02,3,7.382856809171619,4.9985345569885915,5.967140243663461,4.223618710473331
199,1,Dgv,380,xgboost_naive_transfer,0.02,3,7.379047628224335,5.317706206525663,6.2983101054121,4.682525226752252
200,1,Dgv,380,xgboost_naive_transfer_with_dummy,0.02,3,7.175532332337516,4.90213173198408,5.933156562553356,4.206090790448806
201,1,Dgv,380,xgboost,0.02,4,7.397027923972143,5.02940447697191,5.967738169519868,4.198232971341553
202,1,Dgv,380,xgboost_naive_transfer,0.02,4,7.366258747207362,5.294248170322026,6.298518501976531,4.671017670524456
203,1,Dgv,380,xgboost_naive_transfer_with_dummy,0.02,4,7.189714764505885,4.949687278007654,5.996204300219801,4.262038691336079
204,1,Dgv,380,xgboost,0.05,1,7.359503012559261,4.928649816704561,6.015435328951214,4.213774941885482
205,1,Dgv,380,xgboost_naive_transfer,0.05,1,7.371253803394519,5.320416043188632,6.328318354650318,4.6889239543247765
206,1,Dgv,380,xgboost_naive_transfer_with_dummy,0.05,1,7.179087397314959,4.92975037009845,6.018951991751861,4.235117865846932
207,1,Dgv,380,xgboost,0.05,2,7.368428039895457,4.881410061641392,5.944758865007412,4.155845708174881
208,1,Dgv,380,xgboost_naive_transfer,0.05,2,7.3632820993238175,5.297087882347077,6.256896540839268,4.640295523137291
209,1,Dgv,380,xgboost_naive_transfer_with_dummy,0.05,2,7.148542063511586,4.846549228808861,5.87883034582518,4.10418840397934
210,1,Dgv,380,xgboost,0.05,3,7.429927977642323,5.020050476022554,5.970866705166269,4.231632915444958
211,1,Dgv,380,xgboost_naive_transfer,0.05,3,7.387079332322978,5.316100623334868,6.290844809631548,4.666445148244098
212,1,Dgv,380,xgboost_naive_transfer_with_dummy,0.05,3,7.163991737853733,4.863996006363656,5.919908085537832,4.1690209725213245
213,1,Dgv,380,xgboost,0.05,4,7.388069262582475,4.98877122866484,5.963178141892513,4.180457442371681
214,1,Dgv,380,xgboost_naive_transfer,0.05,4,7.37372251155884,5.288892383542448,6.29364532386305,4.658383561958769
215,1,Dgv,380,xgboost_naive_transfer_with_dummy,0.05,4,7.201339505795374,4.959548253242692,5.979280666389105,4.238139168129083
216,1,Dgv,380,xgboost,0.1,1,7.3803606258004395,4.947791754303522,6.038800603731086,4.247959848471739
217,1,Dgv,380,xgboost_naive_transfer,0.1,1,7.375331344140269,5.325025802973342,6.326195116098524,4.690158927375985
218,1,Dgv,380,xgboost_naive_transfer_with_dummy,0.1,1,7.168235633801954,4.90376027885902,5.9890575303874245,4.200158308910071
219,1,Dgv,380,xgboost,0.1,2,7.307049844212175,4.833228407742715,5.917260175242765,4.1237936905448205
220,1,Dgv,380,xgboost_naive_transfer,0.1,2,7.36739225708312,5.300825532223443,6.277115332129518,4.652289032057684
221,1,Dgv,380,xgboost_naive_transfer_with_dummy,0.1,2,7.162364494988037,4.839395601709146,5.887342714074268,4.109520565018128
222,1,Dgv,380,xgboost,0.1,3,7.348007550806529,4.910699296510666,5.963107022618555,4.188229704664999
223,1,Dgv,380,xgboost_naive_transfer,0.1,3,7.404837583486017,5.319661804187538,6.288311476390931,4.658355986102202
224,1,Dgv,380,xgboost_naive_transfer_with_dummy,0.1,3,7.172065192071965,4.8609647298348095,5.909326198775956,4.176137353007906
225,1,Dgv,380,xgboost,0.1,4,7.399266506820865,5.0014152695351175,6.002664609880392,4.1719642170316895
226,1,Dgv,380,xgboost_naive_transfer,0.1,4,7.383653988908608,5.287188197204969,6.263354218823747,4.61676351858594
227,1,Dgv,380,xgboost_naive_transfer_with_dummy,0.1,4,7.2154105647095355,4.901643655565643,6.0065470290396625,4.242182511676899
228,1,Dgv,380,xgboost,0.15,1,7.37429096721985,4.928115250426211,5.996360917443923,4.1926873349421125
229,1,Dgv,380,xgboost_naive_transfer,0.15,1,7.396242845987827,5.340593395292897,6.341065548082608,4.699249393984549
230,1,Dgv,380,xgboost_naive_transfer_with_dummy,0.15,1,7.170804120723393,4.908426823765701,5.981014931396043,4.191091725817113
231,1,Dgv,380,xgboost,0.15,2,7.3818406383205915,4.865682318235463,5.963996597062917,4.140937095160738
232,1,Dgv,380,xgboost_naive_transfer,0.15,2,7.380972070357369,5.3142784251790705,6.265581486886476,4.636249317175598
233,1,Dgv,380,xgboost_naive_transfer_with_dummy,0.15,2,7.1308187480345016,4.829347165592808,5.871905385259555,4.102925406281246
234,1,Dgv,380,xgboost,0.15,3,7.461038293438061,4.911542923830085,5.971183246248555,4.1588165127457355
235,1,Dgv,380,xgboost_naive_transfer,0.15,3,7.4235923289218775,5.320683496882575,6.285755268541635,4.646363976153765
236,1,Dgv,380,xgboost_naive_transfer_with_dummy,0.15,3,7.175228077284894,4.841264659402997,5.879495603511087,4.101753029246125
237,1,Dgv,380,xgboost,0.15,4,7.34830217093967,4.922218445041458,5.977023838021843,4.130476547031306
238,1,Dgv,380,xgboost_naive_transfer,0.15,4,7.428995684471163,5.31862149076116,6.317323412886194,4.656064655272308
239,1,Dgv,380,xgboost_naive_transfer_with_dummy,0.15,4,7.16074839194494,4.8128048572145605,5.955115816431298,4.139590762376314
240,1,Dgv,475,xgboost,0.01,1,7.4624370105108015,5.069156850368199,6.085338936229509,4.345232969161
241,1,Dgv,475,xgboost_naive_transfer,0.01,1,7.410325327132755,5.364945510722646,6.377964746621548,4.737101400638655
242,1,Dgv,475,xgboost_naive_transfer_with_dummy,0.01,1,7.294224149620489,5.12970525607896,6.200952956474641,4.471229037407207
243,1,Dgv,475,xgboost,0.01,2,7.528206437119795,5.201561531870077,6.242825595775466,4.480383534725942
244,1,Dgv,475,xgboost_naive_transfer,0.01,2,7.346755921444398,5.265069261817532,6.181590186745417,4.564680862367244
245,1,Dgv,475,xgboost_naive_transfer_with_dummy,0.01,2,7.163050765305924,4.867808430793665,5.88394444501573,4.136930694105194
246,1,Dgv,475,xgboost,0.01,3,7.419590863171796,5.032990279892437,5.971802937899941,4.274044902987463
247,1,Dgv,475,xgboost_naive_transfer,0.01,3,7.403823817154669,5.315439363163729,6.275649070446706,4.6366907216970406
248,1,Dgv,475,xgboost_naive_transfer_with_dummy,0.01,3,7.198782975423745,4.957580100107349,5.9543016971288445,4.2595229375783745
249,1,Dgv,475,xgboost,0.01,4,7.380718282909497,4.954445615138596,6.036817122866245,4.315985514701066
250,1,Dgv,475,xgboost_naive_transfer,0.01,4,7.390743829597883,5.312755842855381,6.270385928151266,4.634757591961412
251,1,Dgv,475,xgboost_naive_transfer_with_dummy,0.01,4,7.217044706236389,4.989408721772928,5.997344601687117,4.288918044009843
252,1,Dgv,475,xgboost,0.02,1,7.460122809561321,5.063892330746864,6.079004920901623,4.339214660822634
253,1,Dgv,475,xgboost_naive_transfer,0.02,1,7.369854531425372,5.307340382394066,6.306051494106124,4.6595736216369055
254,1,Dgv,475,xgboost_naive_transfer_with_dummy,0.02,1,7.200446601163759,4.965609743509689,6.026150677934531,4.25570602638875
255,1,Dgv,475,xgboost,0.02,2,7.410810994026441,4.970411133905019,5.922258547729543,4.214231302564754
256,1,Dgv,475,xgboost_naive_transfer,0.02,2,7.376372038253052,5.302562494911771,6.2636113647602,4.631267104586337
257,1,Dgv,475,xgboost_naive_transfer_with_dummy,0.02,2,7.1662163143829405,4.870814519445124,5.891987805627628,4.140948601367355
258,1,Dgv,475,xgboost,0.02,3,7.4057804464166646,4.995630467725829,5.918198025723481,4.22803113617667
259,1,Dgv,475,xgboost_naive_transfer,0.02,3,7.412179575269389,5.322479444562159,6.283720254406965,4.640661720658333
260,1,Dgv,475,xgboost_naive_transfer_with_dummy,0.02,3,7.186960829347687,4.935069387374456,5.930104139079425,4.233556852560867
261,1,Dgv,475,xgboost,0.02,4,7.3942836267490355,4.961131152040482,6.011294740903792,4.290699851475131
262,1,Dgv,475,xgboost_naive_transfer,0.02,4,7.395882798555187,5.313272325530753,6.274307517466123,4.638494462550445
263,1,Dgv,475,xgboost_naive_transfer_with_dummy,0.02,4,7.209390720148179,4.9546208706144785,5.946419662237421,4.2322121028161295
264,1,Dgv,475,xgboost,0.05,1,7.469947000836338,5.064117267296452,6.0655993227809475,4.326790835948622
265,1,Dgv,475,xgboost_naive_transfer,0.05,1,7.373841767599448,5.316512136821956,6.323041753966582,4.677494632148289
266,1,Dgv,475,xgboost_naive_transfer_with_dummy,0.05,1,7.188977244855137,4.9457380897520915,6.003373603994094,4.228989553662631
267,1,Dgv,475,xgboost,0.05,2,7.4332592099482016,4.9762992511431134,5.931111750922067,4.222119884069232
268,1,Dgv,475,xgboost_naive_transfer,0.05,2,7.3470582227429295,5.253081423512288,6.1442004083103425,4.53462952606438
269,1,Dgv,475,xgboost_naive_transfer_with_dummy,0.05,2,7.179879650755837,4.894282071144021,5.906872508574226,4.162507003735099
270,1,Dgv,475,xgboost,0.05,3,7.3984073341451735,4.937703851511004,5.849782248298215,4.170447716132995
271,1,Dgv,475,xgboost_naive_transfer,0.05,3,7.401074034061596,5.308470172378133,6.228299944753632,4.592573349565655
272,1,Dgv,475,xgboost_naive_transfer_with_dummy,0.05,3,7.178543798577499,4.842898260547024,5.832564848018864,4.112498443588853
273,1,Dgv,475,xgboost,0.05,4,7.376795566170412,4.947831783858995,6.010063787938149,4.299262569311233
274,1,Dgv,475,xgboost_naive_transfer,0.05,4,7.4092340695435155,5.305366402789276,6.254217472981991,4.6043046653337205
275,1,Dgv,475,xgboost_naive_transfer_with_dummy,0.05,4,7.200941371390199,4.903551168805456,5.916840354229364,4.180823785484879
276,1,Dgv,475,xgboost,0.1,1,7.457245000909188,5.042885680703112,6.0261806935463635,4.292901592000017
277,1,Dgv,475,xgboost_naive_transfer,0.1,1,7.356984433775192,5.279265011837843,6.280968194233091,4.628235760776508
278,1,Dgv,475,xgboost_naive_transfer_with_dummy,0.1,1,7.175236793828051,4.908040573242102,5.96584543996446,4.175394870636058
279,1,Dgv,475,xgboost,0.1,2,7.413966168751453,4.947370513147155,5.910179080689602,4.185446011528977
280,1,Dgv,475,xgboost_naive_transfer,0.1,2,7.34502171079855,5.254143467010581,6.154228789823268,4.5380126122679005
281,1,Dgv,475,xgboost_naive_transfer_with_dummy,0.1,2,7.180706995700923,4.872611634851036,5.885851981141616,4.119111905686188
282,1,Dgv,475,xgboost,0.1,3,7.428161811311928,4.973733542878746,5.918238127052004,4.231647789741808
283,1,Dgv,475,xgboost_naive_transfer,0.1,3,7.3941621794457655,5.295255808204538,6.228998454630078,4.582062845523756
284,1,Dgv,475,xgboost_naive_transfer_with_dummy,0.1,3,7.164045872799091,4.88964643078872,5.8854055088012585,4.185477411930809
285,1,Dgv,475,xgboost,0.1,4,7.387660290487016,4.94583298772507,5.961849636356783,4.247541779660304
286,1,Dgv,475,xgboost_naive_transfer,0.1,4,7.414767068186673,5.290043330655853,6.142905781082232,4.512177413057884
287,1,Dgv,475,xgboost_naive_transfer_with_dummy,0.1,4,7.224985871475834,4.912332708482155,5.908434770576159,4.172202558047517
288,1,Dgv,475,xgboost,0.15,1,7.412747056880985,4.963716791794654,5.963584004773834,4.216437625880598
289,1,Dgv,475,xgboost_naive_transfer,0.15,1,7.33577596472425,5.257732292681754,6.268324686330317,4.619006307771324
290,1,Dgv,475,xgboost_naive_transfer_with_dummy,0.15,1,7.146229816382734,4.863967670396222,5.927674306768488,4.1321219016767605
291,1,Dgv,475,xgboost,0.15,2,7.376948744503785,4.946723617463869,5.896408678425406,4.135332187669332
292,1,Dgv,475,xgboost_naive_transfer,0.15,2,7.349990019550779,5.251320825008363,6.160722035467284,4.537183064196613
293,1,Dgv,475,xgboost_naive_transfer_with_dummy,0.15,2,7.195455051397695,4.892565525712314,5.903909710219138,4.140783704952462
294,1,Dgv,475,xgboost,0.15,3,7.413646950955191,4.942253071817655,5.866769065471008,4.1822058745031
295,1,Dgv,475,xgboost_naive_transfer,0.15,3,7.406246442246657,5.278168709091285,6.198742977692869,4.576142020033706
296,1,Dgv,475,xgboost_naive_transfer_with_dummy,0.15,3,7.162879364483567,4.856186879294181,5.880942969938221,4.171967298938898
297,1,Dgv,475,xgboost,0.15,4,7.343552748299216,4.899173645351952,5.953840281503432,4.195744890396907
298,1,Dgv,475,xgboost_naive_transfer,0.15,4,7.403308289985198,5.266711065740408,6.247521557846875,4.592582662700787
299,1,Dgv,475,xgboost_naive_transfer_with_dummy,0.15,4,7.240177709927756,4.907591645868765,5.9086790461474825,4.169244703521283
300,1,Dgv,570,xgboost,0.01,1,7.413082031169363,4.988641935525522,6.039580206127078,4.26628763118527
301,1,Dgv,570,xgboost_naive_transfer,0.01,1,7.385117489122399,5.323877977462344,6.337419249727864,4.677125869882341
302,1,Dgv,570,xgboost_naive_transfer_with_dummy,0.01,1,7.266383821200035,5.053406290224351,6.153406608537679,4.3755106637461285
303,1,Dgv,570,xgboost,0.01,2,7.495348015116833,5.174811809566389,6.248178607420564,4.457153311954469
304,1,Dgv,570,xgboost_naive_transfer,0.01,2,7.306828348160977,5.224954776569169,6.135246009109326,4.490580808767744
305,1,Dgv,570,xgboost_naive_transfer_with_dummy,0.01,2,7.136662622609277,4.812850962912586,5.828887508234569,4.043077121009002
306,1,Dgv,570,xgboost,0.01,3,7.319978221018798,4.883959791096888,5.9168411104498,4.1777324393086115
307,1,Dgv,570,xgboost_naive_transfer,0.01,3,7.375949809233222,5.286924008578805,6.280327168044027,4.612779077453655
308,1,Dgv,570,xgboost_naive_transfer_with_dummy,0.01,3,7.160418315680854,4.843131115524628,5.871563276795095,4.11265698667707
309,1,Dgv,570,xgboost,0.01,4,7.310559795966294,4.9642840439128815,6.045385135871566,4.286404977294017
310,1,Dgv,570,xgboost_naive_transfer,0.01,4,7.364891590472816,5.244641231022249,6.232334728721771,4.55925268287576
311,1,Dgv,570,xgboost_naive_transfer_with_dummy,0.01,4,7.205826993878488,4.90712435135895,5.969959421548535,4.191256441679664
312,1,Dgv,570,xgboost,0.02,1,7.396157896768452,4.967858889948724,5.998589073139915,4.225976342252905
313,1,Dgv,570,xgboost_naive_transfer,0.02,1,7.341028384782112,5.2687796991820735,6.256442132828074,4.591914657915929
314,1,Dgv,570,xgboost_naive_transfer_with_dummy,0.02,1,7.188481365697893,4.92502127508866,6.002621122358326,4.201273164832692
315,1,Dgv,570,xgboost,0.02,2,7.491640145990502,5.160033575767119,6.230282318695511,4.439148523103986
316,1,Dgv,570,xgboost_naive_transfer,0.02,2,7.310267052762191,5.224886177034301,6.134991993842187,4.489977076473582
317,1,Dgv,570,xgboost_naive_transfer_with_dummy,0.02,2,7.13894037131222,4.818167436220948,5.835047355232966,4.047120915532909
318,1,Dgv,570,xgboost,0.02,3,7.315416236733378,4.871542267251144,5.906889287568727,4.16742372709611
319,1,Dgv,570,xgboost_naive_transfer,0.02,3,7.379156006867643,5.289545655558869,6.276077288929043,4.60756419286942
320,1,Dgv,570,xgboost_naive_transfer_with_dummy,0.02,3,7.158114865652435,4.850666178217212,5.884058391440171,4.125180542332743
321,1,Dgv,570,xgboost,0.02,4,7.316046582777906,4.955392722015676,6.027624004690527,4.263690104933788
322,1,Dgv,570,xgboost_naive_transfer,0.02,4,7.367191316452114,5.241346460476047,6.2131967184696295,4.54372565740733
323,1,Dgv,570,xgboost_naive_transfer_with_dummy,0.02,4,7.205328318548434,4.91093587552229,5.952061372435345,4.183540623579149
324,1,Dgv,570,xgboost,0.05,1,7.370647052244752,4.940294846082137,5.958461913604307,4.18273031369168
325,1,Dgv,570,xgboost_naive_transfer,0.05,1,7.3376177494031465,5.262282469648402,6.248207713403748,4.584107445217941
326,1,Dgv,570,xgboost_naive_transfer_with_dummy,0.05,1,7.1881711108817035,4.922602192095705,5.996201753088602,4.19672058702228
327,1,Dgv,570,xgboost,0.05,2,7.433995308846564,4.953477464031599,6.012066950841299,4.226803777960484
328,1,Dgv,570,xgboost_naive_transfer,0.05,2,7.3120161505903125,5.223943746857091,6.128596452773244,4.486058878889082
329,1,Dgv,570,xgboost_naive_transfer_with_dummy,0.05,2,7.1513381451370694,4.817669948057826,5.8382876740524345,4.044877730682204
330,1,Dgv,570,xgboost,0.05,3,7.328281161092081,4.890510214050578,5.911490790573089,4.179119031500135
331,1,Dgv,570,xgboost_naive_transfer,0.05,3,7.381452285851695,5.262418675764098,6.219251866970753,4.545446208465337
332,1,Dgv,570,xgboost_naive_transfer_with_dummy,0.05,3,7.151089721253721,4.796799273726405,5.833003894941124,4.0755973752333885
333,1,Dgv,570,xgboost,0.05,4,7.321329085434496,4.949969831677691,6.033119675006781,4.254840224395559
334,1,Dgv,570,xgboost_naive_transfer,0.05,4,7.368586424710659,5.231087493018516,6.194796025422994,4.5180668425491
335,1,Dgv,570,xgboost_naive_transfer_with_dummy,0.05,4,7.256148732498186,4.91465503775928,5.980235190932087,4.1682897259204035
336,1,Dgv,570,xgboost,0.1,1,7.402361029795402,4.960247143532871,5.983322205047976,4.21090578794912
337,1,Dgv,570,xgboost_naive_transfer,0.1,1,7.321642051748883,5.243311101412826,6.2116965577692325,4.547007561369041
338,1,Dgv,570,xgboost_naive_transfer_with_dummy,0.1,1,7.148352816865557,4.853423203466406,5.911006340288143,4.097665444446745
339,1,Dgv,570,xgboost,0.1,2,7.3610723644829354,4.892028101158965,5.907147565548508,4.124033597781331
340,1,Dgv,570,xgboost_naive_transfer,0.1,2,7.325463360093288,5.237579276903347,6.121126740240569,4.480327355654072
341,1,Dgv,570,xgboost_naive_transfer_with_dummy,0.1,2,7.125642625038251,4.79751277860645,5.833732979985491,4.043318555309074
342,1,Dgv,570,xgboost,0.1,3,7.3397663922085705,4.88166641849981,5.94911929898351,4.204807468714222
343,1,Dgv,570,xgboost_naive_transfer,0.1,3,7.363977259101723,5.234917342385319,6.17232599149709,4.503483974852087
344,1,Dgv,570,xgboost_naive_transfer_with_dummy,0.1,3,7.182759699360532,4.837143657593171,5.855020744638355,4.0938197201808295
345,1,Dgv,570,xgboost,0.1,4,7.344678961121772,4.900446734807784,6.005556156945423,4.227463528271414
346,1,Dgv,570,xgboost_naive_transfer,0.1,4,7.37793930509059,5.2180024136507335,6.211775982827386,4.535676240634132
347,1,Dgv,570,xgboost_naive_transfer_with_dummy,0.1,4,7.249156629351972,4.877239990999591,5.9444048312988365,4.119451605565744
348,1,Dgv,570,xgboost,0.15,1,7.395150932489471,4.944331093685406,5.961505951408424,4.174440757652526
349,1,Dgv,570,xgboost_naive_transfer,0.15,1,7.31925875446865,5.241555817675188,6.204519067622495,4.538875757369333
350,1,Dgv,570,xgboost_naive_transfer_with_dummy,0.15,1,7.179375252799932,4.922297107162753,5.982750019487105,4.17359381910939
351,1,Dgv,570,xgboost,0.15,2,7.352527139921124,4.87552954203745,5.8589345355153934,4.07392871977527
352,1,Dgv,570,xgboost_naive_transfer,0.15,2,7.350720182210872,5.25531732455263,6.123364777135844,4.499942887266039
353,1,Dgv,570,xgboost_naive_transfer_with_dummy,0.15,2,7.167034871348896,4.830184325559264,5.814002332008149,4.020222453329264
354,1,Dgv,570,xgboost,0.15,3,7.405988026777358,4.87716293425958,5.969057554548281,4.21936629695478
355,1,Dgv,570,xgboost_naive_transfer,0.15,3,7.363563913751573,5.246639350096423,6.204725332534651,4.512190229664308
356,1,Dgv,570,xgboost_naive_transfer_with_dummy,0.15,3,7.1330991849384,4.778709695222251,5.857312513021001,4.060744399283978
357,1,Dgv,570,xgboost,0.15,4,7.301894852170692,4.9157158496955375,5.9793733661743245,4.1924744334848825
358,1,Dgv,570,xgboost_naive_transfer,0.15,4,7.360030023140137,5.202602817293365,6.173356993782721,4.502157458615632
359,1,Dgv,570,xgboost_naive_transfer_with_dummy,0.15,4,7.287825472771166,4.882700776747092,5.921953561610748,4.102299371927065
360,1,Dgv,665,xgboost,0.01,1,7.362293105357341,4.947732911182586,6.0180153007064545,4.27025902007801
361,1,Dgv,665,xgboost_naive_transfer,0.01,1,7.346448144286643,5.287814268298418,6.3038270118376785,4.647930640473334
362,1,Dgv,665,xgboost_naive_transfer_with_dummy,0.01,1,7.2334884898583205,5.0148714293595695,6.1250635456608125,4.356031585826388
363,1,Dgv,665,xgboost,0.01,2,7.4224296877372025,5.040125476979303,6.104865057479089,4.358941026097302
364,1,Dgv,665,xgboost_naive_transfer,0.01,2,7.289423529323047,5.207153863434829,6.140590999430653,4.488558953708602
365,1,Dgv,665,xgboost_naive_transfer_with_dummy,0.01,2,7.088217762143798,4.760830125120806,5.776012443462342,3.98809971616686
366,1,Dgv,665,xgboost,0.01,3,7.286123272249379,4.8590467192542075,5.899511534109058,4.196815315836042
367,1,Dgv,665,xgboost_naive_transfer,0.01,3,7.341617135240731,5.250237860662037,6.187928667269614,4.540357849399238
368,1,Dgv,665,xgboost_naive_transfer_with_dummy,0.01,3,7.1228675628409315,4.843588348654371,5.8681397104109045,4.126600564305023
369,1,Dgv,665,xgboost,0.01,4,7.229752363290149,4.847996794387367,5.9687379992501,4.258844305248839
370,1,Dgv,665,xgboost_naive_transfer,0.01,4,7.331072762571502,5.230161368152895,6.195483630127236,4.535826009178757
371,1,Dgv,665,xgboost_naive_transfer_with_dummy,0.01,4,7.155517885947605,4.888051784032342,5.956027350031274,4.175922794747967
372,1,Dgv,665,xgboost,0.02,1,7.36973930827978,4.959558123990436,6.034429736480726,4.28294503404716
373,1,Dgv,665,xgboost_naive_transfer,0.02,1,7.324754802532937,5.263442823675987,6.264735674126512,4.604071945711228
374,1,Dgv,665,xgboost_naive_transfer_with_dummy,0.02,1,7.145666012011458,4.85687434809939,5.931204520587547,4.117786398043824
375,1,Dgv,665,xgboost,0.02,2,7.410866259923043,5.007894357733954,6.06604084049219,4.3287374931398634
376,1,Dgv,665,xgboost_naive_transfer,0.02,2,7.281475667531278,5.19462812854015,6.114131510411852,4.467117683971848
377,1,Dgv,665,xgboost_naive_transfer_with_dummy,0.02,2,7.084599625036083,4.74991858314731,5.756710359897144,3.9715328364276132
378,1,Dgv,665,xgboost,0.02,3,7.298771206376445,4.853532554429554,5.8962453050488115,4.184143749124896
379,1,Dgv,665,xgboost_naive_transfer,0.02,3,7.3414598140179645,5.246863113186734,6.195990103279861,4.542591815369176
380,1,Dgv,665,xgboost_naive_transfer_with_dummy,0.02,3,7.102987246189609,4.817337214114081,5.848369862751115,4.100390282216925
381,1,Dgv,665,xgboost,0.02,4,7.221888683055678,4.811846819957396,5.959106398873048,4.230606153380298
382,1,Dgv,665,xgboost_naive_transfer,0.02,4,7.340114666862909,5.227180333807626,6.171033967347061,4.508923237365692
383,1,Dgv,665,xgboost_naive_transfer_with_dummy,0.02,4,7.158472546183081,4.863103719739916,5.935463801239409,4.141251207810145
384,1,Dgv,665,xgboost,0.05,1,7.341709194911998,4.895950694593066,5.939657956838811,4.201887729719169
385,1,Dgv,665,xgboost_naive_transfer,0.05,1,7.307661343588732,5.232720603861782,6.216293376706415,4.548197355421042
386,1,Dgv,665,xgboost_naive_transfer_with_dummy,0.05,1,7.147912704855357,4.86161019788143,5.9313452752316795,4.119574948326395
387,1,Dgv,665,xgboost,0.05,2,7.3907436411995,4.933596699683911,5.948941025126046,4.220391863862122
388,1,Dgv,665,xgboost_naive_transfer,0.05,2,7.288732872531613,5.206789936373962,6.110810881544385,4.4695166325494196
389,1,Dgv,665,xgboost_naive_transfer_with_dummy,0.05,2,7.070569223341008,4.7430158322724525,5.771033774275771,3.980250465225793
390,1,Dgv,665,xgboost,0.05,3,7.270788710886913,4.852283924952563,5.9046579045628516,4.1981013671157905
391,1,Dgv,665,xgboost_naive_transfer,0.05,3,7.349603646000721,5.242624643948084,6.187281432010411,4.526942384655552
392,1,Dgv,665,xgboost_naive_transfer_with_dummy,0.05,3,7.095582527203755,4.788646227053804,5.808652012857004,4.053644954843703
393,1,Dgv,665,xgboost,0.05,4,7.213895456839951,4.818515201267938,5.999476940430989,4.257795494328403
394,1,Dgv,665,xgboost_naive_transfer,0.05,4,7.32689361351507,5.2022795332876175,6.157487497293965,4.491178974031256
395,1,Dgv,665,xgboost_naive_transfer_with_dummy,0.05,4,7.165331863287146,4.868367279520213,5.894869947113793,4.115875745045134
396,1,Dgv,665,xgboost,0.1,1,7.397453265015621,4.98505716664598,6.059506469072087,4.296457547348805
397,1,Dgv,665,xgboost_naive_transfer,0.1,1,7.305071481165216,5.230873984276444,6.2121433158311605,4.544356614573936
398,1,Dgv,665,xgboost_naive_transfer_with_dummy,0.1,1,7.132437884327294,4.8352806350697835,5.907641081037431,4.09488296088543
399,1,Dgv,665,xgboost,0.1,2,7.3879903703442915,4.973701680532132,6.014960880984719,4.299039683194005
400,1,Dgv,665,xgboost_naive_transfer,0.1,2,7.297344858374665,5.218408140614784,6.130536347743407,4.485791048910483
401,1,Dgv,665,xgboost_naive_transfer_with_dummy,0.1,2,7.087029863725081,4.751968166023952,5.772773859824006,3.974630812251613
402,1,Dgv,665,xgboost,0.1,3,7.270613936346879,4.810500034995894,5.934632487308369,4.191550389838003
403,1,Dgv,665,xgboost_naive_transfer,0.1,3,7.359276419576741,5.2472514112172,6.156231389279432,4.484490319946036
404,1,Dgv,665,xgboost_naive_transfer_with_dummy,0.1,3,7.1339276074599995,4.8206939011972905,5.888478245504731,4.105994522008315
405,1,Dgv,665,xgboost,0.1,4,7.224565256969236,4.8225092527680875,5.938003591359152,4.202962489328603
406,1,Dgv,665,xgboost_naive_transfer,0.1,4,7.304688991613186,5.177225612101932,6.161263467999,4.497365995082944
407,1,Dgv,665,xgboost_naive_transfer_with_dummy,0.1,4,7.15736702407274,4.841042795820852,5.891191413613845,4.091504404837868
408,1,Dgv,665,xgboost,0.15,1,7.365458993342866,4.9371406538544145,5.98989609572403,4.2336962516947185
409,1,Dgv,665,xgboost_naive_transfer,0.15,1,7.285973723433266,5.198797359470716,6.162272696388147,4.492120713017694
410,1,Dgv,665,xgboost_naive_transfer_with_dummy,0.15,1,7.1392708539687,4.866221909540427,5.9413431507916465,4.133934659740486
411,1,Dgv,665,xgboost,0.15,2,7.398622753359465,4.954898171229496,5.937421490703974,4.229575519727838
412,1,Dgv,665,xgboost_naive_transfer,0.15,2,7.275823970958821,5.163986833456177,6.073794704924882,4.4411901737280814
413,1,Dgv,665,xgboost_naive_transfer_with_dummy,0.15,2,7.080781603492839,4.7407170199585975,5.790362213402352,3.98525818566017
414,1,Dgv,665,xgboost,0.15,3,7.294969324299625,4.800326121890997,5.85961108403309,4.150408601015519
415,1,Dgv,665,xgboost_naive_transfer,0.15,3,7.312188948192621,5.148364352891663,6.12461609453743,4.468524067226392
416,1,Dgv,665,xgboost_naive_transfer_with_dummy,0.15,3,7.094617864401142,4.710931472900461,5.789136922078372,3.990097046217015
417,1,Dgv,665,xgboost,0.15,4,7.272356156055696,4.84006165542361,5.971427704609942,4.2464301153306145
418,1,Dgv,665,xgboost_naive_transfer,0.15,4,7.32683108684283,5.21768869437789,6.099349072423153,4.471148364489341
419,1,Dgv,665,xgboost_naive_transfer_with_dummy,0.15,4,7.122673129637592,4.789336090338235,5.8600828132111475,4.067797771282318
420,1,Dgv,760,xgboost,0.01,1,7.358289864589365,4.936832265598986,5.980915331092028,4.208731048465566
421,1,Dgv,760,xgboost_naive_transfer,0.01,1,7.351123183816925,5.264566005417032,6.291705075909315,4.615206177333513
422,1,Dgv,760,xgboost_naive_transfer_with_dummy,0.01,1,7.242271750031771,5.000141681939396,6.121746221636264,4.321439951460758
423,1,Dgv,760,xgboost,0.01,2,7.391710039828323,5.012233299642679,6.0491664935662826,4.2758882417813755
424,1,Dgv,760,xgboost_naive_transfer,0.01,2,7.293569018127613,5.183654966913936,6.098045047486042,4.4376486208523325
425,1,Dgv,760,xgboost_naive_transfer_with_dummy,0.01,2,7.123635966029518,4.8035715987936305,5.837575838466818,4.034576065127182
426,1,Dgv,760,xgboost,0.01,3,7.312551278347251,4.932794760095607,5.886258452255048,4.181088805995209
427,1,Dgv,760,xgboost_naive_transfer,0.01,3,7.342835869313529,5.230753411519347,6.223477237353431,4.542906706493867
428,1,Dgv,760,xgboost_naive_transfer_with_dummy,0.01,3,7.127942167019758,4.82409794322055,5.8476362062240606,4.090788700613281
429,1,Dgv,760,xgboost,0.01,4,7.264029027736454,4.896585245635487,5.913628234094587,4.223413228408965
430,1,Dgv,760,xgboost_naive_transfer,0.01,4,7.305252205096836,5.161354966792455,6.155231740995537,4.497238052004262
431,1,Dgv,760,xgboost_naive_transfer_with_dummy,0.01,4,7.174831580880805,4.864215855012527,5.934812670734801,4.170867743110529
432,1,Dgv,760,xgboost,0.02,1,7.363281554369474,4.945626760603195,5.993654176743151,4.218376641506434
433,1,Dgv,760,xgboost_naive_transfer,0.02,1,7.326444117931037,5.239215864650341,6.252365429801684,4.57591021833667
434,1,Dgv,760,xgboost_naive_transfer_with_dummy,0.02,1,7.161145113146103,4.861266450161887,5.959672437523971,4.1286046566511345
435,1,Dgv,760,xgboost,0.02,2,7.369320980138339,4.957216441162117,5.950704105025814,4.203040526729771
436,1,Dgv,760,xgboost_naive_transfer,0.02,2,7.338114320435724,5.2393466304484715,6.21945500512419,4.549360012082977
437,1,Dgv,760,xgboost_naive_transfer_with_dummy,0.02,2,7.115832020938211,4.785803602912608,5.80697359317405,4.002899297208113
438,1,Dgv,760,xgboost,0.02,3,7.307836090658369,4.932054845891275,5.883635333711714,4.17486328955928
439,1,Dgv,760,xgboost_naive_transfer,0.02,3,7.3008711914734965,5.178425975657871,6.081751606098791,4.43160118689722
440,1,Dgv,760,xgboost_naive_transfer_with_dummy,0.02,3,7.123372621136286,4.81467346880562,5.824217393638516,4.067523191619485
441,1,Dgv,760,xgboost,0.02,4,7.26135792320591,4.89838097756837,5.910320290450521,4.211826624196256
442,1,Dgv,760,xgboost_naive_transfer,0.02,4,7.305184927280181,5.159555176636553,6.1498182384608295,4.48893002289123
443,1,Dgv,760,xgboost_naive_transfer_with_dummy,0.02,4,7.170387590693848,4.824281046067631,5.896841764621869,4.126553743854201
444,1,Dgv,760,xgboost,0.05,1,7.341289584701938,4.907035873559943,5.91824131589338,4.161092288628213
445,1,Dgv,760,xgboost_naive_transfer,0.05,1,7.321647021985454,5.230755479478351,6.234269057554987,4.55517936665243
446,1,Dgv,760,xgboost_naive_transfer_with_dummy,0.05,1,7.148192926799149,4.831318806325297,5.909479444289722,4.075191791736
447,1,Dgv,760,xgboost,0.05,2,7.365984081883293,4.942358382599965,5.942051077832644,4.187301084912263
448,1,Dgv,760,xgboost_naive_transfer,0.05,2,7.2843307930528765,5.172142113296848,6.050988615879645,4.40072957263093
449,1,Dgv,760,xgboost_naive_transfer_with_dummy,0.05,2,7.11767361120518,4.780558433720131,5.780194971731471,3.9767441173403033
450,1,Dgv,760,xgboost,0.05,3,7.291733292838774,4.920573174914679,5.832616188928461,4.118672225893025
451,1,Dgv,760,xgboost_naive_transfer,0.05,3,7.310451097822284,5.1906944376962745,6.081158612159704,4.4296240564285085
452,1,Dgv,760,xgboost_naive_transfer_with_dummy,0.05,3,7.12805290738332,4.809227855591658,5.8233108782046905,4.060781144797355
453,1,Dgv,760,xgboost,0.05,4,7.267358288569223,4.8748440860101425,5.894209587716053,4.183484820083249
454,1,Dgv,760,xgboost_naive_transfer,0.05,4,7.31655488614195,5.169715881956539,6.140435892963841,4.4853126480590015
455,1,Dgv,760,xgboost_naive_transfer_with_dummy,0.05,4,7.169000741532085,4.805708148324254,5.890628408208501,4.0955609168061535
456,1,Dgv,760,xgboost,0.1,1,7.334185079591398,4.885290475897609,5.87463379756673,4.113631543881865
457,1,Dgv,760,xgboost_naive_transfer,0.1,1,7.287582041960927,5.190558972532659,6.15024951420642,4.467735921492598
458,1,Dgv,760,xgboost_naive_transfer_with_dummy,0.1,1,7.142341659647162,4.827170668313648,5.908618571147711,4.0728288270803334
459,1,Dgv,760,xgboost,0.1,2,7.3056922559504525,4.871335057678315,5.874966828549579,4.111913600922345
460,1,Dgv,760,xgboost_naive_transfer,0.1,2,7.30179358902001,5.190804981528562,6.096430729279403,4.429037988179245
461,1,Dgv,760,xgboost_naive_transfer_with_dummy,0.1,2,7.110793259221829,4.775604407684615,5.751963168291696,3.9462549233951023
462,1,Dgv,760,xgboost,0.1,3,7.264205811556766,4.9081169534857985,5.8605684610426705,4.146916873022805
463,1,Dgv,760,xgboost_naive_transfer,0.1,3,7.296943723777766,5.174027722823098,6.05567294880063,4.406718312444653
464,1,Dgv,760,xgboost_naive_transfer_with_dummy,0.1,3,7.0975188532987,4.762061198674742,5.799620506710019,4.02682652610284
465,1,Dgv,760,xgboost,0.1,4,7.278648583250262,4.895563265752439,5.959864192222352,4.176278436450234
466,1,Dgv,760,xgboost_naive_transfer,0.1,4,7.303400385209339,5.157402008034794,6.133930645619904,4.471308879357627
467,1,Dgv,760,xgboost_naive_transfer_with_dummy,0.1,4,7.16239134119308,4.781259237730527,5.879198780731975,4.104438596892282
468,1,Dgv,760,xgboost,0.15,1,7.332777697592068,4.895832308774343,5.8966605935135705,4.1304288990471445
469,1,Dgv,760,xgboost_naive_transfer,0.15,1,7.279010514884969,5.182243925887411,6.16332387619807,4.48195464184805
470,1,Dgv,760,xgboost_naive_transfer_with_dummy,0.15,1,7.130012203188737,4.816063980283574,5.896913842254428,4.057210305818228
471,1,Dgv,760,xgboost,0.15,2,7.453397551418224,4.961088666604178,6.049131315484532,4.225242537210963
472,1,Dgv,760,xgboost_naive_transfer,0.15,2,7.300447637489451,5.184053084887991,6.085358612465917,4.424119247033305
473,1,Dgv,760,xgboost_naive_transfer_with_dummy,0.15,2,7.115736311879707,4.773743093797531,5.810268226500608,3.987259395168531
474,1,Dgv,760,xgboost,0.15,3,7.278623990933812,4.8986651989782,5.893139648120466,4.131220137606739
475,1,Dgv,760,xgboost_naive_transfer,0.15,3,7.294007980847682,5.117203694365284,6.025495829128446,4.369667538387666
476,1,Dgv,760,xgboost_naive_transfer_with_dummy,0.15,3,7.145041968022173,4.798861908813005,5.746367742879088,3.9841375263223755
477,1,Dgv,760,xgboost,0.15,4,7.273771515413502,4.8752616432793,5.935384376194904,4.182822811071566
478,1,Dgv,760,xgboost_naive_transfer,0.15,4,7.365931558599033,5.169032480797666,6.111719344914387,4.433343792855523
479,1,Dgv,760,xgboost_naive_transfer_with_dummy,0.15,4,7.19281087449759,4.834625973143831,5.796959513570785,4.0483180740515134
480,1,Dgv,855,xgboost,0.01,1,7.235787505383314,4.909241612761136,5.948296140976439,4.19650233702062
481,1,Dgv,855,xgboost_naive_transfer,0.01,1,7.334188072219647,5.277147463242281,6.25669858851162,4.606451122375867
482,1,Dgv,855,xgboost_naive_transfer_with_dummy,0.01,1,7.233871322555242,5.0385212350326,6.1005421891244165,4.339668782418096
483,1,Dgv,855,xgboost,0.01,2,7.204915296229202,4.906223487792898,5.828561011615183,4.091802676278114
484,1,Dgv,855,xgboost_naive_transfer,0.01,2,7.317506914551067,5.245936005730337,6.178916170894852,4.524855183820701
485,1,Dgv,855,xgboost_naive_transfer_with_dummy,0.01,2,7.112619648016173,4.843468128050115,5.808436572250714,4.029461068004462
486,1,Dgv,855,xgboost,0.01,3,7.198878401674892,4.930158828185613,5.851634193793132,4.1381233270790485
487,1,Dgv,855,xgboost_naive_transfer,0.01,3,7.30162024982085,5.221635874635918,6.142379399562576,4.474948860649219
488,1,Dgv,855,xgboost_naive_transfer_with_dummy,0.01,3,7.13178355973964,4.8787903669587305,5.86581117207323,4.108060784319284
489,1,Dgv,855,xgboost,0.01,4,7.176159548100133,4.938198138083022,5.8989910256685985,4.215999874737217
490,1,Dgv,855,xgboost_naive_transfer,0.01,4,7.277166717093733,5.18452833404232,6.091987770013373,4.440884573035121
491,1,Dgv,855,xgboost_naive_transfer_with_dummy,0.01,4,7.153146540699879,4.900608547212833,5.906503229299144,4.154606905248531
492,1,Dgv,855,xgboost,0.02,1,7.221678512942781,4.888367376673172,5.907816099541906,4.156849032870391
493,1,Dgv,855,xgboost_naive_transfer,0.02,1,7.305921205762377,5.244564671455157,6.206806302608123,4.550211977200507
494,1,Dgv,855,xgboost_naive_transfer_with_dummy,0.02,1,7.165464923579669,4.921912581236184,5.960454653109367,4.178166838122052
495,1,Dgv,855,xgboost,0.02,2,7.20509956978328,4.904234576003862,5.8301782416623835,4.097396799956284
496,1,Dgv,855,xgboost_naive_transfer,0.02,2,7.263719131047424,5.187585401546617,6.059305135474594,4.407698955075338
497,1,Dgv,855,xgboost_naive_transfer_with_dummy,0.02,2,7.112695550944824,4.833540443165793,5.788955085662321,4.005878016241652
498,1,Dgv,855,xgboost,0.02,3,7.192440177088891,4.929957261127399,5.862021775323555,4.139352784757996
499,1,Dgv,855,xgboost_naive_transfer,0.02,3,7.285453346719635,5.2196218272693375,6.087773135667758,4.422658577120912
500,1,Dgv,855,xgboost_naive_transfer_with_dummy,0.02,3,7.115954086155167,4.83142107065965,5.798471753590105,4.037082599526955
501,1,Dgv,855,xgboost,0.02,4,7.186790388735145,4.94300812501535,5.886682904294404,4.200189341604664
502,1,Dgv,855,xgboost_naive_transfer,0.02,4,7.27434270567986,5.1886727940077835,6.087816523429631,4.428985605179704
503,1,Dgv,855,xgboost_naive_transfer_with_dummy,0.02,4,7.1450872581684575,4.881843350243262,5.892934684678267,4.137428064591082
504,1,Dgv,855,xgboost,0.05,1,7.222336974413942,4.889815531358491,5.914661670364038,4.16358263237382
505,1,Dgv,855,xgboost_naive_transfer,0.05,1,7.297804417197341,5.233117868123181,6.173176620238852,4.517880164477178
506,1,Dgv,855,xgboost_naive_transfer_with_dummy,0.05,1,7.159866004123367,4.907360549371982,5.935477561507337,4.151659893249061
507,1,Dgv,855,xgboost,0.05,2,7.197695795567165,4.895110860163015,5.817496113877858,4.0708341991915855
508,1,Dgv,855,xgboost_naive_transfer,0.05,2,7.260331626171366,5.178528780028379,6.018857488704518,4.381163636706131
509,1,Dgv,855,xgboost_naive_transfer_with_dummy,0.05,2,7.104185947922963,4.818417478930114,5.766112191708573,3.9807826953068886
510,1,Dgv,855,xgboost,0.05,3,7.198067948446546,4.938856130256459,5.837488412318466,4.117535822505587
511,1,Dgv,855,xgboost_naive_transfer,0.05,3,7.271958664820986,5.179475717624035,6.046069085733123,4.375393954281637
512,1,Dgv,855,xgboost_naive_transfer_with_dummy,0.05,3,7.128451270389279,4.8695219352321475,5.8613100321314935,4.099426686562967
513,1,Dgv,855,xgboost,0.05,4,7.1594669228675665,4.9080992748441075,5.869136325763481,4.129591275988042
514,1,Dgv,855,xgboost_naive_transfer,0.05,4,7.2911306245158425,5.199667477047519,6.086641015412737,4.43288339647386
515,1,Dgv,855,xgboost_naive_transfer_with_dummy,0.05,4,7.12658707767491,4.8281904274978515,5.817901403761142,4.0423441360611285
516,1,Dgv,855,xgboost,0.1,1,7.231795742845553,4.888972109026321,5.910893143126584,4.158267405763264
517,1,Dgv,855,xgboost_naive_transfer,0.1,1,7.2986357116433584,5.238580355830045,6.163223755812622,4.510043119768873
518,1,Dgv,855,xgboost_naive_transfer_with_dummy,0.1,1,7.154179520831712,4.889584287500374,5.890387599360814,4.10148903733598
519,1,Dgv,855,xgboost,0.1,2,7.182167152863362,4.8694364971683095,5.8224592364494825,4.020984350044111
520,1,Dgv,855,xgboost_naive_transfer,0.1,2,7.255107141726242,5.161214485290259,6.033236989021805,4.386607215168038
521,1,Dgv,855,xgboost_naive_transfer_with_dummy,0.1,2,7.111620238875462,4.83735318120018,5.78324440947448,4.00056256121082
522,1,Dgv,855,xgboost,0.1,3,7.191451533590269,4.902022617454792,5.7606378681451345,4.063761933861667
523,1,Dgv,855,xgboost_naive_transfer,0.1,3,7.3076170335740676,5.216235990733564,6.084653253249773,4.399197536971693
524,1,Dgv,855,xgboost_naive_transfer_with_dummy,0.1,3,7.1165121030562295,4.800189063616767,5.8046919711501905,4.025429482384486
525,1,Dgv,855,xgboost,0.1,4,7.2108944339160965,4.916624629755152,5.910622250178797,4.117212035110897
526,1,Dgv,855,xgboost_naive_transfer,0.1,4,7.303363872222967,5.199413428043831,6.084002915494901,4.433897944207678
527,1,Dgv,855,xgboost_naive_transfer_with_dummy,0.1,4,7.160213307688076,4.8647742093919755,5.87067305797852,4.116137878181791
528,1,Dgv,855,xgboost,0.15,1,7.215638125275475,4.877540664945188,5.8673860183664175,4.120374121593231
529,1,Dgv,855,xgboost_naive_transfer,0.15,1,7.297104707930851,5.246306108096697,6.173742756516015,4.525630864395027
530,1,Dgv,855,xgboost_naive_transfer_with_dummy,0.15,1,7.1489607112170495,4.884374471107378,5.889308228870071,4.094565725785294
531,1,Dgv,855,xgboost,0.15,2,7.212518928634346,4.901142411789704,5.8119916603996264,4.056210001186906
532,1,Dgv,855,xgboost_naive_transfer,0.15,2,7.296466849194071,5.171717697530868,5.995540345388705,4.351332046791744
533,1,Dgv,855,xgboost_naive_transfer_with_dummy,0.15,2,7.1270755845761435,4.82790113859122,5.7474565035063945,3.962340676776291
534,1,Dgv,855,xgboost,0.15,3,7.222943250115131,4.953646220358745,5.800365728145323,4.080743894731698
535,1,Dgv,855,xgboost_naive_transfer,0.15,3,7.27622142623156,5.195288321193427,6.0947513005948775,4.404131152283463
536,1,Dgv,855,xgboost_naive_transfer_with_dummy,0.15,3,7.145604076686388,4.83965896181714,5.821722697546611,4.0336333280450125
537,1,Dgv,855,xgboost,0.15,4,7.238914910099097,4.922326023692959,5.884831599325726,4.127997667032299
538,1,Dgv,855,xgboost_naive_transfer,0.15,4,7.287506839268688,5.1767036179105705,6.0506786217286646,4.411133619303453
539,1,Dgv,855,xgboost_naive_transfer_with_dummy,0.15,4,7.176982514300314,4.845749462371785,5.8596096767114725,4.0683875811538
540,1,Dgv,950,xgboost,0.01,1,7.254362860767148,4.904359544094277,5.966624789226929,4.188641109948682
541,1,Dgv,950,xgboost_naive_transfer,0.01,1,7.313072324853587,5.235419622639202,6.241766976151556,4.580947349427226
542,1,Dgv,950,xgboost_naive_transfer_with_dummy,0.01,1,7.21011215395495,4.998871524341815,6.094642259972581,4.331870743438363
543,1,Dgv,950,xgboost,0.01,2,7.176554488478777,4.837180025871877,5.835959138415031,4.069242075020272
544,1,Dgv,950,xgboost_naive_transfer,0.01,2,7.223463425816054,5.13575372993697,6.0576230669455695,4.394712399145501
545,1,Dgv,950,xgboost_naive_transfer_with_dummy,0.01,2,7.0674320559952335,4.80032652652374,5.806288681550283,4.030485357795777
546,1,Dgv,950,xgboost,0.01,3,7.150320904986651,4.8758242200921185,5.940170729679764,4.186433011673295
547,1,Dgv,950,xgboost_naive_transfer,0.01,3,7.2521758022105605,5.173750446848499,6.133145773319339,4.45854880950709
548,1,Dgv,950,xgboost_naive_transfer_with_dummy,0.01,3,7.083453487067219,4.832206857068717,5.867911313780641,4.1111485064343904
549,1,Dgv,950,xgboost,0.01,4,7.13952325925363,4.870715516214671,5.943077518436645,4.232604260219449
550,1,Dgv,950,xgboost_naive_transfer,0.01,4,7.203533386839759,5.135914240562791,6.09543097141137,4.444181565155293
551,1,Dgv,950,xgboost_naive_transfer_with_dummy,0.01,4,7.090595999004689,4.83905910920252,5.883032476453254,4.133976971047555
552,1,Dgv,950,xgboost,0.02,1,7.250887800463725,4.904420061254792,5.969127151977599,4.19185534676027
553,1,Dgv,950,xgboost_naive_transfer,0.02,1,7.289619840019302,5.211225534275803,6.2000715401138615,4.534172898682653
554,1,Dgv,950,xgboost_naive_transfer_with_dummy,0.02,1,7.13309535342066,4.869923249364114,5.937558887948643,4.1455908213693204
555,1,Dgv,950,xgboost,0.02,2,7.1783655368052175,4.832685852976262,5.836757814173231,4.067794706372707
556,1,Dgv,950,xgboost_naive_transfer,0.02,2,7.218751089103712,5.1288797935484585,6.036191990713677,4.3800237007776195
557,1,Dgv,950,xgboost_naive_transfer_with_dummy,0.02,2,7.057748881231154,4.772875110706433,5.775863341463649,3.9971738766220524
558,1,Dgv,950,xgboost,0.02,3,7.149898600241718,4.876041622700889,5.930902318760458,4.176478973608972
559,1,Dgv,950,xgboost_naive_transfer,0.02,3,7.239771052760873,5.158659341832667,6.092765263351732,4.416009150623567
560,1,Dgv,950,xgboost_naive_transfer_with_dummy,0.02,3,7.081259559680406,4.823542405218923,5.852253034996167,4.094030726652447
561,1,Dgv,950,xgboost,0.02,4,7.135537951157816,4.866115909684222,5.933763651738064,4.226814494139395
562,1,Dgv,950,xgboost_naive_transfer,0.02,4,7.20284606946331,5.128394752340585,6.095935825324215,4.441532759474944
563,1,Dgv,950,xgboost_naive_transfer_with_dummy,0.02,4,7.0802421835469405,4.827382288495951,5.868523360932326,4.110943863390731
564,1,Dgv,950,xgboost,0.05,1,7.24814942407079,4.883865484719905,5.925579163485263,4.1534465351474985
565,1,Dgv,950,xgboost_naive_transfer,0.05,1,7.269229315422561,5.17981320804711,6.142608558121708,4.4704720360485135
566,1,Dgv,950,xgboost_naive_transfer_with_dummy,0.05,1,7.12248476742031,4.8431885945595115,5.903619890647501,4.10771874149178
567,1,Dgv,950,xgboost,0.05,2,7.171722406055554,4.821225159060678,5.828919213276764,4.065762374420692
568,1,Dgv,950,xgboost_naive_transfer,0.05,2,7.228288085587439,5.139107293446298,6.049426512807119,4.389276245609113
569,1,Dgv,950,xgboost_naive_transfer_with_dummy,0.05,2,7.061613303451589,4.787466337445874,5.782123035840066,4.005296485866888
570,1,Dgv,950,xgboost,0.05,3,7.141679272704232,4.858800515989608,5.882414925391043,4.125629819202787
571,1,Dgv,950,xgboost_naive_transfer,0.05,3,7.230317521891657,5.146947151567177,6.073736766787645,4.402651608965624
572,1,Dgv,950,xgboost_naive_transfer_with_dummy,0.05,3,7.071390303745339,4.794532654170899,5.830756091898344,4.071301539032474
573,1,Dgv,950,xgboost,0.05,4,7.159406643613168,4.8635509402421855,5.887473874382668,4.163796211838359
574,1,Dgv,950,xgboost_naive_transfer,0.05,4,7.217587410594404,5.130848103690862,6.070699744483934,4.418708970190842
575,1,Dgv,950,xgboost_naive_transfer_with_dummy,0.05,4,7.0602807782437065,4.788318592313175,5.824511908940386,4.073018063742072
576,1,Dgv,950,xgboost,0.1,1,7.2544652189481305,4.8842871993750325,5.916894233977082,4.150881255251152
577,1,Dgv,950,xgboost_naive_transfer,0.1,1,7.273984662700249,5.182148076129068,6.143080793570424,4.474784295794334
578,1,Dgv,950,xgboost_naive_transfer_with_dummy,0.1,1,7.125819270737141,4.84034638625108,5.879604295063589,4.089706130453935
579,1,Dgv,950,xgboost,0.1,2,7.168242118991007,4.812785517968418,5.810911391839951,4.0513013072239445
580,1,Dgv,950,xgboost_naive_transfer,0.1,2,7.2256847077951445,5.134185167136738,6.025383982067436,4.359595091979276
581,1,Dgv,950,xgboost_naive_transfer_with_dummy,0.1,2,7.0558034622093455,4.748191499234239,5.74461160075847,3.968333313589347
582,1,Dgv,950,xgboost,0.1,3,7.185630698237278,4.9003182710756725,5.866235457876533,4.12246299340805
583,1,Dgv,950,xgboost_naive_transfer,0.1,3,7.246619428828621,5.139662394507233,6.055466019006456,4.3906324430594905
584,1,Dgv,950,xgboost_naive_transfer_with_dummy,0.1,3,7.073495743563499,4.768428739066384,5.790275141771163,4.014258026887069
585,1,Dgv,950,xgboost,0.1,4,7.15999224816177,4.852146823594864,5.956613135250541,4.183081163379061
586,1,Dgv,950,xgboost_naive_transfer,0.1,4,7.243696485990161,5.15627713684924,6.074972001835807,4.426737287389049
587,1,Dgv,950,xgboost_naive_transfer_with_dummy,0.1,4,7.094156422056952,4.824608397550017,5.857225634847535,4.0904255636885
588,1,Dgv,950,xgboost,0.15,1,7.24399575785129,4.883582761425898,5.875911566765566,4.107243308508105
589,1,Dgv,950,xgboost_naive_transfer,0.15,1,7.287930881721087,5.196594340738724,6.136531761554317,4.462340577806805
590,1,Dgv,950,xgboost_naive_transfer_with_dummy,0.15,1,7.13675274197039,4.8561933208634525,5.8944028621548465,4.098477614931634
591,1,Dgv,950,xgboost,0.15,2,7.19485378860741,4.839697116408216,5.801565209194887,4.058197751863844
592,1,Dgv,950,xgboost_naive_transfer,0.15,2,7.194904790592584,5.086550114386915,6.033095352537885,4.378338633897877
593,1,Dgv,950,xgboost_naive_transfer_with_dummy,0.15,2,7.086297634168271,4.794967625429956,5.793368738708133,4.008841210921165
594,1,Dgv,950,xgboost,0.15,3,7.2024198717624985,4.902553399611593,5.888040021263706,4.116150957935407
595,1,Dgv,950,xgboost_naive_transfer,0.15,3,7.224200553235581,5.128068561622796,6.032192652490134,4.360267216553608
596,1,Dgv,950,xgboost_naive_transfer_with_dummy,0.15,3,7.090160738311869,4.808563496476135,5.843367198630695,4.052141880669697
597,1,Dgv,950,xgboost,0.15,4,7.228436732855571,4.870255424563825,5.897278543857596,4.143582005932443
598,1,Dgv,950,xgboost_naive_transfer,0.15,4,7.258848916555022,5.123179831250849,6.0895262578829135,4.4337823000185805
599,1,Dgv,950,xgboost_naive_transfer_with_dummy,0.15,4,7.106133641287656,4.821149640105753,5.891097979673015,4.080202033915415
600,2,Dgv,95,xgboost,0.01,1,7.523588038682508,5.130476668620868,7.0894043736852215,5.057335184811758
601,2,Dgv,95,xgboost_naive_transfer,0.01,1,7.482200266227539,5.36728063170532,6.999943894059136,5.229371442437142
602,2,Dgv,95,xgboost_naive_transfer_with_dummy,0.01,1,7.482200266227539,5.36728063170532,6.999943894059136,5.229371442437142
603,2,Dgv,95,xgboost,0.01,2,7.648573564687715,5.312306668299301,7.197433117848125,5.229356665027687
604,2,Dgv,95,xgboost_naive_transfer,0.01,2,7.4464717721510585,5.340219813591792,6.851103613685539,5.099955592591786
605,2,Dgv,95,xgboost_naive_transfer_with_dummy,0.01,2,7.4464717721510585,5.340219813591792,6.851103613685539,5.099955592591786
606,2,Dgv,95,xgboost,0.01,3,7.8813319251311444,5.41442621361912,7.360519146088467,5.2976180186014235
607,2,Dgv,95,xgboost_naive_transfer,0.01,3,7.433758265372613,5.320285641039972,6.848806301338486,5.072798453164233
608,2,Dgv,95,xgboost_naive_transfer_with_dummy,0.01,3,7.3858294075668205,5.208247204246038,6.74042690880187,4.9141922032027034
609,2,Dgv,95,xgboost,0.01,4,7.930037580467154,5.418193121327211,7.405390736318315,5.338983385182692
610,2,Dgv,95,xgboost_naive_transfer,0.01,4,7.419813436559302,5.294071279670133,6.83972225701893,5.0236426418283715
611,2,Dgv,95,xgboost_naive_transfer_with_dummy,0.01,4,7.364913679999924,5.174596321643802,6.757626256446887,4.879604425728285
612,2,Dgv,95,xgboost,0.02,1,7.519957839844354,5.128711785612769,7.085078781086739,5.051333905290757
613,2,Dgv,95,xgboost_naive_transfer,0.02,1,7.481469572781617,5.36730959758412,6.981526968315978,5.211577838522632
614,2,Dgv,95,xgboost_naive_transfer_with_dummy,0.02,1,7.481469572781617,5.36730959758412,6.981526968315978,5.211577838522632
615,2,Dgv,95,xgboost,0.02,2,7.6218087101194705,5.261691951624596,7.094748043045855,5.133506768535067
616,2,Dgv,95,xgboost_naive_transfer,0.02,2,7.447718070705873,5.341369979952748,6.838041499768735,5.086941003482868
617,2,Dgv,95,xgboost_naive_transfer_with_dummy,0.02,2,7.444663317345758,5.335861716255982,6.82225258256854,5.0690502909299955
618,2,Dgv,95,xgboost,0.02,3,7.8759328954170655,5.368101382307759,7.306161842290106,5.2053919169828715
619,2,Dgv,95,xgboost_naive_transfer,0.02,3,7.434708720734962,5.320525045434337,6.829190023332651,5.054686728234546
620,2,Dgv,95,xgboost_naive_transfer_with_dummy,0.02,3,7.387606260280428,5.181243451072179,6.680516228728651,4.8326447628545495
621,2,Dgv,95,xgboost,0.02,4,7.961504501805849,5.438843217390801,7.4140031262573105,5.335555851839377
622,2,Dgv,95,xgboost_naive_transfer,0.02,4,7.422745493565949,5.297226978148688,6.836480599286376,5.017399504592968
623,2,Dgv,95,xgboost_naive_transfer_with_dummy,0.02,4,7.3518247061109046,5.158672900379493,6.755677504903577,4.874325299631917
624,2,Dgv,95,xgboost,0.05,1,7.51323284836042,5.117329868914623,7.090310511417433,5.043000489999033
625,2,Dgv,95,xgboost_naive_transfer,0.05,1,7.4863966836486755,5.385240302968586,6.921715226318171,5.157408901506579
626,2,Dgv,95,xgboost_naive_transfer_with_dummy,0.05,1,7.4863966836486755,5.385240302968586,6.921715226318171,5.157408901506579
627,2,Dgv,95,xgboost,0.05,2,7.6351120009047415,5.279465845012285,7.069642262485101,5.1084578029658285
628,2,Dgv,95,xgboost_naive_transfer,0.05,2,7.457043133821665,5.358560643432293,6.802399084570163,5.055986271308587
629,2,Dgv,95,xgboost_naive_transfer_with_dummy,0.05,2,7.166599195009428,4.864394488796247,6.4879449580233395,4.575492681225472
630,2,Dgv,95,xgboost,0.05,3,7.907416740572109,5.405813172961622,7.333984843275015,5.264382008565387
631,2,Dgv,95,xgboost_naive_transfer,0.05,3,7.457905480924933,5.341329670302561,6.817765284984961,5.043195345147796
632,2,Dgv,95,xgboost_naive_transfer_with_dummy,0.05,3,7.291376284048892,5.0044164101836675,6.55211425757978,4.617827089020267
633,2,Dgv,95,xgboost,0.05,4,7.974149269895496,5.363573580147348,7.351646114359742,5.205836015874073
634,2,Dgv,95,xgboost_naive_transfer,0.05,4,7.443249615915766,5.314025109998526,6.824222063732554,5.025269776223002
635,2,Dgv,95,xgboost_naive_transfer_with_dummy,0.05,4,7.374967616192642,5.1769011025830896,6.7553471048745575,4.879392110226231
636,2,Dgv,95,xgboost,0.1,1,7.5152965613865685,5.1246388451417575,7.095819468012735,5.032982682858706
637,2,Dgv,95,xgboost_naive_transfer,0.1,1,7.495573070859457,5.399160193188201,6.9267118009303905,5.164675124587531
638,2,Dgv,95,xgboost_naive_transfer_with_dummy,0.1,1,7.495573070859457,5.399160193188201,6.9267118009303905,5.164675124587531
639,2,Dgv,95,xgboost,0.1,2,7.698209459195433,5.294897331074251,7.076921934096342,5.097637705419852
640,2,Dgv,95,xgboost_naive_transfer,0.1,2,7.4742400525257064,5.36287041937467,6.804850163082896,5.058859729619559
641,2,Dgv,95,xgboost_naive_transfer_with_dummy,0.1,2,7.4742400525257064,5.36287041937467,6.804850163082896,5.058859729619559
642,2,Dgv,95,xgboost,0.1,3,7.85420612044689,5.343154437807617,7.264518832522832,5.1668276465211465
643,2,Dgv,95,xgboost_naive_transfer,0.1,3,7.5006388635886445,5.372449716816062,6.803378432538486,5.030684059222898
644,2,Dgv,95,xgboost_naive_transfer_with_dummy,0.1,3,7.427655571679574,5.253746072393356,6.733973712451041,4.900436957724471
645,2,Dgv,95,xgboost,0.1,4,7.978632786038072,5.345449698038819,7.314247214204099,5.180028147904053
646,2,Dgv,95,xgboost_naive_transfer,0.1,4,7.475961400063519,5.351243638780317,6.809659746551282,4.99103393065556
647,2,Dgv,95,xgboost_naive_transfer_with_dummy,0.1,4,7.307020233049338,5.05888974171189,6.689554639018831,4.754317596002143
648,2,Dgv,95,xgboost,0.15,1,7.499422597115381,5.12256956857774,7.092793471052263,5.014672544194785
649,2,Dgv,95,xgboost_naive_transfer,0.15,1,7.496787638263754,5.409700186048208,6.900904883556414,5.150061158551975
650,2,Dgv,95,xgboost_naive_transfer_with_dummy,0.15,1,7.496787638263754,5.409700186048208,6.900904883556414,5.150061158551975
651,2,Dgv,95,xgboost,0.15,2,7.723348441470693,5.333781739957728,7.051336525805797,5.099049929767922
652,2,Dgv,95,xgboost_naive_transfer,0.15,2,7.469136765056585,5.362205932428799,6.794370403914227,5.050607752665905
653,2,Dgv,95,xgboost_naive_transfer_with_dummy,0.15,2,7.155415349917603,4.820576179489158,6.4756731158386485,4.554211004791247
654,2,Dgv,95,xgboost,0.15,3,7.872985996910124,5.3260640490027455,7.353016133623421,5.200184622968028
655,2,Dgv,95,xgboost_naive_transfer,0.15,3,7.539693132938258,5.410813570198602,6.773325345010389,5.006276552613203
656,2,Dgv,95,xgboost_naive_transfer_with_dummy,0.15,3,7.349465871145079,5.0386063327161,6.587245333133683,4.6338425824085
657,2,Dgv,95,xgboost,0.15,4,7.955553022414542,5.331416371250887,7.280638267443069,5.0790301985848325
658,2,Dgv,95,xgboost_naive_transfer,0.15,4,7.5104123748797305,5.3527503903544265,6.844570393170981,5.0311587843517005
659,2,Dgv,95,xgboost_naive_transfer_with_dummy,0.15,4,7.39343165200234,5.029446793066902,6.700784891156979,4.64723451179187
660,2,Dgv,190,xgboost,0.01,1,7.433517668391352,5.02976891073246,6.701031727651575,4.747584950002847
661,2,Dgv,190,xgboost_naive_transfer,0.01,1,7.452222757747726,5.336675594410942,6.953824679062932,5.181222364037773
662,2,Dgv,190,xgboost_naive_transfer_with_dummy,0.01,1,7.452222757747726,5.336675594410942,6.953824679062932,5.181222364037773
663,2,Dgv,190,xgboost,0.01,2,7.403076628444991,4.9943561534349845,6.710193452998169,4.791462773136903
664,2,Dgv,190,xgboost_naive_transfer,0.01,2,7.432467272458342,5.320321874764187,6.844717371130557,5.0818617474343215
665,2,Dgv,190,xgboost_naive_transfer_with_dummy,0.01,2,7.236121878259271,4.958451468383853,6.5328998022056215,4.667045073622103
666,2,Dgv,190,xgboost,0.01,3,7.575888854723185,5.1522632436667175,6.871938340542581,4.939269871072038
667,2,Dgv,190,xgboost_naive_transfer,0.01,3,7.4135191924941255,5.288238245912113,6.870741287026373,5.0732755518333645
668,2,Dgv,190,xgboost_naive_transfer_with_dummy,0.01,3,7.169598014003121,4.781988451917505,6.479150043270595,4.557765825215513
669,2,Dgv,190,xgboost,0.01,4,7.502077584582104,5.014777347290854,6.914672656953808,4.922499004985488
670,2,Dgv,190,xgboost_naive_transfer,0.01,4,7.38085793462863,5.254963316398417,6.843193408427498,5.055107152521343
671,2,Dgv,190,xgboost_naive_transfer_with_dummy,0.01,4,7.249699452959462,4.982467097071653,6.619645134413607,4.746020000801302
672,2,Dgv,190,xgboost,0.02,1,7.3589185429637425,4.9236357150960846,6.603841842088131,4.635536657466068
673,2,Dgv,190,xgboost_naive_transfer,0.02,1,7.452273657909715,5.339110665251878,6.948488325344563,5.177137482807369
674,2,Dgv,190,xgboost_naive_transfer_with_dummy,0.02,1,7.452273657909715,5.339110665251878,6.948488325344563,5.177137482807369
675,2,Dgv,190,xgboost,0.02,2,7.4007102680494095,4.987097205706579,6.691195543908434,4.771287514773716
676,2,Dgv,190,xgboost_naive_transfer,0.02,2,7.433832777332933,5.322402866448517,6.847870705816818,5.084594892696788
677,2,Dgv,190,xgboost_naive_transfer_with_dummy,0.02,2,7.414902195370104,5.292744214121626,6.821597770678051,5.0489922816744555
678,2,Dgv,190,xgboost,0.02,3,7.569336146836641,5.141305644596815,6.835172279760826,4.9047699769599475
679,2,Dgv,190,xgboost_naive_transfer,0.02,3,7.4195561164568735,5.290828621508523,6.84778476666667,5.048617179830624
680,2,Dgv,190,xgboost_naive_transfer_with_dummy,0.02,3,7.311914570809172,5.111809290096171,6.714530832004158,4.868678812012253
681,2,Dgv,190,xgboost,0.02,4,7.517144116237644,5.02853495411857,6.905584135098053,4.914828855657411
682,2,Dgv,190,xgboost_naive_transfer,0.02,4,7.389209190508745,5.25730293531716,6.829516547972864,5.040008782191748
683,2,Dgv,190,xgboost_naive_transfer_with_dummy,0.02,4,7.252532272766754,4.974226122491244,6.599969479531544,4.715269099099095
684,2,Dgv,190,xgboost,0.05,1,7.341619286229922,4.893021655732288,6.575153314120248,4.599896494430315
685,2,Dgv,190,xgboost_naive_transfer,0.05,1,7.460783304649129,5.352623501507524,6.917873933597547,5.148782473737614
686,2,Dgv,190,xgboost_naive_transfer_with_dummy,0.05,1,7.460783304649129,5.352623501507524,6.917873933597547,5.148782473737614
687,2,Dgv,190,xgboost,0.05,2,7.40334863475346,4.9842219232008675,6.68233905456264,4.755959939065797
688,2,Dgv,190,xgboost_naive_transfer,0.05,2,7.4340638146725775,5.3253307281041575,6.827160245961229,5.063386282245425
689,2,Dgv,190,xgboost_naive_transfer_with_dummy,0.05,2,7.070246461763777,4.687187861039104,6.455123519367747,4.492771242811016
690,2,Dgv,190,xgboost,0.05,3,7.573156681844687,5.129799815171379,6.792178001392478,4.854551070637552
691,2,Dgv,190,xgboost_naive_transfer,0.05,3,7.435039788523358,5.307107313861304,6.809848760983642,5.0121144290295305
692,2,Dgv,190,xgboost_naive_transfer_with_dummy,0.05,3,7.204042491567638,4.882439830870595,6.472104048860348,4.563248789391449
693,2,Dgv,190,xgboost,0.05,4,7.508984665649057,4.98448925220022,6.902769984539767,4.883024240755841
694,2,Dgv,190,xgboost_naive_transfer,0.05,4,7.409499418224532,5.260268412470286,6.809098137198459,5.010547758403493
695,2,Dgv,190,xgboost_naive_transfer_with_dummy,0.05,4,7.241668447728214,4.9534583614313625,6.585566640432061,4.689458796198015
696,2,Dgv,190,xgboost,0.1,1,7.304563914204347,4.852795864846963,6.5563038716481445,4.580654650974404
697,2,Dgv,190,xgboost_naive_transfer,0.1,1,7.47300091255135,5.366763654611867,6.907136116304241,5.13936823571252
698,2,Dgv,190,xgboost_naive_transfer_with_dummy,0.1,1,7.47300091255135,5.366763654611867,6.907136116304241,5.13936823571252
699,2,Dgv,190,xgboost,0.1,2,7.3486595313671845,4.8655419058386515,6.564701125378149,4.618914042786423
700,2,Dgv,190,xgboost_naive_transfer,0.1,2,7.451898431094083,5.333277613687613,6.7814783234782725,5.028824212399984
701,2,Dgv,190,xgboost_naive_transfer_with_dummy,0.1,2,7.138982921209539,4.763761963968608,6.474652476206386,4.544661122848865
702,2,Dgv,190,xgboost,0.1,3,7.579655121442055,5.124605567870992,6.726904823297005,4.796836778023418
703,2,Dgv,190,xgboost_naive_transfer,0.1,3,7.445702781903371,5.311090811515664,6.809223690310048,5.001688022526068
704,2,Dgv,190,xgboost_naive_transfer_with_dummy,0.1,3,7.081034475521633,4.669527508843196,6.420821919279357,4.461450128299064
705,2,Dgv,190,xgboost,0.1,4,7.5442822724400385,4.978963378349336,6.872801948068134,4.852749991513799
706,2,Dgv,190,xgboost_naive_transfer,0.1,4,7.456591335393048,5.301543829046689,6.816107021633739,5.001429317373672
707,2,Dgv,190,xgboost_naive_transfer_with_dummy,0.1,4,7.2330471469694615,4.807421499595811,6.527777354770694,4.565409415006031
708,2,Dgv,190,xgboost,0.15,1,7.343106647546754,4.898738173432156,6.583621066745382,4.605854313107363
709,2,Dgv,190,xgboost_naive_transfer,0.15,1,7.47126110907648,5.391863979404154,6.886203820852592,5.1295893710863005
710,2,Dgv,190,xgboost_naive_transfer_with_dummy,0.15,1,7.47126110907648,5.391863979404154,6.886203820852592,5.1295893710863005
711,2,Dgv,190,xgboost,0.15,2,7.3426022287855925,4.836656706082658,6.5468753351546685,4.624881346142896
712,2,Dgv,190,xgboost_naive_transfer,0.15,2,7.442206478423817,5.311473605338423,6.801737089482101,5.025029971477137
713,2,Dgv,190,xgboost_naive_transfer_with_dummy,0.15,2,7.04771556064296,4.619734045448169,6.449072225398337,4.455995554472531
714,2,Dgv,190,xgboost,0.15,3,7.698396695085592,5.195425678469028,6.838051127006905,4.880675366846226
715,2,Dgv,190,xgboost_naive_transfer,0.15,3,7.4858716289801706,5.305040316344411,6.7788682630233055,4.991095298757434
716,2,Dgv,190,xgboost_naive_transfer_with_dummy,0.15,3,7.2443014434491735,4.848371706527736,6.447301342026023,4.488821864406492
717,2,Dgv,190,xgboost,0.15,4,7.628514713773689,4.996821016740112,7.033929357541685,4.944031473179767
718,2,Dgv,190,xgboost_naive_transfer,0.15,4,7.484910638335115,5.296587551895538,6.8350776468349315,5.004033791565535
719,2,Dgv,190,xgboost_naive_transfer_with_dummy,0.15,4,7.347623276128572,4.868063734027882,6.5461794911850655,4.605303981442791
720,2,Dgv,285,xgboost,0.01,1,7.269476967524675,4.865046074979882,6.459381464457814,4.523529928006171
721,2,Dgv,285,xgboost_naive_transfer,0.01,1,7.418023563465134,5.317421451194192,6.932462230326141,5.18093276256098
722,2,Dgv,285,xgboost_naive_transfer_with_dummy,0.01,1,7.418023563465134,5.317421451194192,6.932462230326141,5.18093276256098
723,2,Dgv,285,xgboost,0.01,2,7.201137113069293,4.775212269160109,6.498301904026267,4.567821926619903
724,2,Dgv,285,xgboost_naive_transfer,0.01,2,7.364246777992493,5.268161563520202,6.790940918447565,5.052364398011114
725,2,Dgv,285,xgboost_naive_transfer_with_dummy,0.01,2,7.2109058489897375,4.968691372756167,6.507251549198168,4.686897708188346
726,2,Dgv,285,xgboost,0.01,3,7.315148864882574,4.83767094772284,6.561472537071436,4.611034884586747
727,2,Dgv,285,xgboost_naive_transfer,0.01,3,7.3361121676523275,5.226976824855115,6.7739980858394455,5.020823866241206
728,2,Dgv,285,xgboost_naive_transfer_with_dummy,0.01,3,7.156468092780995,4.882256000355131,6.444063237410594,4.61668252223288
729,2,Dgv,285,xgboost,0.01,4,7.428185450642706,4.893542129358422,6.7374955049371845,4.739072884441594
730,2,Dgv,285,xgboost_naive_transfer,0.01,4,7.36029789299419,5.208757907490617,6.809895907858476,5.038675851304286
731,2,Dgv,285,xgboost_naive_transfer_with_dummy,0.01,4,7.218378044183598,4.906550959243936,6.5422946594694835,4.701275121198002
732,2,Dgv,285,xgboost,0.02,1,7.283365015685205,4.895301837152136,6.481350743569961,4.554157621329049
733,2,Dgv,285,xgboost_naive_transfer,0.02,1,7.418937231592435,5.321879838468683,6.927246880829074,5.177317794813241
734,2,Dgv,285,xgboost_naive_transfer_with_dummy,0.02,1,7.418937231592435,5.321879838468683,6.927246880829074,5.177317794813241
735,2,Dgv,285,xgboost,0.02,2,7.203275968482985,4.763226005912304,6.4886427763220755,4.538558084062568
736,2,Dgv,285,xgboost_naive_transfer,0.02,2,7.36518037144034,5.268523374003633,6.782476716043421,5.044989889879691
737,2,Dgv,285,xgboost_naive_transfer_with_dummy,0.02,2,7.20608922279002,4.935782549337646,6.486493250507867,4.652561290253534
738,2,Dgv,285,xgboost,0.02,3,7.319400594420288,4.815421660511451,6.544806055245791,4.562717157452452
739,2,Dgv,285,xgboost_naive_transfer,0.02,3,7.343810890292702,5.231580667230461,6.745541078520733,4.995014550152767
740,2,Dgv,285,xgboost_naive_transfer_with_dummy,0.02,3,7.156085313049773,4.858202260789717,6.42140820262237,4.587552029711805
741,2,Dgv,285,xgboost,0.02,4,7.435073046425291,4.889786701713371,6.705921672793855,4.710332811803724
742,2,Dgv,285,xgboost_naive_transfer,0.02,4,7.364057100685633,5.211585853648764,6.813805966566488,5.033483486129043
743,2,Dgv,285,xgboost_naive_transfer_with_dummy,0.02,4,7.219293000530536,4.907636135080026,6.541485783644899,4.701580718437325
744,2,Dgv,285,xgboost,0.05,1,7.25324151882985,4.816095535381784,6.432813272966115,4.482203740814577
745,2,Dgv,285,xgboost_naive_transfer,0.05,1,7.4218336584231634,5.327857968970364,6.898865234952276,5.149497588421624
746,2,Dgv,285,xgboost_naive_transfer_with_dummy,0.05,1,7.4218336584231634,5.327857968970364,6.898865234952276,5.149497588421624
747,2,Dgv,285,xgboost,0.05,2,7.211577985251026,4.7597561409724625,6.477065650508989,4.519144521978478
748,2,Dgv,285,xgboost_naive_transfer,0.05,2,7.379107295487448,5.281602110898555,6.747966490754567,5.02454364298586
749,2,Dgv,285,xgboost_naive_transfer_with_dummy,0.05,2,7.205811156082027,4.915089477809437,6.465334978887845,4.617466840676204
750,2,Dgv,285,xgboost,0.05,3,7.342752398078766,4.82550182548245,6.5792863332101765,4.578741461742569
751,2,Dgv,285,xgboost_naive_transfer,0.05,3,7.334121218363288,5.224172919590176,6.74495717950794,4.994200594630174
752,2,Dgv,285,xgboost_naive_transfer_with_dummy,0.05,3,7.143602147405333,4.788367793889516,6.368768614897359,4.518792526717602
753,2,Dgv,285,xgboost,0.05,4,7.4715520184057045,4.925513484940108,6.756074961969638,4.72152576666538
754,2,Dgv,285,xgboost_naive_transfer,0.05,4,7.37494690206999,5.2100949148466675,6.786708217334797,4.988958717657543
755,2,Dgv,285,xgboost_naive_transfer_with_dummy,0.05,4,7.235710905775237,4.90644534191859,6.511419566072398,4.662813507087593
756,2,Dgv,285,xgboost,0.1,1,7.244183555424637,4.792497774213211,6.417861905448823,4.454938447968662
757,2,Dgv,285,xgboost_naive_transfer,0.1,1,7.420653001801918,5.322746739535553,6.855245587421978,5.1090199072557745
758,2,Dgv,285,xgboost_naive_transfer_with_dummy,0.1,1,7.420653001801918,5.322746739535553,6.855245587421978,5.1090199072557745
759,2,Dgv,285,xgboost,0.1,2,7.198565031260364,4.72068004101291,6.486190635557311,4.495341612287605
760,2,Dgv,285,xgboost_naive_transfer,0.1,2,7.383482337169511,5.27529759200257,6.751822865648894,5.019745801491871
761,2,Dgv,285,xgboost_naive_transfer_with_dummy,0.1,2,7.086784438788273,4.653656876025166,6.369923063274544,4.41990375817847
762,2,Dgv,285,xgboost,0.1,3,7.4001374228458685,4.844246555562522,6.647187166920105,4.584083867415575
763,2,Dgv,285,xgboost_naive_transfer,0.1,3,7.352641746676568,5.226669337079923,6.721348440709744,4.981384485703577
764,2,Dgv,285,xgboost_naive_transfer_with_dummy,0.1,3,7.12092655657145,4.685614735281875,6.355144440611803,4.464600418123561
765,2,Dgv,285,xgboost,0.1,4,7.486110599463434,4.912260713712654,6.753580047813861,4.734179523849548
766,2,Dgv,285,xgboost_naive_transfer,0.1,4,7.425003231254806,5.237232652144326,6.771802519398643,4.981513630148965
767,2,Dgv,285,xgboost_naive_transfer_with_dummy,0.1,4,7.253186204027748,4.790747800179812,6.486098925331674,4.5749797603524645
768,2,Dgv,285,xgboost,0.15,1,7.248869597486042,4.794597440599703,6.421052982386168,4.468912642307926
769,2,Dgv,285,xgboost_naive_transfer,0.15,1,7.429183111920381,5.350682175957183,6.796382287323234,5.058060641324195
770,2,Dgv,285,xgboost_naive_transfer_with_dummy,0.15,1,7.234920362778738,5.005192695703031,6.541511653699389,4.716734076882927
771,2,Dgv,285,xgboost,0.15,2,7.199060401601888,4.702422780478094,6.522669518953284,4.49210950731029
772,2,Dgv,285,xgboost_naive_transfer,0.15,2,7.401458201546782,5.283748639197202,6.727698040779271,4.9968310129447016
773,2,Dgv,285,xgboost_naive_transfer_with_dummy,0.15,2,7.133290108111884,4.671979104771618,6.4189367169891,4.4370379767709105
774,2,Dgv,285,xgboost,0.15,3,7.447151394671372,4.892453546151375,6.596279344718466,4.603315215001674
775,2,Dgv,285,xgboost_naive_transfer,0.15,3,7.381061025860144,5.2533810632917985,6.733644380438318,4.982504363845169
776,2,Dgv,285,xgboost_naive_transfer_with_dummy,0.15,3,7.175958086589548,4.716860997249927,6.390241748729496,4.470108015252721
777,2,Dgv,285,xgboost,0.15,4,7.632707016239327,4.9646953055407055,6.762383740886991,4.70245901319468
778,2,Dgv,285,xgboost_naive_transfer,0.15,4,7.440123048328409,5.229275854831051,6.802896543054299,4.9821967030526855
779,2,Dgv,285,xgboost_naive_transfer_with_dummy,0.15,4,7.255812389763584,4.787090384282537,6.503864808019376,4.527832318208505
780,2,Dgv,380,xgboost,0.01,1,7.309666204306226,4.860330378003043,6.49493589841126,4.56222468637897
781,2,Dgv,380,xgboost_naive_transfer,0.01,1,7.370506889574695,5.248455838156801,6.8408196261067715,5.077658716398615
782,2,Dgv,380,xgboost_naive_transfer_with_dummy,0.01,1,7.190445747122107,4.931820097826021,6.571855863659244,4.704241881153219
783,2,Dgv,380,xgboost,0.01,2,7.266858894025194,4.847719450759922,6.602330340768526,4.643890551015081
784,2,Dgv,380,xgboost_naive_transfer,0.01,2,7.311315223844031,5.180119032852566,6.779762332421624,5.026133512940402
785,2,Dgv,380,xgboost_naive_transfer_with_dummy,0.01,2,7.108280376925049,4.766066535785281,6.480442372376714,4.567911994641405
786,2,Dgv,380,xgboost,0.01,3,7.396984036221206,4.889579533834803,6.734774410600761,4.7561552218343826
787,2,Dgv,380,xgboost_naive_transfer,0.01,3,7.279165095352852,5.1410462916801585,6.791823516163097,5.032922165542173
788,2,Dgv,380,xgboost_naive_transfer_with_dummy,0.01,3,7.067669324825113,4.750258110956047,6.446793712130896,4.562429687022747
789,2,Dgv,380,xgboost,0.01,4,7.2912270467484275,4.822610868641194,6.732821489722256,4.696272615698298
790,2,Dgv,380,xgboost_naive_transfer,0.01,4,7.289194133023478,5.1074543931812,6.765471462706022,4.976311877084223
791,2,Dgv,380,xgboost_naive_transfer_with_dummy,0.01,4,7.121083739675465,4.776795500275215,6.531277581841607,4.636302320418639
792,2,Dgv,380,xgboost,0.02,1,7.3126385564309855,4.862648647275699,6.498609381871779,4.565050722190782
793,2,Dgv,380,xgboost_naive_transfer,0.02,1,7.3661837130707,5.243811942314292,6.8018905391303495,5.04072824468363
794,2,Dgv,380,xgboost_naive_transfer_with_dummy,0.02,1,7.187209620311633,4.926149705940163,6.565835296304423,4.695852070390312
795,2,Dgv,380,xgboost,0.02,2,7.265449121543833,4.811992514218096,6.572590361126733,4.571905971779572
796,2,Dgv,380,xgboost_naive_transfer,0.02,2,7.310186608485211,5.179296799207137,6.773498796317247,5.019854049423364
797,2,Dgv,380,xgboost_naive_transfer_with_dummy,0.02,2,7.103175345951476,4.752574732962413,6.476924907879483,4.556089450335364
798,2,Dgv,380,xgboost,0.02,3,7.398555556188452,4.884361068639803,6.7401031402656315,4.763379668134584
799,2,Dgv,380,xgboost_naive_transfer,0.02,3,7.281350929781451,5.1469717175874985,6.786052529268574,5.022071928624079
800,2,Dgv,380,xgboost_naive_transfer_with_dummy,0.02,3,7.066500558902659,4.712932726668821,6.420465001668541,4.514253397988203
801,2,Dgv,380,xgboost,0.02,4,7.299143872204313,4.837236896345868,6.74421376345835,4.714505641817328
802,2,Dgv,380,xgboost_naive_transfer,0.02,4,7.306888995137614,5.113248492482732,6.746491345616442,4.953395047476977
803,2,Dgv,380,xgboost_naive_transfer_with_dummy,0.02,4,7.112428928215103,4.756989291151716,6.511547625410327,4.607397030205697
804,2,Dgv,380,xgboost,0.05,1,7.294981469893433,4.826535550986848,6.4545070234372535,4.50489741679841
805,2,Dgv,380,xgboost_naive_transfer,0.05,1,7.367805749781652,5.247373117126195,6.793350999341444,5.031477221340896
806,2,Dgv,380,xgboost_naive_transfer_with_dummy,0.05,1,7.142579884969606,4.8158477669347315,6.487120033542232,4.581818520743431
807,2,Dgv,380,xgboost,0.05,2,7.2656416037412965,4.812637511610328,6.569048290687619,4.551386429134427
808,2,Dgv,380,xgboost_naive_transfer,0.05,2,7.313002491140328,5.172326310616288,6.733656981303892,4.975131247615428
809,2,Dgv,380,xgboost_naive_transfer_with_dummy,0.05,2,7.107611848967313,4.7626893038806575,6.4712347476004535,4.557425776721257
810,2,Dgv,380,xgboost,0.05,3,7.392537229876074,4.82780493845669,6.681561964733178,4.665320567451392
811,2,Dgv,380,xgboost_naive_transfer,0.05,3,7.277962457948071,5.1349156264050295,6.737185097664878,4.967957052043375
812,2,Dgv,380,xgboost_naive_transfer_with_dummy,0.05,3,7.075929794641403,4.654077035466221,6.405506165705151,4.464819757770242
813,2,Dgv,380,xgboost,0.05,4,7.314774225011538,4.843232605189202,6.730981299205884,4.660478807521937
814,2,Dgv,380,xgboost_naive_transfer,0.05,4,7.291434055389734,5.1126291952399825,6.750932541812173,4.970186450502718
815,2,Dgv,380,xgboost_naive_transfer_with_dummy,0.05,4,7.132969004090794,4.727093339774258,6.527381121390084,4.594325840260376
816,2,Dgv,380,xgboost,0.1,1,7.273339078587131,4.789261239493573,6.4413341445725045,4.481500268535638
817,2,Dgv,380,xgboost_naive_transfer,0.1,1,7.370237297987961,5.253661965030443,6.77666374561853,5.0111789549446755
818,2,Dgv,380,xgboost_naive_transfer_with_dummy,0.1,1,7.1845224316637255,4.914128568397537,6.550103222117692,4.671292124296935
819,2,Dgv,380,xgboost,0.1,2,7.27281837666156,4.825325143010796,6.556395396707387,4.564111646106689
820,2,Dgv,380,xgboost_naive_transfer,0.1,2,7.304361292858438,5.150102862237764,6.7042401517872925,4.914000288229491
821,2,Dgv,380,xgboost_naive_transfer_with_dummy,0.1,2,7.092839684810842,4.697236437730726,6.443241160451044,4.50221729414644
822,2,Dgv,380,xgboost,0.1,3,7.500384144194929,4.837783624378615,6.710209778969678,4.621464215923284
823,2,Dgv,380,xgboost_naive_transfer,0.1,3,7.2891304817394085,5.1434518724483285,6.697123133470052,4.939517724910545
824,2,Dgv,380,xgboost_naive_transfer_with_dummy,0.1,3,7.06594733431797,4.599052009467197,6.392558791203339,4.426500437023813
825,2,Dgv,380,xgboost,0.1,4,7.318899447918973,4.802223706776452,6.693646478342804,4.629215953799348
826,2,Dgv,380,xgboost_naive_transfer,0.1,4,7.3096910986524275,5.090721547973941,6.757454647538869,4.94234280337156
827,2,Dgv,380,xgboost_naive_transfer_with_dummy,0.1,4,7.142609042048101,4.710552544173112,6.459239589992359,4.522144581046574
828,2,Dgv,380,xgboost,0.15,1,7.282203245881198,4.810817663882879,6.433069094374678,4.461504071262393
829,2,Dgv,380,xgboost_naive_transfer,0.15,1,7.369694377971714,5.261537942614487,6.760884274975061,4.99852740811121
830,2,Dgv,380,xgboost_naive_transfer_with_dummy,0.15,1,7.179630669420706,4.907618795610113,6.538689625724272,4.6546661360613735
831,2,Dgv,380,xgboost,0.15,2,7.284613903850944,4.7779627173298,6.532586865776099,4.506052720061558
832,2,Dgv,380,xgboost_naive_transfer,0.15,2,7.303902309531739,5.160963811221453,6.699488084067803,4.941145024780593
833,2,Dgv,380,xgboost_naive_transfer_with_dummy,0.15,2,7.0807701423031295,4.680158131902497,6.419446233331065,4.490243557095537
834,2,Dgv,380,xgboost,0.15,3,7.462023445588523,4.829384509804632,6.678660970022077,4.657108414901683
835,2,Dgv,380,xgboost_naive_transfer,0.15,3,7.331600811172617,5.134717332598039,6.661844522412896,4.894151575061516
836,2,Dgv,380,xgboost_naive_transfer_with_dummy,0.15,3,7.1283619713628115,4.655928370650328,6.400661866363896,4.478261498027681
837,2,Dgv,380,xgboost,0.15,4,7.487233008140136,4.901600869354676,6.775893942513664,4.646751762987363
838,2,Dgv,380,xgboost_naive_transfer,0.15,4,7.387698419648629,5.157869531128896,6.749453659779692,4.939754262033237
839,2,Dgv,380,xgboost_naive_transfer_with_dummy,0.15,4,7.1450774755379864,4.628062420272366,6.514307728214515,4.520613888720031
840,2,Dgv,475,xgboost,0.01,1,7.1136678893440894,4.716012360229317,6.412619934790328,4.512248086546901
841,2,Dgv,475,xgboost_naive_transfer,0.01,1,7.345011001747821,5.223644678098153,6.83165753484954,5.05828671870344
842,2,Dgv,475,xgboost_naive_transfer_with_dummy,0.01,1,7.1972735425392775,4.959335989779345,6.609409216318849,4.746677325911532
843,2,Dgv,475,xgboost,0.01,2,7.104630738540307,4.689866671751484,6.5420022276603795,4.604330327845453
844,2,Dgv,475,xgboost_naive_transfer,0.01,2,7.2510377090174245,5.120850885969211,6.7433523566512825,4.976379483724773
845,2,Dgv,475,xgboost_naive_transfer_with_dummy,0.01,2,7.0522687171604606,4.72218109972684,6.4805631255357445,4.570074985441101
846,2,Dgv,475,xgboost,0.01,3,7.154661874191971,4.772680813387386,6.611399180364482,4.665648561286421
847,2,Dgv,475,xgboost_naive_transfer,0.01,3,7.231260516764596,5.074995124285231,6.771362437813039,4.998696408602695
848,2,Dgv,475,xgboost_naive_transfer_with_dummy,0.01,3,6.994357014369886,4.603183831927643,6.42473332562366,4.494253471488769
849,2,Dgv,475,xgboost,0.01,4,7.231308629851807,4.85022705719714,6.811769232722669,4.811710709135971
850,2,Dgv,475,xgboost_naive_transfer,0.01,4,7.212112643711814,5.046081922158561,6.744366828078697,4.9795878814915815
851,2,Dgv,475,xgboost_naive_transfer_with_dummy,0.01,4,7.038613803111475,4.717732699290078,6.516370228640895,4.648434224717811
852,2,Dgv,475,xgboost,0.02,1,7.1183058137421815,4.720861515893193,6.416883425441493,4.517059305210166
853,2,Dgv,475,xgboost_naive_transfer,0.02,1,7.345182657545565,5.224076643373968,6.82744525269421,5.0551205938223385
854,2,Dgv,475,xgboost_naive_transfer_with_dummy,0.02,1,7.145956612912982,4.85464322227537,6.534208580195912,4.641896138524331
855,2,Dgv,475,xgboost,0.02,2,7.129357542364011,4.726627580668987,6.532249789102811,4.634025930345619
856,2,Dgv,475,xgboost_naive_transfer,0.02,2,7.251705400057619,5.122123017738492,6.745935332045517,4.9779751561726595
857,2,Dgv,475,xgboost_naive_transfer_with_dummy,0.02,2,6.9876616290073805,4.615060784585704,6.43194078116815,4.497130444094254
858,2,Dgv,475,xgboost,0.02,3,7.158480265225123,4.7674218747035955,6.617632033878791,4.661944889669433
859,2,Dgv,475,xgboost_naive_transfer,0.02,3,7.226195737400167,5.070501790870249,6.78204589300399,5.005819833735044
860,2,Dgv,475,xgboost_naive_transfer_with_dummy,0.02,3,7.030137107790042,4.7175421245052735,6.4886244283729,4.585665853179808
861,2,Dgv,475,xgboost,0.02,4,7.227891704259956,4.823757640073701,6.791490912843892,4.782907111211533
862,2,Dgv,475,xgboost_naive_transfer,0.02,4,7.215146238067595,5.045492569737822,6.725050096116938,4.958321254596859
863,2,Dgv,475,xgboost_naive_transfer_with_dummy,0.02,4,7.018225412199659,4.6500837638996915,6.487242997680994,4.581035292485859
864,2,Dgv,475,xgboost,0.05,1,7.120040048787772,4.72124756202054,6.4126466673391604,4.512437534451789
865,2,Dgv,475,xgboost_naive_transfer,0.05,1,7.3449049557587305,5.217844739525266,6.80121925469601,5.02503332502276
866,2,Dgv,475,xgboost_naive_transfer_with_dummy,0.05,1,7.135275310730176,4.828302940939439,6.516906167399728,4.619671435939241
867,2,Dgv,475,xgboost,0.05,2,7.0910607160757975,4.669764919890396,6.523323096875913,4.572465917420528
868,2,Dgv,475,xgboost_naive_transfer,0.05,2,7.245533349466089,5.091922573613861,6.727222944180247,4.92531861989554
869,2,Dgv,475,xgboost_naive_transfer_with_dummy,0.05,2,6.994303509596115,4.613475917694925,6.439086812568376,4.500635840778924
870,2,Dgv,475,xgboost,0.05,3,7.1461918480394235,4.734651301317957,6.62288514246142,4.64321481239214
871,2,Dgv,475,xgboost_naive_transfer,0.05,3,7.233796434283848,5.072982148968193,6.7484964239705825,4.970823329783626
872,2,Dgv,475,xgboost_naive_transfer_with_dummy,0.05,3,7.00642981449037,4.609448965340333,6.408563859423743,4.480335753056989
873,2,Dgv,475,xgboost,0.05,4,7.243986643149321,4.818399772755638,6.773257890088893,4.742288227210376
874,2,Dgv,475,xgboost_naive_transfer,0.05,4,7.236127287368382,5.0506999028740625,6.742530008772508,4.950637504147382
875,2,Dgv,475,xgboost_naive_transfer_with_dummy,0.05,4,7.017456632107763,4.602168798329998,6.530442908020705,4.592595754141621
876,2,Dgv,475,xgboost,0.1,1,7.111709062916229,4.7161517314718635,6.403348897368869,4.501624452128591
877,2,Dgv,475,xgboost_naive_transfer,0.1,1,7.34521700505822,5.224128664153344,6.789929707484905,5.010815154432626
878,2,Dgv,475,xgboost_naive_transfer_with_dummy,0.1,1,7.121886518578848,4.80242156250469,6.498779139986154,4.594136964865134
879,2,Dgv,475,xgboost,0.1,2,7.097124333899561,4.676861711379883,6.559492588633471,4.600493320557354
880,2,Dgv,475,xgboost_naive_transfer,0.1,2,7.258093922505642,5.099353784673792,6.719188539827107,4.9242939805588835
881,2,Dgv,475,xgboost_naive_transfer_with_dummy,0.1,2,7.026469265376485,4.638389326502,6.446704307428776,4.505128452902691
882,2,Dgv,475,xgboost,0.1,3,7.191974359415014,4.749354418466487,6.665925072242247,4.657191391751723
883,2,Dgv,475,xgboost_naive_transfer,0.1,3,7.242893202380376,5.027459781555413,6.695878090011523,4.888014301707253
884,2,Dgv,475,xgboost_naive_transfer_with_dummy,0.1,3,6.999211889712285,4.5807605644124685,6.429779662688561,4.489697043088778
885,2,Dgv,475,xgboost,0.1,4,7.230308706121628,4.804831608731391,6.762361096047609,4.695517981483147
886,2,Dgv,475,xgboost_naive_transfer,0.1,4,7.2145419337415575,5.0164136481604755,6.711270072155201,4.925580710064406
887,2,Dgv,475,xgboost_naive_transfer_with_dummy,0.1,4,7.027567830701843,4.627181707648126,6.472684191793931,4.55496003845647
888,2,Dgv,475,xgboost,0.15,1,7.12426554493635,4.719140902074499,6.406700225750131,4.496435329274641
889,2,Dgv,475,xgboost_naive_transfer,0.15,1,7.362246558320994,5.237039458159134,6.785921205836632,5.007694882788574
890,2,Dgv,475,xgboost_naive_transfer_with_dummy,0.15,1,7.083574474870365,4.7278862922931415,6.448978522943279,4.524364676954626
891,2,Dgv,475,xgboost,0.15,2,7.083215486299039,4.633748584857769,6.539655796944583,4.562394182096377
892,2,Dgv,475,xgboost_naive_transfer,0.15,2,7.284927262614433,5.116698371139782,6.693942106866041,4.879041184507386
893,2,Dgv,475,xgboost_naive_transfer_with_dummy,0.15,2,7.027247936273378,4.625336603174449,6.456198562695582,4.5204089808677494
894,2,Dgv,475,xgboost,0.15,3,7.245740087366442,4.732977366584631,6.738706779790561,4.677738129902816
895,2,Dgv,475,xgboost_naive_transfer,0.15,3,7.211143189209451,5.041761566467631,6.749467042596687,4.928637077653605
896,2,Dgv,475,xgboost_naive_transfer_with_dummy,0.15,3,7.040878774712983,4.5599204093239125,6.397407273122864,4.421107819615999
897,2,Dgv,475,xgboost,0.15,4,7.261613289898953,4.7865917445009165,6.746127665538027,4.687967536211602
898,2,Dgv,475,xgboost_naive_transfer,0.15,4,7.247490083958568,5.02210803126236,6.756120549751151,4.960945376539647
899,2,Dgv,475,xgboost_naive_transfer_with_dummy,0.15,4,6.987864032485861,4.5829365256192265,6.456126585883994,4.5145573055262105
900,2,Dgv,570,xgboost,0.01,1,7.1850756041604855,4.7835074001796105,6.455484778330111,4.5444461582684745
901,2,Dgv,570,xgboost_naive_transfer,0.01,1,7.35025020067043,5.20741808489634,6.8071698636522235,5.0262735078719745
902,2,Dgv,570,xgboost_naive_transfer_with_dummy,0.01,1,7.179536556142814,4.877931852865224,6.560188793361056,4.659549279493826
903,2,Dgv,570,xgboost,0.01,2,7.142915346036718,4.7292401902420185,6.4758712955222,4.547235012228197
904,2,Dgv,570,xgboost_naive_transfer,0.01,2,7.256057404025096,5.087715707548104,6.7029260028343565,4.929789834890002
905,2,Dgv,570,xgboost_naive_transfer_with_dummy,0.01,2,7.077233030055594,4.725811268947319,6.478705293242391,4.579039392953665
906,2,Dgv,570,xgboost,0.01,3,7.162801723257757,4.790894991287548,6.541739833773385,4.616209132069979
907,2,Dgv,570,xgboost_naive_transfer,0.01,3,7.231744036923432,5.043925269863884,6.767793888912296,4.981892616738591
908,2,Dgv,570,xgboost_naive_transfer_with_dummy,0.01,3,7.040050302677931,4.698316839581923,6.489974194703024,4.591856296533394
909,2,Dgv,570,xgboost,0.01,4,7.197478086481043,4.763837209877894,6.610509960817781,4.627793657550174
910,2,Dgv,570,xgboost_naive_transfer,0.01,4,7.1936610130765555,5.001240400549437,6.704392910211191,4.937220241486875
911,2,Dgv,570,xgboost_naive_transfer_with_dummy,0.01,4,7.0127078166530605,4.623754905018704,6.428846503942666,4.527798112076434
912,2,Dgv,570,xgboost,0.02,1,7.168893220358194,4.758401757810062,6.428790294161856,4.509644055938686
913,2,Dgv,570,xgboost_naive_transfer,0.02,1,7.350786340194932,5.210257597889468,6.815776068723834,5.035922346919055
914,2,Dgv,570,xgboost_naive_transfer_with_dummy,0.02,1,7.147279835749704,4.798112657870511,6.506759067097513,4.586337082896896
915,2,Dgv,570,xgboost,0.02,2,7.151775490375617,4.7331432547470085,6.472889034875715,4.539565102600383
916,2,Dgv,570,xgboost_naive_transfer,0.02,2,7.25429357180443,5.075096900445357,6.688121355602456,4.903556534421504
917,2,Dgv,570,xgboost_naive_transfer_with_dummy,0.02,2,7.068188716771451,4.698872540820361,6.457152415919377,4.546985707751765
918,2,Dgv,570,xgboost,0.02,3,7.149806028455021,4.757226006181631,6.520075730805887,4.590707148441748
919,2,Dgv,570,xgboost_naive_transfer,0.02,3,7.2463250227721625,5.053081281076142,6.752131042138477,4.958716191278543
920,2,Dgv,570,xgboost_naive_transfer_with_dummy,0.02,3,7.034738605250964,4.687050490609493,6.475866764798151,4.571643650071649
921,2,Dgv,570,xgboost,0.02,4,7.186047113046511,4.709856227258464,6.614702743061984,4.589013301081817
922,2,Dgv,570,xgboost_naive_transfer,0.02,4,7.198635053940274,4.998993535989426,6.680024486780385,4.9061012508816715
923,2,Dgv,570,xgboost_naive_transfer_with_dummy,0.02,4,7.006859783633904,4.578588222473183,6.404307350366918,4.485064082316994
924,2,Dgv,570,xgboost,0.05,1,7.156351877376851,4.736440831417731,6.409932708951828,4.489851741026399
925,2,Dgv,570,xgboost_naive_transfer,0.05,1,7.349017504026683,5.202930016182789,6.789166413916004,5.008306097567744
926,2,Dgv,570,xgboost_naive_transfer_with_dummy,0.05,1,7.12833357974089,4.751236444282426,6.475691654681526,4.546495524014972
927,2,Dgv,570,xgboost,0.05,2,7.153957804312587,4.713590606635131,6.4519479179155415,4.5094845615727746
928,2,Dgv,570,xgboost_naive_transfer,0.05,2,7.254114972982642,5.0758335596120245,6.685613634011381,4.901680269392204
929,2,Dgv,570,xgboost_naive_transfer_with_dummy,0.05,2,7.062300424465804,4.647776747033113,6.424659571855857,4.4923847697807116
930,2,Dgv,570,xgboost,0.05,3,7.165714753527256,4.709463357846809,6.509234894314081,4.537225009893816
931,2,Dgv,570,xgboost_naive_transfer,0.05,3,7.2369550566146055,5.035334116665352,6.738014921315071,4.943466421492602
932,2,Dgv,570,xgboost_naive_transfer_with_dummy,0.05,3,7.040154601164223,4.601453044550673,6.399592576185315,4.480088579389871
933,2,Dgv,570,xgboost,0.05,4,7.183731335163638,4.725003073197238,6.597920150998898,4.582700267761818
934,2,Dgv,570,xgboost_naive_transfer,0.05,4,7.215390419512858,5.007833255713091,6.676154141381024,4.886062417794166
935,2,Dgv,570,xgboost_naive_transfer_with_dummy,0.05,4,7.008184205224703,4.580216873181583,6.38104676843492,4.476007051477009
936,2,Dgv,570,xgboost,0.1,1,7.169414017839372,4.752097256624233,6.418863194761011,4.500764306096117
937,2,Dgv,570,xgboost_naive_transfer,0.1,1,7.34816859574794,5.2124459702117205,6.782569957862839,5.000506600949359
938,2,Dgv,570,xgboost_naive_transfer_with_dummy,0.1,1,7.119444406140765,4.728760261701073,6.464108667381411,4.525747580581809
939,2,Dgv,570,xgboost,0.1,2,7.137965546397294,4.717932795416751,6.451847629750369,4.507432029311298
940,2,Dgv,570,xgboost_naive_transfer,0.1,2,7.255037624288584,5.057486015056695,6.687194300640055,4.880751364927091
941,2,Dgv,570,xgboost_naive_transfer_with_dummy,0.1,2,7.0311798261212495,4.546431076497224,6.38191293855706,4.418285801087565
942,2,Dgv,570,xgboost,0.1,3,7.189102979792041,4.753332997085247,6.534064717648453,4.55888384321064
943,2,Dgv,570,xgboost_naive_transfer,0.1,3,7.278821889913408,5.061741081600431,6.6960945874421425,4.887766670468892
944,2,Dgv,570,xgboost_naive_transfer_with_dummy,0.1,3,7.052308201486452,4.578143504074339,6.334866895122289,4.433534504929891
945,2,Dgv,570,xgboost,0.1,4,7.156144000326468,4.685305421220051,6.6408879824522,4.6223039007113425
946,2,Dgv,570,xgboost_naive_transfer,0.1,4,7.260976777567926,5.006485635643922,6.6226983820436836,4.841923169820958
947,2,Dgv,570,xgboost_naive_transfer_with_dummy,0.1,4,7.0196580956077765,4.564328749952966,6.444435606000702,4.516656730790476
948,2,Dgv,570,xgboost,0.15,1,7.186278040441836,4.775933341516849,6.433365675444585,4.526890686009147
949,2,Dgv,570,xgboost_naive_transfer,0.15,1,7.343562141064836,5.20240425042453,6.745728416653838,4.95409432273729
950,2,Dgv,570,xgboost_naive_transfer_with_dummy,0.15,1,7.105049281337708,4.684279714730282,6.438998724086522,4.4901376828829855
951,2,Dgv,570,xgboost,0.15,2,7.172159112932519,4.729086604519859,6.470792884378864,4.520795289856751
952,2,Dgv,570,xgboost_naive_transfer,0.15,2,7.285531030043438,5.021654295316652,6.66450287736015,4.855979524182139
953,2,Dgv,570,xgboost_naive_transfer_with_dummy,0.15,2,7.071546661516905,4.640746989987838,6.421799284092087,4.4874922859360495
954,2,Dgv,570,xgboost,0.15,3,7.171888447467255,4.699631343338439,6.526727702065866,4.552067082990028
955,2,Dgv,570,xgboost_naive_transfer,0.15,3,7.306941481591616,5.068430049734686,6.718573085289776,4.900732352074883
956,2,Dgv,570,xgboost_naive_transfer_with_dummy,0.15,3,7.028397160026459,4.502374413615306,6.4064244686169,4.440690018814354
957,2,Dgv,570,xgboost,0.15,4,7.22610640124833,4.705175503232535,6.801182963339786,4.700722995656557
958,2,Dgv,570,xgboost_naive_transfer,0.15,4,7.277360065647159,5.018114373263419,6.701018516960319,4.892856319927328
959,2,Dgv,570,xgboost_naive_transfer_with_dummy,0.15,4,7.060036442384795,4.572870713099922,6.420125357066324,4.4659132138062905
960,2,Dgv,665,xgboost,0.01,1,7.073241668910467,4.66671406757359,6.422023914162117,4.531470814054931
961,2,Dgv,665,xgboost_naive_transfer,0.01,1,7.308817690928883,5.168955208840355,6.793970954642286,5.021525256667488
962,2,Dgv,665,xgboost_naive_transfer_with_dummy,0.01,1,7.123254662648893,4.834694213516193,6.547418085123429,4.6632924159273434
963,2,Dgv,665,xgboost,0.01,2,7.01463596175909,4.57739597612027,6.378709065653946,4.477485170276948
964,2,Dgv,665,xgboost_naive_transfer,0.01,2,7.202073691279634,5.034804942430025,6.647311095685349,4.882541513384679
965,2,Dgv,665,xgboost_naive_transfer_with_dummy,0.01,2,7.016172048112951,4.683987765823351,6.438755156304415,4.550957313954136
966,2,Dgv,665,xgboost,0.01,3,7.026313963542683,4.606353404923414,6.46961611212817,4.587789325198281
967,2,Dgv,665,xgboost_naive_transfer,0.01,3,7.1953616550200525,5.0173366881514125,6.6886117177097715,4.927610010282662
968,2,Dgv,665,xgboost_naive_transfer_with_dummy,0.01,3,6.982817243566907,4.623180475568397,6.381004232952303,4.512970343055163
969,2,Dgv,665,xgboost,0.01,4,7.108493365174561,4.651596612814132,6.54693602261813,4.6105692534686105
970,2,Dgv,665,xgboost_naive_transfer,0.01,4,7.162152561079189,4.975895104762983,6.664031526365497,4.920442531989454
971,2,Dgv,665,xgboost_naive_transfer_with_dummy,0.01,4,6.974594127926409,4.5774455515032395,6.356895530668105,4.489662293056578
972,2,Dgv,665,xgboost,0.02,1,7.0650178980319716,4.651911534033147,6.399980081058323,4.509229415537958
973,2,Dgv,665,xgboost_naive_transfer,0.02,1,7.308354809016844,5.165312413419763,6.781085735498451,5.007601836354372
974,2,Dgv,665,xgboost_naive_transfer_with_dummy,0.02,1,7.1124218463257325,4.810725629939527,6.529322814753643,4.639163495665102
975,2,Dgv,665,xgboost,0.02,2,6.9920441179415125,4.5442279178729335,6.338201334097317,4.427942919606514
976,2,Dgv,665,xgboost_naive_transfer,0.02,2,7.205639375873454,5.0428086527836005,6.657994789042838,4.895476892202104
977,2,Dgv,665,xgboost_naive_transfer_with_dummy,0.02,2,6.980076571013545,4.600001341305752,6.366961716657284,4.469734796687804
978,2,Dgv,665,xgboost,0.02,3,7.028368258493583,4.5971232842572,6.457555435253236,4.569120755855923
979,2,Dgv,665,xgboost_naive_transfer,0.02,3,7.19783067207561,5.017329644988138,6.665547632458623,4.9040503922268
980,2,Dgv,665,xgboost_naive_transfer_with_dummy,0.02,3,6.986244532655256,4.612367988122979,6.368663497354067,4.499132829928209
981,2,Dgv,665,xgboost,0.02,4,7.099374490858602,4.640616091659634,6.544628396171071,4.594746756259994
982,2,Dgv,665,xgboost_naive_transfer,0.02,4,7.1619747368061955,4.966172275227864,6.639274136936161,4.90125142247704
983,2,Dgv,665,xgboost_naive_transfer_with_dummy,0.02,4,6.971031607011912,4.571539149884572,6.3457214034952925,4.475143586515721
984,2,Dgv,665,xgboost,0.05,1,7.06470433001399,4.649756193215718,6.399486657402878,4.509617868670186
985,2,Dgv,665,xgboost_naive_transfer,0.05,1,7.309906091341171,5.166706123807143,6.782686266918065,5.01022706081919
986,2,Dgv,665,xgboost_naive_transfer_with_dummy,0.05,1,7.081975369475194,4.739777590891555,6.475281051351115,4.568742101663038
987,2,Dgv,665,xgboost,0.05,2,7.011317752514223,4.569686640678877,6.370004125669099,4.46594436026975
988,2,Dgv,665,xgboost_naive_transfer,0.05,2,7.208446528950677,5.034999365089369,6.6539126770851516,4.885003768403439
989,2,Dgv,665,xgboost_naive_transfer_with_dummy,0.05,2,6.994783775923053,4.609879597202268,6.367508960249731,4.470689433997081
990,2,Dgv,665,xgboost,0.05,3,7.0300297329093375,4.570579325678018,6.4083888382977365,4.503922673139357
991,2,Dgv,665,xgboost_naive_transfer,0.05,3,7.213416500077475,5.013064859868927,6.638852826420213,4.874064424990202
992,2,Dgv,665,xgboost_naive_transfer_with_dummy,0.05,3,6.992947819037155,4.620788414298483,6.335003134864315,4.4583414762580444
993,2,Dgv,665,xgboost,0.05,4,7.090148621531319,4.610980687840948,6.537587985277994,4.571112432354587
994,2,Dgv,665,xgboost_naive_transfer,0.05,4,7.173833346789791,4.971097670698065,6.6336054030980485,4.885190774068707
995,2,Dgv,665,xgboost_naive_transfer_with_dummy,0.05,4,6.989733877544221,4.556937934454716,6.312437666131864,4.460507940880747
996,2,Dgv,665,xgboost,0.1,1,7.067734248135365,4.653850599735348,6.392909369040144,4.504388250999223
997,2,Dgv,665,xgboost_naive_transfer,0.1,1,7.311583033122534,5.169924592427093,6.767974232498463,5.001669190561508
998,2,Dgv,665,xgboost_naive_transfer_with_dummy,0.1,1,7.066390211195306,4.694092880841563,6.452322172485917,4.544094890705063
999,2,Dgv,665,xgboost,0.1,2,7.003500387492053,4.533378543244157,6.332318290328497,4.411947352246586
1000,2,Dgv,665,xgboost_naive_transfer,0.1,2,7.209158170048104,5.022357527903711,6.601657666720328,4.820119659989233
1001,2,Dgv,665,xgboost_naive_transfer_with_dummy,0.1,2,6.965641596602132,4.539527629373208,6.337066380852877,4.413100264145235
1002,2,Dgv,665,xgboost,0.1,3,7.024131080086455,4.548395533131003,6.39322953697843,4.4581120605044
1003,2,Dgv,665,xgboost_naive_transfer,0.1,3,7.214013697770478,5.0162718094273,6.613602652690837,4.8678905058638495
1004,2,Dgv,665,xgboost_naive_transfer_with_dummy,0.1,3,7.018533042230432,4.6043875295624535,6.322182172132675,4.43412767463923
1005,2,Dgv,665,xgboost,0.1,4,7.1090109582105425,4.638424379016839,6.497872751458318,4.524062851398626
1006,2,Dgv,665,xgboost_naive_transfer,0.1,4,7.182061028491643,4.949378729859487,6.596732660915047,4.831156505298681
1007,2,Dgv,665,xgboost_naive_transfer_with_dummy,0.1,4,6.997144586838915,4.5488905236965635,6.351399899518504,4.4683897742357885
1008,2,Dgv,665,xgboost,0.15,1,7.064277004500052,4.628866012093757,6.364408927658452,4.46161385220141
1009,2,Dgv,665,xgboost_naive_transfer,0.15,1,7.299250342293619,5.1441775121777695,6.6896577739757035,4.914121174517219
1010,2,Dgv,665,xgboost_naive_transfer_with_dummy,0.15,1,7.067032557377573,4.696674543334262,6.42688248335561,4.514044541322045
1011,2,Dgv,665,xgboost,0.15,2,6.968266189444514,4.51623537294819,6.3092574067289195,4.4057459080190275
1012,2,Dgv,665,xgboost_naive_transfer,0.15,2,7.220970207248371,5.014558762247227,6.580466171873534,4.79284290874598
1013,2,Dgv,665,xgboost_naive_transfer_with_dummy,0.15,2,6.97168681046089,4.562053028950141,6.342245112330904,4.419785748275852
1014,2,Dgv,665,xgboost,0.15,3,7.001506278747232,4.529246846962085,6.433759137492213,4.483865547455929
1015,2,Dgv,665,xgboost_naive_transfer,0.15,3,7.206954725915259,4.997686422930689,6.62941208001977,4.849576737227954
1016,2,Dgv,665,xgboost_naive_transfer_with_dummy,0.15,3,6.957137728983875,4.49485471840262,6.309528679549956,4.407696550618768
1017,2,Dgv,665,xgboost,0.15,4,7.206837580637321,4.678660913019338,6.479640945440562,4.48376533398379
1018,2,Dgv,665,xgboost_naive_transfer,0.15,4,7.195234314503975,4.973254933828759,6.592315005939565,4.850939384470946
1019,2,Dgv,665,xgboost_naive_transfer_with_dummy,0.15,4,6.997045327601167,4.505220572782049,6.334153931603061,4.421073690878994
1020,2,Dgv,760,xgboost,0.01,1,7.126403895509141,4.703944625984842,6.433774009421645,4.530173635581646
1021,2,Dgv,760,xgboost_naive_transfer,0.01,1,7.294374733220113,5.144422848233737,6.776743088889895,4.99349069681829
1022,2,Dgv,760,xgboost_naive_transfer_with_dummy,0.01,1,7.121732408575581,4.815556739137112,6.536347256712466,4.64002111688761
1023,2,Dgv,760,xgboost,0.01,2,7.033051371030092,4.5953562903361345,6.3457393267798725,4.454908951135156
1024,2,Dgv,760,xgboost_naive_transfer,0.01,2,7.193784505407182,5.023551780400443,6.632316059628832,4.871263526030908
1025,2,Dgv,760,xgboost_naive_transfer_with_dummy,0.01,2,6.977725320232011,4.584428711563924,6.343050023784263,4.439729716217735
1026,2,Dgv,760,xgboost,0.01,3,7.039376424262415,4.6178368684681255,6.447078459729402,4.562465253131978
1027,2,Dgv,760,xgboost_naive_transfer,0.01,3,7.1729057669724705,4.965500887447819,6.646099532918214,4.878885478685587
1028,2,Dgv,760,xgboost_naive_transfer_with_dummy,0.01,3,6.993156679458087,4.611614080152198,6.384832436866805,4.497124388938226
1029,2,Dgv,760,xgboost,0.01,4,7.0677140821358595,4.632582258820895,6.479751562868092,4.550349942850728
1030,2,Dgv,760,xgboost_naive_transfer,0.01,4,7.150951462930144,4.943488769688645,6.655300681216589,4.8973976026534265
1031,2,Dgv,760,xgboost_naive_transfer_with_dummy,0.01,4,7.019301805365437,4.60952868428285,6.430201737873166,4.547731163212377
1032,2,Dgv,760,xgboost,0.02,1,7.109460587878157,4.675086280683933,6.3904063305099355,4.49047088187164
1033,2,Dgv,760,xgboost_naive_transfer,0.02,1,7.2953175996147674,5.143728303290981,6.77004162300887,4.986407621646268
1034,2,Dgv,760,xgboost_naive_transfer_with_dummy,0.02,1,7.141174747034025,4.855054901290503,6.5705659835704235,4.68792353403166
1035,2,Dgv,760,xgboost,0.02,2,7.030198678391709,4.59264625508042,6.350077704389137,4.457708157823639
1036,2,Dgv,760,xgboost_naive_transfer,0.02,2,7.178835234978905,4.979847525758159,6.5735760741281775,4.796267211412847
1037,2,Dgv,760,xgboost_naive_transfer_with_dummy,0.02,2,6.973796446279708,4.562391804109251,6.324482577887288,4.4197773347294484
1038,2,Dgv,760,xgboost,0.02,3,7.037279656389824,4.616164015337116,6.447452212911779,4.560188720243811
1039,2,Dgv,760,xgboost_naive_transfer,0.02,3,7.169526713511414,4.962714887525257,6.6440615522969395,4.872315981366871
1040,2,Dgv,760,xgboost_naive_transfer_with_dummy,0.02,3,6.9907372896811415,4.614353400022417,6.383978295691263,4.497528512840102
1041,2,Dgv,760,xgboost,0.02,4,7.066498594860491,4.629584135219867,6.461060714989145,4.545116283893047
1042,2,Dgv,760,xgboost_naive_transfer,0.02,4,7.156965463445211,4.945315584104792,6.656347235954774,4.895513596556419
1043,2,Dgv,760,xgboost_naive_transfer_with_dummy,0.02,4,7.006143764976734,4.610146733568164,6.426124789615118,4.553883022164896
1044,2,Dgv,760,xgboost,0.05,1,7.114606569824791,4.686602020656519,6.406154750831889,4.506905985990894
1045,2,Dgv,760,xgboost_naive_transfer,0.05,1,7.290527501944307,5.1261431029175295,6.724349661301264,4.933909506531526
1046,2,Dgv,760,xgboost_naive_transfer_with_dummy,0.05,1,7.090085865073071,4.740536587557423,6.480930838659916,4.565342534216527
1047,2,Dgv,760,xgboost,0.05,2,7.033429602005002,4.57847241600552,6.317416011604412,4.429654581786098
1048,2,Dgv,760,xgboost_naive_transfer,0.05,2,7.187266936876023,4.983072542716435,6.563639918166474,4.77799169502902
1049,2,Dgv,760,xgboost_naive_transfer_with_dummy,0.05,2,6.983703121994064,4.5712892670345076,6.311086536554143,4.406260779155439
1050,2,Dgv,760,xgboost,0.05,3,7.0154482538607645,4.562712692521604,6.378996915648658,4.463196193770143
1051,2,Dgv,760,xgboost_naive_transfer,0.05,3,7.179756617526668,4.9665828335217155,6.610863765581308,4.837051886104893
1052,2,Dgv,760,xgboost_naive_transfer_with_dummy,0.05,3,6.998568153891482,4.61164230817413,6.393092993303403,4.504613784501671
1053,2,Dgv,760,xgboost,0.05,4,7.0705289047211295,4.611680060426096,6.467035096631095,4.5181074946198825
1054,2,Dgv,760,xgboost_naive_transfer,0.05,4,7.1760900561108105,4.9353898085494095,6.647287778540736,4.8703987365615395
1055,2,Dgv,760,xgboost_naive_transfer_with_dummy,0.05,4,7.029228487525122,4.605277220284695,6.40646897307059,4.521831608139252
1056,2,Dgv,760,xgboost,0.1,1,7.090070917909246,4.633144676079441,6.319166886714534,4.418607025009579
1057,2,Dgv,760,xgboost_naive_transfer,0.1,1,7.281328448467679,5.100659629702007,6.682311030723056,4.8871812051908705
1058,2,Dgv,760,xgboost_naive_transfer_with_dummy,0.1,1,7.0704756385770935,4.6742759848227635,6.440725492476507,4.515262438072961
1059,2,Dgv,760,xgboost,0.1,2,7.0214557341735535,4.550868576210514,6.325154615477229,4.403502876228478
1060,2,Dgv,760,xgboost_naive_transfer,0.1,2,7.203099558623424,4.9812383801972855,6.562469632362117,4.757875113270936
1061,2,Dgv,760,xgboost_naive_transfer_with_dummy,0.1,2,6.980247944774802,4.536029494188497,6.307803933660704,4.373650159402328
1062,2,Dgv,760,xgboost,0.1,3,7.075110709987561,4.590964621593349,6.423210245498595,4.5177847905510555
1063,2,Dgv,760,xgboost_naive_transfer,0.1,3,7.156886873107512,4.956405280097265,6.565753394266386,4.780800096160586
1064,2,Dgv,760,xgboost_naive_transfer_with_dummy,0.1,3,7.006536240378027,4.5446850046021225,6.329477123501217,4.422420427117698
1065,2,Dgv,760,xgboost,0.1,4,7.106743184421107,4.617773604951357,6.461882272095275,4.50290205927851
1066,2,Dgv,760,xgboost_naive_transfer,0.1,4,7.198390268061948,4.94857587825748,6.5862352166709695,4.800131597772776
1067,2,Dgv,760,xgboost_naive_transfer_with_dummy,0.1,4,7.013767928899354,4.565586574980637,6.357187692669922,4.480085318096594
1068,2,Dgv,760,xgboost,0.15,1,7.09566012930992,4.661214021727332,6.355987987846498,4.4503222595459455
1069,2,Dgv,760,xgboost_naive_transfer,0.15,1,7.299151094120124,5.13114773443852,6.695971873550175,4.902521763877244
1070,2,Dgv,760,xgboost_naive_transfer_with_dummy,0.15,1,7.089857320060345,4.700049849208029,6.437452245690202,4.5128355524432875
1071,2,Dgv,760,xgboost,0.15,2,7.059888161369557,4.596394284231426,6.3186280020472605,4.403045102761396
1072,2,Dgv,760,xgboost_naive_transfer,0.15,2,7.217681927230101,4.9978600174348005,6.575961601070447,4.785028905000108
1073,2,Dgv,760,xgboost_naive_transfer_with_dummy,0.15,2,6.997001643747471,4.522235411522139,6.313836324100907,4.394728384100942
1074,2,Dgv,760,xgboost,0.15,3,7.117163328089272,4.624071354788803,6.425577903900149,4.494472298314797
1075,2,Dgv,760,xgboost_naive_transfer,0.15,3,7.206719489459956,4.963724750546549,6.600393053636604,4.804190893150617
1076,2,Dgv,760,xgboost_naive_transfer_with_dummy,0.15,3,7.0353301439239,4.565909484614809,6.350551848907587,4.4482066878836735
1077,2,Dgv,760,xgboost,0.15,4,7.155984123510589,4.629570598231828,6.494912021289611,4.539060705782257
1078,2,Dgv,760,xgboost_naive_transfer,0.15,4,7.22872841459215,4.963308898867767,6.595528314978064,4.829152282139266
1079,2,Dgv,760,xgboost_naive_transfer_with_dummy,0.15,4,7.055804152147693,4.605295520081707,6.393369884943154,4.489585721261652
1080,2,Dgv,855,xgboost,0.01,1,7.069323138450506,4.623928486886245,6.414198247566705,4.475525138660145
1081,2,Dgv,855,xgboost_naive_transfer,0.01,1,7.267226451425716,5.105111168892836,6.736198047592705,4.926429823619584
1082,2,Dgv,855,xgboost_naive_transfer_with_dummy,0.01,1,7.084380337162646,4.786130987360655,6.536834201364652,4.621690711093377
1083,2,Dgv,855,xgboost,0.01,2,6.994223965801191,4.534086632845088,6.399230645715614,4.45278127612492
1084,2,Dgv,855,xgboost_naive_transfer,0.01,2,7.149845141174388,4.9603805703784865,6.604308060051993,4.82940097095099
1085,2,Dgv,855,xgboost_naive_transfer_with_dummy,0.01,2,6.954519700345374,4.585486859850257,6.390785150505786,4.4879585947408485
1086,2,Dgv,855,xgboost,0.01,3,7.028731766556757,4.551581236776912,6.508684306636769,4.54358609002618
1087,2,Dgv,855,xgboost_naive_transfer,0.01,3,7.134794368539072,4.905954947045606,6.635302537924689,4.857654878646097
1088,2,Dgv,855,xgboost_naive_transfer_with_dummy,0.01,3,6.9731089298028,4.574706958517783,6.428605343963048,4.507051153356105
1089,2,Dgv,855,xgboost,0.01,4,7.066238937656748,4.569787964947306,6.57100084261151,4.589762007638443
1090,2,Dgv,855,xgboost_naive_transfer,0.01,4,7.143565102280407,4.9071978623276475,6.642584913869615,4.851655338424879
1091,2,Dgv,855,xgboost_naive_transfer_with_dummy,0.01,4,6.9630730213157905,4.515145356121691,6.398701190550957,4.464938656730771
1092,2,Dgv,855,xgboost,0.02,1,7.0582090885175015,4.600353443642053,6.387766063736226,4.4511662785351795
1093,2,Dgv,855,xgboost_naive_transfer,0.02,1,7.24643229930924,5.073356199877756,6.6856162739590355,4.877062040859498
1094,2,Dgv,855,xgboost_naive_transfer_with_dummy,0.02,1,7.068860131695252,4.754934815049781,6.50776363334645,4.584957995062929
1095,2,Dgv,855,xgboost,0.02,2,6.995266202218641,4.530402095293281,6.390972333956703,4.44358607813998
1096,2,Dgv,855,xgboost_naive_transfer,0.02,2,7.1492806047037645,4.957088621156524,6.601416825262335,4.823550108999224
1097,2,Dgv,855,xgboost_naive_transfer_with_dummy,0.02,2,6.942497809191599,4.541639544824384,6.365616953728557,4.4570598792370735
1098,2,Dgv,855,xgboost,0.02,3,7.025121125246308,4.541411285152456,6.49859810177284,4.530705331338371
1099,2,Dgv,855,xgboost_naive_transfer,0.02,3,7.128235450444183,4.897551636659902,6.633383289460724,4.853244082116626
1100,2,Dgv,855,xgboost_naive_transfer_with_dummy,0.02,3,6.9719631788889975,4.55920000220401,6.40437458830713,4.480600192095224
1101,2,Dgv,855,xgboost,0.02,4,7.075368607702673,4.5747646265592286,6.558163193117665,4.570109245810395
1102,2,Dgv,855,xgboost_naive_transfer,0.02,4,7.143883574023614,4.904995783042976,6.637309844603935,4.842779417147184
1103,2,Dgv,855,xgboost_naive_transfer_with_dummy,0.02,4,6.962707525922008,4.502224510951565,6.404496397766122,4.467541943666826
1104,2,Dgv,855,xgboost,0.05,1,7.06490386498007,4.6107396330526145,6.397475315133725,4.459336312647202
1105,2,Dgv,855,xgboost_naive_transfer,0.05,1,7.246029080627182,5.070523240235703,6.681895310366169,4.874342842331408
1106,2,Dgv,855,xgboost_naive_transfer_with_dummy,0.05,1,7.04158208107648,4.682316641938838,6.453298290986771,4.517684242742607
1107,2,Dgv,855,xgboost,0.05,2,6.982834844689697,4.509637595383641,6.386316272412582,4.4332372045302915
1108,2,Dgv,855,xgboost_naive_transfer,0.05,2,7.150250538566661,4.9593641553346055,6.614408813949275,4.839535677010624
1109,2,Dgv,855,xgboost_naive_transfer_with_dummy,0.05,2,6.939455112444698,4.543143236031098,6.369525573430413,4.45762481191261
1110,2,Dgv,855,xgboost,0.05,3,7.018588102083346,4.533880663400862,6.518653622933849,4.546912124867001
1111,2,Dgv,855,xgboost_naive_transfer,0.05,3,7.147891303586554,4.897652659745421,6.61827063977863,4.833907794830594
1112,2,Dgv,855,xgboost_naive_transfer_with_dummy,0.05,3,6.977718857299008,4.561758170320031,6.41541119112433,4.482065352341393
1113,2,Dgv,855,xgboost,0.05,4,7.096565363292362,4.596048954516377,6.545090597233453,4.569845222550453
1114,2,Dgv,855,xgboost_naive_transfer,0.05,4,7.156775630513134,4.9002197140006825,6.622220486360103,4.817170327532305
1115,2,Dgv,855,xgboost_naive_transfer_with_dummy,0.05,4,6.963568545356119,4.499892961072809,6.407397245339949,4.477321369147815
1116,2,Dgv,855,xgboost,0.1,1,7.040404543435766,4.5499483903428946,6.345079371172529,4.39685497661831
1117,2,Dgv,855,xgboost_naive_transfer,0.1,1,7.250938512521749,5.069744120754731,6.673045471796189,4.860205448486388
1118,2,Dgv,855,xgboost_naive_transfer_with_dummy,0.1,1,7.0364771194310025,4.659760894363904,6.435007181609685,4.4958545477384035
1119,2,Dgv,855,xgboost,0.1,2,7.002756019835167,4.499812940576277,6.3917319420414955,4.419477527878206
1120,2,Dgv,855,xgboost_naive_transfer,0.1,2,7.152370094897313,4.930640680062963,6.546588227098404,4.753075033260895
1121,2,Dgv,855,xgboost_naive_transfer_with_dummy,0.1,2,6.941264041521542,4.506647857230493,6.3523319176231405,4.427535660355068
1122,2,Dgv,855,xgboost,0.1,3,7.020685279565154,4.497326621143305,6.485526979277418,4.486391962282287
1123,2,Dgv,855,xgboost_naive_transfer,0.1,3,7.142685514678126,4.900688616187183,6.5778250402458935,4.777579994041396
1124,2,Dgv,855,xgboost_naive_transfer_with_dummy,0.1,3,6.993914179415474,4.5524135716800185,6.429942538215216,4.492193283538953
1125,2,Dgv,855,xgboost,0.1,4,7.109041207231861,4.580646293026741,6.552774984798346,4.537759595075509
1126,2,Dgv,855,xgboost_naive_transfer,0.1,4,7.175417947988683,4.8876310824743,6.588913824155581,4.786562269441179
1127,2,Dgv,855,xgboost_naive_transfer_with_dummy,0.1,4,7.002368489236656,4.542788365598983,6.406731552583442,4.4676176962753456
1128,2,Dgv,855,xgboost,0.15,1,7.066783155924009,4.592506469476613,6.344894667929658,4.400239103422514
1129,2,Dgv,855,xgboost_naive_transfer,0.15,1,7.245229993650475,5.056408895398158,6.663091470026623,4.841893289293061
1130,2,Dgv,855,xgboost_naive_transfer_with_dummy,0.15,1,7.043245108113953,4.674858261586016,6.448023478997726,4.504164345149717
1131,2,Dgv,855,xgboost,0.15,2,7.01381364865847,4.482147269505986,6.387616207029503,4.416724313403586
1132,2,Dgv,855,xgboost_naive_transfer,0.15,2,7.140695077021935,4.927391485819833,6.574121820271116,4.7699566827797435
1133,2,Dgv,855,xgboost_naive_transfer_with_dummy,0.15,2,6.944469980881867,4.522627097546285,6.38669946809284,4.460523927716464
1134,2,Dgv,855,xgboost,0.15,3,7.029040474647815,4.509898152441222,6.522751816100595,4.501667074026192
1135,2,Dgv,855,xgboost_naive_transfer,0.15,3,7.170157801993522,4.915419788751113,6.60150671637186,4.803987264515701
1136,2,Dgv,855,xgboost_naive_transfer_with_dummy,0.15,3,6.950950090064421,4.4608008965344474,6.354857012098588,4.417052208177676
1137,2,Dgv,855,xgboost,0.15,4,7.107897826140215,4.560748429231903,6.543409368469279,4.531698073298239
1138,2,Dgv,855,xgboost_naive_transfer,0.15,4,7.192377224425255,4.889191911086283,6.653889239312784,4.813927704986613
1139,2,Dgv,855,xgboost_naive_transfer_with_dummy,0.15,4,7.026830635929914,4.52065035875501,6.439702442933033,4.4767449367386485
1140,2,Dgv,950,xgboost,0.01,1,7.031946699572556,4.569936188179599,6.426296021832452,4.474165630905922
1141,2,Dgv,950,xgboost_naive_transfer,0.01,1,7.216666496791724,5.0406494697328,6.6922967444967805,4.889659110643695
1142,2,Dgv,950,xgboost_naive_transfer_with_dummy,0.01,1,7.050770082191973,4.739253395740221,6.531851384358156,4.622450302244246
1143,2,Dgv,950,xgboost,0.01,2,6.985172788814842,4.524453051395473,6.397056744063622,4.471037019305908
1144,2,Dgv,950,xgboost_naive_transfer,0.01,2,7.137696006908197,4.960360955874963,6.629480933519713,4.8563386072314305
1145,2,Dgv,950,xgboost_naive_transfer_with_dummy,0.01,2,6.919016838402527,4.528428522829226,6.316844421901779,4.415792204596548
1146,2,Dgv,950,xgboost,0.01,3,6.9178979754681365,4.413862203404215,6.392884663143787,4.4352175152233775
1147,2,Dgv,950,xgboost_naive_transfer,0.01,3,7.1136796752159235,4.880184988461373,6.606261474192028,4.821006532537233
1148,2,Dgv,950,xgboost_naive_transfer_with_dummy,0.01,3,6.949870334964922,4.547937670407958,6.383321248338599,4.464776297084268
1149,2,Dgv,950,xgboost,0.01,4,6.999302608626199,4.523457880821062,6.421927809285682,4.463862386362158
1150,2,Dgv,950,xgboost_naive_transfer,0.01,4,7.105428000927472,4.869044087426944,6.603339437352268,4.814109036041573
1151,2,Dgv,950,xgboost_naive_transfer_with_dummy,0.01,4,6.908392734120587,4.491256998071843,6.378871077507517,4.449993494169932
1152,2,Dgv,950,xgboost,0.02,1,7.033739269719522,4.573030230977193,6.42849309452352,4.476173260212916
1153,2,Dgv,950,xgboost_naive_transfer,0.02,1,7.216843758489951,5.038738622119114,6.691012445363362,4.8882656353621305
1154,2,Dgv,950,xgboost_naive_transfer_with_dummy,0.02,1,7.0195339136046355,4.668588959356351,6.470276936489894,4.545188239794671
1155,2,Dgv,950,xgboost,0.02,2,6.989638086918305,4.521218993048898,6.397287377325059,4.471484711398927
1156,2,Dgv,950,xgboost_naive_transfer,0.02,2,7.124331726683983,4.932318090397239,6.588467775415003,4.816787212292858
1157,2,Dgv,950,xgboost_naive_transfer_with_dummy,0.02,2,6.9179139985762825,4.523999185729247,6.31543145476513,4.411214691052365
1158,2,Dgv,950,xgboost,0.02,3,6.928051435701792,4.428672187681853,6.4050328349854455,4.441323079131264
1159,2,Dgv,950,xgboost_naive_transfer,0.02,3,7.11434167353838,4.882025780994209,6.599330930893297,4.811133740899299
1160,2,Dgv,950,xgboost_naive_transfer_with_dummy,0.02,3,6.9461172176272745,4.521875404347696,6.354517836440307,4.4258518499226875
1161,2,Dgv,950,xgboost,0.02,4,7.000137665721147,4.516786632345494,6.422452127250335,4.463060938563157
1162,2,Dgv,950,xgboost_naive_transfer,0.02,4,7.107982603531951,4.8637483209171,6.5790370137505345,4.789507745423007
1163,2,Dgv,950,xgboost_naive_transfer_with_dummy,0.02,4,6.912512674769956,4.483526700321897,6.37359650261747,4.437492986620388
1164,2,Dgv,950,xgboost,0.05,1,7.020706664105645,4.542476285738642,6.392329380006309,4.4452172096769464
1165,2,Dgv,950,xgboost_naive_transfer,0.05,1,7.216323919770995,5.032993089156935,6.683659858746875,4.878037278047067
1166,2,Dgv,950,xgboost_naive_transfer_with_dummy,0.05,1,7.006399201405994,4.6274759173483595,6.438674059174071,4.511692675318015
1167,2,Dgv,950,xgboost,0.05,2,6.969522299841398,4.478336965309437,6.373919905698009,4.428018930246003
1168,2,Dgv,950,xgboost_naive_transfer,0.05,2,7.113257465669114,4.898036874909035,6.555939666630397,4.7783110454059345
1169,2,Dgv,950,xgboost_naive_transfer_with_dummy,0.05,2,6.896729319259907,4.456415520155015,6.3032252418193835,4.370539120983633
1170,2,Dgv,950,xgboost,0.05,3,6.937486589237732,4.441356349993872,6.393481829177559,4.44417781980386
1171,2,Dgv,950,xgboost_naive_transfer,0.05,3,7.130883414818131,4.914215987077309,6.67109769828768,4.878068725504071
1172,2,Dgv,950,xgboost_naive_transfer_with_dummy,0.05,3,6.954474580828362,4.511832805824415,6.331511673613083,4.392198269729021
1173,2,Dgv,950,xgboost,0.05,4,7.047811896232974,4.532873432345089,6.4421491124118075,4.488101099024939
1174,2,Dgv,950,xgboost_naive_transfer,0.05,4,7.115759432016689,4.8483624956865,6.581872585564136,4.791666805337348
1175,2,Dgv,950,xgboost_naive_transfer_with_dummy,0.05,4,6.916452321101926,4.47587820526659,6.328349836702913,4.405037517996768
1176,2,Dgv,950,xgboost,0.1,1,6.998788113093599,4.48175386953357,6.338850548038941,4.383616377459112
1177,2,Dgv,950,xgboost_naive_transfer,0.1,1,7.19158484167381,4.983447595879931,6.63653521734441,4.8286843683227465
1178,2,Dgv,950,xgboost_naive_transfer_with_dummy,0.1,1,6.9895632266317484,4.6034643028591535,6.421396779536524,4.494592512862846
1179,2,Dgv,950,xgboost,0.1,2,6.960147941109247,4.449981572848933,6.330421318378667,4.3913301970281715
1180,2,Dgv,950,xgboost_naive_transfer,0.1,2,7.143941526587849,4.91794104465796,6.558088017209627,4.775777905325354
1181,2,Dgv,950,xgboost_naive_transfer_with_dummy,0.1,2,6.905177422920635,4.461697280913371,6.301327773647464,4.37870402594128
1182,2,Dgv,950,xgboost,0.1,3,6.954933844616198,4.421693323859025,6.389263858244563,4.427948993882063
1183,2,Dgv,950,xgboost_naive_transfer,0.1,3,7.134583033061498,4.8758709523522725,6.569954107543058,4.777438603650271
1184,2,Dgv,950,xgboost_naive_transfer_with_dummy,0.1,3,6.971042784221578,4.526527737838359,6.352958184495496,4.402978145262354
1185,2,Dgv,950,xgboost,0.1,4,6.991728015447567,4.494221852008142,6.440344470368783,4.442959749126642
1186,2,Dgv,950,xgboost_naive_transfer,0.1,4,7.117077168544208,4.852286489505069,6.55295020133418,4.761552754882526
1187,2,Dgv,950,xgboost_naive_transfer_with_dummy,0.1,4,6.971696685701121,4.502295550246275,6.399922592871501,4.448860567938515
1188,2,Dgv,950,xgboost,0.15,1,7.018806901896158,4.534073267944387,6.365418117287445,4.413620085145952
1189,2,Dgv,950,xgboost_naive_transfer,0.15,1,7.209113552933043,5.016849197204255,6.675682497361418,4.861819534790387
1190,2,Dgv,950,xgboost_naive_transfer_with_dummy,0.15,1,7.0088642935527545,4.617202438392655,6.417564445809869,4.483802940054363
1191,2,Dgv,950,xgboost,0.15,2,6.97494672441283,4.44778453403403,6.327684369997919,4.350076781648565
1192,2,Dgv,950,xgboost_naive_transfer,0.15,2,7.107901820504263,4.869230437032218,6.533235427615887,4.738425976997992
1193,2,Dgv,950,xgboost_naive_transfer_with_dummy,0.15,2,6.912724888636452,4.45817460453172,6.307327838788924,4.3619884940319755
1194,2,Dgv,950,xgboost,0.15,3,6.970901353051144,4.454986490648704,6.4818013728970705,4.470571943525607
1195,2,Dgv,950,xgboost_naive_transfer,0.15,3,7.170352201620832,4.869262165576938,6.540108739202331,4.71351527522346
1196,2,Dgv,950,xgboost_naive_transfer_with_dummy,0.15,3,6.952633203667959,4.483430723696572,6.298698832301371,4.356423800065548
1197,2,Dgv,950,xgboost,0.15,4,7.136598048010694,4.5757296017596705,6.388348774926564,4.400378147204961
1198,2,Dgv,950,xgboost_naive_transfer,0.15,4,7.145096533203625,4.864883744321876,6.585143688635409,4.773658543017715
1199,2,Dgv,950,xgboost_naive_transfer_with_dummy,0.15,4,6.936912972624934,4.4584118080012,6.317684200633545,4.361089214981847
1200,3,Dgv,95,xgboost,0.01,1,7.722272644643063,5.456794632410743,7.3151628284406724,5.496835165320583
1201,3,Dgv,95,xgboost_naive_transfer,0.01,1,7.0687995109007975,5.348439527863733,6.590229988260797,5.06941997059899
1202,3,Dgv,95,xgboost_naive_transfer_with_dummy,0.01,1,7.0687995109007975,5.348439527863733,6.590229988260797,5.06941997059899
1203,3,Dgv,95,xgboost,0.01,2,7.929473293592272,5.686573479389598,7.484552992957918,5.5173375493971895
1204,3,Dgv,95,xgboost_naive_transfer,0.01,2,7.05569784946813,5.326478350735683,6.654937562507462,5.09078433821953
1205,3,Dgv,95,xgboost_naive_transfer_with_dummy,0.01,2,7.008469827504853,5.236247758224544,6.6189402215725375,5.0054682514782325
1206,3,Dgv,95,xgboost,0.01,3,8.377232956472158,5.933278771575292,7.966717844762353,5.769943394521852
1207,3,Dgv,95,xgboost_naive_transfer,0.01,3,7.119776257650433,5.376045400575447,6.7053596650071015,5.078478002077103
1208,3,Dgv,95,xgboost_naive_transfer_with_dummy,0.01,3,7.0582635451402265,5.189500963311907,6.713146460316711,4.928818343256797
1209,3,Dgv,95,xgboost,0.01,4,8.22862010252049,5.8268147597258295,7.83809363060681,5.706047565839177
1210,3,Dgv,95,xgboost_naive_transfer,0.01,4,7.297596236587795,5.46351835317681,6.922104790783395,5.141871439127029
1211,3,Dgv,95,xgboost_naive_transfer_with_dummy,0.01,4,7.272884019236176,5.25649192380006,7.028696602223507,5.035173766600421
1212,3,Dgv,95,xgboost,0.02,1,7.7197876665065435,5.455936801046824,7.312909613544769,5.4938181011758465
1213,3,Dgv,95,xgboost_naive_transfer,0.02,1,7.063041992754955,5.351764278548345,6.575692723625673,5.060340992957082
1214,3,Dgv,95,xgboost_naive_transfer_with_dummy,0.02,1,7.063041992754955,5.351764278548345,6.575692723625673,5.060340992957082
1215,3,Dgv,95,xgboost,0.02,2,7.941156634275869,5.686802483722326,7.49945259955643,5.523402842021101
1216,3,Dgv,95,xgboost_naive_transfer,0.02,2,7.056217775650891,5.336695666983792,6.665066243242271,5.0994538756462235
1217,3,Dgv,95,xgboost_naive_transfer_with_dummy,0.02,2,6.956943173119449,5.160141838752658,6.630284796834327,4.943404983989915
1218,3,Dgv,95,xgboost,0.02,3,8.381061125023615,5.931495857353682,7.963547111110716,5.764439822572533
1219,3,Dgv,95,xgboost_naive_transfer,0.02,3,7.119353587296991,5.377323901954539,6.701716542736496,5.07565735079367
1220,3,Dgv,95,xgboost_naive_transfer_with_dummy,0.02,3,7.069025369556824,5.189726928711399,6.760263021354413,4.950322933623374
1221,3,Dgv,95,xgboost,0.02,4,8.248344339590751,5.828875519009736,7.875366930507717,5.723806395947077
1222,3,Dgv,95,xgboost_naive_transfer,0.02,4,7.321004273632417,5.4744590857931765,6.982432950263135,5.166562502108726
1223,3,Dgv,95,xgboost_naive_transfer_with_dummy,0.02,4,7.284212303193662,5.261446150225987,7.029330262179458,5.029508698495675
1224,3,Dgv,95,xgboost,0.05,1,7.722664242064928,5.438013006468404,7.328033480227691,5.5019108224855175
1225,3,Dgv,95,xgboost_naive_transfer,0.05,1,7.062131318161694,5.353980081206611,6.574188281379868,5.059063778812664
1226,3,Dgv,95,xgboost_naive_transfer_with_dummy,0.05,1,7.062131318161694,5.353980081206611,6.574188281379868,5.059063778812664
1227,3,Dgv,95,xgboost,0.05,2,7.971380345079588,5.691448783651002,7.537304273589332,5.543356298306072
1228,3,Dgv,95,xgboost_naive_transfer,0.05,2,7.056189220355777,5.3384591277454145,6.655567680293841,5.092676606684368
1229,3,Dgv,95,xgboost_naive_transfer_with_dummy,0.05,2,6.952697449865921,5.144444980616036,6.661901667473119,4.943344086521678
1230,3,Dgv,95,xgboost,0.05,3,8.366700686866519,5.910687068351064,7.940062364141828,5.755277936262481
1231,3,Dgv,95,xgboost_naive_transfer,0.05,3,7.142322892118516,5.396594147477359,6.7407152074547,5.099809500662599
1232,3,Dgv,95,xgboost_naive_transfer_with_dummy,0.05,3,7.072383372165795,5.177342586841105,6.730133554322974,4.930679891863604
1233,3,Dgv,95,xgboost,0.05,4,8.288607652697365,5.8549995525813845,7.909144387320717,5.752205176600642
1234,3,Dgv,95,xgboost_naive_transfer,0.05,4,7.313436665667306,5.486731977881242,6.993666882289371,5.181199426471009
1235,3,Dgv,95,xgboost_naive_transfer_with_dummy,0.05,4,7.291897437841039,5.28517877482757,7.049037389181273,5.054340098010344
1236,3,Dgv,95,xgboost,0.1,1,7.733755457004667,5.4483465451238,7.317746399704308,5.492929688100272
1237,3,Dgv,95,xgboost_naive_transfer,0.1,1,7.0642921663164735,5.349084565919204,6.5797375302539844,5.055841439671469
1238,3,Dgv,95,xgboost_naive_transfer_with_dummy,0.1,1,7.013350292503229,5.280196020575966,6.520523858120338,4.986698719445132
1239,3,Dgv,95,xgboost,0.1,2,7.958617861859749,5.6279645380622565,7.543516886706261,5.497109728742417
1240,3,Dgv,95,xgboost_naive_transfer,0.1,2,7.054250703356994,5.346331341021327,6.700242993533836,5.125505047622961
1241,3,Dgv,95,xgboost_naive_transfer_with_dummy,0.1,2,6.927163423934986,5.121013362127664,6.699707696785903,4.956699265522439
1242,3,Dgv,95,xgboost,0.1,3,8.496666715709944,6.004462660566747,8.078167789688841,5.840022233080606
1243,3,Dgv,95,xgboost_naive_transfer,0.1,3,7.116347597054233,5.391067269296122,6.751644579958327,5.130424754323877
1244,3,Dgv,95,xgboost_naive_transfer_with_dummy,0.1,3,7.084141434468355,5.164155286818457,6.6979364226290645,4.896149199178486
1245,3,Dgv,95,xgboost,0.1,4,8.326068810250918,5.8920856301970765,7.958136994796963,5.759537322341832
1246,3,Dgv,95,xgboost_naive_transfer,0.1,4,7.382633261874287,5.515029175907222,7.030101490285636,5.2078581855326105
1247,3,Dgv,95,xgboost_naive_transfer_with_dummy,0.1,4,7.301177475410629,5.240396626053027,7.116225628500914,5.071616527130193
1248,3,Dgv,95,xgboost,0.15,1,7.680165152226633,5.382874615507709,7.263335414283891,5.447830516131122
1249,3,Dgv,95,xgboost_naive_transfer,0.15,1,7.078509782636751,5.366613993814312,6.592213497541789,5.07849333461677
1250,3,Dgv,95,xgboost_naive_transfer_with_dummy,0.15,1,7.078509782636751,5.366613993814312,6.592213497541789,5.07849333461677
1251,3,Dgv,95,xgboost,0.15,2,8.083029153166308,5.742601736349492,7.730403121877939,5.68131132851879
1252,3,Dgv,95,xgboost_naive_transfer,0.15,2,7.090381486567406,5.373992893116833,6.794246096208125,5.1698288699172705
1253,3,Dgv,95,xgboost_naive_transfer_with_dummy,0.15,2,6.948086150154321,5.0980853250894285,6.68925338540533,4.900794457158784
1254,3,Dgv,95,xgboost,0.15,3,8.650843106284608,6.047787371219873,8.268080302706368,5.923288840648095
1255,3,Dgv,95,xgboost_naive_transfer,0.15,3,7.131133166566127,5.4160460487653515,6.8059538577076175,5.168741947126475
1256,3,Dgv,95,xgboost_naive_transfer_with_dummy,0.15,3,7.067129100627313,5.135833686012769,6.858111354888792,4.965047803280061
1257,3,Dgv,95,xgboost,0.15,4,8.316738159459712,5.866700493009132,7.878073731117703,5.668287405862728
1258,3,Dgv,95,xgboost_naive_transfer,0.15,4,7.432960236990957,5.550417683200469,7.208482745829906,5.286886622480991
1259,3,Dgv,95,xgboost_naive_transfer_with_dummy,0.15,4,7.282609367217673,5.220440899054102,6.998118175885572,5.018505793536407
1260,3,Dgv,190,xgboost,0.01,1,7.033143933874093,5.067481815543422,6.474094402870484,4.904338111986205
1261,3,Dgv,190,xgboost_naive_transfer,0.01,1,7.054118377554416,5.335348575444194,6.571667290104279,5.0770487300991975
1262,3,Dgv,190,xgboost_naive_transfer_with_dummy,0.01,1,7.054118377554416,5.335348575444194,6.571667290104279,5.0770487300991975
1263,3,Dgv,190,xgboost,0.01,2,7.1147547202193895,5.133495279871919,6.694323711167292,5.056422305846433
1264,3,Dgv,190,xgboost_naive_transfer,0.01,2,7.044332740145563,5.320488478217728,6.655658769809623,5.115825868369744
1265,3,Dgv,190,xgboost_naive_transfer_with_dummy,0.01,2,6.980522182944652,5.239929619802538,6.600307006842632,5.026910924281891
1266,3,Dgv,190,xgboost,0.01,3,7.312944767254925,5.210957952583542,6.938734732461514,5.100484212690443
1267,3,Dgv,190,xgboost_naive_transfer,0.01,3,7.1209858833301745,5.377374498945066,6.655407715469292,5.0595238315134585
1268,3,Dgv,190,xgboost_naive_transfer_with_dummy,0.01,3,6.995387955642553,5.184716245986347,6.58274069264827,4.892329692012601
1269,3,Dgv,190,xgboost,0.01,4,7.498367061427326,5.356382181411035,6.918175029268535,5.0401280421935795
1270,3,Dgv,190,xgboost_naive_transfer,0.01,4,7.2618041390782215,5.439416440940017,6.8872073398120675,5.127524120259868
1271,3,Dgv,190,xgboost_naive_transfer_with_dummy,0.01,4,7.179418783412448,5.267111240978308,6.809848656562944,4.937319974453528
1272,3,Dgv,190,xgboost,0.02,1,7.002701502834638,5.038045748494892,6.441210818361468,4.868041953224113
1273,3,Dgv,190,xgboost_naive_transfer,0.02,1,7.049740830539302,5.330509703847584,6.568483520617584,5.071258356046439
1274,3,Dgv,190,xgboost_naive_transfer_with_dummy,0.02,1,7.012485526521767,5.2797278720572764,6.528380966416926,5.0220436256018886
1275,3,Dgv,190,xgboost,0.02,2,7.118563506354029,5.110687790830675,6.7127132418700155,5.053809175819663
1276,3,Dgv,190,xgboost_naive_transfer,0.02,2,7.043026567692476,5.328026173427654,6.667472383872872,5.119372099913913
1277,3,Dgv,190,xgboost_naive_transfer_with_dummy,0.02,2,6.980109561872042,5.23728743014417,6.6027473702734225,5.021403976167202
1278,3,Dgv,190,xgboost,0.02,3,7.316469957177275,5.213102830485619,6.960899408285576,5.108020139647272
1279,3,Dgv,190,xgboost_naive_transfer,0.02,3,7.120392898191606,5.373452704156119,6.677547254730765,5.075806154831526
1280,3,Dgv,190,xgboost_naive_transfer_with_dummy,0.02,3,7.007359650030891,5.194554307925705,6.594884982454702,4.903314468692064
1281,3,Dgv,190,xgboost,0.02,4,7.519405352700357,5.3766350992619785,6.988032635563753,5.081909709427901
1282,3,Dgv,190,xgboost_naive_transfer,0.02,4,7.269262098387365,5.43743684805898,6.884872731063898,5.123307497521925
1283,3,Dgv,190,xgboost_naive_transfer_with_dummy,0.02,4,7.196810179244901,5.29321564072562,6.8018853860129935,4.955716273770784
1284,3,Dgv,190,xgboost,0.05,1,7.013541759884157,5.047364745540481,6.449454390910647,4.878769993773553
1285,3,Dgv,190,xgboost_naive_transfer,0.05,1,7.047275476354457,5.332661943714963,6.569726119511619,5.069403359009685
1286,3,Dgv,190,xgboost_naive_transfer_with_dummy,0.05,1,7.015006808958016,5.282970333111225,6.529677454111451,5.022442880852518
1287,3,Dgv,190,xgboost,0.05,2,7.139375720238333,5.093803700914435,6.748881778953814,5.051728758942315
1288,3,Dgv,190,xgboost_naive_transfer,0.05,2,7.048462831815428,5.331729268105036,6.647400585573382,5.105956699572341
1289,3,Dgv,190,xgboost_naive_transfer_with_dummy,0.05,2,6.867564129726086,5.060691469729052,6.50035535249636,4.846638277155506
1290,3,Dgv,190,xgboost,0.05,3,7.315689567894618,5.204820054053529,6.95226986041098,5.082750122623593
1291,3,Dgv,190,xgboost_naive_transfer,0.05,3,7.128050744243657,5.376258048328788,6.7777816469725725,5.1259857911750215
1292,3,Dgv,190,xgboost_naive_transfer_with_dummy,0.05,3,7.0072468313253315,5.193728285628721,6.661451900619738,4.9282419763872705
1293,3,Dgv,190,xgboost,0.05,4,7.54044518205213,5.389089801269376,7.044489481111932,5.136056768557945
1294,3,Dgv,190,xgboost_naive_transfer,0.05,4,7.265129438974956,5.430813231836001,6.922340259991858,5.139853431466424
1295,3,Dgv,190,xgboost_naive_transfer_with_dummy,0.05,4,7.192567818250789,5.2429591200363195,6.890418788341107,4.9472233485973724
1296,3,Dgv,190,xgboost,0.1,1,6.997624315960091,5.024279463761695,6.42903895271187,4.847683188761866
1297,3,Dgv,190,xgboost_naive_transfer,0.1,1,7.053665142711399,5.337892985212113,6.562760683976498,5.066505724203698
1298,3,Dgv,190,xgboost_naive_transfer_with_dummy,0.1,1,6.917567249781528,5.13743825356632,6.428279385951519,4.882460602382899
1299,3,Dgv,190,xgboost,0.1,2,7.107587714641006,5.056648653071149,6.7424190641054365,5.040918054977886
1300,3,Dgv,190,xgboost_naive_transfer,0.1,2,7.066170955341988,5.356793569992,6.731487212245475,5.15650750096726
1301,3,Dgv,190,xgboost_naive_transfer_with_dummy,0.1,2,6.908056636123027,5.098007563721283,6.579226604512284,4.918084843398055
1302,3,Dgv,190,xgboost,0.1,3,7.298522512510898,5.147277225297621,6.948208075647983,5.061763734527074
1303,3,Dgv,190,xgboost_naive_transfer,0.1,3,7.145720354111733,5.3886644825279735,6.8210981175352,5.159576747494426
1304,3,Dgv,190,xgboost_naive_transfer_with_dummy,0.1,3,7.008073247364455,5.1619739668186675,6.639161551317941,4.9113857110994275
1305,3,Dgv,190,xgboost,0.1,4,7.6472321703477535,5.48507556187088,7.162628922061806,5.137415901827534
1306,3,Dgv,190,xgboost_naive_transfer,0.1,4,7.296951173411253,5.446004536797813,7.071552624390193,5.227601975141233
1307,3,Dgv,190,xgboost_naive_transfer_with_dummy,0.1,4,7.176295348692124,5.227699081525071,6.9671012516451185,4.963539298039902
1308,3,Dgv,190,xgboost,0.15,1,6.9696188984786644,4.9994226753396305,6.3973225535172435,4.817996632173438
1309,3,Dgv,190,xgboost_naive_transfer,0.15,1,7.065822843730608,5.352787859404489,6.580436067464314,5.0855533900057415
1310,3,Dgv,190,xgboost_naive_transfer_with_dummy,0.15,1,6.95497054463186,5.196827594609487,6.455212280305602,4.926852839369854
1311,3,Dgv,190,xgboost,0.15,2,7.107832582043159,5.07913329351194,6.665395140207988,4.947339454989618
1312,3,Dgv,190,xgboost_naive_transfer,0.15,2,7.053880181294387,5.339515716580609,6.687676749913576,5.136599169331595
1313,3,Dgv,190,xgboost_naive_transfer_with_dummy,0.15,2,6.893535677245018,5.09731889635346,6.441541026323178,4.8434281736211355
1314,3,Dgv,190,xgboost,0.15,3,7.305892571477897,5.246816741456806,6.890481447600533,4.99740113737728
1315,3,Dgv,190,xgboost_naive_transfer,0.15,3,7.16632701522059,5.409756030528523,6.831186809117297,5.159937774597733
1316,3,Dgv,190,xgboost_naive_transfer_with_dummy,0.15,3,7.050630484683969,5.185779278813217,6.671871636179777,4.894781648544942
1317,3,Dgv,190,xgboost,0.15,4,7.583378178408963,5.433787385816617,7.093564341892784,5.111318572526122
1318,3,Dgv,190,xgboost_naive_transfer,0.15,4,7.320800971463282,5.465622270981617,7.037166482851637,5.203865963790665
1319,3,Dgv,190,xgboost_naive_transfer_with_dummy,0.15,4,7.183583672455049,5.2482521654327705,6.9287407217298425,4.973772123695725
1320,3,Dgv,285,xgboost,0.01,1,6.96660000496968,5.0193824888918686,6.457276578493223,4.929834498281066
1321,3,Dgv,285,xgboost_naive_transfer,0.01,1,7.005974418690173,5.30260676494506,6.518523965764558,5.019754062495227
1322,3,Dgv,285,xgboost_naive_transfer_with_dummy,0.01,1,6.955964856480407,5.233063314388787,6.464485047597331,4.953611196260197
1323,3,Dgv,285,xgboost,0.01,2,7.0391867743087815,5.089090598718522,6.553879916195106,4.970347351171411
1324,3,Dgv,285,xgboost_naive_transfer,0.01,2,7.013593812256401,5.325293331314957,6.639357238266488,5.087275301398348
1325,3,Dgv,285,xgboost_naive_transfer_with_dummy,0.01,2,6.964461967068543,5.259946929512652,6.590681281622471,5.025158567248515
1326,3,Dgv,285,xgboost,0.01,3,7.333729707173666,5.3175785359270495,7.1074913830051685,5.287096135837907
1327,3,Dgv,285,xgboost_naive_transfer,0.01,3,7.070507132273279,5.359063544395599,6.637464836922147,5.043284999477311
1328,3,Dgv,285,xgboost_naive_transfer_with_dummy,0.01,3,7.03055070786503,5.298231727859112,6.617030991607573,4.9889387845385675
1329,3,Dgv,285,xgboost,0.01,4,7.55532257193941,5.364768911439967,7.313925240874747,5.2812550551829975
1330,3,Dgv,285,xgboost_naive_transfer,0.01,4,7.117636093714121,5.4279909103680914,6.849951632969466,5.1351094447803245
1331,3,Dgv,285,xgboost_naive_transfer_with_dummy,0.01,4,7.025853680731912,5.259736963033356,6.751372947481002,4.965289926707466
1332,3,Dgv,285,xgboost,0.02,1,6.963242908065572,5.017669405881076,6.4532630207386035,4.926485767158721
1333,3,Dgv,285,xgboost_naive_transfer,0.02,1,7.0093083484294185,5.30434739000647,6.521348784717615,5.023199857955978
1334,3,Dgv,285,xgboost_naive_transfer_with_dummy,0.02,1,6.919571465465384,5.183949440015912,6.423948381205602,4.901106583903214
1335,3,Dgv,285,xgboost,0.02,2,7.0466163964139765,5.0968460855322775,6.547452239491738,4.964589296829595
1336,3,Dgv,285,xgboost_naive_transfer,0.02,2,7.0125712828120905,5.328760730298709,6.620217523396851,5.075067408703234
1337,3,Dgv,285,xgboost_naive_transfer_with_dummy,0.02,2,6.960630667099787,5.254606512325342,6.576611485190152,5.013065185366801
1338,3,Dgv,285,xgboost,0.02,3,7.312758602376364,5.302804518756165,7.059012333187842,5.254585051551938
1339,3,Dgv,285,xgboost_naive_transfer,0.02,3,7.076577072420193,5.359729928926052,6.632985229994376,5.0393681573300455
1340,3,Dgv,285,xgboost_naive_transfer_with_dummy,0.02,3,6.985084695337674,5.191971328454324,6.601091733851944,4.919391503839688
1341,3,Dgv,285,xgboost,0.02,4,7.540785290914055,5.3081940360833535,7.349439114683148,5.270319354788808
1342,3,Dgv,285,xgboost_naive_transfer,0.02,4,7.114396506663866,5.418428982280321,6.8534329050617755,5.13972786500918
1343,3,Dgv,285,xgboost_naive_transfer_with_dummy,0.02,4,7.020702510534136,5.231619073484285,6.780949007123332,4.961736996051142
1344,3,Dgv,285,xgboost,0.05,1,6.9660344655095106,5.015904409368134,6.449727782732419,4.92232706087697
1345,3,Dgv,285,xgboost_naive_transfer,0.05,1,6.998759309358094,5.293074851854771,6.513359071466826,5.00304479841776
1346,3,Dgv,285,xgboost_naive_transfer_with_dummy,0.05,1,6.903437081603842,5.159845905755409,6.409750395394591,4.881825659721034
1347,3,Dgv,285,xgboost,0.05,2,7.06933866618792,5.098631319602085,6.537350744978054,4.948525581162589
1348,3,Dgv,285,xgboost_naive_transfer,0.05,2,7.012046473613054,5.3234418080550885,6.629481145277171,5.081995103487254
1349,3,Dgv,285,xgboost_naive_transfer_with_dummy,0.05,2,6.880734035320979,5.137339170729476,6.449567833593036,4.872643267856156
1350,3,Dgv,285,xgboost,0.05,3,7.313972450389925,5.230660807670804,7.09479332866219,5.229334444182433
1351,3,Dgv,285,xgboost_naive_transfer,0.05,3,7.096837961996055,5.363116155311453,6.675165972923728,5.058376628425331
1352,3,Dgv,285,xgboost_naive_transfer_with_dummy,0.05,3,7.008376223885014,5.207240760154857,6.5900478121071115,4.920784906535473
1353,3,Dgv,285,xgboost,0.05,4,7.566268712916518,5.3239728344088695,7.269806741034192,5.222816687162078
1354,3,Dgv,285,xgboost_naive_transfer,0.05,4,7.160241933848975,5.421265698783603,6.933587310139471,5.167595586579007
1355,3,Dgv,285,xgboost_naive_transfer_with_dummy,0.05,4,7.042241529200666,5.256848348266331,6.773746675852821,4.9765773868395256
1356,3,Dgv,285,xgboost,0.1,1,6.955721304856797,4.993011808836075,6.427734405543493,4.896584041843671
1357,3,Dgv,285,xgboost_naive_transfer,0.1,1,7.003814517679558,5.294215735494741,6.510846299813692,5.004973217537079
1358,3,Dgv,285,xgboost_naive_transfer_with_dummy,0.1,1,6.893808098637797,5.14032005734289,6.392565341804083,4.861931983080886
1359,3,Dgv,285,xgboost,0.1,2,7.091427575243562,5.091060242668738,6.571292816515022,4.968636992146779
1360,3,Dgv,285,xgboost_naive_transfer,0.1,2,7.028039097178022,5.336541466308948,6.653562563644242,5.083174342671798
1361,3,Dgv,285,xgboost_naive_transfer_with_dummy,0.1,2,6.8654025355318335,5.065265318373367,6.410039787514881,4.7899596968073235
1362,3,Dgv,285,xgboost,0.1,3,7.4261363372232845,5.260587810465005,7.1981926834765675,5.289727729358596
1363,3,Dgv,285,xgboost_naive_transfer,0.1,3,7.087134306821978,5.35140531320959,6.748059019826017,5.071092133745798
1364,3,Dgv,285,xgboost_naive_transfer_with_dummy,0.1,3,7.038517141798701,5.194580484477682,6.703448922947454,4.910300145173648
1365,3,Dgv,285,xgboost,0.1,4,7.541005905483638,5.293992398304297,7.343265514131112,5.258127327889677
1366,3,Dgv,285,xgboost_naive_transfer,0.1,4,7.171217433630487,5.420900297520709,6.980802210004771,5.19054500027921
1367,3,Dgv,285,xgboost_naive_transfer_with_dummy,0.1,4,7.049574898968582,5.193982652743226,6.929142085607575,5.007185983984941
1368,3,Dgv,285,xgboost,0.15,1,6.963755856020971,4.997877395142568,6.440888617379317,4.9020430044341685
1369,3,Dgv,285,xgboost_naive_transfer,0.15,1,6.999443980378741,5.288226594099032,6.516869722369153,5.002886325162817
1370,3,Dgv,285,xgboost_naive_transfer_with_dummy,0.15,1,6.920406630416307,5.17814879613145,6.4339729695093135,4.904345342271241
1371,3,Dgv,285,xgboost,0.15,2,7.086261429222154,5.06634336627907,6.472715334443186,4.888483719030909
1372,3,Dgv,285,xgboost_naive_transfer,0.15,2,7.041341424003111,5.330263537102841,6.880921874500028,5.188968670906664
1373,3,Dgv,285,xgboost_naive_transfer_with_dummy,0.15,2,6.851863438946081,5.042350016349881,6.511901066426451,4.821685689172761
1374,3,Dgv,285,xgboost,0.15,3,7.482793010896769,5.221046200910396,7.184665446956198,5.269282944164147
1375,3,Dgv,285,xgboost_naive_transfer,0.15,3,7.110396932431098,5.354972554709639,6.796130278550498,5.119814777979133
1376,3,Dgv,285,xgboost_naive_transfer_with_dummy,0.15,3,7.0418490388329555,5.184886814479011,6.682423275037688,4.909687717518092
1377,3,Dgv,285,xgboost,0.15,4,7.641438592209989,5.351320422007256,7.466817140158782,5.329183126301442
1378,3,Dgv,285,xgboost_naive_transfer,0.15,4,7.3191476962994315,5.4790579088893665,7.146802573671638,5.286205876384315
1379,3,Dgv,285,xgboost_naive_transfer_with_dummy,0.15,4,7.1430353506947055,5.288661940588622,6.871154486313899,4.967308321160917
1380,3,Dgv,380,xgboost,0.01,1,6.901744746019636,4.9433396242881935,6.298364425499457,4.760678152390455
1381,3,Dgv,380,xgboost_naive_transfer,0.01,1,7.028254558299336,5.300329312061628,6.572062068323269,5.052054941749765
1382,3,Dgv,380,xgboost_naive_transfer_with_dummy,0.01,1,6.958055734835717,5.2031346945729915,6.4904962672508395,4.958428384370842
1383,3,Dgv,380,xgboost,0.01,2,7.025318436720207,5.005914548483481,6.274448572549714,4.73953789814867
1384,3,Dgv,380,xgboost_naive_transfer,0.01,2,7.210029502363703,5.438314568593025,6.696575007060676,5.133007540118269
1385,3,Dgv,380,xgboost_naive_transfer_with_dummy,0.01,2,7.210029502363703,5.438314568593025,6.696575007060676,5.133007540118269
1386,3,Dgv,380,xgboost,0.01,3,7.447389166503781,5.250554613857534,6.771286501054887,5.004085100249457
1387,3,Dgv,380,xgboost_naive_transfer,0.01,3,7.320407498035139,5.474949454882858,6.641650622937438,5.055070328842571
1388,3,Dgv,380,xgboost_naive_transfer_with_dummy,0.01,3,7.298559519768607,5.452541061816046,6.6182910440573774,5.036287589629073
1389,3,Dgv,380,xgboost,0.01,4,7.482087497253607,5.290699012775296,7.072558139259487,5.1293958852188775
1390,3,Dgv,380,xgboost_naive_transfer,0.01,4,7.392655925532033,5.524873354355052,6.812610013026454,5.1328813704484055
1391,3,Dgv,380,xgboost_naive_transfer_with_dummy,0.01,4,7.319090308516027,5.369086238519555,6.714120343751166,4.991759813549058
1392,3,Dgv,380,xgboost,0.02,1,6.894750704614395,4.927107500060611,6.272855664615668,4.732250342763668
1393,3,Dgv,380,xgboost_naive_transfer,0.02,1,7.028214524427709,5.2991917512674,6.569814615088551,5.049861003710707
1394,3,Dgv,380,xgboost_naive_transfer_with_dummy,0.02,1,6.915743777606308,5.146280711243809,6.439303506448083,4.898785102175431
1395,3,Dgv,380,xgboost,0.02,2,7.0097732391297,4.994754399662101,6.26130389049729,4.729183082902184
1396,3,Dgv,380,xgboost_naive_transfer,0.02,2,7.213679824757132,5.433807341147122,6.69619346854762,5.127834354870146
1397,3,Dgv,380,xgboost_naive_transfer_with_dummy,0.02,2,7.213679824757132,5.433807341147122,6.69619346854762,5.127834354870146
1398,3,Dgv,380,xgboost,0.02,3,7.442700227692479,5.24543378025691,6.7656313986731815,5.00032126130477
1399,3,Dgv,380,xgboost_naive_transfer,0.02,3,7.342026138547409,5.4706644255619885,6.646004946961825,5.049064033693736
1400,3,Dgv,380,xgboost_naive_transfer_with_dummy,0.02,3,7.322706703879448,5.452864498249338,6.63466170701755,5.039599508026581
1401,3,Dgv,380,xgboost,0.02,4,7.463419914031702,5.27518122643231,7.04134710608381,5.105762080382465
1402,3,Dgv,380,xgboost_naive_transfer,0.02,4,7.394777041542456,5.510061208749892,6.807946412252751,5.120270561855129
1403,3,Dgv,380,xgboost_naive_transfer_with_dummy,0.02,4,7.31835550940037,5.363929508670793,6.717781161852751,4.987793402239392
1404,3,Dgv,380,xgboost,0.05,1,6.892927654629046,4.922638409910063,6.257992409503131,4.715860250092194
1405,3,Dgv,380,xgboost_naive_transfer,0.05,1,7.009738325764463,5.283421634733544,6.542679245684579,5.02522386809253
1406,3,Dgv,380,xgboost_naive_transfer_with_dummy,0.05,1,6.8995600320570585,5.1221526144786855,6.418957480708213,4.872360502477715
1407,3,Dgv,380,xgboost,0.05,2,7.0375508258846295,5.000249376070939,6.273845029028287,4.737867426698347
1408,3,Dgv,380,xgboost_naive_transfer,0.05,2,7.200443196671151,5.4048170738341135,6.667470771103286,5.096514760885582
1409,3,Dgv,380,xgboost_naive_transfer_with_dummy,0.05,2,7.200443196671151,5.4048170738341135,6.667470771103286,5.096514760885582
1410,3,Dgv,380,xgboost,0.05,3,7.44438079326567,5.218594514166454,6.755924680205374,4.974429029888599
1411,3,Dgv,380,xgboost_naive_transfer,0.05,3,7.408791284367625,5.48057267548231,6.691248626126761,5.079379398053047
1412,3,Dgv,380,xgboost_naive_transfer_with_dummy,0.05,3,7.375173498429452,5.459791889968833,6.653199847211827,5.046522763623802
1413,3,Dgv,380,xgboost,0.05,4,7.493747812117486,5.227346950989241,6.950814867259673,5.003181673181833
1414,3,Dgv,380,xgboost_naive_transfer,0.05,4,7.468230008485243,5.503998264450599,6.860236374648474,5.129730438592204
1415,3,Dgv,380,xgboost_naive_transfer_with_dummy,0.05,4,7.378533051079944,5.333995829484189,6.764501849613341,4.980847240591826
1416,3,Dgv,380,xgboost,0.1,1,6.892953093609057,4.923765027292448,6.278394026082352,4.73591413460143
1417,3,Dgv,380,xgboost_naive_transfer,0.1,1,7.014801558285956,5.2888760617164,6.541026647112776,5.02601799022641
1418,3,Dgv,380,xgboost_naive_transfer_with_dummy,0.1,1,6.799775615658853,4.982229384659855,6.3000776759316715,4.711534566292472
1419,3,Dgv,380,xgboost,0.1,2,7.042425211991056,4.999135933538783,6.260128644306537,4.720088255831138
1420,3,Dgv,380,xgboost_naive_transfer,0.1,2,7.224439200250533,5.412235534720952,6.631159463354147,5.07673432670675
1421,3,Dgv,380,xgboost_naive_transfer_with_dummy,0.1,2,7.1755420551304425,5.337761954604844,6.578699878196883,5.010806814108396
1422,3,Dgv,380,xgboost,0.1,3,7.468311854486807,5.198427958842892,6.613739199706261,4.905309577056878
1423,3,Dgv,380,xgboost_naive_transfer,0.1,3,7.562972954977321,5.518460963707077,6.771487364048605,5.113978033779002
1424,3,Dgv,380,xgboost_naive_transfer_with_dummy,0.1,3,7.523449277071268,5.456830496231912,6.772638675612097,5.092733378957599
1425,3,Dgv,380,xgboost,0.1,4,7.493752551137955,5.18736196664163,6.994636398267331,4.994371720338847
1426,3,Dgv,380,xgboost_naive_transfer,0.1,4,7.491412286843785,5.503808954618531,6.884668549943097,5.1416420922799135
1427,3,Dgv,380,xgboost_naive_transfer_with_dummy,0.1,4,7.440407211650766,5.305368606263686,6.798831759063903,4.981701920917964
1428,3,Dgv,380,xgboost,0.15,1,6.920184176475537,4.92638693323848,6.241172606844641,4.690979476192246
1429,3,Dgv,380,xgboost_naive_transfer,0.15,1,7.023052655190092,5.294103775338991,6.556188674235441,5.034846121486093
1430,3,Dgv,380,xgboost_naive_transfer_with_dummy,0.15,1,6.798516880587491,4.979928095073359,6.290646223076986,4.699934591221633
1431,3,Dgv,380,xgboost,0.15,2,7.174679679577263,5.063427699637338,6.292785067483567,4.709264711185902
1432,3,Dgv,380,xgboost_naive_transfer,0.15,2,7.290130349359493,5.431366454882112,6.688386898443526,5.101313621647363
1433,3,Dgv,380,xgboost_naive_transfer_with_dummy,0.15,2,7.231834791116236,5.34537615861372,6.631582830363458,5.02717373215314
1434,3,Dgv,380,xgboost,0.15,3,7.462050321537791,5.18078602600453,6.853709578436144,5.010281728523407
1435,3,Dgv,380,xgboost_naive_transfer,0.15,3,7.7112092304069755,5.5190206530415375,6.94546736913395,5.215156245102488
1436,3,Dgv,380,xgboost_naive_transfer_with_dummy,0.15,3,7.574550412883191,5.360378745031272,6.774787276020228,5.031180773416954
1437,3,Dgv,380,xgboost,0.15,4,7.554763425639964,5.243097635254238,6.970109252149686,5.033293095523213
1438,3,Dgv,380,xgboost_naive_transfer,0.15,4,7.665007083335308,5.546924393875588,6.961720337442508,5.176118284286736
1439,3,Dgv,380,xgboost_naive_transfer_with_dummy,0.15,4,7.388024319137382,5.2703977967041284,6.657785491232198,4.867788696729939
1440,3,Dgv,475,xgboost,0.01,1,6.813836048624572,4.8369001180940465,6.1352100218733145,4.572847081663464
1441,3,Dgv,475,xgboost_naive_transfer,0.01,1,6.982070942405868,5.231077219204057,6.464657533149173,4.968666862603608
1442,3,Dgv,475,xgboost_naive_transfer_with_dummy,0.01,1,6.867123784494524,5.057861479499353,6.34396911504171,4.806652678849833
1443,3,Dgv,475,xgboost,0.01,2,7.169219794317778,5.060381078067315,6.311512363151255,4.740459751584208
1444,3,Dgv,475,xgboost_naive_transfer,0.01,2,7.192716983228669,5.390306541160927,6.6464678027101565,5.088061820099807
1445,3,Dgv,475,xgboost_naive_transfer_with_dummy,0.01,2,7.192716983228669,5.390306541160927,6.6464678027101565,5.088061820099807
1446,3,Dgv,475,xgboost,0.01,3,7.447861345962172,5.216663866920821,6.661296662765479,4.905592327827305
1447,3,Dgv,475,xgboost_naive_transfer,0.01,3,7.302036726323336,5.426282434178941,6.592370236374599,5.016894005955221
1448,3,Dgv,475,xgboost_naive_transfer_with_dummy,0.01,3,7.275378675285412,5.3753214804687035,6.54588247612999,4.968695594207184
1449,3,Dgv,475,xgboost,0.01,4,7.463769102008839,5.161840476946563,6.830496106424219,4.839896410958516
1450,3,Dgv,475,xgboost_naive_transfer,0.01,4,7.379029837826033,5.454548107272801,6.7640731286990485,5.067938399163378
1451,3,Dgv,475,xgboost_naive_transfer_with_dummy,0.01,4,7.300927156139469,5.280556598685201,6.656385426643533,4.914792484149644
1452,3,Dgv,475,xgboost,0.02,1,6.814122278316308,4.836776924402427,6.136879076183282,4.574199688057668
1453,3,Dgv,475,xgboost_naive_transfer,0.02,1,6.9786691498606,5.227118078426469,6.455007829090986,4.958321673157711
1454,3,Dgv,475,xgboost_naive_transfer_with_dummy,0.02,1,6.822684565990289,4.992741314743373,6.281602661175117,4.733720748445361
1455,3,Dgv,475,xgboost,0.02,2,7.084868046674597,4.975487845903354,6.222841861673959,4.6484902857638515
1456,3,Dgv,475,xgboost_naive_transfer,0.02,2,7.190641315137584,5.380155560781508,6.6436095526330545,5.078739236117146
1457,3,Dgv,475,xgboost_naive_transfer_with_dummy,0.02,2,7.190641315137584,5.380155560781508,6.6436095526330545,5.078739236117146
1458,3,Dgv,475,xgboost,0.02,3,7.4546722692866245,5.2025601399541435,6.655626777422333,4.8836823116661074
1459,3,Dgv,475,xgboost_naive_transfer,0.02,3,7.322594909085997,5.422288342877516,6.593365056867418,5.013130191028428
1460,3,Dgv,475,xgboost_naive_transfer_with_dummy,0.02,3,7.281025926451298,5.364863154336147,6.535952889292889,4.958383047558862
1461,3,Dgv,475,xgboost,0.02,4,7.470913174785173,5.1561264701513805,6.829559279449106,4.827637382430088
1462,3,Dgv,475,xgboost_naive_transfer,0.02,4,7.386751165694215,5.455306018540512,6.766867809758324,5.062411912921008
1463,3,Dgv,475,xgboost_naive_transfer_with_dummy,0.02,4,7.300075903562698,5.255949663154126,6.6405865998137,4.897558580924111
1464,3,Dgv,475,xgboost,0.05,1,6.818158925490987,4.841729278305006,6.1397137362269145,4.5796357943478005
1465,3,Dgv,475,xgboost_naive_transfer,0.05,1,6.9843578636338775,5.231939008003945,6.45607924106194,4.960292366846355
1466,3,Dgv,475,xgboost_naive_transfer_with_dummy,0.05,1,6.723758262244546,4.844233586530886,6.149648056028035,4.559714408969901
1467,3,Dgv,475,xgboost,0.05,2,7.003823584109742,4.894303207057561,6.131899986033211,4.565234726155106
1468,3,Dgv,475,xgboost_naive_transfer,0.05,2,7.206054193990199,5.3668810964477425,6.633221176355427,5.048011788519319
1469,3,Dgv,475,xgboost_naive_transfer_with_dummy,0.05,2,7.206054193990199,5.3668810964477425,6.633221176355427,5.048011788519319
1470,3,Dgv,475,xgboost,0.05,3,7.421994069782798,5.052430632531082,6.5965372366810335,4.7385507376796046
1471,3,Dgv,475,xgboost_naive_transfer,0.05,3,7.36231038657183,5.411541369241999,6.600104643104148,5.010288732974049
1472,3,Dgv,475,xgboost_naive_transfer_with_dummy,0.05,3,7.343863644031074,5.334616919975744,6.551448079389153,4.936606828058023
1473,3,Dgv,475,xgboost,0.05,4,7.480599116394668,5.165876534502213,6.807149958851921,4.824352622551187
1474,3,Dgv,475,xgboost_naive_transfer,0.05,4,7.408159541274008,5.436165428173947,6.767022755000514,5.055320922570572
1475,3,Dgv,475,xgboost_naive_transfer_with_dummy,0.05,4,7.363039313922872,5.251089016945614,6.642301884054209,4.866678486998734
1476,3,Dgv,475,xgboost,0.1,1,6.81676442593168,4.834092391040501,6.119249410034682,4.560989997661623
1477,3,Dgv,475,xgboost_naive_transfer,0.1,1,6.978538518182848,5.225869588979471,6.43743285340342,4.9412814747309906
1478,3,Dgv,475,xgboost_naive_transfer_with_dummy,0.1,1,6.736766521025355,4.871676405166053,6.1707271440335365,4.592964677791673
1479,3,Dgv,475,xgboost,0.1,2,7.048202934442041,4.910152258898966,6.168488479697363,4.58806748378755
1480,3,Dgv,475,xgboost_naive_transfer,0.1,2,7.205035709026311,5.354403453411335,6.607215238866884,5.032641527037568
1481,3,Dgv,475,xgboost_naive_transfer_with_dummy,0.1,2,7.205035709026311,5.354403453411335,6.607215238866884,5.032641527037568
1482,3,Dgv,475,xgboost,0.1,3,7.485272299097254,5.125322090468698,6.603799480011375,4.77021252581433
1483,3,Dgv,475,xgboost_naive_transfer,0.1,3,7.500621528080296,5.430617762423702,6.672628371973835,5.035751222989556
1484,3,Dgv,475,xgboost_naive_transfer_with_dummy,0.1,3,7.380087441042105,5.3004529745642905,6.576391907799984,4.930910329513927
1485,3,Dgv,475,xgboost,0.1,4,7.606384252496106,5.166214956742912,6.8369012180749245,4.804174450897092
1486,3,Dgv,475,xgboost_naive_transfer,0.1,4,7.5671402122444595,5.466900084909375,6.8340989673787105,5.065857771666448
1487,3,Dgv,475,xgboost_naive_transfer_with_dummy,0.1,4,7.436570851661246,5.216491271809326,6.687880182401613,4.836073961511271
1488,3,Dgv,475,xgboost,0.15,1,6.810821472236993,4.820873193246419,6.091196565285837,4.524316325572809
1489,3,Dgv,475,xgboost_naive_transfer,0.15,1,6.974065847932181,5.217289073602067,6.44132282354944,4.928155694915763
1490,3,Dgv,475,xgboost_naive_transfer_with_dummy,0.15,1,6.722134925702318,4.841528867844995,6.151974231609626,4.561988102320502
1491,3,Dgv,475,xgboost,0.15,2,7.035094925714081,4.9165882950463695,6.123132726332998,4.5503467781945925
1492,3,Dgv,475,xgboost_naive_transfer,0.15,2,7.2643568447211155,5.3791894991702875,6.586190816073004,5.038827456637368
1493,3,Dgv,475,xgboost_naive_transfer_with_dummy,0.15,2,7.1978825523778385,5.279367296905787,6.517743809828085,4.948672286192786
1494,3,Dgv,475,xgboost,0.15,3,7.456651351536442,5.099990395659629,6.406901677990585,4.692623233990441
1495,3,Dgv,475,xgboost_naive_transfer,0.15,3,7.550537293502519,5.4649437073258955,6.71607074894774,5.061020812321547
1496,3,Dgv,475,xgboost_naive_transfer_with_dummy,0.15,3,7.276832341165605,5.221229061025325,6.518351855235759,4.837394233269054
1497,3,Dgv,475,xgboost,0.15,4,7.473877735063339,5.073363028413066,6.806052170828393,4.741293275589418
1498,3,Dgv,475,xgboost_naive_transfer,0.15,4,7.571796239039201,5.4612884001721005,6.803315777168785,5.055945701423903
1499,3,Dgv,475,xgboost_naive_transfer_with_dummy,0.15,4,7.44422918924867,5.183124344406382,6.751974116043198,4.836472663265699
1500,3,Dgv,570,xgboost,0.01,1,6.69126782886806,4.7278670779670575,6.076538369964456,4.5345327722372915
1501,3,Dgv,570,xgboost_naive_transfer,0.01,1,6.944865152374763,5.196259157156805,6.428968821144934,4.912766157527081
1502,3,Dgv,570,xgboost_naive_transfer_with_dummy,0.01,1,6.79684898237213,4.9624680977790545,6.275464100918886,4.703151126455632
1503,3,Dgv,570,xgboost,0.01,2,6.939152816823699,4.829291520024064,6.067164657529826,4.5355599796875214
1504,3,Dgv,570,xgboost_naive_transfer,0.01,2,7.166321294981891,5.357490139400338,6.624951645056958,5.0519436537144555
1505,3,Dgv,570,xgboost_naive_transfer_with_dummy,0.01,2,7.166321294981891,5.357490139400338,6.624951645056958,5.0519436537144555
1506,3,Dgv,570,xgboost,0.01,3,7.374514115026627,5.099792236284055,6.527433468972814,4.792243664401676
1507,3,Dgv,570,xgboost_naive_transfer,0.01,3,7.259915754967798,5.3911239043124635,6.536615076799527,4.963701324466103
1508,3,Dgv,570,xgboost_naive_transfer_with_dummy,0.01,3,7.215310724065836,5.3122436951729854,6.465640451768034,4.8874472881589135
1509,3,Dgv,570,xgboost,0.01,4,7.396304512107471,5.107983894614363,6.503777110990854,4.750170240639303
1510,3,Dgv,570,xgboost_naive_transfer,0.01,4,7.364030003243505,5.439984480582908,6.638017362057544,4.9781665338012875
1511,3,Dgv,570,xgboost_naive_transfer_with_dummy,0.01,4,7.242017791323743,5.19142439381509,6.480633927961449,4.802855146637333
1512,3,Dgv,570,xgboost,0.02,1,6.685480841029903,4.722938475272029,6.064101854180186,4.526815974960744
1513,3,Dgv,570,xgboost_naive_transfer,0.02,1,6.922293947670035,5.175021625416735,6.39304028803523,4.873372275289181
1514,3,Dgv,570,xgboost_naive_transfer_with_dummy,0.02,1,6.690645678881872,4.814552173618729,6.130239541974892,4.529860353129629
1515,3,Dgv,570,xgboost,0.02,2,6.9469677144072906,4.829699228198419,6.0816694275310414,4.542671420180065
1516,3,Dgv,570,xgboost_naive_transfer,0.02,2,7.1586817898169866,5.348014443757953,6.616490617713688,5.0431546916012255
1517,3,Dgv,570,xgboost_naive_transfer_with_dummy,0.02,2,7.1586817898169866,5.348014443757953,6.616490617713688,5.0431546916012255
1518,3,Dgv,570,xgboost,0.02,3,7.386332924525822,5.081632255809008,6.520381788865096,4.76921623993008
1519,3,Dgv,570,xgboost_naive_transfer,0.02,3,7.284469352270175,5.385949420262217,6.5268852555232995,4.9548476049048755
1520,3,Dgv,570,xgboost_naive_transfer_with_dummy,0.02,3,7.221689325316678,5.297614065973146,6.4544414379109,4.8766529526146964
1521,3,Dgv,570,xgboost,0.02,4,7.3965971202108625,5.095329435723468,6.4635186693676,4.6947914939894835
1522,3,Dgv,570,xgboost_naive_transfer,0.02,4,7.360919747990249,5.426251497223734,6.608258299129486,4.955387605865982
1523,3,Dgv,570,xgboost_naive_transfer_with_dummy,0.02,4,7.24766765364999,5.195575488692117,6.478353019965642,4.801763868159614
1524,3,Dgv,570,xgboost,0.05,1,6.688634685736898,4.724724967844268,6.0575030056078845,4.522780439115157
1525,3,Dgv,570,xgboost_naive_transfer,0.05,1,6.906704534960819,5.158137862235213,6.375540870304646,4.849130603476019
1526,3,Dgv,570,xgboost_naive_transfer_with_dummy,0.05,1,6.706801830845042,4.840107403216364,6.154149062867902,4.561342347377926
1527,3,Dgv,570,xgboost,0.05,2,6.910579139812512,4.810813261036042,6.054219843695929,4.522722821488224
1528,3,Dgv,570,xgboost_naive_transfer,0.05,2,7.135608842638912,5.31658615472191,6.593198112556279,5.015307320953844
1529,3,Dgv,570,xgboost_naive_transfer_with_dummy,0.05,2,7.135608842638912,5.31658615472191,6.593198112556279,5.015307320953844
1530,3,Dgv,570,xgboost,0.05,3,7.378138232890738,5.051911969091439,6.464389929824505,4.718324692814062
1531,3,Dgv,570,xgboost_naive_transfer,0.05,3,7.297959834798391,5.360302258677914,6.529344494351438,4.95214747122419
1532,3,Dgv,570,xgboost_naive_transfer_with_dummy,0.05,3,7.239633859286149,5.260063800850591,6.442847374047369,4.847614556908648
1533,3,Dgv,570,xgboost,0.05,4,7.421320104736654,5.062225378437529,6.4553396770621045,4.68504439359546
1534,3,Dgv,570,xgboost_naive_transfer,0.05,4,7.4021761303501865,5.4169877690745025,6.61321216825949,4.958118153177256
1535,3,Dgv,570,xgboost_naive_transfer_with_dummy,0.05,4,7.2863133355455885,5.167313151639583,6.496867061925464,4.777636826371983
1536,3,Dgv,570,xgboost,0.1,1,6.683708917436368,4.721235107185624,6.048627674337232,4.514002604889431
1537,3,Dgv,570,xgboost_naive_transfer,0.1,1,6.90996837382391,5.157496577673517,6.364540895230255,4.832345846852726
1538,3,Dgv,570,xgboost_naive_transfer_with_dummy,0.1,1,6.656368161277042,4.7615330223372805,6.0874456903545235,4.476855071664305
1539,3,Dgv,570,xgboost,0.1,2,6.912678260510829,4.778802699524744,6.0932803856776205,4.524071377255114
1540,3,Dgv,570,xgboost_naive_transfer,0.1,2,7.11663635373172,5.290490838854888,6.552857357167066,4.977428602662847
1541,3,Dgv,570,xgboost_naive_transfer_with_dummy,0.1,2,7.11663635373172,5.290490838854888,6.552857357167066,4.977428602662847
1542,3,Dgv,570,xgboost,0.1,3,7.3215889483944085,4.969303567969906,6.4117706154034515,4.645667703758951
1543,3,Dgv,570,xgboost_naive_transfer,0.1,3,7.423806337571464,5.376562463746389,6.605716725306547,4.986546026742239
1544,3,Dgv,570,xgboost_naive_transfer_with_dummy,0.1,3,7.308124977167655,5.117853716923893,6.319285731272498,4.688864058354333
1545,3,Dgv,570,xgboost,0.1,4,7.4324853030209574,5.057928790608946,6.506609464449927,4.694453748583066
1546,3,Dgv,570,xgboost_naive_transfer,0.1,4,7.460442175385904,5.4148008880807,6.6829037095411215,4.959853777014318
1547,3,Dgv,570,xgboost_naive_transfer_with_dummy,0.1,4,7.357020856125091,5.153791228634189,6.502506280575703,4.761439736470196
1548,3,Dgv,570,xgboost,0.15,1,6.697440708031122,4.7281882487418105,6.029618681846297,4.508756767025092
1549,3,Dgv,570,xgboost_naive_transfer,0.15,1,6.947684298454157,5.200695423401824,6.406852476828981,4.8958936236685355
1550,3,Dgv,570,xgboost_naive_transfer_with_dummy,0.15,1,6.66224716253612,4.764898972930896,6.0893074382102155,4.486829983361944
1551,3,Dgv,570,xgboost,0.15,2,6.9577019407992,4.846393136919131,6.0980229358117555,4.562487337306287
1552,3,Dgv,570,xgboost_naive_transfer,0.15,2,7.055729187442381,5.27679742541078,6.4504157282145185,4.881718195811577
1553,3,Dgv,570,xgboost_naive_transfer_with_dummy,0.15,2,6.866902101225145,4.876510733824871,6.119101845534618,4.510651475107769
1554,3,Dgv,570,xgboost,0.15,3,7.410259843333012,5.045252250103042,6.496598701481227,4.689927830687909
1555,3,Dgv,570,xgboost_naive_transfer,0.15,3,7.451751429493977,5.36719967779678,6.539304556117364,4.949793608962328
1556,3,Dgv,570,xgboost_naive_transfer_with_dummy,0.15,3,7.312107101856135,5.049456288939815,6.1541878142702755,4.551363826707561
1557,3,Dgv,570,xgboost,0.15,4,7.373091145410406,5.065599617144944,6.49937777513696,4.707103071988226
1558,3,Dgv,570,xgboost_naive_transfer,0.15,4,7.3904700420287535,5.360785783538242,6.62879723713183,4.935096609112095
1559,3,Dgv,570,xgboost_naive_transfer_with_dummy,0.15,4,7.446851124393043,5.135512281022332,6.4918339409730725,4.720272423971299
1560,3,Dgv,665,xgboost,0.01,1,6.827128196858658,4.79804140844498,6.120292484580758,4.552380020465554
1561,3,Dgv,665,xgboost_naive_transfer,0.01,1,6.979825060021732,5.200056209089022,6.447638811631708,4.916537168618854
1562,3,Dgv,665,xgboost_naive_transfer_with_dummy,0.01,1,6.813122182351962,4.923904827098154,6.250454318410728,4.6645808086165355
1563,3,Dgv,665,xgboost,0.01,2,6.876476732688737,4.807795984902324,6.174933074665263,4.607955225402404
1564,3,Dgv,665,xgboost_naive_transfer,0.01,2,6.944164739223289,5.169973066118209,6.429836562927573,4.895884351679068
1565,3,Dgv,665,xgboost_naive_transfer_with_dummy,0.01,2,6.830067258089588,4.9759341200758715,6.309303946469882,4.738182478882526
1566,3,Dgv,665,xgboost,0.01,3,6.977238679162693,4.857459680833902,6.273053565632304,4.607099420000919
1567,3,Dgv,665,xgboost_naive_transfer,0.01,3,7.01916883453978,5.223061899272538,6.491716869938047,4.908679046427021
1568,3,Dgv,665,xgboost_naive_transfer_with_dummy,0.01,3,6.826918554227081,4.933078605934814,6.162395860491574,4.56384455725257
1569,3,Dgv,665,xgboost,0.01,4,6.99243844588249,4.861326083758885,6.213091913975316,4.522149814592008
1570,3,Dgv,665,xgboost_naive_transfer,0.01,4,7.087388056137668,5.268038441024047,6.517771176101448,4.874240729839759
1571,3,Dgv,665,xgboost_naive_transfer_with_dummy,0.01,4,6.931972136229565,4.988024118967866,6.357055275071297,4.657295065428766
1572,3,Dgv,665,xgboost,0.02,1,6.825532617426237,4.794420692550783,6.106271102649621,4.540325471190872
1573,3,Dgv,665,xgboost_naive_transfer,0.02,1,6.982580927943387,5.2019437118436365,6.454086099716971,4.92134960596465
1574,3,Dgv,665,xgboost_naive_transfer_with_dummy,0.02,1,6.752635282255151,4.833852639436966,6.134982994948683,4.5400075755884854
1575,3,Dgv,665,xgboost,0.02,2,6.8828753462202865,4.808120719506138,6.176818816293806,4.609455301897123
1576,3,Dgv,665,xgboost_naive_transfer,0.02,2,6.944674725921191,5.166338793694205,6.41846984400404,4.886026918460362
1577,3,Dgv,665,xgboost_naive_transfer_with_dummy,0.02,2,6.82957539673141,4.973920366179901,6.303900761637587,4.733350353670509
1578,3,Dgv,665,xgboost,0.02,3,6.950699299617074,4.840375753290292,6.258169496794002,4.592632795419506
1579,3,Dgv,665,xgboost_naive_transfer,0.02,3,7.039809837328135,5.221828588509123,6.484473692650621,4.895823792073396
1580,3,Dgv,665,xgboost_naive_transfer_with_dummy,0.02,3,6.825501493942451,4.9225795277815445,6.15896420728527,4.55433691390077
1581,3,Dgv,665,xgboost,0.02,4,7.002754538096494,4.851361269242631,6.235830568618661,4.519017416992696
1582,3,Dgv,665,xgboost_naive_transfer,0.02,4,7.106162995903224,5.27478004883947,6.530469959306077,4.876754537547752
1583,3,Dgv,665,xgboost_naive_transfer_with_dummy,0.02,4,6.940554361383883,4.975711503381251,6.345309911347478,4.638770059253355
1584,3,Dgv,665,xgboost,0.05,1,6.821745165861034,4.787087983834597,6.089428954331487,4.5219610488535995
1585,3,Dgv,665,xgboost_naive_transfer,0.05,1,6.984697033799705,5.204851572750137,6.454319231595562,4.920674192732549
1586,3,Dgv,665,xgboost_naive_transfer_with_dummy,0.05,1,6.7422389030064025,4.816314624166563,6.1157050139435585,4.516832610110486
1587,3,Dgv,665,xgboost,0.05,2,6.863725679676188,4.783564290601376,6.124346088521011,4.567907936276087
1588,3,Dgv,665,xgboost_naive_transfer,0.05,2,6.945199492171498,5.166977818144222,6.408333436761649,4.876934221911765
1589,3,Dgv,665,xgboost_naive_transfer_with_dummy,0.05,2,6.811201927296687,4.853630899913666,6.1108086985738534,4.528969026511157
1590,3,Dgv,665,xgboost,0.05,3,6.993854199776709,4.838772834694679,6.220922924689767,4.561715532162242
1591,3,Dgv,665,xgboost_naive_transfer,0.05,3,7.002373414676655,5.2000715243338425,6.443554695924496,4.865887580817308
1592,3,Dgv,665,xgboost_naive_transfer_with_dummy,0.05,3,6.824669665056892,4.911746388563874,6.097730983796962,4.5150250365110525
1593,3,Dgv,665,xgboost,0.05,4,6.998083397422552,4.866743388210761,6.1940407547320175,4.485936174011005
1594,3,Dgv,665,xgboost_naive_transfer,0.05,4,7.133803923785545,5.263848396117323,6.541872326779107,4.871343504445805
1595,3,Dgv,665,xgboost_naive_transfer_with_dummy,0.05,4,6.934907073640019,4.965206949210482,6.324182027862701,4.62459601613495
1596,3,Dgv,665,xgboost,0.1,1,6.830442188163644,4.788507205100242,6.085236852681343,4.514472179205334
1597,3,Dgv,665,xgboost_naive_transfer,0.1,1,6.97774060852326,5.1941997952907775,6.4073381026214715,4.879399032598667
1598,3,Dgv,665,xgboost_naive_transfer_with_dummy,0.1,1,6.757663277306389,4.8421835075654105,6.132476159542203,4.542896046425208
1599,3,Dgv,665,xgboost,0.1,2,6.8410036895775965,4.760584900560927,6.038007687700804,4.490587627318335
1600,3,Dgv,665,xgboost_naive_transfer,0.1,2,6.934231692872324,5.152577521976669,6.321335517063437,4.791006803456671
1601,3,Dgv,665,xgboost_naive_transfer_with_dummy,0.1,2,6.786074231759003,4.860886209085803,6.20011780735163,4.618942547691296
1602,3,Dgv,665,xgboost,0.1,3,6.974456833573196,4.845378206614157,6.212558191090345,4.557033781552263
1603,3,Dgv,665,xgboost_naive_transfer,0.1,3,7.033560822759421,5.206633066996614,6.421921500982175,4.864839246949992
1604,3,Dgv,665,xgboost_naive_transfer_with_dummy,0.1,3,6.87977791097225,4.906470661068664,6.097888187275921,4.48505053319212
1605,3,Dgv,665,xgboost,0.1,4,7.021394982571038,4.83379793177317,6.281059054196826,4.5533021371096
1606,3,Dgv,665,xgboost_naive_transfer,0.1,4,7.103761090559336,5.2320419132540685,6.552207882309002,4.894004291979126
1607,3,Dgv,665,xgboost_naive_transfer_with_dummy,0.1,4,6.991214867164262,4.945940293339047,6.231721106818326,4.5490385249590695
1608,3,Dgv,665,xgboost,0.15,1,6.818521790639308,4.773472753424778,6.048038571932279,4.48983720204976
1609,3,Dgv,665,xgboost_naive_transfer,0.15,1,6.98784892224745,5.1890370107742685,6.375632530962819,4.851269472809898
1610,3,Dgv,665,xgboost_naive_transfer_with_dummy,0.15,1,6.7535938234696005,4.824101215360001,6.1080077089547435,4.509714833930829
1611,3,Dgv,665,xgboost,0.15,2,6.859117193993712,4.75316709803028,5.990256095568876,4.444734935755037
1612,3,Dgv,665,xgboost_naive_transfer,0.15,2,6.949352223946487,5.150691548719982,6.35488524254458,4.821223069768691
1613,3,Dgv,665,xgboost_naive_transfer_with_dummy,0.15,2,6.8259604037278745,4.819624175951262,6.044299592937136,4.466554906262946
1614,3,Dgv,665,xgboost,0.15,3,6.981004159123473,4.838009044210726,6.118444356887487,4.480666083519036
1615,3,Dgv,665,xgboost_naive_transfer,0.15,3,7.037680336082746,5.2108056553720905,6.439156332301916,4.849309751151349
1616,3,Dgv,665,xgboost_naive_transfer_with_dummy,0.15,3,6.88229949150793,4.872785526834527,6.045391202034417,4.467528606384714
1617,3,Dgv,665,xgboost,0.15,4,7.094261048833468,4.883679346881582,6.114942723553178,4.4589631376653385
1618,3,Dgv,665,xgboost_naive_transfer,0.15,4,7.150376131083153,5.25484991107554,6.49463761141427,4.811488310469963
1619,3,Dgv,665,xgboost_naive_transfer_with_dummy,0.15,4,7.000058863672796,4.935171949836879,6.2753799501949885,4.595817139722618
1620,3,Dgv,760,xgboost,0.01,1,6.842950661743752,4.784168629955356,6.101965638890573,4.510241010900846
1621,3,Dgv,760,xgboost_naive_transfer,0.01,1,6.95088897866223,5.147212052478027,6.408628890494293,4.878592416034162
1622,3,Dgv,760,xgboost_naive_transfer_with_dummy,0.01,1,6.799798071884665,4.900764987636112,6.237755362396874,4.65368645624975
1623,3,Dgv,760,xgboost,0.01,2,6.864824229948833,4.77630781636168,6.1709858396508475,4.5767589205227015
1624,3,Dgv,760,xgboost_naive_transfer,0.01,2,6.9199766604975705,5.127109143979674,6.394398829049828,4.862402652675648
1625,3,Dgv,760,xgboost_naive_transfer_with_dummy,0.01,2,6.80764292750233,4.9365736634526565,6.298412033486925,4.726334465117252
1626,3,Dgv,760,xgboost,0.01,3,6.793924227151877,4.744453840418315,6.121605847330944,4.530438128335794
1627,3,Dgv,760,xgboost_naive_transfer,0.01,3,6.9330213007134995,5.127193702725557,6.40071628940381,4.839840956596364
1628,3,Dgv,760,xgboost_naive_transfer_with_dummy,0.01,3,6.762741997554833,4.829566334851973,6.076785111209398,4.50673456059186
1629,3,Dgv,760,xgboost,0.01,4,6.857815774810546,4.783558730875559,6.073495641374524,4.486427311044289
1630,3,Dgv,760,xgboost_naive_transfer,0.01,4,7.0220152669125575,5.197037091991115,6.36261702533736,4.818450547698952
1631,3,Dgv,760,xgboost_naive_transfer_with_dummy,0.01,4,6.869923912625844,4.928793363974943,6.212754044778911,4.621287773842037
1632,3,Dgv,760,xgboost,0.02,1,6.837841884779234,4.778033010309301,6.075730718964782,4.488137688695032
1633,3,Dgv,760,xgboost_naive_transfer,0.02,1,6.954823840276585,5.151186900916569,6.4212909300547745,4.888552904608071
1634,3,Dgv,760,xgboost_naive_transfer_with_dummy,0.02,1,6.776879312123231,4.866883065380672,6.192252747630867,4.604726286849474
1635,3,Dgv,760,xgboost,0.02,2,6.86660742566072,4.779000254264996,6.1758940216374265,4.579153486175427
1636,3,Dgv,760,xgboost_naive_transfer,0.02,2,6.91967801894406,5.12602908897824,6.385546102968836,4.858057395267909
1637,3,Dgv,760,xgboost_naive_transfer_with_dummy,0.02,2,6.791164925447931,4.861822512716679,6.204949685009565,4.622730627889761
1638,3,Dgv,760,xgboost,0.02,3,6.77967512476611,4.7457415115312,6.104680499553876,4.526698527134732
1639,3,Dgv,760,xgboost_naive_transfer,0.02,3,6.9288257801099284,5.1202699357289,6.38532911746391,4.829529239613171
1640,3,Dgv,760,xgboost_naive_transfer_with_dummy,0.02,3,6.76158449280035,4.855742512370144,6.096299559713572,4.53095861673545
1641,3,Dgv,760,xgboost,0.02,4,6.847736607374708,4.783691274238628,6.068398800108245,4.487316010631753
1642,3,Dgv,760,xgboost_naive_transfer,0.02,4,7.022666606975432,5.199587182351796,6.3738423808974805,4.816897691433446
1643,3,Dgv,760,xgboost_naive_transfer_with_dummy,0.02,4,6.871930997973639,4.915655108281407,6.193443186816538,4.592200943770854
1644,3,Dgv,760,xgboost,0.05,1,6.8379818858286265,4.778434266600221,6.070752761849977,4.48447793840913
1645,3,Dgv,760,xgboost_naive_transfer,0.05,1,6.9367817286472055,5.1280378421696104,6.351258864478006,4.8278740173076065
1646,3,Dgv,760,xgboost_naive_transfer_with_dummy,0.05,1,6.760153033368801,4.840634871318131,6.163846001977441,4.57485653812681
1647,3,Dgv,760,xgboost,0.05,2,6.840504637630029,4.738160504698582,6.077063534293038,4.493502702705634
1648,3,Dgv,760,xgboost_naive_transfer,0.05,2,6.924468969320574,5.123613332537904,6.351811027126978,4.8277128596145
1649,3,Dgv,760,xgboost_naive_transfer_with_dummy,0.05,2,6.782556602836939,4.8225263287147335,6.12548757151926,4.541901664821857
1650,3,Dgv,760,xgboost,0.05,3,6.797731929662941,4.7272959533965295,6.00549166390012,4.455613531555484
1651,3,Dgv,760,xgboost_naive_transfer,0.05,3,6.931570898347231,5.127744866223996,6.374087969608934,4.820114993134766
1652,3,Dgv,760,xgboost_naive_transfer_with_dummy,0.05,3,6.750919752591849,4.807580418749379,6.068340333385304,4.492738709392872
1653,3,Dgv,760,xgboost,0.05,4,6.927181350547177,4.8076337243986,6.075494797544206,4.4930308133905745
1654,3,Dgv,760,xgboost_naive_transfer,0.05,4,7.050271328353114,5.20026109549126,6.3712920714064305,4.82233512321315
1655,3,Dgv,760,xgboost_naive_transfer_with_dummy,0.05,4,6.846857901382367,4.8793353677703815,6.160752401716,4.550338243670713
1656,3,Dgv,760,xgboost,0.1,1,6.820876098939471,4.762276143715143,6.013679090519032,4.436954436471261
1657,3,Dgv,760,xgboost_naive_transfer,0.1,1,6.932233255154288,5.122673927943752,6.355710738921277,4.831838933336082
1658,3,Dgv,760,xgboost_naive_transfer_with_dummy,0.1,1,6.717884483932157,4.773111751719005,6.091497151249704,4.497841056876639
1659,3,Dgv,760,xgboost,0.1,2,6.8461178035843675,4.740410432036218,6.043862912350612,4.479438441265159
1660,3,Dgv,760,xgboost_naive_transfer,0.1,2,6.938120896675775,5.117580372264055,6.360709993162647,4.830183132551317
1661,3,Dgv,760,xgboost_naive_transfer_with_dummy,0.1,2,6.792737881101292,4.866476040927814,6.150929766709299,4.587469629083777
1662,3,Dgv,760,xgboost,0.1,3,6.851090935575726,4.738227665889571,6.074896002892851,4.495639819615854
1663,3,Dgv,760,xgboost_naive_transfer,0.1,3,6.929975292925652,5.11271889757941,6.329143722748781,4.783732032782074
1664,3,Dgv,760,xgboost_naive_transfer_with_dummy,0.1,3,6.7925298101106835,4.811871292166563,6.024207190986798,4.466615708914649
1665,3,Dgv,760,xgboost,0.1,4,6.840497269967252,4.756811167985798,6.057181886787144,4.498731980455845
1666,3,Dgv,760,xgboost_naive_transfer,0.1,4,7.077643192291587,5.1996755654124795,6.351697566990933,4.806413701106542
1667,3,Dgv,760,xgboost_naive_transfer_with_dummy,0.1,4,6.897597828800327,4.862129447656605,6.091170239843386,4.505380157116066
1668,3,Dgv,760,xgboost,0.15,1,6.8592231531977035,4.800165511079605,6.066854311268644,4.489986279502652
1669,3,Dgv,760,xgboost_naive_transfer,0.15,1,6.968272528473083,5.167468683559451,6.435589052598824,4.904657792676488
1670,3,Dgv,760,xgboost_naive_transfer_with_dummy,0.15,1,6.7117012455199685,4.745769019082388,6.05872741056894,4.451941893759409
1671,3,Dgv,760,xgboost,0.15,2,6.791196975749527,4.711494665057842,5.981157123488161,4.430770424340062
1672,3,Dgv,760,xgboost_naive_transfer,0.15,2,6.938675772935933,5.13762540153154,6.326467769483318,4.808080514992705
1673,3,Dgv,760,xgboost_naive_transfer_with_dummy,0.15,2,6.774612675522381,4.812920258112934,6.103433818923446,4.5170306526258495
1674,3,Dgv,760,xgboost,0.15,3,6.779693074625542,4.717658084397798,5.953918749624829,4.4014420995382215
1675,3,Dgv,760,xgboost_naive_transfer,0.15,3,6.963779878032304,5.098132377545573,6.28116840007659,4.767538790994145
1676,3,Dgv,760,xgboost_naive_transfer_with_dummy,0.15,3,6.7361320644566645,4.779636926935092,6.003636200180904,4.463681799803381
1677,3,Dgv,760,xgboost,0.15,4,6.890467388545503,4.77009146071541,6.044797450955481,4.493637827079512
1678,3,Dgv,760,xgboost_naive_transfer,0.15,4,7.073105395869735,5.16588952309066,6.283543109999489,4.752357454289118
1679,3,Dgv,760,xgboost_naive_transfer_with_dummy,0.15,4,6.845799781001545,4.823648129933708,6.0671451269475325,4.475609338819417
1680,3,Dgv,855,xgboost,0.01,1,6.765838132992469,4.717409739158738,6.008690040654724,4.433830182197836
1681,3,Dgv,855,xgboost_naive_transfer,0.01,1,6.935062561066308,5.1412462916730535,6.348099000371548,4.829705514968127
1682,3,Dgv,855,xgboost_naive_transfer_with_dummy,0.01,1,6.786107508862182,4.899186264756975,6.199487940073475,4.610272380073727
1683,3,Dgv,855,xgboost,0.01,2,6.782516351666541,4.7567758914788145,6.101547795163317,4.541482709516393
1684,3,Dgv,855,xgboost_naive_transfer,0.01,2,6.911082709831042,5.134499479048201,6.356003220508473,4.8275954968204795
1685,3,Dgv,855,xgboost_naive_transfer_with_dummy,0.01,2,6.790354593627399,4.918745351651167,6.232075678788187,4.655932319710082
1686,3,Dgv,855,xgboost,0.01,3,6.846926114480932,4.776134641297451,6.116910135561352,4.527301373099366
1687,3,Dgv,855,xgboost_naive_transfer,0.01,3,6.943925240113818,5.155610388721593,6.3406693212311005,4.77878356112128
1688,3,Dgv,855,xgboost_naive_transfer_with_dummy,0.01,3,6.761951928719038,4.876153641433507,6.0692151603221625,4.49890604684235
1689,3,Dgv,855,xgboost,0.01,4,6.91848905639434,4.812805114655155,6.0647368458282,4.515221614925375
1690,3,Dgv,855,xgboost_naive_transfer,0.01,4,7.020312501773131,5.212180829778859,6.309885129738295,4.736950267546971
1691,3,Dgv,855,xgboost_naive_transfer_with_dummy,0.01,4,6.914980845614357,4.969475549410861,6.195990681119125,4.568683736184277
1692,3,Dgv,855,xgboost,0.02,1,6.798288107873894,4.754111289971134,6.095884467536054,4.494437881460771
1693,3,Dgv,855,xgboost_naive_transfer,0.02,1,6.936843107244932,5.14214865078223,6.351028242526929,4.8303456352234475
1694,3,Dgv,855,xgboost_naive_transfer_with_dummy,0.02,1,6.706467881937628,4.783108710938116,6.045618987499678,4.447488994354526
1695,3,Dgv,855,xgboost,0.02,2,6.779150104131841,4.746250982107991,6.086591235273449,4.524594466493675
1696,3,Dgv,855,xgboost_naive_transfer,0.02,2,6.9127252483878205,5.13280885084968,6.349452422994293,4.823168350030673
1697,3,Dgv,855,xgboost_naive_transfer_with_dummy,0.02,2,6.795843714723026,4.924199429120843,6.229190221223416,4.655842432894158
1698,3,Dgv,855,xgboost,0.02,3,6.844065988124698,4.781346436670875,6.140129656234275,4.550797179030203
1699,3,Dgv,855,xgboost_naive_transfer,0.02,3,6.9510520964391,5.157963124843323,6.343237446626574,4.778145199807839
1700,3,Dgv,855,xgboost_naive_transfer_with_dummy,0.02,3,6.733585294320774,4.8402874622113465,6.0228464940490465,4.449787458560836
1701,3,Dgv,855,xgboost,0.02,4,6.924606689904952,4.820239206018258,6.077106406304786,4.518333247996773
1702,3,Dgv,855,xgboost_naive_transfer,0.02,4,7.0325530569742485,5.210980925842682,6.31123172933777,4.738780161647724
1703,3,Dgv,855,xgboost_naive_transfer_with_dummy,0.02,4,6.908967718417839,4.952504841623915,6.159510747654935,4.531059086865391
1704,3,Dgv,855,xgboost,0.05,1,6.763678068399963,4.717091347022126,5.986900151487103,4.418286096590596
1705,3,Dgv,855,xgboost_naive_transfer,0.05,1,7.0005663259937005,5.208307822404259,6.495593682368693,4.945422200851757
1706,3,Dgv,855,xgboost_naive_transfer_with_dummy,0.05,1,6.705245971115714,4.777567423465742,6.042979361414858,4.445561951092245
1707,3,Dgv,855,xgboost,0.05,2,6.775285335230139,4.735546263655821,6.054170744669966,4.498716332640815
1708,3,Dgv,855,xgboost_naive_transfer,0.05,2,6.905748959113633,5.124771309561946,6.3186202444820365,4.799413566898461
1709,3,Dgv,855,xgboost_naive_transfer_with_dummy,0.05,2,6.786425311171857,4.910084284141905,6.198967447964441,4.632718776927032
1710,3,Dgv,855,xgboost,0.05,3,6.864741560413683,4.7827803849029955,6.075480496847896,4.502238624271177
1711,3,Dgv,855,xgboost_naive_transfer,0.05,3,6.957003270132306,5.158987504992274,6.312041312591372,4.764711863166294
1712,3,Dgv,855,xgboost_naive_transfer_with_dummy,0.05,3,6.74741114471458,4.826831877274685,5.99408516951601,4.4311811180412155
1713,3,Dgv,855,xgboost,0.05,4,6.911163979978266,4.738803879013595,5.942790587016711,4.40496405217441
1714,3,Dgv,855,xgboost_naive_transfer,0.05,4,7.058836577920487,5.224877078245941,6.3318486400801355,4.740670620551292
1715,3,Dgv,855,xgboost_naive_transfer_with_dummy,0.05,4,6.933875098574138,4.959442351173325,6.157720633841613,4.522501566409934
1716,3,Dgv,855,xgboost,0.1,1,6.78503549760344,4.739490022545479,6.062007533374734,4.468344177732545
1717,3,Dgv,855,xgboost_naive_transfer,0.1,1,6.940686163004926,5.1490884545991324,6.335766596390021,4.817127105260346
1718,3,Dgv,855,xgboost_naive_transfer_with_dummy,0.1,1,6.732179765211473,4.817110884929448,6.087720828498556,4.488090381976924
1719,3,Dgv,855,xgboost,0.1,2,6.782371493022154,4.732327216563379,5.978226806491244,4.439261577675399
1720,3,Dgv,855,xgboost_naive_transfer,0.1,2,6.926984781238854,5.123372322423366,6.317616065516565,4.797931748596821
1721,3,Dgv,855,xgboost_naive_transfer_with_dummy,0.1,2,6.792534708832554,4.793100584520264,6.049014311274878,4.449591967061615
1722,3,Dgv,855,xgboost,0.1,3,6.8528621277890025,4.745889586569218,6.034915593433212,4.469348250419147
1723,3,Dgv,855,xgboost_naive_transfer,0.1,3,7.04579307370728,5.180209740463508,6.29027079987404,4.734723685808951
1724,3,Dgv,855,xgboost_naive_transfer_with_dummy,0.1,3,6.755823466234488,4.837758631170344,5.9185414058524595,4.369824892566367
1725,3,Dgv,855,xgboost,0.1,4,6.89852640227353,4.731057723515724,5.971502426801127,4.422255047962068
1726,3,Dgv,855,xgboost_naive_transfer,0.1,4,7.059539871382995,5.221948994457424,6.328712542750804,4.748165582135682
1727,3,Dgv,855,xgboost_naive_transfer_with_dummy,0.1,4,6.932346661298353,4.912906963321816,6.085040977102115,4.449482078638554
1728,3,Dgv,855,xgboost,0.15,1,6.774976471134325,4.737110894280289,6.06535368158215,4.483266929070043
1729,3,Dgv,855,xgboost_naive_transfer,0.15,1,6.950959287452362,5.148322002279868,6.301392143960798,4.791352333883149
1730,3,Dgv,855,xgboost_naive_transfer_with_dummy,0.15,1,6.715752377897225,4.770199467704932,6.022491400263236,4.427398907720195
1731,3,Dgv,855,xgboost,0.15,2,6.795203455628328,4.732964345985598,5.973061720634258,4.43931735033547
1732,3,Dgv,855,xgboost_naive_transfer,0.15,2,6.99751431653545,5.146382035083797,6.23166325914194,4.727452359151392
1733,3,Dgv,855,xgboost_naive_transfer_with_dummy,0.15,2,6.690996929114872,4.770774317849902,5.992065453815821,4.422822582340088
1734,3,Dgv,855,xgboost,0.15,3,6.857872502320229,4.763038381228042,6.081896528775657,4.475586726243484
1735,3,Dgv,855,xgboost_naive_transfer,0.15,3,7.0520955198335304,5.1733494390767465,6.317419141813961,4.772319748110611
1736,3,Dgv,855,xgboost_naive_transfer_with_dummy,0.15,3,6.765672571442266,4.796350266365631,5.992372385700532,4.417178485330079
1737,3,Dgv,855,xgboost,0.15,4,6.927795576618053,4.7490914261712005,6.001245806348638,4.407030932429824
1738,3,Dgv,855,xgboost_naive_transfer,0.15,4,7.093358820367799,5.206799048489311,6.260717680840122,4.716998353079562
1739,3,Dgv,855,xgboost_naive_transfer_with_dummy,0.15,4,6.944054125045699,4.8855847174337335,5.992108887841167,4.379104249279161
1740,3,Dgv,950,xgboost,0.01,1,6.7411496590351945,4.740279511311258,6.01183572076563,4.435676448959691
1741,3,Dgv,950,xgboost_naive_transfer,0.01,1,6.946067435638272,5.141012745882173,6.376741988064645,4.854568129410138
1742,3,Dgv,950,xgboost_naive_transfer_with_dummy,0.01,1,6.795179435965217,4.897018790193231,6.190565328252827,4.616157865872709
1743,3,Dgv,950,xgboost,0.01,2,6.758619357266642,4.766356652725563,6.077108018317695,4.5194415743979555
1744,3,Dgv,950,xgboost_naive_transfer,0.01,2,6.89482396906358,5.128603862781411,6.3365268787927125,4.8279272345916535
1745,3,Dgv,950,xgboost_naive_transfer_with_dummy,0.01,2,6.7849905754559705,4.916700844116651,6.22227834027845,4.66989901647735
1746,3,Dgv,950,xgboost,0.01,3,6.754975184509219,4.781666572584315,6.150713689281802,4.55778039808053
1747,3,Dgv,950,xgboost_naive_transfer,0.01,3,6.89964732529493,5.140067452135627,6.337146170061248,4.811813657538393
1748,3,Dgv,950,xgboost_naive_transfer_with_dummy,0.01,3,6.7282333845576305,4.853415669018554,6.050748805092996,4.500251258229193
1749,3,Dgv,950,xgboost,0.01,4,7.021376364270069,4.917605910231585,6.046468145324201,4.478283406378624
1750,3,Dgv,950,xgboost_naive_transfer,0.01,4,6.958385042598163,5.186934330071396,6.250141001338065,4.722536764434991
1751,3,Dgv,950,xgboost_naive_transfer_with_dummy,0.01,4,6.845832354152863,4.9408809982665725,6.1087740464037354,4.549473300190665
1752,3,Dgv,950,xgboost,0.02,1,6.73280968777672,4.732839863719972,5.992703231531362,4.424799976822392
1753,3,Dgv,950,xgboost_naive_transfer,0.02,1,6.937077384045525,5.128028607875577,6.34699891933295,4.8301320718247736
1754,3,Dgv,950,xgboost_naive_transfer_with_dummy,0.02,1,6.768857105000749,4.858496570494177,6.136377266835876,4.558491192457686
1755,3,Dgv,950,xgboost,0.02,2,6.768585976356611,4.768545850956595,6.078559446955439,4.517846609494987
1756,3,Dgv,950,xgboost_naive_transfer,0.02,2,6.9014237781284935,5.129525101630448,6.336147948854841,4.827437402158444
1757,3,Dgv,950,xgboost_naive_transfer_with_dummy,0.02,2,6.78441820606396,4.909429232384747,6.2077079246359474,4.655957894387583
1758,3,Dgv,950,xgboost,0.02,3,6.753150881791073,4.769225440482877,6.094306089289315,4.51985735424713
1759,3,Dgv,950,xgboost_naive_transfer,0.02,3,6.909286342221374,5.128565841514884,6.2969298520714485,4.777104756994859
1760,3,Dgv,950,xgboost_naive_transfer_with_dummy,0.02,3,6.718484615816808,4.794267209582181,5.945132625801413,4.402943896349691
1761,3,Dgv,950,xgboost,0.02,4,7.009738235023804,4.915488061230891,6.04978182340026,4.480983792456438
1762,3,Dgv,950,xgboost_naive_transfer,0.02,4,6.976658734929181,5.195232896608632,6.2610721024022205,4.722581706208332
1763,3,Dgv,950,xgboost_naive_transfer_with_dummy,0.02,4,6.842348290815332,4.8880090153304305,6.0525829137751455,4.469699011232984
1764,3,Dgv,950,xgboost,0.05,1,6.744505230527044,4.743590072388453,5.996611578621439,4.426090529424385
1765,3,Dgv,950,xgboost_naive_transfer,0.05,1,6.9406315307910065,5.132390233423696,6.358166871268582,4.839758019759889
1766,3,Dgv,950,xgboost_naive_transfer_with_dummy,0.05,1,6.718962915304133,4.779061571382871,6.041321694699643,4.4570467854580995
1767,3,Dgv,950,xgboost,0.05,2,6.765984250840497,4.749832902087091,6.039900648234558,4.481342944160965
1768,3,Dgv,950,xgboost_naive_transfer,0.05,2,6.922013141702329,5.132456552820497,6.326842201006662,4.81547402829296
1769,3,Dgv,950,xgboost_naive_transfer_with_dummy,0.05,2,6.7690699297971495,4.8530813042293035,6.1157800232753745,4.554551238536562
1770,3,Dgv,950,xgboost,0.05,3,6.800449718235908,4.771685328012137,6.053969506871802,4.478336997929915
1771,3,Dgv,950,xgboost_naive_transfer,0.05,3,6.930429608969865,5.128007255105403,6.255934933105113,4.745461846957448
1772,3,Dgv,950,xgboost_naive_transfer_with_dummy,0.05,3,6.756841068716187,4.803022518276118,5.927396547795542,4.38498869698615
1773,3,Dgv,950,xgboost,0.05,4,7.0048873193020444,4.8955388641457525,6.000408186938518,4.45472115672954
1774,3,Dgv,950,xgboost_naive_transfer,0.05,4,6.980741407656823,5.172007657494829,6.252680118828455,4.707991215308633
1775,3,Dgv,950,xgboost_naive_transfer_with_dummy,0.05,4,6.857923870280388,4.918450653956936,6.070024302067946,4.488798139489453
1776,3,Dgv,950,xgboost,0.1,1,6.751821197594982,4.742826580299581,6.031181072874742,4.447515786135022
1777,3,Dgv,950,xgboost_naive_transfer,0.1,1,6.928837200785828,5.125332703752522,6.3048995998729715,4.798655645951167
1778,3,Dgv,950,xgboost_naive_transfer_with_dummy,0.1,1,6.774104225050135,4.8591058664631515,6.135283478254482,4.561101716748586
1779,3,Dgv,950,xgboost,0.1,2,6.801322431344759,4.76759181383854,6.023949773857387,4.481880707480536
1780,3,Dgv,950,xgboost_naive_transfer,0.1,2,6.8907243541106675,5.106073179294771,6.215562075349656,4.716717720067273
1781,3,Dgv,950,xgboost_naive_transfer_with_dummy,0.1,2,6.725728542815995,4.783072554945458,6.0078582676968235,4.454749063528098
1782,3,Dgv,950,xgboost,0.1,3,6.799159548481748,4.751460894860151,6.061432225618606,4.462576561101641
1783,3,Dgv,950,xgboost_naive_transfer,0.1,3,6.94574007562915,5.136308487447017,6.322944219309082,4.799395694757148
1784,3,Dgv,950,xgboost_naive_transfer_with_dummy,0.1,3,6.791847015808371,4.8040961249908705,5.942365218450511,4.39487252135764
1785,3,Dgv,950,xgboost,0.1,4,6.9774735345623045,4.820280510346521,5.960742606450486,4.404999219742241
1786,3,Dgv,950,xgboost_naive_transfer,0.1,4,6.989364912510425,5.136688860571212,6.230342130456975,4.699285663108992
1787,3,Dgv,950,xgboost_naive_transfer_with_dummy,0.1,4,6.8012831424193205,4.841401552315274,6.0092526376913655,4.4260220534424795
1788,3,Dgv,950,xgboost,0.15,1,6.712021264033401,4.716174223854202,5.9374428896332185,4.393148888925381
1789,3,Dgv,950,xgboost_naive_transfer,0.15,1,6.924450605875383,5.1165709297507265,6.278325751098179,4.781754602394472
1790,3,Dgv,950,xgboost_naive_transfer_with_dummy,0.15,1,6.725663242245082,4.784638256008337,6.051425046313037,4.47405429805598
1791,3,Dgv,950,xgboost,0.15,2,6.778108918162542,4.755596679141868,5.944237130222509,4.417694018477343
1792,3,Dgv,950,xgboost_naive_transfer,0.15,2,6.949677140482609,5.10392393962137,6.230917484454195,4.723322264389493
1793,3,Dgv,950,xgboost_naive_transfer_with_dummy,0.15,2,6.740939885272229,4.766894036870465,5.9743062264700955,4.412819091622841
1794,3,Dgv,950,xgboost,0.15,3,6.829137139145932,4.774913190757844,6.021982708033154,4.448202794770395
1795,3,Dgv,950,xgboost_naive_transfer,0.15,3,6.971301005440264,5.112607178095924,6.209682181865985,4.69210850364072
1796,3,Dgv,950,xgboost_naive_transfer_with_dummy,0.15,3,6.811535631282384,4.832345789858316,5.927895941029975,4.4280783010782985
1797,3,Dgv,950,xgboost,0.15,4,6.991519052185309,4.801869194490808,5.90845401939455,4.3886175832818335
1798,3,Dgv,950,xgboost_naive_transfer,0.15,4,7.103788335411065,5.229040286804626,6.200133183698174,4.673614792780729
1799,3,Dgv,950,xgboost_naive_transfer_with_dummy,0.15,4,6.868907503878432,4.861765085397218,5.943870855836439,4.386537916029807
1800,4,Dgv,95,xgboost,0.01,1,8.162359140329382,5.370347463729681,8.06800031479861,5.563859328690767
1801,4,Dgv,95,xgboost_naive_transfer,0.01,1,7.602355638537692,5.349637193449374,7.499464928876851,5.426301056719326
1802,4,Dgv,95,xgboost_naive_transfer_with_dummy,0.01,1,7.427887935236316,5.021625640637787,7.320308014896414,5.103768912760298
1803,4,Dgv,95,xgboost,0.01,2,8.06809819899797,5.323904194357248,7.947221597895268,5.407675887845937
1804,4,Dgv,95,xgboost_naive_transfer,0.01,2,7.565419071494459,5.317142841660417,7.503409427521313,5.425340372602689
1805,4,Dgv,95,xgboost_naive_transfer_with_dummy,0.01,2,7.341073769544184,4.854658862673983,7.171236949024537,4.857558680443433
1806,4,Dgv,95,xgboost,0.01,3,8.025430532914584,5.309128397001539,7.893283820885918,5.343585290000942
1807,4,Dgv,95,xgboost_naive_transfer,0.01,3,7.575704427289685,5.306476300548189,7.5009604178739995,5.410759253488807
1808,4,Dgv,95,xgboost_naive_transfer_with_dummy,0.01,3,7.391233386566507,4.891967970030654,7.190336176710466,4.8819527704252526
1809,4,Dgv,95,xgboost,0.01,4,8.406176758708593,5.3880907271274046,8.157745327223912,5.485215063718478
1810,4,Dgv,95,xgboost_naive_transfer,0.01,4,7.533626970287445,5.278899378009126,7.456013986834524,5.364077800037341
1811,4,Dgv,95,xgboost_naive_transfer_with_dummy,0.01,4,7.425426008183716,4.951557267916915,7.295580078480459,5.018129798727708
1812,4,Dgv,95,xgboost,0.02,1,8.165596490132664,5.369410017761005,8.059694972844328,5.54581751060577
1813,4,Dgv,95,xgboost_naive_transfer,0.02,1,7.6016974978630865,5.348319996051239,7.500112221120037,5.426680630641734
1814,4,Dgv,95,xgboost_naive_transfer_with_dummy,0.02,1,7.356658258925532,4.88999674479609,7.199255115744494,4.912089045362814
1815,4,Dgv,95,xgboost,0.02,2,8.065306477138368,5.317416411969591,7.947205815570397,5.400967587039762
1816,4,Dgv,95,xgboost_naive_transfer,0.02,2,7.561058802078574,5.319356079114242,7.4872209242136964,5.412905920724213
1817,4,Dgv,95,xgboost_naive_transfer_with_dummy,0.02,2,7.343332281709194,4.8638424266091125,7.176745554501746,4.871780675093593
1818,4,Dgv,95,xgboost,0.02,3,8.02185888066363,5.3056286625223255,7.8797483042184195,5.326086776705954
1819,4,Dgv,95,xgboost_naive_transfer,0.02,3,7.578579956025236,5.316063304491736,7.477866544883677,5.3912045977312895
1820,4,Dgv,95,xgboost_naive_transfer_with_dummy,0.02,3,7.479677646154244,5.078170984159151,7.366058525806391,5.148484618696356
1821,4,Dgv,95,xgboost,0.02,4,8.399335423649477,5.378922394319904,8.136415170132643,5.45457592718437
1822,4,Dgv,95,xgboost_naive_transfer,0.02,4,7.540585095722083,5.281445004800026,7.457332164823233,5.369806142949192
1823,4,Dgv,95,xgboost_naive_transfer_with_dummy,0.02,4,7.453467073287591,4.999586838714171,7.351014508982925,5.099727814190454
1824,4,Dgv,95,xgboost,0.05,1,8.15822868651593,5.3625141567878485,8.05281680534375,5.533140875437399
1825,4,Dgv,95,xgboost_naive_transfer,0.05,1,7.60457033255146,5.351676190296427,7.505812770881685,5.434349084159447
1826,4,Dgv,95,xgboost_naive_transfer_with_dummy,0.05,1,7.359918677328643,4.899697128286126,7.203788583493466,4.922077298322924
1827,4,Dgv,95,xgboost,0.05,2,8.076666163889278,5.3341143817789485,7.961235007126981,5.390521649434568
1828,4,Dgv,95,xgboost_naive_transfer,0.05,2,7.5609342983830174,5.3294438956288115,7.4366869431497475,5.365486857920487
1829,4,Dgv,95,xgboost_naive_transfer_with_dummy,0.05,2,7.344626947249032,4.849102499805854,7.169197246586906,4.859701033806557
1830,4,Dgv,95,xgboost,0.05,3,8.021892750659635,5.313356277131159,7.879478251685259,5.29488832585501
1831,4,Dgv,95,xgboost_naive_transfer,0.05,3,7.583569219566019,5.335222333614078,7.452085640093572,5.371650016006679
1832,4,Dgv,95,xgboost_naive_transfer_with_dummy,0.05,3,7.320565905915669,4.840514770108488,7.15668964219295,4.776544995175725
1833,4,Dgv,95,xgboost,0.05,4,8.431200484042717,5.3944991648654375,8.101160817784832,5.412878378669648
1834,4,Dgv,95,xgboost_naive_transfer,0.05,4,7.552364099155318,5.3059773840444375,7.453684910693493,5.364609515808353
1835,4,Dgv,95,xgboost_naive_transfer_with_dummy,0.05,4,7.447869576628663,4.9252820739259775,7.264908414600868,4.933466022228536
1836,4,Dgv,95,xgboost,0.1,1,8.15348161129057,5.345423760416008,7.989373907533893,5.4326937169160665
1837,4,Dgv,95,xgboost_naive_transfer,0.1,1,7.6106641930177625,5.358064853585944,7.501510631670293,5.428101797872311
1838,4,Dgv,95,xgboost_naive_transfer_with_dummy,0.1,1,7.317397294098347,4.794883765517211,7.119281950110573,4.789378663679836
1839,4,Dgv,95,xgboost,0.1,2,8.064042565028888,5.33987618038231,7.952772793665896,5.322668196989791
1840,4,Dgv,95,xgboost_naive_transfer,0.1,2,7.603224203473633,5.345345851360844,7.4264723838196955,5.352366706558215
1841,4,Dgv,95,xgboost_naive_transfer_with_dummy,0.1,2,7.351518315154213,4.821924509935641,7.171820513484766,4.810170912668399
1842,4,Dgv,95,xgboost,0.1,3,8.127660299178165,5.391052420499674,7.828350961504641,5.256549288171301
1843,4,Dgv,95,xgboost_naive_transfer,0.1,3,7.586620150958532,5.342483652262778,7.436927884989016,5.354868608860718
1844,4,Dgv,95,xgboost_naive_transfer_with_dummy,0.1,3,7.331745547166762,4.817441100077022,7.162572648141711,4.75669009032966
1845,4,Dgv,95,xgboost,0.1,4,8.395622300845337,5.4090055201950555,8.054732028743294,5.382442305349921
1846,4,Dgv,95,xgboost_naive_transfer,0.1,4,7.620398285223313,5.347848456599677,7.403064169761931,5.307591338561219
1847,4,Dgv,95,xgboost_naive_transfer_with_dummy,0.1,4,7.41786847196233,4.916616310061593,7.2675848136926025,4.955408681914303
1848,4,Dgv,95,xgboost,0.15,1,8.141765787295025,5.346593120751332,7.978456248053122,5.40950376264763
1849,4,Dgv,95,xgboost_naive_transfer,0.15,1,7.628080115386225,5.384872560062087,7.46741877021988,5.399767826104281
1850,4,Dgv,95,xgboost_naive_transfer_with_dummy,0.15,1,7.355481408018502,4.865647483626114,7.160828729574431,4.858113052902824
1851,4,Dgv,95,xgboost,0.15,2,8.02268393889111,5.310356153984266,7.915464468116224,5.3013631923796884
1852,4,Dgv,95,xgboost_naive_transfer,0.15,2,7.5960202205000344,5.348015921070265,7.461736918459395,5.374459217148682
1853,4,Dgv,95,xgboost_naive_transfer_with_dummy,0.15,2,7.377655535926493,4.842235714339863,7.14655571124554,4.787121494128539
1854,4,Dgv,95,xgboost,0.15,3,8.048098319869865,5.328168088826129,7.867856700784599,5.287454799827719
1855,4,Dgv,95,xgboost_naive_transfer,0.15,3,7.595598478095001,5.367877643247069,7.423215400255676,5.3582465329814255
1856,4,Dgv,95,xgboost_naive_transfer_with_dummy,0.15,3,7.2632745285060984,4.80643162872644,7.240836013467221,4.813718331187784
1857,4,Dgv,95,xgboost,0.15,4,8.518480373256967,5.482059479598442,8.04941835962062,5.3997062931716195
1858,4,Dgv,95,xgboost_naive_transfer,0.15,4,7.627261950737703,5.357692381057246,7.402118051816166,5.318025708006363
1859,4,Dgv,95,xgboost_naive_transfer_with_dummy,0.15,4,7.392199312454029,4.824604234960343,7.129007279301425,4.820084447148461
1860,4,Dgv,190,xgboost,0.01,1,7.548258882283552,4.865450648252322,7.462033658993077,5.1001011033289
1861,4,Dgv,190,xgboost_naive_transfer,0.01,1,7.542532057490414,5.2624515135696734,7.42443426526224,5.339078733837103
1862,4,Dgv,190,xgboost_naive_transfer_with_dummy,0.01,1,7.365501222033534,4.898819548372267,7.245333608181598,4.988113497635394
1863,4,Dgv,190,xgboost,0.01,2,7.459569536751019,4.8087090452857275,7.439757498952026,5.101015691332698
1864,4,Dgv,190,xgboost_naive_transfer,0.01,2,7.508825938822375,5.2480979648379185,7.3792498675207225,5.305591335087333
1865,4,Dgv,190,xgboost_naive_transfer_with_dummy,0.01,2,7.321877314843906,4.8621266287602705,7.182603811210164,4.91961046498795
1866,4,Dgv,190,xgboost,0.01,3,7.518860874003699,4.808303022866971,7.40919779267588,5.105261459418335
1867,4,Dgv,190,xgboost_naive_transfer,0.01,3,7.546472298502595,5.257732462917964,7.431700306084357,5.3538187236639
1868,4,Dgv,190,xgboost_naive_transfer_with_dummy,0.01,3,7.327301821165687,4.855375842562378,7.178805712177063,4.884975203596721
1869,4,Dgv,190,xgboost,0.01,4,7.745250940465219,4.983876628316487,7.5304173926850675,5.282289664326427
1870,4,Dgv,190,xgboost_naive_transfer,0.01,4,7.518222217046483,5.232084481447077,7.416775173089636,5.344966654505798
1871,4,Dgv,190,xgboost_naive_transfer_with_dummy,0.01,4,7.356011036410075,4.9091677799529885,7.188925853360334,4.957507494749725
1872,4,Dgv,190,xgboost,0.02,1,7.542938504912079,4.861059055175014,7.4605027441099905,5.09728445145733
1873,4,Dgv,190,xgboost_naive_transfer,0.02,1,7.5380545941966,5.257547193426438,7.405454132281143,5.321732800926786
1874,4,Dgv,190,xgboost_naive_transfer_with_dummy,0.02,1,7.29249830945605,4.751124839164493,7.105343486460658,4.783800383299455
1875,4,Dgv,190,xgboost,0.02,2,7.460568860012488,4.80715481990486,7.440654979186504,5.103943003179783
1876,4,Dgv,190,xgboost_naive_transfer,0.02,2,7.510585108422861,5.249716801893325,7.384728120368967,5.312394003377734
1877,4,Dgv,190,xgboost_naive_transfer_with_dummy,0.02,2,7.3053712790175735,4.822876751092132,7.160023271785044,4.866585386004914
1878,4,Dgv,190,xgboost,0.02,3,7.5252350780077135,4.822283309067516,7.417270958733833,5.109920895773612
1879,4,Dgv,190,xgboost_naive_transfer,0.02,3,7.548387430166496,5.2614386315925,7.429012132689871,5.350528916967581
1880,4,Dgv,190,xgboost_naive_transfer_with_dummy,0.02,3,7.319411089539683,4.848233322109577,7.1811036592074,4.882909194516599
1881,4,Dgv,190,xgboost,0.02,4,7.744972469609034,4.976970978304298,7.5604609922423816,5.32675530405237
1882,4,Dgv,190,xgboost_naive_transfer,0.02,4,7.521858330929282,5.233448522718948,7.408914566141059,5.333529312213415
1883,4,Dgv,190,xgboost_naive_transfer_with_dummy,0.02,4,7.371580580755243,4.920635778804824,7.188014850084835,4.9564629331985905
1884,4,Dgv,190,xgboost,0.05,1,7.543503871985063,4.856552641696689,7.449082113222632,5.084876699618312
1885,4,Dgv,190,xgboost_naive_transfer,0.05,1,7.533981563940354,5.252144638406131,7.396860132112716,5.311448583574996
1886,4,Dgv,190,xgboost_naive_transfer_with_dummy,0.05,1,7.317024857730048,4.8078804066950696,7.157299070196148,4.858296422157123
1887,4,Dgv,190,xgboost,0.05,2,7.478968652013832,4.813848043526108,7.429593940085987,5.100318075869547
1888,4,Dgv,190,xgboost_naive_transfer,0.05,2,7.5164655427354825,5.248217239129008,7.346222607132978,5.274262496344078
1889,4,Dgv,190,xgboost_naive_transfer_with_dummy,0.05,2,7.308257091395631,4.82252126346942,7.151500091411377,4.8561022945722385
1890,4,Dgv,190,xgboost,0.05,3,7.5553797139592875,4.858651030079869,7.388972610552042,5.087966484076255
1891,4,Dgv,190,xgboost_naive_transfer,0.05,3,7.55870073774771,5.266901652001857,7.418154061699566,5.33427643018907
1892,4,Dgv,190,xgboost_naive_transfer_with_dummy,0.05,3,7.327171125642959,4.8504103714335915,7.18693559423361,4.869131343117132
1893,4,Dgv,190,xgboost,0.05,4,7.795301871807645,5.054638237705178,7.51368752111923,5.250664696807498
1894,4,Dgv,190,xgboost_naive_transfer,0.05,4,7.5234131366880215,5.24879973747387,7.380089705148753,5.3097898794107365
1895,4,Dgv,190,xgboost_naive_transfer_with_dummy,0.05,4,7.352780642743578,4.855346738937589,7.167951084225144,4.838624670764581
1896,4,Dgv,190,xgboost,0.1,1,7.531786382791775,4.839150740594713,7.407918097955685,5.032641707972302
1897,4,Dgv,190,xgboost_naive_transfer,0.1,1,7.5293109919362635,5.242775211186944,7.349304669871247,5.25868888991658
1898,4,Dgv,190,xgboost_naive_transfer_with_dummy,0.1,1,7.288982038203518,4.7486471670180155,7.083912212969414,4.761701067727438
1899,4,Dgv,190,xgboost,0.1,2,7.456466719668577,4.83021048611598,7.394500651126149,5.028463279831261
1900,4,Dgv,190,xgboost_naive_transfer,0.1,2,7.512185772131507,5.230405816313005,7.334197839954893,5.247624987523458
1901,4,Dgv,190,xgboost_naive_transfer_with_dummy,0.1,2,7.306704909701448,4.785984062606152,7.094288473853367,4.77843975147481
1902,4,Dgv,190,xgboost,0.1,3,7.650183108171267,4.9134876530065155,7.481927282555667,5.095143404670902
1903,4,Dgv,190,xgboost_naive_transfer,0.1,3,7.517215883509607,5.256021760260054,7.304736299274503,5.2357047831211245
1904,4,Dgv,190,xgboost_naive_transfer_with_dummy,0.1,3,7.298172785000901,4.824944794785822,7.098737084060359,4.809942882806768
1905,4,Dgv,190,xgboost,0.1,4,7.8152936686577394,5.036340276729408,7.55397612251834,5.281184343726302
1906,4,Dgv,190,xgboost_naive_transfer,0.1,4,7.560686089746678,5.291445938052983,7.321373089765576,5.2542154792140625
1907,4,Dgv,190,xgboost_naive_transfer_with_dummy,0.1,4,7.385543098293088,4.910251907615857,7.129061536854598,4.863895046563222
1908,4,Dgv,190,xgboost,0.15,1,7.558378445545428,4.870782993991997,7.4636777037375905,5.099252399326645
1909,4,Dgv,190,xgboost_naive_transfer,0.15,1,7.523934331415118,5.246322664939298,7.367065226856329,5.285759744064101
1910,4,Dgv,190,xgboost_naive_transfer_with_dummy,0.15,1,7.2747494516302,4.7348407889857,7.074243697438837,4.750060677008797
1911,4,Dgv,190,xgboost,0.15,2,7.456427802841756,4.825011984710384,7.456149818375978,5.079396356991756
1912,4,Dgv,190,xgboost_naive_transfer,0.15,2,7.537288924367839,5.273720344106719,7.352531887112425,5.283713508073662
1913,4,Dgv,190,xgboost_naive_transfer_with_dummy,0.15,2,7.339247543209589,4.842277332748965,7.193794022563048,4.878354543102891
1914,4,Dgv,190,xgboost,0.15,3,7.631479935273651,4.917682791240098,7.543636654086383,5.149032937187577
1915,4,Dgv,190,xgboost_naive_transfer,0.15,3,7.574480014263142,5.290071492349872,7.330491966298836,5.257130382645904
1916,4,Dgv,190,xgboost_naive_transfer_with_dummy,0.15,3,7.297834994208474,4.811547344681777,7.132206183053747,4.829963814649561
1917,4,Dgv,190,xgboost,0.15,4,7.851763314025528,5.157965817581347,7.582427082049184,5.286107042140363
1918,4,Dgv,190,xgboost_naive_transfer,0.15,4,7.58244185412094,5.312907680389941,7.3636435651957886,5.273514393890624
1919,4,Dgv,190,xgboost_naive_transfer_with_dummy,0.15,4,7.407282905232657,4.9408130128181265,7.211362453385122,4.892172684299923
1920,4,Dgv,285,xgboost,0.01,1,7.371554176287005,4.609836182491762,7.210746925694896,4.867398354265153
1921,4,Dgv,285,xgboost_naive_transfer,0.01,1,7.515114402719563,5.213190899104308,7.4117473102535705,5.309540866877075
1922,4,Dgv,285,xgboost_naive_transfer_with_dummy,0.01,1,7.3359358570823545,4.850734421413561,7.212819047842243,4.937832252278452
1923,4,Dgv,285,xgboost,0.01,2,7.30562936866023,4.598500033346769,7.137205481879192,4.843916331794075
1924,4,Dgv,285,xgboost_naive_transfer,0.01,2,7.462649816086336,5.1798282027248534,7.341511087844492,5.252181866720772
1925,4,Dgv,285,xgboost_naive_transfer_with_dummy,0.01,2,7.235969970405794,4.727468757505719,7.078423555156757,4.788835746045707
1926,4,Dgv,285,xgboost,0.01,3,7.288260409416159,4.581947235394781,7.262070894304438,4.992614034008668
1927,4,Dgv,285,xgboost_naive_transfer,0.01,3,7.47297824725544,5.178284786583885,7.410866981791438,5.313459822118913
1928,4,Dgv,285,xgboost_naive_transfer_with_dummy,0.01,3,7.207993599701073,4.70322024542969,7.056657887741237,4.79168226493379
1929,4,Dgv,285,xgboost,0.01,4,7.416734764713678,4.656299948685125,7.47592847321726,5.128856608187056
1930,4,Dgv,285,xgboost_naive_transfer,0.01,4,7.445331199221522,5.171004089994592,7.349059967801662,5.261322796185758
1931,4,Dgv,285,xgboost_naive_transfer_with_dummy,0.01,4,7.269611400202495,4.77137569081898,7.077829904709844,4.797234896079325
1932,4,Dgv,285,xgboost,0.02,1,7.370686536332363,4.60517190157037,7.199162502816274,4.85371490151901
1933,4,Dgv,285,xgboost_naive_transfer,0.02,1,7.513002111780262,5.20875966745501,7.395663960597279,5.294771177150799
1934,4,Dgv,285,xgboost_naive_transfer_with_dummy,0.02,1,7.297770153128572,4.76524120872837,7.1225181922335565,4.811478983847347
1935,4,Dgv,285,xgboost,0.02,2,7.298625354586923,4.5950403028660975,7.108999993895154,4.813631430055428
1936,4,Dgv,285,xgboost_naive_transfer,0.02,2,7.473071433744737,5.191407372653071,7.369766066415079,5.28208134263122
1937,4,Dgv,285,xgboost_naive_transfer_with_dummy,0.02,2,7.229210108739543,4.702732467605896,7.058074499892444,4.758657490157673
1938,4,Dgv,285,xgboost,0.02,3,7.282396661391872,4.570694536450331,7.212986124479192,4.9461145436986405
1939,4,Dgv,285,xgboost_naive_transfer,0.02,3,7.47394164083858,5.179387371095858,7.407285976992041,5.310727048648764
1940,4,Dgv,285,xgboost_naive_transfer_with_dummy,0.02,3,7.204509673222273,4.697620729050183,7.050154503989365,4.772268263987455
1941,4,Dgv,285,xgboost,0.02,4,7.3993549959882285,4.634896347032618,7.470614305424877,5.126880405017227
1942,4,Dgv,285,xgboost_naive_transfer,0.02,4,7.457200336969085,5.179253881406786,7.345260173889275,5.2550229699385405
1943,4,Dgv,285,xgboost_naive_transfer_with_dummy,0.02,4,7.261931593410962,4.764647164879218,7.104331117182804,4.831213412971513
1944,4,Dgv,285,xgboost,0.05,1,7.365938545157011,4.593058468779644,7.1855373791150035,4.837386341940507
1945,4,Dgv,285,xgboost_naive_transfer,0.05,1,7.507320659201326,5.193825676256029,7.350871139014493,5.250975650296706
1946,4,Dgv,285,xgboost_naive_transfer_with_dummy,0.05,1,7.318718131443756,4.8153231933167095,7.168256093505001,4.878375365422091
1947,4,Dgv,285,xgboost,0.05,2,7.2819296744176,4.594575013436283,7.069578727686973,4.779801178582275
1948,4,Dgv,285,xgboost_naive_transfer,0.05,2,7.464530138313316,5.1678195639071305,7.302738943576375,5.200825287806535
1949,4,Dgv,285,xgboost_naive_transfer_with_dummy,0.05,2,7.2239882754545155,4.65866863531735,7.019600988758933,4.705953545989337
1950,4,Dgv,285,xgboost,0.05,3,7.288005358268729,4.5452044273647045,7.208724779309405,4.9042319344983625
1951,4,Dgv,285,xgboost_naive_transfer,0.05,3,7.438410950396292,5.1580488269119895,7.304951247592482,5.198788928918466
1952,4,Dgv,285,xgboost_naive_transfer_with_dummy,0.05,3,7.206135472826846,4.702113050370627,7.042240811212479,4.766195185998939
1953,4,Dgv,285,xgboost,0.05,4,7.382559564798446,4.6410267195942305,7.398707758066561,5.0446438249247905
1954,4,Dgv,285,xgboost_naive_transfer,0.05,4,7.455698201154491,5.169172014764287,7.335765311606585,5.242248537142021
1955,4,Dgv,285,xgboost_naive_transfer_with_dummy,0.05,4,7.287106402343937,4.786294351061228,7.1080144927638225,4.842843161781767
1956,4,Dgv,285,xgboost,0.1,1,7.3588367011349245,4.588014848306029,7.179208435323034,4.826694122362806
1957,4,Dgv,285,xgboost_naive_transfer,0.1,1,7.506863919493333,5.19752657510912,7.3632349295120925,5.25623463996071
1958,4,Dgv,285,xgboost_naive_transfer_with_dummy,0.1,1,7.262269052651326,4.702897869852321,7.034566734955737,4.703078514729376
1959,4,Dgv,285,xgboost,0.1,2,7.327435345588657,4.592801677444631,7.049335305372878,4.764936737173188
1960,4,Dgv,285,xgboost_naive_transfer,0.1,2,7.46627173622315,5.175053577775576,7.307162974182309,5.208654236810403
1961,4,Dgv,285,xgboost_naive_transfer_with_dummy,0.1,2,7.2193929893847475,4.6732268084934105,7.055081350470397,4.7380994785644805
1962,4,Dgv,285,xgboost,0.1,3,7.321461737917855,4.594805919458325,7.27469219735496,4.948620341805317
1963,4,Dgv,285,xgboost_naive_transfer,0.1,3,7.449849468637513,5.149308632051346,7.266092193666896,5.153118996431281
1964,4,Dgv,285,xgboost_naive_transfer_with_dummy,0.1,3,7.21945771948111,4.697314021599821,7.026263455806983,4.740732028151322
1965,4,Dgv,285,xgboost,0.1,4,7.466811768758318,4.7020785989012746,7.5088037995597245,5.099986577242969
1966,4,Dgv,285,xgboost_naive_transfer,0.1,4,7.489800762420315,5.196321302894003,7.291870768539145,5.186659739869844
1967,4,Dgv,285,xgboost_naive_transfer_with_dummy,0.1,4,7.29973130212363,4.797010389073975,7.106663741703641,4.804214977453434
1968,4,Dgv,285,xgboost,0.15,1,7.394873440523507,4.609147157036402,7.195939322404817,4.833764894836893
1969,4,Dgv,285,xgboost_naive_transfer,0.15,1,7.509251961759217,5.20842960774281,7.341029582518394,5.240693729612695
1970,4,Dgv,285,xgboost_naive_transfer_with_dummy,0.15,1,7.270413137930687,4.7100469076297395,7.036352015454681,4.7147884902492985
1971,4,Dgv,285,xgboost,0.15,2,7.314574016698557,4.565083519061824,7.0023885350311765,4.730606416039614
1972,4,Dgv,285,xgboost_naive_transfer,0.15,2,7.463488961830578,5.16648559978271,7.3056988911238125,5.2086454407519875
1973,4,Dgv,285,xgboost_naive_transfer_with_dummy,0.15,2,7.206307735181092,4.639726826571059,7.004882935708558,4.678162177704444
1974,4,Dgv,285,xgboost,0.15,3,7.366057321696115,4.622877297683977,7.323682975619739,4.999648059768041
1975,4,Dgv,285,xgboost_naive_transfer,0.15,3,7.459413893692026,5.1468685330200685,7.299213792169022,5.173073486575841
1976,4,Dgv,285,xgboost_naive_transfer_with_dummy,0.15,3,7.2314031966632655,4.687570352478483,7.069498142003661,4.722227692248644
1977,4,Dgv,285,xgboost,0.15,4,7.437989802293468,4.664889198318657,7.387649518486056,5.058271597380959
1978,4,Dgv,285,xgboost_naive_transfer,0.15,4,7.533474751688251,5.201201953367685,7.269149402137921,5.163760776840109
1979,4,Dgv,285,xgboost_naive_transfer_with_dummy,0.15,4,7.328433608794526,4.763240131867536,7.098433768448574,4.753870956959516
1980,4,Dgv,380,xgboost,0.01,1,7.391375038302453,4.701927248535233,7.140965937551543,4.856349554389578
1981,4,Dgv,380,xgboost_naive_transfer,0.01,1,7.500092640823595,5.188007937396246,7.339009442473513,5.245976018350091
1982,4,Dgv,380,xgboost_naive_transfer_with_dummy,0.01,1,7.340337539546368,4.873955518009861,7.172573270788532,4.931629486890524
1983,4,Dgv,380,xgboost,0.01,2,7.2950379124629645,4.641118760789595,7.069290887485471,4.820296861815382
1984,4,Dgv,380,xgboost_naive_transfer,0.01,2,7.467959427190503,5.187313712717047,7.369127139216716,5.283798506021571
1985,4,Dgv,380,xgboost_naive_transfer_with_dummy,0.01,2,7.211304808321014,4.715058325346765,6.922773561054189,4.693577835124101
1986,4,Dgv,380,xgboost,0.01,3,7.274712889619587,4.618617183246922,7.056446791118564,4.813703663858507
1987,4,Dgv,380,xgboost_naive_transfer,0.01,3,7.4400689376083555,5.1670794393999255,7.297438361616253,5.224042068225368
1988,4,Dgv,380,xgboost_naive_transfer_with_dummy,0.01,3,7.2023128217458,4.722276186173293,6.922779392997302,4.7394489972496086
1989,4,Dgv,380,xgboost,0.01,4,7.457510341166684,4.7189694289292445,7.172595438670657,4.941607052509127
1990,4,Dgv,380,xgboost_naive_transfer,0.01,4,7.449363085733872,5.168212309324766,7.24546642915868,5.214927124478037
1991,4,Dgv,380,xgboost_naive_transfer_with_dummy,0.01,4,7.298684522747644,4.808210433386527,7.038906801288435,4.871593697388312
1992,4,Dgv,380,xgboost,0.02,1,7.3911136538359745,4.700630770966456,7.140019059874127,4.855586531113528
1993,4,Dgv,380,xgboost_naive_transfer,0.02,1,7.50607667124327,5.200741238563946,7.365557801518901,5.2721960293535854
1994,4,Dgv,380,xgboost_naive_transfer_with_dummy,0.02,1,7.300459086365908,4.787901606943499,7.075496823948217,4.80147056030444
1995,4,Dgv,380,xgboost,0.02,2,7.290135576371025,4.6329411619122345,7.042980177379831,4.77687195364791
1996,4,Dgv,380,xgboost_naive_transfer,0.02,2,7.466796815319044,5.185723723134645,7.358941571081571,5.274009670502301
1997,4,Dgv,380,xgboost_naive_transfer_with_dummy,0.02,2,7.2434198163039545,4.762513685196386,6.976461063373784,4.760060648363025
1998,4,Dgv,380,xgboost,0.02,3,7.279675323353382,4.660249904625757,7.110214720605684,4.89300650756438
1999,4,Dgv,380,xgboost_naive_transfer,0.02,3,7.441257616644261,5.171098795344643,7.277244956275456,5.203385364484254
2000,4,Dgv,380,xgboost_naive_transfer_with_dummy,0.02,3,7.205411256389688,4.701194291528388,6.888846320891088,4.6843935863299375
2001,4,Dgv,380,xgboost,0.02,4,7.449456672170319,4.720887779544747,7.167654391582734,4.925642568984835
2002,4,Dgv,380,xgboost_naive_transfer,0.02,4,7.452962461214833,5.168214033162978,7.222211647163917,5.183597145759863
2003,4,Dgv,380,xgboost_naive_transfer_with_dummy,0.02,4,7.285348822516974,4.772253335455012,6.987105131141221,4.793711211797735
2004,4,Dgv,380,xgboost,0.05,1,7.388080308775694,4.689851167864791,7.096023282348703,4.812416537019679
2005,4,Dgv,380,xgboost_naive_transfer,0.05,1,7.493529772376456,5.1736131909134855,7.295968861311244,5.203235633927762
2006,4,Dgv,380,xgboost_naive_transfer_with_dummy,0.05,1,7.30122393376356,4.7898101736254315,7.074127535307677,4.801601982146513
2007,4,Dgv,380,xgboost,0.05,2,7.279303569182743,4.62031045679467,7.037273936360814,4.762313733093707
2008,4,Dgv,380,xgboost_naive_transfer,0.05,2,7.451920680098288,5.161795472407543,7.251593502570607,5.179971104206311
2009,4,Dgv,380,xgboost_naive_transfer_with_dummy,0.05,2,7.216487084620287,4.699925979346176,6.900950957115131,4.651078125888108
2010,4,Dgv,380,xgboost,0.05,3,7.2986404309055075,4.637064802652137,7.070553471479874,4.825170020765252
2011,4,Dgv,380,xgboost_naive_transfer,0.05,3,7.441706282000755,5.166865860726588,7.232202058258929,5.171903295809053
2012,4,Dgv,380,xgboost_naive_transfer_with_dummy,0.05,3,7.187235368705486,4.676376969351831,6.883143529638774,4.6307367586961785
2013,4,Dgv,380,xgboost,0.05,4,7.4203723548097225,4.7003984121890285,7.176590322139364,4.924609290239594
2014,4,Dgv,380,xgboost_naive_transfer,0.05,4,7.46478557754109,5.17952129048293,7.191718229492765,5.1380980326260275
2015,4,Dgv,380,xgboost_naive_transfer_with_dummy,0.05,4,7.267188900153328,4.733401117565028,6.965339810220849,4.753735334372425
2016,4,Dgv,380,xgboost,0.1,1,7.382920666583131,4.694715942239205,7.05635549241823,4.78862726573089
2017,4,Dgv,380,xgboost_naive_transfer,0.1,1,7.496706709165691,5.183606486739103,7.295224867107105,5.198427042089083
2018,4,Dgv,380,xgboost_naive_transfer_with_dummy,0.1,1,7.285159084132416,4.752424333587864,7.029874701982458,4.7369487047724474
2019,4,Dgv,380,xgboost,0.1,2,7.288249481183505,4.644995537763484,6.990030271582477,4.719544954300798
2020,4,Dgv,380,xgboost_naive_transfer,0.1,2,7.447276068816811,5.1584872900514585,7.231719331545775,5.162178839514724
2021,4,Dgv,380,xgboost_naive_transfer_with_dummy,0.1,2,7.225432155501262,4.679721189910241,6.90861014371859,4.6355172125715765
2022,4,Dgv,380,xgboost,0.1,3,7.314633860380659,4.662187614187196,7.062821387941716,4.837952403764835
2023,4,Dgv,380,xgboost_naive_transfer,0.1,3,7.409980526204508,5.145741486643016,7.156890035484643,5.089279320823045
2024,4,Dgv,380,xgboost_naive_transfer_with_dummy,0.1,3,7.203036678237935,4.675742284830906,6.854856208221037,4.636825521468761
2025,4,Dgv,380,xgboost,0.1,4,7.4253501390115515,4.691521503840568,7.1487486421480195,4.871269153713578
2026,4,Dgv,380,xgboost_naive_transfer,0.1,4,7.482184109698813,5.168109035708472,7.205113867495183,5.1349982008361374
2027,4,Dgv,380,xgboost_naive_transfer_with_dummy,0.1,4,7.285146087178568,4.751418010238869,6.967372612757155,4.71659716078768
2028,4,Dgv,380,xgboost,0.15,1,7.377699541062137,4.693219448741909,7.078152845999714,4.786335866048285
2029,4,Dgv,380,xgboost_naive_transfer,0.15,1,7.49385726846644,5.185781341567381,7.314601365456646,5.22412047131803
2030,4,Dgv,380,xgboost_naive_transfer_with_dummy,0.15,1,7.275823284056129,4.7348352995547325,7.014762257291713,4.7219690721904035
2031,4,Dgv,380,xgboost,0.15,2,7.304623640079806,4.6757929001294904,7.077944997463615,4.772248266602181
2032,4,Dgv,380,xgboost_naive_transfer,0.15,2,7.450869376370369,5.157191014159887,7.191239678034461,5.134259731862545
2033,4,Dgv,380,xgboost_naive_transfer_with_dummy,0.15,2,7.20364228587213,4.660427680927,6.878170099551801,4.626304111935369
2034,4,Dgv,380,xgboost,0.15,3,7.308129219694447,4.61412611340847,7.060973778541492,4.817785829868609
2035,4,Dgv,380,xgboost_naive_transfer,0.15,3,7.4741457707199785,5.188540467939506,7.185428963186884,5.106971717770681
2036,4,Dgv,380,xgboost_naive_transfer_with_dummy,0.15,3,7.1875915750669686,4.677884865306223,6.9337240331449745,4.64844061316006
2037,4,Dgv,380,xgboost,0.15,4,7.417028588025831,4.748605207817971,7.272460025019079,4.982729651382863
2038,4,Dgv,380,xgboost_naive_transfer,0.15,4,7.509753406244007,5.201542669696885,7.205279881051961,5.1281009541476825
2039,4,Dgv,380,xgboost_naive_transfer_with_dummy,0.15,4,7.35632492597488,4.82938067229597,6.932534775575453,4.722164172466614
2040,4,Dgv,475,xgboost,0.01,1,7.329247707065385,4.6629511885441195,7.131422069176717,4.854996099097671
2041,4,Dgv,475,xgboost_naive_transfer,0.01,1,7.465697355922159,5.148122571936305,7.357588034386136,5.2509223917478165
2042,4,Dgv,475,xgboost_naive_transfer_with_dummy,0.01,1,7.312790807618918,4.806086818573279,7.1907154345046145,4.906525812722759
2043,4,Dgv,475,xgboost,0.01,2,7.204954834899574,4.6461646676404875,7.115062598367,4.8328056525866705
2044,4,Dgv,475,xgboost_naive_transfer,0.01,2,7.421786601589233,5.128709239447154,7.290005525527881,5.201199629360063
2045,4,Dgv,475,xgboost_naive_transfer_with_dummy,0.01,2,7.203632730063734,4.68819781329919,6.957590866111512,4.694305674586228
2046,4,Dgv,475,xgboost,0.01,3,7.287284656595867,4.6654122348658325,7.2249795024105605,4.970909549869871
2047,4,Dgv,475,xgboost_naive_transfer,0.01,3,7.42241225437443,5.127566313389284,7.345647048349288,5.233279674860803
2048,4,Dgv,475,xgboost_naive_transfer_with_dummy,0.01,3,7.23494308891311,4.730799891242139,6.976702059893022,4.769478895543408
2049,4,Dgv,475,xgboost,0.01,4,7.366640358211314,4.755199175541,7.2443107687832695,5.0215216827467195
2050,4,Dgv,475,xgboost_naive_transfer,0.01,4,7.436857344676701,5.149892965008222,7.311136621198006,5.236047505702553
2051,4,Dgv,475,xgboost_naive_transfer_with_dummy,0.01,4,7.313897776805447,4.816424416065589,7.083963566657726,4.870235224824346
2052,4,Dgv,475,xgboost,0.02,1,7.321410081816169,4.648132164337394,7.112044075647786,4.831025837473686
2053,4,Dgv,475,xgboost_naive_transfer,0.02,1,7.448341694526373,5.129156483915977,7.305667030991839,5.198072746556728
2054,4,Dgv,475,xgboost_naive_transfer_with_dummy,0.02,1,7.278357709639922,4.747995224238687,7.1214705637911795,4.819037466283511
2055,4,Dgv,475,xgboost,0.02,2,7.2010263680565245,4.646252993793327,7.111697255896226,4.825075893872296
2056,4,Dgv,475,xgboost_naive_transfer,0.02,2,7.418991975833859,5.123159125690284,7.275448798399032,5.1898822339252755
2057,4,Dgv,475,xgboost_naive_transfer_with_dummy,0.02,2,7.204612393979127,4.687863097439006,6.946606523293575,4.690869805740173
2058,4,Dgv,475,xgboost,0.02,3,7.291978822693446,4.671718444217108,7.222486814559488,4.97501934545488
2059,4,Dgv,475,xgboost_naive_transfer,0.02,3,7.419803862863333,5.127839581906882,7.3187608214060775,5.214936343564449
2060,4,Dgv,475,xgboost_naive_transfer_with_dummy,0.02,3,7.234808359092801,4.735260784799243,6.98071687218092,4.7726749108459865
2061,4,Dgv,475,xgboost,0.02,4,7.3713392911850555,4.756266715936981,7.237557469032401,5.01228573453525
2062,4,Dgv,475,xgboost_naive_transfer,0.02,4,7.436841550729263,5.152049836587982,7.299632517418861,5.220947906046117
2063,4,Dgv,475,xgboost_naive_transfer_with_dummy,0.02,4,7.315055794676322,4.819294999133693,7.082697549443511,4.872285820339252
2064,4,Dgv,475,xgboost,0.05,1,7.309583837342961,4.635984808768414,7.088053299314279,4.804732248068743
2065,4,Dgv,475,xgboost_naive_transfer,0.05,1,7.446869902872176,5.1262170340836395,7.294564436676067,5.185472085580522
2066,4,Dgv,475,xgboost_naive_transfer_with_dummy,0.05,1,7.260516919336018,4.715155817859877,7.082953993475728,4.769884056813258
2067,4,Dgv,475,xgboost,0.05,2,7.204862141305824,4.653019413126636,7.108635847241972,4.819280580583427
2068,4,Dgv,475,xgboost_naive_transfer,0.05,2,7.415575249137014,5.120091575819514,7.26876635563664,5.181343111970121
2069,4,Dgv,475,xgboost_naive_transfer_with_dummy,0.05,2,7.2023048988084835,4.6759471642520705,6.946754620374965,4.686281454340862
2070,4,Dgv,475,xgboost,0.05,3,7.306420179467939,4.669016154273798,7.2021089966427985,4.92199802669773
2071,4,Dgv,475,xgboost_naive_transfer,0.05,3,7.41662209358265,5.133178795554484,7.209283868618595,5.119159532238417
2072,4,Dgv,475,xgboost_naive_transfer_with_dummy,0.05,3,7.219629266376083,4.70977095080037,6.941622017504874,4.709440187661069
2073,4,Dgv,475,xgboost,0.05,4,7.427913626621868,4.787017579658403,7.18526300024551,4.9549242774348405
2074,4,Dgv,475,xgboost_naive_transfer,0.05,4,7.443686110058034,5.169894520544903,7.24402968395641,5.165841781159372
2075,4,Dgv,475,xgboost_naive_transfer_with_dummy,0.05,4,7.345545939937005,4.825145910277638,7.035599922651775,4.822263053216434
2076,4,Dgv,475,xgboost,0.1,1,7.314323840584398,4.643333709543133,7.095957965623719,4.819335952235032
2077,4,Dgv,475,xgboost_naive_transfer,0.1,1,7.468419345474731,5.15023637800834,7.364024722761864,5.255548459781565
2078,4,Dgv,475,xgboost_naive_transfer_with_dummy,0.1,1,7.245750274303961,4.687753108912282,7.0558464473489275,4.735255368724622
2079,4,Dgv,475,xgboost,0.1,2,7.233861748388736,4.672650150561911,7.079457135962319,4.8229454896038995
2080,4,Dgv,475,xgboost_naive_transfer,0.1,2,7.402868688344036,5.110403269066864,7.217808788747617,5.132089919055982
2081,4,Dgv,475,xgboost_naive_transfer_with_dummy,0.1,2,7.195984605237066,4.663277236399281,6.944166727147432,4.677846361395547
2082,4,Dgv,475,xgboost,0.1,3,7.31132811207152,4.697684909776144,7.189117031963196,4.935032375639101
2083,4,Dgv,475,xgboost_naive_transfer,0.1,3,7.445591077427958,5.146197783144631,7.304077622972471,5.2106483378689115
2084,4,Dgv,475,xgboost_naive_transfer_with_dummy,0.1,3,7.223614292992705,4.727373271732569,6.955107408217363,4.728550986710244
2085,4,Dgv,475,xgboost,0.1,4,7.387341851644711,4.770413980579039,7.148992380168759,4.896516256184423
2086,4,Dgv,475,xgboost_naive_transfer,0.1,4,7.43990859009038,5.1647113527416435,7.266710023001934,5.1452770990625165
2087,4,Dgv,475,xgboost_naive_transfer_with_dummy,0.1,4,7.33475010140575,4.817226303073827,7.01190841160994,4.768937680343311
2088,4,Dgv,475,xgboost,0.15,1,7.3113496046631,4.642633865411529,7.051829122008465,4.7765369479497055
2089,4,Dgv,475,xgboost_naive_transfer,0.15,1,7.430178422354283,5.105643436345686,7.294874340020634,5.183361066537514
2090,4,Dgv,475,xgboost_naive_transfer_with_dummy,0.15,1,7.231531917159238,4.6707763666413555,7.0517335886338,4.737630892969703
2091,4,Dgv,475,xgboost,0.15,2,7.3217794162231105,4.717856295967596,7.053662678012945,4.786793254528248
2092,4,Dgv,475,xgboost_naive_transfer,0.15,2,7.426805335172636,5.121107980888574,7.189346955015235,5.110372859838037
2093,4,Dgv,475,xgboost_naive_transfer_with_dummy,0.15,2,7.2033790266954085,4.649083404463499,6.912879206936624,4.6207227900194265
2094,4,Dgv,475,xgboost,0.15,3,7.332435248482241,4.719674269463846,7.154386180779914,4.92428365184549
2095,4,Dgv,475,xgboost_naive_transfer,0.15,3,7.4430780327686765,5.139353482261672,7.179787354709429,5.106990792192341
2096,4,Dgv,475,xgboost_naive_transfer_with_dummy,0.15,3,7.195489806488802,4.682042909170702,6.913502114302661,4.657864437900158
2097,4,Dgv,475,xgboost,0.15,4,7.502756046122265,4.806955443790129,7.172996593279743,4.958266493298827
2098,4,Dgv,475,xgboost_naive_transfer,0.15,4,7.441095647896623,5.158430407120481,7.232910804227267,5.1470876434788515
2099,4,Dgv,475,xgboost_naive_transfer_with_dummy,0.15,4,7.289587917543858,4.72862182977065,6.984438444291885,4.659310632081255
2100,4,Dgv,570,xgboost,0.01,1,7.265844026311312,4.691381315719002,7.131469992415671,4.856871463702536
2101,4,Dgv,570,xgboost_naive_transfer,0.01,1,7.451268917528025,5.121111446359977,7.361373797184091,5.229170088935421
2102,4,Dgv,570,xgboost_naive_transfer_with_dummy,0.01,1,7.306113283987678,4.799202413312583,7.201461929629887,4.90513848612664
2103,4,Dgv,570,xgboost,0.01,2,7.172959159129063,4.690636300764331,7.117382585731875,4.891602870565872
2104,4,Dgv,570,xgboost_naive_transfer,0.01,2,7.40731240484911,5.116615611128236,7.328486560682244,5.203578688304036
2105,4,Dgv,570,xgboost_naive_transfer_with_dummy,0.01,2,7.077070686033848,4.602896910654324,6.957420401237489,4.669307990033529
2106,4,Dgv,570,xgboost,0.01,3,7.1926030556218565,4.702833168544512,7.140035273960632,4.933890517586325
2107,4,Dgv,570,xgboost_naive_transfer,0.01,3,7.3900713378055825,5.110469128905174,7.3048001190664,5.1820487544788465
2108,4,Dgv,570,xgboost_naive_transfer_with_dummy,0.01,3,7.20351488758824,4.741668119319133,7.0515196238071,4.825919593931657
2109,4,Dgv,570,xgboost,0.01,4,7.218169655795546,4.725256086434562,7.207062591971239,4.976342258570259
2110,4,Dgv,570,xgboost_naive_transfer,0.01,4,7.4075791550892465,5.118419244303932,7.303967845217295,5.200340833994932
2111,4,Dgv,570,xgboost_naive_transfer_with_dummy,0.01,4,7.264888824420342,4.757705866742199,7.090912399893622,4.845626729013016
2112,4,Dgv,570,xgboost,0.02,1,7.205580081014868,4.648003890793216,7.069769436563117,4.803614284684888
2113,4,Dgv,570,xgboost_naive_transfer,0.02,1,7.440569914839318,5.108321959175732,7.33087419877925,5.196073168554478
2114,4,Dgv,570,xgboost_naive_transfer_with_dummy,0.02,1,7.224276345002878,4.646437010781847,7.034363752349235,4.692887997384239
2115,4,Dgv,570,xgboost,0.02,2,7.177542350292932,4.690133603135047,7.115907440594066,4.891245443972694
2116,4,Dgv,570,xgboost_naive_transfer,0.02,2,7.4046141824309,5.113968422890035,7.318049819061653,5.195154584903038
2117,4,Dgv,570,xgboost_naive_transfer_with_dummy,0.02,2,7.067904711482617,4.587431612668587,6.948796870083377,4.657757561203287
2118,4,Dgv,570,xgboost,0.02,3,7.180008042313562,4.699218365785057,7.115253194915437,4.9226529304402415
2119,4,Dgv,570,xgboost_naive_transfer,0.02,3,7.385700455012776,5.110052763182426,7.3051704035305445,5.183377171578346
2120,4,Dgv,570,xgboost_naive_transfer_with_dummy,0.02,3,7.1860773152269894,4.712201913575685,7.016717382919493,4.784618875768493
2121,4,Dgv,570,xgboost,0.02,4,7.23099666073846,4.732017873425097,7.200817637334872,4.973962428452165
2122,4,Dgv,570,xgboost_naive_transfer,0.02,4,7.408176659254877,5.125750283611974,7.30202366926943,5.203349636055231
2123,4,Dgv,570,xgboost_naive_transfer_with_dummy,0.02,4,7.272037191064787,4.7682362322785465,7.0849157895487025,4.840630594152493
2124,4,Dgv,570,xgboost,0.05,1,7.206614145651584,4.6447547575010475,7.068950750992385,4.804264488791269
2125,4,Dgv,570,xgboost_naive_transfer,0.05,1,7.423182388541825,5.090947337784128,7.272088570253279,5.1385429727987875
2126,4,Dgv,570,xgboost_naive_transfer_with_dummy,0.05,1,7.265401842254478,4.7213198960029885,7.114184115171802,4.7974633871402705
2127,4,Dgv,570,xgboost,0.05,2,7.131192102212631,4.713019589079285,7.091136079453753,4.8623956157227495
2128,4,Dgv,570,xgboost_naive_transfer,0.05,2,7.40341390929009,5.11000886956712,7.295523888301244,5.167279293118752
2129,4,Dgv,570,xgboost_naive_transfer_with_dummy,0.05,2,7.06891712082884,4.591471324060277,6.944575550511339,4.656323209448218
2130,4,Dgv,570,xgboost,0.05,3,7.1497031566171,4.670039745164389,7.081129435902548,4.877293175895525
2131,4,Dgv,570,xgboost_naive_transfer,0.05,3,7.385320791483752,5.1064421373806095,7.287199793371444,5.169433394274715
2132,4,Dgv,570,xgboost_naive_transfer_with_dummy,0.05,3,7.185538329165995,4.715612322028255,7.023136486975408,4.801502521937067
2133,4,Dgv,570,xgboost,0.05,4,7.2481492462783255,4.77600904882943,7.163654306074466,4.95076146942808
2134,4,Dgv,570,xgboost_naive_transfer,0.05,4,7.420098438282396,5.139012272756905,7.236234448213,5.1305790614701845
2135,4,Dgv,570,xgboost_naive_transfer_with_dummy,0.05,4,7.295722817987674,4.807310637488461,7.086469154627068,4.836972958145878
2136,4,Dgv,570,xgboost,0.1,1,7.19906548284111,4.643959748915997,7.057506073473747,4.789958653987927
2137,4,Dgv,570,xgboost_naive_transfer,0.1,1,7.420313391326259,5.092595612094889,7.278590527269774,5.139805269418725
2138,4,Dgv,570,xgboost_naive_transfer_with_dummy,0.1,1,7.215167930710133,4.648516337286894,7.012759431571231,4.681807631243436
2139,4,Dgv,570,xgboost,0.1,2,7.103974685450049,4.75323923968353,7.120630981217156,4.885354755472238
2140,4,Dgv,570,xgboost_naive_transfer,0.1,2,7.402840234996516,5.106572791749561,7.324443012058574,5.187169654140432
2141,4,Dgv,570,xgboost_naive_transfer_with_dummy,0.1,2,7.084784639929081,4.584588859260069,6.955629361598464,4.659063439445573
2142,4,Dgv,570,xgboost,0.1,3,7.2368100394723776,4.698212674449707,7.1337491719958726,4.941866913129394
2143,4,Dgv,570,xgboost_naive_transfer,0.1,3,7.4051301163830825,5.128904874815398,7.286648889374238,5.173608906827605
2144,4,Dgv,570,xgboost_naive_transfer_with_dummy,0.1,3,7.07521713684771,4.632657324526031,7.024135226545847,4.730967300858115
2145,4,Dgv,570,xgboost,0.1,4,7.161848707162692,4.6968894604524465,7.09306784331839,4.9263208400201695
2146,4,Dgv,570,xgboost_naive_transfer,0.1,4,7.42407648923661,5.148897257108484,7.278434303222524,5.146479778244094
2147,4,Dgv,570,xgboost_naive_transfer_with_dummy,0.1,4,7.271425508565224,4.768433763729969,7.093940938264354,4.828740172465729
2148,4,Dgv,570,xgboost,0.15,1,7.198832398514548,4.657116848530242,7.050654752919572,4.795927545477913
2149,4,Dgv,570,xgboost_naive_transfer,0.15,1,7.425132404144892,5.096304416469504,7.327229270602672,5.18942806053643
2150,4,Dgv,570,xgboost_naive_transfer_with_dummy,0.15,1,7.207644393646404,4.636059526768272,7.0254515761747935,4.69827314995043
2151,4,Dgv,570,xgboost,0.15,2,7.11095354814798,4.701978572226769,6.985382595680534,4.791856952718424
2152,4,Dgv,570,xgboost_naive_transfer,0.15,2,7.401647632184195,5.109179969430688,7.2738143216611295,5.141867758004919
2153,4,Dgv,570,xgboost_naive_transfer_with_dummy,0.15,2,7.115026910474302,4.606707541071099,6.946773731902112,4.652689102476208
2154,4,Dgv,570,xgboost,0.15,3,7.223864176234932,4.749258037983958,7.106393190196057,4.898971815684276
2155,4,Dgv,570,xgboost_naive_transfer,0.15,3,7.441260094684765,5.130235813835002,7.20559287231803,5.141994587400137
2156,4,Dgv,570,xgboost_naive_transfer_with_dummy,0.15,3,7.079903832011945,4.617165495401536,7.033190750753643,4.737256663582244
2157,4,Dgv,570,xgboost,0.15,4,7.24571729056498,4.756277591767141,7.159851642102373,4.904109284864877
2158,4,Dgv,570,xgboost_naive_transfer,0.15,4,7.436199074249472,5.160264330338019,7.17943433336806,5.081479881301299
2159,4,Dgv,570,xgboost_naive_transfer_with_dummy,0.15,4,7.3017955533117505,4.7752726739660725,7.048684601929009,4.782441576900637
2160,4,Dgv,665,xgboost,0.01,1,7.299734783765838,4.749126045603719,7.110290129937643,4.846742932174059
2161,4,Dgv,665,xgboost_naive_transfer,0.01,1,7.438525413983419,5.103117154457158,7.331584786264206,5.2093672886004985
2162,4,Dgv,665,xgboost_naive_transfer_with_dummy,0.01,1,7.290915162156254,4.796939695449309,7.1682445393899865,4.889459679044739
2163,4,Dgv,665,xgboost,0.01,2,7.058830897277472,4.667104841070534,7.031605104588506,4.788931535690586
2164,4,Dgv,665,xgboost_naive_transfer,0.01,2,7.396164831451986,5.082345483919904,7.251515675442241,5.1470799848731135
2165,4,Dgv,665,xgboost_naive_transfer_with_dummy,0.01,2,7.1651173133054336,4.66315815555116,6.936347328950288,4.677084542041821
2166,4,Dgv,665,xgboost,0.01,3,7.147272939368065,4.676415912778307,7.144381610884646,4.948994376035984
2167,4,Dgv,665,xgboost_naive_transfer,0.01,3,7.345734373862461,5.063801025927178,7.188571969439961,5.09770981583865
2168,4,Dgv,665,xgboost_naive_transfer_with_dummy,0.01,3,7.1254569243883275,4.667970574978556,6.954990505744516,4.747104872844765
2169,4,Dgv,665,xgboost,0.01,4,7.1726779489984045,4.735011496058999,7.2445707799270975,4.979342789022585
2170,4,Dgv,665,xgboost_naive_transfer,0.01,4,7.352813213761084,5.065700581816376,7.231919465891274,5.1426730762188155
2171,4,Dgv,665,xgboost_naive_transfer_with_dummy,0.01,4,7.164635530165844,4.677363739533937,6.980035109546176,4.769540640149922
2172,4,Dgv,665,xgboost,0.02,1,7.240224509045375,4.6958066908001985,7.03176663871955,4.763634851736692
2173,4,Dgv,665,xgboost_naive_transfer,0.02,1,7.432170165486658,5.092490357988892,7.309038373664085,5.185523628824246
2174,4,Dgv,665,xgboost_naive_transfer_with_dummy,0.02,1,7.250298453261804,4.716233570298711,7.08126037585297,4.781736181353478
2175,4,Dgv,665,xgboost,0.02,2,7.060544063784361,4.673688867698996,7.027757125143952,4.782216206203164
2176,4,Dgv,665,xgboost_naive_transfer,0.02,2,7.387919599101632,5.071997309975331,7.219247605887203,5.115677804571854
2177,4,Dgv,665,xgboost_naive_transfer_with_dummy,0.02,2,7.173732236716655,4.675261023406308,6.951392517547695,4.701258646920684
2178,4,Dgv,665,xgboost,0.02,3,7.155457420364286,4.688914412713197,7.128815882338457,4.922226049008369
2179,4,Dgv,665,xgboost_naive_transfer,0.02,3,7.352375606730054,5.056184094732995,7.216449020238476,5.118165789156835
2180,4,Dgv,665,xgboost_naive_transfer_with_dummy,0.02,3,7.1195368448176515,4.656334635583834,6.94365076464696,4.730237302074
2181,4,Dgv,665,xgboost,0.02,4,7.130400795918712,4.716431854068897,7.219605515801777,4.94721691218042
2182,4,Dgv,665,xgboost_naive_transfer,0.02,4,7.355644804580105,5.064246402583298,7.243782431757159,5.160458093245084
2183,4,Dgv,665,xgboost_naive_transfer_with_dummy,0.02,4,7.139508613621671,4.650150253199815,6.944454496413406,4.705832251042565
2184,4,Dgv,665,xgboost,0.05,1,7.241578873188147,4.693427869678179,7.033723240070456,4.764368358037635
2185,4,Dgv,665,xgboost_naive_transfer,0.05,1,7.429251986125697,5.085705742810959,7.291840585004422,5.171388258418596
2186,4,Dgv,665,xgboost_naive_transfer_with_dummy,0.05,1,7.220995875032324,4.65395262366874,6.993912966489281,4.67326245136079
2187,4,Dgv,665,xgboost,0.05,2,7.052876365887583,4.68953993609734,7.046999898101856,4.786821675535956
2188,4,Dgv,665,xgboost_naive_transfer,0.05,2,7.384722681108798,5.075732890985116,7.232356613901668,5.122068470101664
2189,4,Dgv,665,xgboost_naive_transfer_with_dummy,0.05,2,7.177416829262565,4.6822297497648036,6.954376822740385,4.706694213684727
2190,4,Dgv,665,xgboost,0.05,3,7.155657637380301,4.687718778152293,7.109037957684615,4.9040928826663865
2191,4,Dgv,665,xgboost_naive_transfer,0.05,3,7.355731105107815,5.065674470954967,7.17444590987352,5.086054227687345
2192,4,Dgv,665,xgboost_naive_transfer_with_dummy,0.05,3,7.10015717897262,4.6299560822166566,6.943363559265401,4.710465475770728
2193,4,Dgv,665,xgboost,0.05,4,7.182500829330077,4.726513319713582,7.203223050478791,4.955748652901897
2194,4,Dgv,665,xgboost_naive_transfer,0.05,4,7.367161229217392,5.065556727474366,7.197992408924841,5.097272990203739
2195,4,Dgv,665,xgboost_naive_transfer_with_dummy,0.05,4,7.189858637046751,4.708663338095056,6.990154392810907,4.775769891917694
2196,4,Dgv,665,xgboost,0.1,1,7.24221224870783,4.695653580863779,7.02878811988293,4.762757221651366
2197,4,Dgv,665,xgboost_naive_transfer,0.1,1,7.433889856976598,5.0887206926332444,7.264854729106923,5.140378748971682
2198,4,Dgv,665,xgboost_naive_transfer_with_dummy,0.1,1,7.22324680911065,4.643887658367891,6.964141458463066,4.637668522456982
2199,4,Dgv,665,xgboost,0.1,2,7.07183833812574,4.687972883943727,7.000281376030106,4.758658846772847
2200,4,Dgv,665,xgboost_naive_transfer,0.1,2,7.3998634683076885,5.07597039936513,7.176052125669407,5.085442238843209
2201,4,Dgv,665,xgboost_naive_transfer_with_dummy,0.1,2,7.100370680814876,4.610157372235502,6.905782166674971,4.616275493245423
2202,4,Dgv,665,xgboost,0.1,3,7.1142292597931975,4.669364462730557,7.128743565053382,4.902480778752766
2203,4,Dgv,665,xgboost_naive_transfer,0.1,3,7.337271708397338,5.059757898563659,7.130828256831024,5.03399685259914
2204,4,Dgv,665,xgboost_naive_transfer_with_dummy,0.1,3,7.057844268998122,4.597142307329215,6.9063714010306105,4.646683086085503
2205,4,Dgv,665,xgboost,0.1,4,7.226216133011531,4.754329155154186,7.159743007870802,4.92914989378363
2206,4,Dgv,665,xgboost_naive_transfer,0.1,4,7.382431301183407,5.075852846821291,7.200584941432028,5.102910124640659
2207,4,Dgv,665,xgboost_naive_transfer_with_dummy,0.1,4,7.09786588377772,4.665342707165887,6.926071763551492,4.699108367201456
2208,4,Dgv,665,xgboost,0.15,1,7.224588763105183,4.675626881051005,7.00660332556706,4.740049149073882
2209,4,Dgv,665,xgboost_naive_transfer,0.15,1,7.427395329064906,5.072021003036537,7.230653273518593,5.105838066180457
2210,4,Dgv,665,xgboost_naive_transfer_with_dummy,0.15,1,7.2238888665301575,4.641100502129705,6.96612365399765,4.63789032555947
2211,4,Dgv,665,xgboost,0.15,2,7.06940174086453,4.708915112373245,7.097823882946863,4.794389925509443
2212,4,Dgv,665,xgboost_naive_transfer,0.15,2,7.39954235076766,5.069325941940909,7.214279167898106,5.106550964734247
2213,4,Dgv,665,xgboost_naive_transfer_with_dummy,0.15,2,7.19286863878985,4.679209569893689,6.90039561854469,4.622426873399412
2214,4,Dgv,665,xgboost,0.15,3,7.219184881679683,4.690925529720612,7.123958792597017,4.914806262083118
2215,4,Dgv,665,xgboost_naive_transfer,0.15,3,7.367954520836392,5.0730834642271905,7.182253622749434,5.069321320323725
2216,4,Dgv,665,xgboost_naive_transfer_with_dummy,0.15,3,7.064301976534159,4.616437372146707,6.94098656065556,4.6504377208887675
2217,4,Dgv,665,xgboost,0.15,4,7.214386404943664,4.765640645273061,7.251311450009236,4.955357181641569
2218,4,Dgv,665,xgboost_naive_transfer,0.15,4,7.386289978354378,5.096383906007062,7.2053003496432035,5.053284913398291
2219,4,Dgv,665,xgboost_naive_transfer_with_dummy,0.15,4,7.102216542620366,4.695112031776326,6.93993044672313,4.676972833793088
2220,4,Dgv,760,xgboost,0.01,1,7.313796278939431,4.730739037424627,7.064063024122314,4.821810237800637
2221,4,Dgv,760,xgboost_naive_transfer,0.01,1,7.417655765905327,5.076935061222395,7.334835970852945,5.1927900950951535
2222,4,Dgv,760,xgboost_naive_transfer_with_dummy,0.01,1,7.27407415484089,4.766125502382973,7.187460042282648,4.887004910148083
2223,4,Dgv,760,xgboost,0.01,2,7.2064820938142375,4.6720775221318895,6.923373129092232,4.71804482694299
2224,4,Dgv,760,xgboost_naive_transfer,0.01,2,7.34095770376192,5.033405041538968,7.223990262578656,5.11522852293269
2225,4,Dgv,760,xgboost_naive_transfer_with_dummy,0.01,2,7.132466774548564,4.621115884635736,6.956455481795808,4.690431529788705
2226,4,Dgv,760,xgboost,0.01,3,7.134114368580227,4.684237343053974,7.044812729649523,4.858107378175563
2227,4,Dgv,760,xgboost_naive_transfer,0.01,3,7.346109710493372,5.031922168557071,7.270697783782462,5.158928392596268
2228,4,Dgv,760,xgboost_naive_transfer_with_dummy,0.01,3,7.024139334394843,4.567521406278879,6.909609596751495,4.622993967061221
2229,4,Dgv,760,xgboost,0.01,4,7.2002770479363996,4.745534870039996,7.0995770389680395,4.890257308866938
2230,4,Dgv,760,xgboost_naive_transfer,0.01,4,7.3289282764531425,5.055722535442658,7.244273315936309,5.139308885101581
2231,4,Dgv,760,xgboost_naive_transfer_with_dummy,0.01,4,7.158267109431988,4.680057644478387,7.0636247638774545,4.830445584367849
2232,4,Dgv,760,xgboost,0.02,1,7.260950388506695,4.680869368751528,6.95840713990145,4.712840222954359
2233,4,Dgv,760,xgboost_naive_transfer,0.02,1,7.395144793745913,5.047191115876087,7.257968803919927,5.115694798819155
2234,4,Dgv,760,xgboost_naive_transfer_with_dummy,0.02,1,7.2029468634181235,4.6342709468899885,7.02172687402279,4.6841116915991
2235,4,Dgv,760,xgboost,0.02,2,7.18849924606087,4.660206820918251,6.902626658402921,4.692689908752379
2236,4,Dgv,760,xgboost_naive_transfer,0.02,2,7.309731816924194,5.01132033825176,7.178778654704557,5.059636304214242
2237,4,Dgv,760,xgboost_naive_transfer_with_dummy,0.02,2,7.130017556463859,4.616881209696015,6.944241384080101,4.672758923150412
2238,4,Dgv,760,xgboost,0.02,3,7.147865221267685,4.694745518154914,7.03300415040422,4.858005852780548
2239,4,Dgv,760,xgboost_naive_transfer,0.02,3,7.290581769852466,5.0125240365146455,7.137902665686017,5.012675444985897
2240,4,Dgv,760,xgboost_naive_transfer_with_dummy,0.02,3,7.0554933787536145,4.569411918357389,6.923018124827969,4.646883987794402
2241,4,Dgv,760,xgboost,0.02,4,7.190213929067172,4.739685594661874,7.056532672676448,4.84305656694367
2242,4,Dgv,760,xgboost_naive_transfer,0.02,4,7.334936079789958,5.0534562859591405,7.211617201705376,5.1101853671545845
2243,4,Dgv,760,xgboost_naive_transfer_with_dummy,0.02,4,7.136340989338455,4.654075673408247,6.968809798217074,4.72522821441272
2244,4,Dgv,760,xgboost,0.05,1,7.261374063487191,4.681782172341526,6.953755389716516,4.70697595033104
2245,4,Dgv,760,xgboost_naive_transfer,0.05,1,7.391108454372581,5.045420139830396,7.255943442756249,5.116274852136379
2246,4,Dgv,760,xgboost_naive_transfer_with_dummy,0.05,1,7.195574190842308,4.624727480157466,7.003108644432451,4.659066322034602
2247,4,Dgv,760,xgboost,0.05,2,7.177413943385775,4.662420281262544,6.9123623564278045,4.698133576913893
2248,4,Dgv,760,xgboost_naive_transfer,0.05,2,7.313104524269369,5.008102673416866,7.16336482301811,5.048777233306238
2249,4,Dgv,760,xgboost_naive_transfer_with_dummy,0.05,2,7.099723914067515,4.585208682764334,6.923810972916354,4.624573662774859
2250,4,Dgv,760,xgboost,0.05,3,7.110510984217573,4.7062330300795905,7.0194353772489935,4.809954950476529
2251,4,Dgv,760,xgboost_naive_transfer,0.05,3,7.348815997514471,5.04051816232009,7.237639200034505,5.124566160783014
2252,4,Dgv,760,xgboost_naive_transfer_with_dummy,0.05,3,6.991708101744288,4.566305910139653,6.9070393244546056,4.6019015621758195
2253,4,Dgv,760,xgboost,0.05,4,7.2190997032090065,4.738286932928125,7.077198081257262,4.860224228434508
2254,4,Dgv,760,xgboost_naive_transfer,0.05,4,7.3301507747641805,5.03688164440424,7.184169735772345,5.066454607948671
2255,4,Dgv,760,xgboost_naive_transfer_with_dummy,0.05,4,7.098891375596354,4.630090028713947,6.918880929356607,4.624682440611687
2256,4,Dgv,760,xgboost,0.1,1,7.2628773781179605,4.678913940618343,6.956442620081601,4.701617799789822
2257,4,Dgv,760,xgboost_naive_transfer,0.1,1,7.381915030391073,5.043292362571856,7.217304241510014,5.068069338915589
2258,4,Dgv,760,xgboost_naive_transfer_with_dummy,0.1,1,7.184781559915263,4.618924809213098,6.989829932125654,4.6416027354137075
2259,4,Dgv,760,xgboost,0.1,2,7.147742403761802,4.66103873939506,6.911349944578173,4.697043802721905
2260,4,Dgv,760,xgboost_naive_transfer,0.1,2,7.296937062582954,4.999766558787261,7.15933407998315,5.029180146659461
2261,4,Dgv,760,xgboost_naive_transfer_with_dummy,0.1,2,7.060486790015468,4.560270017757403,6.873837780523494,4.564869588198812
2262,4,Dgv,760,xgboost,0.1,3,7.209150421534285,4.750181564683685,7.082303540819721,4.881422547099324
2263,4,Dgv,760,xgboost_naive_transfer,0.1,3,7.346819766621253,5.035325721477614,7.122260144774165,4.995858903036122
2264,4,Dgv,760,xgboost_naive_transfer_with_dummy,0.1,3,7.025364620074397,4.5573502057688895,6.939532058759892,4.605726409930382
2265,4,Dgv,760,xgboost,0.1,4,7.229180139127908,4.776432022308331,7.044900004917318,4.794451732767116
2266,4,Dgv,760,xgboost_naive_transfer,0.1,4,7.317663419867449,5.045824783553908,7.143260487559472,5.0210503258726575
2267,4,Dgv,760,xgboost_naive_transfer_with_dummy,0.1,4,7.080014449573532,4.63104419291019,6.958841511041009,4.686611110960359
2268,4,Dgv,760,xgboost,0.15,1,7.273533046733841,4.6890068739440105,6.962093055533123,4.704916986412014
2269,4,Dgv,760,xgboost_naive_transfer,0.15,1,7.384997498900444,5.0379144376351155,7.236550044242966,5.083698682472342
2270,4,Dgv,760,xgboost_naive_transfer_with_dummy,0.15,1,7.186124934212023,4.623808678864667,7.0003815144837205,4.65212382867005
2271,4,Dgv,760,xgboost,0.15,2,7.167602299281268,4.685059273147161,6.944337098315604,4.7247304932113385
2272,4,Dgv,760,xgboost_naive_transfer,0.15,2,7.3084126927223085,5.011368051197098,7.160198827833704,5.003015540957138
2273,4,Dgv,760,xgboost_naive_transfer_with_dummy,0.15,2,7.06036080760043,4.578025959679519,6.89098176065138,4.568094036567189
2274,4,Dgv,760,xgboost,0.15,3,7.146555304967505,4.7105430242703825,6.96045567018296,4.778231348505875
2275,4,Dgv,760,xgboost_naive_transfer,0.15,3,7.2893627174836215,5.002641243538402,7.120550861629313,4.9772778106510955
2276,4,Dgv,760,xgboost_naive_transfer_with_dummy,0.15,3,6.989012649889326,4.538490343816476,6.927457127411916,4.594381567454127
2277,4,Dgv,760,xgboost,0.15,4,7.312562909801329,4.828402352221165,7.214860205341686,4.911309945865488
2278,4,Dgv,760,xgboost_naive_transfer,0.15,4,7.405826368778484,5.093805013202282,7.19681113517699,5.07259858302213
2279,4,Dgv,760,xgboost_naive_transfer_with_dummy,0.15,4,7.197008242749956,4.68084338328352,6.940673769682408,4.663901729832978
2280,4,Dgv,855,xgboost,0.01,1,7.297442323521011,4.7040853440699255,7.1165703056665315,4.867298533720419
2281,4,Dgv,855,xgboost_naive_transfer,0.01,1,7.422900861091394,5.0639923249618235,7.308488656878935,5.172613243517468
2282,4,Dgv,855,xgboost_naive_transfer_with_dummy,0.01,1,7.295259231398717,4.769425227912238,7.176179329498677,4.888817004708729
2283,4,Dgv,855,xgboost,0.01,2,7.160368552260429,4.672297986830634,6.927907875073145,4.694467156734385
2284,4,Dgv,855,xgboost_naive_transfer,0.01,2,7.364828979875463,5.02632797814655,7.223075538133806,5.108896033717945
2285,4,Dgv,855,xgboost_naive_transfer_with_dummy,0.01,2,7.164809021305682,4.6393339277546914,7.008519299596357,4.754465391510672
2286,4,Dgv,855,xgboost,0.01,3,7.164792635825529,4.659841654518409,7.02070070215344,4.809937542461544
2287,4,Dgv,855,xgboost_naive_transfer,0.01,3,7.359033930177666,5.0305133449302755,7.214010421448741,5.114660988805944
2288,4,Dgv,855,xgboost_naive_transfer_with_dummy,0.01,3,7.1766246055469916,4.664971341637894,7.010241949710832,4.79092851961435
2289,4,Dgv,855,xgboost,0.01,4,7.249495680568783,4.731009362987415,7.140578603026775,4.928793091816465
2290,4,Dgv,855,xgboost_naive_transfer,0.01,4,7.30749612898883,5.01635087243981,7.2488555684920835,5.138774996789896
2291,4,Dgv,855,xgboost_naive_transfer_with_dummy,0.01,4,7.189310325035076,4.676412015418316,7.0257522170303455,4.796782565870684
2292,4,Dgv,855,xgboost,0.02,1,7.245149685178638,4.6575057722115405,7.013632307113038,4.762283601604459
2293,4,Dgv,855,xgboost_naive_transfer,0.02,1,7.412789406288111,5.052243524182179,7.284852749314236,5.145118776849099
2294,4,Dgv,855,xgboost_naive_transfer_with_dummy,0.02,1,7.232188537908058,4.656319300404504,7.039188156507049,4.714943653189042
2295,4,Dgv,855,xgboost,0.02,2,7.309769301093153,4.728191899553065,7.103747283568423,4.912515642063321
2296,4,Dgv,855,xgboost_naive_transfer,0.02,2,7.3670991701765836,5.0264360906825285,7.218508356136215,5.107676533226452
2297,4,Dgv,855,xgboost_naive_transfer_with_dummy,0.02,2,7.158821976299514,4.627864226342481,6.998850712050655,4.742055325632997
2298,4,Dgv,855,xgboost,0.02,3,7.157652447973891,4.65941725137799,7.022671964759115,4.81054212071538
2299,4,Dgv,855,xgboost_naive_transfer,0.02,3,7.357662718097911,5.030556325637279,7.2158795008649355,5.113273420032506
2300,4,Dgv,855,xgboost_naive_transfer_with_dummy,0.02,3,7.1716419171631065,4.650195814399885,6.979564694488407,4.7452160215633175
2301,4,Dgv,855,xgboost,0.02,4,7.235051324627502,4.704855015167291,7.1260252104294715,4.890978503138629
2302,4,Dgv,855,xgboost_naive_transfer,0.02,4,7.298893968377455,5.011697227241232,7.2124908394596075,5.09316936488925
2303,4,Dgv,855,xgboost_naive_transfer_with_dummy,0.02,4,7.18261345362021,4.669810556899525,7.020707629040658,4.793645235093064
2304,4,Dgv,855,xgboost,0.05,1,7.237881016763666,4.651649619694296,6.9919493890792355,4.742046397425902
2305,4,Dgv,855,xgboost_naive_transfer,0.05,1,7.402691933038532,5.038144351256355,7.255650994534397,5.108296824987667
2306,4,Dgv,855,xgboost_naive_transfer_with_dummy,0.05,1,7.2430656172008065,4.677270159942902,7.06804365087164,4.751083022331509
2307,4,Dgv,855,xgboost,0.05,2,7.181778939943966,4.673529440187751,6.941445842007138,4.707320813107769
2308,4,Dgv,855,xgboost_naive_transfer,0.05,2,7.359928846991317,5.019358221175171,7.181251561562186,5.064412135650477
2309,4,Dgv,855,xgboost_naive_transfer_with_dummy,0.05,2,7.152793352213,4.6184004554879845,6.958643607740026,4.686259072503534
2310,4,Dgv,855,xgboost,0.05,3,7.146020245932425,4.658753692877139,6.967389298557869,4.758470436266662
2311,4,Dgv,855,xgboost_naive_transfer,0.05,3,7.3139293457638,5.011966230644288,7.127984263433858,5.018638809392989
2312,4,Dgv,855,xgboost_naive_transfer_with_dummy,0.05,3,7.1172034145214615,4.591158412600673,6.931371758999426,4.662755811177649
2313,4,Dgv,855,xgboost,0.05,4,7.281877014663347,4.735862036010123,7.075855110306789,4.815922021293773
2314,4,Dgv,855,xgboost_naive_transfer,0.05,4,7.316050244710278,5.029066249390818,7.211665000001737,5.065697217728487
2315,4,Dgv,855,xgboost_naive_transfer_with_dummy,0.05,4,7.186011598003125,4.645641072136349,6.986161024169673,4.734171017040078
2316,4,Dgv,855,xgboost,0.1,1,7.234539817417823,4.64731802362527,6.987841637274139,4.737148459430305
2317,4,Dgv,855,xgboost_naive_transfer,0.1,1,7.392229006976908,5.0294070958159125,7.244040788852413,5.092455822526798
2318,4,Dgv,855,xgboost_naive_transfer_with_dummy,0.1,1,7.229688113062074,4.6547438977753774,7.033878086818009,4.708837583086855
2319,4,Dgv,855,xgboost,0.1,2,7.170706270641103,4.7022589298997435,6.941143159261146,4.699786334014649
2320,4,Dgv,855,xgboost_naive_transfer,0.1,2,7.365151258277909,5.003924926546745,7.162070236353197,5.032528957760279
2321,4,Dgv,855,xgboost_naive_transfer_with_dummy,0.1,2,7.1571479304261,4.62035733722559,6.966788520296703,4.703970528186384
2322,4,Dgv,855,xgboost,0.1,3,7.133987479424039,4.663339192419536,6.991086172086044,4.782328399910328
2323,4,Dgv,855,xgboost_naive_transfer,0.1,3,7.306981686333775,5.00799475509267,7.118024288287076,5.008094544709744
2324,4,Dgv,855,xgboost_naive_transfer_with_dummy,0.1,3,7.1767840433652275,4.634805026357721,6.923617057522145,4.67934433136071
2325,4,Dgv,855,xgboost,0.1,4,7.242077441991629,4.722550419517268,7.096414637281323,4.844309538094199
2326,4,Dgv,855,xgboost_naive_transfer,0.1,4,7.3327275483748835,5.026922732863014,7.17656383066836,5.018435887182227
2327,4,Dgv,855,xgboost_naive_transfer_with_dummy,0.1,4,7.234855972808383,4.673105737187476,7.0138524988495865,4.7631154111256455
2328,4,Dgv,855,xgboost,0.15,1,7.24753241452737,4.661527497584952,6.997003973780978,4.743682595934208
2329,4,Dgv,855,xgboost_naive_transfer,0.15,1,7.392495476465559,5.018535213682212,7.219426720134088,5.072598091042171
2330,4,Dgv,855,xgboost_naive_transfer_with_dummy,0.15,1,7.208012107537982,4.619082621738893,6.968895528487355,4.619453777096221
2331,4,Dgv,855,xgboost,0.15,2,7.152659160441102,4.663531532528704,6.924359411000989,4.701815899908817
2332,4,Dgv,855,xgboost_naive_transfer,0.15,2,7.362795440637085,4.998666624446104,7.11384202864641,4.978524345316293
2333,4,Dgv,855,xgboost_naive_transfer_with_dummy,0.15,2,7.134607661149294,4.585987101643659,6.887736002859464,4.584735118550937
2334,4,Dgv,855,xgboost,0.15,3,7.187063035027457,4.719140802772012,6.965444311159289,4.765089155820523
2335,4,Dgv,855,xgboost_naive_transfer,0.15,3,7.294211911608355,5.000808226379796,7.179351597250224,5.055283424621563
2336,4,Dgv,855,xgboost_naive_transfer_with_dummy,0.15,3,7.117186305331128,4.580931305063689,6.971566143007441,4.660200311276792
2337,4,Dgv,855,xgboost,0.15,4,7.3144146192161985,4.758803379239088,7.100655083383175,4.868398999402824
2338,4,Dgv,855,xgboost_naive_transfer,0.15,4,7.345386722232723,5.041992090123665,7.181466270119937,5.049482172417985
2339,4,Dgv,855,xgboost_naive_transfer_with_dummy,0.15,4,7.201085031847007,4.666465120888134,7.029175497161758,4.714979916921657
2340,4,Dgv,950,xgboost,0.01,1,7.281927040042194,4.686518794583213,7.043620627961315,4.809031575664673
2341,4,Dgv,950,xgboost_naive_transfer,0.01,1,7.419948010768727,5.048488899337905,7.2695207462215965,5.135551387155582
2342,4,Dgv,950,xgboost_naive_transfer_with_dummy,0.01,1,7.30596918892972,4.773166508937914,7.140822281607307,4.868910342866348
2343,4,Dgv,950,xgboost,0.01,2,7.178088608984442,4.643204292944625,6.886357638465591,4.667805945481101
2344,4,Dgv,950,xgboost_naive_transfer,0.01,2,7.328570280522067,4.996632646063863,7.1773849445658096,5.05189477360051
2345,4,Dgv,950,xgboost_naive_transfer_with_dummy,0.01,2,7.138529344895293,4.623913916410718,6.9358679531605025,4.68363730893189
2346,4,Dgv,950,xgboost,0.01,3,7.132594668976233,4.646521158006697,6.988552551792513,4.799060155610569
2347,4,Dgv,950,xgboost_naive_transfer,0.01,3,7.359576046655832,5.0091348763284085,7.188570377114772,5.075476968930871
2348,4,Dgv,950,xgboost_naive_transfer_with_dummy,0.01,3,7.129021054461837,4.643199863947291,6.911378531643466,4.676058539567328
2349,4,Dgv,950,xgboost,0.01,4,7.056711276794556,4.6114808215019885,7.024981191993043,4.818141320864564
2350,4,Dgv,950,xgboost_naive_transfer,0.01,4,7.302858697404301,5.004428164948907,7.146848210096772,5.032000147041204
2351,4,Dgv,950,xgboost_naive_transfer_with_dummy,0.01,4,7.149804787641688,4.664135759762549,6.926862432039657,4.707938262696652
2352,4,Dgv,950,xgboost,0.02,1,7.241324393846044,4.656791208312177,6.972032906817338,4.734555423837528
2353,4,Dgv,950,xgboost_naive_transfer,0.02,1,7.411427736033405,5.035416008561342,7.248698831588139,5.10906147833684
2354,4,Dgv,950,xgboost_naive_transfer_with_dummy,0.02,1,7.237228097976251,4.646131757087182,6.995615180482412,4.677790231696222
2355,4,Dgv,950,xgboost,0.02,2,7.108340797665891,4.6328373495119655,6.8434343344078,4.609913401238289
2356,4,Dgv,950,xgboost_naive_transfer,0.02,2,7.332155182349903,4.998330057350066,7.169417646475946,5.0419687419448715
2357,4,Dgv,950,xgboost_naive_transfer_with_dummy,0.02,2,7.133191175202483,4.618844336382772,6.921448104229884,4.663178885031853
2358,4,Dgv,950,xgboost,0.02,3,7.137384135743271,4.646515797178751,6.991814685249922,4.803145140457534
2359,4,Dgv,950,xgboost_naive_transfer,0.02,3,7.357122727935224,5.011228208016737,7.176152689414336,5.062190215162834
2360,4,Dgv,950,xgboost_naive_transfer_with_dummy,0.02,3,7.107104474273611,4.624646484978454,6.88562798115819,4.628314140118029
2361,4,Dgv,950,xgboost,0.02,4,7.036340629724676,4.594598931604774,7.021008545301298,4.797700215245223
2362,4,Dgv,950,xgboost_naive_transfer,0.02,4,7.287366966727356,4.994913896529397,7.148146133158859,5.035258929905886
2363,4,Dgv,950,xgboost_naive_transfer_with_dummy,0.02,4,7.1377930058006775,4.652024784664014,6.909712755375062,4.676104525704609
2364,4,Dgv,950,xgboost,0.05,1,7.2284628886699585,4.64388994466684,6.949556379527285,4.707821547348141
2365,4,Dgv,950,xgboost_naive_transfer,0.05,1,7.3909290733226145,5.0134063307545516,7.189109708437104,5.025751073078453
2366,4,Dgv,950,xgboost_naive_transfer_with_dummy,0.05,1,7.240499508146863,4.648800959868701,7.005656763429137,4.6928575027894475
2367,4,Dgv,950,xgboost,0.05,2,7.099720619936038,4.632821417398669,6.8309527829480405,4.600900207527798
2368,4,Dgv,950,xgboost_naive_transfer,0.05,2,7.325728046807983,4.991942453188754,7.163893749443253,5.039556976494503
2369,4,Dgv,950,xgboost_naive_transfer_with_dummy,0.05,2,7.127684546420706,4.607377143745352,6.906446241170286,4.637432721379076
2370,4,Dgv,950,xgboost,0.05,3,7.106424340367753,4.602105139630711,6.92465945081408,4.735645371603063
2371,4,Dgv,950,xgboost_naive_transfer,0.05,3,7.352614557775222,5.011703148923773,7.153429763714314,5.036746329499205
2372,4,Dgv,950,xgboost_naive_transfer_with_dummy,0.05,3,7.1032173854942835,4.617449849010911,6.875234488426682,4.587904949082136
2373,4,Dgv,950,xgboost,0.05,4,7.0236531220650695,4.5743446014390905,6.993179974986739,4.76488539737293
2374,4,Dgv,950,xgboost_naive_transfer,0.05,4,7.313529096045116,5.015417922936688,7.113033826989127,5.012591693394614
2375,4,Dgv,950,xgboost_naive_transfer_with_dummy,0.05,4,7.149361183675695,4.65962383160552,6.893883966693343,4.650672535769123
2376,4,Dgv,950,xgboost,0.1,1,7.2110213105335355,4.6235721102050436,6.908066210557429,4.654759657206439
2377,4,Dgv,950,xgboost_naive_transfer,0.1,1,7.383891564366534,5.009925322108103,7.195014619114594,5.0325416846976845
2378,4,Dgv,950,xgboost_naive_transfer_with_dummy,0.1,1,7.233535147228417,4.649960204137396,7.0091493987808855,4.699598346176856
2379,4,Dgv,950,xgboost,0.1,2,7.12382704781254,4.627306784863925,6.8566108904593595,4.599825925019187
2380,4,Dgv,950,xgboost_naive_transfer,0.1,2,7.342195131610014,5.007846001885498,7.132526942297864,5.010552033170731
2381,4,Dgv,950,xgboost_naive_transfer_with_dummy,0.1,2,7.121973439734945,4.584562177185923,6.864292697573615,4.557192178287792
2382,4,Dgv,950,xgboost,0.1,3,7.130726925706123,4.613549427625137,6.9406047671339,4.713719354177031
2383,4,Dgv,950,xgboost_naive_transfer,0.1,3,7.269586415365151,4.998311614935238,7.0908775708398935,4.9606252246728495
2384,4,Dgv,950,xgboost_naive_transfer_with_dummy,0.1,3,7.134679406662146,4.622093685357197,6.878275696099825,4.6152375607989224
2385,4,Dgv,950,xgboost,0.1,4,7.015978901437937,4.582402848354468,6.956210210795016,4.748729120084382
2386,4,Dgv,950,xgboost_naive_transfer,0.1,4,7.3409397681187105,5.032532093733674,7.100644095530975,4.995837655500833
2387,4,Dgv,950,xgboost_naive_transfer_with_dummy,0.1,4,7.1213673014263055,4.6186107619206025,6.914521609085884,4.610512496073927
2388,4,Dgv,950,xgboost,0.15,1,7.242347701324619,4.65605420685163,6.957288232404987,4.710828246171437
2389,4,Dgv,950,xgboost_naive_transfer,0.15,1,7.404443962711046,5.023639823556853,7.19099555362309,5.030671788013973
2390,4,Dgv,950,xgboost_naive_transfer_with_dummy,0.15,1,7.239928400366099,4.64524506478105,6.9761456240855475,4.639786731580675
2391,4,Dgv,950,xgboost,0.15,2,7.128639027830727,4.654639147767191,6.845990998518417,4.608010250511792
2392,4,Dgv,950,xgboost_naive_transfer,0.15,2,7.259162339535337,4.947487271481229,7.110953694144035,4.962056611412351
2393,4,Dgv,950,xgboost_naive_transfer_with_dummy,0.15,2,7.106101967223188,4.5924219562871995,6.876260568547922,4.582967001840661
2394,4,Dgv,950,xgboost,0.15,3,7.15670729450904,4.661064521802539,6.946880361737602,4.781212022391448
2395,4,Dgv,950,xgboost_naive_transfer,0.15,3,7.350296164217064,5.029877679622976,7.051076046796821,4.936690707634308
2396,4,Dgv,950,xgboost_naive_transfer_with_dummy,0.15,3,7.13390708082285,4.636553766931927,6.8637540464519375,4.583888648460892
2397,4,Dgv,950,xgboost,0.15,4,7.019390672347009,4.569459506691488,7.064636552913224,4.7875804815247465
2398,4,Dgv,950,xgboost_naive_transfer,0.15,4,7.311465701528508,5.000414661947551,7.023766888763918,4.940546698003514
2399,4,Dgv,950,xgboost_naive_transfer_with_dummy,0.15,4,7.140838546311663,4.652545283330302,6.915201375113398,4.602395595695475
2400,5,Dgv,95,xgboost,0.01,1,7.733708881294375,5.2626852779352316,6.484171161539982,4.616019835054336
2401,5,Dgv,95,xgboost_naive_transfer,0.01,1,7.871270171148637,5.623260136650362,6.668960490446819,5.072155382914021
2402,5,Dgv,95,xgboost_naive_transfer_with_dummy,0.01,1,7.745417279953105,5.3746083312495205,6.485969545516564,4.791730294672593
2403,5,Dgv,95,xgboost,0.01,2,7.825634224484047,5.244562941440279,6.7105661349538215,4.735774078441496
2404,5,Dgv,95,xgboost_naive_transfer,0.01,2,7.851623519214405,5.600982614321926,6.677674369780932,5.085329916466168
2405,5,Dgv,95,xgboost_naive_transfer_with_dummy,0.01,2,7.567204474051956,5.051739010659624,6.407756198020844,4.559802386949662
2406,5,Dgv,95,xgboost,0.01,3,7.959356418212586,5.385447001657995,7.023799292331284,4.913441709018913
2407,5,Dgv,95,xgboost_naive_transfer,0.01,3,7.842095937173705,5.580435971128827,6.7226090567319385,5.1106595197651465
2408,5,Dgv,95,xgboost_naive_transfer_with_dummy,0.01,3,7.7380345526732865,5.32000226862476,6.5836133373692505,4.825037183982077
2409,5,Dgv,95,xgboost,0.01,4,8.034702475985151,5.427642081420321,6.905722740681599,4.945338103044627
2410,5,Dgv,95,xgboost_naive_transfer,0.01,4,7.895718323412013,5.56755442905772,6.810207217294269,5.128171390964133
2411,5,Dgv,95,xgboost_naive_transfer_with_dummy,0.01,4,7.7328558905331555,5.191935511476166,6.660225047400817,4.802199728336378
2412,5,Dgv,95,xgboost,0.02,1,7.727102958738709,5.260571451810153,6.4974426149957285,4.620853214266538
2413,5,Dgv,95,xgboost_naive_transfer,0.02,1,7.853931671485333,5.596540466824843,6.681823058998333,5.061469262562499
2414,5,Dgv,95,xgboost_naive_transfer_with_dummy,0.02,1,7.5148951732839775,5.03898212212068,6.340059518867927,4.5303784625896
2415,5,Dgv,95,xgboost,0.02,2,7.831011794266438,5.244179349386338,6.716524995613881,4.734314557340198
2416,5,Dgv,95,xgboost_naive_transfer,0.02,2,7.849034003643776,5.596238007299992,6.6767259762595765,5.083566808062109
2417,5,Dgv,95,xgboost_naive_transfer_with_dummy,0.02,2,7.554638420459847,5.018636093625104,6.4164490071034495,4.548396956015058
2418,5,Dgv,95,xgboost,0.02,3,7.922755082170255,5.372674053881224,7.050050938871018,4.939716871016736
2419,5,Dgv,95,xgboost_naive_transfer,0.02,3,7.843123960166069,5.581838627784389,6.724175396085209,5.11468961446857
2420,5,Dgv,95,xgboost_naive_transfer_with_dummy,0.02,3,7.6231739900531625,5.120221509755005,6.515733928257593,4.6884964011892105
2421,5,Dgv,95,xgboost,0.02,4,8.021526883838701,5.408946030256436,6.884401881258333,4.9135535511662525
2422,5,Dgv,95,xgboost_naive_transfer,0.02,4,7.894100605104522,5.5692584980554125,6.802004181665608,5.125418388738205
2423,5,Dgv,95,xgboost_naive_transfer_with_dummy,0.02,4,7.732605814695619,5.174331348806426,6.651817234966665,4.7914900735955746
2424,5,Dgv,95,xgboost,0.05,1,7.722978700249405,5.254496286201062,6.487657972529594,4.611648966563211
2425,5,Dgv,95,xgboost_naive_transfer,0.05,1,7.861025886686576,5.6066650212289595,6.671825645692721,5.061614427149304
2426,5,Dgv,95,xgboost_naive_transfer_with_dummy,0.05,1,7.474401325985895,5.012916887051672,6.333789613902337,4.525344498836636
2427,5,Dgv,95,xgboost,0.05,2,7.81153613576506,5.256549442097938,6.783061719616689,4.767001484389266
2428,5,Dgv,95,xgboost_naive_transfer,0.05,2,7.851215900260811,5.5917457886720685,6.683569564791255,5.083044789830265
2429,5,Dgv,95,xgboost_naive_transfer_with_dummy,0.05,2,7.5277992573935775,4.991878448445909,6.45476240819036,4.571717666498451
2430,5,Dgv,95,xgboost,0.05,3,7.962394868340133,5.386856325675637,7.018523741993661,4.8992202178073
2431,5,Dgv,95,xgboost_naive_transfer,0.05,3,7.838921465828441,5.564656832758998,6.771099309536368,5.12078763492756
2432,5,Dgv,95,xgboost_naive_transfer_with_dummy,0.05,3,7.730478277201707,5.315810656394078,6.561058237441713,4.8113686853535125
2433,5,Dgv,95,xgboost,0.05,4,8.00751012728213,5.396869134726279,6.887378436509764,4.872201515862482
2434,5,Dgv,95,xgboost_naive_transfer,0.05,4,7.8837161773213875,5.570662613838786,6.884186787185001,5.176418781523994
2435,5,Dgv,95,xgboost_naive_transfer_with_dummy,0.05,4,7.760685888319264,5.1647793431265825,6.703638042289471,4.801354692468044
2436,5,Dgv,95,xgboost,0.1,1,7.728298728084029,5.265447284418024,6.499591466173207,4.630970886242392
2437,5,Dgv,95,xgboost_naive_transfer,0.1,1,7.860630557590775,5.609855351512568,6.678379432557041,5.066544719784082
2438,5,Dgv,95,xgboost_naive_transfer_with_dummy,0.1,1,7.490926514705736,5.02711748715594,6.334238427236554,4.527653513596737
2439,5,Dgv,95,xgboost,0.1,2,7.763245818420874,5.211730563969082,6.668110268104294,4.704917397253517
2440,5,Dgv,95,xgboost_naive_transfer,0.1,2,7.835536811611784,5.564611112228459,6.797253678266016,5.12029104359408
2441,5,Dgv,95,xgboost_naive_transfer_with_dummy,0.1,2,7.511974527953237,4.988475553803188,6.459891017898169,4.572965402050705
2442,5,Dgv,95,xgboost,0.1,3,7.938174829968891,5.401287432358629,7.010102418307638,4.912422383248975
2443,5,Dgv,95,xgboost_naive_transfer,0.1,3,7.854822983228455,5.596243781601514,6.775573240094261,5.142964447376475
2444,5,Dgv,95,xgboost_naive_transfer_with_dummy,0.1,3,7.676415282967208,5.202637485743316,6.578867528528912,4.757655770951287
2445,5,Dgv,95,xgboost,0.1,4,7.986848296297772,5.4232572787153845,6.945667325941841,4.923515866526782
2446,5,Dgv,95,xgboost_naive_transfer,0.1,4,7.940450852542407,5.608815036010888,6.887949072964413,5.18409966759686
2447,5,Dgv,95,xgboost_naive_transfer_with_dummy,0.1,4,7.781351016086583,5.150033039520985,6.730238084312475,4.822530305833736
2448,5,Dgv,95,xgboost,0.15,1,7.708897934512278,5.250457644610609,6.590998118980582,4.678456378157792
2449,5,Dgv,95,xgboost_naive_transfer,0.15,1,7.810905736134046,5.569380996610177,6.697716041991925,5.051207731663264
2450,5,Dgv,95,xgboost_naive_transfer_with_dummy,0.15,1,7.485982427860124,5.019340677297219,6.3302225389391555,4.530413502889474
2451,5,Dgv,95,xgboost,0.15,2,7.824054348781037,5.257542049104503,6.779970283483876,4.735431810801318
2452,5,Dgv,95,xgboost_naive_transfer,0.15,2,7.860791040970689,5.599561994690299,6.740930929309128,5.099502721237672
2453,5,Dgv,95,xgboost_naive_transfer_with_dummy,0.15,2,7.555260423329339,5.008842239095862,6.526379937363488,4.641864394111527
2454,5,Dgv,95,xgboost,0.15,3,8.042475795200236,5.4132496841608315,7.047145498880609,4.900650380218914
2455,5,Dgv,95,xgboost_naive_transfer,0.15,3,7.848561365431222,5.591172197583531,6.911423882285047,5.204878143284391
2456,5,Dgv,95,xgboost_naive_transfer_with_dummy,0.15,3,7.599342937927282,5.096045473479012,6.597652991838192,4.736048778774914
2457,5,Dgv,95,xgboost,0.15,4,8.016172949909585,5.370108634674238,6.976882583395643,4.925645088733946
2458,5,Dgv,95,xgboost_naive_transfer,0.15,4,7.9381635932361405,5.5893425778316015,6.936715020741824,5.206788775956723
2459,5,Dgv,95,xgboost_naive_transfer_with_dummy,0.15,4,7.735516727917409,5.12745662902366,6.661168492029577,4.760540025994513
2460,5,Dgv,190,xgboost,0.01,1,7.669706945753494,5.121933410357003,6.457941039923044,4.574871571276461
2461,5,Dgv,190,xgboost_naive_transfer,0.01,1,7.789012529716298,5.53542923680076,6.6311244626687085,5.023472343350379
2462,5,Dgv,190,xgboost_naive_transfer_with_dummy,0.01,1,7.622326916356508,5.156227968267765,6.370627648087091,4.5933162689318845
2463,5,Dgv,190,xgboost,0.01,2,7.7148941703308695,5.173446563818003,6.655566916577949,4.742585161420573
2464,5,Dgv,190,xgboost_naive_transfer,0.01,2,7.734268725706288,5.503288999673212,6.612089686135776,5.000065866478054
2465,5,Dgv,190,xgboost_naive_transfer_with_dummy,0.01,2,7.469435472990496,4.969440666122634,6.248101196354247,4.430106160701065
2466,5,Dgv,190,xgboost,0.01,3,7.720088896690634,5.192241375624866,6.634976992257104,4.68950504688187
2467,5,Dgv,190,xgboost_naive_transfer,0.01,3,7.74832031368797,5.513625351854956,6.617846778863201,5.012811583088722
2468,5,Dgv,190,xgboost_naive_transfer_with_dummy,0.01,3,7.565795944632832,5.132532193882388,6.338963410413951,4.558822218519485
2469,5,Dgv,190,xgboost,0.01,4,7.76856586122962,5.228750710428639,6.693695208827511,4.7425370905936735
2470,5,Dgv,190,xgboost_naive_transfer,0.01,4,7.7421717297743164,5.493013506417702,6.697352358636801,5.05994187201857
2471,5,Dgv,190,xgboost_naive_transfer_with_dummy,0.01,4,7.563637390605466,5.0443122796489215,6.395584854394129,4.579308142708168
2472,5,Dgv,190,xgboost,0.02,1,7.6200726913865635,5.092998240297748,6.480575896218416,4.569027348199122
2473,5,Dgv,190,xgboost_naive_transfer,0.02,1,7.780022149729492,5.523780612684822,6.633607748356915,5.017717118047988
2474,5,Dgv,190,xgboost_naive_transfer_with_dummy,0.02,1,7.44491333082133,4.936104117995411,6.2807150553155635,4.4525009775038225
2475,5,Dgv,190,xgboost,0.02,2,7.697864442145786,5.153227884424741,6.649972693901599,4.7125538376495655
2476,5,Dgv,190,xgboost_naive_transfer,0.02,2,7.737844459951557,5.509245941578987,6.619173154881982,5.005364007656386
2477,5,Dgv,190,xgboost_naive_transfer_with_dummy,0.02,2,7.476710503420624,4.980392580949043,6.25313850800839,4.435075364405897
2478,5,Dgv,190,xgboost,0.02,3,7.723268507388531,5.192073481814218,6.6390399287543165,4.692788945143982
2479,5,Dgv,190,xgboost_naive_transfer,0.02,3,7.748449558970083,5.514852135764746,6.620652840152226,5.015742855015789
2480,5,Dgv,190,xgboost_naive_transfer_with_dummy,0.02,3,7.547717449255329,5.080238667382776,6.3416155685268265,4.530424465893467
2481,5,Dgv,190,xgboost,0.02,4,7.778428107135552,5.23191238284592,6.673768471775461,4.73732204290657
2482,5,Dgv,190,xgboost_naive_transfer,0.02,4,7.74181149926842,5.49074682258234,6.711140916464044,5.068974525361244
2483,5,Dgv,190,xgboost_naive_transfer_with_dummy,0.02,4,7.5676623625344455,5.051270169766163,6.391022244173721,4.575796049750766
2484,5,Dgv,190,xgboost,0.05,1,7.649209063043574,5.106627229903957,6.462429098494848,4.572124122323061
2485,5,Dgv,190,xgboost_naive_transfer,0.05,1,7.770917601993926,5.512186503811749,6.634819732064712,5.014092626780305
2486,5,Dgv,190,xgboost_naive_transfer_with_dummy,0.05,1,7.447331067703809,4.9354276590717685,6.28148614813724,4.451740730173844
2487,5,Dgv,190,xgboost,0.05,2,7.6778131686779405,5.11588063492535,6.683137935101407,4.725465308001553
2488,5,Dgv,190,xgboost_naive_transfer,0.05,2,7.737469207143569,5.502553542847036,6.622625024411343,4.997019411102706
2489,5,Dgv,190,xgboost_naive_transfer_with_dummy,0.05,2,7.470398210207683,4.962762571634581,6.2445930477002545,4.41545776555688
2490,5,Dgv,190,xgboost,0.05,3,7.726403779069266,5.199617340382002,6.651290010673391,4.6977436858427035
2491,5,Dgv,190,xgboost_naive_transfer,0.05,3,7.735091440647408,5.499629060446715,6.634159699804826,5.013833110350695
2492,5,Dgv,190,xgboost_naive_transfer_with_dummy,0.05,3,7.530589689793045,5.036514839953182,6.318484951260755,4.500327945272772
2493,5,Dgv,190,xgboost,0.05,4,7.75992787741856,5.240804556921191,6.692083813849223,4.73385070448463
2494,5,Dgv,190,xgboost_naive_transfer,0.05,4,7.741286124162357,5.488901067428709,6.720185585221329,5.074255507197611
2495,5,Dgv,190,xgboost_naive_transfer_with_dummy,0.05,4,7.524557664594438,4.989562757873243,6.41226199996613,4.5546412756782075
2496,5,Dgv,190,xgboost,0.1,1,7.6037882650895,5.085147207783272,6.495113441054896,4.573764351189682
2497,5,Dgv,190,xgboost_naive_transfer,0.1,1,7.767604955167771,5.512207712524678,6.632238398617281,5.009790317069103
2498,5,Dgv,190,xgboost_naive_transfer_with_dummy,0.1,1,7.42309006304376,4.944816724732453,6.27181298336551,4.457583595176485
2499,5,Dgv,190,xgboost,0.1,2,7.672844756536699,5.110084364038156,6.680713521359242,4.7177358269558844
2500,5,Dgv,190,xgboost_naive_transfer,0.1,2,7.73149338003272,5.487269547399075,6.614769434661986,4.987375759491741
2501,5,Dgv,190,xgboost_naive_transfer_with_dummy,0.1,2,7.468138145812468,4.94420297316784,6.280947686497063,4.431852353869142
2502,5,Dgv,190,xgboost,0.1,3,7.70735047773196,5.165945786398921,6.64734879927335,4.7039606503271605
2503,5,Dgv,190,xgboost_naive_transfer,0.1,3,7.750027166263433,5.507481829722467,6.734901264125943,5.082355706757737
2504,5,Dgv,190,xgboost_naive_transfer_with_dummy,0.1,3,7.52005526666319,5.022458665355121,6.405195646618367,4.588539189900469
2505,5,Dgv,190,xgboost,0.1,4,7.753836091856799,5.235853406006525,6.669010597950585,4.711013265910857
2506,5,Dgv,190,xgboost_naive_transfer,0.1,4,7.699503416285255,5.473628289289929,6.773599614355361,5.12031346021673
2507,5,Dgv,190,xgboost_naive_transfer_with_dummy,0.1,4,7.547073415890992,4.996906837377579,6.50646252844655,4.628598566648693
2508,5,Dgv,190,xgboost,0.15,1,7.614218979229263,5.097068238290338,6.495589704218773,4.579138557244608
2509,5,Dgv,190,xgboost_naive_transfer,0.15,1,7.772247244333166,5.514296950696274,6.65080128637524,5.02759125684268
2510,5,Dgv,190,xgboost_naive_transfer_with_dummy,0.15,1,7.432267680811055,4.960289501644555,6.292407107784643,4.488299307709035
2511,5,Dgv,190,xgboost,0.15,2,7.669857085911589,5.10949124410211,6.670160917001875,4.723122251752013
2512,5,Dgv,190,xgboost_naive_transfer,0.15,2,7.771009823558697,5.509668991646311,6.628097701144769,4.978939703200511
2513,5,Dgv,190,xgboost_naive_transfer_with_dummy,0.15,2,7.445091994339238,4.926151614392271,6.284609944516028,4.447514996843801
2514,5,Dgv,190,xgboost,0.15,3,7.666241403377992,5.143086922282583,6.624059403318921,4.681316574313188
2515,5,Dgv,190,xgboost_naive_transfer,0.15,3,7.793645502464171,5.527298904977707,6.760484836903939,5.088619473740437
2516,5,Dgv,190,xgboost_naive_transfer_with_dummy,0.15,3,7.558668998855301,5.014134520884851,6.319197722183638,4.474739417439125
2517,5,Dgv,190,xgboost,0.15,4,7.817003395542002,5.2971537149464165,6.865822277007252,4.889935429435493
2518,5,Dgv,190,xgboost_naive_transfer,0.15,4,7.788328545840025,5.552211399325216,6.794220626508397,5.123648726130174
2519,5,Dgv,190,xgboost_naive_transfer_with_dummy,0.15,4,7.499281938450065,4.948017637534452,6.497494051537729,4.62084855920428
2520,5,Dgv,285,xgboost,0.01,1,7.596301988083298,5.042326582860377,6.345222162368625,4.5594596367841165
2521,5,Dgv,285,xgboost_naive_transfer,0.01,1,7.777612409049955,5.509522022657139,6.612235580690361,5.008063059736747
2522,5,Dgv,285,xgboost_naive_transfer_with_dummy,0.01,1,7.646580064464361,5.218788912609221,6.395877930614706,4.660398546257649
2523,5,Dgv,285,xgboost,0.01,2,7.444852719810367,4.982818646597556,6.417548972237941,4.586310793211569
2524,5,Dgv,285,xgboost_naive_transfer,0.01,2,7.616439001330269,5.395736974406595,6.604897882044042,4.96686951126491
2525,5,Dgv,285,xgboost_naive_transfer_with_dummy,0.01,2,7.383010562148114,4.943750731070367,6.255715082211323,4.461311204295571
2526,5,Dgv,285,xgboost,0.01,3,7.608746296487351,5.1117076154387595,6.506601116185676,4.675298290048449
2527,5,Dgv,285,xgboost_naive_transfer,0.01,3,7.652073286301007,5.413287974317024,6.6594705920092805,5.0120731657165285
2528,5,Dgv,285,xgboost_naive_transfer_with_dummy,0.01,3,7.398137536414847,4.937498995987072,6.365255687854803,4.542588404955908
2529,5,Dgv,285,xgboost,0.01,4,7.757126610587641,5.171668067064074,6.703525846777294,4.766645589323513
2530,5,Dgv,285,xgboost_naive_transfer,0.01,4,7.666218433239602,5.448431893294881,6.677466938323585,5.026698660276771
2531,5,Dgv,285,xgboost_naive_transfer_with_dummy,0.01,4,7.444276002230173,4.995777775007492,6.46322485608981,4.639623710518729
2532,5,Dgv,285,xgboost,0.02,1,7.587990543754769,5.037902177079503,6.344596302790365,4.553022635204283
2533,5,Dgv,285,xgboost_naive_transfer,0.02,1,7.663711310180231,5.427723067540137,6.616448196201895,4.971716051076943
2534,5,Dgv,285,xgboost_naive_transfer_with_dummy,0.02,1,7.569727724250953,5.086802042460597,6.331647382154771,4.550642358723719
2535,5,Dgv,285,xgboost,0.02,2,7.456216565477758,4.9811876688055525,6.408686474548411,4.581867606222674
2536,5,Dgv,285,xgboost_naive_transfer,0.02,2,7.616302372274189,5.391926665107681,6.605183185721634,4.963883363535883
2537,5,Dgv,285,xgboost_naive_transfer_with_dummy,0.02,2,7.33789048219226,4.892287640065583,6.263052999014957,4.454835239317499
2538,5,Dgv,285,xgboost,0.02,3,7.596253194513765,5.104141315803053,6.499269791284334,4.673689785121243
2539,5,Dgv,285,xgboost_naive_transfer,0.02,3,7.649830418647531,5.406210243749579,6.660735562503337,5.011675886177687
2540,5,Dgv,285,xgboost_naive_transfer_with_dummy,0.02,3,7.408845798437669,4.947687703850125,6.361998305404993,4.546050700632349
2541,5,Dgv,285,xgboost,0.02,4,7.753272008744282,5.168716963760193,6.694548315413123,4.770482088268727
2542,5,Dgv,285,xgboost_naive_transfer,0.02,4,7.661333881660099,5.443854590600175,6.6687862698527205,5.013408478864789
2543,5,Dgv,285,xgboost_naive_transfer_with_dummy,0.02,4,7.4636045326658484,5.029828363034665,6.449895769273844,4.660425266346846
2544,5,Dgv,285,xgboost,0.05,1,7.595313815959514,5.042137650943487,6.346485653642842,4.559841127069504
2545,5,Dgv,285,xgboost_naive_transfer,0.05,1,7.6529793484596915,5.423096677267754,6.620018871992521,4.970491714496448
2546,5,Dgv,285,xgboost_naive_transfer_with_dummy,0.05,1,7.442829873783401,4.949837924014754,6.275327016683753,4.469764138657727
2547,5,Dgv,285,xgboost,0.05,2,7.4476921009848365,4.983874259648167,6.447853297812313,4.613575872039859
2548,5,Dgv,285,xgboost_naive_transfer,0.05,2,7.624343539594813,5.393312951212919,6.606035217606713,4.962172367611614
2549,5,Dgv,285,xgboost_naive_transfer_with_dummy,0.05,2,7.329323108480349,4.885947474902721,6.267256477612879,4.456560683361732
2550,5,Dgv,285,xgboost,0.05,3,7.5843624634035915,5.076441607754817,6.501218629598186,4.670793302980943
2551,5,Dgv,285,xgboost_naive_transfer,0.05,3,7.669300117811722,5.3984959501766845,6.679929434107176,4.999731876839269
2552,5,Dgv,285,xgboost_naive_transfer_with_dummy,0.05,3,7.418020852085134,4.965920888153387,6.341435804958462,4.541544381013023
2553,5,Dgv,285,xgboost,0.05,4,7.781287518506467,5.144612045820483,6.786883743934532,4.844099950275392
2554,5,Dgv,285,xgboost_naive_transfer,0.05,4,7.663791503821195,5.452541005677793,6.721735096880725,5.056962795449104
2555,5,Dgv,285,xgboost_naive_transfer_with_dummy,0.05,4,7.45408275888401,5.011921304531748,6.42231454653941,4.635639220241491
2556,5,Dgv,285,xgboost,0.1,1,7.560525774917339,5.027866518719866,6.343777043777524,4.533195610279945
2557,5,Dgv,285,xgboost_naive_transfer,0.1,1,7.650522564900393,5.423284913002393,6.6135133216820705,4.968156754520347
2558,5,Dgv,285,xgboost_naive_transfer_with_dummy,0.1,1,7.402814858942569,4.944239881699845,6.272147669571726,4.479677514139054
2559,5,Dgv,285,xgboost,0.1,2,7.451690069303561,4.9873223726561875,6.475075913142903,4.632783377453252
2560,5,Dgv,285,xgboost_naive_transfer,0.1,2,7.614652447262419,5.379581886724052,6.609541575310936,4.928126769390138
2561,5,Dgv,285,xgboost_naive_transfer_with_dummy,0.1,2,7.326288012861622,4.865203822003719,6.260055972558082,4.4331271176086275
2562,5,Dgv,285,xgboost,0.1,3,7.602376483866216,5.107158469592164,6.484785979029702,4.62898813714415
2563,5,Dgv,285,xgboost_naive_transfer,0.1,3,7.659180233347212,5.409549455158331,6.742468577451116,5.027912977290138
2564,5,Dgv,285,xgboost_naive_transfer_with_dummy,0.1,3,7.467044180384879,4.95939828038772,6.4019033171904765,4.555529438969121
2565,5,Dgv,285,xgboost,0.1,4,7.740153255752583,5.125978867769166,6.721982607872657,4.7656514104558605
2566,5,Dgv,285,xgboost_naive_transfer,0.1,4,7.712877491726684,5.446966804906392,6.7854701402268525,5.079402575985816
2567,5,Dgv,285,xgboost_naive_transfer_with_dummy,0.1,4,7.438061739013121,4.941752172811028,6.464132551358538,4.62893540569389
2568,5,Dgv,285,xgboost,0.15,1,7.5752630949152815,5.025155413472611,6.340734117039732,4.539467914976824
2569,5,Dgv,285,xgboost_naive_transfer,0.15,1,7.662548710719416,5.438998612540309,6.624090400582455,4.981173552931386
2570,5,Dgv,285,xgboost_naive_transfer_with_dummy,0.15,1,7.4060956060064305,4.98209194107377,6.282234789984525,4.4918997977578226
2571,5,Dgv,285,xgboost,0.15,2,7.487701334030378,4.996809353007943,6.431630044462639,4.588470915441049
2572,5,Dgv,285,xgboost_naive_transfer,0.15,2,7.596946600097721,5.3743192439009295,6.623351770470145,4.962162021514163
2573,5,Dgv,285,xgboost_naive_transfer_with_dummy,0.15,2,7.402612839485978,4.931452336368853,6.313959234324979,4.506827498581167
2574,5,Dgv,285,xgboost,0.15,3,7.682572641314628,5.173583570474234,6.540168269512424,4.656931919708023
2575,5,Dgv,285,xgboost_naive_transfer,0.15,3,7.6846383817308075,5.436105545867825,6.790312027335623,5.096108297938592
2576,5,Dgv,285,xgboost_naive_transfer_with_dummy,0.15,3,7.419447707236172,4.910981312944802,6.5496919075001525,4.612146879994293
2577,5,Dgv,285,xgboost,0.15,4,7.731051735500535,5.11879970707396,6.778912960734128,4.860098035150054
2578,5,Dgv,285,xgboost_naive_transfer,0.15,4,7.745451234487042,5.4618762094498665,6.78499640364313,5.093431339045724
2579,5,Dgv,285,xgboost_naive_transfer_with_dummy,0.15,4,7.460343994094869,4.987413316490201,6.492285327013314,4.6346178446577975
2580,5,Dgv,380,xgboost,0.01,1,7.502857580149723,4.956703845107612,6.304553604500685,4.469353398503883
2581,5,Dgv,380,xgboost_naive_transfer,0.01,1,7.731437475560292,5.452079917849155,6.558597549283399,4.940670883733825
2582,5,Dgv,380,xgboost_naive_transfer_with_dummy,0.01,1,7.589928943130059,5.097361363089125,6.306830443873016,4.5193004613989425
2583,5,Dgv,380,xgboost,0.01,2,7.323772388679817,4.850549521641364,6.356227997324002,4.483766758975988
2584,5,Dgv,380,xgboost_naive_transfer,0.01,2,7.561657523275232,5.353652547235557,6.561332451392296,4.9100839514396855
2585,5,Dgv,380,xgboost_naive_transfer_with_dummy,0.01,2,7.340883780113067,4.865642263118462,6.2063784328031115,4.3886650014359665
2586,5,Dgv,380,xgboost,0.01,3,7.483690141401207,4.966728690377549,6.4345179493935545,4.563335154866496
2587,5,Dgv,380,xgboost_naive_transfer,0.01,3,7.609861063032256,5.344542917174538,6.58630772926584,4.939458541575514
2588,5,Dgv,380,xgboost_naive_transfer_with_dummy,0.01,3,7.323302688198487,4.849025864451565,6.300674800378016,4.472643522861852
2589,5,Dgv,380,xgboost,0.01,4,7.750649186979888,5.185350373733811,6.549409012705816,4.673676386894282
2590,5,Dgv,380,xgboost_naive_transfer,0.01,4,7.606004150074397,5.3717772956397285,6.623181467043734,4.951470878046283
2591,5,Dgv,380,xgboost_naive_transfer_with_dummy,0.01,4,7.336214643155343,4.870395593120083,6.364126258925965,4.530207397409172
2592,5,Dgv,380,xgboost,0.02,1,7.435230342454859,4.91983524821879,6.3019378752552795,4.452632096717143
2593,5,Dgv,380,xgboost_naive_transfer,0.02,1,7.716750760151243,5.435491651011351,6.561476955791913,4.936398786196433
2594,5,Dgv,380,xgboost_naive_transfer_with_dummy,0.02,1,7.422794275487137,4.9041847090317185,6.262833152471233,4.424697665864519
2595,5,Dgv,380,xgboost,0.02,2,7.329289061426586,4.851483445806502,6.358503630073723,4.486545267738481
2596,5,Dgv,380,xgboost_naive_transfer,0.02,2,7.567749449005887,5.35464117234946,6.557527597834147,4.908017467845508
2597,5,Dgv,380,xgboost_naive_transfer_with_dummy,0.02,2,7.3193354756476285,4.839349585256816,6.228386656706405,4.403510044656939
2598,5,Dgv,380,xgboost,0.02,3,7.498135705994228,4.972332676882864,6.439093793876902,4.5570244654008984
2599,5,Dgv,380,xgboost_naive_transfer,0.02,3,7.547463506536512,5.32617740348958,6.599490655264008,4.934464139139458
2600,5,Dgv,380,xgboost_naive_transfer_with_dummy,0.02,3,7.333740471338242,4.855663137993743,6.296538086751537,4.465899244152912
2601,5,Dgv,380,xgboost,0.02,4,7.744164627282379,5.1817052777521075,6.558805978041339,4.681973557245621
2602,5,Dgv,380,xgboost_naive_transfer,0.02,4,7.603218618967374,5.361045388472022,6.643469514124492,4.962773973653386
2603,5,Dgv,380,xgboost_naive_transfer_with_dummy,0.02,4,7.335708836097265,4.877247069050436,6.356032654574665,4.528618801712663
2604,5,Dgv,380,xgboost,0.05,1,7.4322951045544245,4.915643660691571,6.304504549929033,4.456226254789363
2605,5,Dgv,380,xgboost_naive_transfer,0.05,1,7.701087708265519,5.414999446999796,6.569778787782883,4.930551217668868
2606,5,Dgv,380,xgboost_naive_transfer_with_dummy,0.05,1,7.398968204600181,4.903954282857869,6.26657590140184,4.429305865853975
2607,5,Dgv,380,xgboost,0.05,2,7.330967095915169,4.8637182022209196,6.355209771043872,4.500591491445201
2608,5,Dgv,380,xgboost_naive_transfer,0.05,2,7.587084813763554,5.356999780747253,6.555069291656391,4.91298944093143
2609,5,Dgv,380,xgboost_naive_transfer_with_dummy,0.05,2,7.3265643318181315,4.849975740296293,6.2277801035676665,4.408982427279871
2610,5,Dgv,380,xgboost,0.05,3,7.473211831404028,4.9552408485545065,6.454466834301337,4.561978002276448
2611,5,Dgv,380,xgboost_naive_transfer,0.05,3,7.620896200268941,5.3445652312132825,6.597310891901924,4.950092980912946
2612,5,Dgv,380,xgboost_naive_transfer_with_dummy,0.05,3,7.3453114319710995,4.85496112605485,6.302885935686533,4.471315479033443
2613,5,Dgv,380,xgboost,0.05,4,7.721253765855117,5.172758665031376,6.535977500997316,4.65112308362513
2614,5,Dgv,380,xgboost_naive_transfer,0.05,4,7.622246320356586,5.36084081328737,6.665174397141064,4.976934849254886
2615,5,Dgv,380,xgboost_naive_transfer_with_dummy,0.05,4,7.3068850731271295,4.855814466063538,6.36966728946346,4.498316906677715
2616,5,Dgv,380,xgboost,0.1,1,7.42689179389776,4.916213081524323,6.303257597183226,4.4527516297140775
2617,5,Dgv,380,xgboost_naive_transfer,0.1,1,7.625582363453195,5.372236254086575,6.5973413579508025,4.92841780958589
2618,5,Dgv,380,xgboost_naive_transfer_with_dummy,0.1,1,7.394661650064427,4.9067553233937,6.272336618139728,4.438451720934208
2619,5,Dgv,380,xgboost,0.1,2,7.341982347576943,4.878048611932042,6.365591675484825,4.49386691710985
2620,5,Dgv,380,xgboost_naive_transfer,0.1,2,7.559199004757969,5.339761528917456,6.572607425580765,4.90295246406372
2621,5,Dgv,380,xgboost_naive_transfer_with_dummy,0.1,2,7.29309835858837,4.816420599716261,6.258346412527205,4.438414065935193
2622,5,Dgv,380,xgboost,0.1,3,7.46890152873532,4.930865312598386,6.428157081944516,4.526539320202422
2623,5,Dgv,380,xgboost_naive_transfer,0.1,3,7.566398743481984,5.352783189645228,6.625686655296998,4.96223814311285
2624,5,Dgv,380,xgboost_naive_transfer_with_dummy,0.1,3,7.323529446857502,4.870620546720047,6.2978866322756,4.434292135353598
2625,5,Dgv,380,xgboost,0.1,4,7.718163679498407,5.153485651806818,6.522123006897904,4.648842643560545
2626,5,Dgv,380,xgboost_naive_transfer,0.1,4,7.584120890366498,5.347257609911831,6.6515426702827405,4.9467318532981555
2627,5,Dgv,380,xgboost_naive_transfer_with_dummy,0.1,4,7.361725424708513,4.90120859575538,6.389161682820748,4.551844037670567
2628,5,Dgv,380,xgboost,0.15,1,7.397440312790614,4.9101389753987315,6.316974040347624,4.468801704917885
2629,5,Dgv,380,xgboost_naive_transfer,0.15,1,7.6307792659472415,5.380816891111239,6.598515774927793,4.937660734653727
2630,5,Dgv,380,xgboost_naive_transfer_with_dummy,0.15,1,7.375811652206488,4.916727271931697,6.273988510460758,4.445008021643917
2631,5,Dgv,380,xgboost,0.15,2,7.408709339130917,4.897716217187338,6.384535955360062,4.509853876930867
2632,5,Dgv,380,xgboost_naive_transfer,0.15,2,7.5870903936523515,5.352872365414552,6.572892035613281,4.9052892116090305
2633,5,Dgv,380,xgboost_naive_transfer_with_dummy,0.15,2,7.297092045017242,4.819972485226149,6.232399589234138,4.395389379715127
2634,5,Dgv,380,xgboost,0.15,3,7.490828903895185,4.938050596557734,6.544644011749557,4.615499029859033
2635,5,Dgv,380,xgboost_naive_transfer,0.15,3,7.623366995751059,5.357548369106367,6.590608185128145,4.916662286725768
2636,5,Dgv,380,xgboost_naive_transfer_with_dummy,0.15,3,7.262018620310972,4.827020919592809,6.404492106849879,4.532044175071895
2637,5,Dgv,380,xgboost,0.15,4,7.7003337683323805,5.075517479894707,6.509727314088186,4.6073845601210515
2638,5,Dgv,380,xgboost_naive_transfer,0.15,4,7.654321747292377,5.405695659124021,6.6698866054377755,4.980663850155751
2639,5,Dgv,380,xgboost_naive_transfer_with_dummy,0.15,4,7.375172100397763,4.899906468794021,6.41984506874693,4.533857690353166
2640,5,Dgv,475,xgboost,0.01,1,7.527864855805457,4.9551433562904075,6.2338789945165365,4.400385319004237
2641,5,Dgv,475,xgboost_naive_transfer,0.01,1,7.7524245198264925,5.448915494772557,6.569596209917049,4.925818891055818
2642,5,Dgv,475,xgboost_naive_transfer_with_dummy,0.01,1,7.619903966288545,5.110622168652924,6.334064674747656,4.527911553683487
2643,5,Dgv,475,xgboost,0.01,2,7.511049706193459,4.900901479229683,6.199941640858031,4.3728346626614885
2644,5,Dgv,475,xgboost_naive_transfer,0.01,2,7.665640040582993,5.364343373205238,6.570724402328203,4.916291085332973
2645,5,Dgv,475,xgboost_naive_transfer_with_dummy,0.01,2,7.349240989241214,4.844288058579462,6.222656923352523,4.388667102065543
2646,5,Dgv,475,xgboost,0.01,3,7.586353794902841,4.945342475134486,6.268334248156753,4.438220897218341
2647,5,Dgv,475,xgboost_naive_transfer,0.01,3,7.619102917154055,5.296739197305563,6.566880521948877,4.909476725282388
2648,5,Dgv,475,xgboost_naive_transfer_with_dummy,0.01,3,7.459769135496705,4.911763420633458,6.246629608479496,4.441115336760984
2649,5,Dgv,475,xgboost,0.01,4,7.829851809300532,5.110382697017677,6.44725704376431,4.5373758150474375
2650,5,Dgv,475,xgboost_naive_transfer,0.01,4,7.703180031242391,5.3849064712649986,6.62963673335754,4.948817870699934
2651,5,Dgv,475,xgboost_naive_transfer_with_dummy,0.01,4,7.479738300664591,4.917958505097947,6.378753277925111,4.563660360173168
2652,5,Dgv,475,xgboost,0.02,1,7.480642661516855,4.938635194375513,6.218241432750889,4.379980445271676
2653,5,Dgv,475,xgboost_naive_transfer,0.02,1,7.7347135919538355,5.422485749538184,6.576574790605643,4.919463711579539
2654,5,Dgv,475,xgboost_naive_transfer_with_dummy,0.02,1,7.496843500013851,4.946539362194,6.277812315775758,4.430799100721289
2655,5,Dgv,475,xgboost,0.02,2,7.4974918220795095,4.887159952110583,6.215791821667999,4.37457628410597
2656,5,Dgv,475,xgboost_naive_transfer,0.02,2,7.679468020705979,5.378881519110275,6.578505596984146,4.928028532135355
2657,5,Dgv,475,xgboost_naive_transfer_with_dummy,0.02,2,7.280725338878396,4.81692308371704,6.2351064258160465,4.403475546186682
2658,5,Dgv,475,xgboost,0.02,3,7.585372363363622,4.937887182038068,6.266829781859405,4.4345886833009756
2659,5,Dgv,475,xgboost_naive_transfer,0.02,3,7.545777015252042,5.267233439874445,6.545139631774252,4.8809726644578655
2660,5,Dgv,475,xgboost_naive_transfer_with_dummy,0.02,3,7.432809971720516,4.894951872331819,6.244089077898924,4.418704122479817
2661,5,Dgv,475,xgboost,0.02,4,7.822141351789772,5.10950490932106,6.461508276152284,4.531240088261673
2662,5,Dgv,475,xgboost_naive_transfer,0.02,4,7.691195621485924,5.366327289192363,6.63290967126011,4.950801638468958
2663,5,Dgv,475,xgboost_naive_transfer_with_dummy,0.02,4,7.482766360012324,4.930810870670924,6.370946160796765,4.561597595327064
2664,5,Dgv,475,xgboost,0.05,1,7.434453670784499,4.94013731972616,6.2266510826471935,4.381566426512762
2665,5,Dgv,475,xgboost_naive_transfer,0.05,1,7.624737650935403,5.358197588869358,6.5953506214278725,4.899964732704669
2666,5,Dgv,475,xgboost_naive_transfer_with_dummy,0.05,1,7.444137746834271,4.92094192684913,6.277897287071911,4.4270954311054425
2667,5,Dgv,475,xgboost,0.05,2,7.520376540685172,4.891767603381653,6.2045565145680195,4.373431518091594
2668,5,Dgv,475,xgboost_naive_transfer,0.05,2,7.663765679665744,5.355179511845277,6.57214712599995,4.908682323156463
2669,5,Dgv,475,xgboost_naive_transfer_with_dummy,0.05,2,7.289839038515301,4.817821056776068,6.2275075180537,4.396045475382822
2670,5,Dgv,475,xgboost,0.05,3,7.536152487509698,4.931167156366045,6.232147648482511,4.409118181766216
2671,5,Dgv,475,xgboost_naive_transfer,0.05,3,7.537852691787781,5.258972528578113,6.5576712242210755,4.890461635314783
2672,5,Dgv,475,xgboost_naive_transfer_with_dummy,0.05,3,7.445473753281081,4.903325816307125,6.2501065725703056,4.414590441628271
2673,5,Dgv,475,xgboost,0.05,4,7.790221784135225,5.097497791191821,6.412585979171106,4.509368423066365
2674,5,Dgv,475,xgboost_naive_transfer,0.05,4,7.704664047339781,5.369413557553059,6.642722844969553,4.958227745103493
2675,5,Dgv,475,xgboost_naive_transfer_with_dummy,0.05,4,7.534388470267854,4.9611969596209,6.392976463971259,4.568223874855655
2676,5,Dgv,475,xgboost,0.1,1,7.43385447222695,4.93753711152644,6.23119892486846,4.383187207228092
2677,5,Dgv,475,xgboost_naive_transfer,0.1,1,7.729949728040504,5.402243992754835,6.579070567286601,4.911955653227658
2678,5,Dgv,475,xgboost_naive_transfer_with_dummy,0.1,1,7.404701291776645,4.933434279730621,6.292266120268494,4.452625300290219
2679,5,Dgv,475,xgboost,0.1,2,7.514036876204699,4.928229917640475,6.209757773645055,4.368998056677585
2680,5,Dgv,475,xgboost_naive_transfer,0.1,2,7.641697467950432,5.343612413937934,6.571787390545895,4.908615189570609
2681,5,Dgv,475,xgboost_naive_transfer_with_dummy,0.1,2,7.285291319820773,4.817841493363219,6.225555701990056,4.391647702227966
2682,5,Dgv,475,xgboost,0.1,3,7.5909068095615915,4.940318014075941,6.2716601995791805,4.420531042984847
2683,5,Dgv,475,xgboost_naive_transfer,0.1,3,7.605911008416191,5.2870857600324594,6.547182329822361,4.889534089874494
2684,5,Dgv,475,xgboost_naive_transfer_with_dummy,0.1,3,7.380833781026242,4.914775804921735,6.2668195845283865,4.422040086798417
2685,5,Dgv,475,xgboost,0.1,4,7.7841246159576905,5.098654362919116,6.383344943358975,4.50045468334602
2686,5,Dgv,475,xgboost_naive_transfer,0.1,4,7.732102764721248,5.374908649680687,6.6716944008820604,4.966536367075608
2687,5,Dgv,475,xgboost_naive_transfer_with_dummy,0.1,4,7.4561956515012575,4.931009336594758,6.34955297963864,4.510428309375652
2688,5,Dgv,475,xgboost,0.15,1,7.434297209180834,4.951180374686876,6.243227855064403,4.38637176765134
2689,5,Dgv,475,xgboost_naive_transfer,0.15,1,7.737068137930515,5.419090502450836,6.569835300813889,4.927230148324678
2690,5,Dgv,475,xgboost_naive_transfer_with_dummy,0.15,1,7.403808832274718,4.934498117341493,6.279159936714113,4.446142817076506
2691,5,Dgv,475,xgboost,0.15,2,7.516565823722505,4.94483393524047,6.20156611854573,4.385171683143879
2692,5,Dgv,475,xgboost_naive_transfer,0.15,2,7.61469387810111,5.334209786635798,6.587456626429863,4.909725129063973
2693,5,Dgv,475,xgboost_naive_transfer_with_dummy,0.15,2,7.332996115458243,4.826477299459964,6.275208625355502,4.4183231432613415
2694,5,Dgv,475,xgboost,0.15,3,7.5979543146287325,4.942959063971947,6.315024721696597,4.464504071903309
2695,5,Dgv,475,xgboost_naive_transfer,0.15,3,7.558982855483932,5.273319219946968,6.570335233952623,4.853617081764459
2696,5,Dgv,475,xgboost_naive_transfer_with_dummy,0.15,3,7.373588319584739,4.891383642449418,6.265630186623527,4.4231209927821675
2697,5,Dgv,475,xgboost,0.15,4,7.773383217778988,5.124057787242128,6.378988252041295,4.504223074860321
2698,5,Dgv,475,xgboost_naive_transfer,0.15,4,7.694543880972579,5.369593965531676,6.661263304970426,4.945901552052509
2699,5,Dgv,475,xgboost_naive_transfer_with_dummy,0.15,4,7.463110064008263,4.925950202642774,6.363665867071453,4.49697136201028
2700,5,Dgv,570,xgboost,0.01,1,7.524715141317537,4.962400480364292,6.278432871334989,4.442220404837474
2701,5,Dgv,570,xgboost_naive_transfer,0.01,1,7.726773233238087,5.425290562524898,6.554172351386885,4.907168973152118
2702,5,Dgv,570,xgboost_naive_transfer_with_dummy,0.01,1,7.599886651640302,5.102749021950967,6.33483258441801,4.522524789360339
2703,5,Dgv,570,xgboost,0.01,2,7.393185438786901,4.8815440518383415,6.2399664554600465,4.422352941196767
2704,5,Dgv,570,xgboost_naive_transfer,0.01,2,7.628482700784437,5.322157132689145,6.565811426027358,4.8948852931226465
2705,5,Dgv,570,xgboost_naive_transfer_with_dummy,0.01,2,7.35307684736917,4.8377439649147,6.2427129293274515,4.396259415256581
2706,5,Dgv,570,xgboost,0.01,3,7.403163474183643,4.9017925830182065,6.2593575763068126,4.452541356916858
2707,5,Dgv,570,xgboost_naive_transfer,0.01,3,7.662195064552604,5.33390646299892,6.56993403436786,4.916558573175129
2708,5,Dgv,570,xgboost_naive_transfer_with_dummy,0.01,3,7.305004335706556,4.8440708462389015,6.223305034388236,4.415728980569764
2709,5,Dgv,570,xgboost,0.01,4,7.6446456846530735,5.040827228652668,6.418334633989737,4.53325101027083
2710,5,Dgv,570,xgboost_naive_transfer,0.01,4,7.658336952255294,5.344223433324565,6.62079235048578,4.928703344302967
2711,5,Dgv,570,xgboost_naive_transfer_with_dummy,0.01,4,7.357441753653361,4.856315352125056,6.3172609986349,4.484060149505303
2712,5,Dgv,570,xgboost,0.02,1,7.382720812953881,4.921367466721948,6.263109061249351,4.41041906180713
2713,5,Dgv,570,xgboost_naive_transfer,0.02,1,7.707799835915712,5.4002870981822495,6.557450803916418,4.899151801593538
2714,5,Dgv,570,xgboost_naive_transfer_with_dummy,0.02,1,7.463921898853489,4.927236341195783,6.273200496716695,4.42138361152043
2715,5,Dgv,570,xgboost,0.02,2,7.385543851185983,4.911975510821343,6.242333721364665,4.419393726931008
2716,5,Dgv,570,xgboost_naive_transfer,0.02,2,7.529892638106461,5.2796878550267525,6.548449191402545,4.852024963692352
2717,5,Dgv,570,xgboost_naive_transfer_with_dummy,0.02,2,7.350290346725107,4.831393073972069,6.248984318246856,4.4010983205939755
2718,5,Dgv,570,xgboost,0.02,3,7.3947008358094735,4.912029123093127,6.278278398670317,4.466342350691949
2719,5,Dgv,570,xgboost_naive_transfer,0.02,3,7.492596664383029,5.230180335623362,6.505396267211826,4.844132720069095
2720,5,Dgv,570,xgboost_naive_transfer_with_dummy,0.02,3,7.311282790694633,4.842661962540976,6.216597750323285,4.4094928995632685
2721,5,Dgv,570,xgboost,0.02,4,7.638803898288655,5.054858609851454,6.461007777024257,4.56366286992124
2722,5,Dgv,570,xgboost_naive_transfer,0.02,4,7.638045701292972,5.309163853590091,6.634971901853027,4.933917036373704
2723,5,Dgv,570,xgboost_naive_transfer_with_dummy,0.02,4,7.3256882593482135,4.834468534316997,6.3133009194994925,4.485536128262349
2724,5,Dgv,570,xgboost,0.05,1,7.414452905456532,4.923324995355762,6.2552154115897345,4.404940489831792
2725,5,Dgv,570,xgboost_naive_transfer,0.05,1,7.70331171100091,5.392775108363913,6.559699441427616,4.898380690155389
2726,5,Dgv,570,xgboost_naive_transfer_with_dummy,0.05,1,7.423530081791349,4.898466820434924,6.27418785036994,4.41927840182117
2727,5,Dgv,570,xgboost,0.05,2,7.402196994585821,4.8932867495886345,6.232258062096358,4.416224416294991
2728,5,Dgv,570,xgboost_naive_transfer,0.05,2,7.5460763314396,5.2865639529913215,6.56120047902989,4.8614521338822
2729,5,Dgv,570,xgboost_naive_transfer_with_dummy,0.05,2,7.32287382083004,4.823486961648735,6.247266373899376,4.395955137363504
2730,5,Dgv,570,xgboost,0.05,3,7.385617428253443,4.904921774565063,6.3097395314525695,4.495959013390972
2731,5,Dgv,570,xgboost_naive_transfer,0.05,3,7.48462351637602,5.217938553202342,6.49746860321325,4.832753765503003
2732,5,Dgv,570,xgboost_naive_transfer_with_dummy,0.05,3,7.349526481882671,4.8487151665787085,6.2394394328439295,4.420337739545512
2733,5,Dgv,570,xgboost,0.05,4,7.633426386662359,5.060446985895837,6.459788915572942,4.535622677643229
2734,5,Dgv,570,xgboost_naive_transfer,0.05,4,7.634975176437817,5.312955413689197,6.64124932891232,4.947633134541881
2735,5,Dgv,570,xgboost_naive_transfer_with_dummy,0.05,4,7.432311962424606,4.88644683656009,6.318921335790552,4.503723480750518
2736,5,Dgv,570,xgboost,0.1,1,7.37211159715019,4.914555491750661,6.265891786708397,4.4126985382868975
2737,5,Dgv,570,xgboost_naive_transfer,0.1,1,7.685070325471012,5.369240271646349,6.558492032865486,4.88375447231343
2738,5,Dgv,570,xgboost_naive_transfer_with_dummy,0.1,1,7.381717726550764,4.901368913430916,6.276827355180128,4.42240314981922
2739,5,Dgv,570,xgboost,0.1,2,7.434624865517707,4.921845940910749,6.254861297034919,4.4227369635722695
2740,5,Dgv,570,xgboost_naive_transfer,0.1,2,7.6141693063456755,5.311040119774821,6.5766034100795405,4.893401883516505
2741,5,Dgv,570,xgboost_naive_transfer_with_dummy,0.1,2,7.318830402728442,4.824931634700012,6.257546977006749,4.402487975541589
2742,5,Dgv,570,xgboost,0.1,3,7.469460226185474,4.964147546921927,6.336379478844286,4.514156415098039
2743,5,Dgv,570,xgboost_naive_transfer,0.1,3,7.5171728413915995,5.253998983756852,6.517774985817215,4.849873947691079
2744,5,Dgv,570,xgboost_naive_transfer_with_dummy,0.1,3,7.328508764525168,4.844156375372083,6.26710208974979,4.438081349363736
2745,5,Dgv,570,xgboost,0.1,4,7.668663208803616,5.0716146697146645,6.470449283019007,4.562059408852813
2746,5,Dgv,570,xgboost_naive_transfer,0.1,4,7.656205498138452,5.309587334292291,6.653033357204867,4.953484788310329
2747,5,Dgv,570,xgboost_naive_transfer_with_dummy,0.1,4,7.370563722992119,4.900144027100005,6.359602753899261,4.511285504071887
2748,5,Dgv,570,xgboost,0.15,1,7.421764484006707,4.926892290611811,6.255988648225328,4.40565398934797
2749,5,Dgv,570,xgboost_naive_transfer,0.15,1,7.5784974123459445,5.3324786684974415,6.583255526984131,4.8764982999126
2750,5,Dgv,570,xgboost_naive_transfer_with_dummy,0.15,1,7.471247247832892,4.930381492931129,6.252170505703318,4.400625014889928
2751,5,Dgv,570,xgboost,0.15,2,7.41803725826074,4.964026712485427,6.274855989725612,4.437051211760985
2752,5,Dgv,570,xgboost_naive_transfer,0.15,2,7.450955933042052,5.218982589327078,6.552087799347639,4.840339456865153
2753,5,Dgv,570,xgboost_naive_transfer_with_dummy,0.15,2,7.318903840614764,4.844038524549515,6.277708241214574,4.403555996801132
2754,5,Dgv,570,xgboost,0.15,3,7.416839720897353,4.92106834634995,6.251666853183015,4.449770690604657
2755,5,Dgv,570,xgboost_naive_transfer,0.15,3,7.540057722263602,5.238359624544738,6.539287206965571,4.852796364503332
2756,5,Dgv,570,xgboost_naive_transfer_with_dummy,0.15,3,7.402036864101823,4.9057808175158755,6.3462706616404905,4.487299897383014
2757,5,Dgv,570,xgboost,0.15,4,7.751726275031924,5.0799089676049425,6.528336135527206,4.579961610520971
2758,5,Dgv,570,xgboost_naive_transfer,0.15,4,7.581615576021282,5.256236534944895,6.619886897945946,4.926460077352364
2759,5,Dgv,570,xgboost_naive_transfer_with_dummy,0.15,4,7.323879656051235,4.834811122475935,6.45316544904653,4.565258279017257
2760,5,Dgv,665,xgboost,0.01,1,7.569570317123453,5.042449199551561,6.269617439191167,4.4764327906451715
2761,5,Dgv,665,xgboost_naive_transfer,0.01,1,7.740432581040241,5.4304595530141215,6.553626526044644,4.911000044241105
2762,5,Dgv,665,xgboost_naive_transfer_with_dummy,0.01,1,7.620959652493779,5.117948533233388,6.329038438974787,4.543674497331608
2763,5,Dgv,665,xgboost,0.01,2,7.394266863751445,4.937280766213451,6.282929799258405,4.489139129334188
2764,5,Dgv,665,xgboost_naive_transfer,0.01,2,7.640145559322764,5.333869817898963,6.567088303057713,4.900916818335256
2765,5,Dgv,665,xgboost_naive_transfer_with_dummy,0.01,2,7.451036505452044,4.8697010921476105,6.266209507958139,4.418153934081623
2766,5,Dgv,665,xgboost,0.01,3,7.3831324454156455,4.924757611600094,6.3132056512269505,4.534807765720096
2767,5,Dgv,665,xgboost_naive_transfer,0.01,3,7.533730987667921,5.226124632879714,6.545287871473433,4.855060086102284
2768,5,Dgv,665,xgboost_naive_transfer_with_dummy,0.01,3,7.427848237251587,4.9135091824511665,6.288131519201468,4.492318244531674
2769,5,Dgv,665,xgboost,0.01,4,7.461463261683521,4.991927233922359,6.37425361740227,4.550387518735443
2770,5,Dgv,665,xgboost_naive_transfer,0.01,4,7.618995115190949,5.274185199926746,6.583538770011768,4.9091380437511445
2771,5,Dgv,665,xgboost_naive_transfer_with_dummy,0.01,4,7.4802372155990975,4.923684160738102,6.358050968781605,4.533579813799137
2772,5,Dgv,665,xgboost,0.02,1,7.423617903138044,4.971860661878527,6.2473570786953205,4.40669610811401
2773,5,Dgv,665,xgboost_naive_transfer,0.02,1,7.72440612488076,5.410287893027634,6.559520122945289,4.906854202535644
2774,5,Dgv,665,xgboost_naive_transfer_with_dummy,0.02,1,7.471897893813578,4.930142776576812,6.274154779848106,4.433765912528344
2775,5,Dgv,665,xgboost,0.02,2,7.355703422323935,4.92774933136268,6.288292021066801,4.481547440545419
2776,5,Dgv,665,xgboost_naive_transfer,0.02,2,7.643547982612977,5.334753795688591,6.565249729805813,4.898637333435836
2777,5,Dgv,665,xgboost_naive_transfer_with_dummy,0.02,2,7.465822930314791,4.900308592599911,6.265435200061835,4.422231597050873
2778,5,Dgv,665,xgboost,0.02,3,7.394427795934682,4.929243281042885,6.314616661993941,4.538089520657879
2779,5,Dgv,665,xgboost_naive_transfer,0.02,3,7.540168263263904,5.229613080287127,6.537347130003669,4.84764710995419
2780,5,Dgv,665,xgboost_naive_transfer_with_dummy,0.02,3,7.39540382815948,4.897622442004241,6.275795060222481,4.4806530261094695
2781,5,Dgv,665,xgboost,0.02,4,7.480398894685184,5.012528780286094,6.3987691536321005,4.5673101671099205
2782,5,Dgv,665,xgboost_naive_transfer,0.02,4,7.618809212798735,5.263949135269334,6.593405570878126,4.9105128759691175
2783,5,Dgv,665,xgboost_naive_transfer_with_dummy,0.02,4,7.486121291830056,4.919259836185609,6.353631473221458,4.526732760528939
2784,5,Dgv,665,xgboost,0.05,1,7.4090187221567545,4.963505062116656,6.2488007209603005,4.406551197380595
2785,5,Dgv,665,xgboost_naive_transfer,0.05,1,7.721641473621443,5.403400748236182,6.560978727731708,4.902037702742891
2786,5,Dgv,665,xgboost_naive_transfer_with_dummy,0.05,1,7.418604448994211,4.919593983856009,6.280393743799928,4.440910179768378
2787,5,Dgv,665,xgboost,0.05,2,7.346667848038968,4.9350535421893325,6.297517146198867,4.479556705395813
2788,5,Dgv,665,xgboost_naive_transfer,0.05,2,7.635850019173396,5.322642833739479,6.5778411739155604,4.899527361675584
2789,5,Dgv,665,xgboost_naive_transfer_with_dummy,0.05,2,7.4508786549430495,4.872229518292355,6.278383019877529,4.419716168441841
2790,5,Dgv,665,xgboost,0.05,3,7.431353863644989,4.945513278018828,6.329636613746024,4.549162515450596
2791,5,Dgv,665,xgboost_naive_transfer,0.05,3,7.515434662168094,5.232146920190161,6.541991059475496,4.854783685767507
2792,5,Dgv,665,xgboost_naive_transfer_with_dummy,0.05,3,7.423562201559677,4.922965257232367,6.285599291179152,4.484003796205401
2793,5,Dgv,665,xgboost,0.05,4,7.648581184623053,5.040732867847805,6.376036521511757,4.590174584373647
2794,5,Dgv,665,xgboost_naive_transfer,0.05,4,7.593292087691185,5.261738304194359,6.559320036948527,4.887014666438615
2795,5,Dgv,665,xgboost_naive_transfer_with_dummy,0.05,4,7.4961573756913955,4.919706073212878,6.345247201336662,4.514825067814691
2796,5,Dgv,665,xgboost,0.1,1,7.413853034286347,4.965417287985277,6.248000486766365,4.402988430426536
2797,5,Dgv,665,xgboost_naive_transfer,0.1,1,7.651233459154098,5.35174631180709,6.572349345306831,4.8929403478275155
2798,5,Dgv,665,xgboost_naive_transfer_with_dummy,0.1,1,7.399204933138,4.922387715816227,6.283246729129084,4.452676034814366
2799,5,Dgv,665,xgboost,0.1,2,7.37393452205595,4.949175307558647,6.372954986535449,4.535405088149348
2800,5,Dgv,665,xgboost_naive_transfer,0.1,2,7.633294610764168,5.302579592082021,6.574335141857526,4.890707304119921
2801,5,Dgv,665,xgboost_naive_transfer_with_dummy,0.1,2,7.4252721320865165,4.839513563679804,6.243040815529216,4.396728110892999
2802,5,Dgv,665,xgboost,0.1,3,7.42995166985013,4.947062935930162,6.334045031670862,4.555391060044265
2803,5,Dgv,665,xgboost_naive_transfer,0.1,3,7.53744957471452,5.240082858608124,6.552811439459698,4.834053562357328
2804,5,Dgv,665,xgboost_naive_transfer_with_dummy,0.1,3,7.43018464537884,4.907090591380121,6.239255901144291,4.455779073753872
2805,5,Dgv,665,xgboost,0.1,4,7.6484680596619325,5.0548966941798295,6.406285068173396,4.618649818104388
2806,5,Dgv,665,xgboost_naive_transfer,0.1,4,7.546273472752657,5.233124939262504,6.556379921912511,4.889515693051876
2807,5,Dgv,665,xgboost_naive_transfer_with_dummy,0.1,4,7.488525565493818,4.900486204937471,6.316268693354241,4.477032085254078
2808,5,Dgv,665,xgboost,0.15,1,7.424523247975543,4.96154062522774,6.238926684506634,4.404884491822338
2809,5,Dgv,665,xgboost_naive_transfer,0.15,1,7.597540147430229,5.339046516957716,6.580701956869756,4.891059277630621
2810,5,Dgv,665,xgboost_naive_transfer_with_dummy,0.15,1,7.420446606117079,4.94080008573558,6.2638757395479345,4.438668196892472
2811,5,Dgv,665,xgboost,0.15,2,7.4185452117641395,4.957223940598612,6.345454011986898,4.518601118855912
2812,5,Dgv,665,xgboost_naive_transfer,0.15,2,7.667140211325912,5.310163998026615,6.576158552754904,4.871722045115546
2813,5,Dgv,665,xgboost_naive_transfer_with_dummy,0.15,2,7.44516435149049,4.857891495964619,6.271997422419871,4.428417334244617
2814,5,Dgv,665,xgboost,0.15,3,7.433845642316365,4.975305036394425,6.338330535343691,4.531670601884569
2815,5,Dgv,665,xgboost_naive_transfer,0.15,3,7.560445250523111,5.252379951230901,6.529890910208352,4.848412315864422
2816,5,Dgv,665,xgboost_naive_transfer_with_dummy,0.15,3,7.441837385892602,4.934939937747887,6.327971071487082,4.521702375925903
2817,5,Dgv,665,xgboost,0.15,4,7.6071662464531355,5.1109562098642405,6.472535912898087,4.6220677707543905
2818,5,Dgv,665,xgboost_naive_transfer,0.15,4,7.467239774917127,5.199411989442832,6.680851499631201,4.926636494973092
2819,5,Dgv,665,xgboost_naive_transfer_with_dummy,0.15,4,7.520735598293803,4.940151045563449,6.426337013686563,4.5312645517664265
2820,5,Dgv,760,xgboost,0.01,1,7.5399716368231395,5.001361288208216,6.332735252577809,4.542125971022004
2821,5,Dgv,760,xgboost_naive_transfer,0.01,1,7.723113235868685,5.407232362240774,6.56514771633623,4.893104228335904
2822,5,Dgv,760,xgboost_naive_transfer_with_dummy,0.01,1,7.607266789471394,5.100815828791996,6.35057508843882,4.525833194605291
2823,5,Dgv,760,xgboost,0.01,2,7.474687189879242,4.945020736741028,6.3263496779197235,4.532982034882261
2824,5,Dgv,760,xgboost_naive_transfer,0.01,2,7.632345368476151,5.323119718670067,6.562765506626969,4.894283121538222
2825,5,Dgv,760,xgboost_naive_transfer_with_dummy,0.01,2,7.4388343017166205,4.892326501910194,6.237932673038178,4.4302395415421545
2826,5,Dgv,760,xgboost,0.01,3,7.492343719816992,4.978246336333957,6.330676699338826,4.556604481825821
2827,5,Dgv,760,xgboost_naive_transfer,0.01,3,7.542494785669488,5.216699681363893,6.539982308457039,4.859880971879957
2828,5,Dgv,760,xgboost_naive_transfer_with_dummy,0.01,3,7.454894299903505,4.932178208879615,6.308070815870757,4.555707512960682
2829,5,Dgv,760,xgboost,0.01,4,7.711076237564012,5.115251816218514,6.484394818432387,4.695159783582485
2830,5,Dgv,760,xgboost_naive_transfer,0.01,4,7.616481308361874,5.274672582867986,6.614704314603085,4.913054603161562
2831,5,Dgv,760,xgboost_naive_transfer_with_dummy,0.01,4,7.529777370297588,4.972368333417846,6.412342023640482,4.6176804965240175
2832,5,Dgv,760,xgboost,0.02,1,7.427345589233105,4.956618520506333,6.308571600663257,4.48527432766699
2833,5,Dgv,760,xgboost_naive_transfer,0.02,1,7.615417332820563,5.3199124288638915,6.56794307479494,4.8611151762792115
2834,5,Dgv,760,xgboost_naive_transfer_with_dummy,0.02,1,7.526123676683638,4.956640442041746,6.300795891492829,4.442473171650213
2835,5,Dgv,760,xgboost,0.02,2,7.496159365236852,4.96583886629184,6.314002945825235,4.543104566490067
2836,5,Dgv,760,xgboost_naive_transfer,0.02,2,7.6031253590550625,5.280845210720198,6.548231047637798,4.868491574367964
2837,5,Dgv,760,xgboost_naive_transfer_with_dummy,0.02,2,7.430773521593763,4.884317583900888,6.237564561741947,4.428981133657355
2838,5,Dgv,760,xgboost,0.02,3,7.524797972311301,4.997297432348274,6.34859758103114,4.577965269000179
2839,5,Dgv,760,xgboost_naive_transfer,0.02,3,7.541893899763704,5.215702925381319,6.554787778170063,4.863023389232252
2840,5,Dgv,760,xgboost_naive_transfer_with_dummy,0.02,3,7.43980563186698,4.921435664290768,6.309374548950295,4.553002059783984
2841,5,Dgv,760,xgboost,0.02,4,7.730181325650632,5.118846521754933,6.489091668970078,4.698426649449729
2842,5,Dgv,760,xgboost_naive_transfer,0.02,4,7.6207106097222805,5.286851781493646,6.606445452505731,4.907773018050822
2843,5,Dgv,760,xgboost_naive_transfer_with_dummy,0.02,4,7.525474912583446,4.961869217008305,6.406894653165953,4.616858573118493
2844,5,Dgv,760,xgboost,0.05,1,7.430783258859793,4.959986171885209,6.306558190943268,4.483260586023184
2845,5,Dgv,760,xgboost_naive_transfer,0.05,1,7.686517800064666,5.36180952343735,6.5647080672093026,4.877505883773279
2846,5,Dgv,760,xgboost_naive_transfer_with_dummy,0.05,1,7.521005319137467,4.946766970277627,6.30070507958539,4.441307584584367
2847,5,Dgv,760,xgboost,0.05,2,7.4780716901202,4.957556022469794,6.331888695509018,4.539319643447962
2848,5,Dgv,760,xgboost_naive_transfer,0.05,2,7.596048198265008,5.259422061173884,6.535921252955749,4.853013241246992
2849,5,Dgv,760,xgboost_naive_transfer_with_dummy,0.05,2,7.435461301052638,4.881930999383654,6.234552620753131,4.425279106735593
2850,5,Dgv,760,xgboost,0.05,3,7.481616390767999,4.958933075782792,6.361486106315913,4.564557175578213
2851,5,Dgv,760,xgboost_naive_transfer,0.05,3,7.5337520300356,5.216399511161067,6.548537729172128,4.865030834627039
2852,5,Dgv,760,xgboost_naive_transfer_with_dummy,0.05,3,7.3925101264591,4.914469781439075,6.32472756247633,4.553539616202318
2853,5,Dgv,760,xgboost,0.05,4,7.705119406292099,5.096811932577047,6.43865958480724,4.642191901290141
2854,5,Dgv,760,xgboost_naive_transfer,0.05,4,7.543188583829387,5.2200212439412,6.657044870580898,4.8852419905011555
2855,5,Dgv,760,xgboost_naive_transfer_with_dummy,0.05,4,7.529503312109768,4.979473940664672,6.419568797422772,4.616237265012987
2856,5,Dgv,760,xgboost,0.1,1,7.408589205438106,4.957327654744158,6.313289629790743,4.487266341258723
2857,5,Dgv,760,xgboost_naive_transfer,0.1,1,7.6725050527187815,5.337236670438944,6.571505575487653,4.87160637941834
2858,5,Dgv,760,xgboost_naive_transfer_with_dummy,0.1,1,7.433211544978944,4.9143911915888445,6.288791356021902,4.431718721213432
2859,5,Dgv,760,xgboost,0.1,2,7.448704711043602,4.913675400718809,6.336501367143844,4.501521235080779
2860,5,Dgv,760,xgboost_naive_transfer,0.1,2,7.552045596665351,5.237150500125628,6.556198778374322,4.86297938102838
2861,5,Dgv,760,xgboost_naive_transfer_with_dummy,0.1,2,7.362849411859294,4.841792922256552,6.256216000281368,4.423362067299091
2862,5,Dgv,760,xgboost,0.1,3,7.465295842369528,4.965429652179034,6.459927822451871,4.597698678603197
2863,5,Dgv,760,xgboost_naive_transfer,0.1,3,7.518590869248585,5.203377727061292,6.537088015693356,4.836784442781721
2864,5,Dgv,760,xgboost_naive_transfer_with_dummy,0.1,3,7.389318042754506,4.919436076019647,6.340332927599144,4.56148439684781
2865,5,Dgv,760,xgboost,0.1,4,7.5455200014234345,5.059420762844941,6.4479280924765074,4.651650275675619
2866,5,Dgv,760,xgboost_naive_transfer,0.1,4,7.586235478675518,5.214442283396291,6.605528955643226,4.871704575431782
2867,5,Dgv,760,xgboost_naive_transfer_with_dummy,0.1,4,7.520592360575883,4.97148832238008,6.439182673246664,4.61794921590865
2868,5,Dgv,760,xgboost,0.15,1,7.438767889463156,4.95577736986811,6.3146324541342125,4.493222294581464
2869,5,Dgv,760,xgboost_naive_transfer,0.15,1,7.6066124408165985,5.308081227149711,6.583417391375235,4.86590589669248
2870,5,Dgv,760,xgboost_naive_transfer_with_dummy,0.15,1,7.421141736861758,4.915938175402602,6.2995590150476195,4.448913071600674
2871,5,Dgv,760,xgboost,0.15,2,7.497911757618925,4.955479186766364,6.359152343005203,4.533270121855054
2872,5,Dgv,760,xgboost_naive_transfer,0.15,2,7.5378338228910895,5.242948804383879,6.550964660625716,4.839709548197969
2873,5,Dgv,760,xgboost_naive_transfer_with_dummy,0.15,2,7.445860622811769,4.862148844469579,6.227019147175701,4.402665048473152
2874,5,Dgv,760,xgboost,0.15,3,7.473914405277549,4.9836328795492495,6.413830680318454,4.586501739335007
2875,5,Dgv,760,xgboost_naive_transfer,0.15,3,7.552463902002002,5.219392450146867,6.546246025090927,4.854821417199599
2876,5,Dgv,760,xgboost_naive_transfer_with_dummy,0.15,3,7.416221856189911,4.912210824069495,6.314829978941254,4.524946760587648
2877,5,Dgv,760,xgboost,0.15,4,7.594210560854084,5.050722229190248,6.544496815661412,4.605502982729542
2878,5,Dgv,760,xgboost_naive_transfer,0.15,4,7.630265109338312,5.278679303336574,6.609200127442758,4.90131772222882
2879,5,Dgv,760,xgboost_naive_transfer_with_dummy,0.15,4,7.4802024254257775,4.9524921922191005,6.478130522476598,4.613075307763046
2880,5,Dgv,855,xgboost,0.01,1,7.5499393876647405,5.055109013813456,6.3500717221142455,4.555986984307819
2881,5,Dgv,855,xgboost_naive_transfer,0.01,1,7.710180700803864,5.371607815468269,6.5352565932445055,4.854057882828197
2882,5,Dgv,855,xgboost_naive_transfer_with_dummy,0.01,1,7.603321130880001,5.086251224456471,6.335538407589508,4.514460410447946
2883,5,Dgv,855,xgboost,0.01,2,7.488127111915737,4.936899916574891,6.422876451472372,4.575731832651371
2884,5,Dgv,855,xgboost_naive_transfer,0.01,2,7.452334288619006,5.172136242275987,6.579753669763106,4.85187585604666
2885,5,Dgv,855,xgboost_naive_transfer_with_dummy,0.01,2,7.360398192843898,4.833058422241941,6.3399262394601985,4.474267291174034
2886,5,Dgv,855,xgboost,0.01,3,7.435954174291017,4.89002042789794,6.529695019889894,4.663469678961992
2887,5,Dgv,855,xgboost_naive_transfer,0.01,3,7.432110816207528,5.147600255998133,6.601831551176014,4.8735179541609694
2888,5,Dgv,855,xgboost_naive_transfer_with_dummy,0.01,3,7.408691527694961,4.883458736836808,6.436566792289477,4.587296798466524
2889,5,Dgv,855,xgboost,0.01,4,7.513708068525223,4.954559417871643,6.7926612672665065,4.788919620812497
2890,5,Dgv,855,xgboost_naive_transfer,0.01,4,7.6201201822800195,5.285822997837953,6.614541106650258,4.906813215859617
2891,5,Dgv,855,xgboost_naive_transfer_with_dummy,0.01,4,7.455094617585783,4.908437521860634,6.483516735971955,4.612087944207407
2892,5,Dgv,855,xgboost,0.02,1,7.405656068414537,4.9595343450628055,6.363371684880933,4.541215537146178
2893,5,Dgv,855,xgboost_naive_transfer,0.02,1,7.640338400889122,5.289998220355303,6.537444540698449,4.834118548010026
2894,5,Dgv,855,xgboost_naive_transfer_with_dummy,0.02,1,7.552263253817906,5.002575260301308,6.295997424813561,4.456203432088816
2895,5,Dgv,855,xgboost,0.02,2,7.464630647534455,4.9187323696131005,6.449163093091199,4.586225917565112
2896,5,Dgv,855,xgboost_naive_transfer,0.02,2,7.4535931814655765,5.173246471266241,6.5800792559014285,4.850059431978009
2897,5,Dgv,855,xgboost_naive_transfer_with_dummy,0.02,2,7.358444408561682,4.830505356139452,6.349380282408583,4.476603108073226
2898,5,Dgv,855,xgboost,0.02,3,7.454495867566306,4.911916420042027,6.533661770961956,4.679862914499742
2899,5,Dgv,855,xgboost_naive_transfer,0.02,3,7.444036565227566,5.157796975022096,6.612402568346273,4.879410698203531
2900,5,Dgv,855,xgboost_naive_transfer_with_dummy,0.02,3,7.401888716914059,4.876945737495545,6.4601160493304715,4.595579828442562
2901,5,Dgv,855,xgboost,0.02,4,7.491997939271307,4.938506960613373,6.795312883887702,4.769215853587286
2902,5,Dgv,855,xgboost_naive_transfer,0.02,4,7.614641576454764,5.278217280949071,6.6137348597477486,4.90782238944783
2903,5,Dgv,855,xgboost_naive_transfer_with_dummy,0.02,4,7.465046940847499,4.915255533646938,6.489621395559882,4.61841314124633
2904,5,Dgv,855,xgboost,0.05,1,7.425767705008784,4.967421600710077,6.363767081177209,4.542705663552314
2905,5,Dgv,855,xgboost_naive_transfer,0.05,1,7.586054949629892,5.271779205789131,6.545169313431491,4.832890398190109
2906,5,Dgv,855,xgboost_naive_transfer_with_dummy,0.05,1,7.500001368341769,4.926609337356291,6.278105321875464,4.414594580106765
2907,5,Dgv,855,xgboost,0.05,2,7.471126100573095,4.9253861239262875,6.445017395570931,4.579566275584185
2908,5,Dgv,855,xgboost_naive_transfer,0.05,2,7.416044901586433,5.154657009559885,6.585844742186827,4.852042048101847
2909,5,Dgv,855,xgboost_naive_transfer_with_dummy,0.05,2,7.358400237317352,4.819094704144599,6.369932705944044,4.4898033163719155
2910,5,Dgv,855,xgboost,0.05,3,7.4017910278190975,4.8624717755120095,6.586671119158199,4.692878441836616
2911,5,Dgv,855,xgboost_naive_transfer,0.05,3,7.504210367200062,5.181340568448893,6.615474915811569,4.887926626940525
2912,5,Dgv,855,xgboost_naive_transfer_with_dummy,0.05,3,7.415916190596245,4.892562384520706,6.434104987423237,4.5807845728223935
2913,5,Dgv,855,xgboost,0.05,4,7.487644030868435,4.934982416624585,6.791869292531102,4.7616949140865605
2914,5,Dgv,855,xgboost_naive_transfer,0.05,4,7.545492352595736,5.185781544997826,6.651579768626374,4.880532666466905
2915,5,Dgv,855,xgboost_naive_transfer_with_dummy,0.05,4,7.4352210648118575,4.876970855085429,6.535949769926189,4.6343872017339045
2916,5,Dgv,855,xgboost,0.1,1,7.403526728084916,4.955747639345817,6.364407907363513,4.544506603667888
2917,5,Dgv,855,xgboost_naive_transfer,0.1,1,7.622627020249401,5.2780429735951095,6.540991436129267,4.834882821058734
2918,5,Dgv,855,xgboost_naive_transfer_with_dummy,0.1,1,7.424823922491298,4.908099517403099,6.280200407155914,4.412816484200092
2919,5,Dgv,855,xgboost,0.1,2,7.45898954311459,4.9401786351713515,6.487313158831397,4.618428938128731
2920,5,Dgv,855,xgboost_naive_transfer,0.1,2,7.459351567864527,5.181822774624506,6.610316837289204,4.8568639190734935
2921,5,Dgv,855,xgboost_naive_transfer_with_dummy,0.1,2,7.35532538165965,4.823159594196295,6.359551669395458,4.476616943977252
2922,5,Dgv,855,xgboost,0.1,3,7.505660290033837,4.921326622519422,6.560799642537849,4.67634825868749
2923,5,Dgv,855,xgboost_naive_transfer,0.1,3,7.529668157809138,5.1739377245014895,6.655947636009596,4.906052596579976
2924,5,Dgv,855,xgboost_naive_transfer_with_dummy,0.1,3,7.446058110192495,4.883920800818143,6.467240816909369,4.592571430605075
2925,5,Dgv,855,xgboost,0.1,4,7.574211463869068,4.992819601543767,6.865561589106898,4.795505984375284
2926,5,Dgv,855,xgboost_naive_transfer,0.1,4,7.631670491588212,5.272028129066148,6.6899499809814,4.907707285420438
2927,5,Dgv,855,xgboost_naive_transfer_with_dummy,0.1,4,7.46354572244066,4.912803187587972,6.497115987116683,4.593027904638667
2928,5,Dgv,855,xgboost,0.15,1,7.399757158429106,4.938208313043003,6.364054713153526,4.539172848905541
2929,5,Dgv,855,xgboost_naive_transfer,0.15,1,7.55625580397623,5.24564233033952,6.561643631811418,4.837522131194981
2930,5,Dgv,855,xgboost_naive_transfer_with_dummy,0.15,1,7.366145357633575,4.90949440798558,6.313415214937992,4.454433318837209
2931,5,Dgv,855,xgboost,0.15,2,7.484139064446766,4.917092330220251,6.505783504495691,4.6222845669313415
2932,5,Dgv,855,xgboost_naive_transfer,0.15,2,7.39629769394159,5.137960950949067,6.631434412077376,4.872295165079849
2933,5,Dgv,855,xgboost_naive_transfer_with_dummy,0.15,2,7.3500518508469925,4.855369665654683,6.407744381138863,4.511217519841364
2934,5,Dgv,855,xgboost,0.15,3,7.481304176352444,4.93105011438945,6.546591690699329,4.687079737194912
2935,5,Dgv,855,xgboost_naive_transfer,0.15,3,7.4820850404884665,5.1929663277374685,6.663954343669606,4.886145123382449
2936,5,Dgv,855,xgboost_naive_transfer_with_dummy,0.15,3,7.436356403724439,4.906117994668023,6.545303001386989,4.604371159406634
2937,5,Dgv,855,xgboost,0.15,4,7.6349773040379825,5.057588658653908,6.975435448263141,4.861191662670512
2938,5,Dgv,855,xgboost_naive_transfer,0.15,4,7.5593873014559625,5.21984808830719,6.781122810249438,4.958307626992738
2939,5,Dgv,855,xgboost_naive_transfer_with_dummy,0.15,4,7.52416913821914,4.912763608414601,6.603611508201712,4.6397727267302695
2940,5,Dgv,950,xgboost,0.01,1,7.537842314472346,5.025165711401499,6.320697670887655,4.538083489677029
2941,5,Dgv,950,xgboost_naive_transfer,0.01,1,7.7091816924186825,5.374858295427274,6.533539134734491,4.844217888698405
2942,5,Dgv,950,xgboost_naive_transfer_with_dummy,0.01,1,7.6097630458513335,5.104159431337195,6.3406544798476565,4.519708247150689
2943,5,Dgv,950,xgboost,0.01,2,7.404057524592477,4.861136763360252,6.408472102665687,4.575514712668857
2944,5,Dgv,950,xgboost_naive_transfer,0.01,2,7.526350555384113,5.1868447702955915,6.554380910454858,4.854925311112271
2945,5,Dgv,950,xgboost_naive_transfer_with_dummy,0.01,2,7.397446862090472,4.8614481110817,6.293729381354587,4.453359202783988
2946,5,Dgv,950,xgboost,0.01,3,7.392921694138033,4.843397943553294,6.442566650357718,4.637933656452656
2947,5,Dgv,950,xgboost_naive_transfer,0.01,3,7.466563826364407,5.142870414495705,6.561231045465277,4.851548261640245
2948,5,Dgv,950,xgboost_naive_transfer_with_dummy,0.01,3,7.382997825515723,4.867835936648155,6.404283359781713,4.5670857008834735
2949,5,Dgv,950,xgboost,0.01,4,7.441616392255191,4.882796843361101,6.564556370029979,4.662031624433542
2950,5,Dgv,950,xgboost_naive_transfer,0.01,4,7.585766150501305,5.24200006940536,6.616734278285728,4.89185931260487
2951,5,Dgv,950,xgboost_naive_transfer_with_dummy,0.01,4,7.472118266750596,4.92574616750266,6.465307146393398,4.598388758114779
2952,5,Dgv,950,xgboost,0.02,1,7.395772348893382,4.937185221029279,6.332662171107031,4.522742888038916
2953,5,Dgv,950,xgboost_naive_transfer,0.02,1,7.6981614853060325,5.360872334702018,6.532432739885985,4.839803839248985
2954,5,Dgv,950,xgboost_naive_transfer_with_dummy,0.02,1,7.485211891989659,4.932995727472682,6.2742173361025735,4.409416536968008
2955,5,Dgv,950,xgboost,0.02,2,7.3546639749219045,4.819265356124562,6.444299829094399,4.594923540868469
2956,5,Dgv,950,xgboost_naive_transfer,0.02,2,7.530523378804303,5.188964799845442,6.556462714458024,4.85668194005225
2957,5,Dgv,950,xgboost_naive_transfer_with_dummy,0.02,2,7.395026783009375,4.858270563638405,6.294733449561578,4.453747443721611
2958,5,Dgv,950,xgboost,0.02,3,7.385949265123516,4.835173904549702,6.435030799275074,4.625233808289526
2959,5,Dgv,950,xgboost_naive_transfer,0.02,3,7.455103562278011,5.1216856480419235,6.561021537246785,4.8455868312981485
2960,5,Dgv,950,xgboost_naive_transfer_with_dummy,0.02,3,7.386045367600228,4.873888397693249,6.377106033041124,4.548889257211899
2961,5,Dgv,950,xgboost,0.02,4,7.420522057243385,4.872798658246293,6.580542257184836,4.660815474109996
2962,5,Dgv,950,xgboost_naive_transfer,0.02,4,7.577452686575807,5.23046737724902,6.610418056793123,4.885695685077316
2963,5,Dgv,950,xgboost_naive_transfer_with_dummy,0.02,4,7.457591695726307,4.897626738700516,6.466049783411296,4.5800890812578805
2964,5,Dgv,950,xgboost,0.05,1,7.3915917529296955,4.933276292302238,6.339510625175878,4.530373623649376
2965,5,Dgv,950,xgboost_naive_transfer,0.05,1,7.61795227729328,5.283042752954603,6.536558949032256,4.829977984931201
2966,5,Dgv,950,xgboost_naive_transfer_with_dummy,0.05,1,7.377101050818513,4.914343027299673,6.287592017637074,4.424549807310256
2967,5,Dgv,950,xgboost,0.05,2,7.343627667009599,4.8136554686989,6.45822417878091,4.612576067762746
2968,5,Dgv,950,xgboost_naive_transfer,0.05,2,7.528252966336885,5.18757037285078,6.550700400822255,4.84295242798817
2969,5,Dgv,950,xgboost_naive_transfer_with_dummy,0.05,2,7.320862082907517,4.80475256056849,6.341001565866563,4.4560640088982195
2970,5,Dgv,950,xgboost,0.05,3,7.41195136028824,4.859744860952805,6.444709518934745,4.63468747185976
2971,5,Dgv,950,xgboost_naive_transfer,0.05,3,7.465289149180504,5.1340760863488235,6.548351081526659,4.837922735631732
2972,5,Dgv,950,xgboost_naive_transfer_with_dummy,0.05,3,7.36974714599193,4.856176016640975,6.449066919841023,4.582999813728878
2973,5,Dgv,950,xgboost,0.05,4,7.4236477713257205,4.863313342413765,6.574085371917997,4.654950591108007
2974,5,Dgv,950,xgboost_naive_transfer,0.05,4,7.578857114724061,5.18708825428664,6.690875226614384,4.885995391546291
2975,5,Dgv,950,xgboost_naive_transfer_with_dummy,0.05,4,7.460774361009116,4.888275831628477,6.518924279011549,4.586722642788191
2976,5,Dgv,950,xgboost,0.1,1,7.396263307886711,4.928839863222334,6.335414951171822,4.524410114055162
2977,5,Dgv,950,xgboost_naive_transfer,0.1,1,7.607891604995279,5.270742551002746,6.537142168025103,4.823401897079928
2978,5,Dgv,950,xgboost_naive_transfer_with_dummy,0.1,1,7.510444287865994,4.941291489819521,6.275430343971242,4.410196447004602
2979,5,Dgv,950,xgboost,0.1,2,7.367888926356783,4.82304655348566,6.52483663401349,4.636098259712256
2980,5,Dgv,950,xgboost_naive_transfer,0.1,2,7.5419526125619605,5.188345588173469,6.562823578191715,4.8446901836608145
2981,5,Dgv,950,xgboost_naive_transfer_with_dummy,0.1,2,7.352182610748347,4.843376766944675,6.365713161410828,4.480980944201564
2982,5,Dgv,950,xgboost,0.1,3,7.344543600956875,4.814369225522506,6.544993118822817,4.66041532682757
2983,5,Dgv,950,xgboost_naive_transfer,0.1,3,7.50689124479433,5.157289236507793,6.562804334872794,4.856169808569788
2984,5,Dgv,950,xgboost_naive_transfer_with_dummy,0.1,3,7.419508839650989,4.885391368630659,6.3962458903349955,4.553988172936121
2985,5,Dgv,950,xgboost,0.1,4,7.421458892920271,4.872676491415215,6.617245286348116,4.6720324172561405
2986,5,Dgv,950,xgboost_naive_transfer,0.1,4,7.5560980088025325,5.158127379366566,6.680197478926343,4.887520399433196
2987,5,Dgv,950,xgboost_naive_transfer_with_dummy,0.1,4,7.4971785361671905,4.887891892316764,6.479543552849864,4.575493744565526
2988,5,Dgv,950,xgboost,0.15,1,7.389383109049385,4.917849985578319,6.354943486961414,4.542877980591794
2989,5,Dgv,950,xgboost_naive_transfer,0.15,1,7.598426539016758,5.267010168441218,6.569194117877631,4.849507571179207
2990,5,Dgv,950,xgboost_naive_transfer_with_dummy,0.15,1,7.413285669461158,4.907717259687306,6.300181838160235,4.439992258000681
2991,5,Dgv,950,xgboost,0.15,2,7.40659902368191,4.823156705943917,6.501490467499699,4.622045311500337
2992,5,Dgv,950,xgboost_naive_transfer,0.15,2,7.491983861265985,5.176165246181254,6.581115251959912,4.865356901095187
2993,5,Dgv,950,xgboost_naive_transfer_with_dummy,0.15,2,7.31339154620725,4.814249728518149,6.34946235525592,4.455799582227097
2994,5,Dgv,950,xgboost,0.15,3,7.448519525817951,4.8692387025677935,6.471450025956752,4.61307705294612
2995,5,Dgv,950,xgboost_naive_transfer,0.15,3,7.483983646632384,5.125615327758964,6.66258762441817,4.888277952179099
2996,5,Dgv,950,xgboost_naive_transfer_with_dummy,0.15,3,7.351635140876246,4.829509176115763,6.539372937733091,4.631948581023341
2997,5,Dgv,950,xgboost,0.15,4,7.453385695782973,4.890184514812847,6.6031618741342015,4.6286292397090705
2998,5,Dgv,950,xgboost_naive_transfer,0.15,4,7.559426323603864,5.179829346506715,6.676857065549319,4.873719634409907
2999,5,Dgv,950,xgboost_naive_transfer_with_dummy,0.15,4,7.482369911211513,4.912209012283374,6.538301595195561,4.596811929482271
3000,6,Dgv,95,xgboost,0.01,1,7.26216626719876,5.113537586799077,8.217848738855814,5.64903063626403
3001,6,Dgv,95,xgboost_naive_transfer,0.01,1,7.14069879936111,5.2495256288906145,7.77846280677419,5.499288169655709
3002,6,Dgv,95,xgboost_naive_transfer_with_dummy,0.01,1,7.14069879936111,5.2495256288906145,7.77846280677419,5.499288169655709
3003,6,Dgv,95,xgboost,0.01,2,7.323335376505881,5.14332500017533,8.21236104177127,5.728776303473702
3004,6,Dgv,95,xgboost_naive_transfer,0.01,2,7.068326101764707,5.192455315165458,7.727269187419084,5.441627115563619
3005,6,Dgv,95,xgboost_naive_transfer_with_dummy,0.01,2,6.845499788958659,4.884119942713847,7.6057247797294885,5.104319244452555
3006,6,Dgv,95,xgboost,0.01,3,7.336681418557858,5.129531513764832,8.356157995307113,5.8138434661090095
3007,6,Dgv,95,xgboost_naive_transfer,0.01,3,7.088717435857662,5.205541486450531,7.728953219104872,5.421300927373229
3008,6,Dgv,95,xgboost_naive_transfer_with_dummy,0.01,3,6.846949601909283,4.853596901257951,7.708363903126393,5.139254634416159
3009,6,Dgv,95,xgboost,0.01,4,7.7452390190764335,5.3608039431927414,8.453540341912193,5.868978319087328
3010,6,Dgv,95,xgboost_naive_transfer,0.01,4,7.094817542065076,5.215396300735032,7.769529125355244,5.462739984119569
3011,6,Dgv,95,xgboost_naive_transfer_with_dummy,0.01,4,7.032695312941893,5.122292468238047,7.698626009177308,5.34161165461194
3012,6,Dgv,95,xgboost,0.02,1,7.1754380625736305,5.027388321585012,8.209088596210472,5.5962342935500535
3013,6,Dgv,95,xgboost_naive_transfer,0.02,1,7.139160676025545,5.248414288618815,7.775527610032305,5.494155275641652
3014,6,Dgv,95,xgboost_naive_transfer_with_dummy,0.02,1,7.139160676025545,5.248414288618815,7.775527610032305,5.494155275641652
3015,6,Dgv,95,xgboost,0.02,2,7.323985906864052,5.143929961757348,8.219093544392425,5.729142941054975
3016,6,Dgv,95,xgboost_naive_transfer,0.02,2,7.068213457548533,5.192042927536047,7.726127482933283,5.439024702515779
3017,6,Dgv,95,xgboost_naive_transfer_with_dummy,0.02,2,6.8298095593363355,4.852143413917662,7.600146094958926,5.073497156219254
3018,6,Dgv,95,xgboost,0.02,3,7.352888793145879,5.12825137352474,8.371474796217948,5.836675436297884
3019,6,Dgv,95,xgboost_naive_transfer,0.02,3,7.115818465647834,5.234246354955298,7.719411510413828,5.425824599698771
3020,6,Dgv,95,xgboost_naive_transfer_with_dummy,0.02,3,6.857163837678208,4.846724340088259,7.7106869345769296,5.134158091648978
3021,6,Dgv,95,xgboost,0.02,4,7.730653081025396,5.349436358639002,8.4476269589383,5.860458434659682
3022,6,Dgv,95,xgboost_naive_transfer,0.02,4,7.099901941359128,5.205224408743465,7.766031861752089,5.457043995974219
3023,6,Dgv,95,xgboost_naive_transfer_with_dummy,0.02,4,6.979038293833867,5.025213041586624,7.6920749248110285,5.285366580821486
3024,6,Dgv,95,xgboost,0.05,1,7.241115285991008,5.094761862996279,8.216643521499318,5.638533095856508
3025,6,Dgv,95,xgboost_naive_transfer,0.05,1,7.136179112891444,5.246088476652871,7.771005627705435,5.482565666595921
3026,6,Dgv,95,xgboost_naive_transfer_with_dummy,0.05,1,7.117244904737526,5.217697941273003,7.751501122049738,5.450068267115202
3027,6,Dgv,95,xgboost,0.05,2,7.279661149096773,5.0744753063735715,8.193598898941033,5.658299829231655
3028,6,Dgv,95,xgboost_naive_transfer,0.05,2,7.067376677570778,5.184485364607161,7.761889435246873,5.453094373444379
3029,6,Dgv,95,xgboost_naive_transfer_with_dummy,0.05,2,6.801431512130218,4.7943464266734335,7.577938560384145,5.024925433718381
3030,6,Dgv,95,xgboost,0.05,3,7.355730420718699,5.129862036276128,8.354414945097046,5.81119364969839
3031,6,Dgv,95,xgboost_naive_transfer,0.05,3,7.091043851693229,5.204362293572121,7.727857981503237,5.430120359310583
3032,6,Dgv,95,xgboost_naive_transfer_with_dummy,0.05,3,6.827265715767898,4.813252493157953,7.6807187168668545,5.0952658098555625
3033,6,Dgv,95,xgboost,0.05,4,7.7644195344648725,5.373489422900718,8.475464314036731,5.867248469149249
3034,6,Dgv,95,xgboost_naive_transfer,0.05,4,7.102893192268909,5.207932202110472,7.814451125384736,5.492551955057964
3035,6,Dgv,95,xgboost_naive_transfer_with_dummy,0.05,4,6.974424246433661,4.941316023185125,7.691781408544913,5.218817844094327
3036,6,Dgv,95,xgboost,0.1,1,7.234262923150934,5.07772395443308,8.194167855878758,5.6115892620675405
3037,6,Dgv,95,xgboost_naive_transfer,0.1,1,7.143153455977979,5.250492263516686,7.776186287503138,5.483441171270758
3038,6,Dgv,95,xgboost_naive_transfer_with_dummy,0.1,1,7.108683845558536,5.194068549863058,7.737394676643424,5.419997233893017
3039,6,Dgv,95,xgboost,0.1,2,7.30341681829582,5.097087232429686,8.216151857119602,5.677505402361099
3040,6,Dgv,95,xgboost_naive_transfer,0.1,2,7.067640610770591,5.186154728415335,7.7910852536644555,5.474606941636663
3041,6,Dgv,95,xgboost_naive_transfer_with_dummy,0.1,2,6.832187887952672,4.804429515151086,7.629797209714329,5.051345958313529
3042,6,Dgv,95,xgboost,0.1,3,7.329730243815443,5.096101388481303,8.381480080832791,5.794578602856541
3043,6,Dgv,95,xgboost_naive_transfer,0.1,3,7.126255531354823,5.226558529901357,7.725362819763012,5.429060581023164
3044,6,Dgv,95,xgboost_naive_transfer_with_dummy,0.1,3,6.8767549586391885,4.858060450734803,7.714589746383219,5.128100415673387
3045,6,Dgv,95,xgboost,0.1,4,7.729461929684146,5.3241180438044315,8.519363740023898,5.909448397790293
3046,6,Dgv,95,xgboost_naive_transfer,0.1,4,7.102950984490784,5.221049017125912,7.799585804638127,5.48235583098118
3047,6,Dgv,95,xgboost_naive_transfer_with_dummy,0.1,4,6.841793662226067,4.818679636175658,7.656087302243997,5.1277300186654164
3048,6,Dgv,95,xgboost,0.15,1,7.147732476326803,5.01294110646081,8.13500016798699,5.564550020257885
3049,6,Dgv,95,xgboost_naive_transfer,0.15,1,7.1590863045663085,5.265838994848992,7.7823390896200095,5.493325737447433
3050,6,Dgv,95,xgboost_naive_transfer_with_dummy,0.15,1,7.089948435420522,5.167289424342286,7.721566196239189,5.3878975853325395
3051,6,Dgv,95,xgboost,0.15,2,7.290439837985663,5.065600931676698,8.13415218543882,5.585444611755447
3052,6,Dgv,95,xgboost_naive_transfer,0.15,2,7.084212809134515,5.192219706967708,7.765504746387524,5.43756227467525
3053,6,Dgv,95,xgboost_naive_transfer_with_dummy,0.15,2,6.8457947289815735,4.791771125080834,7.631993824651118,5.05468224330632
3054,6,Dgv,95,xgboost,0.15,3,7.401301168749089,5.151164461121443,8.309818626793417,5.761920085289165
3055,6,Dgv,95,xgboost_naive_transfer,0.15,3,7.101728109487796,5.190224743075388,7.773984636383182,5.447595273420568
3056,6,Dgv,95,xgboost_naive_transfer_with_dummy,0.15,3,6.876293293841924,4.8409487993417315,7.710046574778751,5.138055769300529
3057,6,Dgv,95,xgboost,0.15,4,7.848523154712885,5.434925613171779,8.518553900056606,5.901728530342234
3058,6,Dgv,95,xgboost_naive_transfer,0.15,4,7.077341720368279,5.179703697297093,7.891670387008058,5.50643696450014
3059,6,Dgv,95,xgboost_naive_transfer_with_dummy,0.15,4,6.938646743420194,4.876495037190449,7.742053070350782,5.159989018797077
3060,6,Dgv,190,xgboost,0.01,1,7.184329449348011,4.926410096840806,7.788441285685258,5.100129728235653
3061,6,Dgv,190,xgboost_naive_transfer,0.01,1,7.184271519430708,5.246127711326661,7.772291892054561,5.469496195655765
3062,6,Dgv,190,xgboost_naive_transfer_with_dummy,0.01,1,7.0597424986448205,5.026097611150332,7.638104945267229,5.2145687911728045
3063,6,Dgv,190,xgboost,0.01,2,7.1477333180268845,4.893293244800512,7.775933257564392,5.050137201410721
3064,6,Dgv,190,xgboost_naive_transfer,0.01,2,7.119397505923032,5.184641081241926,7.701346443805157,5.361961545390569
3065,6,Dgv,190,xgboost_naive_transfer_with_dummy,0.01,2,6.8959679849296665,4.743192048168946,7.453863916581408,4.84392630031512
3066,6,Dgv,190,xgboost,0.01,3,7.195555865421019,4.93000319000461,7.702970577419022,5.012005072327497
3067,6,Dgv,190,xgboost_naive_transfer,0.01,3,7.117010618243326,5.179126330497329,7.716903836731136,5.347085750355889
3068,6,Dgv,190,xgboost_naive_transfer_with_dummy,0.01,3,6.8984485802535,4.786846334477887,7.446890582657718,4.872783114518954
3069,6,Dgv,190,xgboost,0.01,4,7.198717625594892,4.936030394982398,7.887266004904593,5.088514505851411
3070,6,Dgv,190,xgboost_naive_transfer,0.01,4,7.147035311067186,5.205231168614606,7.692476359131834,5.339188384031461
3071,6,Dgv,190,xgboost_naive_transfer_with_dummy,0.01,4,7.115050025533248,4.987349350904232,7.521443156264688,4.985739908288151
3072,6,Dgv,190,xgboost,0.02,1,7.179472206872673,4.92112182917702,7.786898897697836,5.095273636016977
3073,6,Dgv,190,xgboost_naive_transfer,0.02,1,7.184609243864705,5.246241959502031,7.771983936230061,5.46910175131769
3074,6,Dgv,190,xgboost_naive_transfer_with_dummy,0.02,1,7.042078703735388,4.991816658323625,7.615396861311047,5.167655696180156
3075,6,Dgv,190,xgboost,0.02,2,7.14320114857895,4.878861499554478,7.782702687891714,5.05292641717818
3076,6,Dgv,190,xgboost_naive_transfer,0.02,2,7.118720048411004,5.186418830840185,7.702250158512754,5.3687748067877274
3077,6,Dgv,190,xgboost_naive_transfer_with_dummy,0.02,2,6.902136675316673,4.752876403241795,7.453444259756687,4.8456114096812035
3078,6,Dgv,190,xgboost,0.02,3,7.199201279294807,4.924620988639821,7.6871391226102,5.004326530004747
3079,6,Dgv,190,xgboost_naive_transfer,0.02,3,7.121263313397606,5.182859020296947,7.726812723388292,5.354351970147502
3080,6,Dgv,190,xgboost_naive_transfer_with_dummy,0.02,3,6.83237022882403,4.632620002457003,7.4404501347141885,4.818169125341476
3081,6,Dgv,190,xgboost,0.02,4,7.204924370039275,4.946999102242586,7.871888711614241,5.071010612823692
3082,6,Dgv,190,xgboost_naive_transfer,0.02,4,7.153050122685467,5.2124922005569365,7.699411514159028,5.343451109868033
3083,6,Dgv,190,xgboost_naive_transfer_with_dummy,0.02,4,7.100568367099181,4.9675256523470095,7.517226094696625,4.977345544492375
3084,6,Dgv,190,xgboost,0.05,1,7.161045739537349,4.896796933711251,7.8036821169442385,5.086369352468241
3085,6,Dgv,190,xgboost_naive_transfer,0.05,1,7.179551706535792,5.239329957407216,7.765483339928741,5.457223119182485
3086,6,Dgv,190,xgboost_naive_transfer_with_dummy,0.05,1,7.03963686943989,4.985200021244286,7.613352615813715,5.160561906226222
3087,6,Dgv,190,xgboost,0.05,2,7.139068709387659,4.866686986654845,7.784586132407975,5.062402383837348
3088,6,Dgv,190,xgboost_naive_transfer,0.05,2,7.120022024305395,5.190673812347636,7.693910693580301,5.365143836609366
3089,6,Dgv,190,xgboost_naive_transfer_with_dummy,0.05,2,6.859410499551142,4.670999155353106,7.43876146845173,4.7873670728867825
3090,6,Dgv,190,xgboost,0.05,3,7.2504456949760625,4.963008109058912,7.771136558831361,5.0504987810399244
3091,6,Dgv,190,xgboost_naive_transfer,0.05,3,7.134167592249185,5.1808502636473275,7.760266204137878,5.373278915184373
3092,6,Dgv,190,xgboost_naive_transfer_with_dummy,0.05,3,6.841199387226596,4.625149163297504,7.478315523787371,4.815571085758099
3093,6,Dgv,190,xgboost,0.05,4,7.208058497875653,4.9493805594215425,7.8024380937541995,5.025968418179879
3094,6,Dgv,190,xgboost_naive_transfer,0.05,4,7.165090348834087,5.2258818528613435,7.69719335471391,5.344723428146375
3095,6,Dgv,190,xgboost_naive_transfer_with_dummy,0.05,4,7.061515478762855,4.857806734350691,7.485491417611801,4.904694373806379
3096,6,Dgv,190,xgboost,0.1,1,7.161328330620129,4.899673983069942,7.797551488408248,5.085422154932173
3097,6,Dgv,190,xgboost_naive_transfer,0.1,1,7.187112364065046,5.25142778596406,7.7675582028566295,5.46711393301
3098,6,Dgv,190,xgboost_naive_transfer_with_dummy,0.1,1,6.990807958641284,4.880865562121535,7.532042565122259,4.981283690438424
3099,6,Dgv,190,xgboost,0.1,2,7.134018536365856,4.825953499967282,7.83342562307393,5.104707338549199
3100,6,Dgv,190,xgboost_naive_transfer,0.1,2,7.112262776035797,5.1750905653118675,7.70335896687286,5.331495660972785
3101,6,Dgv,190,xgboost_naive_transfer_with_dummy,0.1,2,6.886686702904616,4.7013151806701945,7.436814608793578,4.782945334549333
3102,6,Dgv,190,xgboost,0.1,3,7.217620959175067,4.909877801697881,7.769376884410854,5.066140573215704
3103,6,Dgv,190,xgboost_naive_transfer,0.1,3,7.112676830433245,5.169090309230649,7.746277970568255,5.36315064399218
3104,6,Dgv,190,xgboost_naive_transfer_with_dummy,0.1,3,6.85779299577648,4.617327166369749,7.549563696238366,4.846163142222128
3105,6,Dgv,190,xgboost,0.1,4,7.255969134505376,4.963092485058569,7.922493966161413,5.122140327927383
3106,6,Dgv,190,xgboost_naive_transfer,0.1,4,7.163861231959946,5.222466449530515,7.734284973677526,5.36390155543645
3107,6,Dgv,190,xgboost_naive_transfer_with_dummy,0.1,4,7.1351352492352165,4.886212432902137,7.505838598844256,4.8763296032739625
3108,6,Dgv,190,xgboost,0.15,1,7.16184886332534,4.902277683159821,7.81902097124852,5.096676819810011
3109,6,Dgv,190,xgboost_naive_transfer,0.15,1,7.196013330494232,5.263846511225013,7.759554557097512,5.46539984351439
3110,6,Dgv,190,xgboost_naive_transfer_with_dummy,0.15,1,7.0279579883545145,4.952222396527361,7.559403567622676,5.0648375571119075
3111,6,Dgv,190,xgboost,0.15,2,7.0962415953665285,4.790601347309172,7.779771168054652,5.061787295748474
3112,6,Dgv,190,xgboost_naive_transfer,0.15,2,7.112134191519503,5.162545635854702,7.749297234378598,5.37496277695066
3113,6,Dgv,190,xgboost_naive_transfer_with_dummy,0.15,2,6.863817119442721,4.67263881699994,7.489956593104542,4.815307587542386
3114,6,Dgv,190,xgboost,0.15,3,7.225139631632259,4.9580673407962745,7.795728019966519,5.110855263358139
3115,6,Dgv,190,xgboost_naive_transfer,0.15,3,7.1167731451504075,5.1283931526145325,7.8810933784066854,5.423727953618644
3116,6,Dgv,190,xgboost_naive_transfer_with_dummy,0.15,3,6.86809348777266,4.627933028474885,7.47948899070251,4.840855625153398
3117,6,Dgv,190,xgboost,0.15,4,7.166154882626288,4.935942576837961,7.8563969430648735,5.110138746444301
3118,6,Dgv,190,xgboost_naive_transfer,0.15,4,7.172434037625363,5.227891253549638,7.800708658034277,5.424635263391346
3119,6,Dgv,190,xgboost_naive_transfer_with_dummy,0.15,4,7.1978041003800595,4.965029346101824,7.5671883832743445,4.981112517332172
3120,6,Dgv,285,xgboost,0.01,1,7.08411711546728,4.830598315544203,7.653071919441378,4.92651055689941
3121,6,Dgv,285,xgboost_naive_transfer,0.01,1,7.1517696518348055,5.21222237162633,7.742445362618676,5.42901354744609
3122,6,Dgv,285,xgboost_naive_transfer_with_dummy,0.01,1,6.978562363914881,4.923788080867305,7.561824316341269,5.067517570997559
3123,6,Dgv,285,xgboost,0.01,2,6.967210425188759,4.72657141092088,7.705890487341261,4.981211559395192
3124,6,Dgv,285,xgboost_naive_transfer,0.01,2,7.031960221293928,5.1012414513828075,7.671298332731186,5.313186478382165
3125,6,Dgv,285,xgboost_naive_transfer_with_dummy,0.01,2,6.835932848041827,4.719437828808308,7.445242754846931,4.8400693453803
3126,6,Dgv,285,xgboost,0.01,3,7.0277194640142575,4.847036186338697,7.655014679413525,4.983732401594225
3127,6,Dgv,285,xgboost_naive_transfer,0.01,3,7.065463970237508,5.138424657275056,7.71223736429511,5.2979462116638825
3128,6,Dgv,285,xgboost_naive_transfer_with_dummy,0.01,3,6.833917161057773,4.741606727385481,7.45686236959263,4.851100539596453
3129,6,Dgv,285,xgboost,0.01,4,7.096237204811469,4.9349369438735255,7.763492953749772,5.090937202217136
3130,6,Dgv,285,xgboost_naive_transfer,0.01,4,7.085829660750208,5.162805185556422,7.701500066676476,5.338665406759524
3131,6,Dgv,285,xgboost_naive_transfer_with_dummy,0.01,4,6.969252394854142,4.793878768615419,7.542071229965408,4.894475827191879
3132,6,Dgv,285,xgboost,0.02,1,7.087909747828207,4.836954235633121,7.651724429389865,4.928682799616149
3133,6,Dgv,285,xgboost_naive_transfer,0.02,1,7.13852624129244,5.201339922882297,7.724641326264985,5.395606759155477
3134,6,Dgv,285,xgboost_naive_transfer_with_dummy,0.02,1,6.949950387791418,4.870354319923564,7.52645750440114,4.980539476174047
3135,6,Dgv,285,xgboost,0.02,2,6.964988518119302,4.716707777417422,7.722788019100744,4.989606111597894
3136,6,Dgv,285,xgboost_naive_transfer,0.02,2,7.033734814690031,5.103312786025321,7.675104176590443,5.31157822812523
3137,6,Dgv,285,xgboost_naive_transfer_with_dummy,0.02,2,6.837919816664984,4.718741743179598,7.442594977257738,4.834562591521816
3138,6,Dgv,285,xgboost,0.02,3,7.026982647084495,4.845570549928994,7.654064961123241,4.9852244010284
3139,6,Dgv,285,xgboost_naive_transfer,0.02,3,7.050597086288598,5.11204793527267,7.735473648571257,5.323425282819463
3140,6,Dgv,285,xgboost_naive_transfer_with_dummy,0.02,3,6.825137332195851,4.72316049734919,7.455833983786999,4.840362123736892
3141,6,Dgv,285,xgboost,0.02,4,7.088963487391972,4.901855629893976,7.779626489435615,5.09274772224657
3142,6,Dgv,285,xgboost_naive_transfer,0.02,4,7.087998512916792,5.163764567563899,7.7093829118222335,5.33913260126946
3143,6,Dgv,285,xgboost_naive_transfer_with_dummy,0.02,4,6.987136977243661,4.815103334085059,7.531499254697028,4.8910230204594605
3144,6,Dgv,285,xgboost,0.05,1,7.07087175464835,4.821597433758906,7.664569544136331,4.926200580355395
3145,6,Dgv,285,xgboost_naive_transfer,0.05,1,7.1405578854575245,5.20223467970137,7.727113885746,5.399081823023149
3146,6,Dgv,285,xgboost_naive_transfer_with_dummy,0.05,1,6.938225975055473,4.8465249582922505,7.513647533362741,4.944996434798706
3147,6,Dgv,285,xgboost,0.05,2,6.965270578687155,4.707633778614788,7.72920579238901,4.9903878054308946
3148,6,Dgv,285,xgboost_naive_transfer,0.05,2,7.037212357381295,5.112389993691016,7.665389599926805,5.312302668399318
3149,6,Dgv,285,xgboost_naive_transfer_with_dummy,0.05,2,6.814833823181678,4.692893693379552,7.4495784419046736,4.839058315318661
3150,6,Dgv,285,xgboost,0.05,3,7.035919467476992,4.845962018015364,7.648636902667606,4.964311667327483
3151,6,Dgv,285,xgboost_naive_transfer,0.05,3,7.06105606177401,5.120541119545077,7.724827382329693,5.315165171142216
3152,6,Dgv,285,xgboost_naive_transfer_with_dummy,0.05,3,6.8080689652725805,4.704608024289568,7.474343716891572,4.83196797429943
3153,6,Dgv,285,xgboost,0.05,4,7.080746356962845,4.903346547494458,7.767832018391205,5.094281183984548
3154,6,Dgv,285,xgboost_naive_transfer,0.05,4,7.088726204553791,5.148644049552859,7.720579035800002,5.34006539858548
3155,6,Dgv,285,xgboost_naive_transfer_with_dummy,0.05,4,6.995623309247681,4.811964361733904,7.542217042337411,4.8884551152455415
3156,6,Dgv,285,xgboost,0.1,1,7.079524244645068,4.828656449907128,7.6465583966097705,4.918606106063367
3157,6,Dgv,285,xgboost_naive_transfer,0.1,1,7.134183735660642,5.1930613491494695,7.717080824229751,5.377629594916484
3158,6,Dgv,285,xgboost_naive_transfer_with_dummy,0.1,1,6.9519770806392405,4.874440703357279,7.530092505903943,4.981656930051696
3159,6,Dgv,285,xgboost,0.1,2,6.951593523238322,4.701487816881105,7.723055109449787,4.984363191162369
3160,6,Dgv,285,xgboost_naive_transfer,0.1,2,7.047693878309601,5.106520032906103,7.682447439878342,5.315198256646572
3161,6,Dgv,285,xgboost_naive_transfer_with_dummy,0.1,2,6.824885481434994,4.668907285889143,7.4311943684272395,4.780923892948342
3162,6,Dgv,285,xgboost,0.1,3,7.015041573941847,4.817094194364259,7.663633859315553,4.976239885638499
3163,6,Dgv,285,xgboost_naive_transfer,0.1,3,7.026636940559898,5.0884804182564105,7.736970612701425,5.334589602573179
3164,6,Dgv,285,xgboost_naive_transfer_with_dummy,0.1,3,6.833736934506104,4.717364302394514,7.470684379121019,4.835151108214307
3165,6,Dgv,285,xgboost,0.1,4,7.131089988440424,4.915997653608557,7.8289211343807406,5.114933926466876
3166,6,Dgv,285,xgboost_naive_transfer,0.1,4,7.1300629918962635,5.1709655543058775,7.767467287429135,5.366855054269221
3167,6,Dgv,285,xgboost_naive_transfer_with_dummy,0.1,4,6.9530089922891625,4.754255352489753,7.545860688120516,4.879379620753394
3168,6,Dgv,285,xgboost,0.15,1,7.070823812674034,4.820031399905158,7.668414011324296,4.917942207908923
3169,6,Dgv,285,xgboost_naive_transfer,0.15,1,7.147026024239158,5.199369564270082,7.732512310400936,5.358796247580109
3170,6,Dgv,285,xgboost_naive_transfer_with_dummy,0.15,1,6.934065451147362,4.815795016133363,7.497608013751593,4.891346705148847
3171,6,Dgv,285,xgboost,0.15,2,6.97430087607313,4.731340710068312,7.689314678868706,4.987498884426838
3172,6,Dgv,285,xgboost_naive_transfer,0.15,2,7.04755637094626,5.099210051645423,7.710939164641133,5.321822357439646
3173,6,Dgv,285,xgboost_naive_transfer_with_dummy,0.15,2,6.820775260518916,4.6404433901584,7.452620229976981,4.792333602046732
3174,6,Dgv,285,xgboost,0.15,3,7.083850364566717,4.866912868161127,7.76248139056471,5.036005745203436
3175,6,Dgv,285,xgboost_naive_transfer,0.15,3,7.089687541333654,5.142419455332496,7.812723106640531,5.351629276682367
3176,6,Dgv,285,xgboost_naive_transfer_with_dummy,0.15,3,6.866383941598419,4.740896959814104,7.427038218434399,4.804244238012693
3177,6,Dgv,285,xgboost,0.15,4,7.094390771232569,4.920335076358452,7.849324529732679,5.1365763230628
3178,6,Dgv,285,xgboost_naive_transfer,0.15,4,7.119082143203159,5.176370859985264,7.778288234910957,5.353294826725621
3179,6,Dgv,285,xgboost_naive_transfer_with_dummy,0.15,4,7.046061878339929,4.873202341430484,7.554858820027901,4.899947333864928
3180,6,Dgv,380,xgboost,0.01,1,7.059513996502964,4.826191489505311,7.604125724701386,4.869406893143913
3181,6,Dgv,380,xgboost_naive_transfer,0.01,1,7.179086357270005,5.216704353156348,7.771794060064407,5.432008032732211
3182,6,Dgv,380,xgboost_naive_transfer_with_dummy,0.01,1,6.981498894305284,4.886175077011709,7.54313686816855,4.991046500795464
3183,6,Dgv,380,xgboost,0.01,2,6.92704078340787,4.739824031556676,7.461712429678383,4.771998975934159
3184,6,Dgv,380,xgboost_naive_transfer,0.01,2,7.067115403277867,5.1197559308208085,7.629098441416045,5.243142539830342
3185,6,Dgv,380,xgboost_naive_transfer_with_dummy,0.01,2,6.84831457189724,4.718719378803544,7.396684366452048,4.76509516517572
3186,6,Dgv,380,xgboost,0.01,3,6.962059496913474,4.811909867813877,7.42798614612914,4.791019795130489
3187,6,Dgv,380,xgboost_naive_transfer,0.01,3,7.056182437029859,5.0954784768207135,7.658480169296694,5.202781926584363
3188,6,Dgv,380,xgboost_naive_transfer_with_dummy,0.01,3,6.823181561570073,4.721304423493476,7.379399732906598,4.723868096860828
3189,6,Dgv,380,xgboost,0.01,4,7.006939561470354,4.858171407428436,7.4930762369331445,4.814561386986673
3190,6,Dgv,380,xgboost_naive_transfer,0.01,4,7.099407699314873,5.15333347438395,7.626018974493974,5.2141073336282036
3191,6,Dgv,380,xgboost_naive_transfer_with_dummy,0.01,4,6.888020579922889,4.718286296391041,7.434253221527321,4.737681946154899
3192,6,Dgv,380,xgboost,0.02,1,7.055055656990739,4.823792199520859,7.602456121001668,4.866889371401672
3193,6,Dgv,380,xgboost_naive_transfer,0.02,1,7.179519832874154,5.218445679137086,7.772550730728444,5.43374880238058
3194,6,Dgv,380,xgboost_naive_transfer_with_dummy,0.02,1,6.958330573053483,4.836618274793616,7.510131826881421,4.906935196241552
3195,6,Dgv,380,xgboost,0.02,2,6.933885942068289,4.733917217657362,7.468205417310557,4.773449753725887
3196,6,Dgv,380,xgboost_naive_transfer,0.02,2,7.067336513990585,5.117409728873947,7.6234799347418924,5.237926036437858
3197,6,Dgv,380,xgboost_naive_transfer_with_dummy,0.02,2,6.837225012823859,4.678107644275391,7.368469657042966,4.711158564853186
3198,6,Dgv,380,xgboost,0.02,3,6.965016364608677,4.8095022369685365,7.4418058624157455,4.797534950470985
3199,6,Dgv,380,xgboost_naive_transfer,0.02,3,7.045726338964495,5.090759436835669,7.667536931723063,5.204533037648249
3200,6,Dgv,380,xgboost_naive_transfer_with_dummy,0.02,3,6.816724158356347,4.714552410731718,7.38466738047636,4.717164460527596
3201,6,Dgv,380,xgboost,0.02,4,7.008031788914412,4.852968144723648,7.52509679856336,4.836593615192124
3202,6,Dgv,380,xgboost_naive_transfer,0.02,4,7.090537894569505,5.136135849629922,7.6351673858580735,5.2118338079588
3203,6,Dgv,380,xgboost_naive_transfer_with_dummy,0.02,4,6.900436551267479,4.721097130576458,7.42460172885031,4.742574166723114
3204,6,Dgv,380,xgboost,0.05,1,7.07433088853282,4.838367807027529,7.599589390202092,4.877822350694656
3205,6,Dgv,380,xgboost_naive_transfer,0.05,1,7.153766823762619,5.1810056291931055,7.732001805936379,5.3679893463090025
3206,6,Dgv,380,xgboost_naive_transfer_with_dummy,0.05,1,6.964485582285115,4.850213489788718,7.515424896629709,4.924504395570681
3207,6,Dgv,380,xgboost,0.05,2,6.929689265278364,4.730944038740331,7.4785934936644445,4.7941476032201
3208,6,Dgv,380,xgboost_naive_transfer,0.05,2,7.067291933910143,5.10570627015373,7.625986502268411,5.231365769064394
3209,6,Dgv,380,xgboost_naive_transfer_with_dummy,0.05,2,6.847571433868905,4.707588912991264,7.3862318168193815,4.7435824593618525
3210,6,Dgv,380,xgboost,0.05,3,6.952936804365215,4.794315587022984,7.411717986320024,4.763572343046502
3211,6,Dgv,380,xgboost_naive_transfer,0.05,3,7.051272827179436,5.089429379212258,7.671485618288815,5.204197654209284
3212,6,Dgv,380,xgboost_naive_transfer_with_dummy,0.05,3,6.827460516641063,4.728877492766403,7.38216542187153,4.7158753139829575
3213,6,Dgv,380,xgboost,0.05,4,7.032028259910474,4.836576264554792,7.537479226484854,4.837610525893636
3214,6,Dgv,380,xgboost_naive_transfer,0.05,4,7.0875086935037,5.137232339483344,7.644226633354768,5.233739730366105
3215,6,Dgv,380,xgboost_naive_transfer_with_dummy,0.05,4,6.893238232066843,4.713865953987027,7.438476392387661,4.752720001018865
3216,6,Dgv,380,xgboost,0.1,1,7.065957522939218,4.827833641536512,7.596085846231649,4.858525565292021
3217,6,Dgv,380,xgboost_naive_transfer,0.1,1,7.14389747601802,5.166485222715371,7.707353924748643,5.300532190823517
3218,6,Dgv,380,xgboost_naive_transfer_with_dummy,0.1,1,6.9674853857312256,4.843994163525937,7.50365439984113,4.890270001103119
3219,6,Dgv,380,xgboost,0.1,2,6.959764515599624,4.770682712290576,7.499183662630405,4.806417195390097
3220,6,Dgv,380,xgboost_naive_transfer,0.1,2,7.050185094518846,5.076760190141159,7.608453035822817,5.206267661632498
3221,6,Dgv,380,xgboost_naive_transfer_with_dummy,0.1,2,6.834502441381438,4.653801823418379,7.375941001104849,4.690827719392501
3222,6,Dgv,380,xgboost,0.1,3,6.934872736118603,4.78819272414011,7.442263090762216,4.777004445287714
3223,6,Dgv,380,xgboost_naive_transfer,0.1,3,7.111225059673754,5.147983305254904,7.7293019593764924,5.257362344986169
3224,6,Dgv,380,xgboost_naive_transfer_with_dummy,0.1,3,6.805457369839418,4.691397703699091,7.4425679384327585,4.7429970214767625
3225,6,Dgv,380,xgboost,0.1,4,6.982540097744157,4.799114836896587,7.587329863238856,4.806414855216418
3226,6,Dgv,380,xgboost_naive_transfer,0.1,4,7.1020948361360485,5.14499003153758,7.650105678142263,5.219362974765932
3227,6,Dgv,380,xgboost_naive_transfer_with_dummy,0.1,4,6.8319932571535125,4.68220673179746,7.442270927609604,4.731603477487139
3228,6,Dgv,380,xgboost,0.15,1,7.054949772585604,4.831746247637924,7.612822558588619,4.871685538983312
3229,6,Dgv,380,xgboost_naive_transfer,0.15,1,7.157193254797143,5.178797877124058,7.700293137240972,5.319659992436503
3230,6,Dgv,380,xgboost_naive_transfer_with_dummy,0.15,1,6.948933574782131,4.805753078463175,7.498174783931533,4.863833933111169
3231,6,Dgv,380,xgboost,0.15,2,6.9505391328835415,4.730130163884735,7.563767142012603,4.8665219930318795
3232,6,Dgv,380,xgboost_naive_transfer,0.15,2,7.083524100646529,5.10788103047936,7.585306419185806,5.191615671510216
3233,6,Dgv,380,xgboost_naive_transfer_with_dummy,0.15,2,6.863388052696274,4.668494433334367,7.335351714977963,4.6808329115557825
3234,6,Dgv,380,xgboost,0.15,3,6.927549935125454,4.753074152793917,7.518922313360862,4.846803211911371
3235,6,Dgv,380,xgboost_naive_transfer,0.15,3,7.0754130928956585,5.1112824234716765,7.713973674165106,5.229727545201171
3236,6,Dgv,380,xgboost_naive_transfer_with_dummy,0.15,3,6.871140393201766,4.704599592965901,7.432783019768067,4.682973924616859
3237,6,Dgv,380,xgboost,0.15,4,7.120278973993258,4.947987605843101,7.578642082994148,4.890512888385872
3238,6,Dgv,380,xgboost_naive_transfer,0.15,4,7.135337987886237,5.1779212170736795,7.7108205968751715,5.237059816711423
3239,6,Dgv,380,xgboost_naive_transfer_with_dummy,0.15,4,6.889356883381512,4.6747839177003785,7.616674227163304,4.8648596460368765
3240,6,Dgv,475,xgboost,0.01,1,6.9184441814952775,4.688309633320433,7.598728968486503,4.814919698522476
3241,6,Dgv,475,xgboost_naive_transfer,0.01,1,7.095387335381526,5.126106353497391,7.692568625323721,5.301033583897917
3242,6,Dgv,475,xgboost_naive_transfer_with_dummy,0.01,1,6.916982799424148,4.7894139418454245,7.506542872373148,4.884117931199483
3243,6,Dgv,475,xgboost,0.01,2,6.803922691370482,4.620250241497605,7.491186128433738,4.694230904010343
3244,6,Dgv,475,xgboost_naive_transfer,0.01,2,6.9907489132682015,5.022908216273727,7.6033679713676285,5.15992530106776
3245,6,Dgv,475,xgboost_naive_transfer_with_dummy,0.01,2,6.794573751272962,4.639564543965696,7.387803023555593,4.693669781644077
3246,6,Dgv,475,xgboost,0.01,3,6.839391964091141,4.694833037175409,7.476832980018811,4.693085313685677
3247,6,Dgv,475,xgboost_naive_transfer,0.01,3,7.003128648342759,5.015506871132116,7.6371982336125654,5.147925786762315
3248,6,Dgv,475,xgboost_naive_transfer_with_dummy,0.01,3,6.810157736050441,4.67750068850032,7.388735092314588,4.67233590444788
3249,6,Dgv,475,xgboost,0.01,4,6.829644984818172,4.692602006462811,7.61143029796874,4.757946654738793
3250,6,Dgv,475,xgboost_naive_transfer,0.01,4,7.022368364080625,5.062386043616502,7.642107591367467,5.180316880724215
3251,6,Dgv,475,xgboost_naive_transfer_with_dummy,0.01,4,6.852213291576171,4.674487117699952,7.42390381375551,4.693926876871712
3252,6,Dgv,475,xgboost,0.02,1,6.897449641448222,4.676881248852017,7.597978185080324,4.793562013330618
3253,6,Dgv,475,xgboost_naive_transfer,0.02,1,7.081544123870351,5.102713056269769,7.676194526563425,5.25291994643889
3254,6,Dgv,475,xgboost_naive_transfer_with_dummy,0.02,1,6.896615835139853,4.737498067393493,7.475079185288142,4.807344062810601
3255,6,Dgv,475,xgboost,0.02,2,6.80429307987771,4.614318104972694,7.4981016671093865,4.6958107191642195
3256,6,Dgv,475,xgboost_naive_transfer,0.02,2,6.989093341539202,5.01999679161125,7.597003036992733,5.155867037399153
3257,6,Dgv,475,xgboost_naive_transfer_with_dummy,0.02,2,6.791098949008911,4.637852410206749,7.3876732531359535,4.692406348680731
3258,6,Dgv,475,xgboost,0.02,3,6.8395670101143065,4.694255672683789,7.471966319774315,4.691527696714968
3259,6,Dgv,475,xgboost_naive_transfer,0.02,3,6.998401974940371,5.010804984704086,7.640014381032353,5.150632660806632
3260,6,Dgv,475,xgboost_naive_transfer_with_dummy,0.02,3,6.797927338807924,4.649592645052186,7.397530894624112,4.665988900207642
3261,6,Dgv,475,xgboost,0.02,4,6.849724500182192,4.69747707595698,7.642217956188716,4.770226261907597
3262,6,Dgv,475,xgboost_naive_transfer,0.02,4,7.008465941863191,5.039880281164953,7.658325984257975,5.176078353076272
3263,6,Dgv,475,xgboost_naive_transfer_with_dummy,0.02,4,6.832243146492968,4.671332651065596,7.420155928140012,4.688507523372715
3264,6,Dgv,475,xgboost,0.05,1,6.881143824503261,4.674892355331182,7.5995717331529935,4.784413434176419
3265,6,Dgv,475,xgboost_naive_transfer,0.05,1,7.084111386422941,5.105932839091849,7.680152931280919,5.257563672476049
3266,6,Dgv,475,xgboost_naive_transfer_with_dummy,0.05,1,6.897752760990521,4.736024119684597,7.475112070347593,4.805034908141532
3267,6,Dgv,475,xgboost,0.05,2,6.794198091528167,4.591596754142129,7.49483784668398,4.6869368256036
3268,6,Dgv,475,xgboost_naive_transfer,0.05,2,6.992935923782469,5.009116892001622,7.589286513702281,5.1374430970254945
3269,6,Dgv,475,xgboost_naive_transfer_with_dummy,0.05,2,6.7950643983253265,4.629206190070444,7.382208278243604,4.670930317596792
3270,6,Dgv,475,xgboost,0.05,3,6.826326247440121,4.683387085201729,7.491382041065538,4.712156897623465
3271,6,Dgv,475,xgboost_naive_transfer,0.05,3,7.01099671850388,5.012054308873401,7.626369126094362,5.148210622648838
3272,6,Dgv,475,xgboost_naive_transfer_with_dummy,0.05,3,6.789969844920914,4.634010047362119,7.390332649505497,4.659216894561578
3273,6,Dgv,475,xgboost,0.05,4,6.884215574792344,4.723376498789119,7.621056784756197,4.753841844338096
3274,6,Dgv,475,xgboost_naive_transfer,0.05,4,7.025006966318467,5.0495076480824155,7.65643906115405,5.168388741741175
3275,6,Dgv,475,xgboost_naive_transfer_with_dummy,0.05,4,6.865483427264548,4.67732267143244,7.401897698299923,4.663350129861941
3276,6,Dgv,475,xgboost,0.1,1,6.88266863935627,4.674091880516349,7.598928648998174,4.779806893763896
3277,6,Dgv,475,xgboost_naive_transfer,0.1,1,7.0768379027935815,5.0965498695461715,7.674021534419168,5.237727620496325
3278,6,Dgv,475,xgboost_naive_transfer_with_dummy,0.1,1,6.900544985914267,4.732216296700463,7.4690524426982,4.792077272671553
3279,6,Dgv,475,xgboost,0.1,2,6.830884921745213,4.654242849562962,7.55489662158108,4.72975904066229
3280,6,Dgv,475,xgboost_naive_transfer,0.1,2,6.992018600160167,5.007519973812865,7.587151486868362,5.157894920760608
3281,6,Dgv,475,xgboost_naive_transfer_with_dummy,0.1,2,6.800278778132953,4.6185344869011224,7.377096630708952,4.633099922160289
3282,6,Dgv,475,xgboost,0.1,3,6.855935328115022,4.680110679978039,7.5346434347198645,4.728601457909504
3283,6,Dgv,475,xgboost_naive_transfer,0.1,3,7.02605501100016,5.032854137415642,7.654660218123796,5.16721483126792
3284,6,Dgv,475,xgboost_naive_transfer_with_dummy,0.1,3,6.812994958854018,4.639749641890194,7.418742359757915,4.664867053544759
3285,6,Dgv,475,xgboost,0.1,4,6.86573725169669,4.744705419597754,7.684406219907898,4.813170511938609
3286,6,Dgv,475,xgboost_naive_transfer,0.1,4,7.017600190204191,5.023873234974068,7.662316004025461,5.15592695599427
3287,6,Dgv,475,xgboost_naive_transfer_with_dummy,0.1,4,6.877651196724903,4.682106626083971,7.526056537158208,4.716414431950839
3288,6,Dgv,475,xgboost,0.15,1,6.920990280778533,4.69791355417623,7.583313647336446,4.781605427474941
3289,6,Dgv,475,xgboost_naive_transfer,0.15,1,7.080889615152555,5.089236117930243,7.670140564225075,5.211256249196767
3290,6,Dgv,475,xgboost_naive_transfer_with_dummy,0.15,1,6.89723867266585,4.737002237160785,7.471648459741459,4.787130182559689
3291,6,Dgv,475,xgboost,0.15,2,6.832876905993213,4.618911278761799,7.538400824294093,4.698121887397486
3292,6,Dgv,475,xgboost_naive_transfer,0.15,2,6.9930887708063505,4.998893953819702,7.627326136341585,5.122005287185724
3293,6,Dgv,475,xgboost_naive_transfer_with_dummy,0.15,2,6.809481532870031,4.6069910770619,7.342651369490076,4.604823789384728
3294,6,Dgv,475,xgboost,0.15,3,6.869772755211324,4.700899272177925,7.5760874922641825,4.7640967209530745
3295,6,Dgv,475,xgboost_naive_transfer,0.15,3,7.032092657771296,5.020563037303113,7.641304438640061,5.1308135482602415
3296,6,Dgv,475,xgboost_naive_transfer_with_dummy,0.15,3,6.785292160401285,4.6048955353670795,7.390705264488011,4.641679934627759
3297,6,Dgv,475,xgboost,0.15,4,6.923961370453532,4.757317936252232,7.688604243034173,4.826972176855301
3298,6,Dgv,475,xgboost_naive_transfer,0.15,4,7.039886524361518,5.055640266011683,7.6773852505496425,5.156953184571795
3299,6,Dgv,475,xgboost_naive_transfer_with_dummy,0.15,4,6.892994381630994,4.702404838701315,7.415327922657947,4.640148229833907
3300,6,Dgv,570,xgboost,0.01,1,6.998261312205025,4.743793115582605,7.60430887078118,4.803177071986174
3301,6,Dgv,570,xgboost_naive_transfer,0.01,1,7.073699307426419,5.085415578311666,7.680899058458539,5.236682729010943
3302,6,Dgv,570,xgboost_naive_transfer_with_dummy,0.01,1,6.913020487344456,4.745175074453326,7.52953461790163,4.84700548218631
3303,6,Dgv,570,xgboost,0.01,2,6.8533054589982765,4.663892706882074,7.468914625069464,4.677900539763328
3304,6,Dgv,570,xgboost_naive_transfer,0.01,2,6.96835755927836,4.96600770747344,7.6003263807740575,5.099021359812428
3305,6,Dgv,570,xgboost_naive_transfer_with_dummy,0.01,2,6.814355510921766,4.624962333295593,7.397982637577198,4.666516957918726
3306,6,Dgv,570,xgboost,0.01,3,6.897179068833807,4.7559548970010885,7.502425281013652,4.730365474898687
3307,6,Dgv,570,xgboost_naive_transfer,0.01,3,6.987759476522861,4.990238207043119,7.615970530796163,5.10517173585272
3308,6,Dgv,570,xgboost_naive_transfer_with_dummy,0.01,3,6.836620700118526,4.657381978507654,7.403674623999271,4.650559996705779
3309,6,Dgv,570,xgboost,0.01,4,6.980348738803821,4.762363017491176,7.521436774113758,4.730406572951458
3310,6,Dgv,570,xgboost_naive_transfer,0.01,4,6.946943694776373,4.968171761162212,7.635344395522953,5.138148054340351
3311,6,Dgv,570,xgboost_naive_transfer_with_dummy,0.01,4,6.8964635834708545,4.69044128201556,7.453319625335877,4.691353848694114
3312,6,Dgv,570,xgboost,0.02,1,6.969557266124953,4.722484098836441,7.591499814170335,4.771903044170078
3313,6,Dgv,570,xgboost_naive_transfer,0.02,1,7.070306593162851,5.079650759326742,7.675649820038117,5.227170665934322
3314,6,Dgv,570,xgboost_naive_transfer_with_dummy,0.02,1,6.9085789001719125,4.735120365431203,7.522446371266041,4.829736154922227
3315,6,Dgv,570,xgboost,0.02,2,6.851246166148548,4.659581086759294,7.464599041733733,4.674464835991407
3316,6,Dgv,570,xgboost_naive_transfer,0.02,2,6.974605007656113,4.98045051207962,7.596670211013643,5.113862050533619
3317,6,Dgv,570,xgboost_naive_transfer_with_dummy,0.02,2,6.812985367101347,4.612288072694192,7.39107830962046,4.647720971982528
3318,6,Dgv,570,xgboost,0.02,3,6.90188626584749,4.760764604124883,7.500130742254159,4.7301293511539475
3319,6,Dgv,570,xgboost_naive_transfer,0.02,3,6.979673019478139,4.9820296566348725,7.611737883718099,5.106071809022246
3320,6,Dgv,570,xgboost_naive_transfer_with_dummy,0.02,3,6.832312535565997,4.644868664873978,7.407183298926988,4.650782402197872
3321,6,Dgv,570,xgboost,0.02,4,6.967840988372026,4.7735681592658645,7.544483063490299,4.73905046736545
3322,6,Dgv,570,xgboost_naive_transfer,0.02,4,6.955090573288517,4.972937092223798,7.637350646248402,5.13660294010202
3323,6,Dgv,570,xgboost_naive_transfer_with_dummy,0.02,4,6.899940313528358,4.691468304204996,7.453767613553201,4.678195038644247
3324,6,Dgv,570,xgboost,0.05,1,6.984081401578557,4.727501838528326,7.588223055640426,4.770705667999011
3325,6,Dgv,570,xgboost_naive_transfer,0.05,1,7.089530432561697,5.108230269883189,7.707760440409061,5.277415143652715
3326,6,Dgv,570,xgboost_naive_transfer_with_dummy,0.05,1,6.898478632166468,4.702964237319658,7.5026428053812575,4.777226108186514
3327,6,Dgv,570,xgboost,0.05,2,6.8482453330501585,4.658368311448058,7.463761706701458,4.672978088985034
3328,6,Dgv,570,xgboost_naive_transfer,0.05,2,6.96927416164676,4.958077517000055,7.61024372105907,5.093681206683378
3329,6,Dgv,570,xgboost_naive_transfer_with_dummy,0.05,2,6.812486321062924,4.597965494068679,7.3905130847362805,4.6219771571478585
3330,6,Dgv,570,xgboost,0.05,3,6.874413267705585,4.709787543960568,7.479528476296048,4.703384218176508
3331,6,Dgv,570,xgboost_naive_transfer,0.05,3,6.979105953037952,4.970601837360453,7.647408424331488,5.125363723273935
3332,6,Dgv,570,xgboost_naive_transfer_with_dummy,0.05,3,6.8275037118631685,4.64785467949833,7.3992892771528505,4.657722521052635
3333,6,Dgv,570,xgboost,0.05,4,6.96759925661909,4.747775596890946,7.511793544983067,4.719097732636378
3334,6,Dgv,570,xgboost_naive_transfer,0.05,4,6.9358455109316015,4.973201694049858,7.668196194404228,5.1378271763637535
3335,6,Dgv,570,xgboost_naive_transfer_with_dummy,0.05,4,6.897211034307886,4.681995377913548,7.460285232530275,4.685537023518573
3336,6,Dgv,570,xgboost,0.1,1,6.989564417332821,4.732742391143788,7.59957205110957,4.80011201390268
3337,6,Dgv,570,xgboost_naive_transfer,0.1,1,7.07236665419307,5.071043160413328,7.677752598872446,5.199115189708877
3338,6,Dgv,570,xgboost_naive_transfer_with_dummy,0.1,1,6.902008663699657,4.705921616450434,7.50104331065809,4.761966987210358
3339,6,Dgv,570,xgboost,0.1,2,6.853476091300287,4.658821120835442,7.478634790232202,4.673942072247541
3340,6,Dgv,570,xgboost_naive_transfer,0.1,2,6.982258743422698,4.978660606229697,7.6040216059209245,5.093173088368704
3341,6,Dgv,570,xgboost_naive_transfer_with_dummy,0.1,2,6.820509831520381,4.601677557274439,7.397790427309377,4.623015400794744
3342,6,Dgv,570,xgboost,0.1,3,6.904432430350975,4.760580150955454,7.498602511824811,4.717745663272175
3343,6,Dgv,570,xgboost_naive_transfer,0.1,3,6.971932252073502,4.97542188746793,7.676768916020333,5.103989346952093
3344,6,Dgv,570,xgboost_naive_transfer_with_dummy,0.1,3,6.815610439007201,4.606406932786549,7.406967554229718,4.6187610765261
3345,6,Dgv,570,xgboost,0.1,4,6.959434937821004,4.721973145996319,7.4761183598290675,4.7257182239963615
3346,6,Dgv,570,xgboost_naive_transfer,0.1,4,6.97259388102282,4.996898388183091,7.667656475293127,5.124550284763226
3347,6,Dgv,570,xgboost_naive_transfer_with_dummy,0.1,4,6.921715391500581,4.700181820594901,7.470087218155836,4.702936590709772
3348,6,Dgv,570,xgboost,0.15,1,6.9838791977310715,4.731050106909858,7.584548216911499,4.7652382827011435
3349,6,Dgv,570,xgboost_naive_transfer,0.15,1,7.08801245618057,5.0901577286595305,7.666374186521671,5.204778806018957
3350,6,Dgv,570,xgboost_naive_transfer_with_dummy,0.15,1,6.912856455717864,4.695783052509237,7.493368209854948,4.73146020968348
3351,6,Dgv,570,xgboost,0.15,2,6.89537569225007,4.668647911017842,7.4858337085486895,4.67716911465737
3352,6,Dgv,570,xgboost_naive_transfer,0.15,2,6.985675159283775,4.961542892295103,7.629882725045838,5.101850538195527
3353,6,Dgv,570,xgboost_naive_transfer_with_dummy,0.15,2,6.825356723487534,4.602377157084499,7.398819158809213,4.640474537253815
3354,6,Dgv,570,xgboost,0.15,3,6.901501227385814,4.733074270278333,7.472698217757076,4.697554713747042
3355,6,Dgv,570,xgboost_naive_transfer,0.15,3,7.000434476429235,4.9929947418947,7.685352915440679,5.124635552157402
3356,6,Dgv,570,xgboost_naive_transfer_with_dummy,0.15,3,6.787011757920528,4.59169233131013,7.392629794248384,4.646714535560335
3357,6,Dgv,570,xgboost,0.15,4,6.995141794788873,4.757992863425873,7.527662734403496,4.698634456973089
3358,6,Dgv,570,xgboost_naive_transfer,0.15,4,6.9582071662232465,4.990400271796469,7.690030739743496,5.163311181044394
3359,6,Dgv,570,xgboost_naive_transfer_with_dummy,0.15,4,6.95948437266823,4.738792572595726,7.463313748017352,4.6501640148102155
3360,6,Dgv,665,xgboost,0.01,1,7.0036481692688755,4.712223143322349,7.6488902451282215,4.799671216828013
3361,6,Dgv,665,xgboost_naive_transfer,0.01,1,7.052253473926021,5.024708844737849,7.691586311799158,5.187998102557934
3362,6,Dgv,665,xgboost_naive_transfer_with_dummy,0.01,1,6.918995674331468,4.706574898060616,7.565575569323276,4.821756017443207
3363,6,Dgv,665,xgboost,0.01,2,6.910126936829141,4.664931766817717,7.5190152746624905,4.708046728356282
3364,6,Dgv,665,xgboost_naive_transfer,0.01,2,6.98774128116657,4.965394909952325,7.585864410434082,5.068416686751984
3365,6,Dgv,665,xgboost_naive_transfer_with_dummy,0.01,2,6.842941759969724,4.611514811001713,7.429285838701269,4.636626081008588
3366,6,Dgv,665,xgboost,0.01,3,6.881689958847591,4.688225727774386,7.47615107721243,4.693747730667729
3367,6,Dgv,665,xgboost_naive_transfer,0.01,3,6.972328996446661,4.953589480439244,7.6004041217135105,5.0537204367137445
3368,6,Dgv,665,xgboost_naive_transfer_with_dummy,0.01,3,6.853253529897661,4.660510126109639,7.4219845813587275,4.646997427704141
3369,6,Dgv,665,xgboost,0.01,4,6.934373699779481,4.731476198682324,7.532511875316554,4.715556543442888
3370,6,Dgv,665,xgboost_naive_transfer,0.01,4,6.985916752970617,4.9797095480219316,7.616267141697035,5.075562567892454
3371,6,Dgv,665,xgboost_naive_transfer_with_dummy,0.01,4,6.930983393838502,4.679163119690462,7.409209861610465,4.6207897063042065
3372,6,Dgv,665,xgboost,0.02,1,7.019881270213733,4.7231362893380915,7.671319564544912,4.815928957697923
3373,6,Dgv,665,xgboost_naive_transfer,0.02,1,7.0523102369659165,5.02520455209917,7.690551311163164,5.186161486945302
3374,6,Dgv,665,xgboost_naive_transfer_with_dummy,0.02,1,6.8992754259181455,4.662709891962448,7.534748905413332,4.760513575960557
3375,6,Dgv,665,xgboost,0.02,2,6.899142651090683,4.640814224376384,7.454690885118229,4.671646706859662
3376,6,Dgv,665,xgboost_naive_transfer,0.02,2,6.9865771504608,4.964633757383708,7.5856120891342975,5.063262965754245
3377,6,Dgv,665,xgboost_naive_transfer_with_dummy,0.02,2,6.84105262022033,4.599474142466598,7.423919241118285,4.6174290359930215
3378,6,Dgv,665,xgboost,0.02,3,6.870953526365298,4.676656700255201,7.4551377244679635,4.689932243439367
3379,6,Dgv,665,xgboost_naive_transfer,0.02,3,6.975396085493523,4.946410542466676,7.602330767745101,5.047108341391407
3380,6,Dgv,665,xgboost_naive_transfer_with_dummy,0.02,3,6.84708372888851,4.627848967160575,7.412256371255871,4.623236738989238
3381,6,Dgv,665,xgboost,0.02,4,6.9260932229813,4.705982305172879,7.510766068172987,4.701140574500396
3382,6,Dgv,665,xgboost_naive_transfer,0.02,4,6.9805871745984405,4.967415010792529,7.604530594019639,5.05651081245052
3383,6,Dgv,665,xgboost_naive_transfer_with_dummy,0.02,4,6.93060518354997,4.68859466626965,7.433539964149654,4.644377786334927
3384,6,Dgv,665,xgboost,0.05,1,6.973950503441953,4.685869424719962,7.603470021922306,4.765781124221195
3385,6,Dgv,665,xgboost_naive_transfer,0.05,1,7.046207403382869,5.00333868802888,7.685411744535451,5.153933138780642
3386,6,Dgv,665,xgboost_naive_transfer_with_dummy,0.05,1,6.889922619685297,4.640427708295036,7.523930454390829,4.734722205000571
3387,6,Dgv,665,xgboost,0.05,2,6.895142084771585,4.639076687100099,7.463744178671174,4.678283298485989
3388,6,Dgv,665,xgboost_naive_transfer,0.05,2,6.996089525008972,4.9657389794221425,7.596875494586945,5.057414489035452
3389,6,Dgv,665,xgboost_naive_transfer_with_dummy,0.05,2,6.837553437349726,4.592485704412463,7.42008722286093,4.61097040184462
3390,6,Dgv,665,xgboost,0.05,3,6.893266541255709,4.68966513000615,7.462146941736942,4.686130637165517
3391,6,Dgv,665,xgboost_naive_transfer,0.05,3,6.971134381869968,4.930920772446111,7.593507061023711,5.0376651528002405
3392,6,Dgv,665,xgboost_naive_transfer_with_dummy,0.05,3,6.827891466174944,4.581940118446121,7.375576612728727,4.601438003107313
3393,6,Dgv,665,xgboost,0.05,4,6.941396307683821,4.707150847960334,7.501139231248352,4.71767422075935
3394,6,Dgv,665,xgboost_naive_transfer,0.05,4,6.988677488814326,4.9697689562812934,7.601334856187965,5.056376762069338
3395,6,Dgv,665,xgboost_naive_transfer_with_dummy,0.05,4,6.955663478851323,4.683380053452018,7.424259282457003,4.598979706628359
3396,6,Dgv,665,xgboost,0.1,1,6.996481281466299,4.696300550312279,7.621613164064448,4.777107461164244
3397,6,Dgv,665,xgboost_naive_transfer,0.1,1,7.054568561889965,5.007883573053929,7.6903535721872425,5.152972827290266
3398,6,Dgv,665,xgboost_naive_transfer_with_dummy,0.1,1,6.896180910889518,4.639785766523169,7.523848921129786,4.727464642207928
3399,6,Dgv,665,xgboost,0.1,2,6.8984389720008386,4.635220905858768,7.471740782974492,4.692375200788529
3400,6,Dgv,665,xgboost_naive_transfer,0.1,2,6.982065835527982,4.951870838686613,7.586248231324814,5.051951607723783
3401,6,Dgv,665,xgboost_naive_transfer_with_dummy,0.1,2,6.837848295468965,4.583685319086458,7.40917492642308,4.598784221494191
3402,6,Dgv,665,xgboost,0.1,3,6.919342493442338,4.698052510185351,7.453245674373545,4.688911686303446
3403,6,Dgv,665,xgboost_naive_transfer,0.1,3,6.959044910824009,4.934456935958871,7.602448503403277,5.052370534246738
3404,6,Dgv,665,xgboost_naive_transfer_with_dummy,0.1,3,6.834079331697095,4.589952908565835,7.401552165354635,4.6070387788593
3405,6,Dgv,665,xgboost,0.1,4,6.974004024446204,4.732182168362447,7.463536549130708,4.716717939887475
3406,6,Dgv,665,xgboost_naive_transfer,0.1,4,7.013123701650681,4.990890524577808,7.654156205433315,5.070117679270602
3407,6,Dgv,665,xgboost_naive_transfer_with_dummy,0.1,4,6.914759398817884,4.649665825130367,7.464833025893114,4.6299025900272595
3408,6,Dgv,665,xgboost,0.15,1,6.998180155823071,4.69135168366239,7.601052244568947,4.773313679957548
3409,6,Dgv,665,xgboost_naive_transfer,0.15,1,7.051006848455245,5.01053016526732,7.679557341605595,5.154410838330937
3410,6,Dgv,665,xgboost_naive_transfer_with_dummy,0.15,1,6.9031975244713015,4.636823471042828,7.506183427549611,4.694695614286519
3411,6,Dgv,665,xgboost,0.15,2,6.929016718455243,4.651218969982699,7.483671176056145,4.672297166866503
3412,6,Dgv,665,xgboost_naive_transfer,0.15,2,7.0050048290822415,4.956576427082398,7.5967948863025985,5.032645232889035
3413,6,Dgv,665,xgboost_naive_transfer_with_dummy,0.15,2,6.843834911159248,4.587259666551182,7.39539341782772,4.575619226953022
3414,6,Dgv,665,xgboost,0.15,3,6.91163461620461,4.670807665557963,7.430287210029892,4.654513754778647
3415,6,Dgv,665,xgboost_naive_transfer,0.15,3,7.006546301185165,4.94516313530953,7.654164089939794,5.058676341921463
3416,6,Dgv,665,xgboost_naive_transfer_with_dummy,0.15,3,6.837675476483301,4.6021159921923545,7.389942270679602,4.605436185117733
3417,6,Dgv,665,xgboost,0.15,4,6.977822686360848,4.720836875316773,7.511146179752878,4.740569455102218
3418,6,Dgv,665,xgboost_naive_transfer,0.15,4,7.027004618322944,4.9974546735302905,7.71213452189155,5.068515686138299
3419,6,Dgv,665,xgboost_naive_transfer_with_dummy,0.15,4,6.969656966343002,4.660030946736603,7.4392194282378945,4.592219139455045
3420,6,Dgv,760,xgboost,0.01,1,6.920241187150814,4.652851505176003,7.5740139098666965,4.7838734603851965
3421,6,Dgv,760,xgboost_naive_transfer,0.01,1,7.038616464272802,5.003043939483867,7.652470653288568,5.160941914209213
3422,6,Dgv,760,xgboost_naive_transfer_with_dummy,0.01,1,6.913063338518585,4.70411887776254,7.528636409229126,4.813247121066467
3423,6,Dgv,760,xgboost,0.01,2,6.814369447094026,4.596469430702378,7.415270810199502,4.649025207175699
3424,6,Dgv,760,xgboost_naive_transfer,0.01,2,6.953674553890583,4.902333084700685,7.560404167317841,5.033866010460784
3425,6,Dgv,760,xgboost_naive_transfer_with_dummy,0.01,2,6.840155067885824,4.601919273193909,7.39228667378045,4.6247366308135796
3426,6,Dgv,760,xgboost,0.01,3,6.811214734117759,4.586529390190006,7.368468469704978,4.621764882284543
3427,6,Dgv,760,xgboost_naive_transfer,0.01,3,6.929895894194347,4.892614900399034,7.59026093961249,5.035964285724247
3428,6,Dgv,760,xgboost_naive_transfer_with_dummy,0.01,3,6.831655385136453,4.631335524765326,7.399013867902806,4.641949486688423
3429,6,Dgv,760,xgboost,0.01,4,6.860021124610697,4.684968895043617,7.447562470955392,4.6487975724470205
3430,6,Dgv,760,xgboost_naive_transfer,0.01,4,7.017850899247122,4.981655342259596,7.612306397981375,5.0756188464105
3431,6,Dgv,760,xgboost_naive_transfer_with_dummy,0.01,4,6.905230905553813,4.653595913241119,7.441323883275875,4.61471999161674
3432,6,Dgv,760,xgboost,0.02,1,6.9185077409374465,4.650437984864949,7.569886995830031,4.782088966866428
3433,6,Dgv,760,xgboost_naive_transfer,0.02,1,7.031876278484604,4.990698734245021,7.641347495207474,5.137175744931667
3434,6,Dgv,760,xgboost_naive_transfer_with_dummy,0.02,1,6.881043640965988,4.630935948103874,7.469600858180356,4.700009330248925
3435,6,Dgv,760,xgboost,0.02,2,6.80477827403358,4.586638955225106,7.3959093072727295,4.639576429936318
3436,6,Dgv,760,xgboost_naive_transfer,0.02,2,6.974727635626982,4.93527668335265,7.556604254778967,5.055944058398372
3437,6,Dgv,760,xgboost_naive_transfer_with_dummy,0.02,2,6.839849340181721,4.600651804819374,7.391410638013778,4.620388352767925
3438,6,Dgv,760,xgboost,0.02,3,6.8288717120755305,4.616762846267553,7.420797122395467,4.640771652513598
3439,6,Dgv,760,xgboost_naive_transfer,0.02,3,6.938273576684057,4.88935231793381,7.616875534061193,5.035243697744054
3440,6,Dgv,760,xgboost_naive_transfer_with_dummy,0.02,3,6.829050157576648,4.615194165072525,7.397054778724679,4.6326830214457
3441,6,Dgv,760,xgboost,0.02,4,6.870072966396639,4.688434228886922,7.452784004966398,4.66472605947269
3442,6,Dgv,760,xgboost_naive_transfer,0.02,4,6.993740892138255,4.961314873518483,7.638547986959788,5.072744949923033
3443,6,Dgv,760,xgboost_naive_transfer_with_dummy,0.02,4,6.895226312515821,4.634839184051225,7.425405994915192,4.609956667604038
3444,6,Dgv,760,xgboost,0.05,1,6.916732355300867,4.646640713796453,7.558744282911479,4.774631224315675
3445,6,Dgv,760,xgboost_naive_transfer,0.05,1,7.023466301910023,4.97228348830527,7.6247303750937645,5.106919277981272
3446,6,Dgv,760,xgboost_naive_transfer_with_dummy,0.05,1,6.880546411894863,4.634927652512051,7.474051891553895,4.70930099429717
3447,6,Dgv,760,xgboost,0.05,2,6.805894507224687,4.587395635870315,7.408602672324598,4.64104140790318
3448,6,Dgv,760,xgboost_naive_transfer,0.05,2,6.955857452932836,4.912580414550562,7.561462121412091,5.033573241021598
3449,6,Dgv,760,xgboost_naive_transfer_with_dummy,0.05,2,6.84092094281029,4.595944425277343,7.393052709792215,4.619826258159208
3450,6,Dgv,760,xgboost,0.05,3,6.814255077055488,4.595948211259133,7.386467096153775,4.641044013702621
3451,6,Dgv,760,xgboost_naive_transfer,0.05,3,6.944906934223042,4.896842548720818,7.621084379174395,5.039814682609678
3452,6,Dgv,760,xgboost_naive_transfer_with_dummy,0.05,3,6.835572850475248,4.603992964486757,7.392452255639352,4.625038602387399
3453,6,Dgv,760,xgboost,0.05,4,6.800554749171493,4.608539667669852,7.391850837150605,4.6495650238031905
3454,6,Dgv,760,xgboost_naive_transfer,0.05,4,7.006982948934857,4.960061449715757,7.622793076100595,5.082573625655777
3455,6,Dgv,760,xgboost_naive_transfer_with_dummy,0.05,4,6.9318460967041835,4.654862884329317,7.44056533562088,4.604811676793278
3456,6,Dgv,760,xgboost,0.1,1,6.914415347899002,4.645363049384618,7.5544044649612685,4.7712996406272055
3457,6,Dgv,760,xgboost_naive_transfer,0.1,1,7.019408622603929,4.9661202774664455,7.616880539305356,5.090238621117831
3458,6,Dgv,760,xgboost_naive_transfer_with_dummy,0.1,1,6.8823668372623885,4.633595377406692,7.468150736522102,4.69424844772985
3459,6,Dgv,760,xgboost,0.1,2,6.814656704788503,4.586679614498518,7.3961151254861655,4.613348258228235
3460,6,Dgv,760,xgboost_naive_transfer,0.1,2,6.962313518929971,4.899267511684466,7.594132685580322,5.046776306312832
3461,6,Dgv,760,xgboost_naive_transfer_with_dummy,0.1,2,6.830798900439089,4.581882275583871,7.391387951958555,4.59868406482748
3462,6,Dgv,760,xgboost,0.1,3,6.827341547771235,4.6065337066787775,7.387562267903628,4.638443958200151
3463,6,Dgv,760,xgboost_naive_transfer,0.1,3,6.945442883835083,4.8962093101614705,7.631268238156982,5.038515850618743
3464,6,Dgv,760,xgboost_naive_transfer_with_dummy,0.1,3,6.803579855181823,4.561214469372517,7.383933293963995,4.602027013865372
3465,6,Dgv,760,xgboost,0.1,4,6.888030776219511,4.6906159981618485,7.419327070472198,4.66618229285516
3466,6,Dgv,760,xgboost_naive_transfer,0.1,4,7.026973619779355,4.968410186142911,7.659758342779721,5.071973060052819
3467,6,Dgv,760,xgboost_naive_transfer_with_dummy,0.1,4,6.906852326473136,4.6532887533541185,7.4578708983172834,4.62140435950091
3468,6,Dgv,760,xgboost,0.15,1,6.917444724977335,4.638958358683477,7.546137077443174,4.754441776655372
3469,6,Dgv,760,xgboost_naive_transfer,0.15,1,7.036456557624196,4.965877906033592,7.615949574033204,5.061493794648179
3470,6,Dgv,760,xgboost_naive_transfer_with_dummy,0.15,1,6.885074686196691,4.637069818249231,7.465990150232392,4.6861248789958205
3471,6,Dgv,760,xgboost,0.15,2,6.829693697595754,4.582713410490188,7.4231154189578845,4.642277569943195
3472,6,Dgv,760,xgboost_naive_transfer,0.15,2,6.964002812023248,4.907259665659312,7.58748840021085,5.046511559796495
3473,6,Dgv,760,xgboost_naive_transfer_with_dummy,0.15,2,6.7994356439490895,4.515349919079429,7.347969970792834,4.509258931064952
3474,6,Dgv,760,xgboost,0.15,3,6.8471444003408,4.609977143782271,7.374053208852951,4.645219920102618
3475,6,Dgv,760,xgboost_naive_transfer,0.15,3,6.938863195930026,4.8889518404774766,7.6016091163785955,5.023798002407321
3476,6,Dgv,760,xgboost_naive_transfer_with_dummy,0.15,3,6.818781786511592,4.5593630441223,7.436051230239846,4.608068840506743
3477,6,Dgv,760,xgboost,0.15,4,6.902732265458429,4.64031048015327,7.419851398396914,4.646961000502951
3478,6,Dgv,760,xgboost_naive_transfer,0.15,4,7.001113297791495,4.953855024752065,7.714756370877222,5.080442628888373
3479,6,Dgv,760,xgboost_naive_transfer_with_dummy,0.15,4,6.898904494395137,4.658345567162079,7.422822585219926,4.60593791411081
3480,6,Dgv,855,xgboost,0.01,1,6.870049347818722,4.62037428636653,7.505679371459099,4.762232507534993
3481,6,Dgv,855,xgboost_naive_transfer,0.01,1,6.994602346021436,4.972431641444382,7.645920238061154,5.1583211127194035
3482,6,Dgv,855,xgboost_naive_transfer_with_dummy,0.01,1,6.877122090496307,4.707559377270115,7.530151835514605,4.8612578718479655
3483,6,Dgv,855,xgboost,0.01,2,6.820246817920116,4.610722797695211,7.467189146617173,4.718100329565484
3484,6,Dgv,855,xgboost_naive_transfer,0.01,2,6.898480036980571,4.879192208101636,7.529229066683951,5.014758133657407
3485,6,Dgv,855,xgboost_naive_transfer_with_dummy,0.01,2,6.789085194240984,4.600839556420375,7.416259038940769,4.668953513797385
3486,6,Dgv,855,xgboost,0.01,3,6.824833572004591,4.610324196120064,7.393869242263947,4.636719743736719
3487,6,Dgv,855,xgboost_naive_transfer,0.01,3,6.9015857745697655,4.885995956803979,7.557840796032274,5.029597887292279
3488,6,Dgv,855,xgboost_naive_transfer_with_dummy,0.01,3,6.752175320481861,4.568519228791255,7.3804638270029335,4.645695088925022
3489,6,Dgv,855,xgboost,0.01,4,6.884816581963864,4.664937043603119,7.359639477809367,4.649866401252621
3490,6,Dgv,855,xgboost_naive_transfer,0.01,4,6.936232382534436,4.955942694159948,7.564193303855615,5.051036614756978
3491,6,Dgv,855,xgboost_naive_transfer_with_dummy,0.01,4,6.806592808859747,4.622047657415394,7.409391235502711,4.681994377227
3492,6,Dgv,855,xgboost,0.02,1,6.8629614575202496,4.614024617589423,7.483578027057262,4.74991841671767
3493,6,Dgv,855,xgboost_naive_transfer,0.02,1,6.983349621482167,4.946279066599907,7.624064698416194,5.112745112953197
3494,6,Dgv,855,xgboost_naive_transfer_with_dummy,0.02,1,6.838212130263359,4.628488680729011,7.473662638373103,4.757219713686893
3495,6,Dgv,855,xgboost,0.02,2,6.797813165138734,4.575404754312394,7.414735219908579,4.696898728442274
3496,6,Dgv,855,xgboost_naive_transfer,0.02,2,6.896354446765337,4.877080877181664,7.5271111036559235,5.016067773604773
3497,6,Dgv,855,xgboost_naive_transfer_with_dummy,0.02,2,6.781142811278349,4.579535832869009,7.407671301232701,4.648798951258646
3498,6,Dgv,855,xgboost,0.02,3,6.81192842892253,4.574491929711016,7.3358546101926585,4.622675670426196
3499,6,Dgv,855,xgboost_naive_transfer,0.02,3,6.901709093126208,4.882004375076045,7.547054767101417,5.0222304409674114
3500,6,Dgv,855,xgboost_naive_transfer_with_dummy,0.02,3,6.76229679787726,4.578095477962115,7.381268170881867,4.650031059480723
3501,6,Dgv,855,xgboost,0.02,4,6.870617997710145,4.65018281073672,7.378593180820356,4.651620273132101
3502,6,Dgv,855,xgboost_naive_transfer,0.02,4,6.90533675212341,4.90714089015104,7.545370753213463,5.016811712359065
3503,6,Dgv,855,xgboost_naive_transfer_with_dummy,0.02,4,6.797993652090416,4.594945684601865,7.409220454045534,4.662730725903267
3504,6,Dgv,855,xgboost,0.05,1,6.8623482266535865,4.6122319432738195,7.471753555608706,4.748162430562293
3505,6,Dgv,855,xgboost_naive_transfer,0.05,1,6.983793751651548,4.948640634749673,7.625134518183316,5.113688038770721
3506,6,Dgv,855,xgboost_naive_transfer_with_dummy,0.05,1,6.8362082334119965,4.621495589452718,7.471992197552205,4.750352115022987
3507,6,Dgv,855,xgboost,0.05,2,6.7938007083243015,4.566158356971853,7.391746594235349,4.6850598227708256
3508,6,Dgv,855,xgboost_naive_transfer,0.05,2,6.898191528986205,4.875194051443494,7.548528197010348,5.021043554502924
3509,6,Dgv,855,xgboost_naive_transfer_with_dummy,0.05,2,6.789542435585313,4.589329358469317,7.409344595857862,4.645620917217241
3510,6,Dgv,855,xgboost,0.05,3,6.8037963204382725,4.561726645428224,7.3408758970899,4.620161120266762
3511,6,Dgv,855,xgboost_naive_transfer,0.05,3,6.889216960373415,4.865045580214445,7.531692783795235,5.016169569984827
3512,6,Dgv,855,xgboost_naive_transfer_with_dummy,0.05,3,6.749998856464332,4.559088740516017,7.379943335695821,4.648274765747433
3513,6,Dgv,855,xgboost,0.05,4,6.847144372244178,4.626211606871764,7.37403046720941,4.6369874726982685
3514,6,Dgv,855,xgboost_naive_transfer,0.05,4,6.923035097973467,4.9069621513435395,7.536450064872332,5.003651593763118
3515,6,Dgv,855,xgboost_naive_transfer_with_dummy,0.05,4,6.831259665585081,4.600604753469314,7.422062738368991,4.673777263626963
3516,6,Dgv,855,xgboost,0.1,1,6.845123702671257,4.588336617800398,7.451983431210527,4.7330092401314126
3517,6,Dgv,855,xgboost_naive_transfer,0.1,1,6.989700665535263,4.955008397574968,7.6174133056470446,5.101268509177916
3518,6,Dgv,855,xgboost_naive_transfer_with_dummy,0.1,1,6.834311688560198,4.601807267936658,7.4507319664357725,4.695824540725781
3519,6,Dgv,855,xgboost,0.1,2,6.7996448025329785,4.578115285744469,7.445030225868789,4.725317376849479
3520,6,Dgv,855,xgboost_naive_transfer,0.1,2,6.908391808514872,4.877471227918233,7.516923010245153,5.000999962105684
3521,6,Dgv,855,xgboost_naive_transfer_with_dummy,0.1,2,6.787956540489508,4.572429094896652,7.407904329744259,4.654011950525247
3522,6,Dgv,855,xgboost,0.1,3,6.844774274562995,4.589423277197809,7.398092272653415,4.621429116538529
3523,6,Dgv,855,xgboost_naive_transfer,0.1,3,6.913752606435336,4.8926445363947995,7.577558703820979,5.031708063259033
3524,6,Dgv,855,xgboost_naive_transfer_with_dummy,0.1,3,6.746949598778285,4.551817810688568,7.344046708100423,4.629773908419269
3525,6,Dgv,855,xgboost,0.1,4,6.877497499380129,4.650376920137883,7.399599950217969,4.657205396805247
3526,6,Dgv,855,xgboost_naive_transfer,0.1,4,6.937955983721078,4.908339106754951,7.579023024899657,5.017737274864759
3527,6,Dgv,855,xgboost_naive_transfer_with_dummy,0.1,4,6.8230042484212206,4.602405196885812,7.427236901942988,4.637926705405899
3528,6,Dgv,855,xgboost,0.15,1,6.831182376436639,4.58079497326571,7.426843757018517,4.710630972584124
3529,6,Dgv,855,xgboost_naive_transfer,0.15,1,6.98299384854127,4.944568837796005,7.620070774269412,5.118146836657944
3530,6,Dgv,855,xgboost_naive_transfer_with_dummy,0.15,1,6.839687401148346,4.619418570675685,7.469670530956379,4.745355085565134
3531,6,Dgv,855,xgboost,0.15,2,6.7985249265618215,4.552016224039911,7.427115745402109,4.728673776694723
3532,6,Dgv,855,xgboost_naive_transfer,0.15,2,6.915273241917981,4.87093836287271,7.491221853277364,5.00341516944445
3533,6,Dgv,855,xgboost_naive_transfer_with_dummy,0.15,2,6.768401785310549,4.535092313971529,7.368084164087587,4.594799753933579
3534,6,Dgv,855,xgboost,0.15,3,6.832905988856032,4.616204570794071,7.321200607803905,4.641279490942491
3535,6,Dgv,855,xgboost_naive_transfer,0.15,3,6.965186173485195,4.914329056745774,7.612976322677878,5.064781242671688
3536,6,Dgv,855,xgboost_naive_transfer_with_dummy,0.15,3,6.7838920350395275,4.585977518629774,7.339686500846778,4.652849285824672
3537,6,Dgv,855,xgboost,0.15,4,6.914321155173318,4.65617627418858,7.380235299476382,4.699486562963223
3538,6,Dgv,855,xgboost_naive_transfer,0.15,4,6.929450252539814,4.896149456722639,7.591042489177322,5.008877399371574
3539,6,Dgv,855,xgboost_naive_transfer_with_dummy,0.15,4,6.811599298879477,4.585269226379913,7.454814910073955,4.71663960636634
3540,6,Dgv,950,xgboost,0.01,1,6.856307801940122,4.655516665395294,7.518173646400072,4.769029722200935
3541,6,Dgv,950,xgboost_naive_transfer,0.01,1,6.974227718577243,4.980387382160829,7.629365168675706,5.154843692279644
3542,6,Dgv,950,xgboost_naive_transfer_with_dummy,0.01,1,6.859163934724229,4.725428511599632,7.523763557510398,4.86733473464195
3543,6,Dgv,950,xgboost,0.01,2,6.792374313814845,4.633117644910122,7.454916294797914,4.707695583281824
3544,6,Dgv,950,xgboost_naive_transfer,0.01,2,6.888450174944238,4.920959242157321,7.534985882926552,5.022756015859256
3545,6,Dgv,950,xgboost_naive_transfer_with_dummy,0.01,2,6.772071556041293,4.638717057760162,7.412384734312959,4.701962620215519
3546,6,Dgv,950,xgboost,0.01,3,6.811722495933354,4.653557270973908,7.368327615248534,4.640147169158378
3547,6,Dgv,950,xgboost_naive_transfer,0.01,3,6.8615208270658625,4.893237193381497,7.511324250653372,4.988632532888623
3548,6,Dgv,950,xgboost_naive_transfer_with_dummy,0.01,3,6.730542931511237,4.616789758407729,7.358352633716183,4.65038973186871
3549,6,Dgv,950,xgboost,0.01,4,6.837296795072528,4.68993102306289,7.290170898634297,4.633875730020434
3550,6,Dgv,950,xgboost_naive_transfer,0.01,4,6.902920350072209,4.9598803790909995,7.560659694613976,5.031913731236754
3551,6,Dgv,950,xgboost_naive_transfer_with_dummy,0.01,4,6.78408323919425,4.633009324163944,7.329583148505279,4.610494558289787
3552,6,Dgv,950,xgboost,0.02,1,6.833840352776134,4.63055034652842,7.464466179952382,4.738675360512569
3553,6,Dgv,950,xgboost_naive_transfer,0.02,1,6.961959362567766,4.958987586628602,7.612106699056371,5.119743967007997
3554,6,Dgv,950,xgboost_naive_transfer_with_dummy,0.02,1,6.818353462899217,4.64889244708388,7.46174279700763,4.768562452640492
3555,6,Dgv,950,xgboost,0.02,2,6.792137031354989,4.634666442069604,7.458160727946611,4.706266533717521
3556,6,Dgv,950,xgboost_naive_transfer,0.02,2,6.879550864243343,4.912961141480689,7.524666529345761,5.006900324052746
3557,6,Dgv,950,xgboost_naive_transfer_with_dummy,0.02,2,6.76245994875645,4.610793650141944,7.3893436263041385,4.654776883133465
3558,6,Dgv,950,xgboost,0.02,3,6.807463792115486,4.649196911287285,7.376016095416198,4.642892583859501
3559,6,Dgv,950,xgboost_naive_transfer,0.02,3,6.855431440386726,4.887965821632519,7.5220202125368605,4.987703546392946
3560,6,Dgv,950,xgboost_naive_transfer_with_dummy,0.02,3,6.734580700269664,4.626233966613725,7.366468021192057,4.655334117589825
3561,6,Dgv,950,xgboost,0.02,4,6.8509046039297345,4.68732741053688,7.263336126720027,4.615030106776212
3562,6,Dgv,950,xgboost_naive_transfer,0.02,4,6.924403363086683,4.965257420153489,7.552913692943136,5.024295645381166
3563,6,Dgv,950,xgboost_naive_transfer_with_dummy,0.02,4,6.778543625063755,4.624398290299021,7.342460306583067,4.614780621944655
3564,6,Dgv,950,xgboost,0.05,1,6.8270835995305585,4.6203234241852025,7.443848757160212,4.725331104065576
3565,6,Dgv,950,xgboost_naive_transfer,0.05,1,6.951350600069745,4.930668694571119,7.597307301638478,5.070007237953612
3566,6,Dgv,950,xgboost_naive_transfer_with_dummy,0.05,1,6.81481154793514,4.636340565059462,7.4480523762300725,4.748393017036988
3567,6,Dgv,950,xgboost,0.05,2,6.788353898600729,4.627539277506206,7.440595293800368,4.707076474367281
3568,6,Dgv,950,xgboost_naive_transfer,0.05,2,6.86423187848278,4.885207319967491,7.498824199823615,4.9742067395978795
3569,6,Dgv,950,xgboost_naive_transfer_with_dummy,0.05,2,6.769031507758378,4.640729779629782,7.421690420650591,4.710476065101109
3570,6,Dgv,950,xgboost,0.05,3,6.772896566455741,4.578770839382525,7.312346483130915,4.627782730178607
3571,6,Dgv,950,xgboost_naive_transfer,0.05,3,6.853822616688143,4.874183359501457,7.476674913735873,4.96416308776338
3572,6,Dgv,950,xgboost_naive_transfer_with_dummy,0.05,3,6.751800323584552,4.617868809022477,7.3388769290201425,4.639310098925517
3573,6,Dgv,950,xgboost,0.05,4,6.864270521577694,4.6896749918888485,7.298083333889636,4.640966436974735
3574,6,Dgv,950,xgboost_naive_transfer,0.05,4,6.932756312667453,4.958844802343016,7.547142773588746,5.036923974953302
3575,6,Dgv,950,xgboost_naive_transfer_with_dummy,0.05,4,6.768769093967836,4.61082873628518,7.257978456894033,4.591339476152289
3576,6,Dgv,950,xgboost,0.1,1,6.831413122131229,4.617400194180017,7.447369500419954,4.720275883541299
3577,6,Dgv,950,xgboost_naive_transfer,0.1,1,6.953190145334714,4.936677079176688,7.590509107521064,5.069774127057637
3578,6,Dgv,950,xgboost_naive_transfer_with_dummy,0.1,1,6.813719128787702,4.626450068331144,7.435155687741215,4.716654328517687
3579,6,Dgv,950,xgboost,0.1,2,6.761808951411534,4.559216532356588,7.373553538878066,4.649479637595187
3580,6,Dgv,950,xgboost_naive_transfer,0.1,2,6.858348471140471,4.891609616053043,7.494438314676942,4.968378771043704
3581,6,Dgv,950,xgboost_naive_transfer_with_dummy,0.1,2,6.7421418034461915,4.559135530939772,7.32598942416534,4.566531103656759
3582,6,Dgv,950,xgboost,0.1,3,6.759090860269682,4.548050984878838,7.287320977177137,4.604701961823337
3583,6,Dgv,950,xgboost_naive_transfer,0.1,3,6.859408199561824,4.876673143306241,7.5152992004687675,4.988299672649361
3584,6,Dgv,950,xgboost_naive_transfer_with_dummy,0.1,3,6.720580814841359,4.576325910282166,7.289038854947413,4.580210472788745
3585,6,Dgv,950,xgboost,0.1,4,6.854393185469793,4.708743767570599,7.280228626492481,4.662746850540921
3586,6,Dgv,950,xgboost_naive_transfer,0.1,4,6.933614610593106,4.936037453208282,7.52757113169333,4.987239884605425
3587,6,Dgv,950,xgboost_naive_transfer_with_dummy,0.1,4,6.816977344450778,4.626706598713034,7.242670850229263,4.5841128726598805
3588,6,Dgv,950,xgboost,0.15,1,6.849240784049429,4.621653038795682,7.445564002466724,4.721459587552103
3589,6,Dgv,950,xgboost_naive_transfer,0.15,1,6.967675630413973,4.939241508773872,7.6008447004651,5.06574142487892
3590,6,Dgv,950,xgboost_naive_transfer_with_dummy,0.15,1,6.81596974305988,4.629238636394077,7.432575925296403,4.728683437883285
3591,6,Dgv,950,xgboost,0.15,2,6.780255542073614,4.578922026062627,7.401376361995982,4.693912422228984
3592,6,Dgv,950,xgboost_naive_transfer,0.15,2,6.899919645157635,4.900910065997072,7.491170006982401,4.98463278206895
3593,6,Dgv,950,xgboost_naive_transfer_with_dummy,0.15,2,6.735434282322312,4.586027336344257,7.382479405439855,4.635561165499952
3594,6,Dgv,950,xgboost,0.15,3,6.82795673720373,4.620078521922273,7.295972963366627,4.626702216986352
3595,6,Dgv,950,xgboost_naive_transfer,0.15,3,6.8666818666110645,4.865556244310861,7.515349913992522,4.983039098778496
3596,6,Dgv,950,xgboost_naive_transfer_with_dummy,0.15,3,6.724385930045711,4.539210035484105,7.257545682926256,4.5688102756567295
3597,6,Dgv,950,xgboost,0.15,4,6.91911879844346,4.695807752616132,7.270333255437768,4.594408502312476
3598,6,Dgv,950,xgboost_naive_transfer,0.15,4,6.908842234726108,4.921948326341687,7.546037817146303,5.028732231120511
3599,6,Dgv,950,xgboost_naive_transfer_with_dummy,0.15,4,6.805392639111879,4.603743027422084,7.290578629876582,4.62506174075282
3600,7,Dgv,95,xgboost,0.01,1,7.61228434981949,5.239838160884198,7.380829310313226,4.924321907167802
3601,7,Dgv,95,xgboost_naive_transfer,0.01,1,7.440599957308653,5.390933327220679,7.218581760647175,5.147896636690005
3602,7,Dgv,95,xgboost_naive_transfer_with_dummy,0.01,1,7.229125577203581,4.940097585598954,7.007518681586933,4.7620291211239145
3603,7,Dgv,95,xgboost,0.01,2,7.355535785477334,4.908928620545936,7.5944920733828445,5.1016336008410805
3604,7,Dgv,95,xgboost_naive_transfer,0.01,2,7.374992189266562,5.324897516938332,7.203483260468572,5.1357422112006645
3605,7,Dgv,95,xgboost_naive_transfer_with_dummy,0.01,2,7.094345025365792,4.718581988065246,6.921866608866285,4.591811349220946
3606,7,Dgv,95,xgboost,0.01,3,7.302651971608505,4.95514845867271,7.6170824171000735,5.223998209196516
3607,7,Dgv,95,xgboost_naive_transfer,0.01,3,7.399396927282866,5.33084254391711,7.197285166233929,5.136208523599173
3608,7,Dgv,95,xgboost_naive_transfer_with_dummy,0.01,3,7.134123219735035,4.794138931375828,7.003997118455745,4.732208768804606
3609,7,Dgv,95,xgboost,0.01,4,7.370620659030925,4.9949625335719565,7.581861417335276,5.191847810376506
3610,7,Dgv,95,xgboost_naive_transfer,0.01,4,7.487254892599509,5.4152451551410365,7.191153379288653,5.111846236627263
3611,7,Dgv,95,xgboost_naive_transfer_with_dummy,0.01,4,7.293314780052894,4.910212925234166,7.109217136701493,4.814227589328083
3612,7,Dgv,95,xgboost,0.02,1,7.561009684920531,5.208711142950479,7.381593253173856,4.939416514377628
3613,7,Dgv,95,xgboost_naive_transfer,0.02,1,7.431432891584281,5.369997377543903,7.218962534103773,5.152735663929885
3614,7,Dgv,95,xgboost_naive_transfer_with_dummy,0.02,1,7.154654945352754,4.771611402518303,6.955736730017293,4.672799724825469
3615,7,Dgv,95,xgboost,0.02,2,7.355703008900036,4.905246335248523,7.611990439250629,5.120168172536473
3616,7,Dgv,95,xgboost_naive_transfer,0.02,2,7.381234526492234,5.339326534780748,7.20034360360511,5.131417641914471
3617,7,Dgv,95,xgboost_naive_transfer_with_dummy,0.02,2,7.102322374493402,4.724117886773382,6.9260499826535185,4.581042834248762
3618,7,Dgv,95,xgboost,0.02,3,7.303572759260561,4.951345312659753,7.646691670718845,5.241971610732665
3619,7,Dgv,95,xgboost_naive_transfer,0.02,3,7.397088738784315,5.322871791439303,7.209861943656267,5.165573944354376
3620,7,Dgv,95,xgboost_naive_transfer_with_dummy,0.02,3,7.131322817033044,4.770109301904997,6.9873156823382345,4.708765151901914
3621,7,Dgv,95,xgboost,0.02,4,7.36517536455321,4.985742492654592,7.594482659718749,5.210973843107895
3622,7,Dgv,95,xgboost_naive_transfer,0.02,4,7.479450759245159,5.407907968744208,7.198128448923989,5.124000960091595
3623,7,Dgv,95,xgboost_naive_transfer_with_dummy,0.02,4,7.282800166823938,4.916105680832592,7.076036839308811,4.800815238318354
3624,7,Dgv,95,xgboost,0.05,1,7.476992694529282,5.155770471675237,7.395009056277063,4.953148956559093
3625,7,Dgv,95,xgboost_naive_transfer,0.05,1,7.437175563133087,5.384972311619772,7.217657213549439,5.148925928841921
3626,7,Dgv,95,xgboost_naive_transfer_with_dummy,0.05,1,7.144832204834039,4.751121261644094,6.9557528172400325,4.682835088219543
3627,7,Dgv,95,xgboost,0.05,2,7.363925657828951,4.900932985378872,7.602990102750045,5.116234722864785
3628,7,Dgv,95,xgboost_naive_transfer,0.05,2,7.374134645302345,5.323902785292801,7.217131213527146,5.155799400613373
3629,7,Dgv,95,xgboost_naive_transfer_with_dummy,0.05,2,7.097815868541335,4.700414862013954,6.923748341321867,4.5603258183231725
3630,7,Dgv,95,xgboost,0.05,3,7.269672289421388,4.932887294740067,7.755094176974848,5.27006402919481
3631,7,Dgv,95,xgboost_naive_transfer,0.05,3,7.395984448672184,5.30789150866179,7.244665715564144,5.213474247565278
3632,7,Dgv,95,xgboost_naive_transfer_with_dummy,0.05,3,7.133071132671465,4.782898858814858,7.000818359422619,4.70673855323307
3633,7,Dgv,95,xgboost,0.05,4,7.355250358727337,4.974557230932163,7.569928938309768,5.213938084278475
3634,7,Dgv,95,xgboost_naive_transfer,0.05,4,7.503121582282802,5.4091059056479205,7.231240589244107,5.151789086028596
3635,7,Dgv,95,xgboost_naive_transfer_with_dummy,0.05,4,7.265872739580624,4.863546924495233,7.106574796755453,4.8353642387833125
3636,7,Dgv,95,xgboost,0.1,1,7.472576715816602,5.153272704361816,7.3917243941636865,4.96545164357321
3637,7,Dgv,95,xgboost_naive_transfer,0.1,1,7.416123516812099,5.336729006186907,7.220201588614552,5.1634971266980845
3638,7,Dgv,95,xgboost_naive_transfer_with_dummy,0.1,1,7.136419323803582,4.739074787252596,6.965696624430519,4.7140399549649405
3639,7,Dgv,95,xgboost,0.1,2,7.363089815885759,4.901613264698388,7.62269478447577,5.119603557581605
3640,7,Dgv,95,xgboost_naive_transfer,0.1,2,7.376202442627584,5.310803547530949,7.209955748576978,5.156484871239371
3641,7,Dgv,95,xgboost_naive_transfer_with_dummy,0.1,2,7.1212882750441535,4.73165052779923,6.956756566545596,4.578627355486113
3642,7,Dgv,95,xgboost,0.1,3,7.295367176460237,4.952670704309094,7.765275302820663,5.290826967777009
3643,7,Dgv,95,xgboost_naive_transfer,0.1,3,7.4186768784049715,5.299816873829156,7.3195504269048115,5.307628697353391
3644,7,Dgv,95,xgboost_naive_transfer_with_dummy,0.1,3,7.152545392199515,4.711557132574839,6.992160589410044,4.634312092848521
3645,7,Dgv,95,xgboost,0.1,4,7.341316511310638,4.988297028851238,7.571933227618623,5.235312244792704
3646,7,Dgv,95,xgboost_naive_transfer,0.1,4,7.4786130060298435,5.3842774969775,7.22526336249891,5.200546100140636
3647,7,Dgv,95,xgboost_naive_transfer_with_dummy,0.1,4,7.230366465906697,4.817212557397185,7.110983206582432,4.7862109404941275
3648,7,Dgv,95,xgboost,0.15,1,7.469846965635934,5.168919850480643,7.4394348645161115,5.0087584190708805
3649,7,Dgv,95,xgboost_naive_transfer,0.15,1,7.420916541867375,5.336069864392188,7.251847106476665,5.2085946812405925
3650,7,Dgv,95,xgboost_naive_transfer_with_dummy,0.15,1,7.138630269168365,4.743548896405038,6.981003801309595,4.7269473816781105
3651,7,Dgv,95,xgboost,0.15,2,7.37182853351544,4.858610316018811,7.670988674901723,5.133661712247013
3652,7,Dgv,95,xgboost_naive_transfer,0.15,2,7.372756144700185,5.315331311219037,7.217102905242158,5.159529961344675
3653,7,Dgv,95,xgboost_naive_transfer_with_dummy,0.15,2,7.077110322056812,4.657285559290602,7.0216199731212035,4.645432196392925
3654,7,Dgv,95,xgboost,0.15,3,7.356641542963727,5.0228452228256755,7.775302201958681,5.296826660511362
3655,7,Dgv,95,xgboost_naive_transfer,0.15,3,7.410383410280954,5.331175838350955,7.2536233965630235,5.213204867981314
3656,7,Dgv,95,xgboost_naive_transfer_with_dummy,0.15,3,7.237321457690012,4.823246833812676,7.077419515599215,4.751958255148606
3657,7,Dgv,95,xgboost,0.15,4,7.362296917555174,4.95098823807381,7.657136115197597,5.300701386603428
3658,7,Dgv,95,xgboost_naive_transfer,0.15,4,7.440166700613615,5.337698196455308,7.378591210186955,5.3335483522621026
3659,7,Dgv,95,xgboost_naive_transfer_with_dummy,0.15,4,7.308068453850901,4.838781629377303,7.199239976891488,4.828038111370772
3660,7,Dgv,190,xgboost,0.01,1,7.704667448776138,5.279762718040837,7.405902801677883,4.951499073097077
3661,7,Dgv,190,xgboost_naive_transfer,0.01,1,7.41856019404958,5.334126168285942,7.170625707307669,5.0826668977858525
3662,7,Dgv,190,xgboost_naive_transfer_with_dummy,0.01,1,7.219082733603293,4.819096905020976,6.959442813892455,4.644573092755869
3663,7,Dgv,190,xgboost,0.01,2,7.457061027044098,5.0835940992582955,7.361067974604718,4.861925025116769
3664,7,Dgv,190,xgboost_naive_transfer,0.01,2,7.313104605071142,5.247823341855128,7.130864032704465,5.052464236424577
3665,7,Dgv,190,xgboost_naive_transfer_with_dummy,0.01,2,7.09479190150406,4.625024103794894,6.875902103956868,4.5115675468060426
3666,7,Dgv,190,xgboost,0.01,3,7.481182892641222,5.097059625131983,7.541179850579997,5.0228010999363955
3667,7,Dgv,190,xgboost_naive_transfer,0.01,3,7.3462235620991985,5.259572441909576,7.156881683848285,5.056005109848783
3668,7,Dgv,190,xgboost_naive_transfer_with_dummy,0.01,3,7.173320848400015,4.795468016466573,6.946875130140975,4.598307156341941
3669,7,Dgv,190,xgboost,0.01,4,7.706008214431492,5.2816873777010995,7.592919239605304,5.109080730907683
3670,7,Dgv,190,xgboost_naive_transfer,0.01,4,7.413974165386261,5.330437650595934,7.123149561958859,5.037450335162792
3671,7,Dgv,190,xgboost_naive_transfer_with_dummy,0.01,4,7.295158409416484,4.8622591994330016,7.05563593727409,4.689677541421108
3672,7,Dgv,190,xgboost,0.02,1,7.706691011837833,5.2825342602386165,7.405577294621677,4.949623420042088
3673,7,Dgv,190,xgboost_naive_transfer,0.02,1,7.4017577095851514,5.311239597117413,7.170389478613016,5.088788059844103
3674,7,Dgv,190,xgboost_naive_transfer_with_dummy,0.02,1,7.155910822262627,4.703810123461226,6.940041429394667,4.61953436300072
3675,7,Dgv,190,xgboost,0.02,2,7.468851438888577,5.09110812887795,7.367272961570775,4.868693589702496
3676,7,Dgv,190,xgboost_naive_transfer,0.02,2,7.314592891743592,5.248372546893051,7.13513283654511,5.057522932192877
3677,7,Dgv,190,xgboost_naive_transfer_with_dummy,0.02,2,7.122081799683612,4.700021453701726,6.878657272337291,4.533632356521712
3678,7,Dgv,190,xgboost,0.02,3,7.481256041145367,5.0969551708467495,7.533027884919608,5.026166723195401
3679,7,Dgv,190,xgboost_naive_transfer,0.02,3,7.365953192028513,5.281556129052697,7.1363366794497995,5.036530346445242
3680,7,Dgv,190,xgboost_naive_transfer_with_dummy,0.02,3,7.164334284158768,4.730011642164197,6.966279684723069,4.585827398884352
3681,7,Dgv,190,xgboost,0.02,4,7.688953031041284,5.285058683231477,7.583333778272714,5.113526077677739
3682,7,Dgv,190,xgboost_naive_transfer,0.02,4,7.414369804407323,5.3342746153464455,7.122350089738393,5.038495715794091
3683,7,Dgv,190,xgboost_naive_transfer_with_dummy,0.02,4,7.293803788000871,4.850827984713712,7.089263946128274,4.6986513322208125
3684,7,Dgv,190,xgboost,0.05,1,7.698859914747803,5.262074700484153,7.402430949736289,4.961733833437442
3685,7,Dgv,190,xgboost_naive_transfer,0.05,1,7.3915515542925565,5.2964203118186886,7.178012320978249,5.093633250086515
3686,7,Dgv,190,xgboost_naive_transfer_with_dummy,0.05,1,7.150185501590918,4.695450017203512,6.941788236430171,4.6272537231692334
3687,7,Dgv,190,xgboost,0.05,2,7.4520655640672135,5.063204544240438,7.381970957353781,4.894278515554279
3688,7,Dgv,190,xgboost_naive_transfer,0.05,2,7.310336435130036,5.241765506056063,7.138843224606784,5.064086045982735
3689,7,Dgv,190,xgboost_naive_transfer_with_dummy,0.05,2,7.1117959374642545,4.634605466400052,6.879268198129727,4.516119940260332
3690,7,Dgv,190,xgboost,0.05,3,7.450821979957261,5.051288158866842,7.48526704396785,4.997018299217649
3691,7,Dgv,190,xgboost_naive_transfer,0.05,3,7.3395248079080915,5.245372414662301,7.207626171958861,5.115875841402684
3692,7,Dgv,190,xgboost_naive_transfer_with_dummy,0.05,3,7.150996598445603,4.6959651796564295,6.981569856073045,4.594413834839806
3693,7,Dgv,190,xgboost,0.05,4,7.692363440161178,5.272682771971942,7.614767774206719,5.115077925100758
3694,7,Dgv,190,xgboost_naive_transfer,0.05,4,7.385127658852704,5.2965370445750635,7.198061856225459,5.103680931519881
3695,7,Dgv,190,xgboost_naive_transfer_with_dummy,0.05,4,7.317429118700212,4.872080896578725,7.075488370348207,4.705784259813722
3696,7,Dgv,190,xgboost,0.1,1,7.7090968064463565,5.266537588426435,7.409182250000019,4.972948061245357
3697,7,Dgv,190,xgboost_naive_transfer,0.1,1,7.392835719694954,5.301194821598299,7.182327204057426,5.100199685624816
3698,7,Dgv,190,xgboost_naive_transfer_with_dummy,0.1,1,7.147450727419591,4.695691435982408,6.948716961658716,4.643186569460115
3699,7,Dgv,190,xgboost,0.1,2,7.5188898475710015,5.095732438283909,7.376430133795003,4.9084443087860725
3700,7,Dgv,190,xgboost_naive_transfer,0.1,2,7.290797812804141,5.1864623625462105,7.176172342032971,5.0891772518201295
3701,7,Dgv,190,xgboost_naive_transfer_with_dummy,0.1,2,7.129778985684093,4.612195997499838,6.882414337895033,4.482001530129658
3702,7,Dgv,190,xgboost,0.1,3,7.4565895150108865,5.042344492231002,7.496580869478386,5.00148904068376
3703,7,Dgv,190,xgboost_naive_transfer,0.1,3,7.331349603522256,5.223056189407585,7.214250181914814,5.125992021665962
3704,7,Dgv,190,xgboost_naive_transfer_with_dummy,0.1,3,7.163920061670881,4.732056113847946,6.9655812381940025,4.593164604569013
3705,7,Dgv,190,xgboost,0.1,4,7.744494334412784,5.305763300712518,7.646859004480253,5.1440731468758765
3706,7,Dgv,190,xgboost_naive_transfer,0.1,4,7.409636927683496,5.30179424313704,7.216203534469119,5.115387986807053
3707,7,Dgv,190,xgboost_naive_transfer_with_dummy,0.1,4,7.328725249519446,4.868182716933524,7.165693756448504,4.730695636643567
3708,7,Dgv,190,xgboost,0.15,1,7.706773816630398,5.2795050788083415,7.3877718456103,4.948232331048911
3709,7,Dgv,190,xgboost_naive_transfer,0.15,1,7.386848489527348,5.281954627072975,7.182116251102389,5.103545885220462
3710,7,Dgv,190,xgboost_naive_transfer_with_dummy,0.15,1,7.148488295004836,4.69760542691894,6.947447177502283,4.636367710211712
3711,7,Dgv,190,xgboost,0.15,2,7.454939316960877,5.0695830579463115,7.469044131673756,4.96657162969757
3712,7,Dgv,190,xgboost_naive_transfer,0.15,2,7.318164376332833,5.24503472774527,7.155911065125006,5.085756123589601
3713,7,Dgv,190,xgboost_naive_transfer_with_dummy,0.15,2,7.106099002317921,4.607473502519846,6.876852002021318,4.506321078357003
3714,7,Dgv,190,xgboost,0.15,3,7.645660572783829,5.213567558263769,7.663365915027905,5.161451237452778
3715,7,Dgv,190,xgboost_naive_transfer,0.15,3,7.395049617249306,5.273579968573486,7.25484180889546,5.152601924787438
3716,7,Dgv,190,xgboost_naive_transfer_with_dummy,0.15,3,7.236783652085192,4.765617125947748,7.0368592318114676,4.644089729207153
3717,7,Dgv,190,xgboost,0.15,4,7.6942519347425264,5.275667415567379,7.7186920819766796,5.174099521419238
3718,7,Dgv,190,xgboost_naive_transfer,0.15,4,7.430944802672568,5.3048452938603745,7.230854247711652,5.166668745116953
3719,7,Dgv,190,xgboost_naive_transfer_with_dummy,0.15,4,7.335432265408219,4.865155253679117,7.061711588616001,4.683501629829388
3720,7,Dgv,285,xgboost,0.01,1,7.541394786344197,4.974308068976191,7.215519486240082,4.678120257218943
3721,7,Dgv,285,xgboost_naive_transfer,0.01,1,7.370960485955551,5.260700956984916,7.136021653566256,4.991772056105615
3722,7,Dgv,285,xgboost_naive_transfer_with_dummy,0.01,1,7.203191838704807,4.755305836568741,6.9636012533529765,4.589940954110627
3723,7,Dgv,285,xgboost,0.01,2,7.339751827658187,4.859609916425865,7.1729517604753,4.631051715138638
3724,7,Dgv,285,xgboost_naive_transfer,0.01,2,7.258350634553164,5.164323036856834,7.102333793647339,4.960536976117412
3725,7,Dgv,285,xgboost_naive_transfer_with_dummy,0.01,2,7.0514799964425094,4.58977380422672,6.88869836638013,4.474391813323455
3726,7,Dgv,285,xgboost,0.01,3,7.306761749340841,4.860831509069688,7.0613586961228725,4.647137269238944
3727,7,Dgv,285,xgboost_naive_transfer,0.01,3,7.315674864705875,5.211089142038306,7.1248884512416755,4.982634500387599
3728,7,Dgv,285,xgboost_naive_transfer_with_dummy,0.01,3,7.135338849065214,4.7053664974443015,6.946034564543423,4.530273782162265
3729,7,Dgv,285,xgboost,0.01,4,7.388939982632315,4.9164324797720615,7.178494399420774,4.760625490208954
3730,7,Dgv,285,xgboost_naive_transfer,0.01,4,7.3341044098555495,5.219906840381158,7.207804601319219,5.070121134223528
3731,7,Dgv,285,xgboost_naive_transfer_with_dummy,0.01,4,7.125404522922104,4.7011296743370465,7.051534694523347,4.602541256887218
3732,7,Dgv,285,xgboost,0.02,1,7.5277579213913555,4.966322701015544,7.218422737483469,4.683067524252131
3733,7,Dgv,285,xgboost_naive_transfer,0.02,1,7.3122238101212105,5.185609597742263,7.119898327828531,4.977311814945383
3734,7,Dgv,285,xgboost_naive_transfer_with_dummy,0.02,1,7.129468505661057,4.654004848661649,6.935537829920738,4.575296879914425
3735,7,Dgv,285,xgboost,0.02,2,7.3324542342872405,4.840186537617632,7.183222769726446,4.666753476434535
3736,7,Dgv,285,xgboost_naive_transfer,0.02,2,7.260340011570315,5.167902860106844,7.098883455446102,4.958412601972854
3737,7,Dgv,285,xgboost_naive_transfer_with_dummy,0.02,2,7.054867734243981,4.587271309740966,6.888192878429335,4.473948556524879
3738,7,Dgv,285,xgboost,0.02,3,7.317860205950474,4.871714252347419,7.0356822723698045,4.634027785769477
3739,7,Dgv,285,xgboost_naive_transfer,0.02,3,7.328376415992799,5.221133279492097,7.124061623401117,4.974328486562209
3740,7,Dgv,285,xgboost_naive_transfer_with_dummy,0.02,3,7.126398548819046,4.649588121684036,6.9421121609279455,4.499438904465138
3741,7,Dgv,285,xgboost,0.02,4,7.407630009079554,4.919361903524945,7.20679415701812,4.7740799117945985
3742,7,Dgv,285,xgboost_naive_transfer,0.02,4,7.339955353165365,5.221609712208737,7.204761488073081,5.063309631353594
3743,7,Dgv,285,xgboost_naive_transfer_with_dummy,0.02,4,7.125054309075293,4.688440957332423,7.073766317466833,4.6119388164147885
3744,7,Dgv,285,xgboost,0.05,1,7.52383503802018,4.962280486258362,7.223589199093071,4.688688953713853
3745,7,Dgv,285,xgboost_naive_transfer,0.05,1,7.303304987583495,5.170424945094873,7.12305459920094,4.977312286965291
3746,7,Dgv,285,xgboost_naive_transfer_with_dummy,0.05,1,7.140017797854877,4.6627661992572165,6.935292886032085,4.56830220548748
3747,7,Dgv,285,xgboost,0.05,2,7.312871091505665,4.83135646390401,7.200834954503864,4.688338752274094
3748,7,Dgv,285,xgboost_naive_transfer,0.05,2,7.258074458648548,5.158947428097967,7.113348560675971,4.966588324659975
3749,7,Dgv,285,xgboost_naive_transfer_with_dummy,0.05,2,7.047949937595258,4.572095434361269,6.877522999163484,4.457677999136415
3750,7,Dgv,285,xgboost,0.05,3,7.316268154787269,4.876939867952904,7.0777224911185455,4.6953065590315175
3751,7,Dgv,285,xgboost_naive_transfer,0.05,3,7.311363444488008,5.1913616092786325,7.149154663674565,5.0159268229166205
3752,7,Dgv,285,xgboost_naive_transfer_with_dummy,0.05,3,7.118171469178086,4.646784697689963,6.931417862662865,4.469102330553898
3753,7,Dgv,285,xgboost,0.05,4,7.3991385847765745,4.909735591398289,7.197125464891093,4.808461955485522
3754,7,Dgv,285,xgboost_naive_transfer,0.05,4,7.331844246455585,5.227618152195384,7.228161064958844,5.108526455940161
3755,7,Dgv,285,xgboost_naive_transfer_with_dummy,0.05,4,7.142991294986066,4.700811509516691,7.05404893156874,4.5677527981518775
3756,7,Dgv,285,xgboost,0.1,1,7.548144956697504,4.978718012058286,7.210848566024184,4.683345079683763
3757,7,Dgv,285,xgboost_naive_transfer,0.1,1,7.313065929073441,5.184897114736561,7.117738833167763,4.974877533054161
3758,7,Dgv,285,xgboost_naive_transfer_with_dummy,0.1,1,7.124411023204934,4.6598337979410385,6.938999694978412,4.587293487555661
3759,7,Dgv,285,xgboost,0.1,2,7.307219847618603,4.808849731708097,7.191540253237469,4.712461677886298
3760,7,Dgv,285,xgboost_naive_transfer,0.1,2,7.2292961312660475,5.109075591711617,7.163285304543507,5.004229916888706
3761,7,Dgv,285,xgboost_naive_transfer_with_dummy,0.1,2,7.052742371296156,4.558664060098057,6.892782963901637,4.472044383024233
3762,7,Dgv,285,xgboost,0.1,3,7.374552922079413,4.901230220584308,7.132475571416341,4.773894758774779
3763,7,Dgv,285,xgboost_naive_transfer,0.1,3,7.287534536591249,5.165538922334992,7.181186386017248,5.054973724932945
3764,7,Dgv,285,xgboost_naive_transfer_with_dummy,0.1,3,7.126692855914085,4.657872692745521,6.948122129548296,4.498340063337262
3765,7,Dgv,285,xgboost,0.1,4,7.39105450246559,4.9025788566466595,7.277965432879649,4.842707903151132
3766,7,Dgv,285,xgboost_naive_transfer,0.1,4,7.390402394401397,5.251791746218606,7.264406391570056,5.110957753969637
3767,7,Dgv,285,xgboost_naive_transfer_with_dummy,0.1,4,7.162711979097946,4.696064927252655,7.103623594125199,4.622213383608857
3768,7,Dgv,285,xgboost,0.15,1,7.490134439777713,4.92594539190106,7.225143054452932,4.697602842159919
3769,7,Dgv,285,xgboost_naive_transfer,0.15,1,7.264513771748223,5.145625117103703,7.154025900165885,5.01926732611224
3770,7,Dgv,285,xgboost_naive_transfer_with_dummy,0.15,1,7.118808541152529,4.667177287639211,6.948207768902975,4.621897440389841
3771,7,Dgv,285,xgboost,0.15,2,7.295868970949188,4.794801823146364,7.225793300416263,4.746016764702033
3772,7,Dgv,285,xgboost_naive_transfer,0.15,2,7.263847491052689,5.175503942785565,7.1068255841074,4.971208832819913
3773,7,Dgv,285,xgboost_naive_transfer_with_dummy,0.15,2,7.046956587982074,4.556679997920143,6.919157716503451,4.496796778444349
3774,7,Dgv,285,xgboost,0.15,3,7.399572248113212,4.940711440491118,7.213851294316531,4.751399450090403
3775,7,Dgv,285,xgboost_naive_transfer,0.15,3,7.314525070128576,5.212696932056447,7.1354733036578475,5.048437810922978
3776,7,Dgv,285,xgboost_naive_transfer_with_dummy,0.15,3,7.177521175010682,4.716446401295175,6.9053324765796,4.494853187462534
3777,7,Dgv,285,xgboost,0.15,4,7.47904425108493,5.010514909743267,7.255952280766288,4.8198435590787225
3778,7,Dgv,285,xgboost_naive_transfer,0.15,4,7.3869687448269215,5.236905434590896,7.239657364055022,5.101389659327782
3779,7,Dgv,285,xgboost_naive_transfer_with_dummy,0.15,4,7.09057683475508,4.683976272692036,7.082861636994509,4.619842265324747
3780,7,Dgv,380,xgboost,0.01,1,7.433951110086931,4.830908715637632,7.019937420054194,4.5660377435833075
3781,7,Dgv,380,xgboost_naive_transfer,0.01,1,7.335839391500617,5.2195516025521576,7.077221513837859,4.943856737078933
3782,7,Dgv,380,xgboost_naive_transfer_with_dummy,0.01,1,7.189001678293193,4.768938727138504,6.912618453978013,4.577735302330081
3783,7,Dgv,380,xgboost,0.01,2,7.32490283060607,4.7928758065072685,7.009841714899303,4.596546052032322
3784,7,Dgv,380,xgboost_naive_transfer,0.01,2,7.199913698929986,5.085418600171594,7.086673970530746,4.956593298580405
3785,7,Dgv,380,xgboost_naive_transfer_with_dummy,0.01,2,6.994725523503431,4.550360751288996,6.858632297990537,4.4990708505889065
3786,7,Dgv,380,xgboost,0.01,3,7.358503588987801,4.812726812097037,7.036639055992593,4.619104910733917
3787,7,Dgv,380,xgboost_naive_transfer,0.01,3,7.254463963612556,5.144938161806622,7.036195887902747,4.899769639855576
3788,7,Dgv,380,xgboost_naive_transfer_with_dummy,0.01,3,7.032704210539796,4.615025122978734,6.819181778036796,4.467170430077208
3789,7,Dgv,380,xgboost,0.01,4,7.466621284358739,4.898096638664057,7.070919884793284,4.669942191938267
3790,7,Dgv,380,xgboost_naive_transfer,0.01,4,7.220323808790967,5.1289801416686105,7.0705118920097245,4.948297503928333
3791,7,Dgv,380,xgboost_naive_transfer_with_dummy,0.01,4,7.010668402591853,4.634632039799194,6.91727549348715,4.503262249050659
3792,7,Dgv,380,xgboost,0.02,1,7.448470317420163,4.8460717203833745,7.025028158757487,4.561308790159175
3793,7,Dgv,380,xgboost_naive_transfer,0.02,1,7.273743149548853,5.125020446089659,7.078883869418381,4.942570264328175
3794,7,Dgv,380,xgboost_naive_transfer_with_dummy,0.02,1,7.139977361558136,4.679677566064213,6.880986108466571,4.534840944264045
3795,7,Dgv,380,xgboost,0.02,2,7.309863098913367,4.760001249200734,7.014228700122825,4.62253966428835
3796,7,Dgv,380,xgboost_naive_transfer,0.02,2,7.197107728610214,5.082410346973673,7.09664799688964,4.965833433520037
3797,7,Dgv,380,xgboost_naive_transfer_with_dummy,0.02,2,6.991462849803567,4.552233472509314,6.85892341548402,4.500884143930414
3798,7,Dgv,380,xgboost,0.02,3,7.354390427871179,4.793901927227539,7.033079410534246,4.6300870874460776
3799,7,Dgv,380,xgboost_naive_transfer,0.02,3,7.236224070654758,5.12898995970178,7.050793863755137,4.935156298801704
3800,7,Dgv,380,xgboost_naive_transfer_with_dummy,0.02,3,7.0337476417264195,4.6152288487014905,6.816861593775395,4.45991026173207
3801,7,Dgv,380,xgboost,0.02,4,7.462846915651536,4.896813084331539,7.090871503743948,4.695022253863445
3802,7,Dgv,380,xgboost_naive_transfer,0.02,4,7.222465989262262,5.1411879132323905,7.04961212680903,4.9253804586916035
3803,7,Dgv,380,xgboost_naive_transfer_with_dummy,0.02,4,7.010099727751059,4.63183266591399,6.920794380160869,4.500861074768994
3804,7,Dgv,380,xgboost,0.05,1,7.453675827996061,4.844449084692585,7.027605322171395,4.566669058313955
3805,7,Dgv,380,xgboost_naive_transfer,0.05,1,7.258024844249547,5.104466747057785,7.0927479952277706,4.955246991653809
3806,7,Dgv,380,xgboost_naive_transfer_with_dummy,0.05,1,7.126771667828631,4.659275225054493,6.881712882844973,4.540675264370104
3807,7,Dgv,380,xgboost,0.05,2,7.293403020429666,4.7451559118080935,6.996903572472972,4.639443605809053
3808,7,Dgv,380,xgboost_naive_transfer,0.05,2,7.187143719463939,5.06260618446951,7.106278077533286,4.975451173462005
3809,7,Dgv,380,xgboost_naive_transfer_with_dummy,0.05,2,6.969460445560314,4.506229166684499,6.887592326467609,4.512931011869482
3810,7,Dgv,380,xgboost,0.05,3,7.352959853801659,4.786852691141131,7.0346315305641465,4.643856792432741
3811,7,Dgv,380,xgboost_naive_transfer,0.05,3,7.231150341130504,5.114425698620144,7.056225072073558,4.956339363115338
3812,7,Dgv,380,xgboost_naive_transfer_with_dummy,0.05,3,7.018512559056332,4.586608338197515,6.8287653165836515,4.480818526099404
3813,7,Dgv,380,xgboost,0.05,4,7.454821550741547,4.875841863795564,7.096271621942373,4.660261279438971
3814,7,Dgv,380,xgboost_naive_transfer,0.05,4,7.239844295000563,5.132017276872532,7.068587948362142,4.954065692844093
3815,7,Dgv,380,xgboost_naive_transfer_with_dummy,0.05,4,7.000323668121288,4.615808289781964,6.925102879309139,4.505500478878807
3816,7,Dgv,380,xgboost,0.1,1,7.432033503020419,4.830568531339823,7.010928745400523,4.558541309754806
3817,7,Dgv,380,xgboost_naive_transfer,0.1,1,7.260914266632343,5.108835391083927,7.091715435413784,4.953519350510722
3818,7,Dgv,380,xgboost_naive_transfer_with_dummy,0.1,1,7.111500954259862,4.651808557486298,6.8835753199095455,4.558569335648677
3819,7,Dgv,380,xgboost,0.1,2,7.32962697236513,4.764489411794175,7.048056377056758,4.680484529631279
3820,7,Dgv,380,xgboost_naive_transfer,0.1,2,7.197412084827915,5.075776901856225,7.098575939259324,4.982528067570977
3821,7,Dgv,380,xgboost_naive_transfer_with_dummy,0.1,2,6.9413326043282035,4.473539360922771,6.904883953118732,4.54705357134201
3822,7,Dgv,380,xgboost,0.1,3,7.3818820118678055,4.825349310140903,7.069159013561306,4.690719886537208
3823,7,Dgv,380,xgboost_naive_transfer,0.1,3,7.272066267292175,5.132524345915266,7.0911851945992215,4.992291727769974
3824,7,Dgv,380,xgboost_naive_transfer_with_dummy,0.1,3,6.989640180140442,4.552515106227888,6.852038449439031,4.452762139870911
3825,7,Dgv,380,xgboost,0.1,4,7.495063325335818,4.8828206023856,7.139977574167302,4.735946557177206
3826,7,Dgv,380,xgboost_naive_transfer,0.1,4,7.242803588166825,5.147157964008238,7.122195675473954,5.011335490217762
3827,7,Dgv,380,xgboost_naive_transfer_with_dummy,0.1,4,6.989143292411969,4.619571758180694,6.911881975470686,4.542195429082732
3828,7,Dgv,380,xgboost,0.15,1,7.433217341856702,4.8453706552632045,7.0352388139026285,4.562927429138658
3829,7,Dgv,380,xgboost_naive_transfer,0.15,1,7.2526728126143825,5.103879609777159,7.094410720480256,4.969358119290356
3830,7,Dgv,380,xgboost_naive_transfer_with_dummy,0.15,1,7.126280592800281,4.664241466717667,6.88383909891081,4.541469283613039
3831,7,Dgv,380,xgboost,0.15,2,7.322077988333624,4.753252829787778,7.034410536435835,4.712997706106882
3832,7,Dgv,380,xgboost_naive_transfer,0.15,2,7.171612247451831,5.050300200588649,7.140926212337071,5.027408362077522
3833,7,Dgv,380,xgboost_naive_transfer_with_dummy,0.15,2,7.00877961694705,4.517719269549686,6.872043646537791,4.488411476921344
3834,7,Dgv,380,xgboost,0.15,3,7.396255776017478,4.7856950425846305,7.06851980624092,4.751248706584557
3835,7,Dgv,380,xgboost_naive_transfer,0.15,3,7.177286099257216,5.067863370182129,7.177399914097159,5.054735552782667
3836,7,Dgv,380,xgboost_naive_transfer_with_dummy,0.15,3,7.056896498060779,4.597761507923319,6.816337342764883,4.458745438633498
3837,7,Dgv,380,xgboost,0.15,4,7.5541519354212,4.945863515598435,7.209576181383994,4.79041785654913
3838,7,Dgv,380,xgboost_naive_transfer,0.15,4,7.264741402502643,5.164206867150018,7.194216669926796,5.04318227678908
3839,7,Dgv,380,xgboost_naive_transfer_with_dummy,0.15,4,7.051321010197878,4.637735342523133,6.953695344360782,4.561776767847901
3840,7,Dgv,475,xgboost,0.01,1,7.295852698885973,4.814758761295241,6.917870030818727,4.505317339926771
3841,7,Dgv,475,xgboost_naive_transfer,0.01,1,7.331907239646374,5.198293517586469,7.0880894363398665,4.941942318124346
3842,7,Dgv,475,xgboost_naive_transfer_with_dummy,0.01,1,7.187767880252054,4.796708883561183,6.938075901560513,4.623826049585692
3843,7,Dgv,475,xgboost,0.01,2,7.133665223411758,4.704717589762766,6.862238879391299,4.52212383231872
3844,7,Dgv,475,xgboost_naive_transfer,0.01,2,7.207105312465097,5.078850875080656,7.011747893129612,4.898716632769002
3845,7,Dgv,475,xgboost_naive_transfer_with_dummy,0.01,2,6.961753249749432,4.546179601981789,6.814229834293851,4.482081632109265
3846,7,Dgv,475,xgboost,0.01,3,7.184765197775644,4.761950180300446,6.830996713484319,4.498477351300794
3847,7,Dgv,475,xgboost_naive_transfer,0.01,3,7.21526926222767,5.079772112515837,6.997529188197026,4.9002607991581835
3848,7,Dgv,475,xgboost_naive_transfer_with_dummy,0.01,3,6.984009316489741,4.609923015202627,6.795516356605023,4.472972913422492
3849,7,Dgv,475,xgboost,0.01,4,7.240494390760991,4.773349184055419,6.865759062508816,4.508980908830839
3850,7,Dgv,475,xgboost_naive_transfer,0.01,4,7.23185765595496,5.111979121973413,6.980807321628377,4.8498943787197
3851,7,Dgv,475,xgboost_naive_transfer_with_dummy,0.01,4,7.039626711558835,4.65960629691822,6.878443346034467,4.498117188788307
3852,7,Dgv,475,xgboost,0.02,1,7.262967403863331,4.787006080176719,6.900932543299263,4.503869174180999
3853,7,Dgv,475,xgboost_naive_transfer,0.02,1,7.277113948975153,5.13811665053927,7.055517723934662,4.914889667182447
3854,7,Dgv,475,xgboost_naive_transfer_with_dummy,0.02,1,7.111973112007801,4.683940573967064,6.88447893953781,4.5598939466620525
3855,7,Dgv,475,xgboost,0.02,2,7.133113361018568,4.707841365577555,6.86960257498813,4.52354624810225
3856,7,Dgv,475,xgboost_naive_transfer,0.02,2,7.193084874257336,5.0570167639567645,7.0098405211333645,4.895436363683722
3857,7,Dgv,475,xgboost_naive_transfer_with_dummy,0.02,2,6.960057405922825,4.54160678417936,6.815441595429223,4.482140431300148
3858,7,Dgv,475,xgboost,0.02,3,7.180540302140422,4.759391173377008,6.826988900566066,4.4963381154356945
3859,7,Dgv,475,xgboost_naive_transfer,0.02,3,7.201718704834149,5.071627261754792,7.032373764272406,4.933762147727473
3860,7,Dgv,475,xgboost_naive_transfer_with_dummy,0.02,3,6.981433772427687,4.601976523366669,6.796838626724606,4.47635305055246
3861,7,Dgv,475,xgboost,0.02,4,7.239324653259046,4.775979284820297,6.8768309131436585,4.5089377240926325
3862,7,Dgv,475,xgboost_naive_transfer,0.02,4,7.228124777709735,5.106405203788801,6.997186809514154,4.864305299855747
3863,7,Dgv,475,xgboost_naive_transfer_with_dummy,0.02,4,7.031896298881598,4.6239797321403815,6.8371255319362545,4.466848231752944
3864,7,Dgv,475,xgboost,0.05,1,7.269112919662972,4.786510111648542,6.90238348635702,4.506344382162309
3865,7,Dgv,475,xgboost_naive_transfer,0.05,1,7.275355558796871,5.137409770070199,7.057206665269234,4.917961128659225
3866,7,Dgv,475,xgboost_naive_transfer_with_dummy,0.05,1,7.08475930155173,4.654219482860624,6.875865176961344,4.563958038584554
3867,7,Dgv,475,xgboost,0.05,2,7.131478838727346,4.698408585992599,6.8893284197211315,4.563156093007319
3868,7,Dgv,475,xgboost_naive_transfer,0.05,2,7.203765549047045,5.065539555590688,7.00420334948817,4.889296197184256
3869,7,Dgv,475,xgboost_naive_transfer_with_dummy,0.05,2,6.967096688970239,4.538416569972063,6.820228993849892,4.485040377495605
3870,7,Dgv,475,xgboost,0.05,3,7.203531748394756,4.7715466485576,6.833131336645241,4.501729777385154
3871,7,Dgv,475,xgboost_naive_transfer,0.05,3,7.223575368092126,5.073197531175474,7.01926587494398,4.933139624934461
3872,7,Dgv,475,xgboost_naive_transfer_with_dummy,0.05,3,6.980862434070197,4.59436933044297,6.786225459383801,4.472725938066008
3873,7,Dgv,475,xgboost,0.05,4,7.256812706234602,4.786258959360601,6.880565174493864,4.511479744066175
3874,7,Dgv,475,xgboost_naive_transfer,0.05,4,7.26442685086333,5.11936860580737,7.009340335168562,4.891340556124603
3875,7,Dgv,475,xgboost_naive_transfer_with_dummy,0.05,4,7.032865972129384,4.631297622543653,6.8793264463758055,4.5055723721820184
3876,7,Dgv,475,xgboost,0.1,1,7.235315290123744,4.76790613918314,6.874426928509858,4.496027516438465
3877,7,Dgv,475,xgboost_naive_transfer,0.1,1,7.257530619575531,5.111587082599816,7.051690735311264,4.911221035892044
3878,7,Dgv,475,xgboost_naive_transfer_with_dummy,0.1,1,7.089266708548849,4.661479599245701,6.878754632133061,4.569230630868103
3879,7,Dgv,475,xgboost,0.1,2,7.157679133770058,4.729395950385908,6.875040082736281,4.560901028013225
3880,7,Dgv,475,xgboost_naive_transfer,0.1,2,7.188295087381044,5.055541781824723,7.020134686112073,4.911911336694361
3881,7,Dgv,475,xgboost_naive_transfer_with_dummy,0.1,2,6.959264822957707,4.536573541135982,6.83013216645995,4.503263726518442
3882,7,Dgv,475,xgboost,0.1,3,7.184511044462862,4.745385718697704,6.810778787850124,4.508045315165003
3883,7,Dgv,475,xgboost_naive_transfer,0.1,3,7.260291876914868,5.1211018877335635,7.002050379424593,4.891272146836874
3884,7,Dgv,475,xgboost_naive_transfer_with_dummy,0.1,3,6.993459178915505,4.585627966175155,6.768869291451127,4.457491420350055
3885,7,Dgv,475,xgboost,0.1,4,7.293254743574613,4.803445342442471,6.8561198994524295,4.527773202528532
3886,7,Dgv,475,xgboost_naive_transfer,0.1,4,7.268074506578719,5.135544443363376,7.009958315162404,4.916586069270817
3887,7,Dgv,475,xgboost_naive_transfer_with_dummy,0.1,4,7.047041677145776,4.6765585594258505,6.910777321393735,4.529081855908374
3888,7,Dgv,475,xgboost,0.15,1,7.274664839005089,4.806300491947233,6.894723186224832,4.496415649812025
3889,7,Dgv,475,xgboost_naive_transfer,0.15,1,7.232221103923344,5.08554973984442,7.0795261370093865,4.945642444060759
3890,7,Dgv,475,xgboost_naive_transfer_with_dummy,0.15,1,7.084515650593069,4.666750748614374,6.893622029287997,4.583061532809586
3891,7,Dgv,475,xgboost,0.15,2,7.144702774129922,4.759316294078581,6.909683370364546,4.5612406708445565
3892,7,Dgv,475,xgboost_naive_transfer,0.15,2,7.190317061646017,5.042365439984782,7.048328936344796,4.936313282937214
3893,7,Dgv,475,xgboost_naive_transfer_with_dummy,0.15,2,6.979515218829381,4.564246983266277,6.81965121721543,4.497311842199616
3894,7,Dgv,475,xgboost,0.15,3,7.198022393670678,4.744656048870529,6.841530922319113,4.513546004441296
3895,7,Dgv,475,xgboost_naive_transfer,0.15,3,7.256633546158491,5.116975996061569,7.039391803275602,4.961975525011202
3896,7,Dgv,475,xgboost_naive_transfer_with_dummy,0.15,3,6.989003528309479,4.616709838057423,6.868631465833466,4.512306895938226
3897,7,Dgv,475,xgboost,0.15,4,7.3411635848081715,4.8386362162113565,6.824719628055569,4.523415952503775
3898,7,Dgv,475,xgboost_naive_transfer,0.15,4,7.270379033834406,5.116231007551816,7.027899963626991,4.895496390719967
3899,7,Dgv,475,xgboost_naive_transfer_with_dummy,0.15,4,7.048126514918502,4.619850844113257,6.813950712364911,4.495432010769935
3900,7,Dgv,570,xgboost,0.01,1,7.316555943543381,4.84567081887303,7.06743974872961,4.622502732177051
3901,7,Dgv,570,xgboost_naive_transfer,0.01,1,7.3314336304127155,5.1997934508056645,7.193858897156438,5.0186227905310705
3902,7,Dgv,570,xgboost_naive_transfer_with_dummy,0.01,1,7.206291155904776,4.859220745078375,7.059074003058425,4.73799364885789
3903,7,Dgv,570,xgboost,0.01,2,7.156765553581593,4.7472162771888815,7.045612507309694,4.572259854201707
3904,7,Dgv,570,xgboost_naive_transfer,0.01,2,7.2004176438646414,5.038173281398557,7.213692281375926,4.974249967572
3905,7,Dgv,570,xgboost_naive_transfer_with_dummy,0.01,2,6.972310009999834,4.56960577926488,7.026819556036655,4.5916247497929055
3906,7,Dgv,570,xgboost,0.01,3,7.1937644183713765,4.728892061313475,7.1200889549247,4.598040411228021
3907,7,Dgv,570,xgboost_naive_transfer,0.01,3,7.214979145262917,5.043823404526889,7.217912220015273,4.962698824275892
3908,7,Dgv,570,xgboost_naive_transfer_with_dummy,0.01,3,6.994840390169575,4.573788053007847,6.952367742427219,4.544727887735619
3909,7,Dgv,570,xgboost,0.01,4,7.209234897447014,4.74258504712068,7.012206410163397,4.583446789878312
3910,7,Dgv,570,xgboost_naive_transfer,0.01,4,7.264185630339385,5.085481681729859,7.190928225151522,4.934864272401811
3911,7,Dgv,570,xgboost_naive_transfer_with_dummy,0.01,4,7.080527591892585,4.658927670187413,7.046191115217158,4.557164118840696
3912,7,Dgv,570,xgboost,0.02,1,7.301043486314491,4.8376942920107915,7.055021041376191,4.6184288916976985
3913,7,Dgv,570,xgboost_naive_transfer,0.02,1,7.246615400831069,5.092813447739741,7.176790435240357,4.979564610783906
3914,7,Dgv,570,xgboost_naive_transfer_with_dummy,0.02,1,7.1016916751812325,4.688869691733754,7.000623884611382,4.6339082277001715
3915,7,Dgv,570,xgboost,0.02,2,7.136664235066566,4.731842227997126,7.032395277268004,4.566343265966381
3916,7,Dgv,570,xgboost_naive_transfer,0.02,2,7.198070733237697,5.037617703942181,7.218865164992057,4.973040245755786
3917,7,Dgv,570,xgboost_naive_transfer_with_dummy,0.02,2,6.9646903600040275,4.549341724170558,7.047756808510576,4.581723023156414
3918,7,Dgv,570,xgboost,0.02,3,7.192735301386023,4.732792548094241,7.121133302330614,4.586966110331494
3919,7,Dgv,570,xgboost_naive_transfer,0.02,3,7.222157896590559,5.043042071978932,7.2149215853399395,4.962474532101147
3920,7,Dgv,570,xgboost_naive_transfer_with_dummy,0.02,3,6.988333237254512,4.5615941698731985,6.956785717494896,4.544092230371877
3921,7,Dgv,570,xgboost,0.02,4,7.198171625104175,4.756693544437005,6.998570715791459,4.57354115266801
3922,7,Dgv,570,xgboost_naive_transfer,0.02,4,7.270104773332029,5.090762331065619,7.191413584977353,4.935405388580615
3923,7,Dgv,570,xgboost_naive_transfer_with_dummy,0.02,4,7.067267075122158,4.6262490743063145,7.049793085535804,4.5700751360142595
3924,7,Dgv,570,xgboost,0.05,1,7.27642792114144,4.816587510850172,7.037872747728613,4.611969707047723
3925,7,Dgv,570,xgboost_naive_transfer,0.05,1,7.236035373752087,5.076472154288902,7.178678399545716,4.982662056054786
3926,7,Dgv,570,xgboost_naive_transfer_with_dummy,0.05,1,7.0834564667628594,4.659230345761593,6.996608385865728,4.625772076129476
3927,7,Dgv,570,xgboost,0.05,2,7.102328081121438,4.7125580801962155,7.0005074653275825,4.580979069897291
3928,7,Dgv,570,xgboost_naive_transfer,0.05,2,7.189613767392777,5.023540635039768,7.213817235468992,4.962096846479761
3929,7,Dgv,570,xgboost_naive_transfer_with_dummy,0.05,2,6.95808723459966,4.541682077137297,7.025302812654812,4.587971173756045
3930,7,Dgv,570,xgboost,0.05,3,7.168230907021151,4.7132356194531715,7.160974450887703,4.660295982492687
3931,7,Dgv,570,xgboost_naive_transfer,0.05,3,7.240958410257217,5.076616057223091,7.1830626637586805,4.956078284668857
3932,7,Dgv,570,xgboost_naive_transfer_with_dummy,0.05,3,6.984030518066252,4.5399107308864135,6.971265695850504,4.5419047236154935
3933,7,Dgv,570,xgboost,0.05,4,7.194080685558957,4.741678555581591,7.0045404200749255,4.561637269192588
3934,7,Dgv,570,xgboost_naive_transfer,0.05,4,7.272525359476824,5.091160394643839,7.2023495072801,4.967347298710988
3935,7,Dgv,570,xgboost_naive_transfer_with_dummy,0.05,4,7.062020918739857,4.596790143333764,7.024984393303001,4.571693562351997
3936,7,Dgv,570,xgboost,0.1,1,7.240519749574284,4.784698324361883,6.989395213003394,4.610252280830501
3937,7,Dgv,570,xgboost_naive_transfer,0.1,1,7.248550554680306,5.091397368436412,7.179399023312817,4.979475064069587
3938,7,Dgv,570,xgboost_naive_transfer_with_dummy,0.1,1,7.088711201300157,4.6683592942646746,6.994990711398184,4.6245280332322425
3939,7,Dgv,570,xgboost,0.1,2,7.1157645825587705,4.714278565615525,7.044279661716781,4.588416985564482
3940,7,Dgv,570,xgboost_naive_transfer,0.1,2,7.198940436869388,5.041383187790339,7.227991828292185,4.977605268963077
3941,7,Dgv,570,xgboost_naive_transfer_with_dummy,0.1,2,6.952998717737207,4.529345179686317,7.0285305515157805,4.581211761908356
3942,7,Dgv,570,xgboost,0.1,3,7.157101527622475,4.673372969472142,7.109902874580007,4.62768857067566
3943,7,Dgv,570,xgboost_naive_transfer,0.1,3,7.25665150766745,5.073583097945479,7.202486549017545,4.972774965140959
3944,7,Dgv,570,xgboost_naive_transfer_with_dummy,0.1,3,6.978785796945236,4.537016401287774,7.0075719255971896,4.558340996867825
3945,7,Dgv,570,xgboost,0.1,4,7.223919319365986,4.73201283032267,7.058127414344222,4.608896473077639
3946,7,Dgv,570,xgboost_naive_transfer,0.1,4,7.318874473815932,5.109185488064915,7.198312240899176,4.975941216298638
3947,7,Dgv,570,xgboost_naive_transfer_with_dummy,0.1,4,7.117278264040603,4.623784848807576,7.061135872906772,4.572790912728628
3948,7,Dgv,570,xgboost,0.15,1,7.226711016745486,4.770563024739645,6.986033418652984,4.61482399554533
3949,7,Dgv,570,xgboost_naive_transfer,0.15,1,7.204242014606289,5.038370990949583,7.188875564974783,4.989721094687186
3950,7,Dgv,570,xgboost_naive_transfer_with_dummy,0.15,1,7.065815192620009,4.656695514148617,6.9921818841173495,4.644702241518574
3951,7,Dgv,570,xgboost,0.15,2,7.08634984411542,4.70569211473271,7.037293608157483,4.6530474936983826
3952,7,Dgv,570,xgboost_naive_transfer,0.15,2,7.1780323985363355,5.008313801955494,7.206545831307262,4.988568939293168
3953,7,Dgv,570,xgboost_naive_transfer_with_dummy,0.15,2,6.979572800347224,4.538097370671299,7.014285195278456,4.560393669585742
3954,7,Dgv,570,xgboost,0.15,3,7.149145113860816,4.684380168028381,7.254880449075588,4.696457260669353
3955,7,Dgv,570,xgboost_naive_transfer,0.15,3,7.21117259130142,5.021297389505013,7.155966356641303,4.966854290716118
3956,7,Dgv,570,xgboost_naive_transfer_with_dummy,0.15,3,6.987285328639557,4.573585056395043,7.000572139644281,4.581766485380364
3957,7,Dgv,570,xgboost,0.15,4,7.249985920309839,4.795281329791223,7.104076856776134,4.661130041763132
3958,7,Dgv,570,xgboost_naive_transfer,0.15,4,7.3079758992161885,5.106538270553365,7.2581208393284244,4.9849145747462265
3959,7,Dgv,570,xgboost_naive_transfer_with_dummy,0.15,4,7.121091632640047,4.644203223270645,7.107093735733943,4.59761844468776
3960,7,Dgv,665,xgboost,0.01,1,7.272867609820715,4.848457176657773,7.051054874344747,4.5858219519136325
3961,7,Dgv,665,xgboost_naive_transfer,0.01,1,7.319640680678483,5.18494540440535,7.129649463862881,4.941388516879327
3962,7,Dgv,665,xgboost_naive_transfer_with_dummy,0.01,1,7.200829917211663,4.85656117598378,7.0036588467448455,4.675527154124749
3963,7,Dgv,665,xgboost,0.01,2,7.101080501174666,4.710741804485958,7.049013509496761,4.601093382276091
3964,7,Dgv,665,xgboost_naive_transfer,0.01,2,7.190013907617184,5.042497055481712,7.176834684378076,4.922009543584182
3965,7,Dgv,665,xgboost_naive_transfer_with_dummy,0.01,2,6.964486337640665,4.548255782531571,7.051315445309484,4.546952735472978
3966,7,Dgv,665,xgboost,0.01,3,7.163882096679052,4.723908037700174,7.121086854013255,4.653979702818243
3967,7,Dgv,665,xgboost_naive_transfer,0.01,3,7.220020308257889,5.067126117276891,7.100858572100723,4.887791374890441
3968,7,Dgv,665,xgboost_naive_transfer_with_dummy,0.01,3,6.985496998498355,4.590492264012418,6.958783072110599,4.544129706512043
3969,7,Dgv,665,xgboost,0.01,4,7.215169276352508,4.734940999608794,7.115685964331323,4.686032786786916
3970,7,Dgv,665,xgboost_naive_transfer,0.01,4,7.2114271836602715,5.042937062907335,7.1857828561117705,4.892263462134973
3971,7,Dgv,665,xgboost_naive_transfer_with_dummy,0.01,4,7.016393217884253,4.596529495638011,7.010704498761939,4.522152165924877
3972,7,Dgv,665,xgboost,0.02,1,7.221525130407593,4.804776291084823,7.025516542154353,4.571060208448965
3973,7,Dgv,665,xgboost_naive_transfer,0.02,1,7.30000815887117,5.161573365220969,7.11533929509366,4.9281276335402575
3974,7,Dgv,665,xgboost_naive_transfer_with_dummy,0.02,1,7.121548266881906,4.707109026215394,6.939744299665321,4.575239139139193
3975,7,Dgv,665,xgboost,0.02,2,7.106065453981024,4.71233370325353,7.04576251681149,4.59763332687464
3976,7,Dgv,665,xgboost_naive_transfer,0.02,2,7.196760843545361,5.057297497737739,7.1400864458386595,4.913651075881407
3977,7,Dgv,665,xgboost_naive_transfer_with_dummy,0.02,2,6.96911201632977,4.5637904177095585,7.039566138437759,4.546139911075442
3978,7,Dgv,665,xgboost,0.02,3,7.174102795024485,4.735807663175895,7.0953034463143885,4.643362804393369
3979,7,Dgv,665,xgboost_naive_transfer,0.02,3,7.198144424369822,5.043344643874049,7.239047790632082,4.940742361351261
3980,7,Dgv,665,xgboost_naive_transfer_with_dummy,0.02,3,6.987603273788259,4.589268361064768,6.986373235417101,4.5430249580781625
3981,7,Dgv,665,xgboost,0.02,4,7.197682878273686,4.720761161307578,7.152142642226101,4.698954095704368
3982,7,Dgv,665,xgboost_naive_transfer,0.02,4,7.211489544473893,5.039753811586176,7.189308694273951,4.910250614310351
3983,7,Dgv,665,xgboost_naive_transfer_with_dummy,0.02,4,7.016625741888814,4.590323568716253,7.0145881605665155,4.531498894889284
3984,7,Dgv,665,xgboost,0.05,1,7.189106693033968,4.775178049952849,6.999285831906773,4.560785174221171
3985,7,Dgv,665,xgboost_naive_transfer,0.05,1,7.289921965192832,5.148964836152986,7.110688426165635,4.9210257359074046
3986,7,Dgv,665,xgboost_naive_transfer_with_dummy,0.05,1,7.093492750475316,4.659549959268174,6.933592654459863,4.552774827927678
3987,7,Dgv,665,xgboost,0.05,2,7.110796341830279,4.715943268235769,7.073427256522212,4.607855588794752
3988,7,Dgv,665,xgboost_naive_transfer,0.05,2,7.183279618326893,5.0155322768991635,7.211004555614282,4.938528655429596
3989,7,Dgv,665,xgboost_naive_transfer_with_dummy,0.05,2,6.959409120172782,4.543061468304135,7.074685171073665,4.553251517642051
3990,7,Dgv,665,xgboost,0.05,3,7.174994918017714,4.737246919772673,7.112432947007625,4.647768616572839
3991,7,Dgv,665,xgboost_naive_transfer,0.05,3,7.21591383644717,5.060721728055829,7.146859096250744,4.916798745918985
3992,7,Dgv,665,xgboost_naive_transfer_with_dummy,0.05,3,6.975774176568319,4.552574346885404,6.965683124103355,4.534265628788696
3993,7,Dgv,665,xgboost,0.05,4,7.2139869904817,4.757797598077343,7.158299728488315,4.701212541862129
3994,7,Dgv,665,xgboost_naive_transfer,0.05,4,7.21164881178352,5.041372118664084,7.224656732015108,4.9549165115437015
3995,7,Dgv,665,xgboost_naive_transfer_with_dummy,0.05,4,7.032094547829621,4.599980732114114,7.002936931623946,4.518706452872387
3996,7,Dgv,665,xgboost,0.1,1,7.179283180564583,4.7635563555072835,6.993916623127553,4.560995301825567
3997,7,Dgv,665,xgboost_naive_transfer,0.1,1,7.239241289924867,5.0794250190656145,7.115996175531764,4.917844349774707
3998,7,Dgv,665,xgboost_naive_transfer_with_dummy,0.1,1,7.094716056171793,4.664379762962751,6.938195362266797,4.560280163762231
3999,7,Dgv,665,xgboost,0.1,2,7.053805999820439,4.691737038844792,7.09251675675398,4.629994955246666
4000,7,Dgv,665,xgboost_naive_transfer,0.1,2,7.17757279792395,5.014354090604042,7.266842538731569,4.960372604746421
4001,7,Dgv,665,xgboost_naive_transfer_with_dummy,0.1,2,6.966967459020709,4.549766636937973,7.089005372682494,4.5727531138344935
4002,7,Dgv,665,xgboost,0.1,3,7.173029481523597,4.719363514681109,7.167462222618231,4.644796670061231
4003,7,Dgv,665,xgboost_naive_transfer,0.1,3,7.206327622186617,5.041081554497273,7.186109678689501,4.934315335904344
4004,7,Dgv,665,xgboost_naive_transfer_with_dummy,0.1,3,6.965491159422233,4.526050785615509,7.038732714848241,4.561916298464626
4005,7,Dgv,665,xgboost,0.1,4,7.245374063926739,4.763324176531657,7.1543016571742,4.726742049684867
4006,7,Dgv,665,xgboost_naive_transfer,0.1,4,7.22729124469051,5.0535732440222665,7.174414886642603,4.926599810664379
4007,7,Dgv,665,xgboost_naive_transfer_with_dummy,0.1,4,7.012541029449042,4.575734912581479,7.051664810269385,4.516151716102917
4008,7,Dgv,665,xgboost,0.15,1,7.18393738154683,4.7493156884681405,6.994113547160595,4.5833992128556345
4009,7,Dgv,665,xgboost_naive_transfer,0.15,1,7.232497608598992,5.07142610867502,7.107724423444706,4.921097759236865
4010,7,Dgv,665,xgboost_naive_transfer_with_dummy,0.15,1,7.105838357235946,4.693722515991704,6.9528644111741364,4.587039853712817
4011,7,Dgv,665,xgboost,0.15,2,7.070974088957849,4.668623470250974,7.086960245050084,4.614457031200557
4012,7,Dgv,665,xgboost_naive_transfer,0.15,2,7.153721186154831,5.014646450300989,7.1919362995816165,4.929520662158711
4013,7,Dgv,665,xgboost_naive_transfer_with_dummy,0.15,2,6.984014577164684,4.547205228382921,6.956608617593957,4.53987065867065
4014,7,Dgv,665,xgboost,0.15,3,7.139838561698903,4.704160361695129,7.1919147131384635,4.711100340461349
4015,7,Dgv,665,xgboost_naive_transfer,0.15,3,7.185650771656372,5.002361478867672,7.168700920744463,4.945617729280323
4016,7,Dgv,665,xgboost_naive_transfer_with_dummy,0.15,3,6.973047095399712,4.564925649638532,6.996937613950149,4.542192838761893
4017,7,Dgv,665,xgboost,0.15,4,7.223402818039239,4.75504191243331,7.190501206431747,4.7112460596121855
4018,7,Dgv,665,xgboost_naive_transfer,0.15,4,7.249789263766595,5.054743216801272,7.230773523429221,4.95269926487436
4019,7,Dgv,665,xgboost_naive_transfer_with_dummy,0.15,4,7.081604951518197,4.6152900947425595,7.175514902390734,4.6130742985398925
4020,7,Dgv,760,xgboost,0.01,1,7.252526142776801,4.818051183651447,7.016003421168224,4.577282254225175
4021,7,Dgv,760,xgboost_naive_transfer,0.01,1,7.286637232484605,5.146220946329735,7.1166117952131165,4.923675803472588
4022,7,Dgv,760,xgboost_naive_transfer_with_dummy,0.01,1,7.1863337368437055,4.838307038099106,7.010385531154922,4.67668326271627
4023,7,Dgv,760,xgboost,0.01,2,7.163222690171036,4.7222928409668254,7.102734789193099,4.615956166246577
4024,7,Dgv,760,xgboost_naive_transfer,0.01,2,7.172705364612252,5.009200430175819,7.119363651973604,4.892741619220802
4025,7,Dgv,760,xgboost_naive_transfer_with_dummy,0.01,2,7.002065563368459,4.600566911644775,7.014166120100578,4.5811284814412145
4026,7,Dgv,760,xgboost,0.01,3,7.205976872596327,4.7178864934053335,7.153361100342722,4.650310708917291
4027,7,Dgv,760,xgboost_naive_transfer,0.01,3,7.197411063264057,5.026410590585237,7.132911026996779,4.8785685926300335
4028,7,Dgv,760,xgboost_naive_transfer_with_dummy,0.01,3,6.997119334699256,4.564462107987871,6.967672744150057,4.538364048405912
4029,7,Dgv,760,xgboost,0.01,4,7.227838012857592,4.7129254972351475,7.057594974276108,4.656260539887555
4030,7,Dgv,760,xgboost_naive_transfer,0.01,4,7.221352304869756,5.022175122376203,7.023201526483028,4.811427410992738
4031,7,Dgv,760,xgboost_naive_transfer_with_dummy,0.01,4,7.046212867420728,4.60726639440028,6.870935343819114,4.485837515206557
4032,7,Dgv,760,xgboost,0.02,1,7.222761172529247,4.785922948864238,6.992462745714265,4.560977689121153
4033,7,Dgv,760,xgboost_naive_transfer,0.02,1,7.216463062220854,5.0516216531989535,7.070466012484205,4.886849350797144
4034,7,Dgv,760,xgboost_naive_transfer_with_dummy,0.02,1,7.07470195937487,4.649355270565716,6.917819727186629,4.556787968058868
4035,7,Dgv,760,xgboost,0.02,2,7.1502481668211475,4.701529888793283,7.10443415711988,4.613856027020968
4036,7,Dgv,760,xgboost_naive_transfer,0.02,2,7.1839961281417635,5.02509983563509,7.116073048832879,4.892443018330962
4037,7,Dgv,760,xgboost_naive_transfer_with_dummy,0.02,2,6.982815602342401,4.5609340282776705,7.021791716697921,4.563447092101395
4038,7,Dgv,760,xgboost,0.02,3,7.200536539784131,4.706632020010142,7.163672217516664,4.6587123392165495
4039,7,Dgv,760,xgboost_naive_transfer,0.02,3,7.1941907396623135,5.0192453727755435,7.142874791688622,4.879961048889031
4040,7,Dgv,760,xgboost_naive_transfer_with_dummy,0.02,3,6.999233338949702,4.564803756019457,6.9847045560479915,4.542387662828971
4041,7,Dgv,760,xgboost,0.02,4,7.239881082303677,4.717873863631982,7.07221830665647,4.675886521103192
4042,7,Dgv,760,xgboost_naive_transfer,0.02,4,7.2021735917841525,4.993090832155793,7.025743019099509,4.83171915119253
4043,7,Dgv,760,xgboost_naive_transfer_with_dummy,0.02,4,7.050723131329847,4.612609114833565,6.877862350312069,4.494324074525902
4044,7,Dgv,760,xgboost,0.05,1,7.184315649211903,4.742812406550588,6.941101194904221,4.535694455219567
4045,7,Dgv,760,xgboost_naive_transfer,0.05,1,7.2245018491282655,5.063306985111073,7.076632347469531,4.891043196112252
4046,7,Dgv,760,xgboost_naive_transfer_with_dummy,0.05,1,7.076906683942023,4.652920576109129,6.918081328262859,4.556962380832661
4047,7,Dgv,760,xgboost,0.05,2,7.146435752987471,4.698274009030549,7.068032213258453,4.597073650170294
4048,7,Dgv,760,xgboost_naive_transfer,0.05,2,7.165274945255423,4.994156043502086,7.155711701890362,4.908494855125846
4049,7,Dgv,760,xgboost_naive_transfer_with_dummy,0.05,2,6.980435619699836,4.562400484407808,7.0085716003019405,4.5650087000356985
4050,7,Dgv,760,xgboost,0.05,3,7.1913678435746515,4.721403781385502,7.18398965557893,4.683924580931318
4051,7,Dgv,760,xgboost_naive_transfer,0.05,3,7.18423489559626,5.009769847010093,7.126434160791448,4.864303784184374
4052,7,Dgv,760,xgboost_naive_transfer_with_dummy,0.05,3,6.988480442889549,4.523819448551937,6.943459176215647,4.513754185402083
4053,7,Dgv,760,xgboost,0.05,4,7.252090890126354,4.7061865660884585,7.192107452730497,4.753844338472361
4054,7,Dgv,760,xgboost_naive_transfer,0.05,4,7.199225235183937,5.000344444341049,7.045935808256518,4.840085760700904
4055,7,Dgv,760,xgboost_naive_transfer_with_dummy,0.05,4,7.030563271324386,4.542548528639441,6.8465388003287755,4.475717524006323
4056,7,Dgv,760,xgboost,0.1,1,7.154359795142138,4.702227264729147,6.91867618136392,4.519937136374586
4057,7,Dgv,760,xgboost_naive_transfer,0.1,1,7.199711668530415,5.02869584694468,7.063513758013782,4.880948700402079
4058,7,Dgv,760,xgboost_naive_transfer_with_dummy,0.1,1,7.061498747964046,4.6226221659249305,6.915189597035314,4.555776422808957
4059,7,Dgv,760,xgboost,0.1,2,7.15224578331094,4.685240847936457,7.2383093111395915,4.66414206925833
4060,7,Dgv,760,xgboost_naive_transfer,0.1,2,7.163794006933914,4.9906655484848255,7.127827045229406,4.888763171350557
4061,7,Dgv,760,xgboost_naive_transfer_with_dummy,0.1,2,6.986026025902066,4.566625777787639,7.021271001260089,4.5612218234411595
4062,7,Dgv,760,xgboost,0.1,3,7.21456979683707,4.7121499648458,7.193880883881316,4.703575301222902
4063,7,Dgv,760,xgboost_naive_transfer,0.1,3,7.203024654277106,5.0325135638722305,7.0802900819169885,4.869450100551914
4064,7,Dgv,760,xgboost_naive_transfer_with_dummy,0.1,3,6.996746728171781,4.523569425645549,6.9397596363371425,4.5482303999436
4065,7,Dgv,760,xgboost,0.1,4,7.258986633961575,4.73726959258823,7.109895057146999,4.695250255345793
4066,7,Dgv,760,xgboost_naive_transfer,0.1,4,7.261562878600824,5.019635177177402,7.051493767619208,4.85565378004044
4067,7,Dgv,760,xgboost_naive_transfer_with_dummy,0.1,4,7.071584443148995,4.556485119229388,6.840392320564667,4.4604464314353525
4068,7,Dgv,760,xgboost,0.15,1,7.209276376103444,4.753409318529128,6.939950529867936,4.53000908029152
4069,7,Dgv,760,xgboost_naive_transfer,0.15,1,7.204144786776507,5.025993409028505,7.080765936199379,4.910546846623799
4070,7,Dgv,760,xgboost_naive_transfer_with_dummy,0.15,1,7.071954734939237,4.647329114639908,6.926261334111869,4.5784001181054
4071,7,Dgv,760,xgboost,0.15,2,7.191727663459809,4.732971955150531,7.018666797146805,4.594292063001162
4072,7,Dgv,760,xgboost_naive_transfer,0.15,2,7.154819931801359,4.9793019789730995,7.145870633122824,4.899182733016739
4073,7,Dgv,760,xgboost_naive_transfer_with_dummy,0.15,2,6.940539147156865,4.487721775084714,7.126983938371524,4.601619588607887
4074,7,Dgv,760,xgboost,0.15,3,7.180444817777528,4.6931079237671085,7.188685994033716,4.708829233327312
4075,7,Dgv,760,xgboost_naive_transfer,0.15,3,7.192900524320221,4.986832006297178,7.142338811602923,4.922504994704859
4076,7,Dgv,760,xgboost_naive_transfer_with_dummy,0.15,3,7.016557855112395,4.558542757088951,6.981154762529315,4.567864684075154
4077,7,Dgv,760,xgboost,0.15,4,7.273836093034073,4.72268431253559,7.149866161550052,4.722012212022327
4078,7,Dgv,760,xgboost_naive_transfer,0.15,4,7.282409654457595,5.055978326335174,7.064021633975732,4.9107542883781665
4079,7,Dgv,760,xgboost_naive_transfer_with_dummy,0.15,4,7.068911897360407,4.53803543026659,6.907507026885257,4.518451882073456
4080,7,Dgv,855,xgboost,0.01,1,7.2273511201766185,4.7603450015817055,7.003267806759096,4.52980432006348
4081,7,Dgv,855,xgboost_naive_transfer,0.01,1,7.287792757910838,5.127785232375181,7.106117088822765,4.876468475947326
4082,7,Dgv,855,xgboost_naive_transfer_with_dummy,0.01,1,7.198668323754118,4.823703155320058,7.0041646238321995,4.621384767593422
4083,7,Dgv,855,xgboost,0.01,2,7.0889703506720325,4.64889067743584,7.093281841256229,4.568167251159122
4084,7,Dgv,855,xgboost_naive_transfer,0.01,2,7.151908642189062,4.958006881839411,7.0846773074938145,4.8295459037649096
4085,7,Dgv,855,xgboost_naive_transfer_with_dummy,0.01,2,6.967898661245272,4.513654301652043,6.989695150407929,4.516137670025019
4086,7,Dgv,855,xgboost,0.01,3,7.1479798555038885,4.672179582614454,7.101165147139558,4.601183037275713
4087,7,Dgv,855,xgboost_naive_transfer,0.01,3,7.157564584107356,4.95549536531909,7.116116856097517,4.838470388744434
4088,7,Dgv,855,xgboost_naive_transfer_with_dummy,0.01,3,6.9913332946058295,4.564345765759361,6.9495849555294695,4.514952931913362
4089,7,Dgv,855,xgboost,0.01,4,7.145763974438863,4.658657829236375,7.190233566043156,4.683526723800234
4090,7,Dgv,855,xgboost_naive_transfer,0.01,4,7.197522632607159,4.952824232628507,7.151964503879215,4.845044163849026
4091,7,Dgv,855,xgboost_naive_transfer_with_dummy,0.01,4,6.994546374767,4.489776667083962,7.034535441326311,4.530971793528929
4092,7,Dgv,855,xgboost,0.02,1,7.135102056671219,4.680165171376283,6.943255953669936,4.5144112695841745
4093,7,Dgv,855,xgboost_naive_transfer,0.02,1,7.195236864950472,5.0126068112141535,7.047094576484813,4.83283770158831
4094,7,Dgv,855,xgboost_naive_transfer_with_dummy,0.02,1,7.0583486492965735,4.6223432658218195,6.911346670250752,4.511922969229958
4095,7,Dgv,855,xgboost,0.02,2,7.068606842341862,4.630552630532232,7.093169436763118,4.572772896270618
4096,7,Dgv,855,xgboost_naive_transfer,0.02,2,7.1507678381790685,4.952200063560627,7.081682447164874,4.826592028828963
4097,7,Dgv,855,xgboost_naive_transfer_with_dummy,0.02,2,6.957588361168409,4.480402456848508,7.008410473460434,4.514442738986392
4098,7,Dgv,855,xgboost,0.02,3,7.149708501970485,4.67339034313122,7.112563715566111,4.617089872459977
4099,7,Dgv,855,xgboost_naive_transfer,0.02,3,7.167402576337088,4.95782843363784,7.115883874718778,4.8387102994242435
4100,7,Dgv,855,xgboost_naive_transfer_with_dummy,0.02,3,6.967583959442162,4.51489308144331,6.983541032347202,4.521381771733155
4101,7,Dgv,855,xgboost,0.02,4,7.195288073093004,4.707598194292466,7.099174193833952,4.652060119026782
4102,7,Dgv,855,xgboost_naive_transfer,0.02,4,7.191263280508784,4.960880943792994,7.125837184996573,4.838007844301918
4103,7,Dgv,855,xgboost_naive_transfer_with_dummy,0.02,4,7.0195838160504485,4.520831973362317,6.989110616866534,4.5126013857850165
4104,7,Dgv,855,xgboost,0.05,1,7.0909927401543245,4.645409374459767,6.92436066664806,4.512053026271887
4105,7,Dgv,855,xgboost_naive_transfer,0.05,1,7.148814192420397,4.954590085478983,7.027452235105643,4.833038854985515
4106,7,Dgv,855,xgboost_naive_transfer_with_dummy,0.05,1,7.051039173635038,4.605637702703238,6.910921536179662,4.512441513664687
4107,7,Dgv,855,xgboost,0.05,2,7.080078469348646,4.630116086272331,7.102242372951901,4.580766037399546
4108,7,Dgv,855,xgboost_naive_transfer,0.05,2,7.148322899647408,4.93766353816521,7.093566502023604,4.823513034268504
4109,7,Dgv,855,xgboost_naive_transfer_with_dummy,0.05,2,6.961999446456493,4.493280569675624,7.022085507611518,4.51446541536816
4110,7,Dgv,855,xgboost,0.05,3,7.142528359314095,4.6746237311843055,7.156934614385997,4.645694566332011
4111,7,Dgv,855,xgboost_naive_transfer,0.05,3,7.155169760150226,4.940015840382663,7.104370467292759,4.85163963212893
4112,7,Dgv,855,xgboost_naive_transfer_with_dummy,0.05,3,6.9861185500845515,4.538598384377233,6.915164351204465,4.508798277513435
4113,7,Dgv,855,xgboost,0.05,4,7.148667046229788,4.679371771955994,7.1877636110281165,4.727965680809229
4114,7,Dgv,855,xgboost_naive_transfer,0.05,4,7.18134480769695,4.936400656414288,7.109738253071584,4.8560192015502475
4115,7,Dgv,855,xgboost_naive_transfer_with_dummy,0.05,4,7.006728484224065,4.474868671060019,7.036397897642038,4.545631805933927
4116,7,Dgv,855,xgboost,0.1,1,7.095711982244693,4.640137273069111,6.921312398451099,4.50361838776919
4117,7,Dgv,855,xgboost_naive_transfer,0.1,1,7.169221486335496,4.9782261274950645,7.042124703735002,4.838243183712759
4118,7,Dgv,855,xgboost_naive_transfer_with_dummy,0.1,1,7.032911750142901,4.587464898214374,6.895457482456813,4.524133937663202
4119,7,Dgv,855,xgboost,0.1,2,7.1014430600379415,4.656472633726949,7.068717669426518,4.571400251906696
4120,7,Dgv,855,xgboost_naive_transfer,0.1,2,7.14262367896626,4.921492937490529,7.106778504731825,4.815595562630435
4121,7,Dgv,855,xgboost_naive_transfer_with_dummy,0.1,2,6.947430962436713,4.491454635826877,7.041418671001539,4.525575653820796
4122,7,Dgv,855,xgboost,0.1,3,7.124631722678461,4.654341481562951,7.07693620880879,4.610492949640072
4123,7,Dgv,855,xgboost_naive_transfer,0.1,3,7.152709344553558,4.946220403432966,7.14143221275313,4.869839074800429
4124,7,Dgv,855,xgboost_naive_transfer_with_dummy,0.1,3,6.98886476662226,4.503566221631418,6.938996510357725,4.520348702703993
4125,7,Dgv,855,xgboost,0.1,4,7.183912619630513,4.673228861200006,7.212015879807321,4.73568680610661
4126,7,Dgv,855,xgboost_naive_transfer,0.1,4,7.198664363828147,4.9391824534685185,7.141105439375731,4.896455963581659
4127,7,Dgv,855,xgboost_naive_transfer_with_dummy,0.1,4,7.0430816127251195,4.511399104547629,6.971760970952399,4.50608529295494
4128,7,Dgv,855,xgboost,0.15,1,7.1257182684404805,4.652569828510882,6.943427131968322,4.5243095552462185
4129,7,Dgv,855,xgboost_naive_transfer,0.15,1,7.152814365939625,4.95508383569474,7.021333940046205,4.8232161336022
4130,7,Dgv,855,xgboost_naive_transfer_with_dummy,0.15,1,7.026116863489383,4.586307796555773,6.893681040351931,4.536794342268168
4131,7,Dgv,855,xgboost,0.15,2,7.0975286701855,4.63423476411976,7.1043914848822896,4.610000006582534
4132,7,Dgv,855,xgboost_naive_transfer,0.15,2,7.129427224009911,4.912041838733467,7.052269382865511,4.8418005685743495
4133,7,Dgv,855,xgboost_naive_transfer_with_dummy,0.15,2,6.970623780688304,4.475894925211096,6.923972637519354,4.489253629859596
4134,7,Dgv,855,xgboost,0.15,3,7.1309497952623815,4.656385559317436,7.144378608864049,4.670257227210367
4135,7,Dgv,855,xgboost_naive_transfer,0.15,3,7.178947706679865,4.946448090728064,7.118247918487996,4.85376353004101
4136,7,Dgv,855,xgboost_naive_transfer_with_dummy,0.15,3,6.963491913774122,4.501163775534202,7.014768048016733,4.5863961873821495
4137,7,Dgv,855,xgboost,0.15,4,7.122397639277733,4.659615970551838,7.256634712736573,4.795197964675176
4138,7,Dgv,855,xgboost_naive_transfer,0.15,4,7.233739214156079,4.953730645826107,7.183921812792905,4.869425935379104
4139,7,Dgv,855,xgboost_naive_transfer_with_dummy,0.15,4,7.022437954709989,4.502170979190225,7.074338233222949,4.571023237627572
4140,7,Dgv,950,xgboost,0.01,1,7.226934098304291,4.762138057930775,7.004637802596274,4.540705146474844
4141,7,Dgv,950,xgboost_naive_transfer,0.01,1,7.28272366316052,5.113450908490968,7.095370298873983,4.877740915644394
4142,7,Dgv,950,xgboost_naive_transfer_with_dummy,0.01,1,7.199301398597585,4.829283813429384,6.997970063027398,4.646614170875861
4143,7,Dgv,950,xgboost,0.01,2,7.019117208695289,4.612347018838928,7.068902495227682,4.574407740401442
4144,7,Dgv,950,xgboost_naive_transfer,0.01,2,7.110925251009124,4.942612715931048,7.106922818845214,4.840382774241956
4145,7,Dgv,950,xgboost_naive_transfer_with_dummy,0.01,2,6.9307235585232165,4.5152024164097995,7.029056920476032,4.547735924321369
4146,7,Dgv,950,xgboost,0.01,3,7.021953111393822,4.59690397754078,7.013587547335614,4.610392259400125
4147,7,Dgv,950,xgboost_naive_transfer,0.01,3,7.113650290628275,4.944376673026977,7.120466831279901,4.860610728061667
4148,7,Dgv,950,xgboost_naive_transfer_with_dummy,0.01,3,6.950163262375969,4.54309896567975,7.0246119941668566,4.579266051900777
4149,7,Dgv,950,xgboost,0.01,4,7.1041407971582125,4.637828806001506,7.061008346792621,4.692306802928103
4150,7,Dgv,950,xgboost_naive_transfer,0.01,4,7.124504931760598,4.94373112000538,7.0611001246299026,4.814602502811128
4151,7,Dgv,950,xgboost_naive_transfer_with_dummy,0.01,4,6.982463242015765,4.536614291042387,6.888415635125571,4.5228888285997515
4152,7,Dgv,950,xgboost,0.02,1,7.121397127784077,4.675863674164403,6.930816396003897,4.513730608838843
4153,7,Dgv,950,xgboost_naive_transfer,0.02,1,7.18835211065249,5.00096172939062,7.034975413534868,4.835134981831834
4154,7,Dgv,950,xgboost_naive_transfer_with_dummy,0.02,1,7.063587344779339,4.638312091074522,6.902807641771212,4.540577355354705
4155,7,Dgv,950,xgboost,0.02,2,7.019489387489546,4.609427933551434,7.070537116226592,4.580906013089818
4156,7,Dgv,950,xgboost_naive_transfer,0.02,2,7.107061680677964,4.934317219730486,7.118167053604485,4.83982354648592
4157,7,Dgv,950,xgboost_naive_transfer_with_dummy,0.02,2,6.926101732391734,4.502612195320593,7.045549101226371,4.548001875406233
4158,7,Dgv,950,xgboost,0.02,3,7.023682409038264,4.601670894195379,7.0095120621811215,4.619795726917112
4159,7,Dgv,950,xgboost_naive_transfer,0.02,3,7.09796527762013,4.915929540395966,7.1314700379365235,4.873670144792691
4160,7,Dgv,950,xgboost_naive_transfer_with_dummy,0.02,3,6.952319335613698,4.537320697668758,7.028407951648457,4.579990139446098
4161,7,Dgv,950,xgboost,0.02,4,7.0933486520478075,4.628714327568573,7.0873375626674315,4.706135936069179
4162,7,Dgv,950,xgboost_naive_transfer,0.02,4,7.140186357361635,4.96722560656319,7.070498442293342,4.815505187004896
4163,7,Dgv,950,xgboost_naive_transfer_with_dummy,0.02,4,6.988673308240706,4.528775002061151,6.929585793576492,4.553955906259336
4164,7,Dgv,950,xgboost,0.05,1,7.07622305609612,4.638872990436803,6.914408962433134,4.52037867883438
4165,7,Dgv,950,xgboost_naive_transfer,0.05,1,7.206188258854992,5.02697719814905,7.045385068724701,4.843151018776621
4166,7,Dgv,950,xgboost_naive_transfer_with_dummy,0.05,1,7.069445838576958,4.644827632015949,6.907310588288518,4.543693259541572
4167,7,Dgv,950,xgboost,0.05,2,7.02745619390575,4.622395414606016,7.035268077845732,4.577583048597249
4168,7,Dgv,950,xgboost_naive_transfer,0.05,2,7.115910573835446,4.952532380907139,7.094515745231381,4.829751106947195
4169,7,Dgv,950,xgboost_naive_transfer_with_dummy,0.05,2,6.932418598724106,4.502297526218143,7.058712755238693,4.565690965336663
4170,7,Dgv,950,xgboost,0.05,3,7.0191603417520465,4.598795447882194,7.01075515678427,4.61524126179674
4171,7,Dgv,950,xgboost_naive_transfer,0.05,3,7.094070862387814,4.908000273526574,7.149276866289664,4.871085879553619
4172,7,Dgv,950,xgboost_naive_transfer_with_dummy,0.05,3,6.9443420732394046,4.511800171331592,7.062535657533545,4.600621893864451
4173,7,Dgv,950,xgboost,0.05,4,7.107550121296716,4.646539338046013,7.105240790151017,4.722669046869274
4174,7,Dgv,950,xgboost_naive_transfer,0.05,4,7.134993453309588,4.93880539902358,7.079013779123195,4.852312310153438
4175,7,Dgv,950,xgboost_naive_transfer_with_dummy,0.05,4,6.997623940646078,4.5242310430365364,6.921707947756051,4.557011460742988
4176,7,Dgv,950,xgboost,0.1,1,7.07737800127997,4.63653282503307,6.923421728488303,4.526326211067493
4177,7,Dgv,950,xgboost_naive_transfer,0.1,1,7.149580656115742,4.962595236224437,7.024547811739795,4.843636140906616
4178,7,Dgv,950,xgboost_naive_transfer_with_dummy,0.1,1,7.044309586899837,4.6061115718641075,6.896149828940025,4.5424241079593095
4179,7,Dgv,950,xgboost,0.1,2,7.02748289781603,4.613800870069605,7.031997964322629,4.613123038428004
4180,7,Dgv,950,xgboost_naive_transfer,0.1,2,7.1058318026743335,4.919361594414377,7.071042226976671,4.8473466757015515
4181,7,Dgv,950,xgboost_naive_transfer_with_dummy,0.1,2,6.9343426908667505,4.526472107972829,7.0531781290701066,4.562514602019091
4182,7,Dgv,950,xgboost,0.1,3,7.027211200848741,4.61731355533439,7.050335085074622,4.689448385788838
4183,7,Dgv,950,xgboost_naive_transfer,0.1,3,7.11568777437191,4.927777698796302,7.041582567120624,4.85969373779582
4184,7,Dgv,950,xgboost_naive_transfer_with_dummy,0.1,3,6.932799488692078,4.496221668988631,7.034019056039616,4.622751962117967
4185,7,Dgv,950,xgboost,0.1,4,7.109496175372847,4.63662399856444,7.05524161849426,4.69250241594874
4186,7,Dgv,950,xgboost_naive_transfer,0.1,4,7.1027988101564405,4.921809026772989,7.104338212294449,4.898989376779943
4187,7,Dgv,950,xgboost_naive_transfer_with_dummy,0.1,4,6.99975030461728,4.4957470092142255,6.971436103914831,4.586106419460792
4188,7,Dgv,950,xgboost,0.15,1,7.049557873460991,4.626859221755177,6.940290519936176,4.581647406468937
4189,7,Dgv,950,xgboost_naive_transfer,0.15,1,7.165620667540486,4.978841777709281,7.026638965791716,4.844820256054464
4190,7,Dgv,950,xgboost_naive_transfer_with_dummy,0.15,1,7.031550355518155,4.591788511166436,6.889235584032005,4.554608548615544
4191,7,Dgv,950,xgboost,0.15,2,7.036559114705885,4.624114082621675,7.210460612075628,4.65369182260815
4192,7,Dgv,950,xgboost_naive_transfer,0.15,2,7.0877430181356385,4.915998293055443,7.110048928536867,4.845296757862104
4193,7,Dgv,950,xgboost_naive_transfer_with_dummy,0.15,2,6.949414049687951,4.514527372385397,7.007447544012532,4.584127490581322
4194,7,Dgv,950,xgboost,0.15,3,7.041097107506267,4.61841960891926,7.0173927865740895,4.59381914132225
4195,7,Dgv,950,xgboost_naive_transfer,0.15,3,7.08469466494888,4.910515473680646,7.156144978466374,4.908152398444602
4196,7,Dgv,950,xgboost_naive_transfer_with_dummy,0.15,3,7.0057612401397344,4.57312452258128,7.068551519755844,4.591551898378068
4197,7,Dgv,950,xgboost,0.15,4,7.115231256014614,4.661053047867767,7.113231742051095,4.744751723072741
4198,7,Dgv,950,xgboost_naive_transfer,0.15,4,7.123990307021938,4.927241981431806,7.124055429229706,4.8834720239625895
4199,7,Dgv,950,xgboost_naive_transfer_with_dummy,0.15,4,7.001880898541311,4.537166682064698,6.950763275033139,4.575699673651627
4200,8,Dgv,95,xgboost,0.01,1,7.211531106783861,5.092139156869384,7.703414020328376,5.272484442371282
4201,8,Dgv,95,xgboost_naive_transfer,0.01,1,7.284832117049759,5.3616279509429585,7.743645105557532,5.6588785329156925
4202,8,Dgv,95,xgboost_naive_transfer_with_dummy,0.01,1,7.220219360241516,5.244400170795156,7.675803868440563,5.554555149905228
4203,8,Dgv,95,xgboost,0.01,2,7.258579650238559,5.104167929704624,7.642942766234028,5.224561587400918
4204,8,Dgv,95,xgboost_naive_transfer,0.01,2,7.165486584042034,5.278192670681686,7.697450676219101,5.598606243490333
4205,8,Dgv,95,xgboost_naive_transfer_with_dummy,0.01,2,6.928356722214125,4.854814613949875,7.483461619186046,5.199424523120425
4206,8,Dgv,95,xgboost,0.01,3,7.358142490575096,5.198656053437515,7.640407267532905,5.167051612775566
4207,8,Dgv,95,xgboost_naive_transfer,0.01,3,7.165379611201722,5.263381479266737,7.772512403631419,5.657256457811828
4208,8,Dgv,95,xgboost_naive_transfer_with_dummy,0.01,3,6.929938568709266,4.86574889758461,7.4743886638415455,5.1569207085077355
4209,8,Dgv,95,xgboost,0.01,4,7.397350981696262,5.173014853682716,7.870185616117935,5.375666249851585
4210,8,Dgv,95,xgboost_naive_transfer,0.01,4,7.188590237223149,5.272147655198328,7.752497437078477,5.614041114699448
4211,8,Dgv,95,xgboost_naive_transfer_with_dummy,0.01,4,6.93015184341603,4.8327604864273175,7.4524856155739725,5.065658303869955
4212,8,Dgv,95,xgboost,0.02,1,7.223191266125594,5.107032650123739,7.7173039027625485,5.291583687063641
4213,8,Dgv,95,xgboost_naive_transfer,0.02,1,7.2493966802751695,5.333426420785708,7.7488368933165175,5.647711227833268
4214,8,Dgv,95,xgboost_naive_transfer_with_dummy,0.02,1,7.003320325710293,4.909662434917536,7.498032908250697,5.233461851968702
4215,8,Dgv,95,xgboost,0.02,2,7.269921614649412,5.099941782130566,7.643130779982225,5.220776917461573
4216,8,Dgv,95,xgboost_naive_transfer,0.02,2,7.165635622273514,5.277999486890748,7.704856018005891,5.602718644749906
4217,8,Dgv,95,xgboost_naive_transfer_with_dummy,0.02,2,6.928128733517732,4.855725124322932,7.484898126402305,5.2049062968733395
4218,8,Dgv,95,xgboost,0.02,3,7.362456304322731,5.203719138356389,7.649102007389187,5.171800286454997
4219,8,Dgv,95,xgboost_naive_transfer,0.02,3,7.169924450554562,5.26811886113583,7.785734948883639,5.667965842627759
4220,8,Dgv,95,xgboost_naive_transfer_with_dummy,0.02,3,6.899151904881198,4.817113036843978,7.446687766072893,5.089498346436727
4221,8,Dgv,95,xgboost,0.02,4,7.391681325246725,5.177853925729696,7.875525588247274,5.363688968991446
4222,8,Dgv,95,xgboost_naive_transfer,0.02,4,7.174330245369531,5.269568533077459,7.793539384759744,5.625261363030973
4223,8,Dgv,95,xgboost_naive_transfer_with_dummy,0.02,4,6.91256669216246,4.820678831827992,7.421507292979603,5.04599910503598
4224,8,Dgv,95,xgboost,0.05,1,7.192197475060727,5.069542396726261,7.683914342820789,5.23621930800461
4225,8,Dgv,95,xgboost_naive_transfer,0.05,1,7.2477892261854855,5.333026413222444,7.751012287487047,5.648346719717018
4226,8,Dgv,95,xgboost_naive_transfer_with_dummy,0.05,1,6.970376623973155,4.860858000824768,7.46389305106103,5.186623806334339
4227,8,Dgv,95,xgboost,0.05,2,7.249492884749463,5.085977628802851,7.628088859301488,5.2009786474509
4228,8,Dgv,95,xgboost_naive_transfer,0.05,2,7.173465239771713,5.282964010069567,7.719035503550866,5.6112803014787715
4229,8,Dgv,95,xgboost_naive_transfer_with_dummy,0.05,2,6.926745331742904,4.853253034120107,7.46738163179353,5.1865690546790555
4230,8,Dgv,95,xgboost,0.05,3,7.376365800357756,5.204596581986589,7.685190715015726,5.1871349179672555
4231,8,Dgv,95,xgboost_naive_transfer,0.05,3,7.177121080863084,5.275862545052115,7.7689989907425385,5.656120985583155
4232,8,Dgv,95,xgboost_naive_transfer_with_dummy,0.05,3,6.927693642964091,4.864840786469963,7.431856960696017,5.109557087587068
4233,8,Dgv,95,xgboost,0.05,4,7.3782052889305465,5.174484881829889,7.887438451659141,5.395203166967214
4234,8,Dgv,95,xgboost_naive_transfer,0.05,4,7.186016704694175,5.280959176390953,7.781290449799407,5.609621783947437
4235,8,Dgv,95,xgboost_naive_transfer_with_dummy,0.05,4,6.93180755965298,4.847043763748227,7.433690178456044,5.050647655097256
4236,8,Dgv,95,xgboost,0.1,1,7.189490867767733,5.081535998939736,7.698409453549861,5.240658766766973
4237,8,Dgv,95,xgboost_naive_transfer,0.1,1,7.254642569257463,5.33883936475213,7.745985207402301,5.64118792516543
4238,8,Dgv,95,xgboost_naive_transfer_with_dummy,0.1,1,6.947627758891064,4.8378478278935235,7.43143625363108,5.1515227376806845
4239,8,Dgv,95,xgboost,0.1,2,7.2823195700328505,5.094474522916842,7.620097999130623,5.191619196051985
4240,8,Dgv,95,xgboost_naive_transfer,0.1,2,7.155046966998948,5.268092675307106,7.712917247754311,5.592242431222721
4241,8,Dgv,95,xgboost_naive_transfer_with_dummy,0.1,2,6.869593881174586,4.797517269027868,7.443937188901838,5.145533120488632
4242,8,Dgv,95,xgboost,0.1,3,7.350093084822732,5.191945606293789,7.680463802370548,5.189877359568964
4243,8,Dgv,95,xgboost_naive_transfer,0.1,3,7.193736780666832,5.280016314209179,7.795670454704049,5.659495823251776
4244,8,Dgv,95,xgboost_naive_transfer_with_dummy,0.1,3,6.945276044722515,4.873948842361843,7.465141760813234,5.113385970981095
4245,8,Dgv,95,xgboost,0.1,4,7.43590395120124,5.180725733595843,7.924546160505192,5.397776029446638
4246,8,Dgv,95,xgboost_naive_transfer,0.1,4,7.182110983526571,5.27718896788711,7.853475941057825,5.652852968087797
4247,8,Dgv,95,xgboost_naive_transfer_with_dummy,0.1,4,6.993794059093215,4.856937736480152,7.488222653470661,5.06831973996221
4248,8,Dgv,95,xgboost,0.15,1,7.215183499588199,5.088576635101757,7.695217852358014,5.268932482699277
4249,8,Dgv,95,xgboost_naive_transfer,0.15,1,7.255197900432637,5.339589090944763,7.742520670121518,5.644645549353446
4250,8,Dgv,95,xgboost_naive_transfer_with_dummy,0.15,1,6.949105323775414,4.843168611701441,7.427304202672462,5.15092963761254
4251,8,Dgv,95,xgboost,0.15,2,7.311599204853909,5.130608878904918,7.62830474545983,5.207164168904649
4252,8,Dgv,95,xgboost_naive_transfer,0.15,2,7.188523003597578,5.298009807718851,7.739191371525324,5.62944518254113
4253,8,Dgv,95,xgboost_naive_transfer_with_dummy,0.15,2,6.920895543556656,4.836629835033769,7.471008543072814,5.148377207766034
4254,8,Dgv,95,xgboost,0.15,3,7.376346801325861,5.19287708761557,7.648299094930698,5.174914790673359
4255,8,Dgv,95,xgboost_naive_transfer,0.15,3,7.1973372847294605,5.298564266168738,7.721355903030709,5.61801715374896
4256,8,Dgv,95,xgboost_naive_transfer_with_dummy,0.15,3,7.00644634583177,4.894360716925001,7.535384388507937,5.156426503163942
4257,8,Dgv,95,xgboost,0.15,4,7.384174744649159,5.146563610021803,7.958542676255229,5.427692686121802
4258,8,Dgv,95,xgboost_naive_transfer,0.15,4,7.198005431049175,5.291174870634813,7.827545662266686,5.6533882945562475
4259,8,Dgv,95,xgboost_naive_transfer_with_dummy,0.15,4,6.98116483055297,4.851533076283897,7.523740619896672,5.0801389376954615
4260,8,Dgv,190,xgboost,0.01,1,7.135542412487889,4.9918530016610605,7.912262510675455,5.442393932431392
4261,8,Dgv,190,xgboost_naive_transfer,0.01,1,7.282869626522103,5.338846244351846,7.77312342514796,5.655987800909329
4262,8,Dgv,190,xgboost_naive_transfer_with_dummy,0.01,1,7.183437358740647,5.159912687856441,7.668366877100719,5.493293688651884
4263,8,Dgv,190,xgboost,0.01,2,7.167217379701245,5.026079677175656,7.808502685744622,5.373718839298249
4264,8,Dgv,190,xgboost_naive_transfer,0.01,2,7.222372913151043,5.305801597364779,7.749009430602603,5.623238334776003
4265,8,Dgv,190,xgboost_naive_transfer_with_dummy,0.01,2,6.962912679198542,4.872439000483759,7.522567922797365,5.214068030583115
4266,8,Dgv,190,xgboost,0.01,3,7.230456399776619,5.011591680797047,7.868313774898927,5.365055737788876
4267,8,Dgv,190,xgboost_naive_transfer,0.01,3,7.204295324460628,5.2681014574018565,7.743253943431325,5.629572716249417
4268,8,Dgv,190,xgboost_naive_transfer_with_dummy,0.01,3,6.954072482252695,4.888144059818644,7.518287929135442,5.237073185290391
4269,8,Dgv,190,xgboost,0.01,4,7.356497282630229,5.097101695994254,7.911860207755105,5.381932206834692
4270,8,Dgv,190,xgboost_naive_transfer,0.01,4,7.2285805361583275,5.26702782833331,7.786684557573258,5.61752820057688
4271,8,Dgv,190,xgboost_naive_transfer_with_dummy,0.01,4,7.042838447588652,4.958569194722198,7.57614108507702,5.270162578084015
4272,8,Dgv,190,xgboost,0.02,1,7.159638655772705,5.018073131831025,7.915268637964793,5.4442542768918605
4273,8,Dgv,190,xgboost_naive_transfer,0.02,1,7.271516708802378,5.328899877359174,7.774188327132814,5.650548121675201
4274,8,Dgv,190,xgboost_naive_transfer_with_dummy,0.02,1,7.081084283888923,5.011114139686191,7.58966579460174,5.3438358293728765
4275,8,Dgv,190,xgboost,0.02,2,7.177649775042847,5.041254599263892,7.814692334522591,5.381967299874414
4276,8,Dgv,190,xgboost_naive_transfer,0.02,2,7.21793057185703,5.299788054722984,7.756802666864497,5.627443506916392
4277,8,Dgv,190,xgboost_naive_transfer_with_dummy,0.02,2,6.953945011053122,4.8593351077430595,7.513293028236587,5.201325224626977
4278,8,Dgv,190,xgboost,0.02,3,7.241210588775657,5.008937558984879,7.8534671651079115,5.349056099167212
4279,8,Dgv,190,xgboost_naive_transfer,0.02,3,7.166812112408339,5.231446319143079,7.777894815380671,5.630240849894382
4280,8,Dgv,190,xgboost_naive_transfer_with_dummy,0.02,3,6.953397797198761,4.884472440707585,7.509222155452377,5.223787771038894
4281,8,Dgv,190,xgboost,0.02,4,7.356290720383684,5.0946706961952035,7.9233744258839875,5.391646952672649
4282,8,Dgv,190,xgboost_naive_transfer,0.02,4,7.226788623549379,5.266436979517694,7.791900929063754,5.620551985173556
4283,8,Dgv,190,xgboost_naive_transfer_with_dummy,0.02,4,7.067286180098955,4.981782337982477,7.584615084809337,5.273869442466335
4284,8,Dgv,190,xgboost,0.05,1,7.144150795782219,5.002286743066417,7.915479403497485,5.446645345071861
4285,8,Dgv,190,xgboost_naive_transfer,0.05,1,7.268781395480402,5.325785393632522,7.77612186327453,5.654524058924758
4286,8,Dgv,190,xgboost_naive_transfer_with_dummy,0.05,1,7.01942893399624,4.915442999914063,7.5392654483863835,5.240964140653958
4287,8,Dgv,190,xgboost,0.05,2,7.170422716996152,5.024145434010128,7.808400380231014,5.360851594714634
4288,8,Dgv,190,xgboost_naive_transfer,0.05,2,7.22084872395314,5.299965178638434,7.759848993253375,5.630785475854316
4289,8,Dgv,190,xgboost_naive_transfer_with_dummy,0.05,2,6.946049436546373,4.84254915815892,7.502491011559454,5.1910975449339904
4290,8,Dgv,190,xgboost,0.05,3,7.2157121687581816,4.99864541448445,7.867090540168236,5.37607077564728
4291,8,Dgv,190,xgboost_naive_transfer,0.05,3,7.192478869556586,5.259375629503379,7.777385266426888,5.649354343147076
4292,8,Dgv,190,xgboost_naive_transfer_with_dummy,0.05,3,6.944529609756116,4.858037831980376,7.512605666102725,5.215973765375639
4293,8,Dgv,190,xgboost,0.05,4,7.363153711873231,5.091504871759645,7.947941548700532,5.4135705740066244
4294,8,Dgv,190,xgboost_naive_transfer,0.05,4,7.230686956882649,5.271579528233695,7.8038234551406855,5.616455982345582
4295,8,Dgv,190,xgboost_naive_transfer_with_dummy,0.05,4,7.053569383388226,4.960797624483556,7.571797593147466,5.26503316626027
4296,8,Dgv,190,xgboost,0.1,1,7.1272272856527765,4.988303172758173,7.922039813147035,5.44894625766763
4297,8,Dgv,190,xgboost_naive_transfer,0.1,1,7.25730021810377,5.321234484945331,7.772298847135697,5.640668689859799
4298,8,Dgv,190,xgboost_naive_transfer_with_dummy,0.1,1,7.044229584300996,4.959278442413603,7.561201664150287,5.283920634252696
4299,8,Dgv,190,xgboost,0.1,2,7.226614540215316,5.05583950678592,7.848064447551462,5.382453616758225
4300,8,Dgv,190,xgboost_naive_transfer,0.1,2,7.190053336787576,5.264709309094752,7.75980717100395,5.6091420389453726
4301,8,Dgv,190,xgboost_naive_transfer_with_dummy,0.1,2,6.9549562867941574,4.844283556103492,7.468930598408747,5.1545431296462265
4302,8,Dgv,190,xgboost,0.1,3,7.249461315900021,5.020821576834676,7.90749355402745,5.376908817746949
4303,8,Dgv,190,xgboost_naive_transfer,0.1,3,7.175094862407727,5.239844495045733,7.802120313728309,5.6293109850679395
4304,8,Dgv,190,xgboost_naive_transfer_with_dummy,0.1,3,6.9381473429049265,4.831579509158884,7.496110634202919,5.192999496730214
4305,8,Dgv,190,xgboost,0.1,4,7.393510469850873,5.114333248471032,7.879083830488811,5.388138542618213
4306,8,Dgv,190,xgboost_naive_transfer,0.1,4,7.250884120996199,5.294473661783016,7.748541991842512,5.591001044351796
4307,8,Dgv,190,xgboost_naive_transfer_with_dummy,0.1,4,7.034488897607467,4.915059965302389,7.567659899434825,5.193998666489784
4308,8,Dgv,190,xgboost,0.15,1,7.126509793595246,4.982630713083042,7.921171870424287,5.441522899447702
4309,8,Dgv,190,xgboost_naive_transfer,0.15,1,7.270245326927143,5.320384103081296,7.768483831244055,5.646706177599419
4310,8,Dgv,190,xgboost_naive_transfer_with_dummy,0.15,1,7.003170195553851,4.8775999319778816,7.51480818715885,5.200266394389622
4311,8,Dgv,190,xgboost,0.15,2,7.215696554455453,5.017082337590611,7.864584063701528,5.391522850886106
4312,8,Dgv,190,xgboost_naive_transfer,0.15,2,7.188598221004801,5.264280148649711,7.764513468106176,5.612655075124955
4313,8,Dgv,190,xgboost_naive_transfer_with_dummy,0.15,2,6.993865833380007,4.90290431023298,7.543954463640684,5.234858010269887
4314,8,Dgv,190,xgboost,0.15,3,7.317604634595936,5.051578587853724,7.972303039207644,5.423320364422363
4315,8,Dgv,190,xgboost_naive_transfer,0.15,3,7.192103982181401,5.23405842335044,7.754501709367528,5.59266912249603
4316,8,Dgv,190,xgboost_naive_transfer_with_dummy,0.15,3,7.042304233284515,4.958156673812711,7.640456393316987,5.315250957150555
4317,8,Dgv,190,xgboost,0.15,4,7.365745370670183,5.085889219048675,8.043883840147132,5.505236721410148
4318,8,Dgv,190,xgboost_naive_transfer,0.15,4,7.228565596847105,5.272032771373508,7.792344075213444,5.622949597726129
4319,8,Dgv,190,xgboost_naive_transfer_with_dummy,0.15,4,7.099146044934462,4.999067045634659,7.5924162661228065,5.209463593888099
4320,8,Dgv,285,xgboost,0.01,1,6.888611697675884,4.696744833833509,7.539499028387386,5.067015039991323
4321,8,Dgv,285,xgboost_naive_transfer,0.01,1,7.194844264714893,5.254021110691791,7.71350035342372,5.589065930055052
4322,8,Dgv,285,xgboost_naive_transfer_with_dummy,0.01,1,7.047012462214931,4.974043112804236,7.558882347345446,5.342864047802167
4323,8,Dgv,285,xgboost,0.01,2,6.928694111325209,4.704106623010456,7.48386333718614,5.0267541495687595
4324,8,Dgv,285,xgboost_naive_transfer,0.01,2,7.0917781916811045,5.166344120364137,7.6572368070553365,5.515781947209998
4325,8,Dgv,285,xgboost_naive_transfer_with_dummy,0.01,2,6.791768464052458,4.66798688273705,7.353768402599411,5.010279420062201
4326,8,Dgv,285,xgboost,0.01,3,7.009288355058936,4.769780968867129,7.538770827755473,5.048131226775407
4327,8,Dgv,285,xgboost_naive_transfer,0.01,3,7.068489989399213,5.117304515788813,7.625583267881425,5.500242109947504
4328,8,Dgv,285,xgboost_naive_transfer_with_dummy,0.01,3,6.7389157562057225,4.60880022896806,7.333992668987385,5.007116160255094
4329,8,Dgv,285,xgboost,0.01,4,7.126047299151136,4.838977431609605,7.57315231857623,5.068728890284178
4330,8,Dgv,285,xgboost_naive_transfer,0.01,4,7.098148568270191,5.126015678975079,7.652262290494262,5.488728504960987
4331,8,Dgv,285,xgboost_naive_transfer_with_dummy,0.01,4,6.903024758568434,4.785856299977488,7.39884504545359,5.114828473503343
4332,8,Dgv,285,xgboost,0.02,1,6.845338025788534,4.663525785266282,7.502940486597954,5.012392927832688
4333,8,Dgv,285,xgboost_naive_transfer,0.02,1,7.161148692399044,5.225625668327078,7.712210045794504,5.5669056258420975
4334,8,Dgv,285,xgboost_naive_transfer_with_dummy,0.02,1,6.925527722078608,4.801284938375232,7.475583725748294,5.165728670547997
4335,8,Dgv,285,xgboost,0.02,2,6.922453615298463,4.693460569473735,7.491146001970464,5.024399247987858
4336,8,Dgv,285,xgboost_naive_transfer,0.02,2,7.089339339980216,5.166466358071576,7.657068608003315,5.512987039238566
4337,8,Dgv,285,xgboost_naive_transfer_with_dummy,0.02,2,6.78642205198047,4.665231004715172,7.350042616580931,5.004649453403236
4338,8,Dgv,285,xgboost,0.02,3,7.0107762524350745,4.764462505322938,7.55037500760894,5.056591953271686
4339,8,Dgv,285,xgboost_naive_transfer,0.02,3,7.057574727042819,5.110584137422297,7.635722299360043,5.506859407822757
4340,8,Dgv,285,xgboost_naive_transfer_with_dummy,0.02,3,6.733085516203713,4.60856841654552,7.338252626319783,5.00924763654396
4341,8,Dgv,285,xgboost,0.02,4,7.107142875654045,4.825636484033451,7.585318363414463,5.075031654707988
4342,8,Dgv,285,xgboost_naive_transfer,0.02,4,7.107127829256684,5.131506643664176,7.664963489573552,5.496483062148552
4343,8,Dgv,285,xgboost_naive_transfer_with_dummy,0.02,4,6.842140297612418,4.6835865407751,7.421064963464285,5.080632823192549
4344,8,Dgv,285,xgboost,0.05,1,6.864793637731537,4.675650468165893,7.527336759648198,5.0431746145821865
4345,8,Dgv,285,xgboost_naive_transfer,0.05,1,7.1655034092404835,5.22829010733764,7.715170786292987,5.573990045735047
4346,8,Dgv,285,xgboost_naive_transfer_with_dummy,0.05,1,6.907978236288652,4.776318121310814,7.462493833794442,5.138343719754983
4347,8,Dgv,285,xgboost,0.05,2,6.951232337544845,4.720593242784917,7.5170776688030605,5.041752184999668
4348,8,Dgv,285,xgboost_naive_transfer,0.05,2,7.083432393288509,5.158321498660323,7.641034159918937,5.496542344048936
4349,8,Dgv,285,xgboost_naive_transfer_with_dummy,0.05,2,6.771469403990904,4.6584808449891275,7.358001751630362,4.993833549382825
4350,8,Dgv,285,xgboost,0.05,3,7.001618754341067,4.771006563050488,7.549414828040409,5.0409130040366845
4351,8,Dgv,285,xgboost_naive_transfer,0.05,3,7.074804806096499,5.1275965951120295,7.623671325777351,5.499708102253393
4352,8,Dgv,285,xgboost_naive_transfer_with_dummy,0.05,3,6.720049514841384,4.600216879293377,7.313073768695931,4.96195933170952
4353,8,Dgv,285,xgboost,0.05,4,7.094040682411107,4.801625805090803,7.618247586484642,5.087010316589088
4354,8,Dgv,285,xgboost_naive_transfer,0.05,4,7.1037065281458815,5.124150206314543,7.685937916938542,5.504980501221125
4355,8,Dgv,285,xgboost_naive_transfer_with_dummy,0.05,4,6.8166835687150495,4.642235856295191,7.414754846589017,4.992334804375167
4356,8,Dgv,285,xgboost,0.1,1,6.838571670726278,4.6577292910209875,7.5015839851836414,5.003473467646878
4357,8,Dgv,285,xgboost_naive_transfer,0.1,1,7.179224560705436,5.242124130481162,7.71108090750376,5.579026633483532
4358,8,Dgv,285,xgboost_naive_transfer_with_dummy,0.1,1,6.915298649863074,4.787870261133439,7.454798767617378,5.132017757387823
4359,8,Dgv,285,xgboost,0.1,2,6.969103684926162,4.715662466102714,7.537860307467187,5.042945953960729
4360,8,Dgv,285,xgboost_naive_transfer,0.1,2,7.076802327930432,5.158160484790378,7.636541007721786,5.4914486189709235
4361,8,Dgv,285,xgboost_naive_transfer_with_dummy,0.1,2,6.779159805025895,4.668079619121896,7.370738021421255,5.007677343056558
4362,8,Dgv,285,xgboost,0.1,3,7.015378885271532,4.781706519937786,7.561215106215969,5.062995293914453
4363,8,Dgv,285,xgboost_naive_transfer,0.1,3,7.009601426245036,5.078149837768507,7.6577960711085336,5.492135110866472
4364,8,Dgv,285,xgboost_naive_transfer_with_dummy,0.1,3,6.706922257897737,4.598089514717365,7.3871589878364,5.059673937659601
4365,8,Dgv,285,xgboost,0.1,4,7.131549407975291,4.839423677720425,7.653160628717132,5.149616189651131
4366,8,Dgv,285,xgboost_naive_transfer,0.1,4,7.094597550198202,5.131117908125866,7.712097383066764,5.527456739349485
4367,8,Dgv,285,xgboost_naive_transfer_with_dummy,0.1,4,6.766912837165299,4.579944970901559,7.418598147641313,4.979560262314927
4368,8,Dgv,285,xgboost,0.15,1,6.846945474465807,4.67504247597143,7.506180458277193,5.004927311660404
4369,8,Dgv,285,xgboost_naive_transfer,0.15,1,7.17243381611721,5.226724762406699,7.728690097768473,5.595572928611836
4370,8,Dgv,285,xgboost_naive_transfer_with_dummy,0.15,1,6.9024423954445915,4.763246172453397,7.451546685380209,5.124354001925601
4371,8,Dgv,285,xgboost,0.15,2,6.96361629427977,4.706823367319492,7.553883435260697,5.047350403429633
4372,8,Dgv,285,xgboost_naive_transfer,0.15,2,7.075617723485122,5.146723159978207,7.628862388796815,5.486079285501362
4373,8,Dgv,285,xgboost_naive_transfer_with_dummy,0.15,2,6.763595728286845,4.6574808286938785,7.355616565050453,4.976458351417686
4374,8,Dgv,285,xgboost,0.15,3,7.042623826816899,4.778679273481709,7.655412531507756,5.128840373427692
4375,8,Dgv,285,xgboost_naive_transfer,0.15,3,7.0577123903257215,5.142345646340957,7.643798785894365,5.476621378240994
4376,8,Dgv,285,xgboost_naive_transfer_with_dummy,0.15,3,6.7630526753728795,4.6313694293357015,7.3360010752894365,5.004291367634501
4377,8,Dgv,285,xgboost,0.15,4,7.131388180331432,4.861299694104175,7.680248840086882,5.1741196746887095
4378,8,Dgv,285,xgboost_naive_transfer,0.15,4,7.141078901124534,5.176408553836612,7.648121845203466,5.493730560033761
4379,8,Dgv,285,xgboost_naive_transfer_with_dummy,0.15,4,6.827860921644808,4.621424399876146,7.431787652888474,5.041797537225858
4380,8,Dgv,380,xgboost,0.01,1,6.837117549718595,4.672173596051048,7.536781191128426,5.052664112797895
4381,8,Dgv,380,xgboost_naive_transfer,0.01,1,7.2398972582866,5.2766825193737805,7.70355277442703,5.549076524193364
4382,8,Dgv,380,xgboost_naive_transfer_with_dummy,0.01,1,7.10093983542265,5.0055957100733535,7.559041600734331,5.312706974636157
4383,8,Dgv,380,xgboost,0.01,2,6.864956840191903,4.673527344470416,7.480362333799119,5.046619508698695
4384,8,Dgv,380,xgboost_naive_transfer,0.01,2,7.112524009014783,5.165169524470984,7.588105342068572,5.422032643048123
4385,8,Dgv,380,xgboost_naive_transfer_with_dummy,0.01,2,6.903146670536616,4.769327278799805,7.382246603330513,5.054944997185678
4386,8,Dgv,380,xgboost,0.01,3,6.914580733959874,4.746478114933183,7.55657183191098,5.06229551528699
4387,8,Dgv,380,xgboost_naive_transfer,0.01,3,7.114269675680938,5.145617717818628,7.56541997562286,5.405440748425895
4388,8,Dgv,380,xgboost_naive_transfer_with_dummy,0.01,3,6.78991060523203,4.652754189959126,7.289699308976327,4.925609619212335
4389,8,Dgv,380,xgboost,0.01,4,7.065382840768486,4.847594686298789,7.579275767573269,5.128403940409678
4390,8,Dgv,380,xgboost_naive_transfer,0.01,4,7.101138150275895,5.121726851839036,7.621053196426817,5.417362971297336
4391,8,Dgv,380,xgboost_naive_transfer_with_dummy,0.01,4,6.889131250578906,4.7334811643326,7.3688278695963,5.0176355562268835
4392,8,Dgv,380,xgboost,0.02,1,6.822099541123821,4.666129837388787,7.527225117242261,5.031372559088534
4393,8,Dgv,380,xgboost_naive_transfer,0.02,1,7.201643894551582,5.245751365639453,7.681977464998839,5.510983128687828
4394,8,Dgv,380,xgboost_naive_transfer_with_dummy,0.02,1,6.971022384853107,4.818470472044173,7.438754954996314,5.100133369054659
4395,8,Dgv,380,xgboost,0.02,2,6.860017066690886,4.666403261720171,7.486729737370666,5.042710473263189
4396,8,Dgv,380,xgboost_naive_transfer,0.02,2,7.113370043276463,5.166355389397936,7.593544966891883,5.428373232003025
4397,8,Dgv,380,xgboost_naive_transfer_with_dummy,0.02,2,6.9026105851933925,4.769179261107147,7.3718564802609245,5.047744887227029
4398,8,Dgv,380,xgboost,0.02,3,6.918819189311603,4.745284273477303,7.534297766778967,5.055150869964859
4399,8,Dgv,380,xgboost_naive_transfer,0.02,3,7.110606796613614,5.141164566084944,7.567107385722634,5.396782914401961
4400,8,Dgv,380,xgboost_naive_transfer_with_dummy,0.02,3,6.778743453152919,4.6368534897314975,7.282381802486965,4.910190321051544
4401,8,Dgv,380,xgboost,0.02,4,7.063715788030911,4.831613128708313,7.589611239829883,5.127385757773564
4402,8,Dgv,380,xgboost_naive_transfer,0.02,4,7.106889694786323,5.126248749605772,7.617451702122625,5.405563554007914
4403,8,Dgv,380,xgboost_naive_transfer_with_dummy,0.02,4,6.884480384950999,4.7067290922408045,7.372994600945703,4.973632681473346
4404,8,Dgv,380,xgboost,0.05,1,6.814333638886813,4.663539060720598,7.520803883261357,5.012321363133374
4405,8,Dgv,380,xgboost_naive_transfer,0.05,1,7.195253856294327,5.239631556738268,7.6706870417318695,5.499496567157447
4406,8,Dgv,380,xgboost_naive_transfer_with_dummy,0.05,1,6.9716736061943765,4.821072053878852,7.440858371209435,5.104342807679794
4407,8,Dgv,380,xgboost,0.05,2,6.848514935160584,4.647807230576261,7.481105531690086,5.033500206447201
4408,8,Dgv,380,xgboost_naive_transfer,0.05,2,7.113607358445323,5.166881658982831,7.592659062193705,5.429589330576991
4409,8,Dgv,380,xgboost_naive_transfer_with_dummy,0.05,2,6.839335484692581,4.69772672099561,7.322800339911338,4.942222586938427
4410,8,Dgv,380,xgboost,0.05,3,6.9279690035551855,4.755839847039683,7.551909930580324,5.056043063451951
4411,8,Dgv,380,xgboost_naive_transfer,0.05,3,7.100034818186637,5.136324293910878,7.562711879677468,5.399195660497749
4412,8,Dgv,380,xgboost_naive_transfer_with_dummy,0.05,3,6.7849670909797934,4.643323769615931,7.280418827244805,4.9074819259450955
4413,8,Dgv,380,xgboost,0.05,4,7.0596314872002575,4.8470582469963315,7.578958010290654,5.127602208509096
4414,8,Dgv,380,xgboost_naive_transfer,0.05,4,7.105067438662463,5.129464437424179,7.626643773688102,5.413762850170845
4415,8,Dgv,380,xgboost_naive_transfer_with_dummy,0.05,4,6.860567555179376,4.6933218347602175,7.365243297076835,4.9823185146101965
4416,8,Dgv,380,xgboost,0.1,1,6.802885555068684,4.650929432687369,7.520081063247701,5.021619277237455
4417,8,Dgv,380,xgboost_naive_transfer,0.1,1,7.204109719924862,5.253475326427585,7.66617890600048,5.494147240858591
4418,8,Dgv,380,xgboost_naive_transfer_with_dummy,0.1,1,6.958313702843414,4.808288024324776,7.400531546657839,5.056470275301305
4419,8,Dgv,380,xgboost,0.1,2,6.8522941919442655,4.638616502350998,7.488485047716082,5.036626713750821
4420,8,Dgv,380,xgboost_naive_transfer,0.1,2,7.111516278087511,5.164856772892754,7.601455506316623,5.4252057329270595
4421,8,Dgv,380,xgboost_naive_transfer_with_dummy,0.1,2,6.861720801931727,4.71661438838483,7.303541290980723,4.96577560056632
4422,8,Dgv,380,xgboost,0.1,3,6.929579437868689,4.757458349942974,7.582954452571775,5.038367521698609
4423,8,Dgv,380,xgboost_naive_transfer,0.1,3,7.083848424417777,5.120472043367892,7.596595388257997,5.418873291136229
4424,8,Dgv,380,xgboost_naive_transfer_with_dummy,0.1,3,6.772888935467352,4.631240547320502,7.293597763930453,4.909936178446153
4425,8,Dgv,380,xgboost,0.1,4,7.109203412028148,4.842855267633106,7.657664049836657,5.140028015301805
4426,8,Dgv,380,xgboost_naive_transfer,0.1,4,7.116057499545531,5.143516078683767,7.63179250717889,5.415852491483833
4427,8,Dgv,380,xgboost_naive_transfer_with_dummy,0.1,4,6.815277370408929,4.627881355185828,7.4012567751046,4.966364120326812
4428,8,Dgv,380,xgboost,0.15,1,6.790042754278475,4.635344788912772,7.51628163476993,4.990138606900102
4429,8,Dgv,380,xgboost_naive_transfer,0.15,1,7.20220124745788,5.264052370394906,7.643391461260064,5.456107138580329
4430,8,Dgv,380,xgboost_naive_transfer_with_dummy,0.15,1,6.96607015065042,4.820632256337614,7.416648692151468,5.0715672588112115
4431,8,Dgv,380,xgboost,0.15,2,6.877228657790423,4.6787709275668306,7.56559942081171,5.064054341738398
4432,8,Dgv,380,xgboost_naive_transfer,0.15,2,7.131617001960307,5.175686724862352,7.574829468383645,5.408658139352794
4433,8,Dgv,380,xgboost_naive_transfer_with_dummy,0.15,2,6.82366109081189,4.678174614565695,7.377692866443198,4.913327772464237
4434,8,Dgv,380,xgboost,0.15,3,6.937076415901476,4.788680105078152,7.548150253344865,5.077757161079374
4435,8,Dgv,380,xgboost_naive_transfer,0.15,3,7.111236878307743,5.128045911022498,7.558634954327609,5.3812908008428195
4436,8,Dgv,380,xgboost_naive_transfer_with_dummy,0.15,3,6.7165322649148065,4.568668867614203,7.31697357508758,4.971824126551529
4437,8,Dgv,380,xgboost,0.15,4,7.088280625465766,4.9062848162290855,7.6302313017400785,5.132854078533338
4438,8,Dgv,380,xgboost_naive_transfer,0.15,4,7.100395720721994,5.125974624450207,7.539257430814825,5.375000583365153
4439,8,Dgv,380,xgboost_naive_transfer_with_dummy,0.15,4,6.8354032465597445,4.630220830129875,7.516313715802234,5.0421594661463525
4440,8,Dgv,475,xgboost,0.01,1,6.9121621850863555,4.690474090310867,7.47384767852492,4.974580889700711
4441,8,Dgv,475,xgboost_naive_transfer,0.01,1,7.194802618758827,5.208218608815122,7.667762950055725,5.50988026195134
4442,8,Dgv,475,xgboost_naive_transfer_with_dummy,0.01,1,7.037509271267226,4.8791432647296515,7.506025516667716,5.212606172270004
4443,8,Dgv,475,xgboost,0.01,2,6.840108331211289,4.620072888638248,7.399106981516493,4.9361785397779725
4444,8,Dgv,475,xgboost_naive_transfer,0.01,2,7.105643773173245,5.132607534962835,7.586101231620001,5.429570647071557
4445,8,Dgv,475,xgboost_naive_transfer_with_dummy,0.01,2,6.808890199151582,4.626718822023866,7.30161935523124,4.930991860997586
4446,8,Dgv,475,xgboost,0.01,3,6.851332259067449,4.629457619944088,7.382963480201605,4.900323822818411
4447,8,Dgv,475,xgboost_naive_transfer,0.01,3,7.045157168914386,5.05345102383485,7.5515178192420835,5.397098771272861
4448,8,Dgv,475,xgboost_naive_transfer_with_dummy,0.01,3,6.754298248430542,4.56875348724551,7.285160831002027,4.93469311727358
4449,8,Dgv,475,xgboost,0.01,4,6.941009786674226,4.717426362313895,7.425399994793525,4.9437916563608395
4450,8,Dgv,475,xgboost_naive_transfer,0.01,4,7.076317367103268,5.081194917200406,7.530702117585678,5.372428188205798
4451,8,Dgv,475,xgboost_naive_transfer_with_dummy,0.01,4,6.853503119618704,4.649434359387865,7.325404021521466,4.954777231808133
4452,8,Dgv,475,xgboost,0.02,1,6.862200726392165,4.658767627907628,7.426902835999643,4.8843877337283095
4453,8,Dgv,475,xgboost_naive_transfer,0.02,1,7.137791907814519,5.158330131220086,7.639602190400114,5.464590552818634
4454,8,Dgv,475,xgboost_naive_transfer_with_dummy,0.02,1,6.9035791915291815,4.715775598211769,7.402001591238941,5.026777040733475
4455,8,Dgv,475,xgboost,0.02,2,6.842693569725739,4.622327240627082,7.393918546117191,4.934083241431342
4456,8,Dgv,475,xgboost_naive_transfer,0.02,2,7.102027432152893,5.128544602797789,7.580577658943867,5.424070054992446
4457,8,Dgv,475,xgboost_naive_transfer_with_dummy,0.02,2,6.819766783955669,4.636673261099985,7.31116034379435,4.938165342389758
4458,8,Dgv,475,xgboost,0.02,3,6.824304404724644,4.587946982347403,7.39155398235116,4.8980826480266515
4459,8,Dgv,475,xgboost_naive_transfer,0.02,3,7.042053941316898,5.048384156207254,7.542041196123723,5.392441050004359
4460,8,Dgv,475,xgboost_naive_transfer_with_dummy,0.02,3,6.750446403475014,4.564282411564393,7.294903744605433,4.933597001249126
4461,8,Dgv,475,xgboost,0.02,4,7.006141100331315,4.756428197558774,7.41884368786849,4.942348098779667
4462,8,Dgv,475,xgboost_naive_transfer,0.02,4,7.077690831970756,5.076126785503076,7.530157102878095,5.374251827854994
4463,8,Dgv,475,xgboost_naive_transfer_with_dummy,0.02,4,6.846733036171539,4.644650097310601,7.321296104229628,4.954504213137655
4464,8,Dgv,475,xgboost,0.05,1,6.843150566381114,4.656170506468202,7.415225802298251,4.863235210376808
4465,8,Dgv,475,xgboost_naive_transfer,0.05,1,7.132939768763715,5.156328584957809,7.6264691587153175,5.447515161876937
4466,8,Dgv,475,xgboost_naive_transfer_with_dummy,0.05,1,6.902105129631043,4.715670275665444,7.397237372819111,5.020317924048712
4467,8,Dgv,475,xgboost,0.05,2,6.829294578619895,4.619789218842048,7.414925316503028,4.937321217980652
4468,8,Dgv,475,xgboost_naive_transfer,0.05,2,7.102447050686592,5.128502951282492,7.583839550893359,5.425660728437043
4469,8,Dgv,475,xgboost_naive_transfer_with_dummy,0.05,2,6.764552629492125,4.582466428977027,7.26098785122225,4.884007432326189
4470,8,Dgv,475,xgboost,0.05,3,6.832402936828125,4.5833379493143624,7.3996118758454905,4.893464619033907
4471,8,Dgv,475,xgboost_naive_transfer,0.05,3,7.068525311090503,5.063680062016032,7.565266797282961,5.408288530175963
4472,8,Dgv,475,xgboost_naive_transfer_with_dummy,0.05,3,6.753382121182896,4.55746108741871,7.280882074204063,4.902170764111452
4473,8,Dgv,475,xgboost,0.05,4,7.001869318306087,4.744023873811047,7.421804275712509,4.923733329017805
4474,8,Dgv,475,xgboost_naive_transfer,0.05,4,7.077510575023135,5.077347486248538,7.541375288519002,5.373829305460714
4475,8,Dgv,475,xgboost_naive_transfer_with_dummy,0.05,4,6.830014710804731,4.604358447969736,7.296957238343699,4.9151252593783115
4476,8,Dgv,475,xgboost,0.1,1,6.840780188084936,4.654110681723329,7.411727066264704,4.858465451154462
4477,8,Dgv,475,xgboost_naive_transfer,0.1,1,7.137150960216458,5.15436414481337,7.627038104249981,5.454008197304452
4478,8,Dgv,475,xgboost_naive_transfer_with_dummy,0.1,1,6.898024102706981,4.715990481970128,7.3793474650988236,5.0057238121001655
4479,8,Dgv,475,xgboost,0.1,2,6.858481505075763,4.62756428097814,7.449252251540502,4.968599216602165
4480,8,Dgv,475,xgboost_naive_transfer,0.1,2,7.0546743267932275,5.080806094120784,7.571152593044298,5.415930449953177
4481,8,Dgv,475,xgboost_naive_transfer_with_dummy,0.1,2,6.774413394639782,4.584251734434101,7.269330641807479,4.863185275334578
4482,8,Dgv,475,xgboost,0.1,3,6.846526015385629,4.609194266477471,7.386159662654175,4.898335169855235
4483,8,Dgv,475,xgboost_naive_transfer,0.1,3,7.078398784630931,5.069719104010056,7.5742115373884635,5.414589345385119
4484,8,Dgv,475,xgboost_naive_transfer_with_dummy,0.1,3,6.752483379726939,4.561002952240267,7.2728531335235855,4.903557450313475
4485,8,Dgv,475,xgboost,0.1,4,7.048821405692591,4.78995986052475,7.46620931243501,4.935105343912336
4486,8,Dgv,475,xgboost_naive_transfer,0.1,4,7.052922743966321,5.056970043213168,7.536760251735452,5.347448054866978
4487,8,Dgv,475,xgboost_naive_transfer_with_dummy,0.1,4,6.87264916951694,4.631820302116541,7.350482557283648,4.91264116930725
4488,8,Dgv,475,xgboost,0.15,1,6.851468070622684,4.662530954052956,7.426987883246271,4.884405505667161
4489,8,Dgv,475,xgboost_naive_transfer,0.15,1,7.130378457157815,5.148230089299724,7.603894000804876,5.429969100403246
4490,8,Dgv,475,xgboost_naive_transfer_with_dummy,0.15,1,6.892639461385489,4.724839334081802,7.376906117894581,5.010638321244601
4491,8,Dgv,475,xgboost,0.15,2,6.83976306693577,4.618742064606414,7.452126204555001,4.971370875894453
4492,8,Dgv,475,xgboost_naive_transfer,0.15,2,7.067444618059968,5.083566756159637,7.540432389895849,5.386019858614757
4493,8,Dgv,475,xgboost_naive_transfer_with_dummy,0.15,2,6.851414851942266,4.658272509991089,7.292843251532051,4.931273062442607
4494,8,Dgv,475,xgboost,0.15,3,6.873141803194554,4.581174818580539,7.421205352087042,4.9265510159208405
4495,8,Dgv,475,xgboost_naive_transfer,0.15,3,7.042528918474533,5.050822165048812,7.628528062138805,5.457831743908431
4496,8,Dgv,475,xgboost_naive_transfer_with_dummy,0.15,3,6.733474441372949,4.528130222110206,7.348524137317153,4.9543697277386824
4497,8,Dgv,475,xgboost,0.15,4,6.970096536873378,4.660623940439886,7.476882374302409,4.931518773718896
4498,8,Dgv,475,xgboost_naive_transfer,0.15,4,7.025650754461232,5.041387313090815,7.601584516233734,5.377934002978182
4499,8,Dgv,475,xgboost_naive_transfer_with_dummy,0.15,4,6.834834046722045,4.607914097993162,7.327027943328238,4.8918943915836985
4500,8,Dgv,570,xgboost,0.01,1,6.916578737361434,4.7073017411935485,7.4832118943642945,4.964264908905138
4501,8,Dgv,570,xgboost_naive_transfer,0.01,1,7.180314587503481,5.1753106563408515,7.598958673355164,5.460994831840569
4502,8,Dgv,570,xgboost_naive_transfer_with_dummy,0.01,1,7.029362527076476,4.838201105978142,7.436262059157869,5.159427449910247
4503,8,Dgv,570,xgboost,0.01,2,6.888048088623552,4.68441601211395,7.378774558498164,4.895989271429711
4504,8,Dgv,570,xgboost_naive_transfer,0.01,2,7.087853483681314,5.097588515554942,7.500639865209435,5.364274766615949
4505,8,Dgv,570,xgboost_naive_transfer_with_dummy,0.01,2,6.874441957931297,4.6677553018036075,7.260021970147062,4.932566020769652
4506,8,Dgv,570,xgboost,0.01,3,6.902954192343765,4.723710634441869,7.403048307203157,4.913492944348788
4507,8,Dgv,570,xgboost_naive_transfer,0.01,3,7.096043821741829,5.0778470872340495,7.505119932665364,5.366156789406425
4508,8,Dgv,570,xgboost_naive_transfer_with_dummy,0.01,3,6.766536979211353,4.559363077224353,7.213062617750224,4.850504942772594
4509,8,Dgv,570,xgboost,0.01,4,6.992477140290714,4.823763515036202,7.413026203490495,4.955615844480929
4510,8,Dgv,570,xgboost_naive_transfer,0.01,4,7.06636980654487,5.053367268531323,7.477950501979097,5.328504871824029
4511,8,Dgv,570,xgboost_naive_transfer_with_dummy,0.01,4,6.8460294272028825,4.628321987616856,7.249382677175808,4.909624631617069
4512,8,Dgv,570,xgboost,0.02,1,6.828997954441964,4.648965510297446,7.421059491781507,4.878599092989626
4513,8,Dgv,570,xgboost_naive_transfer,0.02,1,7.13352069469397,5.133461389155598,7.562196680305987,5.410272049798122
4514,8,Dgv,570,xgboost_naive_transfer_with_dummy,0.02,1,6.908405700023626,4.691956370735381,7.325035270439974,4.987106951433732
4515,8,Dgv,570,xgboost,0.02,2,6.879881009453381,4.677635843170484,7.381278831650271,4.90166739029371
4516,8,Dgv,570,xgboost_naive_transfer,0.02,2,7.085842592348751,5.098344890417188,7.499693771871632,5.36390987428339
4517,8,Dgv,570,xgboost_naive_transfer_with_dummy,0.02,2,6.856912035424303,4.642260537574556,7.248045440892529,4.910379892840045
4518,8,Dgv,570,xgboost,0.02,3,6.898673914787409,4.721479278739638,7.394534151499096,4.909688355062706
4519,8,Dgv,570,xgboost_naive_transfer,0.02,3,7.0814299479469875,5.066286827403386,7.500873895716033,5.3571059618781245
4520,8,Dgv,570,xgboost_naive_transfer_with_dummy,0.02,3,6.770699350831186,4.5646411132821765,7.212774653263304,4.846554341265803
4521,8,Dgv,570,xgboost,0.02,4,6.9949889531824665,4.823775566522591,7.425802505286872,4.958596805991924
4522,8,Dgv,570,xgboost_naive_transfer,0.02,4,7.048853315325517,5.045944301207318,7.495262628080589,5.312966913563562
4523,8,Dgv,570,xgboost_naive_transfer_with_dummy,0.02,4,6.8331701300861685,4.617181890998152,7.20964722271023,4.868126201089259
4524,8,Dgv,570,xgboost,0.05,1,6.817048683009796,4.643478037192778,7.408590960355082,4.867837628482549
4525,8,Dgv,570,xgboost_naive_transfer,0.05,1,7.124511321074184,5.122930542478291,7.556691195571831,5.4028441963598555
4526,8,Dgv,570,xgboost_naive_transfer_with_dummy,0.05,1,6.886688283135448,4.692306687810903,7.305149793781611,4.964324232629124
4527,8,Dgv,570,xgboost,0.05,2,6.8856096071639925,4.678564453266301,7.4061972529458435,4.914051304247071
4528,8,Dgv,570,xgboost_naive_transfer,0.05,2,7.086679406586491,5.0934861932382605,7.508369900182738,5.360579874201806
4529,8,Dgv,570,xgboost_naive_transfer_with_dummy,0.05,2,6.84581148316236,4.632007596267749,7.2584164153808235,4.91467539476158
4530,8,Dgv,570,xgboost,0.05,3,6.85615466529494,4.692261627966342,7.436017356677878,4.915622616548283
4531,8,Dgv,570,xgboost_naive_transfer,0.05,3,7.078581257736039,5.065635045275083,7.508809492607434,5.361483431119966
4532,8,Dgv,570,xgboost_naive_transfer_with_dummy,0.05,3,6.780730909193002,4.575329497290272,7.209132123888357,4.844521528522919
4533,8,Dgv,570,xgboost,0.05,4,7.020130792851105,4.823370438088348,7.468992974644212,4.981423356174358
4534,8,Dgv,570,xgboost_naive_transfer,0.05,4,7.089749635085311,5.07317460854834,7.50789849570251,5.324849693718017
4535,8,Dgv,570,xgboost_naive_transfer_with_dummy,0.05,4,6.819268270954573,4.602069613754122,7.217384427271044,4.846818185595874
4536,8,Dgv,570,xgboost,0.1,1,6.813596425216385,4.630635791616108,7.44367575794384,4.887340330549954
4537,8,Dgv,570,xgboost_naive_transfer,0.1,1,7.110409530704321,5.110125417407019,7.526222025285555,5.375109804635735
4538,8,Dgv,570,xgboost_naive_transfer_with_dummy,0.1,1,6.886632823106668,4.689211218726096,7.298386698923355,4.95797918327228
4539,8,Dgv,570,xgboost,0.1,2,6.876134208355373,4.681221729591271,7.412719723700916,4.917966897178368
4540,8,Dgv,570,xgboost_naive_transfer,0.1,2,7.07087534668588,5.077318423748739,7.501098724695382,5.3554892135625005
4541,8,Dgv,570,xgboost_naive_transfer_with_dummy,0.1,2,6.821771014146511,4.6141173705857135,7.231857649858695,4.878912587782774
4542,8,Dgv,570,xgboost,0.1,3,6.953767325073073,4.771322496951706,7.424121176730891,4.927044197890806
4543,8,Dgv,570,xgboost_naive_transfer,0.1,3,7.0995456776528245,5.080699428858694,7.480949688996593,5.332899703986995
4544,8,Dgv,570,xgboost_naive_transfer_with_dummy,0.1,3,6.78442454558851,4.584023516286304,7.2077738798344155,4.841163143770883
4545,8,Dgv,570,xgboost,0.1,4,7.0180832150685974,4.839205222857713,7.484460682942766,5.000323669202017
4546,8,Dgv,570,xgboost_naive_transfer,0.1,4,7.085792112104666,5.089874562327159,7.48128262138395,5.314004382497454
4547,8,Dgv,570,xgboost_naive_transfer_with_dummy,0.1,4,6.791292447285943,4.581484229303613,7.283448836664495,4.875061648418166
4548,8,Dgv,570,xgboost,0.15,1,6.83456050970427,4.662731271619007,7.41607625540224,4.8682921994237445
4549,8,Dgv,570,xgboost_naive_transfer,0.15,1,7.108728617752779,5.1086131859098,7.524083068304519,5.374821100856434
4550,8,Dgv,570,xgboost_naive_transfer_with_dummy,0.15,1,6.874102377434605,4.679127122372327,7.282193489992462,4.9514849954378395
4551,8,Dgv,570,xgboost,0.15,2,6.868176823881326,4.665132536988642,7.40382624867902,4.907722969102002
4552,8,Dgv,570,xgboost_naive_transfer,0.15,2,7.059982001436509,5.0812431422570254,7.4687118704276445,5.319060787224096
4553,8,Dgv,570,xgboost_naive_transfer_with_dummy,0.15,2,6.803957866693799,4.608343119194048,7.224458915683621,4.8635250169023205
4554,8,Dgv,570,xgboost,0.15,3,6.96211682449328,4.759800983404859,7.434368867009163,4.953954867819148
4555,8,Dgv,570,xgboost_naive_transfer,0.15,3,7.090152675519978,5.074311841305688,7.491821530188256,5.3674820336600275
4556,8,Dgv,570,xgboost_naive_transfer_with_dummy,0.15,3,6.8288293504098885,4.585148982048871,7.219672675503672,4.844143869886436
4557,8,Dgv,570,xgboost,0.15,4,7.1240885215396075,4.8861215486573695,7.436409578022952,4.9754577096948465
4558,8,Dgv,570,xgboost_naive_transfer,0.15,4,7.096059090861188,5.0867174323080935,7.4557855896718035,5.2497334658299515
4559,8,Dgv,570,xgboost_naive_transfer_with_dummy,0.15,4,6.79245289185091,4.562497496756949,7.301727304536741,4.8397159459306565
4560,8,Dgv,665,xgboost,0.01,1,6.936269834097951,4.680491860479242,7.460772759352532,4.975822195693776
4561,8,Dgv,665,xgboost_naive_transfer,0.01,1,7.167582548837946,5.158687098382537,7.621958817955775,5.460403441894619
4562,8,Dgv,665,xgboost_naive_transfer_with_dummy,0.01,1,7.018517634396878,4.829333717827627,7.470288118750244,5.177118653482849
4563,8,Dgv,665,xgboost,0.01,2,6.908069920986099,4.689145200373283,7.427927814148926,4.983592903478225
4564,8,Dgv,665,xgboost_naive_transfer,0.01,2,7.046107584589738,5.058200107593102,7.49978477046124,5.3159760475475295
4565,8,Dgv,665,xgboost_naive_transfer_with_dummy,0.01,2,6.816474833240391,4.62433315891195,7.259605775979347,4.885854936724253
4566,8,Dgv,665,xgboost,0.01,3,6.884020956717746,4.681245343835609,7.350949471186353,4.907589555989212
4567,8,Dgv,665,xgboost_naive_transfer,0.01,3,7.050120340627061,5.040923449487405,7.5420518757506985,5.366614252773304
4568,8,Dgv,665,xgboost_naive_transfer_with_dummy,0.01,3,6.805024712939823,4.610724294363214,7.26173582525201,4.910695536322901
4569,8,Dgv,665,xgboost,0.01,4,6.962897560801204,4.75888271231586,7.426123785006641,4.986912751405513
4570,8,Dgv,665,xgboost_naive_transfer,0.01,4,7.0281166353727516,5.031393464017971,7.495855739414309,5.316349249843913
4571,8,Dgv,665,xgboost_naive_transfer_with_dummy,0.01,4,6.861027760007012,4.679471316153484,7.276623602672112,4.922220572864958
4572,8,Dgv,665,xgboost,0.02,1,6.895408488345209,4.667562311325827,7.4212048600395075,4.91176138921956
4573,8,Dgv,665,xgboost_naive_transfer,0.02,1,7.122488004843819,5.114740663060531,7.585585498384979,5.4106830159841355
4574,8,Dgv,665,xgboost_naive_transfer_with_dummy,0.02,1,6.9125218288682575,4.701955480095048,7.38492494690278,5.0390675227339745
4575,8,Dgv,665,xgboost,0.02,2,6.907056688057382,4.686446099950261,7.431629320238609,4.986767389939693
4576,8,Dgv,665,xgboost_naive_transfer,0.02,2,7.039458781574959,5.055435116635942,7.499514534693392,5.311343228723163
4577,8,Dgv,665,xgboost_naive_transfer_with_dummy,0.02,2,6.801670243656529,4.610807064102312,7.248865731908362,4.870598528354192
4578,8,Dgv,665,xgboost,0.02,3,6.856746340623857,4.685192989279703,7.389101487088738,4.92055497467113
4579,8,Dgv,665,xgboost_naive_transfer,0.02,3,7.024787263204472,5.0263916056741,7.5392173098868165,5.3460523202750325
4580,8,Dgv,665,xgboost_naive_transfer_with_dummy,0.02,3,6.784097495530959,4.597926085019828,7.2463195113086885,4.864794602853731
4581,8,Dgv,665,xgboost,0.02,4,6.9600552488838225,4.749329774786815,7.415841972126177,4.975676920104457
4582,8,Dgv,665,xgboost_naive_transfer,0.02,4,7.02861263256261,5.035219809806541,7.503272702531178,5.325108764259575
4583,8,Dgv,665,xgboost_naive_transfer_with_dummy,0.02,4,6.790849191354382,4.596317090794826,7.272635974692285,4.868049215291524
4584,8,Dgv,665,xgboost,0.05,1,6.8884732479284745,4.6647237889818145,7.418740966828171,4.904574413144972
4585,8,Dgv,665,xgboost_naive_transfer,0.05,1,7.120561105630973,5.110741007608081,7.582334755774122,5.406515032706785
4586,8,Dgv,665,xgboost_naive_transfer_with_dummy,0.05,1,6.884149180358323,4.687520926710926,7.349476953111398,4.992632647623624
4587,8,Dgv,665,xgboost,0.05,2,6.880358637671372,4.6854231450664265,7.432973808291787,4.9647960893118075
4588,8,Dgv,665,xgboost_naive_transfer,0.05,2,7.047331445345349,5.060648117667895,7.509937371791701,5.323651814743381
4589,8,Dgv,665,xgboost_naive_transfer_with_dummy,0.05,2,6.785304775361893,4.595347120357399,7.237172489997322,4.8366630895906315
4590,8,Dgv,665,xgboost,0.05,3,6.883885002574835,4.692429447341116,7.3859521324778905,4.914114252145509
4591,8,Dgv,665,xgboost_naive_transfer,0.05,3,7.033120128388846,5.028455917714678,7.529338309830511,5.353496697920062
4592,8,Dgv,665,xgboost_naive_transfer_with_dummy,0.05,3,6.781061756122175,4.593629226751893,7.237377477529515,4.879804037846165
4593,8,Dgv,665,xgboost,0.05,4,6.934435686160167,4.743083539713642,7.420306313440045,4.952525760327841
4594,8,Dgv,665,xgboost_naive_transfer,0.05,4,6.99162643766668,4.9900218003451435,7.505966786600013,5.316832564581962
4595,8,Dgv,665,xgboost_naive_transfer_with_dummy,0.05,4,6.780517635446234,4.592889956231397,7.295845667660443,4.8723444322258365
4596,8,Dgv,665,xgboost,0.1,1,6.893681615089365,4.673348382846997,7.4149532903724795,4.903443344654125
4597,8,Dgv,665,xgboost_naive_transfer,0.1,1,7.1169902677574015,5.103692204186828,7.576261999413824,5.397142974162627
4598,8,Dgv,665,xgboost_naive_transfer_with_dummy,0.1,1,6.887941154827991,4.685126461163711,7.340707201361102,4.987438102299502
4599,8,Dgv,665,xgboost,0.1,2,6.8455025805382155,4.679080475927448,7.437248002929421,4.9797965131876
4600,8,Dgv,665,xgboost_naive_transfer,0.1,2,7.013389923379999,5.043074715470234,7.489616540950284,5.304978379695647
4601,8,Dgv,665,xgboost_naive_transfer_with_dummy,0.1,2,6.791917609751215,4.604578150683601,7.2510759514353476,4.852792757430325
4602,8,Dgv,665,xgboost,0.1,3,6.864990202918945,4.732492276566474,7.469402245205797,4.980048107986949
4603,8,Dgv,665,xgboost_naive_transfer,0.1,3,7.020472651969956,5.024998736556071,7.535240663000467,5.34370489663225
4604,8,Dgv,665,xgboost_naive_transfer_with_dummy,0.1,3,6.736668019379884,4.57451741297091,7.252256377431254,4.856940895652257
4605,8,Dgv,665,xgboost,0.1,4,6.939411017038435,4.761517318604414,7.500444163942594,5.0247418458425255
4606,8,Dgv,665,xgboost_naive_transfer,0.1,4,6.976448738628644,4.971451206593535,7.493316654905791,5.288107511886927
4607,8,Dgv,665,xgboost_naive_transfer_with_dummy,0.1,4,6.804953739855326,4.607008880453292,7.254370161534125,4.878010203861568
4608,8,Dgv,665,xgboost,0.15,1,6.879730409927078,4.653506292555456,7.425051917677242,4.904666242085854
4609,8,Dgv,665,xgboost_naive_transfer,0.15,1,7.114676958289212,5.101683091758276,7.566507864847522,5.392524686019372
4610,8,Dgv,665,xgboost_naive_transfer_with_dummy,0.15,1,6.904845556339058,4.687580389321924,7.357665739273208,5.008267070767257
4611,8,Dgv,665,xgboost,0.15,2,6.847661769455542,4.671551372606938,7.4136790537100365,4.943536780384788
4612,8,Dgv,665,xgboost_naive_transfer,0.15,2,7.00306898709719,5.0196330476194575,7.465654202946913,5.272725851142181
4613,8,Dgv,665,xgboost_naive_transfer_with_dummy,0.15,2,6.835351201920477,4.638294524402546,7.277816961587193,4.9100439352050955
4614,8,Dgv,665,xgboost,0.15,3,6.892014536499617,4.689225035112125,7.361961569264946,4.901409459089168
4615,8,Dgv,665,xgboost_naive_transfer,0.15,3,7.042719312120448,5.028470498722098,7.514880355143661,5.326849305050739
4616,8,Dgv,665,xgboost_naive_transfer_with_dummy,0.15,3,6.794489983464746,4.606612129282673,7.3131480279951795,4.914561217503931
4617,8,Dgv,665,xgboost,0.15,4,6.994924028664102,4.773820768870813,7.483108087872035,4.961041116606723
4618,8,Dgv,665,xgboost_naive_transfer,0.15,4,7.002176213398048,5.002627008142332,7.458508778228256,5.291708590519377
4619,8,Dgv,665,xgboost_naive_transfer_with_dummy,0.15,4,6.819650826106009,4.608535661129493,7.3068742504555,4.881546739701166
4620,8,Dgv,760,xgboost,0.01,1,6.918092958557759,4.645467158617569,7.340502910686296,4.85182146237939
4621,8,Dgv,760,xgboost_naive_transfer,0.01,1,7.155645642501345,5.112609827202072,7.5977606230315144,5.444842132264622
4622,8,Dgv,760,xgboost_naive_transfer_with_dummy,0.01,1,7.01889353239904,4.774712649245808,7.4492603705788145,5.1492372891839056
4623,8,Dgv,760,xgboost,0.01,2,6.841682992934436,4.61730272857916,7.281097739330288,4.819963209537626
4624,8,Dgv,760,xgboost_naive_transfer,0.01,2,7.025356205700697,5.016075377246504,7.420367606096815,5.268417548719217
4625,8,Dgv,760,xgboost_naive_transfer_with_dummy,0.01,2,6.799434866578726,4.574683661633282,7.183740433278489,4.818545683687376
4626,8,Dgv,760,xgboost,0.01,3,6.839268704609642,4.627648552766996,7.220742419445832,4.770315438159065
4627,8,Dgv,760,xgboost_naive_transfer,0.01,3,7.008217634582026,4.980044068093359,7.423625410779536,5.2747585412563645
4628,8,Dgv,760,xgboost_naive_transfer_with_dummy,0.01,3,6.781959937510037,4.556186030585584,7.170758655931543,4.841337080581003
4629,8,Dgv,760,xgboost,0.01,4,6.929022202079199,4.726414774431644,7.256927733956225,4.839641310226176
4630,8,Dgv,760,xgboost_naive_transfer,0.01,4,7.017962553925717,4.981641621731349,7.430402340169904,5.2862885019210095
4631,8,Dgv,760,xgboost_naive_transfer_with_dummy,0.01,4,6.8770701551122535,4.642193346036606,7.199849520727349,4.849176604252957
4632,8,Dgv,760,xgboost,0.02,1,6.86741311583787,4.620779254448981,7.281121122479623,4.784762037556178
4633,8,Dgv,760,xgboost_naive_transfer,0.02,1,7.107952949363587,5.0706656792817055,7.550014004283047,5.3841455854983
4634,8,Dgv,760,xgboost_naive_transfer_with_dummy,0.02,1,6.9000590928793475,4.648046673963493,7.336550854600817,4.970393483184674
4635,8,Dgv,760,xgboost,0.02,2,6.838838168007217,4.619469057226603,7.280238675177711,4.818916422406665
4636,8,Dgv,760,xgboost_naive_transfer,0.02,2,7.021814882986101,5.012984278446927,7.4197572266777945,5.265024227690548
4637,8,Dgv,760,xgboost_naive_transfer_with_dummy,0.02,2,6.802549258020023,4.576847678200346,7.185518002620448,4.822431553918202
4638,8,Dgv,760,xgboost,0.02,3,6.855557955072735,4.63280558596534,7.2195723741047,4.778545056724262
4639,8,Dgv,760,xgboost_naive_transfer,0.02,3,7.00464444241602,4.975900677217155,7.426596885584103,5.278332156430909
4640,8,Dgv,760,xgboost_naive_transfer_with_dummy,0.02,3,6.764068087607305,4.53828487517613,7.152804533428627,4.81858066679749
4641,8,Dgv,760,xgboost,0.02,4,6.909115451043508,4.720491177143503,7.2436424215281345,4.823208308390862
4642,8,Dgv,760,xgboost_naive_transfer,0.02,4,7.030092231618644,4.991548971412875,7.435486184037642,5.284220531219971
4643,8,Dgv,760,xgboost_naive_transfer_with_dummy,0.02,4,6.8672681164336575,4.633795959834914,7.185577411166858,4.832492148643042
4644,8,Dgv,760,xgboost,0.05,1,6.87213231702599,4.6232223416728875,7.280189388577137,4.786997522968726
4645,8,Dgv,760,xgboost_naive_transfer,0.05,1,7.099146132691974,5.064635495795441,7.531898914674441,5.363932325610258
4646,8,Dgv,760,xgboost_naive_transfer_with_dummy,0.05,1,6.901143256300865,4.650266041859532,7.332710849999692,4.969176407873249
4647,8,Dgv,760,xgboost,0.05,2,6.832862558063454,4.613621112459085,7.295110617814404,4.827243494169267
4648,8,Dgv,760,xgboost_naive_transfer,0.05,2,7.030731078146705,5.023600670984378,7.436956159470626,5.2763026345596495
4649,8,Dgv,760,xgboost_naive_transfer_with_dummy,0.05,2,6.789732007808097,4.571149297163637,7.1729977611949645,4.808745780446499
4650,8,Dgv,760,xgboost,0.05,3,6.866224019206045,4.648386728481863,7.24530250862191,4.787472269095505
4651,8,Dgv,760,xgboost_naive_transfer,0.05,3,7.001628155556907,4.977335436467778,7.4304059318695685,5.276068239066558
4652,8,Dgv,760,xgboost_naive_transfer_with_dummy,0.05,3,6.781125934256334,4.55472672433256,7.169748836845226,4.824412902316812
4653,8,Dgv,760,xgboost,0.05,4,6.912976322942733,4.740734375910159,7.249440948010609,4.845272889536781
4654,8,Dgv,760,xgboost_naive_transfer,0.05,4,6.997680232046136,4.958205015281205,7.346203647412689,5.2235073970537655
4655,8,Dgv,760,xgboost_naive_transfer_with_dummy,0.05,4,6.824111904235899,4.599446676944199,7.202021431889146,4.8194956808486795
4656,8,Dgv,760,xgboost,0.1,1,6.870139226815683,4.625015022878098,7.27583413916192,4.793521271587216
4657,8,Dgv,760,xgboost_naive_transfer,0.1,1,7.085994279357368,5.049570621935908,7.50254769369972,5.337545549589182
4658,8,Dgv,760,xgboost_naive_transfer_with_dummy,0.1,1,6.899419988404902,4.6518334792863145,7.325638537757825,4.97084236680083
4659,8,Dgv,760,xgboost,0.1,2,6.844908919558329,4.617407960235923,7.260689640762116,4.821405386588893
4660,8,Dgv,760,xgboost_naive_transfer,0.1,2,7.02817273298141,5.019024055293078,7.403497109421243,5.253336822054241
4661,8,Dgv,760,xgboost_naive_transfer_with_dummy,0.1,2,6.806438117890603,4.578846390862829,7.1759859839465845,4.798729883960051
4662,8,Dgv,760,xgboost,0.1,3,6.882559545028954,4.6649777320444175,7.261010267347129,4.797372265601594
4663,8,Dgv,760,xgboost_naive_transfer,0.1,3,6.996520248474268,4.964606283982585,7.39864399720597,5.277421000462062
4664,8,Dgv,760,xgboost_naive_transfer_with_dummy,0.1,3,6.781336577988011,4.561871438128693,7.134965999694952,4.798921299778091
4665,8,Dgv,760,xgboost,0.1,4,6.946420184176199,4.755540892301657,7.301169970222278,4.877029725509358
4666,8,Dgv,760,xgboost_naive_transfer,0.1,4,7.036705839885485,5.001965112635879,7.377263338911729,5.2412672312500845
4667,8,Dgv,760,xgboost_naive_transfer_with_dummy,0.1,4,6.814150822959904,4.587109037439318,7.129143583411201,4.766133056106295
4668,8,Dgv,760,xgboost,0.15,1,6.88010455211367,4.63166037737479,7.284617346135938,4.795760438183431
4669,8,Dgv,760,xgboost_naive_transfer,0.15,1,7.0869997320400815,5.052549605600712,7.513866201210233,5.341490188655855
4670,8,Dgv,760,xgboost_naive_transfer_with_dummy,0.15,1,6.898688898253813,4.638896028938212,7.341336399113719,4.98467089465741
4671,8,Dgv,760,xgboost,0.15,2,6.853744278040263,4.625390211835587,7.298537998073601,4.849621389287874
4672,8,Dgv,760,xgboost_naive_transfer,0.15,2,7.049301825531431,5.0207314296257834,7.401763083978189,5.24732115016311
4673,8,Dgv,760,xgboost_naive_transfer_with_dummy,0.15,2,6.814328058892349,4.5835275902752795,7.173116778221022,4.816638009981687
4674,8,Dgv,760,xgboost,0.15,3,6.890424624968098,4.676896273173276,7.263857096971856,4.7867563923427054
4675,8,Dgv,760,xgboost_naive_transfer,0.15,3,7.002987519429973,4.981049331325441,7.411646858358725,5.266782670168931
4676,8,Dgv,760,xgboost_naive_transfer_with_dummy,0.15,3,6.766163867789238,4.552328892214977,7.1678233454074585,4.842069959667478
4677,8,Dgv,760,xgboost,0.15,4,6.883438572844459,4.679371396723677,7.239309807380889,4.809518837441451
4678,8,Dgv,760,xgboost_naive_transfer,0.15,4,7.044395025088627,4.9965179388118655,7.402523169731931,5.305107088144872
4679,8,Dgv,760,xgboost_naive_transfer_with_dummy,0.15,4,6.889145640928552,4.624389295966373,7.170182803398078,4.789400275354886
4680,8,Dgv,855,xgboost,0.01,1,6.887167626777775,4.623328358797807,7.382852784863743,4.923122581764705
4681,8,Dgv,855,xgboost_naive_transfer,0.01,1,7.123512089042688,5.078763630879966,7.5523019765270005,5.386662223059674
4682,8,Dgv,855,xgboost_naive_transfer_with_dummy,0.01,1,6.9879948851408225,4.762187395152751,7.422639575000038,5.113539770740538
4683,8,Dgv,855,xgboost,0.01,2,6.9983699470015095,4.739133523295685,7.412551881717162,4.970412552852261
4684,8,Dgv,855,xgboost_naive_transfer,0.01,2,7.001318992674393,4.984247420698689,7.397112619000569,5.2247165482966516
4685,8,Dgv,855,xgboost_naive_transfer_with_dummy,0.01,2,6.807935779912492,4.58247917454698,7.199157908190956,4.85098357486107
4686,8,Dgv,855,xgboost,0.01,3,6.918778802067659,4.688959098457785,7.291830711786404,4.892936465453437
4687,8,Dgv,855,xgboost_naive_transfer,0.01,3,7.03115082596563,4.987989016830092,7.412805567909109,5.2616907540111635
4688,8,Dgv,855,xgboost_naive_transfer_with_dummy,0.01,3,6.817525681834162,4.607032825036068,7.219605338252026,4.885555322219622
4689,8,Dgv,855,xgboost,0.01,4,7.049430907288144,4.74658221307075,7.37255589761805,4.946537979405883
4690,8,Dgv,855,xgboost_naive_transfer,0.01,4,6.990308719237558,4.956723629580553,7.3827754227293685,5.209162742455556
4691,8,Dgv,855,xgboost_naive_transfer_with_dummy,0.01,4,6.809926438003016,4.604819387330642,7.208859485962122,4.8440766670944795
4692,8,Dgv,855,xgboost,0.02,1,6.841760328181046,4.594752439392308,7.346143657564705,4.871599269241279
4693,8,Dgv,855,xgboost_naive_transfer,0.02,1,7.079679109134075,5.03910637788749,7.502683521487606,5.3250256845921315
4694,8,Dgv,855,xgboost_naive_transfer_with_dummy,0.02,1,6.883026966382927,4.642664313592588,7.329314389317394,4.967388114788109
4695,8,Dgv,855,xgboost,0.02,2,7.00401579708161,4.745224249651816,7.421714905198112,4.981221203129007
4696,8,Dgv,855,xgboost_naive_transfer,0.02,2,6.990669528713586,4.973972302207811,7.397311106634514,5.219970931885744
4697,8,Dgv,855,xgboost_naive_transfer_with_dummy,0.02,2,6.806208455000908,4.58075167754889,7.200813578052011,4.844779610472965
4698,8,Dgv,855,xgboost,0.02,3,6.928895961783186,4.694172507080429,7.292300263673349,4.88413145313237
4699,8,Dgv,855,xgboost_naive_transfer,0.02,3,7.037370971974856,4.990840715042543,7.414582109607459,5.264984169995696
4700,8,Dgv,855,xgboost_naive_transfer_with_dummy,0.02,3,6.8213434543886855,4.6085344443290905,7.231813873068771,4.885030929950426
4701,8,Dgv,855,xgboost,0.02,4,7.046134649971754,4.741154253721283,7.345758641019133,4.91985423189576
4702,8,Dgv,855,xgboost_naive_transfer,0.02,4,6.988578242214835,4.9550012841391675,7.3730815418679905,5.198857592964979
4703,8,Dgv,855,xgboost_naive_transfer_with_dummy,0.02,4,6.787506515346102,4.599439654634129,7.185162849745616,4.817469297956666
4704,8,Dgv,855,xgboost,0.05,1,6.825672760686145,4.587558582620737,7.328786110001614,4.851557573121795
4705,8,Dgv,855,xgboost_naive_transfer,0.05,1,7.073433975376411,5.031947866358724,7.494234133195239,5.311370469217717
4706,8,Dgv,855,xgboost_naive_transfer_with_dummy,0.05,1,6.877336542376976,4.638671401256845,7.328195927729887,4.963991560347571
4707,8,Dgv,855,xgboost,0.05,2,6.985328196886246,4.725739137668571,7.4024977805239836,4.9364558670829055
4708,8,Dgv,855,xgboost_naive_transfer,0.05,2,6.970127853376454,4.959810482919402,7.397418161468423,5.2107063474551
4709,8,Dgv,855,xgboost_naive_transfer_with_dummy,0.05,2,6.801943089571595,4.571828432374392,7.187793457712955,4.826443923626367
4710,8,Dgv,855,xgboost,0.05,3,6.915283487244476,4.693228351979018,7.312984604834776,4.865823742771453
4711,8,Dgv,855,xgboost_naive_transfer,0.05,3,6.971133039803057,4.947108816362907,7.362109622894746,5.204102042022287
4712,8,Dgv,855,xgboost_naive_transfer_with_dummy,0.05,3,6.810491627797136,4.6025856371378735,7.212211153036985,4.8766031018916
4713,8,Dgv,855,xgboost,0.05,4,7.042060428796784,4.743360364907972,7.359002801679523,4.928054658948724
4714,8,Dgv,855,xgboost_naive_transfer,0.05,4,6.962585437664813,4.938437290845738,7.418886106245454,5.2128974536285275
4715,8,Dgv,855,xgboost_naive_transfer_with_dummy,0.05,4,6.744771907275412,4.532986696820481,7.205152747442894,4.833411083866406
4716,8,Dgv,855,xgboost,0.1,1,6.8307414355983,4.589328593517262,7.326483843642056,4.858593602837082
4717,8,Dgv,855,xgboost_naive_transfer,0.1,1,7.07008413103833,5.034585997351599,7.508127465995178,5.323653730591066
4718,8,Dgv,855,xgboost_naive_transfer_with_dummy,0.1,1,6.87182813578626,4.633081944110424,7.328221455939173,4.95607872565189
4719,8,Dgv,855,xgboost,0.1,2,6.983404724695478,4.734473636997496,7.405279128512984,4.919249987345152
4720,8,Dgv,855,xgboost_naive_transfer,0.1,2,6.92519879380932,4.917925596375192,7.43125470650017,5.231803098166023
4721,8,Dgv,855,xgboost_naive_transfer_with_dummy,0.1,2,6.811532826618204,4.58196377033393,7.199769532143997,4.841468350727993
4722,8,Dgv,855,xgboost,0.1,3,6.920593592342348,4.691064984757722,7.368371797317696,4.898146634052198
4723,8,Dgv,855,xgboost_naive_transfer,0.1,3,6.96858841025907,4.954415683464077,7.354733689064339,5.21373714104159
4724,8,Dgv,855,xgboost_naive_transfer_with_dummy,0.1,3,6.807191408622464,4.587430404718944,7.219885359671967,4.860603798032699
4725,8,Dgv,855,xgboost,0.1,4,7.051861947170666,4.743168444702437,7.395474264330507,4.928570695789786
4726,8,Dgv,855,xgboost_naive_transfer,0.1,4,6.918553380124239,4.899688521620334,7.364051426560014,5.228735060570019
4727,8,Dgv,855,xgboost_naive_transfer_with_dummy,0.1,4,6.836667614779311,4.620504601669643,7.235576940526462,4.812941310769828
4728,8,Dgv,855,xgboost,0.15,1,6.824967720659433,4.585281240367472,7.319544314236389,4.848346642548481
4729,8,Dgv,855,xgboost_naive_transfer,0.15,1,7.0480822386582895,5.014763209756539,7.482390569753204,5.2761217977100365
4730,8,Dgv,855,xgboost_naive_transfer_with_dummy,0.15,1,6.849000114785269,4.596107304992359,7.28768324943941,4.885799890769179
4731,8,Dgv,855,xgboost,0.15,2,6.975086736261357,4.7071851432549945,7.380530802110275,4.919916499956886
4732,8,Dgv,855,xgboost_naive_transfer,0.15,2,6.969456918515764,4.95885881380068,7.419067271903199,5.23917813152119
4733,8,Dgv,855,xgboost_naive_transfer_with_dummy,0.15,2,6.804044701791704,4.589432908869616,7.225680941151063,4.8389476255344945
4734,8,Dgv,855,xgboost,0.15,3,6.916987790303492,4.694573228923956,7.341221960234704,4.879905114917393
4735,8,Dgv,855,xgboost_naive_transfer,0.15,3,6.981836262761061,4.9434981461233365,7.3728941178339,5.217593266342168
4736,8,Dgv,855,xgboost_naive_transfer_with_dummy,0.15,3,6.894410687649576,4.6576343217180805,7.262518800784271,4.910784178754049
4737,8,Dgv,855,xgboost,0.15,4,7.0203034910605115,4.684889009806095,7.523381854380236,5.014366462922443
4738,8,Dgv,855,xgboost_naive_transfer,0.15,4,6.963919537865031,4.917387430511276,7.442099886031962,5.248804178530552
4739,8,Dgv,855,xgboost_naive_transfer_with_dummy,0.15,4,6.8033503002664055,4.605836181483101,7.232117967010093,4.806923306629465
4740,8,Dgv,950,xgboost,0.01,1,6.956237317941258,4.668908924947498,7.420073906282573,4.9652878633427555
4741,8,Dgv,950,xgboost_naive_transfer,0.01,1,7.165138385977103,5.101921914843579,7.597144393180556,5.419123905141106
4742,8,Dgv,950,xgboost_naive_transfer_with_dummy,0.01,1,7.053903824163095,4.826824708486876,7.473913449103851,5.180908985845873
4743,8,Dgv,950,xgboost,0.01,2,6.880193177047476,4.617424655526309,7.331362426922092,4.900944862701631
4744,8,Dgv,950,xgboost_naive_transfer,0.01,2,7.012167503194642,4.978002807374117,7.42292202009113,5.249013853635499
4745,8,Dgv,950,xgboost_naive_transfer_with_dummy,0.01,2,6.850504374874562,4.60434758618322,7.240176034423212,4.920073159582893
4746,8,Dgv,950,xgboost,0.01,3,6.848990432931404,4.625343400744272,7.306012767269284,4.894444615254879
4747,8,Dgv,950,xgboost_naive_transfer,0.01,3,6.984351613843418,4.933484541822833,7.402767356770892,5.232359401273947
4748,8,Dgv,950,xgboost_naive_transfer_with_dummy,0.01,3,6.812577297244118,4.573865830926583,7.201549810107952,4.869584692031592
4749,8,Dgv,950,xgboost,0.01,4,6.944706530408235,4.681670320484164,7.280132909956168,4.84022622805903
4750,8,Dgv,950,xgboost_naive_transfer,0.01,4,6.989542678817134,4.925503822381775,7.39008155404805,5.195738564607857
4751,8,Dgv,950,xgboost_naive_transfer_with_dummy,0.01,4,6.811515750421432,4.567667007605113,7.194721971364823,4.803147499749564
4752,8,Dgv,950,xgboost,0.02,1,6.883030797245695,4.600227810690425,7.346099903350234,4.889440478172607
4753,8,Dgv,950,xgboost_naive_transfer,0.02,1,7.1056417767822335,5.047825227545092,7.553242257381202,5.366991229653107
4754,8,Dgv,950,xgboost_naive_transfer_with_dummy,0.02,1,6.899631484396183,4.642878384213774,7.348845907493871,4.978610544708628
4755,8,Dgv,950,xgboost,0.02,2,6.921733658896974,4.657466522424936,7.363455136194953,4.931297882259497
4756,8,Dgv,950,xgboost_naive_transfer,0.02,2,7.012370554619535,4.9767292586738865,7.416881848262676,5.240776553967337
4757,8,Dgv,950,xgboost_naive_transfer_with_dummy,0.02,2,6.850474380002966,4.6039935203443205,7.237845177266997,4.916299187135716
4758,8,Dgv,950,xgboost,0.02,3,6.843806590810844,4.61589348104396,7.291876039174467,4.877192649463347
4759,8,Dgv,950,xgboost_naive_transfer,0.02,3,6.990977962663727,4.940215320681979,7.4161279125993556,5.241432039155443
4760,8,Dgv,950,xgboost_naive_transfer_with_dummy,0.02,3,6.812718005006712,4.572163900646796,7.206892368740137,4.862777919373108
4761,8,Dgv,950,xgboost,0.02,4,6.946759095642098,4.678170476225789,7.269313140238333,4.830586435931486
4762,8,Dgv,950,xgboost_naive_transfer,0.02,4,6.978163565203991,4.918595125221639,7.375657406179094,5.1861279390238515
4763,8,Dgv,950,xgboost_naive_transfer_with_dummy,0.02,4,6.813217926274059,4.569804093254129,7.187777822440724,4.782923230771254
4764,8,Dgv,950,xgboost,0.05,1,6.861804137275977,4.591090095006343,7.32628296123697,4.858811923877097
4765,8,Dgv,950,xgboost_naive_transfer,0.05,1,7.08193101177212,5.027404000542877,7.522638177626873,5.325628862232104
4766,8,Dgv,950,xgboost_naive_transfer_with_dummy,0.05,1,6.898600016085794,4.643465890758992,7.351517142638943,4.982777457598054
4767,8,Dgv,950,xgboost,0.05,2,6.884389330331905,4.6168285602149135,7.331268011322205,4.902033374020345
4768,8,Dgv,950,xgboost_naive_transfer,0.05,2,6.988893747145081,4.959649246440145,7.420430648555966,5.230198064360413
4769,8,Dgv,950,xgboost_naive_transfer_with_dummy,0.05,2,6.795862276935524,4.554314069830425,7.162020553398163,4.800668957873042
4770,8,Dgv,950,xgboost,0.05,3,6.86163907692174,4.62387815207427,7.342019450738619,4.898221897674571
4771,8,Dgv,950,xgboost_naive_transfer,0.05,3,6.934600582034235,4.90454215007377,7.376541400449545,5.192817951376833
4772,8,Dgv,950,xgboost_naive_transfer_with_dummy,0.05,3,6.8356017381372185,4.5839632936081465,7.219630316863558,4.874554838864233
4773,8,Dgv,950,xgboost,0.05,4,6.961476778499939,4.6671959769267035,7.354684700621233,4.87210021071072
4774,8,Dgv,950,xgboost_naive_transfer,0.05,4,6.936020626048453,4.881043671312051,7.3613995921379605,5.159880121699161
4775,8,Dgv,950,xgboost_naive_transfer_with_dummy,0.05,4,6.811752258787063,4.57768217915472,7.18172236724456,4.78192471249847
4776,8,Dgv,950,xgboost,0.1,1,6.853505473080699,4.584067116123302,7.3167239004794205,4.851259222678682
4777,8,Dgv,950,xgboost_naive_transfer,0.1,1,7.0844333184024295,5.030757452948324,7.529758663406649,5.328556981947484
4778,8,Dgv,950,xgboost_naive_transfer_with_dummy,0.1,1,6.891336129957692,4.627564210825628,7.338482165947978,4.958512649075034
4779,8,Dgv,950,xgboost,0.1,2,6.864843318474374,4.594217676130142,7.406046835723181,4.9196949858487065
4780,8,Dgv,950,xgboost_naive_transfer,0.1,2,7.005980601381533,4.9773544076315615,7.440841265448982,5.256984389033498
4781,8,Dgv,950,xgboost_naive_transfer_with_dummy,0.1,2,6.809457425517821,4.559347836997474,7.1886386589725895,4.829927522379256
4782,8,Dgv,950,xgboost,0.1,3,6.793919714925457,4.576485876543685,7.2876671924381515,4.881342123754084
4783,8,Dgv,950,xgboost_naive_transfer,0.1,3,6.951321817353381,4.935807546954964,7.37764120255132,5.210059381839555
4784,8,Dgv,950,xgboost_naive_transfer_with_dummy,0.1,3,6.848535926471846,4.600432373780166,7.213914587731216,4.845543435723423
4785,8,Dgv,950,xgboost,0.1,4,6.929196510640413,4.652543004517281,7.392371577436396,4.9398991448870255
4786,8,Dgv,950,xgboost_naive_transfer,0.1,4,6.902195208670211,4.870998454944112,7.352955474346611,5.153364089603208
4787,8,Dgv,950,xgboost_naive_transfer_with_dummy,0.1,4,6.838519105531146,4.584568079296512,7.182234991018137,4.807243971542915
4788,8,Dgv,950,xgboost,0.15,1,6.860346680436933,4.589667562239179,7.31666105276343,4.8590135028694155
4789,8,Dgv,950,xgboost_naive_transfer,0.15,1,7.097472238244096,5.049821033040749,7.5376796803507915,5.345188517000693
4790,8,Dgv,950,xgboost_naive_transfer_with_dummy,0.15,1,6.891941915999995,4.641974093510436,7.328464607899472,4.935903469043538
4791,8,Dgv,950,xgboost,0.15,2,6.904247356289905,4.637082097330272,7.359550656066183,4.920434806432914
4792,8,Dgv,950,xgboost_naive_transfer,0.15,2,6.976537389973603,4.952198778578167,7.4302655593241544,5.244299913603771
4793,8,Dgv,950,xgboost_naive_transfer_with_dummy,0.15,2,6.7620384203184045,4.55688848638018,7.20767403095145,4.831937767522721
4794,8,Dgv,950,xgboost,0.15,3,6.853178023974473,4.632039467394284,7.364262235955111,4.867426876220226
4795,8,Dgv,950,xgboost_naive_transfer,0.15,3,6.944402943704257,4.9016098983921355,7.392865325288131,5.216156272856384
4796,8,Dgv,950,xgboost_naive_transfer_with_dummy,0.15,3,6.759505025119687,4.532006114599488,7.211622715635282,4.840185021732733
4797,8,Dgv,950,xgboost,0.15,4,7.020735845717858,4.708588399916273,7.46698874184465,4.977407422952081
4798,8,Dgv,950,xgboost_naive_transfer,0.15,4,6.919738633617319,4.875502444812187,7.383821442825285,5.2024344577936406
4799,8,Dgv,950,xgboost_naive_transfer_with_dummy,0.15,4,6.8299697382112035,4.563778523953917,7.25251297250782,4.86106231568309
4800,9,Dgv,95,xgboost,0.01,1,6.796885869057971,4.9995800497883645,6.4235196600963285,4.677971809897421
4801,9,Dgv,95,xgboost_naive_transfer,0.01,1,6.924727021831106,5.3453005188645655,6.530148539762782,4.898717860751683
4802,9,Dgv,95,xgboost_naive_transfer_with_dummy,0.01,1,6.895850043561479,5.3045007650865665,6.498269367412323,4.859688733522654
4803,9,Dgv,95,xgboost,0.01,2,6.860327801949573,5.065907101455934,6.371411850750311,4.658390846360662
4804,9,Dgv,95,xgboost_naive_transfer,0.01,2,6.886521515084398,5.2919876094718745,6.486636265171045,4.884864770736578
4805,9,Dgv,95,xgboost_naive_transfer_with_dummy,0.01,2,6.522210642998061,4.731128958542732,6.129822678782035,4.3820502738856835
4806,9,Dgv,95,xgboost,0.01,3,7.025972070694126,5.143712405656532,6.399791434134807,4.625890506979138
4807,9,Dgv,95,xgboost_naive_transfer,0.01,3,6.901696759153983,5.28748152562563,6.500593270993831,4.872802380942226
4808,9,Dgv,95,xgboost_naive_transfer_with_dummy,0.01,3,6.568430833649125,4.78754647028912,6.149461522990576,4.430169417617806
4809,9,Dgv,95,xgboost,0.01,4,7.2158376680191765,5.376219385117677,6.645163100706833,4.8432515568809835
4810,9,Dgv,95,xgboost_naive_transfer,0.01,4,6.897106335099254,5.2920455090054075,6.42533653401572,4.8094766402346645
4811,9,Dgv,95,xgboost_naive_transfer_with_dummy,0.01,4,6.671838708107682,4.950968588874848,6.211979937654466,4.492418180872039
4812,9,Dgv,95,xgboost,0.02,1,6.799223685783947,5.002825875298095,6.424177160959597,4.677727254981464
4813,9,Dgv,95,xgboost_naive_transfer,0.02,1,6.913190348273679,5.333455490721713,6.529759241032232,4.889441998641123
4814,9,Dgv,95,xgboost_naive_transfer_with_dummy,0.02,1,6.831521374943121,5.216588207522564,6.438130581057594,4.776898585072375
4815,9,Dgv,95,xgboost,0.02,2,6.838487607866614,5.009812654790634,6.378963086704914,4.6245205082534655
4816,9,Dgv,95,xgboost_naive_transfer,0.02,2,6.88415487887048,5.290557779092209,6.488990352173082,4.885127013056956
4817,9,Dgv,95,xgboost_naive_transfer_with_dummy,0.02,2,6.740676762552878,5.077390354922631,6.321866255040759,4.672796888961574
4818,9,Dgv,95,xgboost,0.02,3,7.037342311966426,5.144585155791754,6.409087132565212,4.636666895483114
4819,9,Dgv,95,xgboost_naive_transfer,0.02,3,6.896466938256537,5.2828887335295995,6.494662820812169,4.871458148756811
4820,9,Dgv,95,xgboost_naive_transfer_with_dummy,0.02,3,6.559115881429302,4.781975711338524,6.147363467289471,4.423361675951
4821,9,Dgv,95,xgboost,0.02,4,7.235217275432988,5.391816959497637,6.651895250252805,4.871873773895227
4822,9,Dgv,95,xgboost_naive_transfer,0.02,4,6.897936648348328,5.293760623316681,6.433186326589893,4.804354785802483
4823,9,Dgv,95,xgboost_naive_transfer_with_dummy,0.02,4,6.620189790026168,4.854892147382776,6.167410799137847,4.402156812204852
4824,9,Dgv,95,xgboost,0.05,1,6.782365092932943,4.977535983767077,6.406768364863592,4.652011379573186
4825,9,Dgv,95,xgboost_naive_transfer,0.05,1,6.916185169174401,5.337412096231421,6.532007068624886,4.8934012217358624
4826,9,Dgv,95,xgboost_naive_transfer_with_dummy,0.05,1,6.625206186598637,4.903476877569937,6.261960011781573,4.509050125624719
4827,9,Dgv,95,xgboost,0.05,2,6.8697298974889405,5.031036232160238,6.397465687073595,4.633463659664533
4828,9,Dgv,95,xgboost_naive_transfer,0.05,2,6.8827995005885,5.28365782106918,6.491452090404519,4.881318180778107
4829,9,Dgv,95,xgboost_naive_transfer_with_dummy,0.05,2,6.534118368290115,4.725637326757085,6.11881944703875,4.358325192407145
4830,9,Dgv,95,xgboost,0.05,3,7.066272153803705,5.143129423041391,6.413711640634731,4.63089291581444
4831,9,Dgv,95,xgboost_naive_transfer,0.05,3,6.8841572786539365,5.263654288054346,6.503082215846702,4.872639765523638
4832,9,Dgv,95,xgboost_naive_transfer_with_dummy,0.05,3,6.542485825285625,4.727349359270663,6.1107662288399345,4.368428824518377
4833,9,Dgv,95,xgboost,0.05,4,7.230706109622418,5.390782420272504,6.629603273556961,4.830955199368548
4834,9,Dgv,95,xgboost_naive_transfer,0.05,4,6.894308013904004,5.297055678790864,6.457636970904621,4.826013911776411
4835,9,Dgv,95,xgboost_naive_transfer_with_dummy,0.05,4,6.6452173207940595,4.876231531039242,6.190744141717688,4.447784771152962
4836,9,Dgv,95,xgboost,0.1,1,6.745785453905651,4.867018586301142,6.371197685511061,4.562983473022267
4837,9,Dgv,95,xgboost_naive_transfer,0.1,1,6.89651663463115,5.310015576769904,6.547634550238822,4.898227765968722
4838,9,Dgv,95,xgboost_naive_transfer_with_dummy,0.1,1,6.613318873727315,4.878750743438065,6.249811536232915,4.4952447312822645
4839,9,Dgv,95,xgboost,0.1,2,6.854213877298774,4.94705368620841,6.414997510588155,4.588466627819445
4840,9,Dgv,95,xgboost_naive_transfer,0.1,2,6.879165619980715,5.294136269080583,6.502190752043628,4.895792417580457
4841,9,Dgv,95,xgboost_naive_transfer_with_dummy,0.1,2,6.575212474010841,4.746934021628763,6.127804779121091,4.366501686479197
4842,9,Dgv,95,xgboost,0.1,3,7.110775946180318,5.141560967681364,6.422377514371731,4.618000601507238
4843,9,Dgv,95,xgboost_naive_transfer,0.1,3,6.873165932744706,5.257823041813723,6.4724236823789845,4.852155110771386
4844,9,Dgv,95,xgboost_naive_transfer_with_dummy,0.1,3,6.571660259700662,4.729073584616372,6.073884774442952,4.344607651450998
4845,9,Dgv,95,xgboost,0.1,4,7.198965854036062,5.336820113859622,6.61000961819628,4.74967861343767
4846,9,Dgv,95,xgboost_naive_transfer,0.1,4,6.895805908632076,5.288794071204804,6.471777323807917,4.824896190907531
4847,9,Dgv,95,xgboost_naive_transfer_with_dummy,0.1,4,6.621324594299121,4.813020901319219,6.1275099713059005,4.348379827213305
4848,9,Dgv,95,xgboost,0.15,1,6.770903454722481,4.957666952623822,6.397459614035875,4.640828437251535
4849,9,Dgv,95,xgboost_naive_transfer,0.15,1,6.919029432780778,5.339683592552899,6.545867925215921,4.896596723184918
4850,9,Dgv,95,xgboost_naive_transfer_with_dummy,0.15,1,6.55349660047184,4.78246151494464,6.204376789212108,4.427279456176034
4851,9,Dgv,95,xgboost,0.15,2,6.876644662328907,5.046892657299757,6.408375180452212,4.600161196946997
4852,9,Dgv,95,xgboost_naive_transfer,0.15,2,6.890333542529292,5.304891116727742,6.497199660379307,4.87894175174787
4853,9,Dgv,95,xgboost_naive_transfer_with_dummy,0.15,2,6.480486642778203,4.647495817502316,6.099819956985935,4.296270489829009
4854,9,Dgv,95,xgboost,0.15,3,7.087779085471993,5.13260678468543,6.49289584103732,4.640907291269361
4855,9,Dgv,95,xgboost_naive_transfer,0.15,3,6.9362289199690625,5.309157074806088,6.537111727270179,4.886444164627409
4856,9,Dgv,95,xgboost_naive_transfer_with_dummy,0.15,3,6.605762102445779,4.735188272040374,6.107960374944962,4.368427927631863
4857,9,Dgv,95,xgboost,0.15,4,7.2668186243573825,5.36522403855334,6.6982185644756305,4.800299295639077
4858,9,Dgv,95,xgboost_naive_transfer,0.15,4,6.919329631475847,5.298486468681539,6.566489497085381,4.9027542174732455
4859,9,Dgv,95,xgboost_naive_transfer_with_dummy,0.15,4,6.67478243074911,4.811301911818903,6.130051077334158,4.345090234208039
4860,9,Dgv,190,xgboost,0.01,1,6.723335935352115,5.0400933132045,6.408292732034179,4.693085482088097
4861,9,Dgv,190,xgboost_naive_transfer,0.01,1,6.8839693801051,5.3013898441670415,6.504035590564557,4.8783050665797045
4862,9,Dgv,190,xgboost_naive_transfer_with_dummy,0.01,1,6.842473463494629,5.242373477131072,6.458334162579719,4.822327026508964
4863,9,Dgv,190,xgboost,0.01,2,6.764970065945354,5.008814094342936,6.45146099241037,4.722049562713288
4864,9,Dgv,190,xgboost_naive_transfer,0.01,2,6.835263543880393,5.2365231477739,6.453316251046811,4.846510119055771
4865,9,Dgv,190,xgboost_naive_transfer_with_dummy,0.01,2,6.641296816069783,4.9443167831377695,6.262324114721373,4.575373392970015
4866,9,Dgv,190,xgboost,0.01,3,6.822127811418592,4.9569042710905205,6.505516533805705,4.672843524649847
4867,9,Dgv,190,xgboost_naive_transfer,0.01,3,6.851207337295398,5.235758036917083,6.470758108276873,4.8481344222738585
4868,9,Dgv,190,xgboost_naive_transfer_with_dummy,0.01,3,6.517065107113969,4.758029485336984,6.164787189676199,4.41694012408842
4869,9,Dgv,190,xgboost,0.01,4,6.955641969637035,5.018764402427851,6.765848557930631,4.828580724295003
4870,9,Dgv,190,xgboost_naive_transfer,0.01,4,6.904223640246845,5.2708523398019675,6.421414537806427,4.813364849487402
4871,9,Dgv,190,xgboost_naive_transfer_with_dummy,0.01,4,6.659914361593725,4.893768610472945,6.243195025158707,4.5008351661100034
4872,9,Dgv,190,xgboost,0.02,1,6.710138296318449,5.022430752996018,6.391206199702484,4.664963283149548
4873,9,Dgv,190,xgboost_naive_transfer,0.02,1,6.8832287780326205,5.300092558080532,6.503262489848958,4.875945023806909
4874,9,Dgv,190,xgboost_naive_transfer_with_dummy,0.02,1,6.782434799030833,5.157822481764219,6.402215083571796,4.741294891192568
4875,9,Dgv,190,xgboost,0.02,2,6.767914030961634,5.002436730262729,6.455686572655092,4.702439305458839
4876,9,Dgv,190,xgboost_naive_transfer,0.02,2,6.835324651566875,5.231937110777091,6.4531868836478985,4.843468776108506
4877,9,Dgv,190,xgboost_naive_transfer_with_dummy,0.02,2,6.643106793980885,4.942173449160043,6.261708627214114,4.572254770541522
4878,9,Dgv,190,xgboost,0.02,3,6.847464579277819,4.963775072313908,6.485984995735371,4.665468016089856
4879,9,Dgv,190,xgboost_naive_transfer,0.02,3,6.853609883326755,5.238062450501213,6.475570187719428,4.844540228264199
4880,9,Dgv,190,xgboost_naive_transfer_with_dummy,0.02,3,6.527555432542686,4.76560271966566,6.1540210589662125,4.403709046179125
4881,9,Dgv,190,xgboost,0.02,4,6.919887991659406,4.974095945423214,6.742286322236552,4.786374667651322
4882,9,Dgv,190,xgboost_naive_transfer,0.02,4,6.903589554231063,5.270768864202337,6.425571566111131,4.803026586460975
4883,9,Dgv,190,xgboost_naive_transfer_with_dummy,0.02,4,6.655871931996794,4.889097316599943,6.2462951672497695,4.498145521899452
4884,9,Dgv,190,xgboost,0.05,1,6.698613945300566,5.003156173385438,6.370238406852175,4.632946783128406
4885,9,Dgv,190,xgboost_naive_transfer,0.05,1,6.874476817081938,5.291928558107002,6.503136501279679,4.865022384826395
4886,9,Dgv,190,xgboost_naive_transfer_with_dummy,0.05,1,6.700096375829079,5.037794914673553,6.328615804474055,4.626327841637488
4887,9,Dgv,190,xgboost,0.05,2,6.753872604780555,4.950581202107929,6.516204943302672,4.673050605381631
4888,9,Dgv,190,xgboost_naive_transfer,0.05,2,6.829514350274605,5.22203277969134,6.476772733590576,4.8290721391761675
4889,9,Dgv,190,xgboost_naive_transfer_with_dummy,0.05,2,6.595718059978194,4.875983771279086,6.241358118835826,4.527316477592971
4890,9,Dgv,190,xgboost,0.05,3,6.862301459727672,4.980763046453743,6.527037799772218,4.687395941971477
4891,9,Dgv,190,xgboost_naive_transfer,0.05,3,6.8531630643769565,5.239944982499533,6.486022579618458,4.8415123310526615
4892,9,Dgv,190,xgboost_naive_transfer_with_dummy,0.05,3,6.515575832445517,4.727273849037179,6.13383163891637,4.3765624967245405
4893,9,Dgv,190,xgboost,0.05,4,6.952260826276074,4.926766472339312,6.761813895014175,4.733309383778832
4894,9,Dgv,190,xgboost_naive_transfer,0.05,4,6.920020981532614,5.284370441430276,6.4448597731928645,4.81736476876248
4895,9,Dgv,190,xgboost_naive_transfer_with_dummy,0.05,4,6.6767855845443504,4.848340206771407,6.256916012471972,4.473614549940698
4896,9,Dgv,190,xgboost,0.1,1,6.674449222007326,4.976703061445783,6.388509059425543,4.6459959832404465
4897,9,Dgv,190,xgboost_naive_transfer,0.1,1,6.870098868244802,5.279593123998876,6.5130165231371535,4.8638472008725575
4898,9,Dgv,190,xgboost_naive_transfer_with_dummy,0.1,1,6.643160433444446,4.943285030467232,6.287292749437488,4.553128373494204
4899,9,Dgv,190,xgboost,0.1,2,6.790359216742549,4.9630924228342534,6.5581723320241325,4.657103293036236
4900,9,Dgv,190,xgboost_naive_transfer,0.1,2,6.830856564702186,5.207987889576072,6.494919420690009,4.838846658372147
4901,9,Dgv,190,xgboost_naive_transfer_with_dummy,0.1,2,6.568272204388481,4.806272015273329,6.215647791919909,4.472659274962824
4902,9,Dgv,190,xgboost,0.1,3,6.868633497494852,4.9638495832802,6.569977275068932,4.674235166022049
4903,9,Dgv,190,xgboost_naive_transfer,0.1,3,6.8660458184573345,5.256211666070954,6.477312741006068,4.8357174500574525
4904,9,Dgv,190,xgboost_naive_transfer_with_dummy,0.1,3,6.538329440675633,4.72400325085321,6.151042269790335,4.360246932463723
4905,9,Dgv,190,xgboost,0.1,4,6.986451747267782,4.914793959396755,6.8099357063971615,4.747887326499694
4906,9,Dgv,190,xgboost_naive_transfer,0.1,4,6.9444067070930755,5.3088938704499915,6.51236319591001,4.847631990011185
4907,9,Dgv,190,xgboost_naive_transfer_with_dummy,0.1,4,6.668329506649543,4.865827546842766,6.320706336888841,4.518889761074072
4908,9,Dgv,190,xgboost,0.15,1,6.735573205426595,5.0158919383253915,6.39574940871264,4.658052661861685
4909,9,Dgv,190,xgboost_naive_transfer,0.15,1,6.893033584929261,5.299622680188907,6.51144424396008,4.872257089248089
4910,9,Dgv,190,xgboost_naive_transfer_with_dummy,0.15,1,6.748287709777736,5.089383222555112,6.352468384956009,4.673327594619326
4911,9,Dgv,190,xgboost,0.15,2,6.846251638792949,4.943009204182675,6.60826417265734,4.59450011001375
4912,9,Dgv,190,xgboost_naive_transfer,0.15,2,6.853397073951868,5.251690667510343,6.468595591192823,4.835715142134845
4913,9,Dgv,190,xgboost_naive_transfer_with_dummy,0.15,2,6.591029028788413,4.862819920363726,6.183095696464494,4.46285325557413
4914,9,Dgv,190,xgboost,0.15,3,6.903385890064445,4.916455359389986,6.459808970114945,4.579865134968926
4915,9,Dgv,190,xgboost_naive_transfer,0.15,3,6.922035743546938,5.29562770843082,6.532636796020521,4.852801742804849
4916,9,Dgv,190,xgboost_naive_transfer_with_dummy,0.15,3,6.5628045128441315,4.764598029314169,6.1774453242603204,4.387534520313248
4917,9,Dgv,190,xgboost,0.15,4,7.092087722583999,5.020033656585264,6.7854628227882765,4.7310368574440895
4918,9,Dgv,190,xgboost_naive_transfer,0.15,4,6.919743372454032,5.296129429504603,6.567766987089933,4.876763199202964
4919,9,Dgv,190,xgboost_naive_transfer_with_dummy,0.15,4,6.651568394068029,4.788226047388239,6.288649564495295,4.465444409812797
4920,9,Dgv,285,xgboost,0.01,1,6.5619427979763385,4.864926445920402,6.291668297432595,4.583066904669084
4921,9,Dgv,285,xgboost_naive_transfer,0.01,1,6.830391222702799,5.251489306132239,6.466866903065204,4.844886698088176
4922,9,Dgv,285,xgboost_naive_transfer_with_dummy,0.01,1,6.701434383896292,5.05089344582158,6.3239334832264635,4.65820419062341
4923,9,Dgv,285,xgboost,0.01,2,6.625233791140025,4.7974528820404485,6.385436256198761,4.534838639174808
4924,9,Dgv,285,xgboost_naive_transfer,0.01,2,6.786074685697345,5.202685896920314,6.418973665363392,4.8183196561148
4925,9,Dgv,285,xgboost_naive_transfer_with_dummy,0.01,2,6.47536361810055,4.717165247772916,6.081430892421569,4.366691870102009
4926,9,Dgv,285,xgboost,0.01,3,6.613015843408426,4.741828433427909,6.4009761532107925,4.533947243837589
4927,9,Dgv,285,xgboost_naive_transfer,0.01,3,6.810173048309037,5.187851266051207,6.4141302120991925,4.791621253964688
4928,9,Dgv,285,xgboost_naive_transfer_with_dummy,0.01,3,6.506786427513608,4.713588989431245,6.115427506719919,4.381192855852942
4929,9,Dgv,285,xgboost,0.01,4,6.796641725895002,4.773898032608045,6.669938440587749,4.61077862942504
4930,9,Dgv,285,xgboost_naive_transfer,0.01,4,6.8183772344489135,5.210213968918955,6.4138785616936635,4.79252460262305
4931,9,Dgv,285,xgboost_naive_transfer_with_dummy,0.01,4,6.576325028844333,4.790445778956047,6.134154080923877,4.439887983594737
4932,9,Dgv,285,xgboost,0.02,1,6.562742669523016,4.864602160513587,6.293064486212272,4.584020880145801
4933,9,Dgv,285,xgboost_naive_transfer,0.02,1,6.811319611393698,5.229794360729435,6.453259758228422,4.822212049536558
4934,9,Dgv,285,xgboost_naive_transfer_with_dummy,0.02,1,6.525920065437227,4.7859443148457075,6.163155993600162,4.420081019913385
4935,9,Dgv,285,xgboost,0.02,2,6.626990080059942,4.8248376975198095,6.367079948147108,4.549760802147872
4936,9,Dgv,285,xgboost_naive_transfer,0.02,2,6.78185394023505,5.19527937431164,6.413735421545491,4.800768418954799
4937,9,Dgv,285,xgboost_naive_transfer_with_dummy,0.02,2,6.537811853654395,4.819578095691413,6.164311002120992,4.472588927604229
4938,9,Dgv,285,xgboost,0.02,3,6.633800225840148,4.739587016771672,6.4139170951977444,4.524104167546113
4939,9,Dgv,285,xgboost_naive_transfer,0.02,3,6.81460282501121,5.187993180223363,6.410073628715125,4.785806535281966
4940,9,Dgv,285,xgboost_naive_transfer_with_dummy,0.02,3,6.515890489681437,4.715416263973792,6.109847133422956,4.3793724747637395
4941,9,Dgv,285,xgboost,0.02,4,6.789895811030553,4.7706914968464655,6.67653161203414,4.590710345317438
4942,9,Dgv,285,xgboost_naive_transfer,0.02,4,6.820460283081769,5.210637869381177,6.416717931965759,4.786055265059285
4943,9,Dgv,285,xgboost_naive_transfer_with_dummy,0.02,4,6.581127679028451,4.790624608076903,6.138468344239807,4.442811487188584
4944,9,Dgv,285,xgboost,0.05,1,6.555187620935678,4.855747033482654,6.279513141405748,4.571476890083763
4945,9,Dgv,285,xgboost_naive_transfer,0.05,1,6.781035792962981,5.194143066631807,6.448715645578423,4.793665889284687
4946,9,Dgv,285,xgboost_naive_transfer_with_dummy,0.05,1,6.498629677423112,4.736362109215202,6.142067299537066,4.381542514924895
4947,9,Dgv,285,xgboost,0.05,2,6.601628225961429,4.717545620167624,6.389203265038287,4.475071380484808
4948,9,Dgv,285,xgboost_naive_transfer,0.05,2,6.783690687238597,5.197783605774928,6.412299204050302,4.809230780620478
4949,9,Dgv,285,xgboost_naive_transfer_with_dummy,0.05,2,6.466702111894031,4.707577938809432,6.090064178667009,4.368495206744593
4950,9,Dgv,285,xgboost,0.05,3,6.638969414115983,4.742341819041814,6.3860605700685005,4.494058969847918
4951,9,Dgv,285,xgboost_naive_transfer,0.05,3,6.825195969349258,5.21031892232919,6.408515410653365,4.773478973680236
4952,9,Dgv,285,xgboost_naive_transfer_with_dummy,0.05,3,6.501693839694595,4.674407811181253,6.103737304112814,4.3577008664962165
4953,9,Dgv,285,xgboost,0.05,4,6.8181949593917235,4.768365860882498,6.705626208760479,4.601570179433405
4954,9,Dgv,285,xgboost_naive_transfer,0.05,4,6.831061803722864,5.209634146757254,6.4533411430950345,4.8010317542754795
4955,9,Dgv,285,xgboost_naive_transfer_with_dummy,0.05,4,6.555744436432694,4.708151415394925,6.156281396396538,4.390144862751254
4956,9,Dgv,285,xgboost,0.1,1,6.557798428032338,4.845463873852982,6.2522640185161835,4.544458918787719
4957,9,Dgv,285,xgboost_naive_transfer,0.1,1,6.770561746650352,5.183843375734504,6.451159481971712,4.793836523630291
4958,9,Dgv,285,xgboost_naive_transfer_with_dummy,0.1,1,6.5390152056725945,4.81051039941104,6.17411038104844,4.4399373943543345
4959,9,Dgv,285,xgboost,0.1,2,6.574508728066952,4.72285444543687,6.337813969969236,4.474538446231505
4960,9,Dgv,285,xgboost_naive_transfer,0.1,2,6.771232040619718,5.192636971453701,6.425089550727549,4.796781619124109
4961,9,Dgv,285,xgboost_naive_transfer_with_dummy,0.1,2,6.450459979119615,4.648635573374216,6.0808978467867085,4.279485531045718
4962,9,Dgv,285,xgboost,0.1,3,6.632722580951145,4.724892531761612,6.4107495299401975,4.515639922068471
4963,9,Dgv,285,xgboost_naive_transfer,0.1,3,6.840460346956986,5.206003107216673,6.4274311214771025,4.786335646106492
4964,9,Dgv,285,xgboost_naive_transfer_with_dummy,0.1,3,6.508495512973497,4.658488076599341,6.086624770320003,4.359257628054084
4965,9,Dgv,285,xgboost,0.1,4,6.822903951345867,4.76308966537478,6.632750391813981,4.526097198510019
4966,9,Dgv,285,xgboost_naive_transfer,0.1,4,6.84890845823665,5.215508659207232,6.455323537907199,4.803628930133979
4967,9,Dgv,285,xgboost_naive_transfer_with_dummy,0.1,4,6.599243698984789,4.684745022347708,6.193563171358078,4.3528071942357265
4968,9,Dgv,285,xgboost,0.15,1,6.55143951596101,4.843544881397497,6.2720922503838015,4.545047372310148
4969,9,Dgv,285,xgboost_naive_transfer,0.15,1,6.8019384467601,5.219069951250537,6.428306896361916,4.782125801163391
4970,9,Dgv,285,xgboost_naive_transfer_with_dummy,0.15,1,6.507853335461022,4.7510746834579525,6.124805574364355,4.370259161543352
4971,9,Dgv,285,xgboost,0.15,2,6.593328924240289,4.74610573483305,6.413136504999409,4.539107285624787
4972,9,Dgv,285,xgboost_naive_transfer,0.15,2,6.7724126783608956,5.179952665060905,6.433628159336386,4.790512944950619
4973,9,Dgv,285,xgboost_naive_transfer_with_dummy,0.15,2,6.44440041367436,4.620792236758359,6.066569626480542,4.26884423059502
4974,9,Dgv,285,xgboost,0.15,3,6.682890425428548,4.760252555029818,6.453467105476231,4.54004189277189
4975,9,Dgv,285,xgboost_naive_transfer,0.15,3,6.844256107877648,5.199033059269109,6.4626508622271714,4.80486901654973
4976,9,Dgv,285,xgboost_naive_transfer_with_dummy,0.15,3,6.538742936741441,4.6895962860411995,6.106817813144322,4.362888006459468
4977,9,Dgv,285,xgboost,0.15,4,6.83498111595485,4.791253518855537,6.728966630127673,4.633373949953811
4978,9,Dgv,285,xgboost_naive_transfer,0.15,4,6.907346529676221,5.259741095745261,6.457106050362718,4.813532123123697
4979,9,Dgv,285,xgboost_naive_transfer_with_dummy,0.15,4,6.548502776929943,4.657039427689419,6.113190943012636,4.369000351573601
4980,9,Dgv,380,xgboost,0.01,1,6.490925466906063,4.7444970776794,6.212334656000322,4.499321859592922
4981,9,Dgv,380,xgboost_naive_transfer,0.01,1,6.797131370770921,5.1988492552103915,6.447711737583912,4.819547429469246
4982,9,Dgv,380,xgboost_naive_transfer_with_dummy,0.01,1,6.643003402185315,4.944739908322073,6.274996432603971,4.575324001244116
4983,9,Dgv,380,xgboost,0.01,2,6.310853024209395,4.516658953501084,6.107489988742189,4.370590119513672
4984,9,Dgv,380,xgboost_naive_transfer,0.01,2,6.716660843852982,5.094340582093006,6.389383599581048,4.743719103308751
4985,9,Dgv,380,xgboost_naive_transfer_with_dummy,0.01,2,6.4068703944371475,4.5652441586035915,6.065142223856415,4.29660244616723
4986,9,Dgv,380,xgboost,0.01,3,6.421069693828967,4.58635868946312,6.2101851369364285,4.425853768033821
4987,9,Dgv,380,xgboost_naive_transfer,0.01,3,6.763123821973743,5.101559042464654,6.389209701733623,4.731780195912801
4988,9,Dgv,380,xgboost_naive_transfer_with_dummy,0.01,3,6.4612789959710195,4.559604110497956,6.073943989518417,4.312808057065156
4989,9,Dgv,380,xgboost,0.01,4,6.613350253432414,4.782093572963537,6.451489477670852,4.639609691880455
4990,9,Dgv,380,xgboost_naive_transfer,0.01,4,6.759153475541926,5.0907713771434056,6.358727269572341,4.711997928718401
4991,9,Dgv,380,xgboost_naive_transfer_with_dummy,0.01,4,6.470005619191174,4.5884796095291565,6.087200538522258,4.352665781783697
4992,9,Dgv,380,xgboost,0.02,1,6.412291412446091,4.658497817806826,6.115887131473698,4.384200192252108
4993,9,Dgv,380,xgboost_naive_transfer,0.02,1,6.7350896384934575,5.131693010293111,6.4260448213474275,4.758570606844742
4994,9,Dgv,380,xgboost_naive_transfer_with_dummy,0.02,1,6.46181309657072,4.6564325379447045,6.131283800207336,4.345102121767488
4995,9,Dgv,380,xgboost,0.02,2,6.306106157532766,4.509352520141157,6.105785213012906,4.364530441450201
4996,9,Dgv,380,xgboost_naive_transfer,0.02,2,6.71121497927706,5.084915759637841,6.387834166425769,4.733854708769471
4997,9,Dgv,380,xgboost_naive_transfer_with_dummy,0.02,2,6.454907964751737,4.649112850729348,6.099212731166,4.354796139233908
4998,9,Dgv,380,xgboost,0.02,3,6.4023656962731375,4.565695634281597,6.192603360591408,4.409921482535128
4999,9,Dgv,380,xgboost_naive_transfer,0.02,3,6.757612263686452,5.092461923124001,6.364849792457098,4.710211981228179
5000,9,Dgv,380,xgboost_naive_transfer_with_dummy,0.02,3,6.461065287352704,4.552138184813225,6.068950906724224,4.3142557763618985
5001,9,Dgv,380,xgboost,0.02,4,6.5985355493628886,4.7819083467466585,6.447577599270261,4.639844875080343
5002,9,Dgv,380,xgboost_naive_transfer,0.02,4,6.752980604432126,5.083984413234606,6.362337100475042,4.709128583822924
5003,9,Dgv,380,xgboost_naive_transfer_with_dummy,0.02,4,6.462039291409453,4.5885161300128186,6.082532381910286,4.350039582611169
5004,9,Dgv,380,xgboost,0.05,1,6.428494834678429,4.677876618183867,6.12601767265093,4.399484960747478
5005,9,Dgv,380,xgboost_naive_transfer,0.05,1,6.739988963299692,5.136251870670373,6.4239956828866145,4.760999830658251
5006,9,Dgv,380,xgboost_naive_transfer_with_dummy,0.05,1,6.44333380328473,4.6309231678441165,6.119087741447561,4.327332477450122
5007,9,Dgv,380,xgboost,0.05,2,6.323987745764917,4.514112419562399,6.133775553164902,4.3816974420359625
5008,9,Dgv,380,xgboost_naive_transfer,0.05,2,6.720614531000027,5.101105800658046,6.375924338546556,4.738232959293089
5009,9,Dgv,380,xgboost_naive_transfer_with_dummy,0.05,2,6.408492663933888,4.5546143015658815,6.049592281527224,4.281557873597161
5010,9,Dgv,380,xgboost,0.05,3,6.41772594921407,4.5844008074803515,6.201974736286072,4.420190699979213
5011,9,Dgv,380,xgboost_naive_transfer,0.05,3,6.757844495550647,5.094246624220386,6.37376269236825,4.7188997946384905
5012,9,Dgv,380,xgboost_naive_transfer_with_dummy,0.05,3,6.4347360039791734,4.535784167299239,6.046663468261763,4.281441240699811
5013,9,Dgv,380,xgboost,0.05,4,6.6460745867632065,4.770624077104793,6.40860742954249,4.554545772902179
5014,9,Dgv,380,xgboost_naive_transfer,0.05,4,6.783458829935017,5.108701890598539,6.367687509006554,4.729660527067819
5015,9,Dgv,380,xgboost_naive_transfer_with_dummy,0.05,4,6.49602266333131,4.582527513281543,6.100879149537139,4.356383248888435
5016,9,Dgv,380,xgboost,0.1,1,6.4043742956042395,4.6418407510335085,6.109277432889131,4.372802983593278
5017,9,Dgv,380,xgboost_naive_transfer,0.1,1,6.7225697808168885,5.113044015803171,6.434281498368112,4.746057862278844
5018,9,Dgv,380,xgboost_naive_transfer_with_dummy,0.1,1,6.46148919489959,4.65329770549117,6.126887519938265,4.341577091751619
5019,9,Dgv,380,xgboost,0.1,2,6.345915839871193,4.520112554622529,6.120249837978873,4.3856707226793405
5020,9,Dgv,380,xgboost_naive_transfer,0.1,2,6.7205769823130845,5.091542418304811,6.369957544549171,4.719523969287425
5021,9,Dgv,380,xgboost_naive_transfer_with_dummy,0.1,2,6.410847927795598,4.560841118699075,6.042897065791378,4.2724546050891785
5022,9,Dgv,380,xgboost,0.1,3,6.399591544620589,4.56460850139658,6.218993139504707,4.390222035817184
5023,9,Dgv,380,xgboost_naive_transfer,0.1,3,6.783147103400084,5.116583779962074,6.387822804945433,4.727888759209229
5024,9,Dgv,380,xgboost_naive_transfer_with_dummy,0.1,3,6.477230328485762,4.560474545655272,6.0456683273912715,4.27870708250417
5025,9,Dgv,380,xgboost,0.1,4,6.637603257129001,4.755860144298522,6.4289578564234775,4.60469579435946
5026,9,Dgv,380,xgboost_naive_transfer,0.1,4,6.765561754055206,5.067599238935131,6.389892003715652,4.7095279145762845
5027,9,Dgv,380,xgboost_naive_transfer_with_dummy,0.1,4,6.561709139323358,4.628422001812527,6.066094704078403,4.33271812445071
5028,9,Dgv,380,xgboost,0.15,1,6.415463571021158,4.653794122869446,6.13080296963852,4.388510722734768
5029,9,Dgv,380,xgboost_naive_transfer,0.15,1,6.7169759372043725,5.10116280610838,6.416602967280163,4.722117475138553
5030,9,Dgv,380,xgboost_naive_transfer_with_dummy,0.15,1,6.434071098023326,4.613371294846565,6.095862593806522,4.310238310462878
5031,9,Dgv,380,xgboost,0.15,2,6.433315433246925,4.537127501004224,6.145110756486602,4.35896291087138
5032,9,Dgv,380,xgboost_naive_transfer,0.15,2,6.732409228437219,5.1023603838397165,6.362965969381188,4.724491553319822
5033,9,Dgv,380,xgboost_naive_transfer_with_dummy,0.15,2,6.402067313148143,4.523889100639912,5.988632890252831,4.230813862567415
5034,9,Dgv,380,xgboost,0.15,3,6.497743537197616,4.571699893344865,6.287526204619477,4.409933409775712
5035,9,Dgv,380,xgboost_naive_transfer,0.15,3,6.771335127786641,5.075349194496279,6.384858824161296,4.6858670131057085
5036,9,Dgv,380,xgboost_naive_transfer_with_dummy,0.15,3,6.4215113322528286,4.467911955285279,6.029408204480158,4.23592302532799
5037,9,Dgv,380,xgboost,0.15,4,6.701215870339769,4.797470352856317,6.461424878792115,4.5322584947251245
5038,9,Dgv,380,xgboost_naive_transfer,0.15,4,6.838916780996964,5.132878608326298,6.426332093000844,4.728926556176579
5039,9,Dgv,380,xgboost_naive_transfer_with_dummy,0.15,4,6.538340963143489,4.604451289001436,6.114515943684281,4.331884457926612
5040,9,Dgv,475,xgboost,0.01,1,6.509691851851715,4.717635466185119,6.134469785222119,4.403201204205677
5041,9,Dgv,475,xgboost_naive_transfer,0.01,1,6.796557093360575,5.187153508491664,6.394008173912768,4.7593812913093965
5042,9,Dgv,475,xgboost_naive_transfer_with_dummy,0.01,1,6.635631929216834,4.911001048845466,6.211695907260135,4.504917664239022
5043,9,Dgv,475,xgboost,0.01,2,6.439905292325943,4.59459279743148,6.018362498088568,4.2925384764651335
5044,9,Dgv,475,xgboost_naive_transfer,0.01,2,6.688364846428436,5.044478430339705,6.337666152342921,4.67180124877028
5045,9,Dgv,475,xgboost_naive_transfer_with_dummy,0.01,2,6.391427992152537,4.5293850660653545,6.034401878897344,4.246828372996225
5046,9,Dgv,475,xgboost,0.01,3,6.57441175145148,4.703694584197763,6.196973289771358,4.465746713587395
5047,9,Dgv,475,xgboost_naive_transfer,0.01,3,6.709587108435652,5.037219167925331,6.29928604234927,4.654890782744915
5048,9,Dgv,475,xgboost_naive_transfer_with_dummy,0.01,3,6.404735154122999,4.499431700552426,6.027490308994223,4.267609114377521
5049,9,Dgv,475,xgboost,0.01,4,6.65406346406506,4.772697422695338,6.364011389059416,4.604201651559685
5050,9,Dgv,475,xgboost_naive_transfer,0.01,4,6.733979252866404,5.050429906813283,6.319729130325486,4.698512832420664
5051,9,Dgv,475,xgboost_naive_transfer_with_dummy,0.01,4,6.506654447819289,4.657273859661824,6.123780329579135,4.393927857989285
5052,9,Dgv,475,xgboost,0.02,1,6.471750131414102,4.665690491882391,6.073231908492702,4.334757058558205
5053,9,Dgv,475,xgboost_naive_transfer,0.02,1,6.729567268001633,5.105045357944681,6.369549025246885,4.678419124150269
5054,9,Dgv,475,xgboost_naive_transfer_with_dummy,0.02,1,6.477278990374162,4.64745010953227,6.084765753709573,4.285207542653708
5055,9,Dgv,475,xgboost,0.02,2,6.432127457471749,4.573985966998924,6.00187314788398,4.264540937726274
5056,9,Dgv,475,xgboost_naive_transfer,0.02,2,6.68638571935429,5.038018117114572,6.341282939153571,4.665536930550301
5057,9,Dgv,475,xgboost_naive_transfer_with_dummy,0.02,2,6.395305027495131,4.540050158066267,6.0366423267644835,4.251245630613202
5058,9,Dgv,475,xgboost,0.02,3,6.575908820498779,4.695673085648864,6.207638646704588,4.46560582779609
5059,9,Dgv,475,xgboost_naive_transfer,0.02,3,6.687109783665029,5.000600666551063,6.28732310649629,4.636189954688042
5060,9,Dgv,475,xgboost_naive_transfer_with_dummy,0.02,3,6.393615096182,4.474464077176204,6.012282082707348,4.257342498867226
5061,9,Dgv,475,xgboost,0.02,4,6.663159868602511,4.784546919209713,6.36927659356228,4.611914689735499
5062,9,Dgv,475,xgboost_naive_transfer,0.02,4,6.692228512966452,5.009266969613118,6.323894144166877,4.659521431874508
5063,9,Dgv,475,xgboost_naive_transfer_with_dummy,0.02,4,6.513933545300303,4.655322597282006,6.1382819393705,4.38969448429448
5064,9,Dgv,475,xgboost,0.05,1,6.468670638241149,4.652108159224532,6.062767938713391,4.324770306864895
5065,9,Dgv,475,xgboost_naive_transfer,0.05,1,6.727960544808434,5.101976897028463,6.3715576709761494,4.675181051990364
5066,9,Dgv,475,xgboost_naive_transfer_with_dummy,0.05,1,6.470564202080987,4.633951982520928,6.084097276651089,4.2810440705032065
5067,9,Dgv,475,xgboost,0.05,2,6.4310992201662645,4.5748104200213815,5.985445635839718,4.255443340392712
5068,9,Dgv,475,xgboost_naive_transfer,0.05,2,6.673910346639527,5.023902394006802,6.342647534339841,4.658637247111291
5069,9,Dgv,475,xgboost_naive_transfer_with_dummy,0.05,2,6.387092645759823,4.520794991810607,6.027157269676413,4.239082680129631
5070,9,Dgv,475,xgboost,0.05,3,6.597267128329983,4.704942086097599,6.184664435823816,4.451211631969814
5071,9,Dgv,475,xgboost_naive_transfer,0.05,3,6.665085100749565,4.980107868708725,6.2863883484720136,4.631016068184742
5072,9,Dgv,475,xgboost_naive_transfer_with_dummy,0.05,3,6.410412100792334,4.499294891339116,6.015055584927538,4.251775945242092
5073,9,Dgv,475,xgboost,0.05,4,6.667962169062639,4.758083885635522,6.379080205179157,4.576814260011925
5074,9,Dgv,475,xgboost_naive_transfer,0.05,4,6.661330985270665,4.993066399997711,6.351111607522371,4.654065260938049
5075,9,Dgv,475,xgboost_naive_transfer_with_dummy,0.05,4,6.513351031391967,4.642023413128966,6.11341823988937,4.376039456033201
5076,9,Dgv,475,xgboost,0.1,1,6.47023286883394,4.647662807959782,6.051885543394435,4.308391828652338
5077,9,Dgv,475,xgboost_naive_transfer,0.1,1,6.729763239578606,5.101304945261355,6.37938728643466,4.678048011090085
5078,9,Dgv,475,xgboost_naive_transfer_with_dummy,0.1,1,6.463337895863113,4.617047831643835,6.075845078811872,4.270621989407606
5079,9,Dgv,475,xgboost,0.1,2,6.425320380101575,4.567335914497407,6.007552830120515,4.27335136631985
5080,9,Dgv,475,xgboost_naive_transfer,0.1,2,6.676142182003708,5.030213845604849,6.332104925118763,4.652335029839439
5081,9,Dgv,475,xgboost_naive_transfer_with_dummy,0.1,2,6.4024212362973465,4.517197009456276,6.009221477582391,4.22895710383996
5082,9,Dgv,475,xgboost,0.1,3,6.581371448312805,4.674534852635162,6.209951678204935,4.450000297747393
5083,9,Dgv,475,xgboost_naive_transfer,0.1,3,6.732613716697821,5.015719426273693,6.260167313471757,4.607789496382427
5084,9,Dgv,475,xgboost_naive_transfer_with_dummy,0.1,3,6.431881158956074,4.506950015041713,6.041429179734078,4.275386981082322
5085,9,Dgv,475,xgboost,0.1,4,6.69056243370206,4.768046376467526,6.416009851348093,4.567998646011437
5086,9,Dgv,475,xgboost_naive_transfer,0.1,4,6.693663066434141,4.997635855871561,6.348903636962034,4.642325853876697
5087,9,Dgv,475,xgboost_naive_transfer_with_dummy,0.1,4,6.462469875742026,4.526067513003215,6.082771781090308,4.292009101850855
5088,9,Dgv,475,xgboost,0.15,1,6.45709241479919,4.612798163595178,6.054744373646863,4.2921990093585665
5089,9,Dgv,475,xgboost_naive_transfer,0.15,1,6.743580021298136,5.112706433878407,6.365151290659587,4.676893532460864
5090,9,Dgv,475,xgboost_naive_transfer_with_dummy,0.15,1,6.480578326183473,4.6495499075533715,6.0872702788856605,4.291707144974081
5091,9,Dgv,475,xgboost,0.15,2,6.435434019686783,4.563677010632416,6.01681756582571,4.261818059861776
5092,9,Dgv,475,xgboost_naive_transfer,0.15,2,6.647481255374384,4.952436818181387,6.32297295663167,4.593053550522211
5093,9,Dgv,475,xgboost_naive_transfer_with_dummy,0.15,2,6.347832803260391,4.443606262369486,5.955252429799224,4.160743068102141
5094,9,Dgv,475,xgboost,0.15,3,6.637600902191146,4.665029824896594,6.2099111527150885,4.395605471666767
5095,9,Dgv,475,xgboost_naive_transfer,0.15,3,6.69802266144559,4.992864852817306,6.3094257558260445,4.60760633069534
5096,9,Dgv,475,xgboost_naive_transfer_with_dummy,0.15,3,6.478732053799817,4.534220591235546,6.029518887304563,4.280994513088554
5097,9,Dgv,475,xgboost,0.15,4,6.681105996875435,4.773466994366368,6.4706536218174895,4.5618870129820674
5098,9,Dgv,475,xgboost_naive_transfer,0.15,4,6.705603846717521,4.969899000881003,6.389076276215849,4.675412699955779
5099,9,Dgv,475,xgboost_naive_transfer_with_dummy,0.15,4,6.635147210228674,4.628604554903082,6.106955125775204,4.336265614148969
5100,9,Dgv,570,xgboost,0.01,1,6.472296009806126,4.612919740791292,6.1278970313856185,4.376670635547127
5101,9,Dgv,570,xgboost_naive_transfer,0.01,1,6.769030041432304,5.136489250573966,6.35251355613268,4.708262915744477
5102,9,Dgv,570,xgboost_naive_transfer_with_dummy,0.01,1,6.604744408615029,4.842190328217479,6.170327042310179,4.443030988262033
5103,9,Dgv,570,xgboost,0.01,2,6.429133786071111,4.519863507435031,6.044487657345532,4.2780066121313185
5104,9,Dgv,570,xgboost_naive_transfer,0.01,2,6.62820283560938,4.984882506234606,6.251536146335307,4.572540043525183
5105,9,Dgv,570,xgboost_naive_transfer_with_dummy,0.01,2,6.366313255736578,4.488528745732093,5.95076048799713,4.155246300114025
5106,9,Dgv,570,xgboost,0.01,3,6.51276134966024,4.584485842299192,6.154653287656575,4.400171120493368
5107,9,Dgv,570,xgboost_naive_transfer,0.01,3,6.625160089303858,4.969823025165577,6.227394744224432,4.568664877259162
5108,9,Dgv,570,xgboost_naive_transfer_with_dummy,0.01,3,6.427604774558646,4.50916931817216,5.973587761493152,4.208293141222064
5109,9,Dgv,570,xgboost,0.01,4,6.568100489641527,4.648432909193235,6.182674413855571,4.407106229008492
5110,9,Dgv,570,xgboost_naive_transfer,0.01,4,6.660163443036196,4.989762721896212,6.277780027356748,4.649943826927505
5111,9,Dgv,570,xgboost_naive_transfer_with_dummy,0.01,4,6.453090105808163,4.527746378579508,6.090224440103898,4.292551900288213
5112,9,Dgv,570,xgboost,0.02,1,6.450569415199517,4.590511562234902,6.08780902198229,4.328847642022393
5113,9,Dgv,570,xgboost_naive_transfer,0.02,1,6.698525213264895,5.054392971083719,6.322446511943288,4.626870478976449
5114,9,Dgv,570,xgboost_naive_transfer_with_dummy,0.02,1,6.451854078389024,4.589373482585561,6.051950938344509,4.247010804782134
5115,9,Dgv,570,xgboost,0.02,2,6.427178343168722,4.515962469039848,6.045149739227019,4.281896799652135
5116,9,Dgv,570,xgboost_naive_transfer,0.02,2,6.620112462270232,4.975674914421011,6.244646388600538,4.557929175821726
5117,9,Dgv,570,xgboost_naive_transfer_with_dummy,0.02,2,6.351289398574748,4.4549216379100605,5.946075886048874,4.139502978084499
5118,9,Dgv,570,xgboost,0.02,3,6.511637019512625,4.583145135725078,6.161590664972354,4.398578122629249
5119,9,Dgv,570,xgboost_naive_transfer,0.02,3,6.622788231323359,4.964069820680369,6.218701653176155,4.561871606523859
5120,9,Dgv,570,xgboost_naive_transfer_with_dummy,0.02,3,6.419549193239181,4.498761218422499,5.991049803684847,4.226901714823931
5121,9,Dgv,570,xgboost,0.02,4,6.567170393346403,4.640678451691397,6.1492902685880875,4.386583258373806
5122,9,Dgv,570,xgboost_naive_transfer,0.02,4,6.660537622680608,4.988866912783712,6.272749313896367,4.636319091182095
5123,9,Dgv,570,xgboost_naive_transfer_with_dummy,0.02,4,6.475114012987153,4.568238217093483,6.071778032333072,4.314028612104486
5124,9,Dgv,570,xgboost,0.05,1,6.4397294493477295,4.568716620230146,6.057156869939856,4.290881575276074
5125,9,Dgv,570,xgboost_naive_transfer,0.05,1,6.698519598711403,5.053319073117229,6.319182996030093,4.621270631342992
5126,9,Dgv,570,xgboost_naive_transfer_with_dummy,0.05,1,6.420828273099734,4.545297000334363,6.045236283438527,4.232885683872537
5127,9,Dgv,570,xgboost,0.05,2,6.421878448699167,4.478196905012348,6.038498756097123,4.252398561599047
5128,9,Dgv,570,xgboost_naive_transfer,0.05,2,6.627426670041736,4.977623296212106,6.240414908757749,4.552381256994555
5129,9,Dgv,570,xgboost_naive_transfer_with_dummy,0.05,2,6.356864130989413,4.4487417300023,5.9546632048150645,4.140643548342388
5130,9,Dgv,570,xgboost,0.05,3,6.50953748950544,4.569254816282407,6.132769461260997,4.343760929086401
5131,9,Dgv,570,xgboost_naive_transfer,0.05,3,6.647689234617863,4.965194561848286,6.239914923206451,4.589996251619212
5132,9,Dgv,570,xgboost_naive_transfer_with_dummy,0.05,3,6.4153259987949465,4.483152307241431,5.9904463242394375,4.214438515522681
5133,9,Dgv,570,xgboost,0.05,4,6.559085558826557,4.607327322256666,6.223456475383783,4.386140941149005
5134,9,Dgv,570,xgboost_naive_transfer,0.05,4,6.60861460633379,4.957987337913444,6.26271955602055,4.598403234281592
5135,9,Dgv,570,xgboost_naive_transfer_with_dummy,0.05,4,6.451529780359359,4.530861709956102,6.047015163677237,4.2716714309782144
5136,9,Dgv,570,xgboost,0.1,1,6.441171419607255,4.578721755922902,6.0702735572192426,4.304373908856643
5137,9,Dgv,570,xgboost_naive_transfer,0.1,1,6.685229490205377,5.035324161068707,6.316558158265811,4.612857707103254
5138,9,Dgv,570,xgboost_naive_transfer_with_dummy,0.1,1,6.415921245507091,4.545635453648878,6.0432095483300925,4.232045412359188
5139,9,Dgv,570,xgboost,0.1,2,6.433277586053488,4.491062423744376,6.024957288322931,4.254283834632408
5140,9,Dgv,570,xgboost_naive_transfer,0.1,2,6.611136691821403,4.9645432865924635,6.235184656584093,4.532321732366072
5141,9,Dgv,570,xgboost_naive_transfer_with_dummy,0.1,2,6.357631332828148,4.458738538916068,5.949291451907153,4.13526233568135
5142,9,Dgv,570,xgboost,0.1,3,6.4937110525534845,4.5607740700612895,6.167637603590822,4.3346148750380795
5143,9,Dgv,570,xgboost_naive_transfer,0.1,3,6.614843589496478,4.94785031780481,6.21293406621301,4.577457287593656
5144,9,Dgv,570,xgboost_naive_transfer_with_dummy,0.1,3,6.447220801845843,4.495488007924164,6.0080058738045805,4.2360076701458675
5145,9,Dgv,570,xgboost,0.1,4,6.625615102490887,4.66569695224505,6.1858003687552525,4.373449658453366
5146,9,Dgv,570,xgboost_naive_transfer,0.1,4,6.6566021696600375,4.969776561517791,6.288290298608676,4.60519561434266
5147,9,Dgv,570,xgboost_naive_transfer_with_dummy,0.1,4,6.4933216726110405,4.542330890795088,6.129276430050259,4.316083719010119
5148,9,Dgv,570,xgboost,0.15,1,6.430285977652448,4.557483541259016,6.067447603147136,4.293550948518808
5149,9,Dgv,570,xgboost_naive_transfer,0.15,1,6.696994874406099,5.047481222991037,6.334293702077864,4.617232814370968
5150,9,Dgv,570,xgboost_naive_transfer_with_dummy,0.15,1,6.4134685645437335,4.543849557041028,6.053967562890992,4.245808750828643
5151,9,Dgv,570,xgboost,0.15,2,6.452221998045991,4.515291307867102,6.016458232181537,4.252270269269617
5152,9,Dgv,570,xgboost_naive_transfer,0.15,2,6.6387811592811135,4.981631812608709,6.238507333904921,4.543992790000346
5153,9,Dgv,570,xgboost_naive_transfer_with_dummy,0.15,2,6.395659811385178,4.468299355357433,5.940580406185139,4.125480054674725
5154,9,Dgv,570,xgboost,0.15,3,6.56474354186677,4.588801506608491,6.145095701017882,4.337257227628407
5155,9,Dgv,570,xgboost_naive_transfer,0.15,3,6.64378759745316,4.949097327867312,6.234685679220571,4.560348803408569
5156,9,Dgv,570,xgboost_naive_transfer_with_dummy,0.15,3,6.421695484193268,4.463902500227567,6.05901453103609,4.292177791995398
5157,9,Dgv,570,xgboost,0.15,4,6.655123269460353,4.6935149270376035,6.331416632368331,4.437099256076152
5158,9,Dgv,570,xgboost_naive_transfer,0.15,4,6.603756736388274,4.905206856770578,6.2614826997385595,4.555868904509828
5159,9,Dgv,570,xgboost_naive_transfer_with_dummy,0.15,4,6.466247897010812,4.455805089534467,6.193393184569976,4.337213701587255
5160,9,Dgv,665,xgboost,0.01,1,6.477728527468744,4.565980344964273,6.092366030788795,4.339469264863627
5161,9,Dgv,665,xgboost_naive_transfer,0.01,1,6.746131887790591,5.108560133799608,6.332775607642017,4.687163374336103
5162,9,Dgv,665,xgboost_naive_transfer_with_dummy,0.01,1,6.583277544996543,4.795120232836481,6.148109845998541,4.407563350279056
5163,9,Dgv,665,xgboost,0.01,2,6.391214424309232,4.4227594021961245,5.985604985023508,4.232166043707288
5164,9,Dgv,665,xgboost_naive_transfer,0.01,2,6.616827937591513,4.974069246878378,6.250066957509452,4.576765173394021
5165,9,Dgv,665,xgboost_naive_transfer_with_dummy,0.01,2,6.362034132065373,4.474597824691783,5.967855472178092,4.163159755096197
5166,9,Dgv,665,xgboost,0.01,3,6.390988957273041,4.416885768967733,6.049551870139109,4.234677162004277
5167,9,Dgv,665,xgboost_naive_transfer,0.01,3,6.6094805517733795,4.960020171558008,6.200811309709448,4.562601217852839
5168,9,Dgv,665,xgboost_naive_transfer_with_dummy,0.01,3,6.3912287337746365,4.475597966706178,5.98550436931105,4.219915940367067
5169,9,Dgv,665,xgboost,0.01,4,6.428716006030151,4.488777948286894,6.223555594082146,4.38322607834015
5170,9,Dgv,665,xgboost_naive_transfer,0.01,4,6.573213043909282,4.8939771292949485,6.272565747371931,4.621335716218241
5171,9,Dgv,665,xgboost_naive_transfer_with_dummy,0.01,4,6.412372260919358,4.474330321466465,6.071571740434962,4.282267620811614
5172,9,Dgv,665,xgboost,0.02,1,6.455333219511014,4.538718778965645,6.045397094813269,4.291372768643959
5173,9,Dgv,665,xgboost_naive_transfer,0.02,1,6.665200140647841,5.0203367242852215,6.297895787784483,4.596099782639724
5174,9,Dgv,665,xgboost_naive_transfer_with_dummy,0.02,1,6.446692204502549,4.561141604484607,6.033253844545063,4.226031331670957
5175,9,Dgv,665,xgboost,0.02,2,6.3960569526643045,4.429102132609972,5.974398632862447,4.226461604142532
5176,9,Dgv,665,xgboost_naive_transfer,0.02,2,6.616831429161358,4.9724663510240745,6.252833480287178,4.5779505045082125
5177,9,Dgv,665,xgboost_naive_transfer_with_dummy,0.02,2,6.336251152595421,4.443012511104567,5.972920658111046,4.154329341251844
5178,9,Dgv,665,xgboost,0.02,3,6.397266937371247,4.424149553283238,6.049466650497507,4.246536550615794
5179,9,Dgv,665,xgboost_naive_transfer,0.02,3,6.578173443460008,4.917537381710719,6.184970756427514,4.551371212546554
5180,9,Dgv,665,xgboost_naive_transfer_with_dummy,0.02,3,6.388998532729338,4.467550332405985,5.979913260254927,4.208696061930029
5181,9,Dgv,665,xgboost,0.02,4,6.435730065532922,4.488733470161368,6.208219983658353,4.367556762104753
5182,9,Dgv,665,xgboost_naive_transfer,0.02,4,6.5627120758815485,4.888113319855593,6.264544526542133,4.617019008389442
5183,9,Dgv,665,xgboost_naive_transfer_with_dummy,0.02,4,6.419843765527062,4.471397288217673,6.061807318150281,4.2697039907401555
5184,9,Dgv,665,xgboost,0.05,1,6.4500771735656155,4.529804395268578,6.030629489409524,4.277971842072449
5185,9,Dgv,665,xgboost_naive_transfer,0.05,1,6.6519983831051075,5.004557356332518,6.2999181059837115,4.587596774706211
5186,9,Dgv,665,xgboost_naive_transfer_with_dummy,0.05,1,6.422695948123318,4.524405091437639,6.036343574771654,4.213988434527699
5187,9,Dgv,665,xgboost,0.05,2,6.40335135397742,4.4355709840741415,5.981427638235985,4.220357503977851
5188,9,Dgv,665,xgboost_naive_transfer,0.05,2,6.6063295124506745,4.961713459423921,6.247583650098534,4.561610725812951
5189,9,Dgv,665,xgboost_naive_transfer_with_dummy,0.05,2,6.371773301646676,4.490514761747918,5.972036010407502,4.171903284975536
5190,9,Dgv,665,xgboost,0.05,3,6.399033400332529,4.4400506944898135,6.049923065114331,4.240428181113079
5191,9,Dgv,665,xgboost_naive_transfer,0.05,3,6.575399188162315,4.898035168281097,6.1818426018054895,4.538683244905156
5192,9,Dgv,665,xgboost_naive_transfer_with_dummy,0.05,3,6.386256992608166,4.4450810691980465,5.984712529813977,4.199722544099527
5193,9,Dgv,665,xgboost,0.05,4,6.436440362965903,4.46192273561658,6.22536523383732,4.377757480255587
5194,9,Dgv,665,xgboost_naive_transfer,0.05,4,6.547266338331141,4.898873000649264,6.280433996882652,4.6187136372924265
5195,9,Dgv,665,xgboost_naive_transfer_with_dummy,0.05,4,6.424053258107869,4.462027935462673,6.082943142657398,4.265904090647694
5196,9,Dgv,665,xgboost,0.1,1,6.437959306064415,4.515481134350938,6.01535610107047,4.260416787004617
5197,9,Dgv,665,xgboost_naive_transfer,0.1,1,6.643333728886479,4.993656008610584,6.30756231073437,4.583707647760931
5198,9,Dgv,665,xgboost_naive_transfer_with_dummy,0.1,1,6.433581206743413,4.54344654927474,6.029221549436732,4.2139183055777885
5199,9,Dgv,665,xgboost,0.1,2,6.361112169869567,4.385696992485474,5.996566197254905,4.2144958987327055
5200,9,Dgv,665,xgboost_naive_transfer,0.1,2,6.625428887829229,4.9650912166139785,6.219045770007857,4.550711785632727
5201,9,Dgv,665,xgboost_naive_transfer_with_dummy,0.1,2,6.375520883229465,4.4743353398950365,5.976203302358485,4.164836335622299
5202,9,Dgv,665,xgboost,0.1,3,6.421961973481607,4.435494176516307,6.002571189836673,4.1961369374197615
5203,9,Dgv,665,xgboost_naive_transfer,0.1,3,6.575101454070856,4.906432531351064,6.2616452009683865,4.563743484029969
5204,9,Dgv,665,xgboost_naive_transfer_with_dummy,0.1,3,6.3799977916391235,4.456017542309926,5.979605816379394,4.1862680162999935
5205,9,Dgv,665,xgboost,0.1,4,6.490064773871308,4.495780762950516,6.170328881183995,4.363076100926722
5206,9,Dgv,665,xgboost_naive_transfer,0.1,4,6.622840964871458,4.938765914041356,6.241723970760006,4.603284268504497
5207,9,Dgv,665,xgboost_naive_transfer_with_dummy,0.1,4,6.439649430927731,4.48630535569069,6.055375377441125,4.2566671828973535
5208,9,Dgv,665,xgboost,0.15,1,6.4342830014666115,4.503952314497103,6.041343512579295,4.277289930207551
5209,9,Dgv,665,xgboost_naive_transfer,0.15,1,6.635983614975751,4.983694174397884,6.313595155292315,4.584096025818893
5210,9,Dgv,665,xgboost_naive_transfer_with_dummy,0.15,1,6.413251102897459,4.5207308184002155,6.042545242479838,4.230118173173684
5211,9,Dgv,665,xgboost,0.15,2,6.436557327108521,4.478655440204515,6.01828984873046,4.256528795667165
5212,9,Dgv,665,xgboost_naive_transfer,0.15,2,6.606034267453647,4.94716870369728,6.267105093517344,4.581053931211533
5213,9,Dgv,665,xgboost_naive_transfer_with_dummy,0.15,2,6.335223222038466,4.416142493850022,5.976012615268427,4.151621150082748
5214,9,Dgv,665,xgboost,0.15,3,6.394724862074285,4.452371184361886,6.135967213535068,4.252463568897726
5215,9,Dgv,665,xgboost_naive_transfer,0.15,3,6.628760651360728,4.954152987198272,6.157209173194914,4.519269822727055
5216,9,Dgv,665,xgboost_naive_transfer_with_dummy,0.15,3,6.397029313694472,4.4776666419303615,6.040669521973727,4.222470338265385
5217,9,Dgv,665,xgboost,0.15,4,6.505476930665761,4.473063617777546,6.199102181121613,4.35055639442613
5218,9,Dgv,665,xgboost_naive_transfer,0.15,4,6.588727656072433,4.861203099307418,6.272118456339503,4.591970989813957
5219,9,Dgv,665,xgboost_naive_transfer_with_dummy,0.15,4,6.496008020038652,4.512406648164872,6.069497836626394,4.261442504877182
5220,9,Dgv,760,xgboost,0.01,1,6.438627202619205,4.547856969286979,6.055744878119273,4.299025311268802
5221,9,Dgv,760,xgboost_naive_transfer,0.01,1,6.734708691519402,5.07472421907505,6.307553394797715,4.652689188049711
5222,9,Dgv,760,xgboost_naive_transfer_with_dummy,0.01,1,6.578900528281819,4.7707973295882,6.129869669276677,4.384213857479857
5223,9,Dgv,760,xgboost,0.01,2,6.37359936274451,4.423731847327528,5.986310403782999,4.21687581283837
5224,9,Dgv,760,xgboost_naive_transfer,0.01,2,6.609110010317963,4.938416722912552,6.229811219151396,4.54430310518239
5225,9,Dgv,760,xgboost_naive_transfer_with_dummy,0.01,2,6.377356346769521,4.474497041285829,5.9780712951780135,4.173259602845266
5226,9,Dgv,760,xgboost,0.01,3,6.42302237977023,4.435785214270461,6.068406695345011,4.224580856017349
5227,9,Dgv,760,xgboost_naive_transfer,0.01,3,6.60229547939407,4.907250831081412,6.195229662799644,4.531805047092769
5228,9,Dgv,760,xgboost_naive_transfer_with_dummy,0.01,3,6.386755167479792,4.4504851061227635,5.993602451642474,4.213202081113139
5229,9,Dgv,760,xgboost,0.01,4,6.485241711878895,4.5066933682778085,6.227327997799585,4.306593826468743
5230,9,Dgv,760,xgboost_naive_transfer,0.01,4,6.609017515583001,4.893575265127082,6.261150867539454,4.573951772061785
5231,9,Dgv,760,xgboost_naive_transfer_with_dummy,0.01,4,6.405143114021041,4.453912020962063,6.056825098765342,4.240757420788103
5232,9,Dgv,760,xgboost,0.02,1,6.381064902496383,4.473337190705619,5.988185912375279,4.221532771770489
5233,9,Dgv,760,xgboost_naive_transfer,0.02,1,6.668456938121487,5.001271712598764,6.268032617925675,4.572417732063644
5234,9,Dgv,760,xgboost_naive_transfer_with_dummy,0.02,1,6.454698691348084,4.564569146940721,6.020717278195942,4.214853338031375
5235,9,Dgv,760,xgboost,0.02,2,6.3587184899483455,4.395293812601245,5.98847561806073,4.206964277668492
5236,9,Dgv,760,xgboost_naive_transfer,0.02,2,6.607378244823425,4.937133033614424,6.232771511220093,4.545074801373475
5237,9,Dgv,760,xgboost_naive_transfer_with_dummy,0.02,2,6.386640941863798,4.493195191126935,5.975343380519996,4.174889049094154
5238,9,Dgv,760,xgboost,0.02,3,6.415128047422786,4.4289281248187375,6.071654391682814,4.230499061204298
5239,9,Dgv,760,xgboost_naive_transfer,0.02,3,6.588177966288713,4.899596943908342,6.193264794902468,4.533441747683473
5240,9,Dgv,760,xgboost_naive_transfer_with_dummy,0.02,3,6.394801268998498,4.4586694674793055,5.997624231699984,4.222878039480438
5241,9,Dgv,760,xgboost,0.02,4,6.487669022152759,4.505849450807689,6.243162754576827,4.32496169664485
5242,9,Dgv,760,xgboost_naive_transfer,0.02,4,6.579703455703004,4.859814634043109,6.253286412682346,4.555987146241831
5243,9,Dgv,760,xgboost_naive_transfer_with_dummy,0.02,4,6.405303695390642,4.4623332128541655,6.045598003293492,4.239579306382149
5244,9,Dgv,760,xgboost,0.05,1,6.3789415024231415,4.469863820143581,5.98265149590926,4.215912959311496
5245,9,Dgv,760,xgboost_naive_transfer,0.05,1,6.6931408431676305,5.032201582418362,6.274716687239282,4.601184882507591
5246,9,Dgv,760,xgboost_naive_transfer_with_dummy,0.05,1,6.451584957231327,4.559010968519242,6.018832735501166,4.210817621849068
5247,9,Dgv,760,xgboost,0.05,2,6.37245983833244,4.415306812844627,5.975859379320875,4.2049086480065405
5248,9,Dgv,760,xgboost_naive_transfer,0.05,2,6.598567828073161,4.925727274280225,6.230199338716692,4.530914141264164
5249,9,Dgv,760,xgboost_naive_transfer_with_dummy,0.05,2,6.371798408014224,4.464965710043456,5.972945465848426,4.166323177183522
5250,9,Dgv,760,xgboost,0.05,3,6.446268666832844,4.444603738723153,6.08240529098214,4.221221099473002
5251,9,Dgv,760,xgboost_naive_transfer,0.05,3,6.575391301161478,4.897113158298233,6.166976084408595,4.515020066870264
5252,9,Dgv,760,xgboost_naive_transfer_with_dummy,0.05,3,6.394179387097047,4.452731503008291,5.988697431124943,4.208626321824594
5253,9,Dgv,760,xgboost,0.05,4,6.494173873626642,4.491475131881035,6.247841993494865,4.314423078999286
5254,9,Dgv,760,xgboost_naive_transfer,0.05,4,6.571749562375404,4.857680821820029,6.254120282202219,4.552191066669351
5255,9,Dgv,760,xgboost_naive_transfer_with_dummy,0.05,4,6.403879302278453,4.454692691508917,6.086608749518842,4.231088372122816
5256,9,Dgv,760,xgboost,0.1,1,6.374464116532772,4.458913167977217,5.988890922411213,4.218116570102775
5257,9,Dgv,760,xgboost_naive_transfer,0.1,1,6.684622321424377,5.0176624069252975,6.273755677917157,4.585455589366946
5258,9,Dgv,760,xgboost_naive_transfer_with_dummy,0.1,1,6.4324439709533445,4.521575744215975,6.01537558747848,4.19216624660406
5259,9,Dgv,760,xgboost,0.1,2,6.367332313280163,4.380441431544416,6.015979840838511,4.1982159624961986
5260,9,Dgv,760,xgboost_naive_transfer,0.1,2,6.600387819780714,4.917077303922514,6.240638929165498,4.536961972873029
5261,9,Dgv,760,xgboost_naive_transfer_with_dummy,0.1,2,6.366941208235176,4.4559222671905925,5.924770235755211,4.1167481376989805
5262,9,Dgv,760,xgboost,0.1,3,6.43670777675086,4.462848137666298,6.072126457861916,4.234829701196786
5263,9,Dgv,760,xgboost_naive_transfer,0.1,3,6.623691923648437,4.9110786168561855,6.209885270594848,4.535052132485383
5264,9,Dgv,760,xgboost_naive_transfer_with_dummy,0.1,3,6.406000308579011,4.4200300151820775,5.991209747945003,4.1905298561522235
5265,9,Dgv,760,xgboost,0.1,4,6.521616367770621,4.505812827431177,6.297639507328342,4.30260480864421
5266,9,Dgv,760,xgboost_naive_transfer,0.1,4,6.6085410766193355,4.881079985460211,6.247504975472532,4.563714680260891
5267,9,Dgv,760,xgboost_naive_transfer_with_dummy,0.1,4,6.430345529084264,4.462514357155101,6.050399604756612,4.246369685046092
5268,9,Dgv,760,xgboost,0.15,1,6.368439776828015,4.444828588661028,5.984776571576674,4.198657277792491
5269,9,Dgv,760,xgboost_naive_transfer,0.15,1,6.6789308259423485,5.007056966403283,6.286590010365429,4.58194818433312
5270,9,Dgv,760,xgboost_naive_transfer_with_dummy,0.15,1,6.4394839571111895,4.530877651190606,6.017566691622881,4.203824325618658
5271,9,Dgv,760,xgboost,0.15,2,6.3626568694186245,4.3873697904223805,6.059994525082827,4.211112618736876
5272,9,Dgv,760,xgboost_naive_transfer,0.15,2,6.612564004123677,4.945368229416628,6.22855399898466,4.546955142922674
5273,9,Dgv,760,xgboost_naive_transfer_with_dummy,0.15,2,6.393590667113863,4.45307758656763,5.955220420343488,4.124506371949076
5274,9,Dgv,760,xgboost,0.15,3,6.4206357169790005,4.433604717430869,6.080047262139706,4.204019685886138
5275,9,Dgv,760,xgboost_naive_transfer,0.15,3,6.605930955643321,4.891652825199863,6.155480787050553,4.501220731755288
5276,9,Dgv,760,xgboost_naive_transfer_with_dummy,0.15,3,6.4262261355039625,4.457273778210472,6.005262037741817,4.230355802141464
5277,9,Dgv,760,xgboost,0.15,4,6.546772117227207,4.514890321675121,6.270168248106055,4.355559675229361
5278,9,Dgv,760,xgboost_naive_transfer,0.15,4,6.5863930606913605,4.852947182722472,6.2046665814252595,4.532225871037018
5279,9,Dgv,760,xgboost_naive_transfer_with_dummy,0.15,4,6.45431641400653,4.479223639024887,6.099125243003615,4.291562092548178
5280,9,Dgv,855,xgboost,0.01,1,6.379221637276606,4.492750294348745,6.049852962866548,4.2895411712649185
5281,9,Dgv,855,xgboost_naive_transfer,0.01,1,6.664101521373748,5.038159505164361,6.307366157219317,4.657600756730767
5282,9,Dgv,855,xgboost_naive_transfer_with_dummy,0.01,1,6.521146265022779,4.758934411727774,6.1376644336701,4.388274630878655
5283,9,Dgv,855,xgboost,0.01,2,6.306880469629993,4.376403898332941,5.972527047352179,4.184908198672897
5284,9,Dgv,855,xgboost_naive_transfer,0.01,2,6.547331133384655,4.903969465817947,6.194388391155117,4.51555147374807
5285,9,Dgv,855,xgboost_naive_transfer_with_dummy,0.01,2,6.324803392608851,4.467791582698169,5.969031926683206,4.165916082089795
5286,9,Dgv,855,xgboost,0.01,3,6.376081092876109,4.409434254319472,6.053428368049181,4.243419127429215
5287,9,Dgv,855,xgboost_naive_transfer,0.01,3,6.582728369206746,4.919746210097929,6.1913850752428345,4.543005970019365
5288,9,Dgv,855,xgboost_naive_transfer_with_dummy,0.01,3,6.358964894291816,4.452094770573579,5.997696532875445,4.206051713112628
5289,9,Dgv,855,xgboost,0.01,4,6.4088459777265685,4.446848797314411,6.141514105648557,4.333217251303619
5290,9,Dgv,855,xgboost_naive_transfer,0.01,4,6.53692992954691,4.85130722922934,6.197926909855647,4.535814101481714
5291,9,Dgv,855,xgboost_naive_transfer_with_dummy,0.01,4,6.3866584135082105,4.498479093463244,6.029852400858215,4.260632401926558
5292,9,Dgv,855,xgboost,0.02,1,6.3416172887111015,4.453008948715812,6.000276697292348,4.236256247956861
5293,9,Dgv,855,xgboost_naive_transfer,0.02,1,6.598428679660814,4.959482359984732,6.263354830239887,4.584069988000724
5294,9,Dgv,855,xgboost_naive_transfer_with_dummy,0.02,1,6.378098982080394,4.534089197196874,6.025574890521746,4.21876153014957
5295,9,Dgv,855,xgboost,0.02,2,6.301105284808092,4.366735890934034,5.972834573806248,4.183116205023211
5296,9,Dgv,855,xgboost_naive_transfer,0.02,2,6.548635446433685,4.907194934905246,6.186263161972677,4.515382983441143
5297,9,Dgv,855,xgboost_naive_transfer_with_dummy,0.02,2,6.3257454910735875,4.457205438815175,5.964296552593184,4.156883472594816
5298,9,Dgv,855,xgboost,0.02,3,6.378017062117262,4.414834868252864,6.041049499957152,4.243510729976375
5299,9,Dgv,855,xgboost_naive_transfer,0.02,3,6.554578543999432,4.885865846824206,6.182678295522496,4.517423824987227
5300,9,Dgv,855,xgboost_naive_transfer_with_dummy,0.02,3,6.342860816866323,4.436398028983479,5.990341813999011,4.198825894700472
5301,9,Dgv,855,xgboost,0.02,4,6.406599090139552,4.447599673912273,6.161401600107598,4.345690315825788
5302,9,Dgv,855,xgboost_naive_transfer,0.02,4,6.538269238863384,4.852975795637063,6.188897069797884,4.52877688126082
5303,9,Dgv,855,xgboost_naive_transfer_with_dummy,0.02,4,6.385295017594955,4.491524854338275,6.028933909044115,4.258532918418543
5304,9,Dgv,855,xgboost,0.05,1,6.334806765173551,4.443503675798217,5.98539308816128,4.2209865210547335
5305,9,Dgv,855,xgboost_naive_transfer,0.05,1,6.605201482220287,4.970831484391245,6.268487628295218,4.593848112408442
5306,9,Dgv,855,xgboost_naive_transfer_with_dummy,0.05,1,6.391814058077345,4.554045890302827,6.0325529482700775,4.2308066303049205
5307,9,Dgv,855,xgboost,0.05,2,6.289036419517067,4.346250220008616,5.965843613439504,4.175613774798666
5308,9,Dgv,855,xgboost_naive_transfer,0.05,2,6.54718123755006,4.906637072990328,6.200891931738964,4.523697698157909
5309,9,Dgv,855,xgboost_naive_transfer_with_dummy,0.05,2,6.3295645953563975,4.460342247624362,5.965468308701495,4.155152036126403
5310,9,Dgv,855,xgboost,0.05,3,6.363979524721625,4.410557594792703,6.051460998999285,4.249684875877503
5311,9,Dgv,855,xgboost_naive_transfer,0.05,3,6.5607536502836705,4.892219014419968,6.186376068017811,4.522338221454704
5312,9,Dgv,855,xgboost_naive_transfer_with_dummy,0.05,3,6.359496911088113,4.435340072381417,5.983301954535624,4.2048633146418535
5313,9,Dgv,855,xgboost,0.05,4,6.395300785726581,4.419422095930824,6.174316928486589,4.314417234855454
5314,9,Dgv,855,xgboost_naive_transfer,0.05,4,6.510815781533727,4.833334654688287,6.210496346973168,4.541452099594848
5315,9,Dgv,855,xgboost_naive_transfer_with_dummy,0.05,4,6.368845441954544,4.453433828635687,6.037751882296629,4.255153262561337
5316,9,Dgv,855,xgboost,0.1,1,6.338080439422999,4.4470888723836515,5.976330182082124,4.210267589497336
5317,9,Dgv,855,xgboost_naive_transfer,0.1,1,6.57146277721724,4.913351978344766,6.266764064207466,4.562654683689834
5318,9,Dgv,855,xgboost_naive_transfer_with_dummy,0.1,1,6.347727893812891,4.478527564102485,6.0249375928368085,4.202040139097405
5319,9,Dgv,855,xgboost,0.1,2,6.322096892560156,4.377077456966445,5.952880540833887,4.17319545877357
5320,9,Dgv,855,xgboost_naive_transfer,0.1,2,6.534661481700107,4.877060059022507,6.200374699457151,4.499400001592966
5321,9,Dgv,855,xgboost_naive_transfer_with_dummy,0.1,2,6.323384891837844,4.457747567055669,5.963336046495973,4.150204666869308
5322,9,Dgv,855,xgboost,0.1,3,6.375004506132072,4.395980837184123,6.049606219953729,4.234862545663451
5323,9,Dgv,855,xgboost_naive_transfer,0.1,3,6.565685276393073,4.880847946427001,6.145472605164234,4.496023891737818
5324,9,Dgv,855,xgboost_naive_transfer_with_dummy,0.1,3,6.373076450192569,4.4456699938373,6.030677927477003,4.220402249388033
5325,9,Dgv,855,xgboost,0.1,4,6.445397091004022,4.446906304530425,6.199718085228741,4.327777093232981
5326,9,Dgv,855,xgboost_naive_transfer,0.1,4,6.51471938678306,4.8323643307535695,6.181501408155187,4.503584280366307
5327,9,Dgv,855,xgboost_naive_transfer_with_dummy,0.1,4,6.398134199717389,4.452747968897351,6.016929976930953,4.254208889624286
5328,9,Dgv,855,xgboost,0.15,1,6.34184060620379,4.442133215474544,5.979906650766521,4.200712990072684
5329,9,Dgv,855,xgboost_naive_transfer,0.15,1,6.58084479131006,4.924599178204202,6.253669527873046,4.555467025996967
5330,9,Dgv,855,xgboost_naive_transfer_with_dummy,0.15,1,6.374345142671994,4.520769137934683,6.0153126288425565,4.210854580421344
5331,9,Dgv,855,xgboost,0.15,2,6.329838479915008,4.383951477269826,5.9927407173153435,4.185720102792351
5332,9,Dgv,855,xgboost_naive_transfer,0.15,2,6.559011813180151,4.883936858553871,6.224580317492201,4.520099910226317
5333,9,Dgv,855,xgboost_naive_transfer_with_dummy,0.15,2,6.345052119250762,4.460357472133414,5.964452943903336,4.149974962728467
5334,9,Dgv,855,xgboost,0.15,3,6.435522421313678,4.481602543195469,6.051649152392436,4.27587380658193
5335,9,Dgv,855,xgboost_naive_transfer,0.15,3,6.551440906551382,4.8709503149073,6.158992299862901,4.4956195005208945
5336,9,Dgv,855,xgboost_naive_transfer_with_dummy,0.15,3,6.340575407359282,4.380998495526143,6.019878201149753,4.183760034736536
5337,9,Dgv,855,xgboost,0.15,4,6.4416819945201915,4.4939659506076435,6.213412508693883,4.339712541692658
5338,9,Dgv,855,xgboost_naive_transfer,0.15,4,6.567511278590236,4.82649278970781,6.244694859539842,4.5128689517879605
5339,9,Dgv,855,xgboost_naive_transfer_with_dummy,0.15,4,6.445483486485947,4.454697854023167,6.046652515025007,4.2059211584347596
5340,9,Dgv,950,xgboost,0.01,1,6.441776995047468,4.582255402491719,6.187036523359082,4.4090691002596945
5341,9,Dgv,950,xgboost_naive_transfer,0.01,1,6.721463435377479,5.071444636888712,6.3646006734741,4.698888006599695
5342,9,Dgv,950,xgboost_naive_transfer_with_dummy,0.01,1,6.588247562435231,4.813377148090767,6.219226364604402,4.45918499703472
5343,9,Dgv,950,xgboost,0.01,2,6.324912438515864,4.415855100976941,6.170044221762105,4.25965906350059
5344,9,Dgv,950,xgboost_naive_transfer,0.01,2,6.541245696160503,4.886536464180269,6.432576226726389,4.568824142786352
5345,9,Dgv,950,xgboost_naive_transfer_with_dummy,0.01,2,6.3454002806231715,4.476110874408951,6.226647127755765,4.226302190066017
5346,9,Dgv,950,xgboost,0.01,3,6.382483713200789,4.46283368367153,6.058198921866697,4.247501135124961
5347,9,Dgv,950,xgboost_naive_transfer,0.01,3,6.556913669477906,4.888006968770439,6.338194546341871,4.536054426226309
5348,9,Dgv,950,xgboost_naive_transfer_with_dummy,0.01,3,6.389615313967238,4.506113369659418,6.111091608444178,4.236777958237637
5349,9,Dgv,950,xgboost,0.01,4,6.377725716719258,4.423182895737423,6.273425718153395,4.3619416575222125
5350,9,Dgv,950,xgboost_naive_transfer,0.01,4,6.564202382701955,4.904648037536602,6.27114083781589,4.5478804823911005
5351,9,Dgv,950,xgboost_naive_transfer_with_dummy,0.01,4,6.406553525570081,4.500325565580421,6.144606686327429,4.269906667146874
5352,9,Dgv,950,xgboost,0.02,1,6.341026421963944,4.46105455024567,6.079117564907261,4.282603482389848
5353,9,Dgv,950,xgboost_naive_transfer,0.02,1,6.607844280186449,4.947936153685439,6.313155975487551,4.5945124564288236
5354,9,Dgv,950,xgboost_naive_transfer_with_dummy,0.02,1,6.415782265575684,4.559079465516149,6.102195211582725,4.268325310114277
5355,9,Dgv,950,xgboost,0.02,2,6.317065719422002,4.40705862793903,6.175395866740403,4.262364042974958
5356,9,Dgv,950,xgboost_naive_transfer,0.02,2,6.538721748955833,4.878819309667966,6.4358990714491675,4.55738445359887
5357,9,Dgv,950,xgboost_naive_transfer_with_dummy,0.02,2,6.346583785744231,4.473874528214332,6.2247119418261825,4.226687350454183
5358,9,Dgv,950,xgboost,0.02,3,6.381643698748797,4.4567151792474515,6.056612666835938,4.242577373791374
5359,9,Dgv,950,xgboost_naive_transfer,0.02,3,6.563726757283993,4.888175116902482,6.320273973501964,4.532940153497608
5360,9,Dgv,950,xgboost_naive_transfer_with_dummy,0.02,3,6.384256248018998,4.501062930892206,6.140579527879429,4.243697663877139
5361,9,Dgv,950,xgboost,0.02,4,6.379955169681428,4.432693768087618,6.2764108326129096,4.359145538720632
5362,9,Dgv,950,xgboost_naive_transfer,0.02,4,6.547542578812143,4.8884234342442925,6.282654744667841,4.543587775916027
5363,9,Dgv,950,xgboost_naive_transfer_with_dummy,0.02,4,6.4018032381343595,4.497824148370194,6.166301125758847,4.284680776334754
5364,9,Dgv,950,xgboost,0.05,1,6.365460096864081,4.491994209802754,6.099803240913995,4.309595294003876
5365,9,Dgv,950,xgboost_naive_transfer,0.05,1,6.602643444854469,4.940882207837292,6.30995903958963,4.583635367399786
5366,9,Dgv,950,xgboost_naive_transfer_with_dummy,0.05,1,6.388885260468931,4.495185513042308,6.073851526757149,4.222700518640391
5367,9,Dgv,950,xgboost,0.05,2,6.314582061365565,4.401685673530413,6.164148783069567,4.256261839754206
5368,9,Dgv,950,xgboost_naive_transfer,0.05,2,6.551535194321933,4.888462519746162,6.435460405722053,4.556246468175151
5369,9,Dgv,950,xgboost_naive_transfer_with_dummy,0.05,2,6.345852324613879,4.476084021492072,6.232449699494967,4.234036911202292
5370,9,Dgv,950,xgboost,0.05,3,6.370358145249186,4.433176332455884,6.058850500098478,4.243318441213614
5371,9,Dgv,950,xgboost_naive_transfer,0.05,3,6.5435184704682445,4.8684508520468945,6.313958153218084,4.521054075521673
5372,9,Dgv,950,xgboost_naive_transfer_with_dummy,0.05,3,6.4056279590571386,4.4922520980942044,6.112172215445538,4.22862227958801
5373,9,Dgv,950,xgboost,0.05,4,6.374365464238297,4.40715517203415,6.205531948552972,4.318686387061796
5374,9,Dgv,950,xgboost_naive_transfer,0.05,4,6.585521499205942,4.916743987786906,6.248562675256093,4.539026699585388
5375,9,Dgv,950,xgboost_naive_transfer_with_dummy,0.05,4,6.427984188465795,4.507767672554916,6.144279961372727,4.278736544372512
5376,9,Dgv,950,xgboost,0.1,1,6.336467265671596,4.4434196857734705,6.088735204610261,4.281024269742353
5377,9,Dgv,950,xgboost_naive_transfer,0.1,1,6.5997777460063904,4.928871846364203,6.302979902594691,4.562749629179822
5378,9,Dgv,950,xgboost_naive_transfer_with_dummy,0.1,1,6.3920121169843,4.50963295011595,6.080248491924814,4.232069656672413
5379,9,Dgv,950,xgboost,0.1,2,6.307293217303858,4.389475921400951,6.147135917317437,4.2748436573305035
5380,9,Dgv,950,xgboost_naive_transfer,0.1,2,6.576260661862976,4.914801999209138,6.2457865858296815,4.529263768289715
5381,9,Dgv,950,xgboost_naive_transfer_with_dummy,0.1,2,6.36282716140891,4.447831971748586,6.152014216034402,4.176230224095366
5382,9,Dgv,950,xgboost,0.1,3,6.330162071605871,4.399637969620955,6.139023848134707,4.227492198353008
5383,9,Dgv,950,xgboost_naive_transfer,0.1,3,6.539188206332978,4.842455334470483,6.3032504510202285,4.4776448728264295
5384,9,Dgv,950,xgboost_naive_transfer_with_dummy,0.1,3,6.3893775485632345,4.462382266751131,6.168634714838452,4.24582463923662
5385,9,Dgv,950,xgboost,0.1,4,6.382458535859535,4.391586911796987,6.313174773254429,4.311316451519639
5386,9,Dgv,950,xgboost_naive_transfer,0.1,4,6.582612302076907,4.911193339513308,6.264731821339446,4.522938190915356
5387,9,Dgv,950,xgboost_naive_transfer_with_dummy,0.1,4,6.405233167032418,4.490066850129902,6.0711888794075275,4.255577687455872
5388,9,Dgv,950,xgboost,0.15,1,6.354726406662847,4.449738433847116,6.0808349710167775,4.2835647479063645
5389,9,Dgv,950,xgboost_naive_transfer,0.15,1,6.602391554863631,4.929993328700129,6.288497831526256,4.556604237183661
5390,9,Dgv,950,xgboost_naive_transfer_with_dummy,0.15,1,6.39100834227056,4.515633141032895,6.066908328725017,4.2282853042108215
5391,9,Dgv,950,xgboost,0.15,2,6.321754150344171,4.397935218501484,6.239947633855096,4.264334918286642
5392,9,Dgv,950,xgboost_naive_transfer,0.15,2,6.5625193024907205,4.888278708476577,6.526671211720295,4.556530534822214
5393,9,Dgv,950,xgboost_naive_transfer_with_dummy,0.15,2,6.369294360996415,4.470917001489409,6.267486987206755,4.232473881074484
5394,9,Dgv,950,xgboost,0.15,3,6.361017623765249,4.428444026488484,6.165353254251977,4.303548344200062
5395,9,Dgv,950,xgboost_naive_transfer,0.15,3,6.5517741131953695,4.868624533441227,6.282292518959962,4.473876716642361
5396,9,Dgv,950,xgboost_naive_transfer_with_dummy,0.15,3,6.4002571952429115,4.4707741603469495,6.171727692668396,4.2100746133086835
5397,9,Dgv,950,xgboost,0.15,4,6.44496919174185,4.427386515222192,6.3813998916981856,4.397148090502453
5398,9,Dgv,950,xgboost_naive_transfer,0.15,4,6.588608013638942,4.87022946396726,6.367926420770426,4.545725036577371
5399,9,Dgv,950,xgboost_naive_transfer_with_dummy,0.15,4,6.404717377375203,4.441340618490599,6.181200389467101,4.30510556855041
5400,10,Dgv,95,xgboost,0.01,1,7.163882259637712,5.141575627024521,7.228333917853704,5.166131536105068
5401,10,Dgv,95,xgboost_naive_transfer,0.01,1,7.292437338962871,5.555122624515047,7.3443030120361605,5.454869367396775
5402,10,Dgv,95,xgboost_naive_transfer_with_dummy,0.01,1,7.292437338962871,5.555122624515047,7.3443030120361605,5.454869367396775
5403,10,Dgv,95,xgboost,0.01,2,7.218395586996902,5.106316679047377,7.2055754305826865,5.150368823909569
5404,10,Dgv,95,xgboost_naive_transfer,0.01,2,7.258864637487842,5.504008058363687,7.304280595220326,5.432326929942093
5405,10,Dgv,95,xgboost_naive_transfer_with_dummy,0.01,2,7.1656948699889425,5.372340013555891,7.202613153065308,5.302287266312514
5406,10,Dgv,95,xgboost,0.01,3,7.348935649656835,5.1827758874708785,7.216352682437949,5.168491977064977
5407,10,Dgv,95,xgboost_naive_transfer,0.01,3,7.2394958533518565,5.480117406211345,7.318044899955706,5.447486260251518
5408,10,Dgv,95,xgboost_naive_transfer_with_dummy,0.01,3,7.220100251928368,5.445139198455309,7.27701714400657,5.402904392148848
5409,10,Dgv,95,xgboost,0.01,4,7.540636632450688,5.32261977465255,7.212675654758764,5.143192725717682
5410,10,Dgv,95,xgboost_naive_transfer,0.01,4,7.220156454488095,5.439376057604272,7.29707363351886,5.441668187860539
5411,10,Dgv,95,xgboost_naive_transfer_with_dummy,0.01,4,7.095989479659844,5.216426786070723,7.135665106569352,5.228289898607524
5412,10,Dgv,95,xgboost,0.02,1,7.161089838462618,5.138596104520216,7.225858029544428,5.160876395097795
5413,10,Dgv,95,xgboost_naive_transfer,0.02,1,7.292826372866736,5.554200369528562,7.342245853156665,5.453940165321886
5414,10,Dgv,95,xgboost_naive_transfer_with_dummy,0.02,1,7.292826372866736,5.554200369528562,7.342245853156665,5.453940165321886
5415,10,Dgv,95,xgboost,0.02,2,7.206554911743377,5.0942867551566104,7.19404231976763,5.139049453578803
5416,10,Dgv,95,xgboost_naive_transfer,0.02,2,7.256681023693754,5.500211590331653,7.30202480064796,5.431693466835436
5417,10,Dgv,95,xgboost_naive_transfer_with_dummy,0.02,2,7.241150271213997,5.481004182028944,7.290512063890412,5.415414269854941
5418,10,Dgv,95,xgboost,0.02,3,7.36560418541195,5.187482383149267,7.187762314737038,5.138500754208645
5419,10,Dgv,95,xgboost_naive_transfer,0.02,3,7.243276863761433,5.4828648902868125,7.310955690105728,5.441684462176679
5420,10,Dgv,95,xgboost_naive_transfer_with_dummy,0.02,3,7.2325536441899265,5.467526862420238,7.303496926181639,5.430624654654775
5421,10,Dgv,95,xgboost,0.02,4,7.531704314728469,5.351271285728672,7.19564717252337,5.155760209382041
5422,10,Dgv,95,xgboost_naive_transfer,0.02,4,7.222590220069376,5.4374076551604,7.29177410812437,5.433659184605787
5423,10,Dgv,95,xgboost_naive_transfer_with_dummy,0.02,4,7.110965092496982,5.263145258128036,7.173296441795372,5.278054393854877
5424,10,Dgv,95,xgboost,0.05,1,7.17421588246539,5.142846383073317,7.22919895040486,5.167834944602961
5425,10,Dgv,95,xgboost_naive_transfer,0.05,1,7.289228917460688,5.54682955525533,7.334991892153731,5.447780056746199
5426,10,Dgv,95,xgboost_naive_transfer_with_dummy,0.05,1,7.289228917460688,5.54682955525533,7.334991892153731,5.447780056746199
5427,10,Dgv,95,xgboost,0.05,2,7.178822937033767,5.0426418102208705,7.129263976976856,5.087589508198652
5428,10,Dgv,95,xgboost_naive_transfer,0.05,2,7.261984662033799,5.509284902990666,7.319964090946061,5.440205974126855
5429,10,Dgv,95,xgboost_naive_transfer_with_dummy,0.05,2,7.261984662033799,5.509284902990666,7.319964090946061,5.440205974126855
5430,10,Dgv,95,xgboost,0.05,3,7.381666661781653,5.196635474371258,7.214309777126736,5.138712728211714
5431,10,Dgv,95,xgboost_naive_transfer,0.05,3,7.255346470007376,5.481021774416642,7.275845089935844,5.409867927871729
5432,10,Dgv,95,xgboost_naive_transfer_with_dummy,0.05,3,7.255346470007376,5.481021774416642,7.275845089935844,5.409867927871729
5433,10,Dgv,95,xgboost,0.05,4,7.501267813722488,5.250788784473094,7.128385553114591,5.038196746511369
5434,10,Dgv,95,xgboost_naive_transfer,0.05,4,7.2366089113735255,5.433174263897529,7.276243425247949,5.418892092985867
5435,10,Dgv,95,xgboost_naive_transfer_with_dummy,0.05,4,7.06211173949223,5.141280771211414,7.099926771995251,5.168437176087533
5436,10,Dgv,95,xgboost,0.1,1,7.1472611301730575,5.097316564496397,7.18421581354885,5.111725510050976
5437,10,Dgv,95,xgboost_naive_transfer,0.1,1,7.288672047642877,5.536462809785991,7.32554318096404,5.438282871494295
5438,10,Dgv,95,xgboost_naive_transfer_with_dummy,0.1,1,7.288672047642877,5.536462809785991,7.32554318096404,5.438282871494295
5439,10,Dgv,95,xgboost,0.1,2,7.206409005314242,5.060962568326331,7.199921994507543,5.11280668620514
5440,10,Dgv,95,xgboost_naive_transfer,0.1,2,7.2743757574726295,5.510196826197444,7.295992419620798,5.4259838069924236
5441,10,Dgv,95,xgboost_naive_transfer_with_dummy,0.1,2,7.2743757574726295,5.510196826197444,7.295992419620798,5.4259838069924236
5442,10,Dgv,95,xgboost,0.1,3,7.361387270892053,5.13595082225267,7.2173661006354175,5.105143251419596
5443,10,Dgv,95,xgboost_naive_transfer,0.1,3,7.2771031422805414,5.48902086695236,7.267816658254994,5.3879761043853165
5444,10,Dgv,95,xgboost_naive_transfer_with_dummy,0.1,3,6.912497925313373,4.907597256781303,7.029101831896824,4.969928643653151
5445,10,Dgv,95,xgboost,0.1,4,7.545529696395808,5.276143992185538,7.114607630510555,5.014053366878987
5446,10,Dgv,95,xgboost_naive_transfer,0.1,4,7.257912603334838,5.443470306366816,7.269880307687663,5.419694742888919
5447,10,Dgv,95,xgboost_naive_transfer_with_dummy,0.1,4,6.9859222195386455,4.950578770306668,7.112201723435549,5.036510363058486
5448,10,Dgv,95,xgboost,0.15,1,7.153772589681581,5.080828820085861,7.245829531644606,5.132439889502782
5449,10,Dgv,95,xgboost_naive_transfer,0.15,1,7.318438864372976,5.559519929373255,7.33163224620851,5.4497879290852245
5450,10,Dgv,95,xgboost_naive_transfer_with_dummy,0.15,1,7.318438864372976,5.559519929373255,7.33163224620851,5.4497879290852245
5451,10,Dgv,95,xgboost,0.15,2,7.157241365298342,5.0137211968562045,7.239242270934841,5.112176013596349
5452,10,Dgv,95,xgboost_naive_transfer,0.15,2,7.268647573176191,5.460556946149605,7.291711886135811,5.404270120677232
5453,10,Dgv,95,xgboost_naive_transfer_with_dummy,0.15,2,7.004430659211087,5.083097806333558,7.082945091943878,5.099707479831962
5454,10,Dgv,95,xgboost,0.15,3,7.4176628329668945,5.157478057654637,7.154382277862141,5.077361583304081
5455,10,Dgv,95,xgboost_naive_transfer,0.15,3,7.3023883221503025,5.479858088627421,7.298523366609632,5.411219276792217
5456,10,Dgv,95,xgboost_naive_transfer_with_dummy,0.15,3,6.930943049404387,4.900336094630482,7.046629571685156,4.971096614450125
5457,10,Dgv,95,xgboost,0.15,4,7.611826404817292,5.299069466042864,7.085868971845061,5.010718641787047
5458,10,Dgv,95,xgboost_naive_transfer,0.15,4,7.270026356738255,5.437230924785209,7.248606536985807,5.391476646965328
5459,10,Dgv,95,xgboost_naive_transfer_with_dummy,0.15,4,7.078763364448891,5.063636071976128,7.007910003894101,5.047853203238196
5460,10,Dgv,190,xgboost,0.01,1,6.817245485493772,4.744729644290846,7.064596833972043,4.888339475795754
5461,10,Dgv,190,xgboost_naive_transfer,0.01,1,7.241462640026177,5.483141718775578,7.303055505166404,5.388871227362031
5462,10,Dgv,190,xgboost_naive_transfer_with_dummy,0.01,1,7.040440595332347,5.218291487290906,7.184998354292904,5.178810899648311
5463,10,Dgv,190,xgboost,0.01,2,6.899519596715527,4.775677786978606,7.076192987664829,4.887732522910389
5464,10,Dgv,190,xgboost_naive_transfer,0.01,2,7.242998932170245,5.465519681949742,7.318248348462712,5.409163132055701
5465,10,Dgv,190,xgboost_naive_transfer_with_dummy,0.01,2,6.795939356865061,4.869898299250515,6.976663392234452,4.897910921869003
5466,10,Dgv,190,xgboost,0.01,3,6.9606053639883685,4.7996487321833445,7.121379246057047,4.989102796171476
5467,10,Dgv,190,xgboost_naive_transfer,0.01,3,7.220898287922762,5.423109016899828,7.288807927348687,5.373858771527084
5468,10,Dgv,190,xgboost_naive_transfer_with_dummy,0.01,3,6.79942998402746,4.816971299441586,6.949751602239459,4.87159062086643
5469,10,Dgv,190,xgboost,0.01,4,7.166682265080038,5.0044082565974275,7.2813816471106865,5.140485482834937
5470,10,Dgv,190,xgboost_naive_transfer,0.01,4,7.1992883926088425,5.390489293346458,7.239205277418797,5.357609862527897
5471,10,Dgv,190,xgboost_naive_transfer_with_dummy,0.01,4,7.000094110802815,5.0807083861979025,7.1089970971083245,5.104097844309353
5472,10,Dgv,190,xgboost,0.02,1,6.8128160689797514,4.737287163902406,7.061282283247831,4.882661769152253
5473,10,Dgv,190,xgboost_naive_transfer,0.02,1,7.242738556815562,5.483713345137626,7.3035933293152215,5.38977899229878
5474,10,Dgv,190,xgboost_naive_transfer_with_dummy,0.02,1,7.012792472111635,5.180806996882214,7.164184607574005,5.149121388550821
5475,10,Dgv,190,xgboost,0.02,2,6.9144199648430495,4.785132585012076,7.078987046236333,4.886438371773786
5476,10,Dgv,190,xgboost_naive_transfer,0.02,2,7.210343716394327,5.42753075126521,7.245613374889158,5.324172320380278
5477,10,Dgv,190,xgboost_naive_transfer_with_dummy,0.02,2,6.789696955311386,4.856714341343207,6.973292681300772,4.889659583815896
5478,10,Dgv,190,xgboost,0.02,3,6.967853257235581,4.805972060123549,7.138422687061259,5.006023670345346
5479,10,Dgv,190,xgboost_naive_transfer,0.02,3,7.2212731523704,5.416179674670623,7.269900010500402,5.355602738707174
5480,10,Dgv,190,xgboost_naive_transfer_with_dummy,0.02,3,6.783873035881499,4.803803187339278,6.95316109378105,4.870678761227287
5481,10,Dgv,190,xgboost,0.02,4,7.163716924342906,5.010769659043822,7.28600289642703,5.14452687523835
5482,10,Dgv,190,xgboost_naive_transfer,0.02,4,7.205267818252776,5.384936541522429,7.241766009471499,5.3450697035793056
5483,10,Dgv,190,xgboost_naive_transfer_with_dummy,0.02,4,6.852391784208518,4.816963037200897,6.967192909470172,4.86252352237389
5484,10,Dgv,190,xgboost,0.05,1,6.818122477726681,4.7470893969301,7.071749198543813,4.896389172348622
5485,10,Dgv,190,xgboost_naive_transfer,0.05,1,7.237259575253115,5.474012284670684,7.2937014429894065,5.3793071266585875
5486,10,Dgv,190,xgboost_naive_transfer_with_dummy,0.05,1,6.897757400330677,5.012754102977592,7.072302207256671,5.015613462672858
5487,10,Dgv,190,xgboost,0.05,2,6.850393905683536,4.7406399470052625,7.011716285372094,4.852135483991934
5488,10,Dgv,190,xgboost_naive_transfer,0.05,2,7.218698024305268,5.434620782299024,7.252983992281359,5.337060587267114
5489,10,Dgv,190,xgboost_naive_transfer_with_dummy,0.05,2,6.756034846741124,4.786442313856491,6.941447836239924,4.8359547641661145
5490,10,Dgv,190,xgboost,0.05,3,6.954043135943401,4.7908943566073,7.087457879905441,4.94067179176432
5491,10,Dgv,190,xgboost_naive_transfer,0.05,3,7.220139222790481,5.406956775483964,7.24958067531472,5.333461155215239
5492,10,Dgv,190,xgboost_naive_transfer_with_dummy,0.05,3,6.810679062436148,4.838233503102943,6.954497901740247,4.871494149937908
5493,10,Dgv,190,xgboost,0.05,4,7.215087199110258,5.047088780791062,7.261381401161602,5.104881751290159
5494,10,Dgv,190,xgboost_naive_transfer,0.05,4,7.210118523687947,5.393709942094567,7.2413648415919125,5.343193434942398
5495,10,Dgv,190,xgboost_naive_transfer_with_dummy,0.05,4,6.856210057523521,4.83194160547589,6.980833325405925,4.869833910926428
5496,10,Dgv,190,xgboost,0.1,1,6.8048014778212,4.724135994758828,7.07858577673066,4.898067419459845
5497,10,Dgv,190,xgboost_naive_transfer,0.1,1,7.244218472058107,5.481099868233127,7.296231206738278,5.387686442085792
5498,10,Dgv,190,xgboost_naive_transfer_with_dummy,0.1,1,6.834414443874705,4.902714549604789,7.019428097855827,4.9479818745305595
5499,10,Dgv,190,xgboost,0.1,2,6.858984555839614,4.7556803554953175,6.9952764025977565,4.819638655911764
5500,10,Dgv,190,xgboost_naive_transfer,0.1,2,7.231650598555677,5.4314534988841,7.247630913825724,5.326279294696142
5501,10,Dgv,190,xgboost_naive_transfer_with_dummy,0.1,2,6.771737467360082,4.827323454611689,6.943726285550232,4.8574877965860574
5502,10,Dgv,190,xgboost,0.1,3,6.982054345485799,4.8244533034030965,7.042694123634714,4.897686151227707
5503,10,Dgv,190,xgboost_naive_transfer,0.1,3,7.200672196013615,5.362244978773196,7.227734878656386,5.29775557326803
5504,10,Dgv,190,xgboost_naive_transfer_with_dummy,0.1,3,6.813409337396966,4.8315477210001525,6.9350867032510015,4.850707322569815
5505,10,Dgv,190,xgboost,0.1,4,7.133447460636373,4.983220427472044,7.330035607180577,5.1218022437503565
5506,10,Dgv,190,xgboost_naive_transfer,0.1,4,7.267056283690353,5.431748529509874,7.246446603359555,5.340585728422923
5507,10,Dgv,190,xgboost_naive_transfer_with_dummy,0.1,4,6.879467541522814,4.829821837365381,6.994299656734817,4.909766492738847
5508,10,Dgv,190,xgboost,0.15,1,6.811053761824248,4.72021962785446,7.0750468753724975,4.896809347141416
5509,10,Dgv,190,xgboost_naive_transfer,0.15,1,7.23496921962253,5.473234609494686,7.283940425822269,5.364447319509338
5510,10,Dgv,190,xgboost_naive_transfer_with_dummy,0.15,1,6.9928488812877685,5.150586889966141,7.145354683121793,5.11084703676164
5511,10,Dgv,190,xgboost,0.15,2,6.955521053720413,4.793487399121942,7.0193913652988185,4.833614478946684
5512,10,Dgv,190,xgboost_naive_transfer,0.15,2,7.208749298466594,5.420803314806108,7.229042552696167,5.318913819700573
5513,10,Dgv,190,xgboost_naive_transfer_with_dummy,0.15,2,6.760522664926853,4.812394014295247,6.9281446036548155,4.842128593203811
5514,10,Dgv,190,xgboost,0.15,3,7.011153777714862,4.853499965837511,7.001920231291746,4.899596651142224
5515,10,Dgv,190,xgboost_naive_transfer,0.15,3,7.213591272157892,5.377352353620917,7.274491758859329,5.3159086260268875
5516,10,Dgv,190,xgboost_naive_transfer_with_dummy,0.15,3,6.827684503082323,4.833371816891851,6.976796635053459,4.861560262487263
5517,10,Dgv,190,xgboost,0.15,4,7.126616217890469,5.009569782157075,7.178832406200492,5.059068588560802
5518,10,Dgv,190,xgboost_naive_transfer,0.15,4,7.276847406921226,5.424383317698788,7.249091688433662,5.32905379903516
5519,10,Dgv,190,xgboost_naive_transfer_with_dummy,0.15,4,6.939431721385731,4.865349231765835,7.046467184790584,4.944419595474331
5520,10,Dgv,285,xgboost,0.01,1,6.827726532482057,4.765847738604156,7.10453634569179,4.9623313062058925
5521,10,Dgv,285,xgboost_naive_transfer,0.01,1,7.213524604443955,5.436824984299488,7.2811004180162,5.36195772012298
5522,10,Dgv,285,xgboost_naive_transfer_with_dummy,0.01,1,6.990039497001984,5.130972591666906,7.1571249925777165,5.12267403281311
5523,10,Dgv,285,xgboost,0.01,2,7.012533839383598,4.900824402710796,7.251539161937903,5.058187955559226
5524,10,Dgv,285,xgboost_naive_transfer,0.01,2,7.222353205207288,5.419860960250938,7.252197437448242,5.358574705934627
5525,10,Dgv,285,xgboost_naive_transfer_with_dummy,0.01,2,6.893850115560724,4.947747984857352,7.021442872810325,4.980187813044844
5526,10,Dgv,285,xgboost,0.01,3,7.253079065756092,5.041412002006355,7.276265082090322,5.107144160532444
5527,10,Dgv,285,xgboost_naive_transfer,0.01,3,7.2328098982930635,5.396630591144412,7.261147087205386,5.364523934723586
5528,10,Dgv,285,xgboost_naive_transfer_with_dummy,0.01,3,6.849153283749415,4.820313116577119,6.952099519260126,4.902345775519622
5529,10,Dgv,285,xgboost,0.01,4,7.296671757915754,5.097110856573932,7.3684145728858415,5.230242115665214
5530,10,Dgv,285,xgboost_naive_transfer,0.01,4,7.212180817115576,5.357447039185657,7.260915022174819,5.377029988304932
5531,10,Dgv,285,xgboost_naive_transfer_with_dummy,0.01,4,6.903961519792829,4.846127197229546,7.051500151171928,4.991280761399691
5532,10,Dgv,285,xgboost,0.02,1,6.836971961398485,4.774622357502681,7.114952118395671,4.9693712488084225
5533,10,Dgv,285,xgboost_naive_transfer,0.02,1,7.211524553029152,5.434433078263914,7.2780157847571845,5.359053816462959
5534,10,Dgv,285,xgboost_naive_transfer_with_dummy,0.02,1,6.981345711800484,5.118644554693366,7.148668074113721,5.111638563570237
5535,10,Dgv,285,xgboost,0.02,2,7.004346270093868,4.889111103975321,7.234488250508637,5.039896024685968
5536,10,Dgv,285,xgboost_naive_transfer,0.02,2,7.215600621983296,5.406205006284429,7.237094392807505,5.344625793204824
5537,10,Dgv,285,xgboost_naive_transfer_with_dummy,0.02,2,6.804159173052799,4.751306689204338,6.950095832326142,4.863028867251508
5538,10,Dgv,285,xgboost,0.02,3,7.2588149450225625,5.039123956668616,7.2774227484566625,5.108869039915589
5539,10,Dgv,285,xgboost_naive_transfer,0.02,3,7.231621538119191,5.391277120842531,7.257992574795918,5.359364624931478
5540,10,Dgv,285,xgboost_naive_transfer_with_dummy,0.02,3,6.849988500677454,4.801168542118083,6.953116536659558,4.892106536055786
5541,10,Dgv,285,xgboost,0.02,4,7.296975727604618,5.080208731822783,7.356203601970312,5.209995665477095
5542,10,Dgv,285,xgboost_naive_transfer,0.02,4,7.215792847578035,5.3545870829701805,7.255707660264135,5.366677559910413
5543,10,Dgv,285,xgboost_naive_transfer_with_dummy,0.02,4,6.88742842102183,4.834538087529124,7.036698875830034,4.990462635252585
5544,10,Dgv,285,xgboost,0.05,1,6.797409786860963,4.732442059250388,7.065585110661392,4.944601300887443
5545,10,Dgv,285,xgboost_naive_transfer,0.05,1,7.203249137479835,5.4150563710332085,7.259056469596152,5.34556692429593
5546,10,Dgv,285,xgboost_naive_transfer_with_dummy,0.05,1,6.92413432851692,5.03194260633387,7.095366034168736,5.042412174937427
5547,10,Dgv,285,xgboost,0.05,2,6.99376597500637,4.836604043063916,7.1600733910195595,4.991332901427549
5548,10,Dgv,285,xgboost_naive_transfer,0.05,2,7.224444480993138,5.392357177338705,7.232060877849264,5.3296957839965176
5549,10,Dgv,285,xgboost_naive_transfer_with_dummy,0.05,2,6.820683106691849,4.783857070632555,6.9681631782818725,4.893720525556665
5550,10,Dgv,285,xgboost,0.05,3,7.250044589238859,5.006366437323327,7.276033442768125,5.101973066868848
5551,10,Dgv,285,xgboost_naive_transfer,0.05,3,7.245745367624219,5.396509926422095,7.259560806520584,5.359694570051141
5552,10,Dgv,285,xgboost_naive_transfer_with_dummy,0.05,3,6.866348914544583,4.793487302001666,6.953418523761445,4.899374270271046
5553,10,Dgv,285,xgboost,0.05,4,7.319549022631917,5.083842944845207,7.359648903566886,5.213773514554215
5554,10,Dgv,285,xgboost_naive_transfer,0.05,4,7.226965487281638,5.342826975234811,7.26683204813547,5.362200548565364
5555,10,Dgv,285,xgboost_naive_transfer_with_dummy,0.05,4,6.860226434490911,4.770463725115714,7.052882038810302,4.974823955403454
5556,10,Dgv,285,xgboost,0.1,1,6.7955942985853355,4.725408544784623,7.052603797675847,4.932807000336049
5557,10,Dgv,285,xgboost_naive_transfer,0.1,1,7.200460121725525,5.399550558267987,7.23688555419059,5.326473945298982
5558,10,Dgv,285,xgboost_naive_transfer_with_dummy,0.1,1,6.818941808622378,4.843599257561463,6.993377005501564,4.913222196119289
5559,10,Dgv,285,xgboost,0.1,2,6.9878818266757685,4.820586893085228,7.125184465489016,4.971224243362231
5560,10,Dgv,285,xgboost_naive_transfer,0.1,2,7.230165785488888,5.396538048661622,7.222723920734251,5.328344794690158
5561,10,Dgv,285,xgboost_naive_transfer_with_dummy,0.1,2,6.817076758732671,4.756178292352399,6.939314842662165,4.8510193113936
5562,10,Dgv,285,xgboost,0.1,3,7.336255149099949,5.0695344377293345,7.375904000551865,5.168389540557342
5563,10,Dgv,285,xgboost_naive_transfer,0.1,3,7.252212726906722,5.3979329690408075,7.215807276956705,5.3202076554818465
5564,10,Dgv,285,xgboost_naive_transfer_with_dummy,0.1,3,6.8854442575012635,4.794962706676705,6.974565019982962,4.884858081680911
5565,10,Dgv,285,xgboost,0.1,4,7.321859255945757,5.033984967364302,7.374625606785598,5.22388538677537
5566,10,Dgv,285,xgboost_naive_transfer,0.1,4,7.176271662292452,5.296942324245471,7.268943498820963,5.350665874425207
5567,10,Dgv,285,xgboost_naive_transfer_with_dummy,0.1,4,6.883342722657373,4.817175972597995,7.09282706184567,5.008228116548777
5568,10,Dgv,285,xgboost,0.15,1,6.809152971270328,4.750110051160131,7.070457473252148,4.964160181345267
5569,10,Dgv,285,xgboost_naive_transfer,0.15,1,7.220549144883957,5.434740733649109,7.250604705159072,5.341248608024674
5570,10,Dgv,285,xgboost_naive_transfer_with_dummy,0.15,1,6.883653099757009,4.969750427321154,7.033719752575542,4.973504686386839
5571,10,Dgv,285,xgboost,0.15,2,7.053878903119813,4.885266985940942,7.210240654816381,5.024516501484804
5572,10,Dgv,285,xgboost_naive_transfer,0.15,2,7.195231925898284,5.3792724396565115,7.204356419655205,5.31575748310493
5573,10,Dgv,285,xgboost_naive_transfer_with_dummy,0.15,2,6.818255915680429,4.789312328125458,6.9648712071352366,4.872032116542201
5574,10,Dgv,285,xgboost,0.15,3,7.173202023659068,4.940911920121132,7.243753342729364,5.0841097668192
5575,10,Dgv,285,xgboost_naive_transfer,0.15,3,7.2370125820171145,5.377782237562946,7.261695793322067,5.353821719176287
5576,10,Dgv,285,xgboost_naive_transfer_with_dummy,0.15,3,6.915132082407325,4.813634340965516,6.9571958692191,4.914652780139167
5577,10,Dgv,285,xgboost,0.15,4,7.378788902943739,5.142654886331702,7.404387328281921,5.209182264430075
5578,10,Dgv,285,xgboost_naive_transfer,0.15,4,7.228287024680381,5.314481065133981,7.274060852093757,5.35984927640591
5579,10,Dgv,285,xgboost_naive_transfer_with_dummy,0.15,4,6.878541790802316,4.810421831664759,7.0575320239024375,4.962383787090726
5580,10,Dgv,380,xgboost,0.01,1,6.693926914795663,4.610126878490057,7.056226006605472,4.859407461748374
5581,10,Dgv,380,xgboost_naive_transfer,0.01,1,7.128622094378637,5.342005371678487,7.2283150490350385,5.300923362314883
5582,10,Dgv,380,xgboost_naive_transfer_with_dummy,0.01,1,6.862850432444829,4.956575144228327,7.099579338861179,5.017558690248391
5583,10,Dgv,380,xgboost,0.01,2,6.778782982084821,4.663934591019426,7.100299532918097,4.90604311412868
5584,10,Dgv,380,xgboost_naive_transfer,0.01,2,7.089987234746316,5.286879552896426,7.172089723352033,5.265110911734899
5585,10,Dgv,380,xgboost_naive_transfer_with_dummy,0.01,2,6.6546662638176945,4.62731720723517,6.919448633993821,4.806308065785256
5586,10,Dgv,380,xgboost,0.01,3,6.879757034005464,4.710094270022748,7.113236620968794,4.873807805326291
5587,10,Dgv,380,xgboost_naive_transfer,0.01,3,7.094612460563237,5.253930132356669,7.186371392728408,5.276451227432722
5588,10,Dgv,380,xgboost_naive_transfer_with_dummy,0.01,3,6.66288084812258,4.613764894179884,6.911215786673031,4.799909249371347
5589,10,Dgv,380,xgboost,0.01,4,6.914931647706811,4.790031766260224,7.220336042239681,4.968639424283021
5590,10,Dgv,380,xgboost_naive_transfer,0.01,4,7.088066401432913,5.240410094004612,7.2330695200135295,5.315087971606984
5591,10,Dgv,380,xgboost_naive_transfer_with_dummy,0.01,4,6.7835198268583214,4.753090281442192,7.011086308042248,4.9186203644353546
5592,10,Dgv,380,xgboost,0.02,1,6.688713992942278,4.598712751153714,7.044094174145297,4.851663652911121
5593,10,Dgv,380,xgboost_naive_transfer,0.02,1,7.1231642329351486,5.333752998936788,7.216399220492448,5.289993185623988
5594,10,Dgv,380,xgboost_naive_transfer_with_dummy,0.02,1,6.79113029502358,4.843413785901066,7.029853487174298,4.933425727398662
5595,10,Dgv,380,xgboost,0.02,2,6.768680529223798,4.649188509407219,7.082643092603711,4.890257377442375
5596,10,Dgv,380,xgboost_naive_transfer,0.02,2,7.090931143582329,5.290307383140792,7.174938636063816,5.268619052403057
5597,10,Dgv,380,xgboost_naive_transfer_with_dummy,0.02,2,6.652561084547388,4.623702789635093,6.91821146182105,4.802806459783996
5598,10,Dgv,380,xgboost,0.02,3,6.8762424854891355,4.705997883442465,7.115051473692938,4.8698378994316185
5599,10,Dgv,380,xgboost_naive_transfer,0.02,3,7.094935979742037,5.2523093076432135,7.187426494896527,5.280760599045876
5600,10,Dgv,380,xgboost_naive_transfer_with_dummy,0.02,3,6.670077082549103,4.599963197684722,6.918715942433424,4.792543409293623
5601,10,Dgv,380,xgboost,0.02,4,6.923321267905716,4.791405660021152,7.208554755250601,4.960289310729753
5602,10,Dgv,380,xgboost_naive_transfer,0.02,4,7.086750142362759,5.241317206878039,7.232741662033168,5.3172564281998875
5603,10,Dgv,380,xgboost_naive_transfer_with_dummy,0.02,4,6.783780699352285,4.746988132876797,7.016837332171118,4.918775201497061
5604,10,Dgv,380,xgboost,0.05,1,6.677252451832134,4.584339735886284,7.0313562340076,4.843378793286145
5605,10,Dgv,380,xgboost_naive_transfer,0.05,1,7.118466750919986,5.3218969244257215,7.2028191015316505,5.276112446032796
5606,10,Dgv,380,xgboost_naive_transfer_with_dummy,0.05,1,6.757419068927277,4.781520133890313,6.995716762948286,4.891270650679559
5607,10,Dgv,380,xgboost,0.05,2,6.774386770619169,4.656161506410585,7.090080428067298,4.893025913253757
5608,10,Dgv,380,xgboost_naive_transfer,0.05,2,7.078955719864057,5.262464099347633,7.1575326549564595,5.243845698672423
5609,10,Dgv,380,xgboost_naive_transfer_with_dummy,0.05,2,6.632980454439554,4.555629665625373,6.90945206163639,4.767830061422244
5610,10,Dgv,380,xgboost,0.05,3,6.905704461409113,4.743473075450146,7.158530149018253,4.89380667912111
5611,10,Dgv,380,xgboost_naive_transfer,0.05,3,7.095419545158455,5.252178280321147,7.177324276391223,5.2733256748115505
5612,10,Dgv,380,xgboost_naive_transfer_with_dummy,0.05,3,6.676317088338358,4.590552997751867,6.912201825768868,4.780705320349436
5613,10,Dgv,380,xgboost,0.05,4,6.868039478709339,4.761765722687904,7.203016949982561,4.938320526780052
5614,10,Dgv,380,xgboost_naive_transfer,0.05,4,7.083875565258583,5.217789689536295,7.2267143214484255,5.308507867499645
5615,10,Dgv,380,xgboost_naive_transfer_with_dummy,0.05,4,6.74723745113618,4.6714670315596,6.972610724002585,4.863826529161698
5616,10,Dgv,380,xgboost,0.1,1,6.687716419996884,4.589744962935145,7.031145229374941,4.842697968200982
5617,10,Dgv,380,xgboost_naive_transfer,0.1,1,7.115314574150386,5.309335065002829,7.187095456226604,5.2622051593545836
5618,10,Dgv,380,xgboost_naive_transfer_with_dummy,0.1,1,6.8249111504271625,4.90012967820003,7.0595109306725385,4.969805306588512
5619,10,Dgv,380,xgboost,0.1,2,6.7868621676021395,4.664064843211707,7.072599029943659,4.883258641803974
5620,10,Dgv,380,xgboost_naive_transfer,0.1,2,7.08710620954325,5.221965050997119,7.121323442462975,5.200423296745785
5621,10,Dgv,380,xgboost_naive_transfer_with_dummy,0.1,2,6.65301035929011,4.613705516951488,6.884365534820582,4.766492624487325
5622,10,Dgv,380,xgboost,0.1,3,6.871013788712685,4.6839075681229705,7.098659466352201,4.8680760544286485
5623,10,Dgv,380,xgboost_naive_transfer,0.1,3,7.090677510980173,5.236031628098794,7.185707821015822,5.278734436804772
5624,10,Dgv,380,xgboost_naive_transfer_with_dummy,0.1,3,6.674624734576661,4.585449519097839,6.9003358705881706,4.76940199599287
5625,10,Dgv,380,xgboost,0.1,4,6.962027574201913,4.805734639468081,7.246998928248394,4.995922065315584
5626,10,Dgv,380,xgboost_naive_transfer,0.1,4,7.112448541268389,5.246698786079768,7.217933860763593,5.295741520679492
5627,10,Dgv,380,xgboost_naive_transfer_with_dummy,0.1,4,6.770330738732368,4.65083775060625,6.947779801977291,4.8474056065387225
5628,10,Dgv,380,xgboost,0.15,1,6.66673431146033,4.58826233519043,7.007454756404451,4.818546471095119
5629,10,Dgv,380,xgboost_naive_transfer,0.15,1,7.113951356888143,5.306515187059174,7.193378278297651,5.279573038233342
5630,10,Dgv,380,xgboost_naive_transfer_with_dummy,0.15,1,6.692824717769349,4.687938012165952,6.9542907717413724,4.859321931354707
5631,10,Dgv,380,xgboost,0.15,2,6.7788261073157585,4.66635006109072,7.13621539401468,4.904167751099963
5632,10,Dgv,380,xgboost_naive_transfer,0.15,2,7.099406737778038,5.250476851378658,7.1303299558785005,5.211986173194241
5633,10,Dgv,380,xgboost_naive_transfer_with_dummy,0.15,2,6.646079435026436,4.558059121714845,6.903268780808637,4.7690198045883125
5634,10,Dgv,380,xgboost,0.15,3,6.862115070385656,4.7134054697409224,7.128916678989612,4.883338034904013
5635,10,Dgv,380,xgboost_naive_transfer,0.15,3,7.080659414835769,5.181043994406454,7.172057096550601,5.24049756943021
5636,10,Dgv,380,xgboost_naive_transfer_with_dummy,0.15,3,6.739915781238407,4.6325320804887,6.940683826615438,4.7995592843581365
5637,10,Dgv,380,xgboost,0.15,4,6.890977871489463,4.775434962581702,7.2387868991604165,4.956099848440163
5638,10,Dgv,380,xgboost_naive_transfer,0.15,4,7.162933178960894,5.2181054111375955,7.248514302869344,5.287579618240597
5639,10,Dgv,380,xgboost_naive_transfer_with_dummy,0.15,4,6.813532859078591,4.697644683927054,7.014717379168419,4.873573790336332
5640,10,Dgv,475,xgboost,0.01,1,6.729736470638998,4.6237518579714525,7.063678749875176,4.863646103517957
5641,10,Dgv,475,xgboost_naive_transfer,0.01,1,7.142593340713396,5.339450086878396,7.280898707404275,5.293738519041846
5642,10,Dgv,475,xgboost_naive_transfer_with_dummy,0.01,1,6.887145022835841,4.969157833180901,7.157217905974271,5.008484205619914
5643,10,Dgv,475,xgboost,0.01,2,6.744461772690551,4.597648024733598,6.995023109360546,4.80930784846767
5644,10,Dgv,475,xgboost_naive_transfer,0.01,2,7.05624861392765,5.210712979728571,7.1684471268593555,5.226168127594101
5645,10,Dgv,475,xgboost_naive_transfer_with_dummy,0.01,2,6.661179881589588,4.639526752231089,6.945381325052783,4.785424791189492
5646,10,Dgv,475,xgboost,0.01,3,6.755083360588233,4.659796571322982,7.019754808738237,4.814464978003039
5647,10,Dgv,475,xgboost_naive_transfer,0.01,3,7.100100436641476,5.264771420820335,7.183564661220141,5.2370059346642535
5648,10,Dgv,475,xgboost_naive_transfer_with_dummy,0.01,3,6.671568989073033,4.634206688775954,6.944768829582268,4.758814375337748
5649,10,Dgv,475,xgboost,0.01,4,6.744605074259246,4.634834310292604,7.0825582078948655,4.8765236501301175
5650,10,Dgv,475,xgboost_naive_transfer,0.01,4,7.0760775652707055,5.221418980240793,7.195844693929419,5.2674460888821955
5651,10,Dgv,475,xgboost_naive_transfer_with_dummy,0.01,4,6.706450625229945,4.673533043210825,6.969364430332638,4.832005599180559
5652,10,Dgv,475,xgboost,0.02,1,6.685299028018397,4.564595614075546,7.005722453572158,4.810185496829564
5653,10,Dgv,475,xgboost_naive_transfer,0.02,1,7.133996155520266,5.32592250996045,7.269809532654538,5.281980263992302
5654,10,Dgv,475,xgboost_naive_transfer_with_dummy,0.02,1,6.827288644789128,4.881379828735373,7.101250427780267,4.939828410077236
5655,10,Dgv,475,xgboost,0.02,2,6.738340713340619,4.59228839148636,6.994079468511354,4.809708195424425
5656,10,Dgv,475,xgboost_naive_transfer,0.02,2,7.062249094125423,5.227556802581887,7.182247798441543,5.23172227802488
5657,10,Dgv,475,xgboost_naive_transfer_with_dummy,0.02,2,6.6545123708519105,4.62569566392351,6.940966262188435,4.776549220013867
5658,10,Dgv,475,xgboost,0.02,3,6.744170910543488,4.650412718947219,7.004824359894157,4.802572388862795
5659,10,Dgv,475,xgboost_naive_transfer,0.02,3,7.102323095262518,5.265354108182967,7.181262695367666,5.238020372981005
5660,10,Dgv,475,xgboost_naive_transfer_with_dummy,0.02,3,6.669406923754333,4.620605420200361,6.939289984440034,4.7457398327232125
5661,10,Dgv,475,xgboost,0.02,4,6.764670892662243,4.637533788787078,7.062096497727136,4.8620674702552895
5662,10,Dgv,475,xgboost_naive_transfer,0.02,4,7.056337269662532,5.194804031515518,7.155296925591717,5.237128614576786
5663,10,Dgv,475,xgboost_naive_transfer_with_dummy,0.02,4,6.721732759648862,4.666063884294495,6.979465285987408,4.82180608249444
5664,10,Dgv,475,xgboost,0.05,1,6.6821511640954965,4.559946364272035,6.9930237148708185,4.804012230914867
5665,10,Dgv,475,xgboost_naive_transfer,0.05,1,7.104689886249241,5.269780791703537,7.2268511313559305,5.239639557728582
5666,10,Dgv,475,xgboost_naive_transfer_with_dummy,0.05,1,6.770446309257116,4.781910609709148,7.047459744626536,4.874559309564039
5667,10,Dgv,475,xgboost,0.05,2,6.745365793022011,4.5968699837512155,6.973925715517021,4.789833039385336
5668,10,Dgv,475,xgboost_naive_transfer,0.05,2,7.060148757933256,5.216054226986005,7.163673788036506,5.222977463101945
5669,10,Dgv,475,xgboost_naive_transfer_with_dummy,0.05,2,6.6637450090705,4.622186388930935,6.933671513636693,4.766712893124623
5670,10,Dgv,475,xgboost,0.05,3,6.718433220651368,4.633153096330189,6.963280121005351,4.795272222917925
5671,10,Dgv,475,xgboost_naive_transfer,0.05,3,7.081432775833125,5.221197176056124,7.139876684031379,5.205282795768479
5672,10,Dgv,475,xgboost_naive_transfer_with_dummy,0.05,3,6.679200624598091,4.615676014069127,6.935009738018343,4.727374406254065
5673,10,Dgv,475,xgboost,0.05,4,6.737083209737202,4.620603722023322,7.049792044521361,4.848806169430014
5674,10,Dgv,475,xgboost_naive_transfer,0.05,4,7.0883126705150055,5.212340612208808,7.1606985952855355,5.23396380948502
5675,10,Dgv,475,xgboost_naive_transfer_with_dummy,0.05,4,6.689307058312265,4.629206968361851,6.954239598386964,4.804151461927347
5676,10,Dgv,475,xgboost,0.1,1,6.71126142482251,4.592489740866061,7.039962368561807,4.838667756983491
5677,10,Dgv,475,xgboost_naive_transfer,0.1,1,7.1330175579517645,5.323701553632721,7.261944330878369,5.272990619441564
5678,10,Dgv,475,xgboost_naive_transfer_with_dummy,0.1,1,6.780657667239207,4.799681510428608,7.0509195671538505,4.881821889224306
5679,10,Dgv,475,xgboost,0.1,2,6.744015712794888,4.581704919821058,6.974124928394749,4.787929658587131
5680,10,Dgv,475,xgboost_naive_transfer,0.1,2,7.053131254314822,5.179177413515391,7.1373132787808355,5.200633770824338
5681,10,Dgv,475,xgboost_naive_transfer_with_dummy,0.1,2,6.648080958068296,4.595147982652767,6.945075853544628,4.7714746504699415
5682,10,Dgv,475,xgboost,0.1,3,6.780648371722755,4.675634629502425,7.000104958740778,4.79188454738406
5683,10,Dgv,475,xgboost_naive_transfer,0.1,3,7.09770259906185,5.239563899403666,7.155305215082072,5.211786092267618
5684,10,Dgv,475,xgboost_naive_transfer_with_dummy,0.1,3,6.636200464980487,4.56249194164478,6.921804718998896,4.712639520532256
5685,10,Dgv,475,xgboost,0.1,4,6.753944829406796,4.625314415415405,7.068314175799408,4.856902547954218
5686,10,Dgv,475,xgboost_naive_transfer,0.1,4,7.10565304338162,5.214119849691452,7.138857509608645,5.224724069473806
5687,10,Dgv,475,xgboost_naive_transfer_with_dummy,0.1,4,6.703981224104304,4.572086154000289,6.939169218972385,4.791612714160474
5688,10,Dgv,475,xgboost,0.15,1,6.704910472252799,4.592327358994987,7.04734550931356,4.835894942831562
5689,10,Dgv,475,xgboost_naive_transfer,0.15,1,7.109445218651208,5.274900526188178,7.219305166952883,5.249600523268288
5690,10,Dgv,475,xgboost_naive_transfer_with_dummy,0.15,1,6.751222047714835,4.757565947542762,7.020058523659676,4.865591253512428
5691,10,Dgv,475,xgboost,0.15,2,6.783600520363097,4.627745224272581,6.988819228509958,4.814566888098228
5692,10,Dgv,475,xgboost_naive_transfer,0.15,2,7.074094658036949,5.2210439800932456,7.159518071594286,5.209191969823738
5693,10,Dgv,475,xgboost_naive_transfer_with_dummy,0.15,2,6.686483519395406,4.634570473488652,6.959239619557466,4.783645731879673
5694,10,Dgv,475,xgboost,0.15,3,6.685776403145914,4.6224245262539085,6.97465033600708,4.787410398807804
5695,10,Dgv,475,xgboost_naive_transfer,0.15,3,7.07176239150074,5.215910918227967,7.133426565057913,5.19290989862653
5696,10,Dgv,475,xgboost_naive_transfer_with_dummy,0.15,3,6.692586985063159,4.58925137450348,6.961328930629859,4.753179574669957
5697,10,Dgv,475,xgboost,0.15,4,6.748601247978444,4.682363344514597,7.082205584644221,4.899413983050333
5698,10,Dgv,475,xgboost_naive_transfer,0.15,4,7.073920568384276,5.177317563394687,7.176328147655805,5.240144348878438
5699,10,Dgv,475,xgboost_naive_transfer_with_dummy,0.15,4,6.692322106547464,4.604926249509833,6.962389978530637,4.822259614035216
5700,10,Dgv,570,xgboost,0.01,1,6.6829455662921,4.610900933055667,7.012567843942205,4.837725625448016
5701,10,Dgv,570,xgboost_naive_transfer,0.01,1,7.096554821673095,5.30365550907587,7.286067640090768,5.289732934521965
5702,10,Dgv,570,xgboost_naive_transfer_with_dummy,0.01,1,6.858389712091804,4.9561559702454545,7.151216179022813,5.022237436652289
5703,10,Dgv,570,xgboost,0.01,2,6.6887233009416045,4.574552388361521,6.942814987935184,4.791824642721882
5704,10,Dgv,570,xgboost_naive_transfer,0.01,2,7.082377015925442,5.25089121019174,7.186364018296279,5.223412967843836
5705,10,Dgv,570,xgboost_naive_transfer_with_dummy,0.01,2,6.683982635076925,4.703687551308168,6.967904272573018,4.8376249708846135
5706,10,Dgv,570,xgboost,0.01,3,6.770599998290257,4.663783328003031,6.961393078696641,4.80329708066461
5707,10,Dgv,570,xgboost_naive_transfer,0.01,3,7.123312763810671,5.283767222361737,7.207024985571231,5.240313269315304
5708,10,Dgv,570,xgboost_naive_transfer_with_dummy,0.01,3,6.696508011802473,4.662359573637826,6.918238995915175,4.7894716008252685
5709,10,Dgv,570,xgboost,0.01,4,6.855931760996246,4.697436761267816,7.017541135218641,4.86385582701561
5710,10,Dgv,570,xgboost_naive_transfer,0.01,4,7.084242640962708,5.217713478771191,7.187594763607225,5.246541266292446
5711,10,Dgv,570,xgboost_naive_transfer_with_dummy,0.01,4,6.697495265155092,4.678585768750209,6.938316942180189,4.844867248508235
5712,10,Dgv,570,xgboost,0.02,1,6.6582416538280205,4.571124072955056,6.977929554237843,4.809200554107548
5713,10,Dgv,570,xgboost_naive_transfer,0.02,1,7.060897056464368,5.247417292844492,7.244761694753922,5.246533556324516
5714,10,Dgv,570,xgboost_naive_transfer_with_dummy,0.02,1,6.761513079219386,4.815008359799305,7.073049782885976,4.925791551999283
5715,10,Dgv,570,xgboost,0.02,2,6.685086928350118,4.572182934111937,6.945514650298219,4.791790048938956
5716,10,Dgv,570,xgboost_naive_transfer,0.02,2,7.0734924862912765,5.236944221434474,7.175998723022361,5.214669313775867
5717,10,Dgv,570,xgboost_naive_transfer_with_dummy,0.02,2,6.675855650805423,4.676488403156355,6.951027773585094,4.822135539038356
5718,10,Dgv,570,xgboost,0.02,3,6.76792003369332,4.660277302048068,6.952304117422361,4.7959397602679665
5719,10,Dgv,570,xgboost_naive_transfer,0.02,3,7.125392401514869,5.2842388855431155,7.195372922184528,5.231355143118482
5720,10,Dgv,570,xgboost_naive_transfer_with_dummy,0.02,3,6.691412488701315,4.651096804462528,6.917151783306059,4.781382385720849
5721,10,Dgv,570,xgboost,0.02,4,6.8698947041347305,4.709323709487785,7.032948287247229,4.863285012866723
5722,10,Dgv,570,xgboost_naive_transfer,0.02,4,7.061892461332748,5.1891543567808345,7.150925468491956,5.2200830756184065
5723,10,Dgv,570,xgboost_naive_transfer_with_dummy,0.02,4,6.699122935118056,4.67852307317233,6.9251121637668,4.841413888055745
5724,10,Dgv,570,xgboost,0.05,1,6.65583096501818,4.564894847997138,6.974750246229307,4.803955281621715
5725,10,Dgv,570,xgboost_naive_transfer,0.05,1,7.048973498601048,5.224416927019628,7.227974070120589,5.23260507173411
5726,10,Dgv,570,xgboost_naive_transfer_with_dummy,0.05,1,6.798113332722739,4.871129466160485,7.100772519895554,4.962539607821498
5727,10,Dgv,570,xgboost,0.05,2,6.694240598391344,4.577813503927573,6.938058201278639,4.780257468261761
5728,10,Dgv,570,xgboost_naive_transfer,0.05,2,7.063548939303333,5.229598651819931,7.173376797364707,5.213413478455073
5729,10,Dgv,570,xgboost_naive_transfer_with_dummy,0.05,2,6.683321643110878,4.674900207041638,6.942872416959719,4.810065112821339
5730,10,Dgv,570,xgboost,0.05,3,6.754496144476586,4.648934148145367,6.952420372711008,4.786142812938222
5731,10,Dgv,570,xgboost_naive_transfer,0.05,3,7.159915906077034,5.3015206264275925,7.175442821875677,5.2228950286587175
5732,10,Dgv,570,xgboost_naive_transfer_with_dummy,0.05,3,6.710989399837859,4.67495032066406,6.911412695746126,4.786911110512535
5733,10,Dgv,570,xgboost,0.05,4,6.872492352970208,4.718494211554144,7.009348869085756,4.847282127883413
5734,10,Dgv,570,xgboost_naive_transfer,0.05,4,7.086578795989326,5.186832756590901,7.161738300768154,5.222600557056005
5735,10,Dgv,570,xgboost_naive_transfer_with_dummy,0.05,4,6.726985667534984,4.685738169531266,6.954477237580872,4.872260069611806
5736,10,Dgv,570,xgboost,0.1,1,6.647654314260181,4.553855279489486,6.967911056688216,4.803957688456809
5737,10,Dgv,570,xgboost_naive_transfer,0.1,1,7.0427849428072635,5.203902550763493,7.210713596264558,5.214819975118772
5738,10,Dgv,570,xgboost_naive_transfer_with_dummy,0.1,1,6.716528462200363,4.740122336388895,7.03324596911674,4.881760202512924
5739,10,Dgv,570,xgboost,0.1,2,6.693623664004646,4.583583033733042,6.925464748910815,4.780471418695064
5740,10,Dgv,570,xgboost_naive_transfer,0.1,2,7.092162912924763,5.235785850536204,7.149708468916275,5.193741983079813
5741,10,Dgv,570,xgboost_naive_transfer_with_dummy,0.1,2,6.665926080382513,4.622781145800978,6.9203114277543,4.788966100186298
5742,10,Dgv,570,xgboost,0.1,3,6.753542122050726,4.673461523215779,6.923177164205605,4.786721732970691
5743,10,Dgv,570,xgboost_naive_transfer,0.1,3,7.142614987967067,5.276531303314321,7.147920950919968,5.190885999981026
5744,10,Dgv,570,xgboost_naive_transfer_with_dummy,0.1,3,6.681634435410029,4.598120670872546,6.893093886977054,4.739491368762185
5745,10,Dgv,570,xgboost,0.1,4,6.862697162639398,4.709343177765402,7.01268251642805,4.877127400324536
5746,10,Dgv,570,xgboost_naive_transfer,0.1,4,7.098977564209856,5.176846959708635,7.128190410528227,5.210261245800484
5747,10,Dgv,570,xgboost_naive_transfer_with_dummy,0.1,4,6.728343580529005,4.705264831770529,6.986032328291642,4.892076593270351
5748,10,Dgv,570,xgboost,0.15,1,6.66489823604406,4.574051583475159,6.956092133857738,4.783175710229895
5749,10,Dgv,570,xgboost_naive_transfer,0.15,1,7.0466137005286,5.214029115047808,7.220749984647455,5.231822025376894
5750,10,Dgv,570,xgboost_naive_transfer_with_dummy,0.15,1,6.685472036301641,4.697419430040558,7.010098488646142,4.868754519167979
5751,10,Dgv,570,xgboost,0.15,2,6.70942254731899,4.593106029003925,6.979270630064097,4.801016959406419
5752,10,Dgv,570,xgboost_naive_transfer,0.15,2,7.075742512085966,5.210297668649971,7.149967800074624,5.1979016320146565
5753,10,Dgv,570,xgboost_naive_transfer_with_dummy,0.15,2,6.690385258518305,4.647694712006604,6.9180948530541855,4.796683633532099
5754,10,Dgv,570,xgboost,0.15,3,6.7805454564133845,4.656820562444494,6.90095724607703,4.759737318626891
5755,10,Dgv,570,xgboost_naive_transfer,0.15,3,7.117311255080749,5.230940601587905,7.144449846055778,5.2064324652715275
5756,10,Dgv,570,xgboost_naive_transfer_with_dummy,0.15,3,6.680860564737713,4.643586016256156,6.8921593266678,4.73751713501351
5757,10,Dgv,570,xgboost,0.15,4,6.965832812299024,4.775785101015638,7.0656254195205035,4.884753795141622
5758,10,Dgv,570,xgboost_naive_transfer,0.15,4,7.093690135971375,5.1812743433231025,7.180897786439742,5.215302792721691
5759,10,Dgv,570,xgboost_naive_transfer_with_dummy,0.15,4,6.76867327550271,4.630956325898606,6.996745880903704,4.897456211752883
5760,10,Dgv,665,xgboost,0.01,1,6.714870903710819,4.690834870271421,7.026205556946354,4.885204962031264
5761,10,Dgv,665,xgboost_naive_transfer,0.01,1,7.091068463142132,5.2909737803036725,7.299218808948055,5.306019456010037
5762,10,Dgv,665,xgboost_naive_transfer_with_dummy,0.01,1,6.885776000577834,4.993639371038158,7.18143972179328,5.063542764238773
5763,10,Dgv,665,xgboost,0.01,2,6.67857514675666,4.628237114368956,6.904647884661779,4.770681515499765
5764,10,Dgv,665,xgboost_naive_transfer,0.01,2,7.006691104988598,5.163977600255304,7.174009321185872,5.190703608203535
5765,10,Dgv,665,xgboost_naive_transfer_with_dummy,0.01,2,6.659070693223158,4.656463095276007,6.968067390290984,4.82360807622076
5766,10,Dgv,665,xgboost,0.01,3,6.80555493613775,4.730820012965674,6.942634665045935,4.812563666911748
5767,10,Dgv,665,xgboost_naive_transfer,0.01,3,7.088622202745932,5.253318239755528,7.165396255746376,5.214940377290818
5768,10,Dgv,665,xgboost_naive_transfer_with_dummy,0.01,3,6.707657374377386,4.6994816260736325,6.934286116350379,4.8076213431410935
5769,10,Dgv,665,xgboost,0.01,4,6.710336497689676,4.64075842932325,6.957759204570903,4.863654085240066
5770,10,Dgv,665,xgboost_naive_transfer,0.01,4,7.037950546537289,5.208019292951923,7.1485591358486325,5.223705297358538
5771,10,Dgv,665,xgboost_naive_transfer_with_dummy,0.01,4,6.7510493696452825,4.744497617371166,6.992693081401587,4.893990353742172
5772,10,Dgv,665,xgboost,0.02,1,6.699080405222118,4.669613915228679,7.010120176142382,4.869472757281678
5773,10,Dgv,665,xgboost_naive_transfer,0.02,1,7.066062850013185,5.253664526784523,7.277191201521149,5.282151675194804
5774,10,Dgv,665,xgboost_naive_transfer_with_dummy,0.02,1,6.777371238318046,4.836278153602727,7.099486956167699,4.963864945887101
5775,10,Dgv,665,xgboost,0.02,2,6.675105839561515,4.625795524039522,6.901376476572465,4.768855687768468
5776,10,Dgv,665,xgboost_naive_transfer,0.02,2,7.005623161459821,5.157134430390449,7.174186352759668,5.191836237238313
5777,10,Dgv,665,xgboost_naive_transfer_with_dummy,0.02,2,6.6563236616236185,4.655365824542335,6.965043088525653,4.821938587609222
5778,10,Dgv,665,xgboost,0.02,3,6.795513572219592,4.715906129445288,6.921749158046889,4.803533976567282
5779,10,Dgv,665,xgboost_naive_transfer,0.02,3,7.086651669199331,5.251230983976463,7.1601509039242694,5.212230846898341
5780,10,Dgv,665,xgboost_naive_transfer_with_dummy,0.02,3,6.675075897977452,4.6454418368105115,6.910635296422759,4.786424619035937
5781,10,Dgv,665,xgboost,0.02,4,6.71151424335469,4.647129988065773,6.917561675572508,4.828617266533193
5782,10,Dgv,665,xgboost_naive_transfer,0.02,4,7.041837196798695,5.194355536712904,7.131156718281359,5.212659827864225
5783,10,Dgv,665,xgboost_naive_transfer_with_dummy,0.02,4,6.750161846140609,4.735343454395588,6.994496473972812,4.889156498400849
5784,10,Dgv,665,xgboost,0.05,1,6.69205628786171,4.6577377313779165,7.003428633141675,4.865120851386899
5785,10,Dgv,665,xgboost_naive_transfer,0.05,1,7.050076348767806,5.22155081461649,7.253298579272347,5.259514934635171
5786,10,Dgv,665,xgboost_naive_transfer_with_dummy,0.05,1,6.761422470777712,4.805954254726597,7.086535948850893,4.951250594614518
5787,10,Dgv,665,xgboost,0.05,2,6.671241964901107,4.612538890235827,6.901520012565706,4.769603852408593
5788,10,Dgv,665,xgboost_naive_transfer,0.05,2,7.004976043501616,5.1519559559327055,7.157902094795479,5.173935262104761
5789,10,Dgv,665,xgboost_naive_transfer_with_dummy,0.05,2,6.6595588578388005,4.659077525151965,6.974518518854369,4.824143900835029
5790,10,Dgv,665,xgboost,0.05,3,6.806656988845151,4.720214176183363,6.88315445435778,4.771918061556217
5791,10,Dgv,665,xgboost_naive_transfer,0.05,3,7.084999557257938,5.253151727028092,7.160029588081143,5.207046069959525
5792,10,Dgv,665,xgboost_naive_transfer_with_dummy,0.05,3,6.703884799216983,4.681261258861613,6.935021276475904,4.798199991481076
5793,10,Dgv,665,xgboost,0.05,4,6.6861383289358285,4.625489491679105,6.8711407382049705,4.809669588436493
5794,10,Dgv,665,xgboost_naive_transfer,0.05,4,7.038624856526764,5.188001833298829,7.15087167792844,5.216784886449671
5795,10,Dgv,665,xgboost_naive_transfer_with_dummy,0.05,4,6.7563127975610255,4.7142812503465175,6.95375787933005,4.8571183496341
5796,10,Dgv,665,xgboost,0.1,1,6.685818118045508,4.6412017817189675,6.97184681472093,4.848459801615373
5797,10,Dgv,665,xgboost_naive_transfer,0.1,1,7.0442091420453306,5.1974296371695505,7.227273084092032,5.231474967285423
5798,10,Dgv,665,xgboost_naive_transfer_with_dummy,0.1,1,6.738268199939957,4.772322367851781,7.064001084055861,4.926321081496959
5799,10,Dgv,665,xgboost,0.1,2,6.696641594551675,4.625751272459713,6.928408261007939,4.783360471132406
5800,10,Dgv,665,xgboost_naive_transfer,0.1,2,7.020396078357086,5.173766909444997,7.1707927914071234,5.193924815458537
5801,10,Dgv,665,xgboost_naive_transfer_with_dummy,0.1,2,6.678561553403329,4.695247974428853,6.969830802362959,4.822810974486795
5802,10,Dgv,665,xgboost,0.1,3,6.796496702230261,4.694813015771818,6.874639696221583,4.765640991606679
5803,10,Dgv,665,xgboost_naive_transfer,0.1,3,7.062158490753241,5.206033836298795,7.10869934571473,5.163876634011968
5804,10,Dgv,665,xgboost_naive_transfer_with_dummy,0.1,3,6.691495414873946,4.682593644995987,6.910369039853127,4.776282240917966
5805,10,Dgv,665,xgboost,0.1,4,6.7635200971166425,4.673860679592429,6.917115338605578,4.851579363888913
5806,10,Dgv,665,xgboost_naive_transfer,0.1,4,7.045162739775273,5.174679750451516,7.091301270777101,5.167625902750802
5807,10,Dgv,665,xgboost_naive_transfer_with_dummy,0.1,4,6.698193236799132,4.68516352353299,6.918650674162517,4.825629289850408
5808,10,Dgv,665,xgboost,0.15,1,6.701117949246399,4.648809057742803,7.003822274028496,4.862504910627527
5809,10,Dgv,665,xgboost_naive_transfer,0.15,1,7.046925477696009,5.191124239232337,7.252842429890396,5.256017773906057
5810,10,Dgv,665,xgboost_naive_transfer_with_dummy,0.15,1,6.706055172609778,4.705113274589519,7.052628639020195,4.906366894875023
5811,10,Dgv,665,xgboost,0.15,2,6.7089713614751645,4.659210146336493,6.851428230402952,4.767544279295204
5812,10,Dgv,665,xgboost_naive_transfer,0.15,2,7.01733871111613,5.1325050061166575,7.1884539521585165,5.170981650306294
5813,10,Dgv,665,xgboost_naive_transfer_with_dummy,0.15,2,6.710180717170393,4.683646777089947,7.00372619801109,4.8448001988111615
5814,10,Dgv,665,xgboost,0.15,3,6.8180104617316175,4.7022779225571005,6.868484846476034,4.72671000819995
5815,10,Dgv,665,xgboost_naive_transfer,0.15,3,7.099601606662172,5.235909653755641,7.151408598338705,5.21022943017848
5816,10,Dgv,665,xgboost_naive_transfer_with_dummy,0.15,3,6.7133077801029835,4.647434704950881,6.906445982084294,4.758862286288054
5817,10,Dgv,665,xgboost,0.15,4,6.833179037824135,4.704669159515184,7.002914581745505,4.839912143171132
5818,10,Dgv,665,xgboost_naive_transfer,0.15,4,7.035094753022186,5.162093089285776,7.156917331848831,5.20382639959321
5819,10,Dgv,665,xgboost_naive_transfer_with_dummy,0.15,4,6.776340958562428,4.7247021344349704,6.9648358621173685,4.855920861702571
5820,10,Dgv,760,xgboost,0.01,1,6.744875418608671,4.726419264277829,7.0293810311319165,4.894032022857977
5821,10,Dgv,760,xgboost_naive_transfer,0.01,1,7.123169911559057,5.314471462458547,7.253430856565738,5.278659698888099
5822,10,Dgv,760,xgboost_naive_transfer_with_dummy,0.01,1,6.943803392197917,5.053901392996115,7.170230192920978,5.091115541386639
5823,10,Dgv,760,xgboost,0.01,2,6.690513064064308,4.641076304646791,6.914518083316614,4.779251059689892
5824,10,Dgv,760,xgboost_naive_transfer,0.01,2,7.0450603941911485,5.235494431315247,7.15149817639198,5.197215702004094
5825,10,Dgv,760,xgboost_naive_transfer_with_dummy,0.01,2,6.761798257989216,4.812135918934756,6.974848595508373,4.8924227547062555
5826,10,Dgv,760,xgboost,0.01,3,6.7150051752499005,4.6347876095546825,6.937939980235575,4.813277995944659
5827,10,Dgv,760,xgboost_naive_transfer,0.01,3,7.100412313483409,5.259039890165808,7.154705561818039,5.205575251587396
5828,10,Dgv,760,xgboost_naive_transfer_with_dummy,0.01,3,6.7224460823533265,4.732442586112126,6.871657434674905,4.787015690785806
5829,10,Dgv,760,xgboost,0.01,4,6.74285544363203,4.680906613593317,6.988545401655144,4.8761957932669535
5830,10,Dgv,760,xgboost_naive_transfer,0.01,4,7.052486664636523,5.199052113289315,7.0966043385815665,5.2018886976882746
5831,10,Dgv,760,xgboost_naive_transfer_with_dummy,0.01,4,6.772398168664144,4.792800736957472,6.877517317936762,4.848204112633783
5832,10,Dgv,760,xgboost,0.02,1,6.6783686303351715,4.6526004778756045,6.946057015195725,4.809404687238216
5833,10,Dgv,760,xgboost_naive_transfer,0.02,1,7.062133485570172,5.228005302590649,7.197687004100324,5.216766632457594
5834,10,Dgv,760,xgboost_naive_transfer_with_dummy,0.02,1,6.825494555965472,4.888870765066874,7.076531761582112,4.975972197908125
5835,10,Dgv,760,xgboost,0.02,2,6.6824455666608635,4.626951780382309,6.90522083299614,4.770912687616282
5836,10,Dgv,760,xgboost_naive_transfer,0.02,2,7.040963962090564,5.230071401967777,7.144841429333075,5.190345244196427
5837,10,Dgv,760,xgboost_naive_transfer_with_dummy,0.02,2,6.719021580811688,4.744370818881233,6.937854579287749,4.838966782594943
5838,10,Dgv,760,xgboost,0.02,3,6.718207194663883,4.640841533444373,6.942681760492022,4.820089532683795
5839,10,Dgv,760,xgboost_naive_transfer,0.02,3,7.098557427256232,5.253447935431733,7.153188059628248,5.202968647362638
5840,10,Dgv,760,xgboost_naive_transfer_with_dummy,0.02,3,6.72898866009042,4.743646738736082,6.8845008553000255,4.805016037316581
5841,10,Dgv,760,xgboost,0.02,4,6.736389213798776,4.653529584240653,6.961769778008839,4.842574907130838
5842,10,Dgv,760,xgboost_naive_transfer,0.02,4,7.044338347482412,5.190961658480877,7.071923579326719,5.17721508278752
5843,10,Dgv,760,xgboost_naive_transfer_with_dummy,0.02,4,6.782875742989263,4.791149308476256,6.871147981711039,4.844748325920507
5844,10,Dgv,760,xgboost,0.05,1,6.6808655039803835,4.649474123282154,6.93678538292096,4.802817503637239
5845,10,Dgv,760,xgboost_naive_transfer,0.05,1,7.065982634592674,5.2357890719785525,7.198994855279263,5.220188833323454
5846,10,Dgv,760,xgboost_naive_transfer_with_dummy,0.05,1,6.783006345615098,4.821385662202056,7.035396782999234,4.926821828689026
5847,10,Dgv,760,xgboost,0.05,2,6.70021453660698,4.6326156999127255,6.901302883947496,4.776202109959248
5848,10,Dgv,760,xgboost_naive_transfer,0.05,2,7.034699503516501,5.200999145853933,7.1224215359615535,5.150563015734574
5849,10,Dgv,760,xgboost_naive_transfer_with_dummy,0.05,2,6.714815164988658,4.738184349441835,6.933660085455161,4.8383519739658905
5850,10,Dgv,760,xgboost,0.05,3,6.716383273752113,4.629687607259331,6.9189160139534,4.807469542995243
5851,10,Dgv,760,xgboost_naive_transfer,0.05,3,7.069875596726398,5.2169458599585505,7.049439990152126,5.129094188630818
5852,10,Dgv,760,xgboost_naive_transfer_with_dummy,0.05,3,6.740784203236118,4.740095452877496,6.844936969327948,4.756198858714197
5853,10,Dgv,760,xgboost,0.05,4,6.773157691880228,4.667806546904396,6.976795365236154,4.851817378428096
5854,10,Dgv,760,xgboost_naive_transfer,0.05,4,7.069649125260283,5.2118982729436185,7.057299241783588,5.165889132698907
5855,10,Dgv,760,xgboost_naive_transfer_with_dummy,0.05,4,6.734285760149831,4.714849315584734,6.793624221848173,4.75688893298343
5856,10,Dgv,760,xgboost,0.1,1,6.682051840684518,4.6633966017923205,6.930986920031512,4.80029813056675
5857,10,Dgv,760,xgboost_naive_transfer,0.1,1,7.046331284762197,5.197490806280724,7.1781034033752,5.192672996401161
5858,10,Dgv,760,xgboost_naive_transfer_with_dummy,0.1,1,6.76889135080381,4.797847333621536,7.020629556081275,4.911191241736645
5859,10,Dgv,760,xgboost,0.1,2,6.676643694845243,4.609959098288347,6.884122570207825,4.730718134882208
5860,10,Dgv,760,xgboost_naive_transfer,0.1,2,7.001497537560461,5.167956833104298,7.09848924012868,5.1386231289001
5861,10,Dgv,760,xgboost_naive_transfer_with_dummy,0.1,2,6.720140695232064,4.753350569738928,6.9383673406618325,4.83835451826333
5862,10,Dgv,760,xgboost,0.1,3,6.744821792636356,4.663739722600586,6.893903684430156,4.776231945689785
5863,10,Dgv,760,xgboost_naive_transfer,0.1,3,7.086467496788571,5.227991676061636,7.0521716100136125,5.130950432395427
5864,10,Dgv,760,xgboost_naive_transfer_with_dummy,0.1,3,6.6978078045495195,4.702196040164812,6.884789706121107,4.780068743535054
5865,10,Dgv,760,xgboost,0.1,4,6.751468790564363,4.647947571211045,6.889297914534044,4.77396720347047
5866,10,Dgv,760,xgboost_naive_transfer,0.1,4,7.089434512547491,5.208432466463759,7.045745270695209,5.1262743024158155
5867,10,Dgv,760,xgboost_naive_transfer_with_dummy,0.1,4,6.767640160362812,4.722322282742596,6.8332557212126765,4.770743506495657
5868,10,Dgv,760,xgboost,0.15,1,6.666712510191095,4.631616122427865,6.905787803306806,4.773784211636166
5869,10,Dgv,760,xgboost_naive_transfer,0.15,1,7.0522602884035,5.184852042509981,7.181709431868635,5.200923662477679
5870,10,Dgv,760,xgboost_naive_transfer_with_dummy,0.15,1,6.741600624631431,4.732436967091857,7.001817178127721,4.897264187770842
5871,10,Dgv,760,xgboost,0.15,2,6.698989258896185,4.6334972116140944,6.878841619872831,4.718167478287099
5872,10,Dgv,760,xgboost_naive_transfer,0.15,2,7.064847475663259,5.2304558290630006,7.134711813673856,5.155655793171935
5873,10,Dgv,760,xgboost_naive_transfer_with_dummy,0.15,2,6.780993037658841,4.7682531605463225,6.9201498895829765,4.819931894781488
5874,10,Dgv,760,xgboost,0.15,3,6.81226063282321,4.725476623469827,6.911029263265708,4.790546685314307
5875,10,Dgv,760,xgboost_naive_transfer,0.15,3,7.065242353823134,5.189973192014211,7.047161408611683,5.120081507086764
5876,10,Dgv,760,xgboost_naive_transfer_with_dummy,0.15,3,6.7356415527059506,4.730795855196222,6.801176782291978,4.7307775679667206
5877,10,Dgv,760,xgboost,0.15,4,6.86535532513722,4.72264251091599,6.944070237058431,4.863348142099496
5878,10,Dgv,760,xgboost_naive_transfer,0.15,4,7.0234447409471485,5.122170827045662,7.069216932591011,5.168294859383289
5879,10,Dgv,760,xgboost_naive_transfer_with_dummy,0.15,4,6.755168230623452,4.696558156819843,6.871574396321854,4.785870455761223
5880,10,Dgv,855,xgboost,0.01,1,6.734389441575861,4.74544719234297,7.021765695835607,4.8916549498605635
5881,10,Dgv,855,xgboost_naive_transfer,0.01,1,7.079469369191719,5.286239529527541,7.244630039879843,5.253276469633611
5882,10,Dgv,855,xgboost_naive_transfer_with_dummy,0.01,1,6.903208500726938,5.019832713302229,7.163072392993216,5.058004976572994
5883,10,Dgv,855,xgboost,0.01,2,6.6745506462729605,4.642799610454043,6.880166793566846,4.772910842829295
5884,10,Dgv,855,xgboost_naive_transfer,0.01,2,7.011508846245209,5.1951556395182115,7.140836830858897,5.167295414718267
5885,10,Dgv,855,xgboost_naive_transfer_with_dummy,0.01,2,6.683595989954596,4.72122199558736,6.915033439494072,4.816845276831779
5886,10,Dgv,855,xgboost,0.01,3,6.718889802823134,4.666969625059556,6.881260974027692,4.7782857239333705
5887,10,Dgv,855,xgboost_naive_transfer,0.01,3,7.009365040072233,5.166463836797451,7.043040788027184,5.105056994052611
5888,10,Dgv,855,xgboost_naive_transfer_with_dummy,0.01,3,6.679786817035256,4.689049475299045,6.855788252520219,4.760266083927655
5889,10,Dgv,855,xgboost,0.01,4,6.709868154634865,4.64979589145759,6.786528431270043,4.748693176878275
5890,10,Dgv,855,xgboost_naive_transfer,0.01,4,7.02681145023821,5.1726711858833365,7.035230636995169,5.118681205801371
5891,10,Dgv,855,xgboost_naive_transfer_with_dummy,0.01,4,6.660174831844657,4.686666180040426,6.811881565187841,4.738276555823031
5892,10,Dgv,855,xgboost,0.02,1,6.678291168544286,4.669483699627189,6.948316729201651,4.818148379321664
5893,10,Dgv,855,xgboost_naive_transfer,0.02,1,7.015336180882619,5.191474712401451,7.186665846361079,5.190409528779492
5894,10,Dgv,855,xgboost_naive_transfer_with_dummy,0.02,1,6.736522041204938,4.782940659382405,7.0280816281970955,4.89722957216663
5895,10,Dgv,855,xgboost,0.02,2,6.664777763221587,4.627364011343111,6.869826379227423,4.752655289232397
5896,10,Dgv,855,xgboost_naive_transfer,0.02,2,6.99678506304265,5.1637006077827134,7.112493946813047,5.142505167424271
5897,10,Dgv,855,xgboost_naive_transfer_with_dummy,0.02,2,6.696366332532861,4.739712342055789,6.932088311927061,4.8364780364656115
5898,10,Dgv,855,xgboost,0.02,3,6.743194386957053,4.693543300968901,6.892038539713947,4.810586552028511
5899,10,Dgv,855,xgboost_naive_transfer,0.02,3,7.030586453829742,5.190683017867538,7.07870431628867,5.131752000614962
5900,10,Dgv,855,xgboost_naive_transfer_with_dummy,0.02,3,6.683903184566447,4.701316527115007,6.862513739719839,4.765968541093029
5901,10,Dgv,855,xgboost,0.02,4,6.70743035912302,4.6416486456076065,6.7895794401610745,4.754247390853979
5902,10,Dgv,855,xgboost_naive_transfer,0.02,4,7.033788521005291,5.17779252136468,7.033272530104158,5.118654502418578
5903,10,Dgv,855,xgboost_naive_transfer_with_dummy,0.02,4,6.672325573814655,4.692141420177102,6.805600892382507,4.73649558936689
5904,10,Dgv,855,xgboost,0.05,1,6.682048020171201,4.666457968161667,6.937376218854801,4.808251840265165
5905,10,Dgv,855,xgboost_naive_transfer,0.05,1,7.017643226180126,5.1951315063054,7.185191175410847,5.188766671177723
5906,10,Dgv,855,xgboost_naive_transfer_with_dummy,0.05,1,6.754551218598139,4.810727340141202,7.035735180956306,4.91017972313291
5907,10,Dgv,855,xgboost,0.05,2,6.651361737103291,4.604996671359984,6.855154475413878,4.736305336870237
5908,10,Dgv,855,xgboost_naive_transfer,0.05,2,7.006318308296188,5.170558748099539,7.120072196460145,5.144744698919297
5909,10,Dgv,855,xgboost_naive_transfer_with_dummy,0.05,2,6.679679603731241,4.683506601400046,6.8970942426062,4.793813440240167
5910,10,Dgv,855,xgboost,0.05,3,6.732759803300984,4.683877339267615,6.879207734429825,4.777096225165507
5911,10,Dgv,855,xgboost_naive_transfer,0.05,3,6.990026717381608,5.127900297786301,7.023734289636214,5.088574744117355
5912,10,Dgv,855,xgboost_naive_transfer_with_dummy,0.05,3,6.670256145714114,4.673475948861778,6.850320937259982,4.752985774283949
5913,10,Dgv,855,xgboost,0.05,4,6.748489942770278,4.681047778468854,6.802836349108603,4.758204944567409
5914,10,Dgv,855,xgboost_naive_transfer,0.05,4,7.039819610971607,5.186361560561009,7.016870195829938,5.092240096697316
5915,10,Dgv,855,xgboost_naive_transfer_with_dummy,0.05,4,6.70127139485374,4.73420891672716,6.869248572490438,4.804726845440701
5916,10,Dgv,855,xgboost,0.1,1,6.674059841845915,4.660054849397556,6.933673566145251,4.810667717897619
5917,10,Dgv,855,xgboost_naive_transfer,0.1,1,7.010706032864144,5.168637588131036,7.181276231027743,5.182147758068255
5918,10,Dgv,855,xgboost_naive_transfer_with_dummy,0.1,1,6.763690874494232,4.8157774298353395,7.047081609882199,4.916101924443182
5919,10,Dgv,855,xgboost,0.1,2,6.641659719291837,4.600792318518841,6.8560558447691635,4.729388036242528
5920,10,Dgv,855,xgboost_naive_transfer,0.1,2,6.988267693364957,5.140413717183138,7.083961114366185,5.114782377852747
5921,10,Dgv,855,xgboost_naive_transfer_with_dummy,0.1,2,6.689083102092062,4.720146515828639,6.912558836889037,4.8074748548409545
5922,10,Dgv,855,xgboost,0.1,3,6.748904166775709,4.694630553057889,6.839146961238855,4.743607785096975
5923,10,Dgv,855,xgboost_naive_transfer,0.1,3,7.0017289342416245,5.135157487776964,7.015448218578543,5.074375247085424
5924,10,Dgv,855,xgboost_naive_transfer_with_dummy,0.1,3,6.676071003763619,4.638880098559034,6.833590333065342,4.686946782111746
5925,10,Dgv,855,xgboost,0.1,4,6.772249682804125,4.7086589311724865,6.860867366035096,4.7758283202747025
5926,10,Dgv,855,xgboost_naive_transfer,0.1,4,6.9760884089865485,5.114580101235044,6.953292782732061,5.014699049977218
5927,10,Dgv,855,xgboost_naive_transfer_with_dummy,0.1,4,6.733073078265168,4.733027496560891,6.808528740024411,4.743627511230269
5928,10,Dgv,855,xgboost,0.15,1,6.678715176134444,4.644010243257129,6.909336569725757,4.796731989511692
5929,10,Dgv,855,xgboost_naive_transfer,0.15,1,7.041589069690325,5.224572758751048,7.220593929433992,5.232679686330436
5930,10,Dgv,855,xgboost_naive_transfer_with_dummy,0.15,1,6.7180004575562595,4.73863839112854,7.026857877202581,4.896485433669727
5931,10,Dgv,855,xgboost,0.15,2,6.6792010966666355,4.616784595134731,6.860204595068497,4.710462334733131
5932,10,Dgv,855,xgboost_naive_transfer,0.15,2,6.993622418815717,5.138975755789214,7.079082933966351,5.11045763082368
5933,10,Dgv,855,xgboost_naive_transfer_with_dummy,0.15,2,6.711105242605278,4.676428030719714,6.945386430747717,4.8254896546714905
5934,10,Dgv,855,xgboost,0.15,3,6.791775360822279,4.726773363447894,6.836040335378121,4.747074414242621
5935,10,Dgv,855,xgboost_naive_transfer,0.15,3,7.04262517548307,5.159278468380918,7.026010970049568,5.0866769767770394
5936,10,Dgv,855,xgboost_naive_transfer_with_dummy,0.15,3,6.700349319842541,4.66835221268649,6.820518972693507,4.6854540413617185
5937,10,Dgv,855,xgboost,0.15,4,6.744748610641818,4.663653145637777,6.880966322075975,4.791052546782831
5938,10,Dgv,855,xgboost_naive_transfer,0.15,4,7.03865793576013,5.155107040085455,6.988206605666429,5.049669902842889
5939,10,Dgv,855,xgboost_naive_transfer_with_dummy,0.15,4,6.6911016245688035,4.666354221520602,6.840915188070587,4.740378148085248
5940,10,Dgv,950,xgboost,0.01,1,6.723611989375381,4.684118133384652,7.0187933390622215,4.8679036805956475
5941,10,Dgv,950,xgboost_naive_transfer,0.01,1,7.068156926346006,5.252920587571707,7.234310083199179,5.244902869895032
5942,10,Dgv,950,xgboost_naive_transfer_with_dummy,0.01,1,6.891919115742163,4.985177444554851,7.151649215578409,5.052699131775467
5943,10,Dgv,950,xgboost,0.01,2,6.662321706158463,4.60595871278045,6.818494089369495,4.728870243449001
5944,10,Dgv,950,xgboost_naive_transfer,0.01,2,6.998903842689801,5.161668442240122,7.114512040089726,5.140151556502372
5945,10,Dgv,950,xgboost_naive_transfer_with_dummy,0.01,2,6.734904491922279,4.780395034953919,6.9574673166596765,4.882151294189715
5946,10,Dgv,950,xgboost,0.01,3,6.737984386804512,4.650411601375072,6.79873203829491,4.739129230692941
5947,10,Dgv,950,xgboost_naive_transfer,0.01,3,7.044501086148881,5.191160163693362,7.12902730911124,5.163389331110947
5948,10,Dgv,950,xgboost_naive_transfer_with_dummy,0.01,3,6.632668563446519,4.6349862393414,6.7850184336932315,4.69578663491382
5949,10,Dgv,950,xgboost,0.01,4,6.800930432107735,4.710902091008494,6.862495248653365,4.796334517798331
5950,10,Dgv,950,xgboost_naive_transfer,0.01,4,7.010380981111829,5.116391188987009,6.994922002143061,5.07062982608273
5951,10,Dgv,950,xgboost_naive_transfer_with_dummy,0.01,4,6.694720165842079,4.667355303989494,6.792539747113424,4.738338544932201
5952,10,Dgv,950,xgboost,0.02,1,6.6638645177166875,4.612766734697539,6.921453353953382,4.774077344409029
5953,10,Dgv,950,xgboost_naive_transfer,0.02,1,6.9968771625496196,5.154198106621775,7.173641602102746,5.180165621948776
5954,10,Dgv,950,xgboost_naive_transfer_with_dummy,0.02,1,6.743281164969039,4.779946180308204,7.029322326398961,4.9042647391147804
5955,10,Dgv,950,xgboost,0.02,2,6.655203117053685,4.600564296674075,6.809109006744171,4.716230690061303
5956,10,Dgv,950,xgboost_naive_transfer,0.02,2,6.970933893419189,5.12089899329787,7.071071253701176,5.10187711605505
5957,10,Dgv,950,xgboost_naive_transfer_with_dummy,0.02,2,6.671448825492967,4.68949793508431,6.892639994004124,4.802163497972525
5958,10,Dgv,950,xgboost,0.02,3,6.7455105076866175,4.662072874327571,6.773103102226275,4.717222476722066
5959,10,Dgv,950,xgboost_naive_transfer,0.02,3,6.969693277832491,5.098082343834871,6.954923333536096,5.0209895399503806
5960,10,Dgv,950,xgboost_naive_transfer_with_dummy,0.02,3,6.630238971913026,4.626379162495729,6.774492932672763,4.684702395217042
5961,10,Dgv,950,xgboost,0.02,4,6.779239978974301,4.695066966912347,6.857770384315487,4.789978914395874
5962,10,Dgv,950,xgboost_naive_transfer,0.02,4,6.999390933988366,5.111276193951656,6.98641393409044,5.06260678176316
5963,10,Dgv,950,xgboost_naive_transfer_with_dummy,0.02,4,6.703927885138199,4.68381342653151,6.801069088073724,4.750417030137655
5964,10,Dgv,950,xgboost,0.05,1,6.660835123152842,4.610076406606342,6.915415120659475,4.767911940687137
5965,10,Dgv,950,xgboost_naive_transfer,0.05,1,7.000055405808055,5.158719611892585,7.177257143613466,5.183437878298038
5966,10,Dgv,950,xgboost_naive_transfer_with_dummy,0.05,1,6.738049779655246,4.769572635364243,7.021128766813541,4.895782712267727
5967,10,Dgv,950,xgboost,0.05,2,6.657954974498344,4.595653854738368,6.803492326562457,4.704998782847311
5968,10,Dgv,950,xgboost_naive_transfer,0.05,2,6.973088286881824,5.125616731637149,7.079806913476524,5.113357061080629
5969,10,Dgv,950,xgboost_naive_transfer_with_dummy,0.05,2,6.673304327588555,4.6871071342998425,6.890129234425344,4.8017470388610715
5970,10,Dgv,950,xgboost,0.05,3,6.740943635630077,4.6448217779175645,6.755602880044381,4.692859605118209
5971,10,Dgv,950,xgboost_naive_transfer,0.05,3,6.9749714445327315,5.103446807294855,6.97883081906232,5.038684570688902
5972,10,Dgv,950,xgboost_naive_transfer_with_dummy,0.05,3,6.633144669833887,4.630659612425483,6.784040840334667,4.697515167804819
5973,10,Dgv,950,xgboost,0.05,4,6.790386315701952,4.70931006732648,6.778950087615583,4.723310856253805
5974,10,Dgv,950,xgboost_naive_transfer,0.05,4,6.986303004727018,5.105301570549026,6.992936173782401,5.060761297126894
5975,10,Dgv,950,xgboost_naive_transfer_with_dummy,0.05,4,6.673530314702171,4.666588870398436,6.768350050992454,4.7054988248778375
5976,10,Dgv,950,xgboost,0.1,1,6.68275163292973,4.633815395090946,6.902378120823997,4.756512789183428
5977,10,Dgv,950,xgboost_naive_transfer,0.1,1,7.003861029657845,5.156726425390698,7.178381529993112,5.189414170657667
5978,10,Dgv,950,xgboost_naive_transfer_with_dummy,0.1,1,6.717308611753392,4.735395545266796,7.009777074522409,4.875244705496429
5979,10,Dgv,950,xgboost,0.1,2,6.664874138469822,4.604650980898757,6.785480367706618,4.703746969834075
5980,10,Dgv,950,xgboost_naive_transfer,0.1,2,6.968385152260201,5.105914806408342,7.048424702428503,5.090585764041272
5981,10,Dgv,950,xgboost_naive_transfer_with_dummy,0.1,2,6.654130141748712,4.628952164654132,6.821051814745274,4.706485063735812
5982,10,Dgv,950,xgboost,0.1,3,6.741085438360139,4.639156090982106,6.79684661508386,4.730648184480557
5983,10,Dgv,950,xgboost_naive_transfer,0.1,3,6.999510592075131,5.127362953804415,6.953580414201513,5.022768803110948
5984,10,Dgv,950,xgboost_naive_transfer_with_dummy,0.1,3,6.667014456848936,4.647959813368299,6.777973159005441,4.682731803217126
5985,10,Dgv,950,xgboost,0.1,4,6.778937017749995,4.6955344935555035,6.828109375788704,4.736159603209949
5986,10,Dgv,950,xgboost_naive_transfer,0.1,4,7.005997069388947,5.137481495854066,6.976207087006283,5.064386182413118
5987,10,Dgv,950,xgboost_naive_transfer_with_dummy,0.1,4,6.738313235021175,4.712772196323912,6.754900502867723,4.692646175654625
5988,10,Dgv,950,xgboost,0.15,1,6.659628476727642,4.633575733705488,6.892723421413687,4.7611222623775875
5989,10,Dgv,950,xgboost_naive_transfer,0.15,1,7.027097048233961,5.170730228229737,7.193161726650551,5.215639513036229
5990,10,Dgv,950,xgboost_naive_transfer_with_dummy,0.15,1,6.7218677254651436,4.712682412532388,7.0087223091438045,4.887981018592682
5991,10,Dgv,950,xgboost,0.15,2,6.6736089876092795,4.617848007837352,6.793681223544997,4.70383286879572
5992,10,Dgv,950,xgboost_naive_transfer,0.15,2,6.991369812214806,5.141253089033943,7.061692441656489,5.107943225769819
5993,10,Dgv,950,xgboost_naive_transfer_with_dummy,0.15,2,6.684273157209324,4.665751225979951,6.869517674795432,4.758210934036887
5994,10,Dgv,950,xgboost,0.15,3,6.663545481711192,4.579337474028886,6.802906894022434,4.718758490702898
5995,10,Dgv,950,xgboost_naive_transfer,0.15,3,6.970039122587925,5.095782435132391,6.93314345040753,4.998789279084456
5996,10,Dgv,950,xgboost_naive_transfer_with_dummy,0.15,3,6.651684692577129,4.627030502549641,6.807216617021396,4.689337043737414
5997,10,Dgv,950,xgboost,0.15,4,6.831295395304739,4.672241372410388,6.913485445155305,4.808266756898068
5998,10,Dgv,950,xgboost_naive_transfer,0.15,4,7.048079069485814,5.1462168745960035,6.912077448611078,5.0256184970041975
5999,10,Dgv,950,xgboost_naive_transfer_with_dummy,0.15,4,6.74543912246517,4.6834628566455185,6.89557046287703,4.785682394154475
