seed,learning_rate,dropout,d_main,num_blocks,val_rmse_scaled,val_mae_scaled,val_rmse_raw,val_mae_raw,test_rmse_scaled,test_mae_scaled,test_rmse_raw,test_mae_raw
860.0,0.001,0.0,64.0,2.0,0.27551719546318054,0.20530098676681519,0.1283704787492752,0.09565496444702148,0.22476956248283386,0.19093888998031616,0.10472586750984192,0.08896328508853912
861.0,0.001,0.0,64.0,2.0,0.41499897837638855,0.27460384368896484,0.18068234622478485,0.11955708265304565,0.2620809078216553,0.21991223096847534,0.11410484462976456,0.09574542939662933
862.0,0.001,0.0,64.0,2.0,0.3832153081893921,0.2677261233329773,0.16838742792606354,0.11764068901538849,0.1462939977645874,0.12823981046676636,0.06428258121013641,0.05634945258498192
863.0,0.001,0.0,64.0,2.0,0.1487247496843338,0.13520771265029907,0.07433922588825226,0.06758280098438263,0.15945713222026825,0.12537232041358948,0.07970374822616577,0.0626666396856308
864.0,0.001,0.0,64.0,2.0,0.23609454929828644,0.17767393589019775,0.10805188864469528,0.08131490647792816,0.34967273473739624,0.2525354325771332,0.1600325107574463,0.11557627469301224
865.0,0.001,0.0,64.0,2.0,0.29280197620391846,0.16118331253528595,0.12863768637180328,0.07081320881843567,0.42107537388801575,0.30761897563934326,0.1849924772977829,0.13514728844165802
866.0,0.001,0.0,64.0,2.0,0.22472138702869415,0.18814261257648468,0.10294116288423538,0.0861850306391716,0.2782561779022217,0.24509145319461823,0.12746457755565643,0.11227236688137054
867.0,0.001,0.0,64.0,2.0,0.22427627444267273,0.15947982668876648,0.0939512774348259,0.06680747121572495,0.1984192430973053,0.15139591693878174,0.08311951905488968,0.06342105567455292
868.0,0.001,0.0,64.0,2.0,0.269384503364563,0.20841342210769653,0.11795604974031448,0.09125849604606628,0.21089699864387512,0.1483684778213501,0.09234598278999329,0.06496647000312805
869.0,0.001,0.0,64.0,2.0,0.2248857021331787,0.19556617736816406,0.10336378216743469,0.08988770842552185,0.1617431789636612,0.13858166337013245,0.07434171438217163,0.06369602680206299
870.0,0.001,0.0,64.0,2.0,0.1759418398141861,0.1353599727153778,0.07381103932857513,0.05678615719079971,0.3052181005477905,0.2198881208896637,0.1280449479818344,0.0922473594546318
871.0,0.001,0.0,64.0,2.0,0.16697518527507782,0.14073505997657776,0.0803852304816246,0.06775270402431488,0.11698722839355469,0.09475885331630707,0.05632002279162407,0.045618828386068344
872.0,0.001,0.0,64.0,2.0,0.16114769876003265,0.14057929813861847,0.07032226026058197,0.06134653836488724,0.31815046072006226,0.1980808526277542,0.13883569836616516,0.08643927425146103
873.0,0.001,0.0,64.0,2.0,0.17260819673538208,0.1486772894859314,0.08181115239858627,0.07046861946582794,0.21953696012496948,0.1633046269416809,0.10405399650335312,0.0774015337228775
874.0,0.001,0.0,64.0,2.0,0.21709738671779633,0.14642277359962463,0.09915854781866074,0.06687812507152557,0.2344529628753662,0.17903311550617218,0.10708563029766083,0.0817728117108345
875.0,0.001,0.0,64.0,2.0,0.19804684817790985,0.15649496018886566,0.0871853157877922,0.06889310479164124,0.25991111993789673,0.16379375755786896,0.11441957950592041,0.0721062421798706
876.0,0.001,0.0,64.0,2.0,0.15511012077331543,0.1322828233242035,0.0733221247792244,0.06253144145011902,0.18804305791854858,0.14850063621997833,0.08888985216617584,0.07019774615764618
877.0,0.001,0.0,64.0,2.0,0.31429198384284973,0.2318698912858963,0.14142780005931854,0.10433880239725113,0.2859341502189636,0.21637752652168274,0.12866711616516113,0.09736743569374084
878.0,0.001,0.0,64.0,2.0,0.20252440869808197,0.144532710313797,0.09992961585521698,0.07131534069776535,0.22378936409950256,0.14296488463878632,0.11042214930057526,0.07054173946380615
879.0,0.001,0.0,64.0,2.0,0.2043355256319046,0.16229668259620667,0.09208217263221741,0.07313770800828934,0.2259512096643448,0.19483031332492828,0.10182313621044159,0.08779873698949814
880.0,0.001,0.0,64.0,2.0,0.22100703418254852,0.17123831808567047,0.09568805992603302,0.07413999736309052,0.22044914960861206,0.20087915658950806,0.09544651210308075,0.08697342872619629
881.0,0.001,0.0,64.0,2.0,0.1392667293548584,0.12688985466957092,0.06909994035959244,0.06295891106128693,0.2586395740509033,0.18083712458610535,0.12832912802696228,0.08972590416669846
882.0,0.001,0.0,64.0,2.0,0.2318526655435562,0.20802491903305054,0.1101982593536377,0.0988730788230896,0.2107384204864502,0.19374793767929077,0.10016278177499771,0.09208730608224869
883.0,0.001,0.0,64.0,2.0,0.36499643325805664,0.2444801926612854,0.145335853099823,0.0973481759428978,0.39275601506233215,0.23719637095928192,0.1563892960548401,0.09444787353277206
884.0,0.001,0.0,64.0,2.0,0.20365765690803528,0.1383259892463684,0.09534497559070587,0.06475910544395447,0.16471806168556213,0.12102852016687393,0.07711488753557205,0.05666106939315796
885.0,0.001,0.0,64.0,2.0,0.3027958571910858,0.22689154744148254,0.1394103467464447,0.10446321964263916,0.2636988162994385,0.22541455924510956,0.12140966951847076,0.10378320515155792
886.0,0.001,0.0,64.0,2.0,0.17778173089027405,0.13431748747825623,0.08595961332321167,0.06494412571191788,0.23150259256362915,0.179215669631958,0.11193430423736572,0.08665294200181961
887.0,0.001,0.0,64.0,2.0,0.27459344267845154,0.18834638595581055,0.12058278173208237,0.082708939909935,0.22165721654891968,0.15825499594211578,0.0973367989063263,0.06949485093355179
888.0,0.001,0.0,64.0,2.0,0.23970705270767212,0.16970762610435486,0.10140926390886307,0.07179566472768784,0.2603110074996948,0.1881619691848755,0.11012589186429977,0.07960285991430283
889.0,0.001,0.0,64.0,2.0,0.2488749623298645,0.18947184085845947,0.10529839992523193,0.0801650658249855,0.25274014472961426,0.17232072353363037,0.10693372786045074,0.07290847599506378
860.0,0.001,0.0,64.0,4.0,0.2952273488044739,0.21929587423801422,0.13755394518375397,0.10217553377151489,0.1976882964372635,0.1678391695022583,0.09210801124572754,0.07820053398609161
861.0,0.001,0.0,64.0,4.0,0.2666856050491333,0.18891890347003937,0.11610963195562363,0.08225154131650925,0.22828300297260284,0.16953685879707336,0.09938991069793701,0.07381299138069153
862.0,0.001,0.0,64.0,4.0,0.3686043322086334,0.2642146646976471,0.16196726262569427,0.11609771847724915,0.1297844499349594,0.1047254204750061,0.05702818185091019,0.04601707309484482
863.0,0.001,0.0,64.0,4.0,0.15324655175209045,0.11763208359479904,0.07659943401813507,0.05879773199558258,0.17658160626888275,0.14143140614032745,0.08826333284378052,0.07069370150566101
864.0,0.001,0.0,64.0,4.0,0.18243978917598724,0.14806020259857178,0.08349604904651642,0.06776176393032074,0.36095136404037476,0.2605513334274292,0.1651943176984787,0.11924485862255096
865.0,0.001,0.0,64.0,4.0,0.3378327786922455,0.19286218285560608,0.14842121303081512,0.08473078906536102,0.4898901879787445,0.35011276602745056,0.21522513031959534,0.15381622314453125
866.0,0.001,0.0,64.0,4.0,0.21895486116409302,0.13478116691112518,0.10029963403940201,0.06174103543162346,0.35048872232437134,0.2635550796985626,0.16055314242839813,0.12073025852441788
867.0,0.001,0.0,64.0,4.0,0.23248542845249176,0.17156274616718292,0.09739014506340027,0.07186910510063171,0.17841051518917084,0.14142213761806488,0.07473769783973694,0.059242960065603256
868.0,0.001,0.0,64.0,4.0,0.25924262404441833,0.20312395691871643,0.1135152131319046,0.08894239366054535,0.2132953405380249,0.1812761425971985,0.09339616447687149,0.07937583327293396
869.0,0.001,0.0,64.0,4.0,0.2998204529285431,0.19241535663604736,0.13780589401721954,0.08843950182199478,0.18992851674556732,0.14175912737846375,0.0872964933514595,0.065156489610672
870.0,0.001,0.0,64.0,4.0,0.28088778257369995,0.1804095357656479,0.11783791333436966,0.07568532973527908,0.4499216675758362,0.281865656375885,0.18875092267990112,0.11824814230203629
871.0,0.001,0.0,64.0,4.0,0.23647500574588776,0.17626985907554626,0.11384382098913193,0.08485987037420273,0.11992600560188293,0.08872626721858978,0.05773479864001274,0.04271461069583893
872.0,0.001,0.0,64.0,4.0,0.1838420331478119,0.15933844447135925,0.08022569864988327,0.06953273713588715,0.32868146896362305,0.20375759899616241,0.14343127608299255,0.08891651779413223
873.0,0.001,0.0,64.0,4.0,0.2063482403755188,0.17036719620227814,0.09780293703079224,0.08074899017810822,0.2046750783920288,0.13801530003547668,0.09700991213321686,0.065415158867836
874.0,0.001,0.0,64.0,4.0,0.18431591987609863,0.13248077034950256,0.08418568968772888,0.06051016226410866,0.17330053448677063,0.13114604353904724,0.07915445417165756,0.05990052595734596
875.0,0.001,0.0,64.0,4.0,0.14648056030273438,0.11403671652078629,0.06448452174663544,0.0502019077539444,0.21662753820419312,0.18024465441703796,0.0953650251030922,0.07934834808111191
876.0,0.001,0.0,64.0,4.0,0.17245548963546753,0.1438419073820114,0.08152145147323608,0.06799552589654922,0.2262423187494278,0.18305253982543945,0.10694704204797745,0.08653080463409424
877.0,0.001,0.0,64.0,4.0,0.3400785028934479,0.23403292894363403,0.15303145349025726,0.10531214624643326,0.254543662071228,0.20554038882255554,0.11454174667596817,0.09249084442853928
878.0,0.001,0.0,64.0,4.0,0.24369753897190094,0.18055951595306396,0.12024524807929993,0.08909168094396591,0.2122136354446411,0.13889116048812866,0.10471045225858688,0.06853168457746506
879.0,0.001,0.0,64.0,4.0,0.2462206333875656,0.20214563608169556,0.11095737665891647,0.09109532833099365,0.2879144847393036,0.22813673317432404,0.12974637746810913,0.10280800610780716
880.0,0.001,0.0,64.0,4.0,0.2067936807870865,0.15539976954460144,0.08953417092561722,0.06728247553110123,0.1923336386680603,0.15857401490211487,0.0832735225558281,0.0686568170785904
881.0,0.001,0.0,64.0,4.0,0.16655509173870087,0.13359248638153076,0.08263960480690002,0.06628455221652985,0.23065674304962158,0.1662352979183197,0.11444490402936935,0.08248093724250793
882.0,0.001,0.0,64.0,4.0,0.18448784947395325,0.14667588472366333,0.08768602460622787,0.06971421092748642,0.23941375315189362,0.2105194330215454,0.11379200965166092,0.10005870461463928
883.0,0.001,0.0,64.0,4.0,0.3452545702457428,0.2420833855867386,0.13747498393058777,0.09639381617307663,0.3509014844894409,0.2330535650253296,0.13972346484661102,0.09279827028512955
884.0,0.001,0.0,64.0,4.0,0.21713867783546448,0.14262107014656067,0.10165628045797348,0.06676989793777466,0.20946843922138214,0.1645827442407608,0.09806536883115768,0.077051542699337
885.0,0.001,0.0,64.0,4.0,0.26633793115615845,0.20258963108062744,0.12262474745512009,0.09327436983585358,0.22175954282283783,0.17800363898277283,0.10210040211677551,0.08195473253726959
886.0,0.001,0.0,64.0,4.0,0.18657194077968597,0.14259010553359985,0.09020978957414627,0.0689440444111824,0.31314295530319214,0.24397438764572144,0.15140840411186218,0.11796455830335617
887.0,0.001,0.0,64.0,4.0,0.2249886840581894,0.16221418976783752,0.09879972785711288,0.07123344391584396,0.2439771294593811,0.16829031705856323,0.10713817924261093,0.07390166819095612
888.0,0.001,0.0,64.0,4.0,0.3328745365142822,0.19209058582782745,0.14082425832748413,0.0812649056315422,0.2492191642522812,0.16688373684883118,0.10543343424797058,0.07060100883245468
889.0,0.001,0.0,64.0,4.0,0.3752664029598236,0.2624174952507019,0.15877428650856018,0.11102819442749023,0.27296584844589233,0.2205858826637268,0.11549117416143417,0.09332934767007828
860.0,0.001,0.0,256.0,2.0,0.3418613374233246,0.27840590476989746,0.159281924366951,0.1297163963317871,0.25122156739234924,0.2162330150604248,0.11705052852630615,0.1007484644651413
861.0,0.001,0.0,256.0,2.0,0.30548033118247986,0.23322507739067078,0.13300007581710815,0.10154157876968384,0.2334124594926834,0.17868179082870483,0.10162317007780075,0.07779452204704285
862.0,0.001,0.0,256.0,2.0,0.3611881732940674,0.3019365668296814,0.1587085723876953,0.1326729953289032,0.2018539011478424,0.17170843482017517,0.08869598805904388,0.0754498615860939
863.0,0.001,0.0,256.0,2.0,0.2099621742963791,0.13887518644332886,0.10494842380285263,0.06941598653793335,0.22058211266994476,0.1826646625995636,0.11025671660900116,0.09130388498306274
864.0,0.001,0.0,256.0,2.0,0.18196438252925873,0.12899687886238098,0.08327846974134445,0.05903717130422592,0.3489646911621094,0.2480015605688095,0.15970845520496368,0.11350130289793015
865.0,0.001,0.0,256.0,2.0,0.22685152292251587,0.1542900651693344,0.09966345876455307,0.06778478622436523,0.32435983419418335,0.25696420669555664,0.14250212907791138,0.11289297044277191
866.0,0.001,0.0,256.0,2.0,0.24268728494644165,0.1873588263988495,0.11117105931043625,0.08582600206136703,0.34599098563194275,0.2569102644920349,0.1584928035736084,0.11768637597560883
867.0,0.001,0.0,256.0,2.0,0.2686294615268707,0.18699239194393158,0.11253119260072708,0.07833273708820343,0.33180201053619385,0.21827876567840576,0.13899469375610352,0.09143883734941483
868.0,0.001,0.0,256.0,2.0,0.2980467975139618,0.23221877217292786,0.1305064707994461,0.10168220102787018,0.2419818490743637,0.16621540486812592,0.10595719516277313,0.07278114557266235
869.0,0.001,0.0,256.0,2.0,0.24783997237682343,0.22695797681808472,0.11391422152519226,0.10431625694036484,0.20686708390712738,0.17644274234771729,0.09508191794157028,0.0810980424284935
870.0,0.001,0.0,256.0,2.0,0.20563356578350067,0.13023963570594788,0.08626731485128403,0.0546380840241909,0.34694039821624756,0.19020870327949524,0.1455482691526413,0.07979626208543777
871.0,0.001,0.0,256.0,2.0,0.25061818957328796,0.18011146783828735,0.12065266817808151,0.08670930564403534,0.0965837612748146,0.07743298262357712,0.046497367322444916,0.03727780282497406
872.0,0.001,0.0,256.0,2.0,0.18981541693210602,0.16786375641822815,0.08283238112926483,0.07325304299592972,0.29006844758987427,0.2278580665588379,0.12658116221427917,0.09943358600139618
873.0,0.001,0.0,256.0,2.0,0.17067310214042664,0.11210879683494568,0.08089398592710495,0.05313624441623688,0.251595675945282,0.1452673226594925,0.1192488819360733,0.06885240226984024
874.0,0.001,0.0,256.0,2.0,0.16287340223789215,0.13176029920578003,0.07439188659191132,0.06018109247088432,0.1843777894973755,0.14687523245811462,0.0842139720916748,0.06708480417728424
875.0,0.001,0.0,256.0,2.0,0.20509248971939087,0.15886574983596802,0.09028702229261398,0.06993681192398071,0.18169070780277252,0.14739751815795898,0.07998494803905487,0.06488819420337677
876.0,0.001,0.0,256.0,2.0,0.1687995046377182,0.1328132301568985,0.07979323714971542,0.0627821609377861,0.243880957365036,0.1792374700307846,0.1152849942445755,0.08472736179828644
877.0,0.001,0.0,256.0,2.0,0.35906997323036194,0.26969558000564575,0.16157740354537964,0.1213599443435669,0.29289165139198303,0.23750099539756775,0.1317979097366333,0.10687275230884552
878.0,0.001,0.0,256.0,2.0,0.3642273247241974,0.27801620960235596,0.1797170341014862,0.13717874884605408,0.42717480659484863,0.312599778175354,0.21077659726142883,0.15424299240112305
879.0,0.001,0.0,256.0,2.0,0.1801435500383377,0.15615150332450867,0.08118025958538055,0.0703684389591217,0.2291404902935028,0.19289593398571014,0.1032603457570076,0.08692702651023865
880.0,0.001,0.0,256.0,2.0,0.27900683879852295,0.1986876130104065,0.12079986929893494,0.08602454513311386,0.2284506857395172,0.1808808445930481,0.09891089797019958,0.078314870595932
881.0,0.001,0.0,256.0,2.0,0.21466293931007385,0.19198524951934814,0.106509268283844,0.09525727480649948,0.3150198757648468,0.23895296454429626,0.15630334615707397,0.11856123805046082
882.0,0.001,0.0,256.0,2.0,0.2769276201725006,0.25166332721710205,0.13162213563919067,0.11961416900157928,0.2871161103248596,0.2553521692752838,0.1364646553993225,0.1213674396276474
883.0,0.001,0.0,256.0,2.0,0.3329973518848419,0.24920926988124847,0.13259433209896088,0.09923122823238373,0.4059275984764099,0.2645485997200012,0.16163399815559387,0.10533910244703293
884.0,0.001,0.0,256.0,2.0,0.2512068450450897,0.15881939232349396,0.11760574579238892,0.07435335963964462,0.22932744026184082,0.18834882974624634,0.10736259818077087,0.08817793428897858
885.0,0.001,0.0,256.0,2.0,0.19353990256786346,0.1419811248779297,0.08910778164863586,0.06536957621574402,0.1731177270412445,0.13739971816539764,0.07970520108938217,0.0632602646946907
886.0,0.001,0.0,256.0,2.0,0.20322489738464355,0.16252484917640686,0.09826169908046722,0.07858273386955261,0.2974441945552826,0.24960145354270935,0.14381787180900574,0.12068532407283783
887.0,0.001,0.0,256.0,2.0,0.2575136125087738,0.18220162391662598,0.11308249086141586,0.08001057803630829,0.2642095685005188,0.19668087363243103,0.11602290719747543,0.08636888116598129
888.0,0.001,0.0,256.0,2.0,0.28737595677375793,0.23216354846954346,0.12157583981752396,0.09821795672178268,0.24840067327022552,0.22525954246520996,0.10508715361356735,0.0952971875667572
889.0,0.001,0.0,256.0,2.0,0.29499951004981995,0.21605899930000305,0.12481357157230377,0.09141403436660767,0.22725503146648407,0.18366508185863495,0.09615103155374527,0.07770822942256927
860.0,0.001,0.0,256.0,4.0,0.2821658253669739,0.22574615478515625,0.1314682513475418,0.10518088936805725,0.18016572296619415,0.14804276823997498,0.08394379913806915,0.06897688657045364
861.0,0.001,0.0,256.0,4.0,0.31798067688941956,0.22836844623088837,0.1384425312280655,0.09942712634801865,0.3306335508823395,0.23207256197929382,0.14395131170749664,0.1010398119688034
862.0,0.001,0.0,256.0,4.0,0.4127577841281891,0.29596632719039917,0.1813686192035675,0.13004963099956512,0.13347885012626648,0.10771498084068298,0.05865151435136795,0.04733070731163025
863.0,0.001,0.0,256.0,4.0,0.1392398625612259,0.11191755533218384,0.06959827244281769,0.05594136565923691,0.16592364013195038,0.14270320534706116,0.08293599635362625,0.07132938504219055
864.0,0.001,0.0,256.0,4.0,0.18658068776130676,0.15169298648834229,0.08539119362831116,0.06942436099052429,0.3143000602722168,0.2396509051322937,0.14384369552135468,0.10967949777841568
865.0,0.001,0.0,256.0,4.0,0.27997279167175293,0.16552644968032837,0.12300140410661697,0.07272128760814667,0.40009766817092896,0.2964141368865967,0.17577628791332245,0.13022464513778687
866.0,0.001,0.0,256.0,4.0,0.28103041648864746,0.23330706357955933,0.12873539328575134,0.10687412321567535,0.34286150336265564,0.26673203706741333,0.1570592224597931,0.12218555063009262
867.0,0.001,0.0,256.0,4.0,0.46610209345817566,0.36535364389419556,0.19525417685508728,0.1530497968196869,0.31410694122314453,0.2701285481452942,0.1315821260213852,0.1131591945886612
868.0,0.001,0.0,256.0,4.0,0.23985935747623444,0.1896754801273346,0.10502780228853226,0.08305366337299347,0.21142451465129852,0.162413090467453,0.09257697314023972,0.07111622393131256
869.0,0.001,0.0,256.0,4.0,0.2434033751487732,0.18847094476222992,0.111875019967556,0.0866265520453453,0.23287810385227203,0.18207362294197083,0.10703732073307037,0.08368615806102753
870.0,0.001,0.0,256.0,4.0,0.165350541472435,0.14511236548423767,0.06936778128147125,0.060877472162246704,0.22631140053272247,0.2009216845035553,0.09494205564260483,0.08429057896137238
871.0,0.001,0.0,256.0,4.0,0.30385661125183105,0.24401018023490906,0.14628268778324127,0.11747142672538757,0.24260163307189941,0.19562840461730957,0.11679331958293915,0.09417946636676788
872.0,0.001,0.0,256.0,4.0,0.1774650365114212,0.15119189023971558,0.07744287699460983,0.06597770005464554,0.24648016691207886,0.15861031413078308,0.10755996406078339,0.06921498477458954
873.0,0.001,0.0,256.0,4.0,0.18703514337539673,0.15328851342201233,0.08864911645650864,0.07265421003103256,0.20097029209136963,0.15122687816619873,0.09525395184755325,0.07167704403400421
874.0,0.001,0.0,256.0,4.0,0.22473442554473877,0.1948486715555191,0.10264670848846436,0.08899649232625961,0.22407767176628113,0.19698680937290192,0.1023467555642128,0.089973084628582
875.0,0.001,0.0,256.0,4.0,0.17103058099746704,0.13548938930034637,0.07529206573963165,0.059645913541316986,0.19926266372203827,0.14249016344547272,0.08772057294845581,0.06272785365581512
876.0,0.001,0.0,256.0,4.0,0.13438096642494202,0.11359378695487976,0.06352324783802032,0.053696926683187485,0.2270819991827011,0.17698156833648682,0.10734394937753677,0.08366098254919052
877.0,0.001,0.0,256.0,4.0,0.30383971333503723,0.2396559715270996,0.13672441244125366,0.10784246027469635,0.27574482560157776,0.22454948723316193,0.1240820363163948,0.10104471445083618
878.0,0.001,0.0,256.0,4.0,0.21692514419555664,0.17323154211044312,0.10703523457050323,0.08547592163085938,0.2438318133354187,0.1963450014591217,0.12031152099370956,0.09688057005405426
879.0,0.001,0.0,256.0,4.0,0.23605835437774658,0.1867358684539795,0.10637783259153366,0.08415104448795319,0.23570188879966736,0.20516586303710938,0.10621719062328339,0.0924563780426979
880.0,0.001,0.0,256.0,4.0,0.24918341636657715,0.1931338906288147,0.10788740962743759,0.08361999690532684,0.23053427040576935,0.18986153602600098,0.09981302171945572,0.08220319449901581
881.0,0.001,0.0,256.0,4.0,0.19326286017894745,0.15733253955841064,0.09589119255542755,0.07806365191936493,0.2618846893310547,0.20297352969646454,0.1299392580986023,0.10070934146642685
882.0,0.001,0.0,256.0,4.0,0.21175920963287354,0.17967484891414642,0.1006479561328888,0.08539844304323196,0.19812387228012085,0.17347119748592377,0.09416715055704117,0.08244987577199936
883.0,0.001,0.0,256.0,4.0,0.3364465832710266,0.23968960344791412,0.13396777212619781,0.09544065594673157,0.3638279438018799,0.24573682248592377,0.1448705792427063,0.0978485494852066
884.0,0.001,0.0,256.0,4.0,0.23109214007854462,0.17095761001110077,0.10818877816200256,0.08003602176904678,0.20072431862354279,0.16602087020874023,0.09397168457508087,0.07772482931613922
885.0,0.001,0.0,256.0,4.0,0.2644030451774597,0.20150810480117798,0.12173391878604889,0.09277641773223877,0.22093304991722107,0.1966763436794281,0.10171986371278763,0.09055183082818985
886.0,0.001,0.0,256.0,4.0,0.17063498497009277,0.12286192178726196,0.08250407129526138,0.05940521880984306,0.27716881036758423,0.23058746755123138,0.13401447236537933,0.11149182170629501
887.0,0.001,0.0,256.0,4.0,0.26287543773651123,0.16624516248703003,0.11543702334165573,0.07300356775522232,0.27145856618881226,0.17140282690525055,0.11920617520809174,0.07526848465204239
888.0,0.001,0.0,256.0,4.0,0.44579821825027466,0.22852154076099396,0.1885971873998642,0.09667718410491943,0.29767942428588867,0.19089677929878235,0.12593476474285126,0.08075984567403793
889.0,0.001,0.0,256.0,4.0,0.3264510929584503,0.2013927549123764,0.1381206512451172,0.08520877361297607,0.2384616583585739,0.15562297403812408,0.10089252889156342,0.06584369391202927
860.0,0.001,0.1,64.0,2.0,0.22992651164531708,0.19085583090782166,0.10712862759828568,0.0889245942234993,0.19628246128559113,0.17701512575149536,0.09145300090312958,0.08247585594654083
861.0,0.001,0.1,64.0,2.0,0.22450357675552368,0.1716359257698059,0.097744420170784,0.07472686469554901,0.2425060272216797,0.18766793608665466,0.1055823266506195,0.08170691132545471
862.0,0.001,0.1,64.0,2.0,0.28874504566192627,0.20503586530685425,0.12687653303146362,0.09009414911270142,0.12869831919670105,0.10373002290725708,0.05655092000961304,0.045579686760902405
863.0,0.001,0.1,64.0,2.0,0.12356197834014893,0.08842240273952484,0.0617617703974247,0.044197436422109604,0.1182706281542778,0.08173098415136337,0.059116896241903305,0.04085277020931244
864.0,0.001,0.1,64.0,2.0,0.2750800848007202,0.1874295175075531,0.12589414417743683,0.08577967435121536,0.31067904829978943,0.20663392543792725,0.1421864926815033,0.09456881880760193
865.0,0.001,0.1,64.0,2.0,0.27240023016929626,0.1903369128704071,0.11967452615499496,0.08362137526273727,0.3576998710632324,0.26829618215560913,0.1571495085954666,0.1178714781999588
866.0,0.001,0.1,64.0,2.0,0.1823810338973999,0.1297750324010849,0.0835457518696785,0.05944779887795448,0.2512129247188568,0.20738381147384644,0.11507651954889297,0.09499911963939667
867.0,0.001,0.1,64.0,2.0,0.25177058577537537,0.20173950493335724,0.10546886175870895,0.08451041579246521,0.153855562210083,0.13715846836566925,0.0644514262676239,0.05745687335729599
868.0,0.001,0.1,64.0,2.0,0.2543529272079468,0.21346688270568848,0.111374132335186,0.09347126632928848,0.17296399176120758,0.13986271619796753,0.0757361650466919,0.061242036521434784
869.0,0.001,0.1,64.0,2.0,0.20993360877037048,0.1638229489326477,0.09649135917425156,0.07529761642217636,0.1644519418478012,0.14464175701141357,0.0755867287516594,0.06648141145706177
870.0,0.001,0.1,64.0,2.0,0.1834561824798584,0.11844612658023834,0.07696344703435898,0.04969047009944916,0.27611982822418213,0.17701807618141174,0.11583767086267471,0.07426253706216812
871.0,0.001,0.1,64.0,2.0,0.16674253344535828,0.14791430532932281,0.08027321845293045,0.07120892405509949,0.16726355254650116,0.13267745077610016,0.08052404224872589,0.06387359648942947
872.0,0.001,0.1,64.0,2.0,0.14801552891731262,0.11283628642559052,0.06459158658981323,0.04923992604017258,0.26758092641830444,0.17872460186481476,0.11676797270774841,0.0779925212264061
873.0,0.001,0.1,64.0,2.0,0.17115406692028046,0.14239613711833954,0.08112195879220963,0.0674915537238121,0.2081681489944458,0.14976033568382263,0.0986655056476593,0.07098192721605301
874.0,0.001,0.1,64.0,2.0,0.19941291213035583,0.13100861012935638,0.0910811796784401,0.05983775109052658,0.19380129873752594,0.14849410951137543,0.08851811289787292,0.06782419979572296
875.0,0.001,0.1,64.0,2.0,0.1782645434141159,0.14615845680236816,0.07847665995359421,0.06434272229671478,0.21805313229560852,0.15420791506767273,0.09599260240793228,0.06788630038499832
876.0,0.001,0.1,64.0,2.0,0.1130271703004837,0.09252990782260895,0.053429096937179565,0.04373983293771744,0.2034491002559662,0.1638346016407013,0.09617245942354202,0.07744628190994263
877.0,0.001,0.1,64.0,2.0,0.31601759791374207,0.21055850386619568,0.14220429956912994,0.09474892169237137,0.20599830150604248,0.14154493808746338,0.0926968902349472,0.06369361281394958
878.0,0.001,0.1,64.0,2.0,0.21438929438591003,0.15593475103378296,0.10578396916389465,0.0769413411617279,0.2075534164905548,0.16129323840141296,0.10241100937128067,0.07958531379699707
879.0,0.001,0.1,64.0,2.0,0.18160425126552582,0.12861794233322144,0.08183852583169937,0.05796065554022789,0.24261333048343658,0.15184390544891357,0.10933177173137665,0.06842724233865738
880.0,0.001,0.1,64.0,2.0,0.20400618016719818,0.16797560453414917,0.08832728117704391,0.07272735238075256,0.21809397637844086,0.1722429245710373,0.09442681819200516,0.07457496225833893
881.0,0.001,0.1,64.0,2.0,0.16487163305282593,0.12907356023788452,0.08180432766675949,0.06404239684343338,0.23567089438438416,0.16242647171020508,0.11693277209997177,0.0805911049246788
882.0,0.001,0.1,64.0,2.0,0.20821568369865417,0.1778842806816101,0.09896375238895416,0.08454740047454834,0.16435515880584717,0.13734500110149384,0.07811710238456726,0.06527931243181229
883.0,0.001,0.1,64.0,2.0,0.2595170736312866,0.18979176878929138,0.10333564877510071,0.07557211816310883,0.3131595253944397,0.20235642790794373,0.12469521164894104,0.08057515323162079
884.0,0.001,0.1,64.0,2.0,0.17392246425151825,0.12083855271339417,0.08142406493425369,0.05657213553786278,0.2091331034898758,0.15393280982971191,0.0979083701968193,0.07206565141677856
885.0,0.001,0.1,64.0,2.0,0.20917338132858276,0.1759021282196045,0.09630559384822845,0.08098717033863068,0.22376595437526703,0.21960486471652985,0.10302416235208511,0.1011083573102951
886.0,0.001,0.1,64.0,2.0,0.1605447232723236,0.12106029689311981,0.07762531191110611,0.05853411555290222,0.2458789348602295,0.16985902190208435,0.11888542771339417,0.08212888240814209
887.0,0.001,0.1,64.0,2.0,0.277212917804718,0.1867218166589737,0.12173306941986084,0.08199553191661835,0.228882297873497,0.16472165286540985,0.10050954669713974,0.07233456522226334
888.0,0.001,0.1,64.0,2.0,0.21290455758571625,0.14906823635101318,0.09007032215595245,0.06306406110525131,0.25158530473709106,0.19160544872283936,0.10643443465232849,0.08105964958667755
889.0,0.001,0.1,64.0,2.0,0.3017039895057678,0.203669011592865,0.1276502162218094,0.08617185801267624,0.22062472999095917,0.15822996199131012,0.0933457612991333,0.06694670766592026
860.0,0.001,0.1,64.0,4.0,0.2819623649120331,0.24512726068496704,0.13137345016002655,0.11421103775501251,0.25975868105888367,0.2359614372253418,0.12102818489074707,0.10994044691324234
861.0,0.001,0.1,64.0,4.0,0.23384641110897064,0.17180413007736206,0.10181210935115814,0.07480011880397797,0.2479909211397171,0.187264084815979,0.10797033458948135,0.08153107762336731
862.0,0.001,0.1,64.0,4.0,0.3411034941673279,0.23188470304012299,0.1498832255601883,0.10189175605773926,0.13814522325992584,0.10998867452144623,0.06070195510983467,0.048329778015613556
863.0,0.001,0.1,64.0,4.0,0.11727913469076157,0.08316665887832642,0.05862131342291832,0.04157038778066635,0.1474316418170929,0.11600524187088013,0.07369286566972733,0.05798456072807312
864.0,0.001,0.1,64.0,4.0,0.27348792552948,0.20233389735221863,0.12516546249389648,0.09260086715221405,0.31855133175849915,0.22361703217029572,0.14578935503959656,0.10234138369560242
865.0,0.001,0.1,64.0,4.0,0.25477519631385803,0.14965331554412842,0.11193123459815979,0.0657477006316185,0.3230751156806946,0.237367644906044,0.141937717795372,0.10428354144096375
866.0,0.001,0.1,64.0,4.0,0.198385551571846,0.13759712874889374,0.09087713807821274,0.06303096562623978,0.27136093378067017,0.20421499013900757,0.12430595606565475,0.093547523021698
867.0,0.001,0.1,64.0,4.0,0.23552200198173523,0.18500886857509613,0.09866220504045486,0.0775018110871315,0.19812418520450592,0.15952682495117188,0.08299592137336731,0.06682717055082321
868.0,0.001,0.1,64.0,4.0,0.267976313829422,0.19422106444835663,0.11733946204185486,0.08504406362771988,0.1373351663351059,0.11965975165367126,0.060135290026664734,0.052395716309547424
869.0,0.001,0.1,64.0,4.0,0.19693276286125183,0.16945189237594604,0.09051581472158432,0.07788484543561935,0.17145052552223206,0.14909839630126953,0.07880347967147827,0.06852981448173523
870.0,0.001,0.1,64.0,4.0,0.18481363356113434,0.12177491933107376,0.07753293961286545,0.05108695849776268,0.3186810314655304,0.17303992807865143,0.1336929202079773,0.07259363681077957
871.0,0.001,0.1,64.0,4.0,0.1585656702518463,0.13293272256851196,0.07633670419454575,0.06399647891521454,0.1402612328529358,0.10601760447025299,0.06752460449934006,0.05103902146220207
872.0,0.001,0.1,64.0,4.0,0.16360129415988922,0.13157165050506592,0.0713929757475853,0.05741574615240097,0.3012852072715759,0.1972743570804596,0.13147597014904022,0.08608733862638474
873.0,0.001,0.1,64.0,4.0,0.16642890870571136,0.12949615716934204,0.0788823664188385,0.06137733533978462,0.20976974070072174,0.14664652943611145,0.09942462295293808,0.06950608640909195
874.0,0.001,0.1,64.0,4.0,0.17527179419994354,0.13315701484680176,0.08005481213331223,0.060819029808044434,0.17273317277431488,0.15298467874526978,0.07889532297849655,0.06987526267766953
875.0,0.001,0.1,64.0,4.0,0.17371582984924316,0.13374944031238556,0.07647418975830078,0.058879949152469635,0.16992801427841187,0.12551361322402954,0.07480667531490326,0.05525432154536247
876.0,0.001,0.1,64.0,4.0,0.15883861482143402,0.1377612203359604,0.0750846266746521,0.0651211366057396,0.23530839383602142,0.19679191708564758,0.11123266816139221,0.09302553534507751
877.0,0.001,0.1,64.0,4.0,0.29374974966049194,0.1824919879436493,0.13218405842781067,0.08211931586265564,0.21566230058670044,0.14622649550437927,0.09704557061195374,0.0658002495765686
878.0,0.001,0.1,64.0,4.0,0.19590218365192413,0.1479816436767578,0.09666205942630768,0.07301710546016693,0.20111794769763947,0.14338693022727966,0.09923562407493591,0.07074999064207077
879.0,0.001,0.1,64.0,4.0,0.18235188722610474,0.11783634126186371,0.08217542618513107,0.05310200899839401,0.23461857438087463,0.14912356436252594,0.10572899132966995,0.06720135360956192
880.0,0.001,0.1,64.0,4.0,0.3820754289627075,0.28118598461151123,0.1654248684644699,0.12174337357282639,0.254552960395813,0.16625937819480896,0.11021225899457932,0.07198430597782135
881.0,0.001,0.1,64.0,4.0,0.20235688984394073,0.15489839017391205,0.10040337592363358,0.07685589790344238,0.21852965652942657,0.15349522233009338,0.10842780768871307,0.07615970075130463
882.0,0.001,0.1,64.0,4.0,0.24287553131580353,0.19564518332481384,0.11543736606836319,0.09298904985189438,0.17883798480033875,0.1357002556324005,0.08500069379806519,0.06449758261442184
883.0,0.001,0.1,64.0,4.0,0.25960901379585266,0.18865078687667847,0.1033722311258316,0.07511778175830841,0.26318010687828064,0.18261414766311646,0.10479418933391571,0.07271409779787064
884.0,0.001,0.1,64.0,4.0,0.21181826293468475,0.12545710802078247,0.09916546940803528,0.05873437225818634,0.16792750358581543,0.12728291749954224,0.07861743867397308,0.05958914756774902
885.0,0.001,0.1,64.0,4.0,0.21529299020767212,0.16530461609363556,0.09912312030792236,0.07610795646905899,0.17079010605812073,0.134932279586792,0.07863355427980423,0.062124237418174744
886.0,0.001,0.1,64.0,4.0,0.17302893102169037,0.13294479250907898,0.08366157114505768,0.06428040564060211,0.24324312806129456,0.19759432971477509,0.11761098355054855,0.09553924202919006
887.0,0.001,0.1,64.0,4.0,0.2587798237800598,0.19058364629745483,0.1136385127902031,0.08369138091802597,0.265574187040329,0.1836327463388443,0.11662213504314423,0.08063901960849762
888.0,0.001,0.1,64.0,4.0,0.2922760546207428,0.19601818919181824,0.12364885210990906,0.08292648196220398,0.2108452022075653,0.17416220903396606,0.08919912576675415,0.07368020713329315
889.0,0.001,0.1,64.0,4.0,0.3212023377418518,0.22501635551452637,0.13589993119239807,0.09520386159420013,0.25564730167388916,0.17855708301067352,0.1081637442111969,0.07554705440998077
860.0,0.001,0.1,256.0,2.0,0.3399716913700104,0.25074732303619385,0.1584014743566513,0.11682957410812378,0.209504172205925,0.17182612419128418,0.09761332720518112,0.08005817979574203
861.0,0.001,0.1,256.0,2.0,0.30420172214508057,0.25686517357826233,0.1324433982372284,0.11183400452136993,0.24809804558753967,0.21659058332443237,0.10801699757575989,0.09429926425218582
862.0,0.001,0.1,256.0,2.0,0.3871654272079468,0.2896197736263275,0.1701231449842453,0.12726092338562012,0.19202467799186707,0.15315629541873932,0.0843769758939743,0.06729793548583984
863.0,0.001,0.1,256.0,2.0,0.13370703160762787,0.10744956135749817,0.06683270633220673,0.05370805412530899,0.18593114614486694,0.1620643138885498,0.09293660521507263,0.08100691437721252
864.0,0.001,0.1,256.0,2.0,0.2261483371257782,0.1997135877609253,0.10349985957145691,0.09140163660049438,0.37226197123527527,0.2987513542175293,0.17037080228328705,0.13672764599323273
865.0,0.001,0.1,256.0,2.0,0.24290814995765686,0.1924847960472107,0.10671765357255936,0.08456499874591827,0.292390912771225,0.24139399826526642,0.12845711410045624,0.1060524508357048
866.0,0.001,0.1,256.0,2.0,0.20549996197223663,0.17280329763889313,0.09413614869117737,0.07915835082530975,0.24626310169696808,0.21314498782157898,0.11280908435583115,0.09763821959495544
867.0,0.001,0.1,256.0,2.0,0.22637569904327393,0.17503345012664795,0.09483072906732559,0.07332301139831543,0.20169849693775177,0.16075670719146729,0.0844932347536087,0.0673423707485199
868.0,0.001,0.1,256.0,2.0,0.2984830439090729,0.27718958258628845,0.13069750368595123,0.12137369066476822,0.19420863687992096,0.1687982678413391,0.08503861725330353,0.073912113904953
869.0,0.001,0.1,256.0,2.0,0.22265073657035828,0.1847819834947586,0.10233652591705322,0.08493098616600037,0.18644705414772034,0.15533386170864105,0.08569630980491638,0.07139581441879272
870.0,0.001,0.1,256.0,2.0,0.18862967193126678,0.1187363937497139,0.07913386076688766,0.04981224983930588,0.35131800174713135,0.20884762704372406,0.14738476276397705,0.08761566877365112
871.0,0.001,0.1,256.0,2.0,0.21378131210803986,0.1944744884967804,0.10291863232851028,0.09362394362688065,0.21872660517692566,0.2025173157453537,0.10529939085245132,0.0974959209561348
872.0,0.001,0.1,256.0,2.0,0.18280021846294403,0.1541544795036316,0.07977105677127838,0.06727051734924316,0.2777526080608368,0.20948898792266846,0.12120673805475235,0.09141760319471359
873.0,0.001,0.1,256.0,2.0,0.18933233618736267,0.16574311256408691,0.0897378996014595,0.0785573199391365,0.2340536266565323,0.1775743067264557,0.11093447357416153,0.08416494727134705
874.0,0.001,0.1,256.0,2.0,0.16366103291511536,0.1209588423371315,0.07475163787603378,0.055247560143470764,0.20046491920948029,0.16666248440742493,0.0915617048740387,0.07612255215644836
875.0,0.001,0.1,256.0,2.0,0.20843610167503357,0.16832926869392395,0.09175896644592285,0.07410290837287903,0.16423088312149048,0.1411805897951126,0.07229867577552795,0.06215134635567665
876.0,0.001,0.1,256.0,2.0,0.1772463321685791,0.1527797281742096,0.08378614485263824,0.07222052663564682,0.2190426141023636,0.18426957726478577,0.10354366153478622,0.08710609376430511
877.0,0.001,0.1,256.0,2.0,0.31508830189704895,0.23021523654460907,0.141786128282547,0.10359421372413635,0.24781513214111328,0.18566888570785522,0.11151397973299026,0.0835488811135292
878.0,0.001,0.1,256.0,2.0,0.18650618195533752,0.1467246115207672,0.09202589839696884,0.07239685952663422,0.240279883146286,0.16435551643371582,0.11855889856815338,0.08109630644321442
879.0,0.001,0.1,256.0,2.0,0.1913507878780365,0.14296332001686096,0.08623071759939194,0.0644252747297287,0.2586577832698822,0.18112561106681824,0.11656204611063004,0.08162279427051544
880.0,0.001,0.1,256.0,2.0,0.25501441955566406,0.194912850856781,0.11041200906038284,0.08439021557569504,0.22660140693187714,0.1949697732925415,0.09811021387577057,0.08441486954689026
881.0,0.001,0.1,256.0,2.0,0.16305160522460938,0.13443458080291748,0.08090127259492874,0.06670236587524414,0.2250252217054367,0.1686985194683075,0.11165071278810501,0.08370310068130493
882.0,0.001,0.1,256.0,2.0,0.2085966318845749,0.16154071688652039,0.09914480894804001,0.07677938789129257,0.211459219455719,0.13482919335365295,0.10050537437200546,0.06408356130123138
883.0,0.001,0.1,256.0,2.0,0.28333455324172974,0.22004711627960205,0.11281941831111908,0.08761933445930481,0.24579250812530518,0.19643984735012054,0.09787074476480484,0.07821927964687347
884.0,0.001,0.1,256.0,2.0,0.19894832372665405,0.14491310715675354,0.09314023703336716,0.06784295290708542,0.17698954045772552,0.14164626598358154,0.08285992592573166,0.06631353497505188
885.0,0.001,0.1,256.0,2.0,0.2799140214920044,0.2240751087665558,0.12887531518936157,0.10316650569438934,0.23892170190811157,0.21822550892829895,0.11000203341245651,0.10047328472137451
886.0,0.001,0.1,256.0,2.0,0.182903453707695,0.15903836488723755,0.08843603730201721,0.07689697295427322,0.23874957859516144,0.20674976706504822,0.1154382973909378,0.09996601194143295
887.0,0.001,0.1,256.0,2.0,0.3395552635192871,0.23367977142333984,0.1491096168756485,0.10261628031730652,0.19026440382003784,0.14930525422096252,0.08355119824409485,0.06556472182273865
888.0,0.001,0.1,256.0,2.0,0.282416433095932,0.20708397030830383,0.11947770416736603,0.08760790526866913,0.24734823405742645,0.2009396255016327,0.10464192181825638,0.08500851690769196
889.0,0.001,0.1,256.0,2.0,0.2607249915599823,0.19212627410888672,0.11031211912631989,0.0812881588935852,0.2305345982313156,0.16473418474197388,0.09753861278295517,0.06969861686229706
860.0,0.001,0.1,256.0,4.0,0.30688759684562683,0.24056312441825867,0.14298675954341888,0.11208448559045792,0.19948524236679077,0.1699044406414032,0.09294524788856506,0.07916280627250671
861.0,0.001,0.1,256.0,4.0,0.23582378029823303,0.16838082671165466,0.10267302393913269,0.07330968230962753,0.2505054175853729,0.2032264769077301,0.10906512290239334,0.08848080039024353
862.0,0.001,0.1,256.0,4.0,0.38015326857566833,0.2774362862110138,0.16704194247722626,0.12190740555524826,0.12932690978050232,0.10960690677165985,0.056827135384082794,0.048162028193473816
863.0,0.001,0.1,256.0,4.0,0.13419942557811737,0.11483825743198395,0.06707882881164551,0.057401251047849655,0.14099423587322235,0.11108948290348053,0.07047516107559204,0.055527448654174805
864.0,0.001,0.1,256.0,4.0,0.2205328792333603,0.1598493605852127,0.10092984884977341,0.07315722107887268,0.4440753757953644,0.3271516263484955,0.20323717594146729,0.14972540736198425
865.0,0.001,0.1,256.0,4.0,0.18041856586933136,0.16007369756698608,0.07926389575004578,0.07032571732997894,0.3525315821170807,0.2679824233055115,0.1548789143562317,0.11773364990949631
866.0,0.001,0.1,256.0,4.0,0.19939230382442474,0.1703532189130783,0.09133832901716232,0.07803599536418915,0.26058515906333923,0.2167787253856659,0.11936979740858078,0.09930279105901718
867.0,0.001,0.1,256.0,4.0,0.24372105300426483,0.17594105005264282,0.10209685564041138,0.07370322942733765,0.30371835827827454,0.20198595523834229,0.1272302269935608,0.08461365103721619
868.0,0.001,0.1,256.0,4.0,0.2633104622364044,0.20399853587150574,0.1152963936328888,0.08932533860206604,0.16587701439857483,0.12479148805141449,0.07263298332691193,0.054642751812934875
869.0,0.001,0.1,256.0,4.0,0.2785707116127014,0.22569358348846436,0.1280388981103897,0.10373511910438538,0.20045965909957886,0.15823914110660553,0.09213689714670181,0.07273115962743759
870.0,0.001,0.1,256.0,4.0,0.29229068756103516,0.24047842621803284,0.12262166291475296,0.10088540613651276,0.39412274956703186,0.3236708641052246,0.16534218192100525,0.1357862502336502
871.0,0.001,0.1,256.0,4.0,0.18698929250240326,0.1545056402683258,0.09002041816711426,0.07438212633132935,0.17249532043933868,0.16027987003326416,0.08304271847009659,0.07716195285320282
872.0,0.001,0.1,256.0,4.0,0.17549309134483337,0.1628391146659851,0.07658234238624573,0.07106035947799683,0.2573308050632477,0.20444056391716003,0.1122949942946434,0.08921454846858978
873.0,0.001,0.1,256.0,4.0,0.20018574595451355,0.1393282115459442,0.09488210082054138,0.06603743880987167,0.2087622582912445,0.1466120481491089,0.09894712269306183,0.0694897472858429
874.0,0.001,0.1,256.0,4.0,0.23975878953933716,0.16287781298160553,0.10950904339551926,0.07439391314983368,0.24263428151607513,0.19916033744812012,0.11082242429256439,0.09096584469079971
875.0,0.001,0.1,256.0,4.0,0.2158859521150589,0.17840704321861267,0.09503855556249619,0.07853938639163971,0.2563845217227936,0.18390126526355743,0.11286706477403641,0.08095808327198029
876.0,0.001,0.1,256.0,4.0,0.15214748680591583,0.11448948830366135,0.07192165404558182,0.05412033572793007,0.2187984138727188,0.15812765061855316,0.10342822223901749,0.07474854588508606
877.0,0.001,0.1,256.0,4.0,0.32265907526016235,0.22026720643043518,0.14519290626049042,0.09911772608757019,0.24282607436180115,0.1533370316028595,0.10926895588636398,0.06899991631507874
878.0,0.001,0.1,256.0,4.0,0.19639979302883148,0.16042344272136688,0.0969076007604599,0.07915615290403366,0.1898861825466156,0.12946933507919312,0.09369364380836487,0.06388276070356369
879.0,0.001,0.1,256.0,4.0,0.21881435811519623,0.17994987964630127,0.09860695898532867,0.08109298348426819,0.27521616220474243,0.21123281121253967,0.12402397394180298,0.0951903909444809
880.0,0.001,0.1,256.0,4.0,0.2885459065437317,0.20643098652362823,0.12492991238832474,0.08937714993953705,0.26204147934913635,0.2057182788848877,0.11345449835062027,0.08906857669353485
881.0,0.001,0.1,256.0,4.0,0.17871429026126862,0.13315734267234802,0.08867262303829193,0.06606864184141159,0.333074688911438,0.20448119938373566,0.16526158154010773,0.1014573723077774
882.0,0.001,0.1,256.0,4.0,0.2304585874080658,0.17328140139579773,0.10953565686941147,0.082359679043293,0.24909989535808563,0.21685278415679932,0.11839579045772552,0.10306890308856964
883.0,0.001,0.1,256.0,4.0,0.5009908080101013,0.3734998106956482,0.19948668777942657,0.14872176945209503,0.5529351830482483,0.3818509578704834,0.22017014026641846,0.1520470827817917
884.0,0.001,0.1,256.0,4.0,0.21850715577602386,0.1854594498872757,0.10229696333408356,0.08682525157928467,0.23882648348808289,0.20029672980308533,0.11180971562862396,0.09377151727676392
885.0,0.001,0.1,256.0,4.0,0.2777193784713745,0.19774028658866882,0.12786486744880676,0.0910416692495346,0.18968643248081207,0.15808053314685822,0.08733360469341278,0.07278192043304443
886.0,0.001,0.1,256.0,4.0,0.19076929986476898,0.1605105996131897,0.09223927557468414,0.07760881632566452,0.27043694257736206,0.2103033810853958,0.13075952231884003,0.10168423503637314
887.0,0.001,0.1,256.0,4.0,0.26061564683914185,0.18117655813694,0.11444467306137085,0.07956042140722275,0.33805060386657715,0.2679058015346527,0.1484488546848297,0.11764602363109589
888.0,0.001,0.1,256.0,4.0,0.280886709690094,0.17263370752334595,0.11883053183555603,0.07303356379270554,0.24292036890983582,0.17816445231437683,0.10276869684457779,0.07537338137626648
889.0,0.001,0.1,256.0,4.0,0.29311874508857727,0.18962208926677704,0.12401782721281052,0.08022864162921906,0.24545975029468536,0.18840980529785156,0.10385342687368393,0.07971572875976562
860.0,0.0005,0.0,64.0,2.0,0.24210453033447266,0.18853403627872467,0.1128026619553566,0.08784280717372894,0.26880601048469543,0.24334177374839783,0.12524358928203583,0.11337912827730179
861.0,0.0005,0.0,64.0,2.0,0.28234562277793884,0.18912699818611145,0.1229277178645134,0.08234216272830963,0.2824096381664276,0.21917369961738586,0.12295559048652649,0.09542390704154968
862.0,0.0005,0.0,64.0,2.0,0.40553250908851624,0.3223714828491211,0.17819377779960632,0.14165224134922028,0.18282318115234375,0.15478962659835815,0.08033377677202225,0.06801563501358032
863.0,0.0005,0.0,64.0,2.0,0.13021282851696014,0.10745503008365631,0.06508614122867584,0.05371078848838806,0.1858246624469757,0.15757817029953003,0.0928834080696106,0.07876455783843994
864.0,0.0005,0.0,64.0,2.0,0.23069897294044495,0.17401891946792603,0.10558252036571503,0.07964213192462921,0.30933940410614014,0.21198588609695435,0.14157336950302124,0.09701821953058243
865.0,0.0005,0.0,64.0,2.0,0.34470316767692566,0.2559051513671875,0.1514396071434021,0.11242768168449402,0.46117180585861206,0.3361349105834961,0.20260819792747498,0.1476753056049347
866.0,0.0005,0.0,64.0,2.0,0.16514725983142853,0.12492325156927109,0.07565123587846756,0.057225290685892105,0.33328214287757874,0.26407158374786377,0.15267106890678406,0.120966836810112
867.0,0.0005,0.0,64.0,2.0,0.2599668502807617,0.18361128866672516,0.10890235751867294,0.07691634446382523,0.29449746012687683,0.2094746232032776,0.12336749583482742,0.08775070309638977
868.0,0.0005,0.0,64.0,2.0,0.2912851572036743,0.22772708535194397,0.12754574418067932,0.09971542656421661,0.1735207587480545,0.15308724343776703,0.07597997039556503,0.06703269481658936
869.0,0.0005,0.0,64.0,2.0,0.2388876974582672,0.18354487419128418,0.10979948192834854,0.08436237275600433,0.1895713210105896,0.14827202260494232,0.08713230490684509,0.06814998388290405
870.0,0.0005,0.0,64.0,2.0,0.20149582624435425,0.15702024102210999,0.08453144878149033,0.06587305665016174,0.3468979001045227,0.24183891713619232,0.14553044736385345,0.10145614296197891
871.0,0.0005,0.0,64.0,2.0,0.16614466905593872,0.13134488463401794,0.07998540252447128,0.06323207914829254,0.15826550126075745,0.14503559470176697,0.07619220018386841,0.06982305645942688
872.0,0.0005,0.0,64.0,2.0,0.15899567306041718,0.1303146332502365,0.0693831518292427,0.05686720833182335,0.37299254536628723,0.22314725816249847,0.1627679169178009,0.09737785160541534
873.0,0.0005,0.0,64.0,2.0,0.19626866281032562,0.156767338514328,0.09302552044391632,0.07430307567119598,0.192959725856781,0.15050938725471497,0.09145717322826385,0.07133698463439941
874.0,0.0005,0.0,64.0,2.0,0.23245760798454285,0.15802082419395447,0.10617425292730331,0.07217550277709961,0.23959484696388245,0.1940097212791443,0.10943417251110077,0.08861331641674042
875.0,0.0005,0.0,64.0,2.0,0.19354069232940674,0.1569206416606903,0.08520159125328064,0.06908050179481506,0.2499748021364212,0.17326639592647552,0.11004533618688583,0.07627633213996887
876.0,0.0005,0.0,64.0,2.0,0.14561398327350616,0.11466385424137115,0.06883320212364197,0.054202768951654434,0.23809094727039337,0.18762481212615967,0.11254800111055374,0.08869214355945587
877.0,0.0005,0.0,64.0,2.0,0.28312015533447266,0.20672085881233215,0.12740083038806915,0.09302201867103577,0.2550479471683502,0.19666215777397156,0.11476867645978928,0.08849573880434036
878.0,0.0005,0.0,64.0,2.0,0.25009411573410034,0.1956852376461029,0.1234014555811882,0.09655500948429108,0.2336847484111786,0.1624361127614975,0.11530473083257675,0.08014923334121704
879.0,0.0005,0.0,64.0,2.0,0.19020624458789825,0.15810491144657135,0.0857149288058281,0.07124872505664825,0.2397080659866333,0.19930347800254822,0.10802251845598221,0.08981452137231827
880.0,0.0005,0.0,64.0,2.0,0.27169355750083923,0.2024695873260498,0.11763346940279007,0.08766201138496399,0.2842767834663391,0.23157456517219543,0.12308158725500107,0.10026343166828156
881.0,0.0005,0.0,64.0,2.0,0.18307586014270782,0.15699298679828644,0.09083671122789383,0.07789517194032669,0.23686224222183228,0.18120382726192474,0.11752386391162872,0.08990785479545593
882.0,0.0005,0.0,64.0,2.0,0.22087064385414124,0.18602754175662994,0.10497859120368958,0.08841785788536072,0.2418678253889084,0.1741528958082199,0.11495842784643173,0.08277388662099838
883.0,0.0005,0.0,64.0,2.0,0.3378646969795227,0.2443278431892395,0.13453243672847748,0.09728752076625824,0.4171837866306305,0.2669391632080078,0.16611604392528534,0.10629098117351532
884.0,0.0005,0.0,64.0,2.0,0.2072426825761795,0.1442660689353943,0.09702335298061371,0.06754003465175629,0.19145730137825012,0.14876699447631836,0.08963321894407272,0.06964720785617828
885.0,0.0005,0.0,64.0,2.0,0.24157199263572693,0.1980566531419754,0.11122223734855652,0.09118732064962387,0.2165752798318863,0.20189468562602997,0.09971350431442261,0.09295441210269928
886.0,0.0005,0.0,64.0,2.0,0.18649780750274658,0.13095223903656006,0.09017394483089447,0.06331699341535568,0.3063296973705292,0.2520463466644287,0.14811411499977112,0.12186745554208755
887.0,0.0005,0.0,64.0,2.0,0.2568841874599457,0.1683093011379242,0.11280606687068939,0.07391000539064407,0.2909170687198639,0.19645921885967255,0.12775102257728577,0.08627153933048248
888.0,0.0005,0.0,64.0,2.0,0.17247357964515686,0.1305849403142929,0.07296580076217651,0.05524460971355438,0.2702254354953766,0.20604851841926575,0.11432022601366043,0.08716986328363419
889.0,0.0005,0.0,64.0,2.0,0.32005810737609863,0.2294905036687851,0.13541580736637115,0.09709686785936356,0.24094612896442413,0.1842503845691681,0.10194370150566101,0.07795587182044983
860.0,0.0005,0.0,64.0,4.0,0.2855290174484253,0.20623192191123962,0.13303522765636444,0.09608869254589081,0.22406792640686035,0.18662896752357483,0.1043989509344101,0.08695518225431442
861.0,0.0005,0.0,64.0,4.0,0.27622297406196594,0.22875821590423584,0.1202620267868042,0.09959679841995239,0.2648580074310303,0.22866606712341309,0.11531393229961395,0.09955668449401855
862.0,0.0005,0.0,64.0,4.0,0.4586586058139801,0.3337429165840149,0.20153774321079254,0.14664894342422485,0.15048201382160187,0.12034710496664047,0.06612282246351242,0.05288134515285492
863.0,0.0005,0.0,64.0,4.0,0.12473854422569275,0.10125067830085754,0.06234986335039139,0.05060958117246628,0.14352448284626007,0.11879269033670425,0.07173989713191986,0.05937785655260086
864.0,0.0005,0.0,64.0,4.0,0.19386470317840576,0.15760385990142822,0.08872482925653458,0.07212955504655838,0.3169674575328827,0.23545704782009125,0.14506447315216064,0.10776013135910034
865.0,0.0005,0.0,64.0,4.0,0.26776325702667236,0.17431864142417908,0.11763734370470047,0.07658401131629944,0.34500405192375183,0.23718908429145813,0.1515718251466751,0.10420510172843933
866.0,0.0005,0.0,64.0,4.0,0.19668696820735931,0.16039356589317322,0.09009905159473419,0.07347364723682404,0.30932435393333435,0.22631776332855225,0.14169640839099884,0.10367244482040405
867.0,0.0005,0.0,64.0,4.0,0.28324854373931885,0.19078156352043152,0.1186552569270134,0.07992003858089447,0.2813248932361603,0.209762305021286,0.1178494244813919,0.08787123113870621
868.0,0.0005,0.0,64.0,4.0,0.25841596722602844,0.21560226380825043,0.11315324902534485,0.09440629929304123,0.15981388092041016,0.13327497243881226,0.06997810304164886,0.058357447385787964
869.0,0.0005,0.0,64.0,4.0,0.27773281931877136,0.2132912576198578,0.12765377759933472,0.09803465008735657,0.20089133083820343,0.15939968824386597,0.0923353061079979,0.07326456904411316
870.0,0.0005,0.0,64.0,4.0,0.2011539787054062,0.16836430132389069,0.08438804000616074,0.07063211500644684,0.3461665213108063,0.26267319917678833,0.14522360265254974,0.11019653081893921
871.0,0.0005,0.0,64.0,4.0,0.22133177518844604,0.16009578108787537,0.1065535917878151,0.07707333564758301,0.14379535615444183,0.12233666330575943,0.0692259818315506,0.05889533460140228
872.0,0.0005,0.0,64.0,4.0,0.14938509464263916,0.12069553881883621,0.06518924236297607,0.05266957730054855,0.22660058736801147,0.15240348875522614,0.09888481348752975,0.06650640070438385
873.0,0.0005,0.0,64.0,4.0,0.1843305379152298,0.13200603425502777,0.08736720681190491,0.06256694346666336,0.22171761095523834,0.12456939369440079,0.10508755594491959,0.05904219672083855
874.0,0.0005,0.0,64.0,4.0,0.2102261781692505,0.16661980748176575,0.09602013230323792,0.07610306143760681,0.18098056316375732,0.14390644431114197,0.08266229182481766,0.0657287985086441
875.0,0.0005,0.0,64.0,4.0,0.19214564561843872,0.14618724584579468,0.0845874696969986,0.06435539573431015,0.2218240648508072,0.16484147310256958,0.09765266627073288,0.07256747037172318
876.0,0.0005,0.0,64.0,4.0,0.145833820104599,0.1089291125535965,0.06893712282180786,0.05149189755320549,0.2590212821960449,0.1864987313747406,0.12244199216365814,0.08815984427928925
877.0,0.0005,0.0,64.0,4.0,0.3059709370136261,0.2040734887123108,0.1376834213733673,0.09183074533939362,0.26046574115753174,0.16267409920692444,0.1172066256403923,0.0732014924287796
878.0,0.0005,0.0,64.0,4.0,0.2503053545951843,0.16628685593605042,0.12350568920373917,0.08204926550388336,0.2105073779821396,0.11474020034074783,0.10386855900287628,0.05661511421203613
879.0,0.0005,0.0,64.0,4.0,0.20411136746406555,0.13615402579307556,0.09198116511106491,0.06135673075914383,0.2991262674331665,0.2001013159751892,0.13479886949062347,0.09017406404018402
880.0,0.0005,0.0,64.0,4.0,0.2579959034919739,0.19713176786899567,0.11170288175344467,0.08535091578960419,0.2184031456708908,0.15471476316452026,0.09456068277359009,0.06698591262102127
881.0,0.0005,0.0,64.0,4.0,0.18149545788764954,0.13314729928970337,0.0900525376200676,0.06606364250183105,0.29449042677879333,0.19669398665428162,0.14611724019050598,0.09759360551834106
882.0,0.0005,0.0,64.0,4.0,0.22081512212753296,0.17981913685798645,0.10495218634605408,0.08546702563762665,0.17231839895248413,0.14076176285743713,0.08190196752548218,0.06690327823162079
883.0,0.0005,0.0,64.0,4.0,0.32369574904441833,0.22612126171588898,0.12889058887958527,0.09003794938325882,0.3694499135017395,0.24929764866828918,0.14710919559001923,0.0992664247751236
884.0,0.0005,0.0,64.0,4.0,0.20739392936229706,0.1380501240491867,0.09709415584802628,0.06462995707988739,0.15019093453884125,0.12306828796863556,0.07031383365392685,0.05761601775884628
885.0,0.0005,0.0,64.0,4.0,0.30557259917259216,0.21164369583129883,0.14068880677223206,0.09744295477867126,0.23997792601585388,0.18337875604629517,0.11048831790685654,0.08442947268486023
886.0,0.0005,0.0,64.0,4.0,0.19962917268276215,0.1610276997089386,0.09652311354875565,0.07785884290933609,0.2996065616607666,0.23554398119449615,0.14486339688301086,0.11388836055994034
887.0,0.0005,0.0,64.0,4.0,0.24920964241027832,0.14957740902900696,0.10943593084812164,0.0656842365860939,0.26170557737350464,0.17416854202747345,0.11492331326007843,0.07648299634456635
888.0,0.0005,0.0,64.0,4.0,0.2837425470352173,0.1761568784713745,0.1200387254357338,0.07452407479286194,0.2539918124675751,0.17259791493415833,0.10745251178741455,0.07301842421293259
889.0,0.0005,0.0,64.0,4.0,0.3743516802787781,0.2370765209197998,0.15838725864887238,0.10030648112297058,0.2321125864982605,0.1540897786617279,0.09820626676082611,0.0651950091123581
860.0,0.0005,0.0,256.0,2.0,0.2533574104309082,0.20436304807662964,0.11804566532373428,0.09521795064210892,0.21225890517234802,0.18927350640296936,0.098896823823452,0.08818735182285309
861.0,0.0005,0.0,256.0,2.0,0.3973816931247711,0.2491828203201294,0.1730121374130249,0.1084892749786377,0.22567293047904968,0.16041770577430725,0.098253533244133,0.06984269618988037
862.0,0.0005,0.0,256.0,2.0,0.3702520728111267,0.2769276201725006,0.16269131004810333,0.12168389558792114,0.1762644350528717,0.1498209536075592,0.07745181024074554,0.06583236157894135
863.0,0.0005,0.0,256.0,2.0,0.09084659069776535,0.06555584073066711,0.04540915787220001,0.03276772424578667,0.15363535284996033,0.13501408696174622,0.07679374516010284,0.06748601794242859
864.0,0.0005,0.0,256.0,2.0,0.3270381987094879,0.23548313975334167,0.1496734917163849,0.10777206718921661,0.32681408524513245,0.22194918990135193,0.14957091212272644,0.10157806426286697
865.0,0.0005,0.0,256.0,2.0,0.23966623842716217,0.183156356215477,0.1052933856844902,0.08046671003103256,0.3417304754257202,0.28629428148269653,0.1501336246728897,0.1257786601781845
866.0,0.0005,0.0,256.0,2.0,0.20160380005836487,0.1419360637664795,0.09235139191150665,0.06501857936382294,0.2715069651603699,0.22052428126335144,0.12437287718057632,0.10101854801177979
867.0,0.0005,0.0,256.0,2.0,0.24029140174388885,0.15509125590324402,0.10066013783216476,0.06496905535459518,0.2834422290325165,0.21427856385707855,0.1187363713979721,0.08976312726736069
868.0,0.0005,0.0,256.0,2.0,0.291407972574234,0.19767531752586365,0.1275995373725891,0.0865565687417984,0.22599855065345764,0.15761151909828186,0.09895854443311691,0.06901375204324722
869.0,0.0005,0.0,256.0,2.0,0.23185136914253235,0.16697490215301514,0.10656540840864182,0.07674635946750641,0.18253669142723083,0.14284247159957886,0.08389899879693985,0.06565442681312561
870.0,0.0005,0.0,256.0,2.0,0.2921876311302185,0.23418861627578735,0.12257842719554901,0.09824670851230621,0.4656880795955658,0.3506794571876526,0.19536523520946503,0.14711686968803406
871.0,0.0005,0.0,256.0,2.0,0.19371497631072998,0.15281942486763,0.09325829148292542,0.07357034832239151,0.1261475533246994,0.07951139658689499,0.0607299879193306,0.03827839344739914
872.0,0.0005,0.0,256.0,2.0,0.15077833831310272,0.12946471571922302,0.06579723209142685,0.056496307253837585,0.26599156856536865,0.18348926305770874,0.11607441306114197,0.08007173240184784
873.0,0.0005,0.0,256.0,2.0,0.19049902260303497,0.15556561946868896,0.09029088914394379,0.07373347878456116,0.24535591900348663,0.17271335422992706,0.11629142612218857,0.0818609967827797
874.0,0.0005,0.0,256.0,2.0,0.19772687554359436,0.16071581840515137,0.09031110256910324,0.07340642064809799,0.20424437522888184,0.16294249892234802,0.09328796714544296,0.07442347705364227
875.0,0.0005,0.0,256.0,2.0,0.27255722880363464,0.19146937131881714,0.11998669803142548,0.08428974449634552,0.3618199825286865,0.21561482548713684,0.15928247570991516,0.09491920471191406
876.0,0.0005,0.0,256.0,2.0,0.14765088260173798,0.11853843927383423,0.06979607045650482,0.05603432655334473,0.183556467294693,0.14659938216209412,0.08676900714635849,0.06929901242256165
877.0,0.0005,0.0,256.0,2.0,0.34686753153800964,0.22594226896762848,0.15608642995357513,0.10167144238948822,0.2505839765071869,0.17709127068519592,0.11275992542505264,0.07968907058238983
878.0,0.0005,0.0,256.0,2.0,0.22858883440494537,0.16716471314430237,0.11279032379388809,0.08248241990804672,0.228092223405838,0.13583743572235107,0.11254528164863586,0.06702491641044617
879.0,0.0005,0.0,256.0,2.0,0.2491287887096405,0.22242140769958496,0.11226791143417358,0.10023243725299835,0.29880431294441223,0.2598467767238617,0.13465379178524017,0.1170978769659996
880.0,0.0005,0.0,256.0,2.0,0.2726912498474121,0.21051982045173645,0.11806543171405792,0.09114745259284973,0.24943572282791138,0.20830559730529785,0.10799666494131088,0.09018879383802414
881.0,0.0005,0.0,256.0,2.0,0.14062440395355225,0.11476829648017883,0.06977357715368271,0.056944552809000015,0.3414985239505768,0.20909009873867035,0.16944123804569244,0.10374417901039124
882.0,0.0005,0.0,256.0,2.0,0.23652857542037964,0.20243853330612183,0.1124207079410553,0.09621790796518326,0.2608278691768646,0.22472882270812988,0.12397001683712006,0.10681232810020447
883.0,0.0005,0.0,256.0,2.0,0.2724164128303528,0.1948367953300476,0.10847195982933044,0.07758096605539322,0.2728065848350525,0.20492148399353027,0.1086273044347763,0.08159652352333069
884.0,0.0005,0.0,256.0,2.0,0.21288616955280304,0.164718359708786,0.09966541081666946,0.0771150290966034,0.18442870676517487,0.14921560883522034,0.08634267747402191,0.06985722482204437
885.0,0.0005,0.0,256.0,2.0,0.2814246714115143,0.18768391013145447,0.1295708417892456,0.08641161024570465,0.1899842619895935,0.13843131065368652,0.08747073262929916,0.06373521685600281
886.0,0.0005,0.0,256.0,2.0,0.19131961464881897,0.16684474050998688,0.09250534325838089,0.08067145198583603,0.2966209053993225,0.25881052017211914,0.1434198021888733,0.12513801455497742
887.0,0.0005,0.0,256.0,2.0,0.32945430278778076,0.20235899090766907,0.14467394351959229,0.0888623297214508,0.2321149855852127,0.1723555028438568,0.10192912071943283,0.07568681985139847
888.0,0.0005,0.0,256.0,2.0,0.26997217535972595,0.1926402598619461,0.11421308666467667,0.0814974382519722,0.2645123600959778,0.21559324860572815,0.11190328747034073,0.09120780229568481
889.0,0.0005,0.0,256.0,2.0,0.3945481479167938,0.27024757862091064,0.1669323444366455,0.11434109508991241,0.2994804382324219,0.22563137114048004,0.12670943140983582,0.0954640805721283
860.0,0.0005,0.0,256.0,4.0,0.3110419809818268,0.2054429054260254,0.1449223756790161,0.09572108089923859,0.19482478499412537,0.16036126017570496,0.09077383577823639,0.07471639662981033
861.0,0.0005,0.0,256.0,4.0,0.3104654848575592,0.23988604545593262,0.13517053425312042,0.10444164276123047,0.2937798500061035,0.26914286613464355,0.127905935049057,0.11717946827411652
862.0,0.0005,0.0,256.0,4.0,0.3300378918647766,0.25619709491729736,0.14502091705799103,0.1125747561454773,0.16686517000198364,0.14414721727371216,0.07332170754671097,0.06333927810192108
863.0,0.0005,0.0,256.0,4.0,0.20099259912967682,0.10618935525417328,0.10046504437923431,0.05307815596461296,0.1860203742980957,0.1386946141719818,0.09298122674226761,0.06932571530342102
864.0,0.0005,0.0,256.0,4.0,0.21516884863376617,0.1494065821170807,0.09847494959831238,0.06837795674800873,0.3143652677536011,0.2122412621974945,0.14387354254722595,0.09713509678840637
865.0,0.0005,0.0,256.0,4.0,0.22529934346675873,0.17316654324531555,0.09898150712251663,0.07607784122228622,0.3231147229671478,0.24831870198249817,0.14195509254932404,0.10909470915794373
866.0,0.0005,0.0,256.0,4.0,0.18494684994220734,0.1287197768688202,0.08472112566232681,0.05896441638469696,0.2763908803462982,0.2185763120651245,0.1266101449728012,0.1001262217760086
867.0,0.0005,0.0,256.0,4.0,0.2700386643409729,0.1892237663269043,0.11312153190374374,0.0792674720287323,0.34865057468414307,0.2194441854953766,0.146052747964859,0.09192705154418945
868.0,0.0005,0.0,256.0,4.0,0.25655075907707214,0.2168785035610199,0.11233650892972946,0.0949651226401329,0.1954634040594101,0.1566164195537567,0.08558804541826248,0.06857803463935852
869.0,0.0005,0.0,256.0,4.0,0.2961396276950836,0.2306484878063202,0.13611409068107605,0.10601252317428589,0.24220490455627441,0.18743108212947845,0.11132418364286423,0.08614859730005264
870.0,0.0005,0.0,256.0,4.0,0.20236894488334656,0.18025276064872742,0.08489774167537689,0.07561956346035004,0.33579036593437195,0.2801913619041443,0.1408706158399582,0.11754573881626129
871.0,0.0005,0.0,256.0,4.0,0.23645994067192078,0.184372216463089,0.11383658647537231,0.08876049518585205,0.1619385927915573,0.14665785431861877,0.07796049863100052,0.07060405611991882
872.0,0.0005,0.0,256.0,4.0,0.1795559674501419,0.144211545586586,0.0783553197979927,0.06293158233165741,0.22781726717948914,0.16295957565307617,0.09941578656435013,0.07111294567584991
873.0,0.0005,0.0,256.0,4.0,0.225187286734581,0.1797577142715454,0.10673210024833679,0.08519982546567917,0.22815820574760437,0.13764682412147522,0.10814020782709122,0.06524050235748291
874.0,0.0005,0.0,256.0,4.0,0.20369483530521393,0.15688514709472656,0.09303693473339081,0.07165677100419998,0.2240128070116043,0.1757383942604065,0.10231713205575943,0.08026795089244843
875.0,0.0005,0.0,256.0,4.0,0.18257370591163635,0.15383774042129517,0.08037365227937698,0.0677233338356018,0.2569103240966797,0.2022831290960312,0.11309856176376343,0.08905024826526642
876.0,0.0005,0.0,256.0,4.0,0.23699301481246948,0.21039247512817383,0.11202900856733322,0.09945465624332428,0.29102879762649536,0.219749316573143,0.1375722885131836,0.1038777306675911
877.0,0.0005,0.0,256.0,4.0,0.37411564588546753,0.27580416202545166,0.16834774613380432,0.12410872429609299,0.2667241394519806,0.21494604647159576,0.12002283334732056,0.0967232882976532
878.0,0.0005,0.0,256.0,4.0,0.24811914563179016,0.17683285474777222,0.12242695689201355,0.08725287020206451,0.2241452932357788,0.15147913992404938,0.11059775948524475,0.07474283874034882
879.0,0.0005,0.0,256.0,4.0,0.2043805718421936,0.13561289012432098,0.09210248291492462,0.061112865805625916,0.3025668263435364,0.1901010125875473,0.13634935021400452,0.08566751331090927
880.0,0.0005,0.0,256.0,4.0,0.2933131158351898,0.22757938504219055,0.12699396908283234,0.09853366017341614,0.23705999553203583,0.17804375290870667,0.10263842344284058,0.07708650827407837
881.0,0.0005,0.0,256.0,4.0,0.1789664924144745,0.14527466893196106,0.08879774808883667,0.07208088785409927,0.3103884756565094,0.22093629837036133,0.15400536358356476,0.10962191224098206
882.0,0.0005,0.0,256.0,4.0,0.26203545928001404,0.2458907961845398,0.12454397976398468,0.11687051504850388,0.25093087553977966,0.22599638998508453,0.11926601827144623,0.10741481184959412
883.0,0.0005,0.0,256.0,4.0,0.3005927801132202,0.21214810013771057,0.11969134211540222,0.08447404205799103,0.2652827203273773,0.183232843875885,0.10563144832849503,0.07296045869588852
884.0,0.0005,0.0,256.0,4.0,0.2231607735157013,0.1595689207315445,0.10447561740875244,0.07470425963401794,0.16311784088611603,0.12668220698833466,0.07636572420597076,0.05930791050195694
885.0,0.0005,0.0,256.0,4.0,0.17249643802642822,0.13358592987060547,0.07941915839910507,0.06150434911251068,0.18931688368320465,0.1528574526309967,0.08716346323490143,0.0703771635890007
886.0,0.0005,0.0,256.0,4.0,0.1783038079738617,0.151265487074852,0.08621204644441605,0.07313868403434753,0.243827685713768,0.20402908325195312,0.11789363622665405,0.09865052998065948
887.0,0.0005,0.0,256.0,4.0,0.2296035885810852,0.16517576575279236,0.10082629323005676,0.07253396511077881,0.39034855365753174,0.2703291177749634,0.1714145541191101,0.11871017515659332
888.0,0.0005,0.0,256.0,4.0,0.32774415612220764,0.23655569553375244,0.13865382969379425,0.10007607936859131,0.23062798380851746,0.19885550439357758,0.0975683256983757,0.08412682265043259
889.0,0.0005,0.0,256.0,4.0,0.47528076171875,0.3133166432380676,0.20109012722969055,0.1325634866952896,0.3372894525527954,0.25220710039138794,0.14270631968975067,0.10670819878578186
860.0,0.0005,0.1,64.0,2.0,0.2846277952194214,0.1983010470867157,0.1326153427362442,0.09239351004362106,0.17927859723567963,0.14511901140213013,0.08353045582771301,0.06761463731527328
861.0,0.0005,0.1,64.0,2.0,0.29370927810668945,0.22672899067401886,0.1278751939535141,0.09871330112218857,0.21594038605690002,0.1675499826669693,0.0940161868929863,0.07294796407222748
862.0,0.0005,0.1,64.0,2.0,0.4007881283760071,0.30652737617492676,0.17610906064510345,0.13469024002552032,0.15869006514549255,0.13421744108200073,0.0697295069694519,0.05897606909275055
863.0,0.0005,0.1,64.0,2.0,0.14483168721199036,0.1024179458618164,0.07239332050085068,0.05119303986430168,0.13970299065113068,0.11038605868816376,0.06982973217964172,0.05517582595348358
864.0,0.0005,0.1,64.0,2.0,0.25867077708244324,0.1935720443725586,0.1183842346072197,0.08859089016914368,0.3105759918689728,0.21760931611061096,0.14213933050632477,0.09959186613559723
865.0,0.0005,0.1,64.0,2.0,0.24683897197246552,0.15691930055618286,0.10844459384679794,0.06893988698720932,0.33339548110961914,0.23518311977386475,0.14647176861763,0.1033238023519516
866.0,0.0005,0.1,64.0,2.0,0.18147754669189453,0.11836157739162445,0.08313185721635818,0.054219480603933334,0.2562389075756073,0.20339205861091614,0.117378830909729,0.09317056834697723
867.0,0.0005,0.1,64.0,2.0,0.22597338259220123,0.14856863021850586,0.09466220438480377,0.06223667412996292,0.25686243176460266,0.17787081003189087,0.10760188102722168,0.07451161742210388
868.0,0.0005,0.1,64.0,2.0,0.2616840898990631,0.19338510930538177,0.11458426713943481,0.08467801660299301,0.18166247010231018,0.15213418006896973,0.07954499125480652,0.06661536544561386
869.0,0.0005,0.1,64.0,2.0,0.24402932822704315,0.1705140769481659,0.11216270923614502,0.07837304472923279,0.19655382633209229,0.14895543456077576,0.09034166485071182,0.06846410781145096
870.0,0.0005,0.1,64.0,2.0,0.18987007439136505,0.1319236308336258,0.07965421676635742,0.05534454807639122,0.3166997730731964,0.19374637305736542,0.13286174833774567,0.08128039538860321
871.0,0.0005,0.1,64.0,2.0,0.18224488198757172,0.15151607990264893,0.08773637562990189,0.07294289767742157,0.12011875957250595,0.09848123788833618,0.05782759189605713,0.04741085320711136
872.0,0.0005,0.1,64.0,2.0,0.1591615080833435,0.13090039789676666,0.06945550441741943,0.057122815400362015,0.2606353461742401,0.18971377611160278,0.11373703181743622,0.08278802037239075
873.0,0.0005,0.1,64.0,2.0,0.15029092133045197,0.1262996792793274,0.07123344391584396,0.059862300753593445,0.2352827489376068,0.1773984730243683,0.1115170419216156,0.08408160507678986
874.0,0.0005,0.1,64.0,2.0,0.17226135730743408,0.12602755427360535,0.07867980003356934,0.057562679052352905,0.16850118339061737,0.1435183733701706,0.07696237415075302,0.06555155664682388
875.0,0.0005,0.1,64.0,2.0,0.22913601994514465,0.1762314736843109,0.10087158530950546,0.07758164405822754,0.23007623851299286,0.16473644971847534,0.10128547251224518,0.07252121716737747
876.0,0.0005,0.1,64.0,2.0,0.15355265140533447,0.11378221213817596,0.07258588820695877,0.053786009550094604,0.2552638351917267,0.18466657400131226,0.1206657811999321,0.08729375898838043
877.0,0.0005,0.1,64.0,2.0,0.3028484880924225,0.20640996098518372,0.13627837598323822,0.09288212656974792,0.25765499472618103,0.18372561037540436,0.11594182252883911,0.08267444372177124
878.0,0.0005,0.1,64.0,2.0,0.2209559977054596,0.1585921347141266,0.10902410745620728,0.07825255393981934,0.18900151550769806,0.12736159563064575,0.0932571217417717,0.06284276396036148
879.0,0.0005,0.1,64.0,2.0,0.19530096650123596,0.165544331073761,0.08801081776618958,0.07460122555494308,0.25656288862228394,0.1905178278684616,0.11561805009841919,0.08585535734891891
880.0,0.0005,0.1,64.0,2.0,0.23928974568843842,0.1889430582523346,0.103603795170784,0.08180549740791321,0.24374045431613922,0.18991699814796448,0.10553082078695297,0.0822272002696991
881.0,0.0005,0.1,64.0,2.0,0.16568425297737122,0.1413678377866745,0.08220753073692322,0.07014244794845581,0.2554710805416107,0.181138813495636,0.12675702571868896,0.08987559378147125
882.0,0.0005,0.1,64.0,2.0,0.1972622126340866,0.17644010484218597,0.09375760704278946,0.08386098593473434,0.16522227227687836,0.1339980512857437,0.0785292387008667,0.06368853151798248
883.0,0.0005,0.1,64.0,2.0,0.26805004477500916,0.20861460268497467,0.10673333704471588,0.08306707441806793,0.28978514671325684,0.2000168263912201,0.11538789421319962,0.07964355498552322
884.0,0.0005,0.1,64.0,2.0,0.20651444792747498,0.14906662702560425,0.09668242186307907,0.06978747993707657,0.1803780049085617,0.14594030380249023,0.08444629609584808,0.06832385063171387
885.0,0.0005,0.1,64.0,2.0,0.23541635274887085,0.17584460973739624,0.10838814079761505,0.08096067607402802,0.20892374217510223,0.17510908842086792,0.09619064629077911,0.08062203973531723
886.0,0.0005,0.1,64.0,2.0,0.19846124947071075,0.14569205045700073,0.095958411693573,0.07044386863708496,0.3038376271724701,0.23668885231018066,0.14690916240215302,0.11444193124771118
887.0,0.0005,0.1,64.0,2.0,0.24966683983802795,0.16788414120674133,0.10963670909404755,0.07372330874204636,0.2826653718948364,0.17912758886814117,0.12412744015455246,0.07866066694259644
888.0,0.0005,0.1,64.0,2.0,0.35602137446403503,0.22063320875167847,0.1506166309118271,0.09333999454975128,0.23413030803203583,0.1983400583267212,0.09905001521110535,0.08390877395868301
889.0,0.0005,0.1,64.0,2.0,0.36335256695747375,0.2392488718032837,0.15373358130455017,0.1012255996465683,0.2662377953529358,0.20052634179592133,0.11264456063508987,0.08484220504760742
860.0,0.0005,0.1,64.0,4.0,0.30770471692085266,0.22649216651916504,0.1433674842119217,0.10552847385406494,0.19973942637443542,0.1712845265865326,0.09306368976831436,0.07980582118034363
861.0,0.0005,0.1,64.0,4.0,0.23556235432624817,0.17139744758605957,0.10255920141935349,0.07462307065725327,0.23873184621334076,0.19170935451984406,0.10393913835287094,0.08346647024154663
862.0,0.0005,0.1,64.0,4.0,0.42469653487205505,0.32993441820144653,0.18661458790302277,0.1449754536151886,0.16723114252090454,0.14985528588294983,0.07348251342773438,0.06584744900465012
863.0,0.0005,0.1,64.0,4.0,0.11423298716545105,0.09386178851127625,0.05709872022271156,0.046916283667087555,0.14685052633285522,0.11750978231430054,0.07340239733457565,0.058736592531204224
864.0,0.0005,0.1,64.0,4.0,0.26848408579826355,0.20876121520996094,0.1228753924369812,0.09554241597652435,0.3191612660884857,0.2268342822790146,0.1460684984922409,0.10381379723548889
865.0,0.0005,0.1,64.0,4.0,0.2187339961528778,0.1657787263393402,0.09609714150428772,0.0728321373462677,0.32239073514938354,0.24592150747776031,0.14163701236248016,0.10804153978824615
866.0,0.0005,0.1,64.0,4.0,0.21890689432621002,0.15105530619621277,0.10027763992547989,0.0691959410905838,0.2462686002254486,0.20520493388175964,0.11281159520149231,0.09400101006031036
867.0,0.0005,0.1,64.0,4.0,0.19367142021656036,0.14615482091903687,0.08113062381744385,0.06122550740838051,0.28641119599342346,0.21951588988304138,0.1199801117181778,0.09195710718631744
868.0,0.0005,0.1,64.0,4.0,0.2771323323249817,0.24609537422657013,0.12134862691164017,0.10775839537382126,0.16544459760189056,0.1456160694360733,0.0724436491727829,0.06376126408576965
869.0,0.0005,0.1,64.0,4.0,0.21574077010154724,0.1747189462184906,0.09916050732135773,0.08030572533607483,0.13996143639087677,0.11568836867809296,0.06433021277189255,0.05317363142967224
870.0,0.0005,0.1,64.0,4.0,0.18970362842082977,0.13899868726730347,0.07958438247442245,0.058312661945819855,0.2780696153640747,0.18851107358932495,0.11665564030408859,0.07908408343791962
871.0,0.0005,0.1,64.0,4.0,0.15211747586727142,0.13044540584087372,0.07323240488767624,0.06279903650283813,0.14824192225933075,0.12104113399982452,0.07136664539575577,0.05827164649963379
872.0,0.0005,0.1,64.0,4.0,0.15689119696617126,0.13776668906211853,0.06846478581428528,0.0601191483438015,0.26322492957115173,0.1950085461139679,0.11486709117889404,0.08509857952594757
873.0,0.0005,0.1,64.0,4.0,0.17333875596523285,0.12801530957221985,0.0821574255824089,0.06067546457052231,0.23083026707172394,0.1391945332288742,0.10940669476985931,0.06597407907247543
874.0,0.0005,0.1,64.0,4.0,0.1842309534549713,0.13968560099601746,0.0841468796133995,0.06380094587802887,0.19691115617752075,0.16336029767990112,0.08993854373693466,0.07461430132389069
875.0,0.0005,0.1,64.0,4.0,0.21088948845863342,0.16527362167835236,0.09283899515867233,0.07275771349668503,0.1440545618534088,0.1267080008983612,0.06341654062271118,0.055780138820409775
876.0,0.0005,0.1,64.0,4.0,0.11028039455413818,0.0845428854227066,0.052130669355392456,0.03996428847312927,0.24568785727024078,0.18530914187431335,0.11613915115594864,0.08759751170873642
877.0,0.0005,0.1,64.0,4.0,0.24892383813858032,0.16915005445480347,0.11201289296150208,0.07611559331417084,0.24037525057792664,0.1753917783498764,0.10816612094640732,0.07892430573701859
878.0,0.0005,0.1,64.0,4.0,0.24585187435150146,0.16467753052711487,0.12130825221538544,0.08125519007444382,0.22993318736553192,0.1388324499130249,0.11345363408327103,0.06850270926952362
879.0,0.0005,0.1,64.0,4.0,0.1882561445236206,0.1505216509103775,0.08483613282442093,0.0678313821554184,0.25055286288261414,0.17533951997756958,0.11290965229272842,0.07901535928249359
880.0,0.0005,0.1,64.0,4.0,0.2137669324874878,0.16950005292892456,0.09255334734916687,0.07338738441467285,0.20070232450962067,0.15852338075637817,0.0868968591094017,0.06863490492105484
881.0,0.0005,0.1,64.0,4.0,0.158676415681839,0.12776482105255127,0.07873045653104782,0.06339304149150848,0.20329974591732025,0.14663900434970856,0.10087118297815323,0.07275784015655518
882.0,0.0005,0.1,64.0,4.0,0.21523278951644897,0.17719897627830505,0.10229893773794174,0.08422167599201202,0.1941310316324234,0.15498152375221252,0.09226938337087631,0.07366184145212173
883.0,0.0005,0.1,64.0,4.0,0.4277113974094391,0.29520291090011597,0.17030799388885498,0.11754518002271652,0.49234738945961,0.3298438787460327,0.19604502618312836,0.1313386708498001
884.0,0.0005,0.1,64.0,4.0,0.20708909630775452,0.14758987724781036,0.0969514474272728,0.06909611821174622,0.16649219393730164,0.13244053721427917,0.07794547080993652,0.06200375780463219
885.0,0.0005,0.1,64.0,4.0,0.22879818081855774,0.14922131597995758,0.10534105449914932,0.0687030479311943,0.18848071992397308,0.1567336767911911,0.08677846193313599,0.07216180115938187
886.0,0.0005,0.1,64.0,4.0,0.13464929163455963,0.10680700838565826,0.06510455161333084,0.05164247006177902,0.24910002946853638,0.20032444596290588,0.12044287472963333,0.09685929864645004
887.0,0.0005,0.1,64.0,4.0,0.24514268338680267,0.17069724202156067,0.10764998942613602,0.07495862245559692,0.23817409574985504,0.15048231184482574,0.10458987951278687,0.06608160585165024
888.0,0.0005,0.1,64.0,4.0,0.332095205783844,0.21657487750053406,0.14049455523490906,0.09162309020757675,0.2394876778125763,0.20685943961143494,0.10131647437810898,0.08751292526721954
889.0,0.0005,0.1,64.0,4.0,0.30311891436576843,0.21935924887657166,0.1282488852739334,0.09281036257743835,0.24999241530895233,0.19278955459594727,0.10577116906642914,0.08156878501176834
860.0,0.0005,0.1,256.0,2.0,0.288688987493515,0.24318715929985046,0.13450756669044495,0.11330708861351013,0.24319185316562653,0.20780915021896362,0.11330928653478622,0.09682358801364899
861.0,0.0005,0.1,256.0,2.0,0.24806652963161469,0.21177780628204346,0.10800327360630035,0.09220388531684875,0.23596739768981934,0.20962804555892944,0.10273552685976028,0.0912678986787796
862.0,0.0005,0.1,256.0,2.0,0.43950894474983215,0.3347633183002472,0.1931232511997223,0.14709730446338654,0.157407745718956,0.1394069939851761,0.06916604936122894,0.06125640124082565
863.0,0.0005,0.1,256.0,2.0,0.18936872482299805,0.17087870836257935,0.09465488791465759,0.08541275560855865,0.2516755759716034,0.2184719443321228,0.12579858303070068,0.10920195281505585
864.0,0.0005,0.1,256.0,2.0,0.30382850766181946,0.22560635209083557,0.13905124366283417,0.10325182229280472,0.3419457674026489,0.24207893013954163,0.15649613738059998,0.11079071462154388
865.0,0.0005,0.1,256.0,2.0,0.2060648649930954,0.13571585714817047,0.09053117781877518,0.05962451919913292,0.32967662811279297,0.2585799992084503,0.14483797550201416,0.11360283941030502
866.0,0.0005,0.1,256.0,2.0,0.19333694875240326,0.1089976504445076,0.08856446295976639,0.04993002861738205,0.33767667412757874,0.27621185779571533,0.1546841263771057,0.12652811408042908
867.0,0.0005,0.1,256.0,2.0,0.24511663615703583,0.19561104476451874,0.1026814728975296,0.08194314688444138,0.21849960088729858,0.16166463494300842,0.09153135865926743,0.06772271543741226
868.0,0.0005,0.1,256.0,2.0,0.24054786562919617,0.1911173015832901,0.10532928258180618,0.083685003221035,0.16970179975032806,0.13677740097045898,0.07430775463581085,0.05989105999469757
869.0,0.0005,0.1,256.0,2.0,0.19392447173595428,0.17091554403305054,0.08913315087556839,0.07855760306119919,0.18543748557567596,0.1553383767604828,0.08523226529359818,0.07139787077903748
870.0,0.0005,0.1,256.0,2.0,0.2329811155796051,0.13753759860992432,0.09774015098810196,0.05769971013069153,0.3825971484184265,0.2061452865600586,0.1605069637298584,0.086481973528862
871.0,0.0005,0.1,256.0,2.0,0.1663643717765808,0.1462032049894333,0.08009116351604462,0.0703851729631424,0.11632251739501953,0.09514396637678146,0.0560000017285347,0.0458042249083519
872.0,0.0005,0.1,256.0,2.0,0.16986912488937378,0.14514166116714478,0.07412814348936081,0.06333747506141663,0.2527347505092621,0.18711897730827332,0.11028933525085449,0.08165568858385086
873.0,0.0005,0.1,256.0,2.0,0.18796098232269287,0.1617884635925293,0.08908793330192566,0.0766829401254654,0.18367409706115723,0.12684378027915955,0.08705607801675797,0.06012019142508507
874.0,0.0005,0.1,256.0,2.0,0.22640836238861084,0.16242863237857819,0.10341127961874008,0.07418875396251678,0.2371608018875122,0.19247949123382568,0.10832244157791138,0.08791438490152359
875.0,0.0005,0.1,256.0,2.0,0.16975679993629456,0.14905013144016266,0.07473132014274597,0.065615713596344,0.20983785390853882,0.1714136302471161,0.09237603098154068,0.07546070218086243
876.0,0.0005,0.1,256.0,2.0,0.16171269118785858,0.13715201616287231,0.07644323259592056,0.0648331567645073,0.28129810094833374,0.2047063112258911,0.13297246396541595,0.09676675498485565
877.0,0.0005,0.1,256.0,2.0,0.3453238010406494,0.25057870149612427,0.15539175271987915,0.11275755614042282,0.2808111011981964,0.18627120554447174,0.12636180222034454,0.0838199257850647
878.0,0.0005,0.1,256.0,2.0,0.24976515769958496,0.17700035870075226,0.12323913723230362,0.08733552694320679,0.2478085458278656,0.15624821186065674,0.12227371335029602,0.07709600031375885
879.0,0.0005,0.1,256.0,2.0,0.2307666391134262,0.19114580750465393,0.10399314761161804,0.08613833785057068,0.2767375111579895,0.22090086340904236,0.12470956891775131,0.09954722225666046
880.0,0.0005,0.1,256.0,2.0,0.284403920173645,0.20757567882537842,0.12313658744096756,0.08987276256084442,0.2145155668258667,0.16044984757900238,0.09287748485803604,0.06946898251771927
881.0,0.0005,0.1,256.0,2.0,0.1614776998758316,0.1303776204586029,0.08012035489082336,0.06468943506479263,0.24112465977668762,0.16923333704471588,0.11963876336812973,0.08396844565868378
882.0,0.0005,0.1,256.0,2.0,0.21823105216026306,0.19020745158195496,0.10372398793697357,0.09040453284978867,0.1915939599275589,0.14857590198516846,0.09106352925300598,0.07061728835105896
883.0,0.0005,0.1,256.0,2.0,0.29158952832221985,0.22814691066741943,0.11610642075538635,0.0908445417881012,0.32854223251342773,0.2178071290254593,0.1308203488588333,0.08672737330198288
884.0,0.0005,0.1,256.0,2.0,0.19800569117069244,0.16098541021347046,0.09269892424345016,0.07536741346120834,0.23213402926921844,0.17964649200439453,0.10867655277252197,0.08410383760929108
885.0,0.0005,0.1,256.0,2.0,0.26971137523651123,0.20762494206428528,0.12417791783809662,0.09559266269207001,0.2409856617450714,0.2036576271057129,0.11095230281352997,0.09376609325408936
886.0,0.0005,0.1,256.0,2.0,0.15769588947296143,0.11313135921955109,0.07624786347150803,0.054700370877981186,0.3102966845035553,0.23196257650852203,0.1500321924686432,0.1121567115187645
887.0,0.0005,0.1,256.0,2.0,0.25490325689315796,0.16742168366909027,0.11193617433309555,0.073520228266716,0.2687551975250244,0.17577806115150452,0.11801902204751968,0.07718978077173233
888.0,0.0005,0.1,256.0,2.0,0.30218514800071716,0.17662224173545837,0.12784093618392944,0.07472094148397446,0.25379061698913574,0.1990870237350464,0.1073673889040947,0.08422475308179855
889.0,0.0005,0.1,256.0,2.0,0.3700282871723175,0.25016486644744873,0.15655803680419922,0.10584412515163422,0.3118274509906769,0.24017727375030518,0.13193342089653015,0.10161840915679932
860.0,0.0005,0.1,256.0,4.0,0.20909790694713593,0.15820561349391937,0.09742405265569687,0.07371202856302261,0.2083228975534439,0.1549019068479538,0.09706293791532516,0.07217273861169815
861.0,0.0005,0.1,256.0,4.0,0.2716316878795624,0.21779517829418182,0.11826305836439133,0.09482371807098389,0.2610131800174713,0.2219323068857193,0.11364000290632248,0.0966249480843544
862.0,0.0005,0.1,256.0,4.0,0.3371325135231018,0.25835153460502625,0.14813834428787231,0.11352144926786423,0.14930658042430878,0.11921115219593048,0.06560634076595306,0.052382200956344604
863.0,0.0005,0.1,256.0,4.0,0.18293754756450653,0.13531164824962616,0.09144028276205063,0.06763475388288498,0.2541079521179199,0.169878751039505,0.1270144283771515,0.08491294085979462
864.0,0.0005,0.1,256.0,4.0,0.293797105550766,0.23504072427749634,0.13446025550365448,0.1075696051120758,0.34857505559921265,0.25261634588241577,0.15953011810779572,0.11561330407857895
865.0,0.0005,0.1,256.0,4.0,0.1898767054080963,0.1747300624847412,0.08341917395591736,0.07676475495100021,0.2955196797847748,0.20002858340740204,0.12983167171478271,0.0878792405128479
866.0,0.0005,0.1,256.0,4.0,0.17541536688804626,0.12673494219779968,0.08035488426685333,0.05805518478155136,0.25487959384918213,0.2009081244468689,0.11675616353750229,0.09203273057937622
867.0,0.0005,0.1,256.0,4.0,0.27474504709243774,0.22675591707229614,0.11509307473897934,0.09499001502990723,0.20769406855106354,0.16005246341228485,0.08700481802225113,0.06704734265804291
868.0,0.0005,0.1,256.0,4.0,0.25567057728767395,0.2134155035018921,0.11195112019777298,0.09344878047704697,0.2310156226158142,0.17197826504707336,0.1011553704738617,0.0753045380115509
869.0,0.0005,0.1,256.0,4.0,0.3914170563220978,0.22711749374866486,0.17990626394748688,0.10438957810401917,0.2851189374923706,0.17144954204559326,0.13104869425296783,0.07880303263664246
870.0,0.0005,0.1,256.0,4.0,0.2843433916568756,0.19465172290802002,0.11928758025169373,0.0816601812839508,0.23805862665176392,0.17578180134296417,0.09987025707960129,0.07374390214681625
871.0,0.0005,0.1,256.0,4.0,0.20578427612781525,0.1671089231967926,0.09906871616840363,0.08044961094856262,0.09035418927669525,0.05991857498884201,0.043498337268829346,0.02884601429104805
872.0,0.0005,0.1,256.0,4.0,0.2121988981962204,0.18268230557441711,0.09260016679763794,0.07971960306167603,0.2911851704120636,0.21832060813903809,0.12706847488880157,0.09527157247066498
873.0,0.0005,0.1,256.0,4.0,0.1718439757823944,0.13600730895996094,0.08144893497228622,0.06446342170238495,0.20437490940093994,0.1418333500623703,0.0968676283955574,0.06722479313611984
874.0,0.0005,0.1,256.0,4.0,0.16971179842948914,0.14192843437194824,0.07751530408859253,0.06482534110546112,0.21995972096920013,0.19123475253582,0.10046590119600296,0.08734586834907532
875.0,0.0005,0.1,256.0,4.0,0.2137635499238968,0.16938887536525726,0.09410421550273895,0.07456934452056885,0.2288046032190323,0.1727767288684845,0.1007256880402565,0.07606078684329987
876.0,0.0005,0.1,256.0,4.0,0.18688316643238068,0.13919632136821747,0.08834158629179001,0.0657995268702507,0.22861173748970032,0.20550437271595,0.10806708037853241,0.0971439927816391
877.0,0.0005,0.1,256.0,4.0,0.3439260423183441,0.22060374915599823,0.15476278960704803,0.09926917403936386,0.27532893419265747,0.2035307139158249,0.12389487773180008,0.09158650040626526
878.0,0.0005,0.1,256.0,4.0,0.2053564339876175,0.17109662294387817,0.10132698714733124,0.0844225138425827,0.2407844364643097,0.18944987654685974,0.11880786716938019,0.09347836673259735
879.0,0.0005,0.1,256.0,4.0,0.20398780703544617,0.13579919934272766,0.0919254794716835,0.06119683384895325,0.30549171566963196,0.18114227056503296,0.13766740262508392,0.08163031935691833
880.0,0.0005,0.1,256.0,4.0,0.36031076312065125,0.23931202292442322,0.1560015231370926,0.1036134585738182,0.22145015001296997,0.17115738987922668,0.0958799198269844,0.07410496473312378
881.0,0.0005,0.1,256.0,4.0,0.17292454838752747,0.14311349391937256,0.08579994738101959,0.0710085853934288,0.2404031753540039,0.17855694890022278,0.11928080022335052,0.08859455585479736
882.0,0.0005,0.1,256.0,4.0,0.20687232911586761,0.17073649168014526,0.09832525998353958,0.0811500996351242,0.18039031326770782,0.16536036133766174,0.08573850244283676,0.07859484851360321
883.0,0.0005,0.1,256.0,4.0,0.3998228907585144,0.2741146385669708,0.15920321643352509,0.10914815962314606,0.46651723980903625,0.32215580344200134,0.18575982749462128,0.12827737629413605
884.0,0.0005,0.1,256.0,4.0,0.16814236342906952,0.13113358616828918,0.07871802151203156,0.06139189004898071,0.49309033155441284,0.3447951078414917,0.23084665834903717,0.1614203155040741
885.0,0.0005,0.1,256.0,4.0,0.190485417842865,0.14841687679290771,0.0877014622092247,0.06833265721797943,0.18215243518352509,0.14241042733192444,0.08386486768722534,0.06556724011898041
886.0,0.0005,0.1,256.0,4.0,0.1669752150774002,0.13059860467910767,0.08073453605175018,0.06314601004123688,0.23649851977825165,0.1940566599369049,0.11434988677501678,0.0938287302851677
887.0,0.0005,0.1,256.0,4.0,0.2192949801683426,0.13817115128040314,0.09629946202039719,0.06067538261413574,0.33104032278060913,0.19687575101852417,0.14537043869495392,0.08645445108413696
888.0,0.0005,0.1,256.0,4.0,0.44514724612236023,0.21466082334518433,0.1883217990398407,0.09081335365772247,0.24761633574962616,0.1968437135219574,0.10475534945726395,0.08327572047710419
889.0,0.0005,0.1,256.0,4.0,0.3675556480884552,0.24029159545898438,0.15551190078258514,0.10166679322719574,0.2568948268890381,0.21058496832847595,0.10869155079126358,0.08909797668457031
860.0,0.0001,0.0,64.0,2.0,0.24295803904533386,0.17376233637332916,0.11320032924413681,0.08096028864383698,0.19575802981853485,0.16333989799022675,0.09120862931013107,0.07610420882701874
861.0,0.0001,0.0,64.0,2.0,0.226201593875885,0.17241033911705017,0.09848369657993317,0.0750640481710434,0.24207338690757751,0.19995492696762085,0.10539396852254868,0.08705642074346542
862.0,0.0001,0.0,64.0,2.0,0.38685089349746704,0.30472487211227417,0.16998493671417236,0.13389822840690613,0.18125414848327637,0.1489863097667694,0.07964432239532471,0.06546560674905777
863.0,0.0001,0.0,64.0,2.0,0.12825199961662292,0.09498514235019684,0.0641060471534729,0.047477804124355316,0.17244020104408264,0.15064039826393127,0.08619324117898941,0.07529674470424652
864.0,0.0001,0.0,64.0,2.0,0.26431286334991455,0.20650558173656464,0.12096640467643738,0.09451010078191757,0.32625511288642883,0.21908295154571533,0.14931510388851166,0.10026629269123077
865.0,0.0001,0.0,64.0,2.0,0.2431051880121231,0.18824361264705658,0.10680422186851501,0.08270171284675598,0.3857290744781494,0.28786444664001465,0.16946369409561157,0.1264684945344925
866.0,0.0001,0.0,64.0,2.0,0.1952217072248459,0.16729167103767395,0.08942785859107971,0.07663355767726898,0.27929097414016724,0.22207194566726685,0.12793861329555511,0.10172751545906067
867.0,0.0001,0.0,64.0,2.0,0.28057563304901123,0.1960315853357315,0.11753556877374649,0.08211933076381683,0.20578061044216156,0.1678958237171173,0.08620326966047287,0.07033301144838333
868.0,0.0001,0.0,64.0,2.0,0.27312222123146057,0.2035648226737976,0.11959268897771835,0.08913543075323105,0.16002285480499268,0.13150426745414734,0.07006960362195969,0.057582102715969086
869.0,0.0001,0.0,64.0,2.0,0.235288605093956,0.18314340710639954,0.10814523696899414,0.08417785167694092,0.16955266892910004,0.135170578956604,0.07793117314577103,0.06212818995118141
870.0,0.0001,0.0,64.0,2.0,0.19185933470726013,0.13889527320861816,0.08048875629901886,0.058269284665584564,0.42990100383758545,0.2903229892253876,0.1803518682718277,0.12179616838693619
871.0,0.0001,0.0,64.0,2.0,0.13343586027622223,0.10648944973945618,0.06423870474100113,0.05126616731286049,0.13981986045837402,0.11904405802488327,0.0673120990395546,0.057310208678245544
872.0,0.0001,0.0,64.0,2.0,0.17756322026252747,0.1477128267288208,0.07748572528362274,0.06445948779582977,0.24231556057929993,0.17376375198364258,0.10574260354042053,0.0758277028799057
873.0,0.0001,0.0,64.0,2.0,0.17656974494457245,0.14506322145462036,0.08368881791830063,0.06875564903020859,0.2133222222328186,0.16885581612586975,0.10110839456319809,0.08003263920545578
874.0,0.0001,0.0,64.0,2.0,0.1814371794462204,0.14458563923835754,0.08287082612514496,0.06603901833295822,0.17986682057380676,0.15034499764442444,0.08215359598398209,0.06866960972547531
875.0,0.0001,0.0,64.0,2.0,0.186517134308815,0.1661287099123001,0.08210965245962143,0.07313413918018341,0.20981717109680176,0.17780885100364685,0.09236691147089005,0.07827604562044144
876.0,0.0001,0.0,64.0,2.0,0.13580362498760223,0.10057520121335983,0.06419573724269867,0.04754290729761124,0.1627715677022934,0.13981275260448456,0.0769437775015831,0.0660909116268158
877.0,0.0001,0.0,64.0,2.0,0.28203824162483215,0.19830107688903809,0.12691399455070496,0.08923321962356567,0.28461918234825134,0.19815656542778015,0.12807539105415344,0.08916819840669632
878.0,0.0001,0.0,64.0,2.0,0.16590610146522522,0.12544351816177368,0.08186139166355133,0.06189633905887604,0.19038596749305725,0.12930996716022491,0.09394025057554245,0.06380413472652435
879.0,0.0001,0.0,64.0,2.0,0.18175989389419556,0.14883765578269958,0.08190866559743881,0.06707251071929932,0.26810064911842346,0.1761523187160492,0.12081743031740189,0.07938164472579956
880.0,0.0001,0.0,64.0,2.0,0.23286941647529602,0.19450250267982483,0.1008240208029747,0.0842125341296196,0.22637726366519928,0.20302635431289673,0.09801317751407623,0.08790308237075806
881.0,0.0001,0.0,64.0,2.0,0.17535699903964996,0.1598246991634369,0.0870068296790123,0.0793001651763916,0.22859451174736023,0.1577296257019043,0.11342169344425201,0.07826068252325058
882.0,0.0001,0.0,64.0,2.0,0.22446613013744354,0.20045128464698792,0.1066875010728836,0.09527337551116943,0.15538839995861053,0.13153617084026337,0.07385523617267609,0.0625184178352356
883.0,0.0001,0.0,64.0,2.0,0.2925642728805542,0.21817705035209656,0.11649451404809952,0.08687468618154526,0.31488940119743347,0.19679175317287445,0.12538401782512665,0.07835938036441803
884.0,0.0001,0.0,64.0,2.0,0.20183922350406647,0.14095133543014526,0.09449364989995956,0.0659881979227066,0.17770865559577942,0.1456364542245865,0.08319660276174545,0.0681815966963768
885.0,0.0001,0.0,64.0,2.0,0.26005110144615173,0.20370090007781982,0.11973023414611816,0.09378601610660553,0.17657189071178436,0.1451088935136795,0.08129553496837616,0.06680964678525925
886.0,0.0001,0.0,64.0,2.0,0.14805206656455994,0.11051882803440094,0.07158496975898743,0.053437188267707825,0.2306905835866928,0.173041433095932,0.11154167354106903,0.08366760611534119
887.0,0.0001,0.0,64.0,2.0,0.2821926474571228,0.19720178842544556,0.12391985207796097,0.08659763634204865,0.2496565729379654,0.1625809669494629,0.1096322163939476,0.07139451801776886
888.0,0.0001,0.0,64.0,2.0,0.2824542820453644,0.18825405836105347,0.11949370801448822,0.07964182645082474,0.3284846246242523,0.22437803447246552,0.13896706700325012,0.09492426365613937
889.0,0.0001,0.0,64.0,2.0,0.32262223958969116,0.23310905694961548,0.13650070130825043,0.09862788021564484,0.25156161189079285,0.18474501371383667,0.10643508285284042,0.07816514372825623
860.0,0.0001,0.0,64.0,4.0,0.27528059482574463,0.18440982699394226,0.12826023995876312,0.08592124283313751,0.26080697774887085,0.21653249859809875,0.1215166226029396,0.10088799893856049
861.0,0.0001,0.0,64.0,4.0,0.34838250279426575,0.24944761395454407,0.15167883038520813,0.1086045503616333,0.24420738220214844,0.1776961088180542,0.10632307827472687,0.07736537605524063
862.0,0.0001,0.0,64.0,4.0,0.4888918101787567,0.347055584192276,0.2148224115371704,0.15249860286712646,0.1274518221616745,0.09395216405391693,0.056003209203481674,0.04128322750329971
863.0,0.0001,0.0,64.0,4.0,0.12668396532535553,0.09547030925750732,0.0633222758769989,0.04772030562162399,0.14523804187774658,0.11800871789455414,0.07259641587734222,0.05898599326610565
864.0,0.0001,0.0,64.0,4.0,0.20229367911815643,0.1333453357219696,0.09258246421813965,0.061027318239212036,0.34925127029418945,0.24421674013137817,0.15983961522579193,0.11176913976669312
865.0,0.0001,0.0,64.0,4.0,0.24934826791286469,0.1680315136909485,0.10954702645540237,0.07382185012102127,0.38832148909568787,0.2931634783744812,0.17060258984565735,0.1287965178489685
866.0,0.0001,0.0,64.0,4.0,0.21834008395671844,0.1497485339641571,0.10001799464225769,0.06859734654426575,0.27016380429267883,0.20781254768371582,0.12375761568546295,0.09519551694393158
867.0,0.0001,0.0,64.0,4.0,0.28817299008369446,0.19445514678955078,0.12071815878152847,0.0814589411020279,0.3439115583896637,0.23135443031787872,0.14406752586364746,0.09691635519266129
868.0,0.0001,0.0,64.0,4.0,0.2688486874103546,0.19946923851966858,0.11772146075963974,0.08734209835529327,0.13381490111351013,0.11647234857082367,0.05859387665987015,0.05100003629922867
869.0,0.0001,0.0,64.0,4.0,0.29243335127830505,0.19642788171768188,0.134410560131073,0.09028376638889313,0.19000065326690674,0.15765295922756195,0.08732963353395462,0.07246173918247223
870.0,0.0001,0.0,64.0,4.0,0.1989586353302002,0.12955954670906067,0.0834670290350914,0.054352767765522,0.3228987157344818,0.21189507842063904,0.13546232879161835,0.08889412134885788
871.0,0.0001,0.0,64.0,4.0,0.22691035270690918,0.17919787764549255,0.10923921316862106,0.08626947551965714,0.15554377436637878,0.10874980688095093,0.074881911277771,0.052354343235492706
872.0,0.0001,0.0,64.0,4.0,0.21083955466747284,0.15006467700004578,0.09200697392225266,0.06548579782247543,0.3041689097881317,0.2179553210735321,0.13273437321186066,0.0951121598482132
873.0,0.0001,0.0,64.0,4.0,0.22943833470344543,0.1852322220802307,0.10874694585800171,0.08779457211494446,0.248449444770813,0.19510027766227722,0.1177576556801796,0.09247173368930817
874.0,0.0001,0.0,64.0,4.0,0.18846462666988373,0.14070984721183777,0.08608060330152512,0.06426876783370972,0.27330631017684937,0.21674032509326935,0.12483176589012146,0.09899544715881348
875.0,0.0001,0.0,64.0,4.0,0.18693411350250244,0.13281351327896118,0.08229320496320724,0.058467935770750046,0.21149417757987976,0.13022714853286743,0.09310516715049744,0.05732934549450874
876.0,0.0001,0.0,64.0,4.0,0.1855842024087906,0.12725475430488586,0.08772751688957214,0.06015460193157196,0.31365519762039185,0.21782279014587402,0.14826799929141998,0.1029670387506485
877.0,0.0001,0.0,64.0,4.0,0.3124352991580963,0.2004515826702118,0.1405923068523407,0.09020092338323593,0.2837059199810028,0.20120446383953094,0.12766443192958832,0.09053972363471985
878.0,0.0001,0.0,64.0,4.0,0.19321073591709137,0.14046618342399597,0.09533406794071198,0.06930884718894958,0.21800817549228668,0.13545334339141846,0.10756959021091461,0.06683539599180222
879.0,0.0001,0.0,64.0,4.0,0.23485338687896729,0.14797618985176086,0.10583481192588806,0.066684290766716,0.2761783301830292,0.1678096354007721,0.12445756793022156,0.07562209665775299
880.0,0.0001,0.0,64.0,4.0,0.2823984920978546,0.2013094574213028,0.12226834148168564,0.08715972304344177,0.23574750125408173,0.1487080305814743,0.1020701453089714,0.06438519805669785
881.0,0.0001,0.0,64.0,4.0,0.21072840690612793,0.17654982209205627,0.10455705970525742,0.08759866654872894,0.2606513500213623,0.1945502907037735,0.12932729721069336,0.09652996063232422
882.0,0.0001,0.0,64.0,4.0,0.15016056597232819,0.11210977286100388,0.07137046754360199,0.0532851368188858,0.23317261040210724,0.17195715010166168,0.11082562804222107,0.08173026144504547
883.0,0.0001,0.0,64.0,4.0,0.3773372769355774,0.28449732065200806,0.15024979412555695,0.11328238248825073,0.41871148347854614,0.29318439960479736,0.16672435402870178,0.11674144864082336
884.0,0.0001,0.0,64.0,4.0,0.2330975979566574,0.16246192157268524,0.10912767052650452,0.07605865597724915,0.23371879756450653,0.1867881417274475,0.10941848903894424,0.08744729310274124
885.0,0.0001,0.0,64.0,4.0,0.2957181930541992,0.17894907295703888,0.1361517310142517,0.08239001035690308,0.19561649858951569,0.11750605702400208,0.09006386250257492,0.05410100519657135
886.0,0.0001,0.0,64.0,4.0,0.2124587744474411,0.17321792244911194,0.10272638499736786,0.08375297486782074,0.33292198181152344,0.24513119459152222,0.16097180545330048,0.11852388828992844
887.0,0.0001,0.0,64.0,4.0,0.2554352283477783,0.181626558303833,0.1121697798371315,0.07975803315639496,0.2931031584739685,0.19885922968387604,0.12871098518371582,0.08732546865940094
888.0,0.0001,0.0,64.0,4.0,0.32087624073028564,0.18832945823669434,0.13574831187725067,0.07967372238636017,0.27774110436439514,0.17487454414367676,0.11749977618455887,0.07398155331611633
889.0,0.0001,0.0,64.0,4.0,0.364679753780365,0.27546244859695435,0.15429511666297913,0.11654748767614365,0.24140778183937073,0.14563438296318054,0.10213902592658997,0.061617545783519745
860.0,0.0001,0.0,256.0,2.0,0.24734893441200256,0.16920408606529236,0.11524617671966553,0.07883649319410324,0.22192242741584778,0.17019487917423248,0.10339932143688202,0.07929812371730804
861.0,0.0001,0.0,256.0,2.0,0.2189122885465622,0.16859179735183716,0.09531007707118988,0.07340151816606522,0.32173919677734375,0.2066362500190735,0.14007887244224548,0.0899653285741806
862.0,0.0001,0.0,256.0,2.0,0.4172952175140381,0.2867768704891205,0.18336239457130432,0.12601174414157867,0.1770966798067093,0.13201108574867249,0.07781749963760376,0.05800658091902733
863.0,0.0001,0.0,256.0,2.0,0.11780198663473129,0.09357194602489471,0.058882661163806915,0.04677141457796097,0.1695348173379898,0.11676071584224701,0.08474101126194,0.058362189680337906
864.0,0.0001,0.0,256.0,2.0,0.1918383240699768,0.13307926058769226,0.08779741823673248,0.06090554594993591,0.2462398111820221,0.1738516241312027,0.11269501596689224,0.07956556975841522
865.0,0.0001,0.0,256.0,2.0,0.17644838988780975,0.126894012093544,0.07751966267824173,0.05574878305196762,0.3077053725719452,0.22614002227783203,0.13518527150154114,0.09935086965560913
866.0,0.0001,0.0,256.0,2.0,0.15102818608283997,0.13073375821113586,0.06918352842330933,0.05988698452711105,0.24240835011005402,0.19106590747833252,0.111043281853199,0.08752414584159851
867.0,0.0001,0.0,256.0,2.0,0.2355836182832718,0.16886022686958313,0.09868801385164261,0.07073700428009033,0.2606319785118103,0.19136860966682434,0.10918097198009491,0.08016596734523773
868.0,0.0001,0.0,256.0,2.0,0.23562753200531006,0.1891874074935913,0.10317479819059372,0.08283994346857071,0.2479349970817566,0.18475741147994995,0.10856391489505768,0.08090018481016159
869.0,0.0001,0.0,256.0,2.0,0.2493758648633957,0.18626713752746582,0.1146201342344284,0.08561359345912933,0.15563176572322845,0.12448547780513763,0.07153274118900299,0.057217031717300415
870.0,0.0001,0.0,256.0,2.0,0.18628254532814026,0.13803209364414215,0.07814917713403702,0.057907164096832275,0.35449913144111633,0.22539818286895752,0.14871929585933685,0.09455893933773041
871.0,0.0001,0.0,256.0,2.0,0.1715712696313858,0.14675922691822052,0.08259786665439606,0.07065284997224808,0.1352081447839737,0.1064438447356224,0.06509193032979965,0.051244210451841354
872.0,0.0001,0.0,256.0,2.0,0.17146654427051544,0.14380700886249542,0.0748252347111702,0.0627550557255745,0.3066580593585968,0.1797289252281189,0.13382063806056976,0.07843080163002014
873.0,0.0001,0.0,256.0,2.0,0.1907162070274353,0.14731857180595398,0.09039381146430969,0.06982462853193283,0.2294561117887497,0.1638460010290146,0.10875537246465683,0.07765813171863556
874.0,0.0001,0.0,256.0,2.0,0.21282662451267242,0.15834835171699524,0.09720787405967712,0.07232510298490524,0.19409379363059998,0.14605113863945007,0.08865172415971756,0.06670840084552765
875.0,0.0001,0.0,256.0,2.0,0.1859167218208313,0.13983416557312012,0.08184533566236496,0.06155861169099808,0.20096321403980255,0.15306828916072845,0.08846919238567352,0.06738461554050446
876.0,0.0001,0.0,256.0,2.0,0.16218356788158417,0.10602444410324097,0.07666581869125366,0.0501188263297081,0.17678587138652802,0.11123992502689362,0.08356848359107971,0.05258425697684288
877.0,0.0001,0.0,256.0,2.0,0.2809085249900818,0.19374202191829681,0.12640564143657684,0.0871817022562027,0.2578052580356598,0.16209250688552856,0.116009421646595,0.07293978333473206
878.0,0.0001,0.0,256.0,2.0,0.19011631608009338,0.15287582576274872,0.09380721300840378,0.07543199509382248,0.19676139950752258,0.1397712230682373,0.09708601981401443,0.06896592676639557
879.0,0.0001,0.0,256.0,2.0,0.20135852694511414,0.15498702228069305,0.0907406136393547,0.06984366476535797,0.257253497838974,0.18150949478149414,0.1159292533993721,0.08179581165313721
880.0,0.0001,0.0,256.0,2.0,0.20637091994285583,0.15241961181163788,0.08935114741325378,0.06599218398332596,0.19841650128364563,0.15333425998687744,0.08590718358755112,0.06638820469379425
881.0,0.0001,0.0,256.0,2.0,0.15988752245903015,0.13255372643470764,0.07933134585618973,0.06576915085315704,0.2526511549949646,0.17440661787986755,0.12535788118839264,0.08653528988361359
882.0,0.0001,0.0,256.0,2.0,0.19433608651161194,0.15623533725738525,0.09236685186624527,0.07425776869058609,0.17556196451187134,0.12478694319725037,0.08344361931085587,0.05931052565574646
883.0,0.0001,0.0,256.0,2.0,0.3479584753513336,0.25903940200805664,0.13855165243148804,0.10314545035362244,0.23936083912849426,0.18734484910964966,0.09530972689390182,0.0745977833867073
884.0,0.0001,0.0,256.0,2.0,0.16006731986999512,0.10687592625617981,0.0749375969171524,0.05003535747528076,0.2931840717792511,0.22464706003665924,0.137257918715477,0.10517144203186035
885.0,0.0001,0.0,256.0,2.0,0.22257550060749054,0.16668516397476196,0.1024760752916336,0.07674358785152435,0.20132379233837128,0.14674018323421478,0.0926915630698204,0.06756070256233215
886.0,0.0001,0.0,256.0,2.0,0.2067517638206482,0.17159201204776764,0.09996696561574936,0.08296681940555573,0.2864726185798645,0.2080598771572113,0.13851298391819,0.10059946030378342
887.0,0.0001,0.0,256.0,2.0,0.2182701975107193,0.1409251093864441,0.09584943950176239,0.06188472732901573,0.27891671657562256,0.17441481351852417,0.12248127907514572,0.0765911191701889
888.0,0.0001,0.0,256.0,2.0,0.24926654994487762,0.15103015303611755,0.10545346885919571,0.06389407813549042,0.23344989120960236,0.16747045516967773,0.0987621545791626,0.0708492249250412
889.0,0.0001,0.0,256.0,2.0,0.25531870126724243,0.19836914539337158,0.1080247163772583,0.08392950892448425,0.26616641879081726,0.1792178899049759,0.11261434108018875,0.07582663744688034
860.0,0.0001,0.0,256.0,4.0,0.3046106696128845,0.24674248695373535,0.1419258713722229,0.11496362090110779,0.21634255349636078,0.18320438265800476,0.10079950839281082,0.085359588265419
861.0,0.0001,0.0,256.0,4.0,0.22871915996074677,0.1681150197982788,0.09957980364561081,0.07319395244121552,0.2189631462097168,0.15491722524166107,0.09533222764730453,0.06744790077209473
862.0,0.0001,0.0,256.0,4.0,0.43433624505996704,0.3139045238494873,0.19085034728050232,0.13793182373046875,0.19280369579792023,0.13865506649017334,0.08471927046775818,0.060925986617803574
863.0,0.0001,0.0,256.0,4.0,0.13151299953460693,0.09868783503770828,0.06573601812124252,0.049328550696372986,0.23974427580833435,0.19249528646469116,0.11983481049537659,0.09621767699718475
864.0,0.0001,0.0,256.0,4.0,0.19812297821044922,0.16854560375213623,0.09067367762327194,0.07713720202445984,0.30790451169013977,0.23058325052261353,0.14091669023036957,0.10552956163883209
865.0,0.0001,0.0,256.0,4.0,0.30858421325683594,0.2052035927772522,0.13557134568691254,0.0901527926325798,0.39180463552474976,0.27026423811912537,0.17213287949562073,0.11873611062765121
866.0,0.0001,0.0,256.0,4.0,0.23354129493236542,0.16414418816566467,0.10698141157627106,0.07519173622131348,0.3333802819252014,0.2420278936624527,0.1527160406112671,0.11086899042129517
867.0,0.0001,0.0,256.0,4.0,0.2284357249736786,0.19422882795333862,0.0956936851143837,0.08136412501335144,0.2203141152858734,0.1563897430896759,0.0922914668917656,0.0655129924416542
868.0,0.0001,0.0,256.0,4.0,0.2517956793308258,0.18814076483249664,0.11025439202785492,0.08238165825605392,0.2169831097126007,0.16003790497779846,0.09501092880964279,0.07007619738578796
869.0,0.0001,0.0,256.0,4.0,0.28693073987960815,0.20626017451286316,0.13188141584396362,0.09480297565460205,0.21580101549625397,0.17245498299598694,0.09918820112943649,0.07926515489816666
870.0,0.0001,0.0,256.0,4.0,0.12640661001205444,0.10091979056596756,0.05303003638982773,0.042337819933891296,0.20034533739089966,0.13963066041469574,0.08404877036809921,0.058577779680490494
871.0,0.0001,0.0,256.0,4.0,0.12872281670570374,0.10320383310317993,0.06196976080536842,0.049684420228004456,0.223612979054451,0.14647066593170166,0.10765179991722107,0.07051393389701843
872.0,0.0001,0.0,256.0,4.0,0.1377338021993637,0.12410861253738403,0.06010480225086212,0.05415899306535721,0.33044302463531494,0.24698586761951447,0.14419998228549957,0.10778065025806427
873.0,0.0001,0.0,256.0,4.0,0.21965865790843964,0.1518411636352539,0.1041116863489151,0.071968212723732,0.21556568145751953,0.10311953723430634,0.10217174142599106,0.0488755889236927
874.0,0.0001,0.0,256.0,4.0,0.2077232301235199,0.1628110408782959,0.09487690776586533,0.07436341047286987,0.20796816051006317,0.1649007499217987,0.09498879313468933,0.07531788945198059
875.0,0.0001,0.0,256.0,4.0,0.18021371960639954,0.14220818877220154,0.07933470606803894,0.06260371208190918,0.25392234325408936,0.20842015743255615,0.11178315430879593,0.09175192564725876
876.0,0.0001,0.0,256.0,4.0,0.18764832615852356,0.14751502871513367,0.08870326727628708,0.06973184645175934,0.25779226422309875,0.20805761218070984,0.12186102569103241,0.09835094958543777
877.0,0.0001,0.0,256.0,4.0,0.38134196400642395,0.284545361995697,0.17159952223300934,0.12804214656352997,0.19498509168624878,0.14356744289398193,0.08774106204509735,0.06460370868444443
878.0,0.0001,0.0,256.0,4.0,0.25305673480033875,0.17215602099895477,0.12486326694488525,0.08494523167610168,0.21503008902072906,0.12287325412034988,0.10610014945268631,0.060628123581409454
879.0,0.0001,0.0,256.0,4.0,0.21788115799427032,0.1569436639547348,0.09818639606237411,0.07072540372610092,0.18539518117904663,0.1528284251689911,0.08354686200618744,0.0688709169626236
880.0,0.0001,0.0,256.0,4.0,0.2567567527294159,0.1868526041507721,0.11116638034582138,0.0809004157781601,0.2322472333908081,0.20469141006469727,0.10055465996265411,0.08862398564815521
881.0,0.0001,0.0,256.0,4.0,0.13885298371315002,0.09920661151409149,0.06889466196298599,0.04922332614660263,0.2261160910129547,0.17276820540428162,0.11219197511672974,0.08572237193584442
882.0,0.0001,0.0,256.0,4.0,0.2524750232696533,0.20709262788295746,0.11999998986721039,0.09842997789382935,0.21603034436702728,0.15439748764038086,0.10267799347639084,0.07338425517082214
883.0,0.0001,0.0,256.0,4.0,0.35463568568229675,0.27072903513908386,0.1412103772163391,0.10780005902051926,0.3053373396396637,0.2030618041753769,0.12158054858446121,0.08085603266954422
884.0,0.0001,0.0,256.0,4.0,0.1593271940946579,0.12485358864068985,0.07459108531475067,0.0584518238902092,0.19530081748962402,0.16441789269447327,0.0914326161146164,0.07697436213493347
885.0,0.0001,0.0,256.0,4.0,0.24505344033241272,0.1935238093137741,0.11282514780759811,0.08910036087036133,0.17620223760604858,0.12810218334197998,0.08112533390522003,0.058979570865631104
886.0,0.0001,0.0,256.0,4.0,0.18206551671028137,0.1383080780506134,0.08803088217973709,0.06687362492084503,0.218548983335495,0.14659711718559265,0.10567108541727066,0.07088150084018707
887.0,0.0001,0.0,256.0,4.0,0.34425339102745056,0.252593070268631,0.1511726975440979,0.11092172563076019,0.2914016842842102,0.22094497084617615,0.1279638260602951,0.09702402353286743
888.0,0.0001,0.0,256.0,4.0,0.2953132390975952,0.21652299165725708,0.12493374198675156,0.09160113334655762,0.20980241894721985,0.1852550506591797,0.08875797688961029,0.07837308943271637
889.0,0.0001,0.0,256.0,4.0,0.20664803683757782,0.1577387899160385,0.08743227273225784,0.06673888862133026,0.2826494574546814,0.18212559819221497,0.11958827823400497,0.0770568773150444
860.0,0.0001,0.1,64.0,2.0,0.24537205696105957,0.17860159277915955,0.11432510614395142,0.08321502804756165,0.21972382068634033,0.1906607747077942,0.10237493366003036,0.08883370459079742
861.0,0.0001,0.1,64.0,2.0,0.2598109245300293,0.20933516323566437,0.11311652511358261,0.09114037454128265,0.2400590479373932,0.1969403326511383,0.10451696068048477,0.08574391901493073
862.0,0.0001,0.1,64.0,2.0,0.39025402069091797,0.3011830151081085,0.17148029804229736,0.1323418915271759,0.1456729620695114,0.10087965428829193,0.06400971114635468,0.04432722181081772
863.0,0.0001,0.1,64.0,2.0,0.15804344415664673,0.13602343201637268,0.07899712771177292,0.06799054145812988,0.1696770340204239,0.1357530653476715,0.08481209725141525,0.06785539537668228
864.0,0.0001,0.1,64.0,2.0,0.21271727979183197,0.1289171725511551,0.09735295921564102,0.059000708162784576,0.30619898438453674,0.22611165046691895,0.14013612270355225,0.10348306596279144
865.0,0.0001,0.1,64.0,2.0,0.28581684827804565,0.21202290058135986,0.12556886672973633,0.09314873814582825,0.30811598896980286,0.24355998635292053,0.13536565005779266,0.10700403153896332
866.0,0.0001,0.1,64.0,2.0,0.17597617208957672,0.14242041110992432,0.08061180263757706,0.06524045765399933,0.27384257316589355,0.21402299404144287,0.12544280290603638,0.09804041683673859
867.0,0.0001,0.1,64.0,2.0,0.22056639194488525,0.16150137782096863,0.09239716082811356,0.0676543116569519,0.31552654504776,0.19628313183784485,0.13217677175998688,0.08222468942403793
868.0,0.0001,0.1,64.0,2.0,0.3556046187877655,0.3187206983566284,0.15570947527885437,0.13955903053283691,0.21058376133441925,0.1903802454471588,0.09220883250236511,0.08336226642131805
869.0,0.0001,0.1,64.0,2.0,0.24733267724514008,0.183932825922966,0.11368103325366974,0.08454069495201111,0.1680862009525299,0.12439295649528503,0.07725713402032852,0.05717448890209198
870.0,0.0001,0.1,64.0,2.0,0.197564497590065,0.1333213895559311,0.08288218080997467,0.055930934846401215,0.3192819654941559,0.22568723559379578,0.1339450180530548,0.09468019753694534
871.0,0.0001,0.1,64.0,2.0,0.1823555827140808,0.14989909529685974,0.08778964728116989,0.07216443866491318,0.15249235928058624,0.13332968950271606,0.07341290265321732,0.06418760865926743
872.0,0.0001,0.1,64.0,2.0,0.1774594783782959,0.1584220677614212,0.07744044810533524,0.06913282722234726,0.28907063603401184,0.20436571538448334,0.12614575028419495,0.08918190002441406
873.0,0.0001,0.1,64.0,2.0,0.18006852269172668,0.14672164618968964,0.08534714579582214,0.06954171508550644,0.2270246297121048,0.15686234831809998,0.10760293155908585,0.074348084628582
874.0,0.0001,0.1,64.0,2.0,0.1570989191532135,0.12472569942474365,0.07175441086292267,0.05696806684136391,0.1795950084924698,0.1574614942073822,0.08202944695949554,0.07192003726959229
875.0,0.0001,0.1,64.0,2.0,0.24557927250862122,0.18615026772022247,0.10811033099889755,0.08194814622402191,0.19986611604690552,0.16315680742263794,0.08798620849847794,0.07182583957910538
876.0,0.0001,0.1,64.0,2.0,0.12071970850229263,0.10577065497636795,0.057065434753894806,0.04999886453151703,0.2606443762779236,0.21261215209960938,0.12320924550294876,0.10050391405820847
877.0,0.0001,0.1,64.0,2.0,0.2696114480495453,0.19263434410095215,0.12132208049297333,0.08668326586484909,0.2485419064760208,0.16683539748191833,0.11184102296829224,0.07507402449846268
878.0,0.0001,0.1,64.0,2.0,0.20004747807979584,0.15471422672271729,0.09870743751525879,0.07633910328149796,0.18968279659748077,0.13948549330234528,0.0935932993888855,0.06882493197917938
879.0,0.0001,0.1,64.0,2.0,0.27810153365135193,0.24484926462173462,0.12532424926757812,0.11033938825130463,0.3352252244949341,0.3131919503211975,0.1510666012763977,0.1411374807357788
880.0,0.0001,0.1,64.0,2.0,0.238868847489357,0.18009886145591736,0.10342155396938324,0.0779762864112854,0.25179117918014526,0.20849449932575226,0.10901648551225662,0.09027059376239777
881.0,0.0001,0.1,64.0,2.0,0.18017710745334625,0.1428518444299698,0.08939844369888306,0.0708787739276886,0.24957861006259918,0.1841895431280136,0.12383335828781128,0.09138927608728409
882.0,0.0001,0.1,64.0,2.0,0.24466754496097565,0.21852931380271912,0.11628910899162292,0.10386575758457184,0.18169450759887695,0.15954241156578064,0.08635838329792023,0.07582961022853851
883.0,0.0001,0.1,64.0,2.0,0.26820117235183716,0.19596648216247559,0.10679352283477783,0.0780307948589325,0.3526251018047333,0.23003599047660828,0.14040978252887726,0.09159672260284424
884.0,0.0001,0.1,64.0,2.0,0.2160325050354004,0.12592817842960358,0.10113842040300369,0.05895490199327469,0.1916152685880661,0.15850992500782013,0.0897071585059166,0.07420847564935684
885.0,0.0001,0.1,64.0,2.0,0.24650074541568756,0.17155221104621887,0.11349150538444519,0.07898442447185516,0.1657293289899826,0.12476618587970734,0.07630349695682526,0.05744364112615585
886.0,0.0001,0.1,64.0,2.0,0.22848962247371674,0.1960633397102356,0.1104774922132492,0.0947989821434021,0.2777048349380493,0.2307841032743454,0.13427363336086273,0.11158689111471176
887.0,0.0001,0.1,64.0,2.0,0.25383228063583374,0.17762726545333862,0.11146588623523712,0.07800181955099106,0.32153040170669556,0.23297235369682312,0.14119431376457214,0.10230563580989838
888.0,0.0001,0.1,64.0,2.0,0.26840096712112427,0.1640893816947937,0.1135483831167221,0.06941884011030197,0.2264823466539383,0.17531496286392212,0.09581449627876282,0.0741678774356842
889.0,0.0001,0.1,64.0,2.0,0.33567628264427185,0.2180057168006897,0.14202381670475006,0.0922376811504364,0.26606783270835876,0.18558070063591003,0.11257262527942657,0.07851873338222504
860.0,0.0001,0.1,64.0,4.0,0.3377774953842163,0.23702609539031982,0.157379150390625,0.11043650656938553,0.24280156195163727,0.20406782627105713,0.11312742531299591,0.09508039802312851
861.0,0.0001,0.1,64.0,4.0,0.30804240703582764,0.22671473026275635,0.1341155618429184,0.09870711714029312,0.2578892707824707,0.2005438208580017,0.11227986961603165,0.08731280267238617
862.0,0.0001,0.1,64.0,4.0,0.3794565200805664,0.2969314754009247,0.16673579812049866,0.13047373294830322,0.13216078281402588,0.10334662348031998,0.058072350919246674,0.04541121795773506
863.0,0.0001,0.1,64.0,4.0,0.16417452692985535,0.13250914216041565,0.08206170797348022,0.06623394042253494,0.16898991167545319,0.1339540332555771,0.08446865528821945,0.06695616245269775
864.0,0.0001,0.1,64.0,4.0,0.2532506287097931,0.18918652832508087,0.11590360105037689,0.08658379316329956,0.3801930844783783,0.2589820623397827,0.1740005612373352,0.11852668225765228
865.0,0.0001,0.1,64.0,4.0,0.27319908142089844,0.19930680096149445,0.12002547830343246,0.08756212890148163,0.37709978222846985,0.2775951623916626,0.16567254066467285,0.12195684015750885
866.0,0.0001,0.1,64.0,4.0,0.20659595727920532,0.15032736957073212,0.09463822096586227,0.06886249780654907,0.31490665674209595,0.23780353367328644,0.14425358176231384,0.10893388837575912
867.0,0.0001,0.1,64.0,4.0,0.2509496510028839,0.17726224660873413,0.10512497276067734,0.07425668090581894,0.2766836881637573,0.18267281353473663,0.11590515822172165,0.07652320712804794
868.0,0.0001,0.1,64.0,4.0,0.3105687201023102,0.23628363013267517,0.1359894871711731,0.1034621000289917,0.20150050520896912,0.1548723578453064,0.08823152631521225,0.06781434267759323
869.0,0.0001,0.1,64.0,4.0,0.24464954435825348,0.1794038563966751,0.11244779080152512,0.08245904743671417,0.20487308502197266,0.1429186314344406,0.09416542202234268,0.06568942219018936
870.0,0.0001,0.1,64.0,4.0,0.2190983146429062,0.15647323429584503,0.091916024684906,0.06564357131719589,0.37718668580055237,0.2668067216873169,0.15823717415332794,0.11193063855171204
871.0,0.0001,0.1,64.0,4.0,0.2097117304801941,0.17145483195781708,0.10095945000648499,0.0825418084859848,0.1198672205209732,0.1031406819820404,0.05770649015903473,0.04965399205684662
872.0,0.0001,0.1,64.0,4.0,0.19313392043113708,0.14061637222766876,0.08428052812814713,0.06136271730065346,0.3157370984554291,0.22383174300193787,0.13778255879878998,0.09767656028270721
873.0,0.0001,0.1,64.0,4.0,0.17108748853206635,0.1385863572359085,0.08109040558338165,0.06568582355976105,0.21217761933803558,0.1520739644765854,0.10056588053703308,0.07207853347063065
874.0,0.0001,0.1,64.0,4.0,0.2149268537759781,0.15755128860473633,0.09816713631153107,0.07196103781461716,0.26119518280029297,0.19390520453453064,0.11930004507303238,0.08856557309627533
875.0,0.0001,0.1,64.0,4.0,0.1958271563053131,0.13633382320404053,0.08620816469192505,0.0600176639854908,0.22000819444656372,0.1619003862142563,0.09685327112674713,0.07127271592617035
876.0,0.0001,0.1,64.0,4.0,0.15837013721466064,0.12581750750541687,0.07486317306756973,0.05947522073984146,0.2015899419784546,0.1513870805501938,0.09529361873865128,0.07156220823526382
877.0,0.0001,0.1,64.0,4.0,0.3324463963508606,0.21619755029678345,0.14959707856178284,0.09728643298149109,0.29648932814598083,0.22141805291175842,0.1334168165922165,0.09963560849428177
878.0,0.0001,0.1,64.0,4.0,0.26642540097236633,0.1977224498987198,0.13145963847637177,0.09756021201610565,0.22813081741333008,0.1399058848619461,0.112564317882061,0.06903236359357834
879.0,0.0001,0.1,64.0,4.0,0.21664690971374512,0.17360028624534607,0.09763020277023315,0.078231580555439,0.27226996421813965,0.18757405877113342,0.12269628793001175,0.08452877402305603
880.0,0.0001,0.1,64.0,4.0,0.27017298340797424,0.20209811627864838,0.11697512865066528,0.0875011757016182,0.23771002888679504,0.19686001539230347,0.10291986167430878,0.08523327857255936
881.0,0.0001,0.1,64.0,4.0,0.19965992867946625,0.15139831602573395,0.09906522929668427,0.0751192644238472,0.23994965851306915,0.1722450703382492,0.11905576288700104,0.085462786257267
882.0,0.0001,0.1,64.0,4.0,0.2166173756122589,0.18690507113933563,0.10295702517032623,0.08883493393659592,0.20190946757793427,0.17468105256557465,0.09596642106771469,0.08302491903305054
883.0,0.0001,0.1,64.0,4.0,0.26040783524513245,0.19915077090263367,0.10369034856557846,0.0792987272143364,0.3386118412017822,0.2352588027715683,0.13482992351055145,0.0936763659119606
884.0,0.0001,0.1,64.0,4.0,0.2095532864332199,0.15011382102966309,0.09810508787631989,0.07027773559093475,0.1675897240638733,0.14940175414085388,0.07845929265022278,0.069944366812706
885.0,0.0001,0.1,64.0,4.0,0.2989446520805359,0.1972179412841797,0.1376372128725052,0.0908011794090271,0.2137376368045807,0.17102184891700745,0.09840702265501022,0.07874022424221039
886.0,0.0001,0.1,64.0,4.0,0.16364355385303497,0.11876137554645538,0.07912363857030869,0.05742255970835686,0.2726913094520569,0.23807935416698456,0.13184954226016998,0.1151142343878746
887.0,0.0001,0.1,64.0,4.0,0.26376593112945557,0.1961090862751007,0.11582807451486588,0.08611778914928436,0.3296235203742981,0.21419686079025269,0.144748255610466,0.09406070411205292
888.0,0.0001,0.1,64.0,4.0,0.32161998748779297,0.20965513586997986,0.13606294989585876,0.08869566023349762,0.291628897190094,0.2128763049840927,0.1233750730752945,0.09005839377641678
889.0,0.0001,0.1,64.0,4.0,0.3880448043346405,0.27870115637779236,0.16418081521987915,0.11791777610778809,0.29499751329421997,0.21047119796276093,0.12481270730495453,0.08904984593391418
860.0,0.0001,0.1,256.0,2.0,0.26594892144203186,0.1963670253753662,0.12391238659620285,0.09149239957332611,0.17787913978099823,0.14688462018966675,0.08287841826677322,0.06843728572130203
861.0,0.0001,0.1,256.0,2.0,0.19769029319286346,0.1505892127752304,0.08607044070959091,0.06556355953216553,0.22027288377285004,0.16068166494369507,0.0959024578332901,0.06995763629674911
862.0,0.0001,0.1,256.0,2.0,0.42409011721611023,0.3089762330055237,0.1863481104373932,0.13576626777648926,0.12862318754196167,0.09156959503889084,0.05651790276169777,0.040236301720142365
863.0,0.0001,0.1,256.0,2.0,0.14062893390655518,0.10751518607139587,0.07029259204864502,0.05374086648225784,0.18705682456493378,0.14320750534534454,0.09349927306175232,0.07158145308494568
864.0,0.0001,0.1,256.0,2.0,0.1520988941192627,0.11676011979579926,0.0696101263165474,0.05343685299158096,0.3681051731109619,0.25640299916267395,0.16846835613250732,0.11734632402658463
865.0,0.0001,0.1,256.0,2.0,0.17893141508102417,0.1395781934261322,0.07861055433750153,0.06132137030363083,0.3798365592956543,0.3061444163322449,0.16687490046024323,0.1344994753599167
866.0,0.0001,0.1,256.0,2.0,0.19403670728206635,0.1682209074497223,0.08888502418994904,0.07705922424793243,0.25100430846214294,0.21136699616909027,0.11498095840215683,0.09682375192642212
867.0,0.0001,0.1,256.0,2.0,0.24505312740802765,0.18354636430740356,0.10265486687421799,0.07688914984464645,0.26861950755119324,0.18399536609649658,0.11252701282501221,0.0770772397518158
868.0,0.0001,0.1,256.0,2.0,0.24393093585968018,0.1707722544670105,0.10681063681840897,0.07477647066116333,0.1809288114309311,0.13230423629283905,0.07922375947237015,0.05793239176273346
869.0,0.0001,0.1,256.0,2.0,0.223943829536438,0.17871372401714325,0.10293087363243103,0.08214184641838074,0.1627105176448822,0.11494909226894379,0.07478630542755127,0.05283382534980774
870.0,0.0001,0.1,256.0,2.0,0.17386825382709503,0.13953958451747894,0.0729411393404007,0.058539584279060364,0.2673129141330719,0.1867404282093048,0.11214298009872437,0.07834123820066452
871.0,0.0001,0.1,256.0,2.0,0.1631307601928711,0.1227688416838646,0.07853443175554276,0.05910338833928108,0.1151648461818695,0.08744165301322937,0.05544267222285271,0.042096175253391266
872.0,0.0001,0.1,256.0,2.0,0.14755520224571228,0.1264442801475525,0.06439070403575897,0.055178239941596985,0.24594475328922272,0.16621282696723938,0.10732629895210266,0.07253259420394897
873.0,0.0001,0.1,256.0,2.0,0.18614643812179565,0.14429685473442078,0.08822787553071976,0.06839242577552795,0.21363092958927155,0.15073205530643463,0.10125472396612167,0.07144251465797424
874.0,0.0001,0.1,256.0,2.0,0.2068297415971756,0.1364920437335968,0.09446880221366882,0.062342289835214615,0.234756201505661,0.1724640429019928,0.10722415894269943,0.0787723958492279
875.0,0.0001,0.1,256.0,2.0,0.2524366080760956,0.21089494228363037,0.11112910509109497,0.09284140169620514,0.22597722709178925,0.19171828031539917,0.099481001496315,0.08439933508634567
876.0,0.0001,0.1,256.0,2.0,0.12116963416337967,0.09615550935268402,0.05727812275290489,0.04545368626713753,0.22534893453121185,0.16336916387081146,0.10652471333742142,0.07722625136375427
877.0,0.0001,0.1,256.0,2.0,0.26146697998046875,0.20127686858177185,0.1176571398973465,0.0905722826719284,0.23034584522247314,0.1453114151954651,0.10365300625562668,0.06538848578929901
878.0,0.0001,0.1,256.0,2.0,0.20979847013950348,0.16881287097930908,0.1035187840461731,0.08329565823078156,0.263243168592453,0.16529572010040283,0.12988945841789246,0.08156022429466248
879.0,0.0001,0.1,256.0,2.0,0.19974081218242645,0.15291668474674225,0.0900116041302681,0.06891068816184998,0.2674100995063782,0.19095370173454285,0.12050622701644897,0.08605176210403442
880.0,0.0001,0.1,256.0,2.0,0.18275471031665802,0.1378457397222519,0.07912617176771164,0.0596822127699852,0.16722150146961212,0.1292594075202942,0.07240089029073715,0.05596466362476349
881.0,0.0001,0.1,256.0,2.0,0.15583156049251556,0.13737456500530243,0.07731891423463821,0.06816111505031586,0.25314122438430786,0.19489678740501404,0.12560100853443146,0.09670189768075943
882.0,0.0001,0.1,256.0,2.0,0.20527558028697968,0.15366792678833008,0.09756634384393692,0.07303750514984131,0.17234493792057037,0.14050544798374176,0.08191457390785217,0.06678144633769989
883.0,0.0001,0.1,256.0,2.0,0.3175785541534424,0.24402278661727905,0.12645481526851654,0.09716606140136719,0.28688129782676697,0.20884469151496887,0.1142316460609436,0.08315868675708771
884.0,0.0001,0.1,256.0,2.0,0.21271587908267975,0.14434829354286194,0.09958569705486298,0.06757853180170059,0.2399401217699051,0.16039034724235535,0.11233105510473251,0.07508881390094757
885.0,0.0001,0.1,256.0,2.0,0.23090225458145142,0.17013037204742432,0.10630977898836136,0.07832977175712585,0.18663056194782257,0.1262502670288086,0.08592664450407028,0.05812693387269974
886.0,0.0001,0.1,256.0,2.0,0.13936898112297058,0.11573541164398193,0.06738658994436264,0.05595947802066803,0.21042124927043915,0.16992846131324768,0.10174121707677841,0.08216246962547302
887.0,0.0001,0.1,256.0,2.0,0.25103285908699036,0.16600418090820312,0.11023657768964767,0.07289775460958481,0.20503979921340942,0.14249764382839203,0.09003955125808716,0.06257528066635132
888.0,0.0001,0.1,256.0,2.0,0.22604933381080627,0.15943971276283264,0.09563130885362625,0.06745178252458572,0.2416742593050003,0.17908534407615662,0.10224152356386185,0.07576295733451843
889.0,0.0001,0.1,256.0,2.0,0.3538963198661804,0.24871817231178284,0.14973266422748566,0.10523203015327454,0.2326393574476242,0.1356271356344223,0.0984291359782219,0.057383496314287186
860.0,0.0001,0.1,256.0,4.0,0.22746318578720093,0.18190264701843262,0.10598089545965195,0.08475308120250702,0.2140188217163086,0.16257032752037048,0.09971681237220764,0.07574565708637238
861.0,0.0001,0.1,256.0,4.0,0.2445276975631714,0.18186624348163605,0.1064625233411789,0.07918096333742142,0.24828648567199707,0.1982066035270691,0.10809903591871262,0.0862952396273613
862.0,0.0001,0.1,256.0,4.0,0.342499315738678,0.2698627710342407,0.15049655735492706,0.11857956647872925,0.15477807819843292,0.12047263234853745,0.06801055371761322,0.05293650180101395
863.0,0.0001,0.1,256.0,4.0,0.11752520501613617,0.08570851385593414,0.05874431133270264,0.04284091293811798,0.18512845039367676,0.15413379669189453,0.09253540635108948,0.07704290747642517
864.0,0.0001,0.1,256.0,4.0,0.253731906414032,0.21446013450622559,0.11612387746572495,0.0981505960226059,0.37504684925079346,0.2728642523288727,0.17164531350135803,0.12488005310297012
865.0,0.0001,0.1,256.0,4.0,0.2660427689552307,0.2055276483297348,0.11688146740198135,0.09029516577720642,0.3444560170173645,0.2817344069480896,0.15133103728294373,0.12377534061670303
866.0,0.0001,0.1,256.0,4.0,0.20227934420108795,0.13758203387260437,0.09266084432601929,0.06302406638860703,0.27233484387397766,0.21053460240364075,0.12475212663412094,0.09644244611263275
867.0,0.0001,0.1,256.0,4.0,0.22998806834220886,0.18509921431541443,0.0963439792394638,0.07753963768482208,0.23568157851696014,0.17401278018951416,0.09872902929782867,0.07289544492959976
868.0,0.0001,0.1,256.0,4.0,0.2519579231739044,0.2009047269821167,0.11032543331384659,0.08797064423561096,0.1833757907152176,0.1300172060728073,0.08029521256685257,0.05693095922470093
869.0,0.0001,0.1,256.0,4.0,0.2664563059806824,0.2138967514038086,0.12247081100940704,0.09831295162439346,0.18940196931362152,0.13859052956104279,0.08705445379018784,0.06370009481906891
870.0,0.0001,0.1,256.0,4.0,0.25383931398391724,0.19591186940670013,0.10649055242538452,0.08218885213136673,0.3679361939430237,0.2500510811805725,0.15435640513896942,0.10490132123231888
871.0,0.0001,0.1,256.0,4.0,0.1839488297700882,0.1495978832244873,0.08855666220188141,0.07201944291591644,0.17138390243053436,0.14927278459072113,0.0825076699256897,0.07186293601989746
872.0,0.0001,0.1,256.0,4.0,0.18466630578041077,0.15037420392036438,0.08058537542819977,0.06562086939811707,0.2734512686729431,0.1903134435415268,0.11932971328496933,0.0830497071146965
873.0,0.0001,0.1,256.0,4.0,0.20205534994602203,0.16602689027786255,0.09576823562383652,0.07869182527065277,0.27574771642684937,0.14777301251888275,0.13069622218608856,0.0700400173664093
874.0,0.0001,0.1,256.0,4.0,0.1997777670621872,0.1564677506685257,0.09124782681465149,0.0714661180973053,0.1996636986732483,0.1616685688495636,0.09119575470685959,0.07384160161018372
875.0,0.0001,0.1,256.0,4.0,0.1589108109474182,0.1230560839176178,0.06995664536952972,0.05417247116565704,0.15877652168273926,0.12547463178634644,0.06989750266075134,0.05523715913295746
876.0,0.0001,0.1,256.0,4.0,0.1414787769317627,0.11385628581047058,0.06687844544649124,0.053821008652448654,0.2582676410675049,0.2083456814289093,0.12208570539951324,0.09848710894584656
877.0,0.0001,0.1,256.0,4.0,0.27387043833732605,0.2025100290775299,0.12323858588933945,0.09112720191478729,0.2617083489894867,0.17759689688682556,0.11776578426361084,0.0799165889620781
878.0,0.0001,0.1,256.0,4.0,0.24974100291728973,0.17138902842998505,0.12322720885276794,0.08456677198410034,0.205030158162117,0.1392441689968109,0.10116598755121231,0.06870585680007935
879.0,0.0001,0.1,256.0,4.0,0.18258225917816162,0.13576346635818481,0.08227924257516861,0.061180710792541504,0.24192625284194946,0.15133941173553467,0.10902215540409088,0.06819991767406464
880.0,0.0001,0.1,256.0,4.0,0.2332940250635147,0.18772177398204803,0.10100787878036499,0.08127673715353012,0.25283345580101013,0.21171797811985016,0.1094677671790123,0.09166623651981354
881.0,0.0001,0.1,256.0,4.0,0.20373894274234772,0.1777491569519043,0.10108910501003265,0.08819375932216644,0.24544553458690643,0.18466421961784363,0.12178264558315277,0.09162479639053345
882.0,0.0001,0.1,256.0,4.0,0.2084704488515854,0.16686727106571198,0.09908483922481537,0.0793110728263855,0.21156856417655945,0.18695354461669922,0.1005573496222496,0.0888579711318016
883.0,0.0001,0.1,256.0,4.0,0.266752153635025,0.2117685228586197,0.10621654242277145,0.08432291448116302,0.24624359607696533,0.16114257276058197,0.09805034101009369,0.06416443735361099
884.0,0.0001,0.1,256.0,4.0,0.2115786075592041,0.1309494972229004,0.0990532636642456,0.0613057017326355,0.15697799623012543,0.12846875190734863,0.07349127531051636,0.060144297778606415
885.0,0.0001,0.1,256.0,4.0,0.3064793348312378,0.17538848519325256,0.1411062777042389,0.08075067400932312,0.18726055324077606,0.14291870594024658,0.08621670305728912,0.06580126285552979
886.0,0.0001,0.1,256.0,4.0,0.1934097707271576,0.16016094386577606,0.09351596236228943,0.07743975520133972,0.2862476110458374,0.22125843167304993,0.13840420544147491,0.10698114335536957
887.0,0.0001,0.1,256.0,4.0,0.2840001583099365,0.1770039200782776,0.12471356242895126,0.07772809267044067,0.27141642570495605,0.20142647624015808,0.11918764561414719,0.08845281600952148
888.0,0.0001,0.1,256.0,4.0,0.3158217966556549,0.25011080503463745,0.13360999524593353,0.10581061989068985,0.23294799029827118,0.20885947346687317,0.09854982048273087,0.0883590504527092
889.0,0.0001,0.1,256.0,4.0,0.302726686000824,0.2054760754108429,0.12808291614055634,0.08693641424179077,0.2634942829608917,0.16745340824127197,0.11148376762866974,0.07084912061691284
