seed,learning_rate,dropout,d_main,num_blocks,val_rmse_scaled,val_mae_scaled,val_rmse_raw,val_mae_raw,test_rmse_scaled,test_mae_scaled,test_rmse_raw,test_mae_raw
860.0,0.0001,0.0,64.0,3.0,0.3150547742843628,0.22230057418346405,0.14679206907749176,0.10357549041509628,0.26730290055274963,0.21120226383209229,0.12454322725534439,0.09840451180934906
861.0,0.0001,0.0,64.0,3.0,0.3115183115005493,0.27854013442993164,0.13562889397144318,0.12127086520195007,0.30295875668525696,0.281736820936203,0.13190226256847382,0.12266266345977783
862.0,0.0001,0.0,64.0,3.0,0.3744117319583893,0.2435789853334427,0.1645190715789795,0.10703028738498688,0.17010612785816193,0.12988150119781494,0.07474580407142639,0.05707083269953728
863.0,0.0001,0.0,64.0,3.0,0.2624511420726776,0.22833065688610077,0.13118471205234528,0.11412979662418365,0.2896006107330322,0.25180599093437195,0.14475522935390472,0.12586379051208496
864.0,0.0001,0.0,64.0,3.0,0.24288994073867798,0.21978320181369781,0.11116189509630203,0.10058678686618805,0.30226731300354004,0.22621598839759827,0.13833676278591156,0.10353083908557892
865.0,0.0001,0.0,64.0,3.0,0.30205437541007996,0.18757964670658112,0.13270257413387299,0.08241000771522522,0.4061410427093506,0.3019571602344513,0.17843136191368103,0.1326598823070526
866.0,0.0001,0.0,64.0,3.0,0.23692992329597473,0.21043294668197632,0.10853369534015656,0.09639586508274078,0.3232579529285431,0.26798364520072937,0.14807914197444916,0.1227588951587677
867.0,0.0001,0.0,64.0,3.0,0.3122522234916687,0.22498096525669098,0.1308051496744156,0.09424646943807602,0.4438340365886688,0.2772360146045685,0.18592587113380432,0.11613653600215912
868.0,0.0001,0.0,64.0,3.0,0.2574586570262909,0.19838976860046387,0.11273404955863953,0.08686941862106323,0.17257244884967804,0.1299310028553009,0.07556472718715668,0.05689319968223572
869.0,0.0001,0.0,64.0,3.0,0.2331816852092743,0.20801842212677002,0.10717684775590897,0.09561111032962799,0.2079153060913086,0.1816464066505432,0.09556370973587036,0.08348977565765381
870.0,0.0001,0.0,64.0,3.0,0.22057950496673584,0.17102614045143127,0.09253740310668945,0.07174881547689438,0.3404037356376648,0.25631964206695557,0.1428060084581375,0.1075311005115509
871.0,0.0001,0.0,64.0,3.0,0.16513513028621674,0.13335910439491272,0.07949937134981155,0.06420177221298218,0.10778549313545227,0.09509378671646118,0.05189010873436928,0.04578006640076637
872.0,0.0001,0.0,64.0,3.0,0.19245265424251556,0.14696046710014343,0.08398323506116867,0.06413117051124573,0.26985377073287964,0.19268520176410675,0.1177598312497139,0.08408471196889877
873.0,0.0001,0.0,64.0,3.0,0.23490867018699646,0.16148391366004944,0.1113397404551506,0.0765385776758194,0.2593882083892822,0.14235924184322357,0.12294230610132217,0.06747405230998993
874.0,0.0001,0.0,64.0,3.0,0.20425009727478027,0.15854158997535706,0.0932905524969101,0.07241334021091461,0.22521716356277466,0.17096415162086487,0.10286720842123032,0.07808732986450195
875.0,0.0001,0.0,64.0,3.0,0.2321375608444214,0.17939279973506927,0.1021929457783699,0.07897333800792694,0.1452525407075882,0.12240773439407349,0.06394391506910324,0.05388703569769859
876.0,0.0001,0.0,64.0,3.0,0.2734449505805969,0.2261541485786438,0.12926019728183746,0.10690535604953766,0.2926396429538727,0.2420969009399414,0.1383337378501892,0.11444166302680969
877.0,0.0001,0.0,64.0,3.0,0.32379862666130066,0.2375473529100418,0.1457056701183319,0.10689358413219452,0.25191786885261536,0.16599881649017334,0.11336018145084381,0.0746975839138031
878.0,0.0001,0.0,64.0,3.0,0.21897314488887787,0.15641199052333832,0.10804574936628342,0.07717680931091309,0.2088959515094757,0.11783052235841751,0.10307343304157257,0.05813992768526077
879.0,0.0001,0.0,64.0,3.0,0.21794643998146057,0.17627058923244476,0.09821584075689316,0.07943494617938995,0.3094211518764496,0.24966181814670563,0.13943816721439362,0.11250810325145721
880.0,0.0001,0.0,64.0,3.0,0.2306859791278839,0.19091525673866272,0.09987866878509521,0.08265939354896545,0.2956759035587311,0.24230213463306427,0.12801697850227356,0.10490807890892029
881.0,0.0001,0.0,64.0,3.0,0.2504023015499115,0.2186833918094635,0.12424205988645554,0.10850410163402557,0.24833860993385315,0.1988172084093094,0.1232181191444397,0.0986470952630043
882.0,0.0001,0.0,64.0,3.0,0.2694542706012726,0.23790520429611206,0.12807011604309082,0.11307500302791595,0.32379794120788574,0.2687891721725464,0.15389932692050934,0.12775397300720215
883.0,0.0001,0.0,64.0,3.0,0.3349777162075043,0.24667973816394806,0.1333828866481781,0.09822401404380798,0.3848683834075928,0.25693973898887634,0.15324857831001282,0.10230937600135803
884.0,0.0001,0.0,64.0,3.0,0.19894319772720337,0.15874353051185608,0.09313782304525375,0.0743178278207779,0.28777995705604553,0.20336124300956726,0.13472791016101837,0.09520620107650757
885.0,0.0001,0.0,64.0,3.0,0.29846295714378357,0.21297886967658997,0.13741543889045715,0.09805767983198166,0.22921030223369598,0.15553095936775208,0.10553078353404999,0.07160806655883789
886.0,0.0001,0.0,64.0,3.0,0.23866987228393555,0.21470887959003448,0.11539976298809052,0.10381433367729187,0.20912989974021912,0.18355098366737366,0.1011168360710144,0.08874912559986115
887.0,0.0001,0.0,64.0,3.0,0.31250375509262085,0.23342007398605347,0.13723041117191315,0.1025022342801094,0.29364490509033203,0.25289806723594666,0.1289488971233368,0.1110556572675705
888.0,0.0001,0.0,64.0,3.0,0.29112672805786133,0.15020063519477844,0.12316261976957321,0.06354313343763351,0.28117334842681885,0.1885106861591339,0.11895179748535156,0.07975039631128311
889.0,0.0001,0.0,64.0,3.0,0.36237195134162903,0.2292386144399643,0.15331868827342987,0.09699028730392456,0.28619909286499023,0.18044786155223846,0.1210901290178299,0.07634704560041428
860.0,0.0001,0.0,128.0,2.0,0.27958157658576965,0.24436378479003906,0.13026417791843414,0.11385531723499298,0.2452859729528427,0.221014142036438,0.11428496986627579,0.10297610610723495
861.0,0.0001,0.0,128.0,2.0,0.30043455958366394,0.2201659083366394,0.13080324232578278,0.09585587680339813,0.25723809003829956,0.21170863509178162,0.11199638247489929,0.0921737551689148
862.0,0.0001,0.0,128.0,2.0,0.45118826627731323,0.359321653842926,0.19825522601604462,0.15788839757442474,0.17106549441814423,0.1404356062412262,0.07516735792160034,0.06170837581157684
863.0,0.0001,0.0,128.0,2.0,0.14966146647930145,0.11502611637115479,0.07480744272470474,0.05749514698982239,0.17103564739227295,0.12706418335437775,0.08549119532108307,0.06351231038570404
864.0,0.0001,0.0,128.0,2.0,0.2527259588241577,0.18584966659545898,0.11566350609064102,0.08505665510892868,0.33604922890663147,0.2015281319618225,0.15379750728607178,0.09223209321498871
865.0,0.0001,0.0,128.0,2.0,0.17947730422019958,0.1360475867986679,0.07885035872459412,0.059770237654447556,0.34671637415885925,0.2604040801525116,0.15232409536838531,0.11440421640872955
866.0,0.0001,0.0,128.0,2.0,0.18509139120578766,0.14506186544895172,0.08478730916976929,0.06645043939352036,0.29897066950798035,0.23617948591709137,0.13695354759693146,0.10818994790315628
867.0,0.0001,0.0,128.0,2.0,0.30848008394241333,0.20139086246490479,0.129224956035614,0.08436436951160431,0.27434203028678894,0.17795416712760925,0.11492423713207245,0.07454653084278107
868.0,0.0001,0.0,128.0,2.0,0.25004830956459045,0.20362117886543274,0.10948926210403442,0.08916011452674866,0.2634347379207611,0.18385067582130432,0.11535083502531052,0.08050314337015152
869.0,0.0001,0.0,128.0,2.0,0.2605622112751007,0.16247327625751495,0.11976167559623718,0.07467727363109589,0.12621845304965973,0.09218162298202515,0.05801355093717575,0.04236927255988121
870.0,0.0001,0.0,128.0,2.0,0.18324673175811768,0.1397770494222641,0.07687558978796005,0.05863920599222183,0.2740475833415985,0.19319263100624084,0.11496830731630325,0.08104808628559113
871.0,0.0001,0.0,128.0,2.0,0.17365099489688873,0.14643150568008423,0.08359909057617188,0.07049508392810822,0.15877872705459595,0.13790932297706604,0.0764392837882042,0.06639233231544495
872.0,0.0001,0.0,128.0,2.0,0.15386106073856354,0.11344736814498901,0.06714249402284622,0.04950661584734917,0.30142638087272644,0.20109310746192932,0.13153760135173798,0.0877537876367569
873.0,0.0001,0.0,128.0,2.0,0.15991482138633728,0.12818259000778198,0.07579489797353745,0.06075476109981537,0.24255552887916565,0.15707747638225555,0.11496412009000778,0.0744500607252121
874.0,0.0001,0.0,128.0,2.0,0.2489786595106125,0.19545122981071472,0.11372020095586777,0.08927171677350998,0.21275444328784943,0.1882798671722412,0.09717489033937454,0.08599621802568436
875.0,0.0001,0.0,128.0,2.0,0.15378139913082123,0.11851837486028671,0.06769853085279465,0.05217483267188072,0.19918027520179749,0.1618073582649231,0.08768429607152939,0.07123178243637085
876.0,0.0001,0.0,128.0,2.0,0.14613167941570282,0.11798597127199173,0.06907792389392853,0.055773161351680756,0.24607059359550476,0.16575822234153748,0.11632006615400314,0.07835559546947479
877.0,0.0001,0.0,128.0,2.0,0.3033311069011688,0.20531876385211945,0.13649551570415497,0.09239110350608826,0.2792055606842041,0.22906439006328583,0.12563933432102203,0.10307638347148895
878.0,0.0001,0.0,128.0,2.0,0.23699074983596802,0.17338493466377258,0.11693599075078964,0.08555160462856293,0.24039800465106964,0.14996731281280518,0.11861720681190491,0.0739968791604042
879.0,0.0001,0.0,128.0,2.0,0.19059455394744873,0.1616731584072113,0.08588990569114685,0.07285671681165695,0.21194402873516083,0.17644834518432617,0.09551090002059937,0.07951505482196808
880.0,0.0001,0.0,128.0,2.0,0.29865676164627075,0.2101789116859436,0.1293075680732727,0.09099987149238586,0.29320839047431946,0.19889694452285767,0.12694865465164185,0.08611519634723663
881.0,0.0001,0.0,128.0,2.0,0.16670070588588715,0.13152682781219482,0.0827118456363678,0.06525963544845581,0.2445727288722992,0.20083272457122803,0.12134958803653717,0.09964711964130402
882.0,0.0001,0.0,128.0,2.0,0.19098056852817535,0.1744227558374405,0.09077198803424835,0.08290214836597443,0.17168764770030975,0.15204790234565735,0.08160216361284256,0.07226750254631042
883.0,0.0001,0.0,128.0,2.0,0.4016973674297333,0.24947911500930786,0.15994961559772491,0.09933869540691376,0.4855763614177704,0.29317358136177063,0.19334889948368073,0.11673713475465775
884.0,0.0001,0.0,128.0,2.0,0.21993674337863922,0.15326711535453796,0.10296623408794403,0.07175398617982864,0.2219238579273224,0.1696529984474182,0.10389652103185654,0.07942523062229156
885.0,0.0001,0.0,128.0,2.0,0.3386147618293762,0.30783069133758545,0.15590175986289978,0.1417284458875656,0.2603527009487152,0.244707390666008,0.11986910551786423,0.11266583204269409
886.0,0.0001,0.0,128.0,2.0,0.15901096165180206,0.11748704314231873,0.0768837258219719,0.056806400418281555,0.24754464626312256,0.210966557264328,0.11969082802534103,0.10200488567352295
887.0,0.0001,0.0,128.0,2.0,0.2949674129486084,0.19914108514785767,0.12952964007854462,0.08744923770427704,0.2635965645313263,0.2071378231048584,0.11575370281934738,0.09096086025238037
888.0,0.0001,0.0,128.0,2.0,0.2831760048866272,0.2194780707359314,0.11979902535676956,0.09285128861665726,0.2497829645872116,0.19683250784873962,0.1056719422340393,0.08327098190784454
889.0,0.0001,0.0,128.0,2.0,0.26771217584609985,0.1824835240840912,0.11326837539672852,0.07720833271741867,0.25310218334198,0.18776167929172516,0.1070868968963623,0.07944150269031525
860.0,0.0001,0.0,128.0,3.0,0.3449511229991913,0.2649654448032379,0.16072151064872742,0.12345413863658905,0.22534945607185364,0.1825428307056427,0.10499604791402817,0.08505135774612427
861.0,0.0001,0.0,128.0,3.0,0.2801320552825928,0.19828705489635468,0.12196394801139832,0.08633024990558624,0.2481655776500702,0.20156653225421906,0.10804639011621475,0.08775807917118073
862.0,0.0001,0.0,128.0,3.0,0.5259758830070496,0.3570086658000946,0.2311173975467682,0.15687206387519836,0.1277080625295639,0.08191126585006714,0.056115809828042984,0.03599238395690918
863.0,0.0001,0.0,128.0,3.0,0.13054291903972626,0.11089685559272766,0.06525114178657532,0.05543116480112076,0.2031705230474472,0.16645748913288116,0.10155362635850906,0.08320282399654388
864.0,0.0001,0.0,128.0,3.0,0.1959804743528366,0.18119534850120544,0.08969312906265259,0.08292652666568756,0.30016785860061646,0.24030664563179016,0.13737590610980988,0.10997960716485977
865.0,0.0001,0.0,128.0,3.0,0.2438163459300995,0.16603663563728333,0.10711665451526642,0.07294543087482452,0.3649371564388275,0.28434500098228455,0.16032908856868744,0.1249222606420517
866.0,0.0001,0.0,128.0,3.0,0.21836987137794495,0.1748046725988388,0.10003163665533066,0.08007512986660004,0.2779000401496887,0.2101459950208664,0.12730145454406738,0.09626443684101105
867.0,0.0001,0.0,128.0,3.0,0.25306588411331177,0.1766616702079773,0.10601149499416351,0.07400509715080261,0.28980928659439087,0.2035732865333557,0.12140358984470367,0.08527858555316925
868.0,0.0001,0.0,128.0,3.0,0.27682867646217346,0.21611028909683228,0.12121564894914627,0.09462874382734299,0.19390688836574554,0.1569640040397644,0.08490648120641708,0.06873020529747009
869.0,0.0001,0.0,128.0,3.0,0.2361556589603424,0.17880967259407043,0.1085437685251236,0.08218593895435333,0.1920362412929535,0.15682709217071533,0.08826523274183273,0.07208213210105896
870.0,0.0001,0.0,128.0,3.0,0.2050846517086029,0.1644282191991806,0.08603701740503311,0.0689808577299118,0.339864045381546,0.21917209029197693,0.1425796002149582,0.09194696694612503
871.0,0.0001,0.0,128.0,3.0,0.1969367265701294,0.17123305797576904,0.09480930119752884,0.08243504166603088,0.11675574630498886,0.09831257909536362,0.056208573281764984,0.04732965677976608
872.0,0.0001,0.0,128.0,3.0,0.13432447612285614,0.10863236337900162,0.05861702933907509,0.04740540683269501,0.19809451699256897,0.16725631058216095,0.08644522726535797,0.07298794388771057
873.0,0.0001,0.0,128.0,3.0,0.19898875057697296,0.14473506808280945,0.09431476145982742,0.068600133061409,0.26143330335617065,0.17020633816719055,0.12391163408756256,0.08067275583744049
874.0,0.0001,0.0,128.0,3.0,0.23096846044063568,0.2063288688659668,0.10549408942461014,0.09424002468585968,0.2864784896373749,0.23759464919567108,0.13084813952445984,0.10852059721946716
875.0,0.0001,0.0,128.0,3.0,0.3002440333366394,0.2012597918510437,0.13217517733573914,0.08859975636005402,0.3146829307079315,0.21163088083267212,0.13853153586387634,0.09316538274288177
876.0,0.0001,0.0,128.0,3.0,0.18241770565509796,0.14824354648590088,0.08623068779706955,0.07007621973752975,0.1869373768568039,0.15970337390899658,0.08836719393730164,0.07549339532852173
877.0,0.0001,0.0,128.0,3.0,0.4127429127693176,0.2807702422142029,0.18572959303855896,0.12634339928627014,0.3048285245895386,0.2503811717033386,0.13716936111450195,0.11266869306564331
878.0,0.0001,0.0,128.0,3.0,0.2235572189092636,0.18948635458946228,0.11030761897563934,0.09349636733531952,0.262715607881546,0.22015979886054993,0.12962915003299713,0.10863126069307327
879.0,0.0001,0.0,128.0,3.0,0.22159336507320404,0.16734808683395386,0.09985928982496262,0.07541409134864807,0.2417309731245041,0.19285252690315247,0.10893414914608002,0.08690746128559113
880.0,0.0001,0.0,128.0,3.0,0.3537304997444153,0.26327961683273315,0.15315252542495728,0.11399056017398834,0.2372070848941803,0.20312118530273438,0.10270209610462189,0.0879441350698471
881.0,0.0001,0.0,128.0,3.0,0.20458556711673737,0.16211974620819092,0.10150916874408722,0.08043891191482544,0.25582459568977356,0.20737290382385254,0.12693244218826294,0.10289217531681061
882.0,0.0001,0.0,128.0,3.0,0.2036340981721878,0.17550647258758545,0.09678614884614944,0.08341724425554276,0.19969871640205383,0.164269357919693,0.09491567313671112,0.0780763030052185
883.0,0.0001,0.0,128.0,3.0,0.3444198966026306,0.2224680483341217,0.13714264333248138,0.08858329802751541,0.4049067795276642,0.2554062306880951,0.1612275093793869,0.10169874876737595
884.0,0.0001,0.0,128.0,3.0,0.20278072357177734,0.15178462862968445,0.09493443369865417,0.071059949696064,0.21757207810878754,0.16885758936405182,0.1018591821193695,0.0790528655052185
885.0,0.0001,0.0,128.0,3.0,0.28509390354156494,0.192378431558609,0.1312602162361145,0.08857303112745285,0.2688879668712616,0.222501739859581,0.12379879504442215,0.10244210064411163
886.0,0.0001,0.0,128.0,3.0,0.1701631247997284,0.13809312880039215,0.08227594196796417,0.06676970422267914,0.2535308599472046,0.1873561441898346,0.122585229575634,0.09058895707130432
887.0,0.0001,0.0,128.0,3.0,0.2609146237373352,0.1761516034603119,0.11457597464323044,0.07735380530357361,0.2412998527288437,0.16356733441352844,0.10596249997615814,0.07182765752077103
888.0,0.0001,0.0,128.0,3.0,0.30200010538101196,0.17388561367988586,0.12776264548301697,0.07356317341327667,0.2628626525402069,0.21749626100063324,0.11120536923408508,0.09201288968324661
889.0,0.0001,0.0,128.0,3.0,0.3403957188129425,0.23264944553375244,0.14402060210704803,0.09843340516090393,0.28616392612457275,0.1920894831418991,0.12107522785663605,0.08127257972955704
860.0,0.0001,0.0,128.0,4.0,0.2989548444747925,0.22272315621376038,0.1392906904220581,0.10377238690853119,0.23781011998653412,0.17264680564403534,0.1108018085360527,0.08044055104255676
861.0,0.0001,0.0,128.0,4.0,0.21851150691509247,0.18302041292190552,0.09513557702302933,0.07968345284461975,0.20489384233951569,0.14123526215553284,0.08920673280954361,0.06149103865027428
862.0,0.0001,0.0,128.0,4.0,0.46047645807266235,0.3353172540664673,0.20233651995658875,0.14734071493148804,0.16692373156547546,0.1304316222667694,0.07334744930267334,0.05731256306171417
863.0,0.0001,0.0,128.0,4.0,0.09125261753797531,0.06683139503002167,0.04561210796236992,0.03340529277920723,0.16859297454357147,0.1339852660894394,0.08427024632692337,0.0669717788696289
864.0,0.0001,0.0,128.0,4.0,0.264833927154541,0.19527199864387512,0.12120485305786133,0.08936889469623566,0.3283892273902893,0.22890782356262207,0.1502918004989624,0.10476277768611908
865.0,0.0001,0.0,128.0,4.0,0.23972879350185394,0.18002749979496002,0.10532085597515106,0.07909209281206131,0.3392135798931122,0.2518622875213623,0.14902785420417786,0.11065153032541275
866.0,0.0001,0.0,128.0,4.0,0.24240106344223022,0.1947631537914276,0.11103992909193039,0.08921778202056885,0.3086318075656891,0.2542276680469513,0.14137917757034302,0.11645752191543579
867.0,0.0001,0.0,128.0,4.0,0.24051742255687714,0.20587362349033356,0.10075480490922928,0.08624222129583359,0.27607494592666626,0.16991132497787476,0.11565017700195312,0.07117732614278793
868.0,0.0001,0.0,128.0,4.0,0.2897132933139801,0.23971599340438843,0.12685748934745789,0.10496504604816437,0.20662076771259308,0.15911109745502472,0.09047354757785797,0.06967036426067352
869.0,0.0001,0.0,128.0,4.0,0.22401487827301025,0.17329461872577667,0.10296354442834854,0.07965107262134552,0.15873883664608002,0.12210934609174728,0.07296082377433777,0.056124888360500336
870.0,0.0001,0.0,128.0,4.0,0.23514051735401154,0.18571163713932037,0.09864605218172073,0.07790966331958771,0.37555035948753357,0.2995012104511261,0.15755070745944977,0.12564660608768463
871.0,0.0001,0.0,128.0,4.0,0.18932858109474182,0.16745686531066895,0.09114658832550049,0.08061710000038147,0.14373718202114105,0.11997874826192856,0.06919798254966736,0.057760197669267654
872.0,0.0001,0.0,128.0,4.0,0.24363134801387787,0.19123944640159607,0.10631679743528366,0.08345380425453186,0.2806200087070465,0.2193892002105713,0.12245804071426392,0.09573791176080704
873.0,0.0001,0.0,128.0,4.0,0.14813481271266937,0.13076771795749664,0.0702115073800087,0.061980023980140686,0.18743851780891418,0.15380063652992249,0.08884028345346451,0.07289692759513855
874.0,0.0001,0.0,128.0,4.0,0.22498083114624023,0.17965418100357056,0.10275926440954208,0.08205646276473999,0.18083831667900085,0.14969231188297272,0.08259732276201248,0.0683714970946312
875.0,0.0001,0.0,128.0,4.0,0.24088916182518005,0.20451544225215912,0.10604561120271683,0.09003296494483948,0.23901484906673431,0.1957552433013916,0.1052204966545105,0.08617649972438812
876.0,0.0001,0.0,128.0,4.0,0.15688692033290863,0.13083288073539734,0.07416202872991562,0.061846017837524414,0.21379727125167847,0.1692298948764801,0.10106412321329117,0.07999667525291443
877.0,0.0001,0.0,128.0,4.0,0.29396769404411316,0.22380001842975616,0.1322821080684662,0.10070744901895523,0.3042912781238556,0.23275479674339294,0.13692760467529297,0.10473701357841492
878.0,0.0001,0.0,128.0,4.0,0.19222581386566162,0.1531653106212616,0.09484806656837463,0.07557482272386551,0.17069599032402039,0.12014798820018768,0.08422482758760452,0.05928342789411545
879.0,0.0001,0.0,128.0,4.0,0.15945127606391907,0.13709400594234467,0.07185547053813934,0.06178034096956253,0.28454169631004333,0.19658628106117249,0.12822645902633667,0.08859004825353622
880.0,0.0001,0.0,128.0,4.0,0.27829185128211975,0.19928357005119324,0.12049029767513275,0.08628258109092712,0.2112489640712738,0.1470452845096588,0.09146317094564438,0.06366529315710068
881.0,0.0001,0.0,128.0,4.0,0.21915748715400696,0.19313141703605652,0.10873930901288986,0.09582597017288208,0.28930890560150146,0.2211688607931137,0.14354631304740906,0.10973728448152542
882.0,0.0001,0.0,128.0,4.0,0.180223286151886,0.13639429211616516,0.08565910905599594,0.06482743471860886,0.20818741619586945,0.16208882629871368,0.09895031154155731,0.07703990489244461
883.0,0.0001,0.0,128.0,4.0,0.31014326214790344,0.2357051521539688,0.12349420040845871,0.09385409951210022,0.3486412465572357,0.23926007747650146,0.138823464512825,0.09526960551738739
884.0,0.0001,0.0,128.0,4.0,0.23200459778308868,0.1850479245185852,0.10861596465110779,0.08663259446620941,0.18760867416858673,0.15191049873828888,0.08783142268657684,0.07111886143684387
885.0,0.0001,0.0,128.0,4.0,0.33295056223869324,0.231401264667511,0.15329387784004211,0.1065395176410675,0.2250467985868454,0.17257331311702728,0.10361387580633163,0.07945454120635986
886.0,0.0001,0.0,128.0,4.0,0.22216178476810455,0.16813620924949646,0.10741791129112244,0.08129589259624481,0.2870151698589325,0.22550112009048462,0.1387753039598465,0.1090325117111206
887.0,0.0001,0.0,128.0,4.0,0.24557141959667206,0.16815905272960663,0.10783828049898148,0.07384402304887772,0.34416672587394714,0.22592765092849731,0.1511346399784088,0.09921208024024963
888.0,0.0001,0.0,128.0,4.0,0.2922651469707489,0.21661803126335144,0.12364424020051956,0.09164134413003922,0.23480655252933502,0.20010942220687866,0.09933608770370483,0.08465729653835297
889.0,0.0001,0.0,128.0,4.0,0.31565576791763306,0.22261270880699158,0.13355319201946259,0.09418690204620361,0.24860616028308868,0.18293988704681396,0.1051846370100975,0.07740139961242676
860.0,0.0001,0.0,256.0,3.0,0.27098146080970764,0.19413602352142334,0.12625716626644135,0.09045291692018509,0.2137535661458969,0.15238544344902039,0.09959322959184647,0.07100026309490204
861.0,0.0001,0.0,256.0,3.0,0.28126952052116394,0.20442837476730347,0.12245918810367584,0.08900406956672668,0.24870432913303375,0.18698355555534363,0.10828094184398651,0.08140894770622253
862.0,0.0001,0.0,256.0,3.0,0.4178105890750885,0.3100607693195343,0.18358884751796722,0.1362428367137909,0.1750314086675644,0.143976092338562,0.07691001147031784,0.06326407939195633
863.0,0.0001,0.0,256.0,3.0,0.14282436668872833,0.1045253723859787,0.07138995826244354,0.052246421575546265,0.16432064771652222,0.11889192461967468,0.08213473856449127,0.05942745506763458
864.0,0.0001,0.0,256.0,3.0,0.15145249664783478,0.12046708166599274,0.06931428611278534,0.0551333948969841,0.34427571296691895,0.25586897134780884,0.1575624793767929,0.11710191518068314
865.0,0.0001,0.0,256.0,3.0,0.16943469643592834,0.15015128254890442,0.07443831861019135,0.06596647202968597,0.3891148269176483,0.30886220932006836,0.17095115780830383,0.1356934905052185
866.0,0.0001,0.0,256.0,3.0,0.16886118054389954,0.11502085626125336,0.07735250890254974,0.05268915742635727,0.29842501878738403,0.22811909019947052,0.13670362532138824,0.10449761152267456
867.0,0.0001,0.0,256.0,3.0,0.2191651463508606,0.17125922441482544,0.0918101817369461,0.0717419683933258,0.29946520924568176,0.19360367953777313,0.125448539853096,0.08110225200653076
868.0,0.0001,0.0,256.0,3.0,0.2765578329563141,0.22504471242427826,0.12109705060720444,0.09854088723659515,0.21076978743076324,0.16297577321529388,0.09229028970003128,0.07136260718107224
869.0,0.0001,0.0,256.0,3.0,0.19809363782405853,0.13686472177505493,0.09104940295219421,0.06290687620639801,0.14569483697414398,0.11152222007513046,0.06696543842554092,0.05125875771045685
870.0,0.0001,0.0,256.0,3.0,0.15362198650836945,0.11087857931852341,0.06444742530584335,0.04651573300361633,0.2853620946407318,0.17239515483379364,0.11971497535705566,0.07232313603162766
871.0,0.0001,0.0,256.0,3.0,0.17865405976772308,0.15183348953723907,0.08600766956806183,0.07309570163488388,0.14169977605342865,0.11042200773954391,0.06821712851524353,0.05315938591957092
872.0,0.0001,0.0,256.0,3.0,0.1685912162065506,0.13768813014030457,0.07357047498226166,0.06008487194776535,0.298138290643692,0.20051881670951843,0.1301027089357376,0.08750316500663757
873.0,0.0001,0.0,256.0,3.0,0.1703851968050003,0.12822160124778748,0.08075752854347229,0.06077323108911514,0.20604602992534637,0.13659004867076874,0.09765969216823578,0.0647396370768547
874.0,0.0001,0.0,256.0,3.0,0.18210317194461823,0.14970308542251587,0.08317502588033676,0.06837639212608337,0.2046470046043396,0.1635160744190216,0.09347186982631683,0.07468544691801071
875.0,0.0001,0.0,256.0,3.0,0.1737198382616043,0.13670623302459717,0.07647595554590225,0.06018161028623581,0.3316059708595276,0.2277940809726715,0.14598150551319122,0.10028082132339478
876.0,0.0001,0.0,256.0,3.0,0.18384577333927155,0.1543629765510559,0.08690575510263443,0.07296893000602722,0.1885436475276947,0.1429470181465149,0.08912649750709534,0.06757250428199768
877.0,0.0001,0.0,256.0,3.0,0.2810991406440735,0.20385980606079102,0.12649139761924744,0.09173458814620972,0.2635083794593811,0.18499282002449036,0.11857576668262482,0.08324465900659561
878.0,0.0001,0.0,256.0,3.0,0.17932865023612976,0.13417145609855652,0.08848436176776886,0.06620289385318756,0.174970805644989,0.1288779377937317,0.08633410185575485,0.06359094381332397
879.0,0.0001,0.0,256.0,3.0,0.15921832621097565,0.1342032551765442,0.07175047695636749,0.06047762930393219,0.2611555755138397,0.19920125603675842,0.11768768727779388,0.08976847678422928
880.0,0.0001,0.0,256.0,3.0,0.23384645581245422,0.18883199989795685,0.10124704986810684,0.08175742626190186,0.21139295399188995,0.17781490087509155,0.09152550995349884,0.07698743045330048
881.0,0.0001,0.0,256.0,3.0,0.19995804131031036,0.1661549210548401,0.0992131307721138,0.0824410542845726,0.27252504229545593,0.18605156242847443,0.13521867990493774,0.09231314808130264
882.0,0.0001,0.0,256.0,3.0,0.24193421006202698,0.18073733150959015,0.11498996615409851,0.08590343594551086,0.1720605492591858,0.14976286888122559,0.08177939802408218,0.07118143141269684
883.0,0.0001,0.0,256.0,3.0,0.28953054547309875,0.19724519550800323,0.11528655886650085,0.07853996008634567,0.31913256645202637,0.23092666268348694,0.12707360088825226,0.091951385140419
884.0,0.0001,0.0,256.0,3.0,0.25226902961730957,0.1522091031074524,0.1181030347943306,0.07125867158174515,0.18489600718021393,0.14642858505249023,0.08656144887208939,0.06855243444442749
885.0,0.0001,0.0,256.0,3.0,0.23547127842903137,0.17590521275997162,0.10841342806816101,0.08098858594894409,0.19379574060440063,0.13448286056518555,0.08922556787729263,0.06191730871796608
886.0,0.0001,0.0,256.0,3.0,0.17576240003108978,0.14052170515060425,0.08498324453830719,0.06794394552707672,0.2683423161506653,0.20944754779338837,0.12974674999713898,0.10127042233943939
887.0,0.0001,0.0,256.0,3.0,0.2357051521539688,0.14999887347221375,0.1035056859254837,0.06586930900812149,0.3420690894126892,0.20754602551460266,0.15021349489688873,0.09114011377096176
888.0,0.0001,0.0,256.0,3.0,0.34044551849365234,0.20870700478553772,0.14402718842029572,0.08829455077648163,0.25935983657836914,0.20849764347076416,0.10972347855567932,0.0882059782743454
889.0,0.0001,0.0,256.0,3.0,0.2681802809238434,0.17191040515899658,0.11346643418073654,0.07273486256599426,0.20447249710559845,0.1378926783800125,0.08651179820299149,0.05834205448627472
860.0,0.0001,0.1,64.0,3.0,0.21188727021217346,0.15092773735523224,0.09872367233037949,0.07032106816768646,0.2676894962787628,0.20221617817878723,0.12472335249185562,0.09421766549348831
861.0,0.0001,0.1,64.0,3.0,0.24314720928668976,0.18171443045139313,0.10586148500442505,0.0791148692369461,0.2216307818889618,0.15891066193580627,0.09649365395307541,0.06918656826019287
862.0,0.0001,0.1,64.0,3.0,0.3594362437725067,0.24577441811561584,0.15793876349925995,0.10799495875835419,0.11565834283828735,0.09516599029302597,0.05082106962800026,0.0418165922164917
863.0,0.0001,0.1,64.0,3.0,0.19325780868530273,0.17112667858600616,0.09659881144762039,0.08553668856620789,0.2215452939271927,0.19710887968540192,0.11073815822601318,0.09852376580238342
864.0,0.0001,0.1,64.0,3.0,0.34804829955101013,0.22584281861782074,0.15928906202316284,0.10336004942655563,0.42299360036849976,0.2871971130371094,0.1935887634754181,0.13143965601921082
865.0,0.0001,0.1,64.0,3.0,0.28295040130615234,0.20382919907569885,0.12430956959724426,0.0895489826798439,0.3601545989513397,0.2539367079734802,0.15822796523571014,0.11156287789344788
866.0,0.0001,0.1,64.0,3.0,0.20456969738006592,0.1747855842113495,0.09371000528335571,0.08006638288497925,0.26872920989990234,0.22544100880622864,0.12310045212507248,0.10327082872390747
867.0,0.0001,0.1,64.0,3.0,0.21416422724723816,0.1652531623840332,0.08971524238586426,0.0692259669303894,0.3329489827156067,0.21150487661361694,0.13947518169879913,0.08860121667385101
868.0,0.0001,0.1,64.0,3.0,0.3673498034477234,0.2798876464366913,0.1608523428440094,0.12255507707595825,0.25509047508239746,0.19992582499980927,0.11169709265232086,0.08754201978445053
869.0,0.0001,0.1,64.0,3.0,0.2423771172761917,0.208394393324852,0.11140333116054535,0.09578392654657364,0.28076863288879395,0.25577276945114136,0.129049152135849,0.11756036430597305
870.0,0.0001,0.1,64.0,3.0,0.23711304366588593,0.20402318239212036,0.09947356581687927,0.08559171855449677,0.36825457215309143,0.3043878674507141,0.15448997914791107,0.1276966631412506
871.0,0.0001,0.1,64.0,3.0,0.19875475764274597,0.148281067609787,0.09568452835083008,0.07138548791408539,0.12364530563354492,0.09792114049196243,0.05952535197138786,0.04714121297001839
872.0,0.0001,0.1,64.0,3.0,0.2291032075881958,0.17442664504051208,0.09997694939374924,0.07611697912216187,0.387609601020813,0.2361186444759369,0.1691465675830841,0.10303836315870285
873.0,0.0001,0.1,64.0,3.0,0.3908947706222534,0.36030149459838867,0.18527249991893768,0.17077219486236572,0.4776161015033722,0.42681923508644104,0.22637584805488586,0.20229962468147278
874.0,0.0001,0.1,64.0,3.0,0.2364245057106018,0.19535166025161743,0.10798612236976624,0.08922623097896576,0.1884462982416153,0.1648242324590683,0.08607224375009537,0.07528294622898102
875.0,0.0001,0.1,64.0,3.0,0.24760571122169495,0.22571831941604614,0.10900244116783142,0.09936702996492386,0.22655372321605682,0.19455388188362122,0.09973479807376862,0.08564764261245728
876.0,0.0001,0.1,64.0,3.0,0.5289885401725769,0.4420248568058014,0.25005820393562317,0.20894962549209595,0.5735740065574646,0.48374736309051514,0.27113425731658936,0.22867229580879211
877.0,0.0001,0.1,64.0,3.0,0.31593596935272217,0.26365935802459717,0.1421675831079483,0.11864370107650757,0.32049280405044556,0.27312254905700684,0.1442181020975113,0.1229020431637764
878.0,0.0001,0.1,64.0,3.0,0.2774384319782257,0.21062347292900085,0.13689365983009338,0.10392582416534424,0.2625933289527893,0.14058907330036163,0.12956878542900085,0.06936946511268616
879.0,0.0001,0.1,64.0,3.0,0.23894241452217102,0.21009564399719238,0.10767749696969986,0.09467792510986328,0.29126039147377014,0.2426164448261261,0.131254181265831,0.10933317244052887
880.0,0.0001,0.1,64.0,3.0,0.2806975841522217,0.23365925252437592,0.1215318888425827,0.10116599500179291,0.34274786710739136,0.2988477945327759,0.14839744567871094,0.12939029932022095
881.0,0.0001,0.1,64.0,3.0,0.21150416135787964,0.12074505537748337,0.10494197905063629,0.059910036623477936,0.2870367467403412,0.19578132033348083,0.14241895079612732,0.09714075922966003
882.0,0.0001,0.1,64.0,3.0,0.25682196021080017,0.2367970496416092,0.12206604331731796,0.11254830658435822,0.2299300730228424,0.20292003452777863,0.10928447544574738,0.09644675254821777
883.0,0.0001,0.1,64.0,3.0,0.2992992699146271,0.2337125539779663,0.11917629837989807,0.0930606797337532,0.2646288275718689,0.21001677215099335,0.10537105053663254,0.08362539112567902
884.0,0.0001,0.1,64.0,3.0,0.2338271290063858,0.14049552381038666,0.1094692051410675,0.06577479839324951,0.23667533695697784,0.17839795351028442,0.11080262809991837,0.08351931720972061
885.0,0.0001,0.1,64.0,3.0,0.3118724822998047,0.2067885845899582,0.1435893476009369,0.09520762413740158,0.21531829237937927,0.19649118185043335,0.09913477301597595,0.09046657383441925
886.0,0.0001,0.1,64.0,3.0,0.24389144778251648,0.1865987628698349,0.11792445927858353,0.09022275358438492,0.3631376624107361,0.25906187295913696,0.1755814403295517,0.12525953352451324
887.0,0.0001,0.1,64.0,3.0,0.2596396803855896,0.17906631529331207,0.1140161082148552,0.07863374054431915,0.2948809862136841,0.18256939947605133,0.12949170172214508,0.08017207682132721
888.0,0.0001,0.1,64.0,3.0,0.41621726751327515,0.2647557258605957,0.1760828047990799,0.11200623214244843,0.27697545289993286,0.19958829879760742,0.1171758696436882,0.08443684875965118
889.0,0.0001,0.1,64.0,3.0,0.2898617088794708,0.20741698145866394,0.12263977527618408,0.08775763213634491,0.2402992695569992,0.17931067943572998,0.10167001932859421,0.07586589455604553
860.0,0.0001,0.1,128.0,2.0,0.34969285130500793,0.244384765625,0.16293081641197205,0.11386508494615555,0.19589689373970032,0.16444267332553864,0.09127334505319595,0.0766180232167244
861.0,0.0001,0.1,128.0,2.0,0.2490968555212021,0.19807106256484985,0.10845182836055756,0.08623620867729187,0.24885007739067078,0.18389320373535156,0.10834439098834991,0.08006346225738525
862.0,0.0001,0.1,128.0,2.0,0.3839346766471863,0.2912393808364868,0.16870354115962982,0.12797260284423828,0.15098781883716583,0.1318504363298416,0.06634508818387985,0.057935986667871475
863.0,0.0001,0.1,128.0,2.0,0.17770150303840637,0.12714102864265442,0.0888230949640274,0.06355072557926178,0.17984886467456818,0.12526513636112213,0.08989643305540085,0.06261307001113892
864.0,0.0001,0.1,128.0,2.0,0.19756215810775757,0.16307073831558228,0.09041699767112732,0.07463152706623077,0.3105947971343994,0.22070394456386566,0.1421479433774948,0.10100816190242767
865.0,0.0001,0.1,128.0,2.0,0.23119133710861206,0.16433770954608917,0.10157008469104767,0.07219905406236649,0.3280395567417145,0.25466981530189514,0.14411874115467072,0.1118849664926529
866.0,0.0001,0.1,128.0,2.0,0.16658583283424377,0.11594752967357635,0.07631022483110428,0.0531136579811573,0.22596557438373566,0.18076443672180176,0.10351112484931946,0.08280522376298904
867.0,0.0001,0.1,128.0,2.0,0.28080612421035767,0.23934882879257202,0.11763209104537964,0.10026527941226959,0.33184105157852173,0.24084793031215668,0.13901105523109436,0.10089325904846191
868.0,0.0001,0.1,128.0,2.0,0.34761133790016174,0.29008930921554565,0.15220946073532104,0.1270221471786499,0.1801890879869461,0.1486048400402069,0.07889983803033829,0.06506996601819992
869.0,0.0001,0.1,128.0,2.0,0.22357803583145142,0.1618005633354187,0.10276273638010025,0.07436808198690414,0.1869296431541443,0.1485176831483841,0.085918128490448,0.06826290488243103
870.0,0.0001,0.1,128.0,2.0,0.1640777736902237,0.11459780484437943,0.0688338503241539,0.04807603359222412,0.3007431924343109,0.20006465911865234,0.1261676400899887,0.08393102884292603
871.0,0.0001,0.1,128.0,2.0,0.13801445066928864,0.11879481375217438,0.06644292920827866,0.057190217077732086,0.10077255219221115,0.08170993626117706,0.04851393401622772,0.03933681175112724
872.0,0.0001,0.1,128.0,2.0,0.20424021780490875,0.16171739995479584,0.08912713080644608,0.07057085633277893,0.2788734436035156,0.2107292264699936,0.1216958537697792,0.09195882081985474
873.0,0.0001,0.1,128.0,2.0,0.19906342029571533,0.15942630171775818,0.09435015916824341,0.07556333392858505,0.2395419180393219,0.18622028827667236,0.11353575438261032,0.0882628858089447
874.0,0.0001,0.1,128.0,2.0,0.185885950922966,0.13921326398849487,0.0849028006196022,0.06358520686626434,0.18866375088691711,0.14872422814369202,0.08617156744003296,0.06792931258678436
875.0,0.0001,0.1,128.0,2.0,0.1819174587726593,0.13086730241775513,0.08008474111557007,0.05761115252971649,0.20908740162849426,0.1523391306400299,0.09204566478729248,0.06706361472606659
876.0,0.0001,0.1,128.0,2.0,0.14956940710544586,0.12875445187091827,0.07070297747850418,0.06086353212594986,0.20254263281822205,0.17348235845565796,0.09574396908283234,0.08200687170028687
877.0,0.0001,0.1,128.0,2.0,0.2902178168296814,0.2401084303855896,0.13059468567371368,0.1080460473895073,0.3084646761417389,0.25303635001182556,0.1388055831193924,0.11386347562074661
878.0,0.0001,0.1,128.0,2.0,0.24103079736232758,0.18008948862552643,0.1189294382929802,0.08885976672172546,0.23729568719863892,0.17436346411705017,0.11708644777536392,0.08603442460298538
879.0,0.0001,0.1,128.0,2.0,0.26632487773895264,0.18607260286808014,0.12001718580722809,0.0838521346449852,0.32816749811172485,0.22978533804416656,0.14788606762886047,0.10355093330144882
880.0,0.0001,0.1,128.0,2.0,0.2892851233482361,0.22124865651130676,0.12525001168251038,0.09579269587993622,0.22018760442733765,0.15654414892196655,0.0953332781791687,0.06777796149253845
881.0,0.0001,0.1,128.0,2.0,0.16486208140850067,0.13348017632961273,0.08179957419633865,0.06622882187366486,0.2947830855846405,0.20072944462299347,0.14626245200634003,0.09959588199853897
882.0,0.0001,0.1,128.0,2.0,0.1827809363603592,0.15136262774467468,0.08687476068735123,0.0719418153166771,0.18990108370780945,0.15835922956466675,0.09025892615318298,0.0752672478556633
883.0,0.0001,0.1,128.0,2.0,0.3231777548789978,0.22062523663043976,0.12868435680866241,0.08784952759742737,0.36832794547080994,0.24850709736347198,0.1466624140739441,0.09895162284374237
884.0,0.0001,0.1,128.0,2.0,0.25769585371017456,0.2033713012933731,0.12064366042613983,0.09521092474460602,0.19177958369255066,0.16992610692977905,0.08978410810232162,0.07955312728881836
885.0,0.0001,0.1,128.0,2.0,0.3433224558830261,0.23348821699619293,0.15806922316551208,0.10750040411949158,0.22509019076824188,0.20785970985889435,0.10363385081291199,0.09570076316595078
886.0,0.0001,0.1,128.0,2.0,0.20128180086612701,0.14410874247550964,0.09732218831777573,0.06967831403017044,0.2982451021671295,0.23588429391384125,0.14420512318611145,0.1140529066324234
887.0,0.0001,0.1,128.0,2.0,0.2575870156288147,0.18362334370613098,0.11311471462249756,0.08063489943742752,0.31653085350990295,0.2444930076599121,0.1389988362789154,0.1073647290468216
888.0,0.0001,0.1,128.0,2.0,0.41381582617759705,0.23977480828762054,0.17506687343120575,0.10143793374300003,0.3019695580005646,0.20510393381118774,0.1277497559785843,0.08677025139331818
889.0,0.0001,0.1,128.0,2.0,0.5120721459388733,0.33498719334602356,0.21665646135807037,0.14173224568367004,0.33739137649536133,0.23077911138534546,0.14274945855140686,0.09764206409454346
860.0,0.0001,0.1,128.0,3.0,0.33141639828681946,0.20970751345157623,0.1544153392314911,0.0977080762386322,0.2165643274784088,0.1502796858549118,0.10090283304452896,0.07001913338899612
861.0,0.0001,0.1,128.0,3.0,0.3948743939399719,0.328668475151062,0.17192049324512482,0.14309576153755188,0.3071573078632355,0.2399839460849762,0.1337302178144455,0.10448426008224487
862.0,0.0001,0.1,128.0,3.0,0.42289531230926514,0.29943224787712097,0.18582309782505035,0.13157260417938232,0.15391653776168823,0.12633222341537476,0.06763198971748352,0.05551126226782799
863.0,0.0001,0.1,128.0,3.0,0.11528001725673676,0.09256625175476074,0.05762206390500069,0.046268709003925323,0.17093348503112793,0.15069738030433655,0.08544013649225235,0.07532523572444916
864.0,0.0001,0.1,128.0,3.0,0.28852349519729614,0.22640469670295715,0.13204669952392578,0.10361719131469727,0.3209659457206726,0.24939145147800446,0.1468944102525711,0.11413738131523132
865.0,0.0001,0.1,128.0,3.0,0.24650707840919495,0.16090571880340576,0.10829877853393555,0.07069124281406403,0.3465612828731537,0.2754623293876648,0.15225596725940704,0.12101981043815613
866.0,0.0001,0.1,128.0,3.0,0.18563970923423767,0.12601719796657562,0.08503849804401398,0.0577264130115509,0.26201993227005005,0.21558687090873718,0.12002703547477722,0.098756805062294
867.0,0.0001,0.1,128.0,3.0,0.31346240639686584,0.23073674738407135,0.13131210207939148,0.09665760397911072,0.37596169114112854,0.25425195693969727,0.15749357640743256,0.10650834441184998
868.0,0.0001,0.1,128.0,3.0,0.3943101763725281,0.37598279118537903,0.1726575791835785,0.16463252902030945,0.31265920400619507,0.2722291648387909,0.13690485060214996,0.1192016527056694
869.0,0.0001,0.1,128.0,3.0,0.2226206511259079,0.17811650037765503,0.10232269763946533,0.08186735212802887,0.19275256991386414,0.15258729457855225,0.08859451115131378,0.07013341784477234
870.0,0.0001,0.1,128.0,3.0,0.1925046294927597,0.16412615776062012,0.08075946569442749,0.06885413825511932,0.2978467047214508,0.22966384887695312,0.12495250254869461,0.09634846448898315
871.0,0.0001,0.1,128.0,3.0,0.18019376695156097,0.15381869673728943,0.08674891293048859,0.07405142486095428,0.16298766434192657,0.14993172883987427,0.0784655511379242,0.07218015193939209
872.0,0.0001,0.1,128.0,3.0,0.2110794186592102,0.19561277329921722,0.09211164712905884,0.0853622555732727,0.3026920557022095,0.2615525424480438,0.13208992779254913,0.11413729935884476
873.0,0.0001,0.1,128.0,3.0,0.19680403172969818,0.14762815833091736,0.09327926486730576,0.06997136026620865,0.20457220077514648,0.1381693184375763,0.09696114808320999,0.06548815965652466
874.0,0.0001,0.1,128.0,3.0,0.19427268207073212,0.15893371403217316,0.08873340487480164,0.07259245216846466,0.22454610466957092,0.18925952911376953,0.10256072133779526,0.08644367754459381
875.0,0.0001,0.1,128.0,3.0,0.19435106217861176,0.15932059288024902,0.08555835485458374,0.07013703882694244,0.22859890758991241,0.19414879381656647,0.10063513368368149,0.0854693129658699
876.0,0.0001,0.1,128.0,3.0,0.1732705980539322,0.1474691778421402,0.0819067656993866,0.06971017271280289,0.22705481946468353,0.1660258024930954,0.10733112692832947,0.07848209142684937
877.0,0.0001,0.1,128.0,3.0,0.2598382532596588,0.182661771774292,0.11692425608634949,0.0821957066655159,0.28809601068496704,0.19058020412921906,0.12963992357254028,0.08575892448425293
878.0,0.0001,0.1,128.0,3.0,0.22063882648944855,0.1665227860212326,0.10886761546134949,0.0821656733751297,0.21946114301681519,0.15807148814201355,0.10828652232885361,0.07799563556909561
879.0,0.0001,0.1,128.0,3.0,0.3298826515674591,0.24042776226997375,0.14865899085998535,0.1083468645811081,0.4706518054008484,0.3335370123386383,0.2120954990386963,0.15030579268932343
880.0,0.0001,0.1,128.0,3.0,0.28514009714126587,0.21916906535625458,0.12345535308122635,0.09489229321479797,0.24122832715511322,0.1480875015258789,0.10444316267967224,0.06411653757095337
881.0,0.0001,0.1,128.0,3.0,0.17131705582141876,0.13744087517261505,0.0850023552775383,0.06819401681423187,0.2570166289806366,0.19886206090450287,0.12752388417720795,0.09866934269666672
882.0,0.0001,0.1,128.0,3.0,0.24226994812488556,0.1767885982990265,0.11514955759048462,0.08402662724256516,0.2390335351228714,0.21528667211532593,0.11361128836870193,0.10232454538345337
883.0,0.0001,0.1,128.0,3.0,0.28522294759750366,0.21345141530036926,0.11357130855321884,0.08499300479888916,0.28673049807548523,0.21878352761268616,0.11417160928249359,0.08711618185043335
884.0,0.0001,0.1,128.0,3.0,0.2224455326795578,0.14663901925086975,0.1041407585144043,0.06865095347166061,0.19168135523796082,0.14680901169776917,0.08973812311887741,0.06873054057359695
885.0,0.0001,0.1,128.0,3.0,0.3149196207523346,0.23271913826465607,0.14499229192733765,0.10714631527662277,0.2469043731689453,0.22111977636814117,0.11367733776569366,0.10180583596229553
886.0,0.0001,0.1,128.0,3.0,0.18948835134506226,0.1410968154668808,0.09161991626024246,0.0682220309972763,0.30587926506996155,0.2532210946083069,0.14789630472660065,0.12243545055389404
887.0,0.0001,0.1,128.0,3.0,0.22712236642837524,0.17298996448516846,0.09973670542240143,0.07596542686223984,0.3352891206741333,0.21854573488235474,0.1472361981868744,0.09597043693065643
888.0,0.0001,0.1,128.0,3.0,0.31696635484695435,0.2667268216609955,0.1340942084789276,0.11284012347459793,0.2813158631324768,0.26254284381866455,0.11901210993528366,0.11107006669044495
889.0,0.0001,0.1,128.0,3.0,0.35056689381599426,0.24516941606998444,0.14832399785518646,0.10373058170080185,0.22870780527591705,0.15438121557235718,0.09676570445299149,0.06531831622123718
860.0,0.0001,0.1,128.0,4.0,0.28866273164749146,0.20938614010810852,0.1344953328371048,0.09755834192037582,0.22353672981262207,0.18258029222488403,0.10415145754814148,0.08506880700588226
861.0,0.0001,0.1,128.0,4.0,0.3626498281955719,0.2880377769470215,0.15789055824279785,0.125405952334404,0.2208654284477234,0.1857445240020752,0.09616044908761978,0.08086949586868286
862.0,0.0001,0.1,128.0,4.0,0.445830374956131,0.329858660697937,0.19590093195438385,0.14494216442108154,0.1457381695508957,0.1349451243877411,0.06403836607933044,0.05929582938551903
863.0,0.0001,0.1,128.0,4.0,0.1411120742559433,0.09972600638866425,0.07053408026695251,0.04984748363494873,0.18884748220443726,0.14194022119045258,0.09439433366060257,0.07094800472259521
864.0,0.0001,0.1,128.0,4.0,0.20562295615673065,0.17824947834014893,0.09410615265369415,0.0815783143043518,0.3236125409603119,0.24766506254673004,0.1481056958436966,0.11334729194641113
865.0,0.0001,0.1,128.0,4.0,0.28229251503944397,0.16267640888690948,0.1240205317735672,0.07146918773651123,0.42095455527305603,0.3120270371437073,0.1849394291639328,0.13708391785621643
866.0,0.0001,0.1,128.0,4.0,0.20359432697296143,0.11734142899513245,0.09326321631669998,0.05375218018889427,0.258146733045578,0.20969581604003906,0.11825279891490936,0.09605821967124939
867.0,0.0001,0.1,128.0,4.0,0.22466795146465302,0.16881534457206726,0.09411534667015076,0.0707181990146637,0.26528438925743103,0.18598759174346924,0.11112990975379944,0.07791179418563843
868.0,0.0001,0.1,128.0,4.0,0.2860759496688843,0.2599688172340393,0.12526477873325348,0.11383318156003952,0.1795949786901474,0.15538117289543152,0.0786396935582161,0.06803713738918304
869.0,0.0001,0.1,128.0,4.0,0.2162265181541443,0.17837506532669067,0.09938377141952515,0.0819861888885498,0.14254295825958252,0.1166640967130661,0.06551675498485565,0.05362210050225258
870.0,0.0001,0.1,128.0,4.0,0.17687246203422546,0.13754872977733612,0.07420145720243454,0.0577043741941452,0.3192508816719055,0.23014168441295624,0.133931964635849,0.09654892235994339
871.0,0.0001,0.1,128.0,4.0,0.1505364179611206,0.1281028687953949,0.0724712610244751,0.06167130172252655,0.07903940975666046,0.0641237273812294,0.038051165640354156,0.030870448797941208
872.0,0.0001,0.1,128.0,4.0,0.20508244633674622,0.16587306559085846,0.08949466794729233,0.07238433510065079,0.30084067583084106,0.1926065981388092,0.1312820017337799,0.08405041694641113
873.0,0.0001,0.1,128.0,4.0,0.16464409232139587,0.12759244441986084,0.07803640514612198,0.06047502160072327,0.21435974538326263,0.13974015414714813,0.10160016268491745,0.06623268127441406
874.0,0.0001,0.1,128.0,4.0,0.20295684039592743,0.14451947808265686,0.09269987046718597,0.0660087913274765,0.2010708600282669,0.16532565653324127,0.09183847159147263,0.07551195472478867
875.0,0.0001,0.1,128.0,4.0,0.20599901676177979,0.17708252370357513,0.09068606793880463,0.07795628160238266,0.24062928557395935,0.1990230679512024,0.10593120753765106,0.08761508017778397
876.0,0.0001,0.1,128.0,4.0,0.1800898313522339,0.15155193209648132,0.08513028174638748,0.07164013385772705,0.20957079529762268,0.1949094831943512,0.09906623512506485,0.09213568270206451
877.0,0.0001,0.1,128.0,4.0,0.26333022117614746,0.17202875018119812,0.11849559098482132,0.07741096615791321,0.2571188807487488,0.17706677317619324,0.11570056527853012,0.07967803627252579
878.0,0.0001,0.1,128.0,4.0,0.2362728714942932,0.16119059920310974,0.11658178269863129,0.07953467965126038,0.22850750386714935,0.1417888104915619,0.11275016516447067,0.06996144354343414
879.0,0.0001,0.1,128.0,4.0,0.2123725563287735,0.15365922451019287,0.09570399671792984,0.06924530118703842,0.3250701427459717,0.22999824583530426,0.14649027585983276,0.10364687442779541
880.0,0.0001,0.1,128.0,4.0,0.25231191515922546,0.20719704031944275,0.10924193263053894,0.08970881253480911,0.295731782913208,0.2414589673280716,0.12804117798805237,0.10454301536083221
881.0,0.0001,0.1,128.0,4.0,0.1724918931722641,0.13512219488620758,0.08558527380228043,0.06704355776309967,0.2727983593940735,0.19102780520915985,0.13535429537296295,0.09478222578763962
882.0,0.0001,0.1,128.0,4.0,0.27560487389564514,0.2554496228694916,0.13099345564842224,0.12141378223896027,0.25950586795806885,0.23618902266025543,0.12334167957305908,0.11225931346416473
883.0,0.0001,0.1,128.0,4.0,0.3269686996936798,0.28584355115890503,0.130193829536438,0.1138184443116188,0.25856971740722656,0.21783548593521118,0.10295841842889786,0.0867386907339096
884.0,0.0001,0.1,128.0,4.0,0.20887784659862518,0.12878717482089996,0.09778887033462524,0.06029339134693146,0.17810487747192383,0.15344975888729095,0.08338210731744766,0.07183951139450073
885.0,0.0001,0.1,128.0,4.0,0.3454177975654602,0.2094685286283493,0.15903395414352417,0.09644147008657455,0.2152106910943985,0.17400239408016205,0.09908521920442581,0.0801125019788742
886.0,0.0001,0.1,128.0,4.0,0.2551306486129761,0.22209981083869934,0.12335873395204544,0.10738793015480042,0.3497426509857178,0.26911652088165283,0.16910479962825775,0.13012109696865082
887.0,0.0001,0.1,128.0,4.0,0.25334662199020386,0.19040414690971375,0.11125262826681137,0.08361256122589111,0.35792022943496704,0.2372373640537262,0.1571742594242096,0.1041785329580307
888.0,0.0001,0.1,128.0,4.0,0.22718358039855957,0.1802685558795929,0.09611114859580994,0.07626351714134216,0.29900577664375305,0.21689468622207642,0.12649588286876678,0.09175838530063629
889.0,0.0001,0.1,128.0,4.0,0.3625045716762543,0.28409573435783386,0.1533748060464859,0.12020020186901093,0.32655301690101624,0.29144322872161865,0.138163760304451,0.12330891937017441
860.0,0.0001,0.1,256.0,3.0,0.2056894749403,0.16734322905540466,0.09583596140146255,0.07796946913003922,0.22222930192947388,0.1856015920639038,0.10354230552911758,0.08647651970386505
861.0,0.0001,0.1,256.0,3.0,0.19849903881549835,0.13488048315048218,0.08642255514860153,0.0587242916226387,0.22644706070423126,0.17963725328445435,0.09859057515859604,0.07821051776409149
862.0,0.0001,0.1,256.0,3.0,0.4005352854728699,0.2917757034301758,0.17599797248840332,0.1282082498073578,0.12427213788032532,0.08996699750423431,0.05460601672530174,0.039532117545604706
863.0,0.0001,0.1,256.0,3.0,0.1648228019475937,0.13215765357017517,0.08238574862480164,0.06605826318264008,0.15358850359916687,0.12851721048355103,0.0767703428864479,0.06423859298229218
864.0,0.0001,0.1,256.0,3.0,0.28141069412231445,0.22539474070072174,0.1287914514541626,0.1031549870967865,0.32221218943595886,0.22625991702079773,0.1474647969007492,0.10355094075202942
865.0,0.0001,0.1,256.0,3.0,0.2846497595310211,0.1906658262014389,0.12505614757537842,0.08376586437225342,0.40350809693336487,0.2959822118282318,0.17727458477020264,0.13003487884998322
866.0,0.0001,0.1,256.0,3.0,0.19416631758213043,0.12375020980834961,0.08894441276788712,0.05668794363737106,0.29987844824790955,0.2397780567407608,0.13736937940120697,0.10983839631080627
867.0,0.0001,0.1,256.0,3.0,0.2553970217704773,0.18422523140907288,0.10698799788951874,0.07717353105545044,0.14469735324382782,0.11775421351194382,0.060614969581365585,0.049328260123729706
868.0,0.0001,0.1,256.0,3.0,0.2922532856464386,0.22584950923919678,0.1279696822166443,0.09889328479766846,0.19725221395492554,0.14898699522018433,0.08637131005525589,0.06523729860782623
869.0,0.0001,0.1,256.0,3.0,0.23376347124576569,0.1776602864265442,0.10744425654411316,0.08165764808654785,0.18835878372192383,0.147422194480896,0.0865749716758728,0.06775937229394913
870.0,0.0001,0.1,256.0,3.0,0.19921784102916718,0.16000859439373016,0.0835757777094841,0.06712672859430313,0.38676464557647705,0.2293792963027954,0.16225528717041016,0.09622908383607864
871.0,0.0001,0.1,256.0,3.0,0.18765141069889069,0.15559884905815125,0.09033916145563126,0.07490841299295425,0.16076889634132385,0.15251785516738892,0.07739738374948502,0.07342517375946045
872.0,0.0001,0.1,256.0,3.0,0.17010754346847534,0.13470759987831116,0.07423219084739685,0.058784231543540955,0.3041240870952606,0.18684491515159607,0.13271482288837433,0.08153609931468964
873.0,0.0001,0.1,256.0,3.0,0.2015627920627594,0.1135445162653923,0.0955347791314125,0.053816720843315125,0.2648230791091919,0.1617756187915802,0.12551826238632202,0.07667683064937592
874.0,0.0001,0.1,256.0,3.0,0.22588510811328888,0.18447351455688477,0.10317228734493256,0.08425767719745636,0.2609870135784149,0.20676298439502716,0.11920498311519623,0.09443832188844681
875.0,0.0001,0.1,256.0,3.0,0.1880708932876587,0.14308013021945953,0.08279365301132202,0.0629875510931015,0.2545870244503021,0.20377498865127563,0.11207576096057892,0.08970700204372406
876.0,0.0001,0.1,256.0,3.0,0.14449180662631989,0.12592896819114685,0.06830275058746338,0.05952790006995201,0.2852858603000641,0.244390070438385,0.13485752046108246,0.11552566289901733
877.0,0.0001,0.1,256.0,3.0,0.26799049973487854,0.18279483914375305,0.12059266120195389,0.08225558698177338,0.28820735216140747,0.22573032975196838,0.1296900063753128,0.1015760749578476
878.0,0.0001,0.1,256.0,3.0,0.20706987380981445,0.16067028045654297,0.10217243432998657,0.07927795499563217,0.2502550184726715,0.1768566519021988,0.12348081916570663,0.08726461231708527
879.0,0.0001,0.1,256.0,3.0,0.20370446145534515,0.18091918528079987,0.09179777652025223,0.08152978867292404,0.23388364911079407,0.2061619758605957,0.1053977981209755,0.09290526062250137
880.0,0.0001,0.1,256.0,3.0,0.2423156499862671,0.18763959407806396,0.10491392016410828,0.08124116063117981,0.25869321823120117,0.2075537145137787,0.1120048314332962,0.08986327052116394
881.0,0.0001,0.1,256.0,3.0,0.19999945163726807,0.15320821106433868,0.09923367947340012,0.07601728290319443,0.27322918176651,0.20211046934127808,0.1355680674314499,0.10028109699487686
882.0,0.0001,0.1,256.0,3.0,0.19916410744190216,0.15901833772659302,0.09466158598661423,0.07558052986860275,0.12412628531455994,0.11221595853567123,0.058996524661779404,0.05333561822772026
883.0,0.0001,0.1,256.0,3.0,0.2752266228199005,0.2092350870370865,0.10959092527627945,0.08331412076950073,0.24906224012374878,0.17023536562919617,0.0991726890206337,0.06778505444526672
884.0,0.0001,0.1,256.0,3.0,0.1711982786655426,0.10938427597284317,0.08014869689941406,0.051209673285484314,0.1753164827823639,0.14642123878002167,0.08207665383815765,0.06854898482561111
885.0,0.0001,0.1,256.0,3.0,0.277398943901062,0.20600183308124542,0.12771736085414886,0.09484539180994034,0.21782417595386505,0.17051126062870026,0.1002885103225708,0.07850515842437744
886.0,0.0001,0.1,256.0,3.0,0.17851197719573975,0.1357291042804718,0.0863126888871193,0.06562665849924088,0.3147493302822113,0.2637883424758911,0.1521850973367691,0.1275448501110077
887.0,0.0001,0.1,256.0,3.0,0.2953169643878937,0.2002486139535904,0.12968315184116364,0.08793558180332184,0.35407912731170654,0.27432191371917725,0.15548750758171082,0.12046355754137039
888.0,0.0001,0.1,256.0,3.0,0.3503076732158661,0.2440386712551117,0.1481994241476059,0.10324180871248245,0.26396891474723816,0.21720056235790253,0.11167337745428085,0.09188779443502426
889.0,0.0001,0.1,256.0,3.0,0.29994720220565796,0.20350804924964905,0.12690693140029907,0.08610375970602036,0.24063760042190552,0.15124164521694183,0.1018131673336029,0.06398995220661163
860.0,0.0001,0.2,64.0,2.0,0.3267304003238678,0.2590875029563904,0.15223202109336853,0.12071546167135239,0.20888756215572357,0.18336701393127441,0.09732603281736374,0.08543536067008972
861.0,0.0001,0.2,64.0,2.0,0.2975217401981354,0.2717963457107544,0.12953507900238037,0.11833474040031433,0.3850279152393341,0.34446024894714355,0.1676335483789444,0.14997118711471558
862.0,0.0001,0.2,64.0,2.0,0.5533434152603149,0.40632084012031555,0.24314290285110474,0.1785401701927185,0.11435261368751526,0.09636475145816803,0.05024733021855354,0.04234334081411362
863.0,0.0001,0.2,64.0,2.0,0.15939830243587494,0.11860483884811401,0.07967434823513031,0.05928395688533783,0.13618867099285126,0.09234778583049774,0.06807314604520798,0.046159517019987106
864.0,0.0001,0.2,64.0,2.0,0.26819324493408203,0.21946176886558533,0.12274229526519775,0.10043965280056,0.30554407835006714,0.22370579838752747,0.1398364156484604,0.10238201171159744
865.0,0.0001,0.2,64.0,2.0,0.31655991077423096,0.20214439928531647,0.13907533884048462,0.08880878984928131,0.48792338371276855,0.36242419481277466,0.2143610566854477,0.15922509133815765
866.0,0.0001,0.2,64.0,2.0,0.19398225843906403,0.1469043791294098,0.08886009454727173,0.06729447841644287,0.3018885552883148,0.2453656941652298,0.13829021155834198,0.11239800602197647
867.0,0.0001,0.2,64.0,2.0,0.20818983018398285,0.14840182662010193,0.08721251040697098,0.06216680631041527,0.28891056776046753,0.2221769243478775,0.12102711200714111,0.0930718258023262
868.0,0.0001,0.2,64.0,2.0,0.346525639295578,0.2650598883628845,0.15173405408859253,0.11606242507696152,0.19760721921920776,0.16553260385990143,0.08652675896883011,0.0724821612238884
869.0,0.0001,0.2,64.0,2.0,0.2982613146305084,0.20853379368782043,0.13708926737308502,0.09584799408912659,0.23253260552883148,0.17721818387508392,0.10687851160764694,0.08145445585250854
870.0,0.0001,0.2,64.0,2.0,0.236925408244133,0.17132779955863953,0.09939482808113098,0.07187535613775253,0.3316841423511505,0.18462210893630981,0.13914798200130463,0.07745257019996643
871.0,0.0001,0.2,64.0,2.0,0.1734183132648468,0.14511612057685852,0.08348707854747772,0.06986181437969208,0.2104661613702774,0.18700328469276428,0.10132264345884323,0.09002713859081268
872.0,0.0001,0.2,64.0,2.0,0.22155167162418365,0.1734020709991455,0.09668156504631042,0.07566986232995987,0.35481008887290955,0.24707536399364471,0.1548333764076233,0.10781970620155334
873.0,0.0001,0.2,64.0,2.0,0.16653308272361755,0.12354263663291931,0.07893173396587372,0.05855552852153778,0.25685635209083557,0.14980047941207886,0.12174228578805923,0.07100097835063934
874.0,0.0001,0.2,64.0,2.0,0.2548266053199768,0.22676251828670502,0.11639122664928436,0.10357304662466049,0.2469712793827057,0.20920318365097046,0.11280333995819092,0.09555289149284363
875.0,0.0001,0.2,64.0,2.0,0.3852377235889435,0.3584928512573242,0.16959160566329956,0.1578177958726883,0.432396799325943,0.3795454502105713,0.19035221636295319,0.1670857071876526
876.0,0.0001,0.2,64.0,2.0,0.15731582045555115,0.1394529938697815,0.07436478137969971,0.06592084467411041,0.2101237028837204,0.17892949283123016,0.09932760149240494,0.08458178490400314
877.0,0.0001,0.2,64.0,2.0,0.23406682908535004,0.1531660109758377,0.10532740503549576,0.0689229667186737,0.2616206407546997,0.1527024209499359,0.11772631108760834,0.06871435046195984
878.0,0.0001,0.2,64.0,2.0,0.24119707942008972,0.1868741810321808,0.11901149153709412,0.09220747649669647,0.3139273524284363,0.2703592777252197,0.1548980325460434,0.13340067863464355
879.0,0.0001,0.2,64.0,2.0,0.31667566299438477,0.28891921043395996,0.14270736277103424,0.130199134349823,0.3262253701686859,0.31159716844558716,0.1470108926296234,0.14041879773139954
880.0,0.0001,0.2,64.0,2.0,0.29477959871292114,0.2305375635623932,0.12762890756130219,0.09981441497802734,0.3700501620769501,0.28070592880249023,0.16021835803985596,0.121535524725914
881.0,0.0001,0.2,64.0,2.0,0.18305093050003052,0.16061007976531982,0.09082435071468353,0.0796898752450943,0.24235406517982483,0.19199922680854797,0.12024874985218048,0.09526420384645462
882.0,0.0001,0.2,64.0,2.0,0.22538962960243225,0.1358606219291687,0.10712643712759018,0.06457379460334778,0.2224614918231964,0.1420205533504486,0.1057346910238266,0.06750156730413437
883.0,0.0001,0.2,64.0,2.0,0.29087182879447937,0.19253572821617126,0.11582061648368835,0.07666472345590591,0.34885308146476746,0.2212059497833252,0.13890781998634338,0.08808073401451111
884.0,0.0001,0.2,64.0,2.0,0.22878532111644745,0.16252663731575012,0.10710880905389786,0.07608895748853683,0.18568077683448792,0.165653795003891,0.0869288519024849,0.07755297422409058
885.0,0.0001,0.2,64.0,2.0,0.28910529613494873,0.15599662065505981,0.13310708105564117,0.07182246446609497,0.16692125797271729,0.1191406324505806,0.07685229182243347,0.054853588342666626
886.0,0.0001,0.2,64.0,2.0,0.24273228645324707,0.20155014097690582,0.11736399680376053,0.09745193272829056,0.3595304787158966,0.3184514343738556,0.1738373190164566,0.15397509932518005
887.0,0.0001,0.2,64.0,2.0,0.26487645506858826,0.17053447663784027,0.11631573736667633,0.07488714158535004,0.38016805052757263,0.21886427700519562,0.1669439673423767,0.09611032158136368
888.0,0.0001,0.2,64.0,2.0,0.46226808428764343,0.24384057521820068,0.1955648511648178,0.10315799713134766,0.3067614734172821,0.21125322580337524,0.1297769844532013,0.08937173336744308
889.0,0.0001,0.2,64.0,2.0,0.4456941485404968,0.288938969373703,0.18857210874557495,0.12224937230348587,0.325404554605484,0.21485933661460876,0.1376778483390808,0.09090644866228104
860.0,0.0001,0.2,64.0,3.0,0.417143315076828,0.30904945731163025,0.1943577080965042,0.1439940333366394,0.23713190853595734,0.17347502708435059,0.11048579961061478,0.08082643151283264
861.0,0.0001,0.2,64.0,3.0,0.329619824886322,0.25294750928878784,0.14350995421409607,0.11012835055589676,0.24070851504802704,0.15177631378173828,0.10479973256587982,0.06608041375875473
862.0,0.0001,0.2,64.0,3.0,0.4582744538784027,0.35507553815841675,0.20136894285678864,0.15602262318134308,0.17362606525421143,0.15018996596336365,0.0762924924492836,0.0659945011138916
863.0,0.0001,0.2,64.0,3.0,0.19286753237247467,0.1657373607158661,0.09640374779701233,0.0828428864479065,0.2157689332962036,0.19465899467468262,0.10785087198019028,0.09729918837547302
864.0,0.0001,0.2,64.0,3.0,0.2583107352256775,0.1644975244998932,0.11821944266557693,0.07528455555438995,0.3222227096557617,0.21549484133720398,0.14746960997581482,0.09862414002418518
865.0,0.0001,0.2,64.0,3.0,0.2361810803413391,0.18076470494270325,0.10376223921775818,0.07941597700119019,0.3671327531337738,0.26952433586120605,0.16129368543624878,0.11841104924678802
866.0,0.0001,0.2,64.0,3.0,0.19743850827217102,0.16131636500358582,0.09044333547353745,0.0738963782787323,0.2706485092639923,0.23046274483203888,0.12397965788841248,0.1055712103843689
867.0,0.0001,0.2,64.0,3.0,0.4055567979812622,0.30313557386398315,0.16989125311374664,0.12698611617088318,0.5072930455207825,0.3665853440761566,0.2125094085931778,0.15356574952602386
868.0,0.0001,0.2,64.0,3.0,0.3221980035305023,0.2751316726207733,0.14108164608478546,0.12047258764505386,0.20966722071170807,0.1966591477394104,0.09180750697851181,0.0861116424202919
869.0,0.0001,0.2,64.0,3.0,0.3298959732055664,0.279341459274292,0.1516294628381729,0.12839317321777344,0.2968395948410034,0.2510804533958435,0.13643582165241241,0.11540363729000092
870.0,0.0001,0.2,64.0,3.0,0.23738260567188263,0.21214637160301208,0.09958665072917938,0.08899955451488495,0.33060136437416077,0.2772710919380188,0.13869372010231018,0.11632062494754791
871.0,0.0001,0.2,64.0,3.0,0.16771046817302704,0.12291041016578674,0.08073918521404266,0.05917154625058174,0.17269200086593628,0.14998573064804077,0.08313741534948349,0.07220616191625595
872.0,0.0001,0.2,64.0,3.0,0.22677971422672272,0.17870840430259705,0.09896301478147507,0.07798545807600021,0.2638588547706604,0.21458753943443298,0.11514373123645782,0.09364253282546997
873.0,0.0001,0.2,64.0,3.0,0.21250377595424652,0.1703798770904541,0.10072047263383865,0.08075499534606934,0.3056892156600952,0.1983904391527176,0.14488762617111206,0.09403117746114731
874.0,0.0001,0.2,64.0,3.0,0.351841539144516,0.2425050139427185,0.16070246696472168,0.11076337844133377,0.33365917205810547,0.24985291063785553,0.1523977518081665,0.1141195073723793
875.0,0.0001,0.2,64.0,3.0,0.2477569282054901,0.17966975271701813,0.10906898230314255,0.079095259308815,0.31234100461006165,0.22489170730113983,0.1375005543231964,0.09900311380624771
876.0,0.0001,0.2,64.0,3.0,0.16042980551719666,0.13527828454971313,0.07583677768707275,0.0639474093914032,0.28808560967445374,0.20329518616199493,0.13618099689483643,0.09609970450401306
877.0,0.0001,0.2,64.0,3.0,0.3294055759906769,0.2651526927947998,0.14822876453399658,0.11931568384170532,0.3276408910751343,0.2659566402435303,0.14743466675281525,0.11967746913433075
878.0,0.0001,0.2,64.0,3.0,0.29888516664505005,0.24385859072208405,0.14747591316699982,0.12032470107078552,0.3595280647277832,0.3092068135738373,0.17739833891391754,0.15256883203983307
879.0,0.0001,0.2,64.0,3.0,0.35410067439079285,0.2807897925376892,0.15957266092300415,0.12653568387031555,0.44000595808029175,0.33607780933380127,0.19828519225120544,0.15145078301429749
880.0,0.0001,0.2,64.0,3.0,0.23300886154174805,0.19262266159057617,0.10088439285755157,0.08339864015579224,0.22799941897392273,0.174408957362175,0.09871549904346466,0.07551278173923492
881.0,0.0001,0.2,64.0,3.0,0.1683642864227295,0.10107418149709702,0.0835372805595398,0.050149962306022644,0.2675614356994629,0.15756233036518097,0.13275590538978577,0.07817766070365906
882.0,0.0001,0.2,64.0,3.0,0.28741997480392456,0.1874045580625534,0.13660910725593567,0.0890723317861557,0.3151499927043915,0.24716365337371826,0.1497890204191208,0.1174754947423935
883.0,0.0001,0.2,64.0,3.0,0.3405275046825409,0.25512295961380005,0.1355927437543869,0.10158596932888031,0.3470767140388489,0.2232900708913803,0.13820050656795502,0.08891059458255768
884.0,0.0001,0.2,64.0,3.0,0.14954859018325806,0.09791084378957748,0.0700131207704544,0.04583822935819626,0.30639803409576416,0.2413337379693985,0.14344422519207,0.11298353224992752
885.0,0.0001,0.2,64.0,3.0,0.34588658809661865,0.1874607503414154,0.15924979746341705,0.08630888909101486,0.19253993034362793,0.12745161354541779,0.08864736557006836,0.05868004262447357
886.0,0.0001,0.2,64.0,3.0,0.17922362685203552,0.14485383033752441,0.08665678650140762,0.0700385794043541,0.27623167634010315,0.21700286865234375,0.13356135785579681,0.10492350161075592
887.0,0.0001,0.2,64.0,3.0,0.23634573817253113,0.1889479011297226,0.10378699749708176,0.08297308534383774,0.30894604325294495,0.22297948598861694,0.13566811382770538,0.09791743755340576
888.0,0.0001,0.2,64.0,3.0,0.31198811531066895,0.20875190198421478,0.13198812305927277,0.08831353485584259,0.27962416410446167,0.2282852977514267,0.11829641461372375,0.0965772345662117
889.0,0.0001,0.2,64.0,3.0,0.41957664489746094,0.285148948431015,0.17752182483673096,0.12064582109451294,0.31615394353866577,0.22823424637317657,0.13376393914222717,0.09656534343957901
860.0,0.0001,0.2,64.0,4.0,0.35576221346855164,0.22148585319519043,0.16575869917869568,0.10319589823484421,0.2159653604030609,0.16335220634937286,0.10062376409769058,0.07610995322465897
861.0,0.0001,0.2,64.0,4.0,0.4575710892677307,0.30919167399406433,0.19921740889549255,0.1346159279346466,0.30165326595306396,0.20654702186584473,0.1313338577747345,0.08992649614810944
862.0,0.0001,0.2,64.0,4.0,0.40222659707069397,0.2734132707118988,0.1767411231994629,0.12013967335224152,0.14714039862155914,0.12140151858329773,0.06465451419353485,0.053344666957855225
863.0,0.0001,0.2,64.0,4.0,0.2191287726163864,0.20324867963790894,0.10953028500080109,0.10159270465373993,0.2403722107410431,0.20549172163009644,0.1201486811041832,0.10271386057138443
864.0,0.0001,0.2,64.0,4.0,0.3159036934375763,0.255462646484375,0.14457765221595764,0.11691597104072571,0.38324689865112305,0.28598225116729736,0.17539815604686737,0.13088366389274597
865.0,0.0001,0.2,64.0,4.0,0.2771788239479065,0.2245582938194275,0.12177392095327377,0.09865596890449524,0.331179141998291,0.24705389142036438,0.14549806714057922,0.10853903740644455
866.0,0.0001,0.2,64.0,4.0,0.24632787704467773,0.19999989867210388,0.1128387451171875,0.0916166678071022,0.2990438640117645,0.26003941893577576,0.13698710501194,0.119119793176651
867.0,0.0001,0.2,64.0,4.0,0.2665262520313263,0.19104692339897156,0.11165014654397964,0.08003119379281998,0.2658962309360504,0.16986697912216187,0.11138622462749481,0.07115873694419861
868.0,0.0001,0.2,64.0,4.0,0.26392945647239685,0.23263013362884521,0.11556744575500488,0.10186232626438141,0.18783000111579895,0.15837392210960388,0.0822455957531929,0.06934759020805359
869.0,0.0001,0.2,64.0,4.0,0.25136706233024597,0.16323460638523102,0.11553534865379333,0.07502720504999161,0.26059690117836,0.20947761833667755,0.11977767944335938,0.09628181159496307
870.0,0.0001,0.2,64.0,4.0,0.2126827836036682,0.163116917014122,0.08922459185123444,0.06843072921037674,0.3257671594619751,0.22643335163593292,0.13666567206382751,0.09499319642782211
871.0,0.0001,0.2,64.0,4.0,0.4048905670642853,0.2924913167953491,0.19492246210575104,0.14081121981143951,0.15183468163013458,0.11165598779916763,0.07309626787900925,0.05375344306230545
872.0,0.0001,0.2,64.0,4.0,0.1922181099653244,0.16855788230895996,0.08388087898492813,0.07355593144893646,0.2820196747779846,0.20645985007286072,0.12306881695985794,0.09009573608636856
873.0,0.0001,0.2,64.0,4.0,0.2532438039779663,0.22613435983657837,0.12003006041049957,0.10718098282814026,0.38107916712760925,0.33735916018486023,0.1806201934814453,0.15989822149276733
874.0,0.0001,0.2,64.0,4.0,0.26189056038856506,0.2228076010942459,0.11961766332387924,0.10176664590835571,0.20737220346927643,0.18914709985256195,0.09471658617258072,0.08639232814311981
875.0,0.0001,0.2,64.0,4.0,0.2126036286354065,0.12605616450309753,0.09359359741210938,0.055493175983428955,0.22182978689670563,0.15748868882656097,0.09765518456697464,0.06933057308197021
876.0,0.0001,0.2,64.0,4.0,0.20070892572402954,0.1817992776632309,0.09487714618444443,0.08593835681676865,0.24750745296478271,0.2013777494430542,0.11699926108121872,0.0951932966709137
877.0,0.0001,0.2,64.0,4.0,0.3545752167701721,0.2473161220550537,0.15955480933189392,0.11128944158554077,0.31858062744140625,0.2754470109939575,0.14335766434669495,0.12394803017377853
878.0,0.0001,0.2,64.0,4.0,0.28924351930618286,0.2196313738822937,0.14271855354309082,0.10837051272392273,0.28231626749038696,0.17171749472618103,0.13930051028728485,0.08472885936498642
879.0,0.0001,0.2,64.0,4.0,0.3313644528388977,0.22302328050136566,0.14932675659656525,0.10050368309020996,0.36623522639274597,0.23257552087306976,0.1650409996509552,0.10480832308530807
880.0,0.0001,0.2,64.0,4.0,0.26471635699272156,0.2243199348449707,0.11461259424686432,0.09712240844964981,0.3767669200897217,0.3437930941581726,0.16312645375728607,0.1488499939441681
881.0,0.0001,0.2,64.0,4.0,0.1988135278224945,0.16703742742538452,0.09864526242017746,0.08287892490625381,0.2286958545446396,0.17895112931728363,0.11347196996212006,0.08879014849662781
882.0,0.0001,0.2,64.0,4.0,0.24560147523880005,0.14973169565200806,0.11673301458358765,0.07116663455963135,0.21853339672088623,0.15031851828098297,0.10386769473552704,0.07144554704427719
883.0,0.0001,0.2,64.0,4.0,0.2831018269062042,0.2575409412384033,0.11272672563791275,0.10254877805709839,0.26130229234695435,0.21576768159866333,0.10404649376869202,0.08591532707214355
884.0,0.0001,0.2,64.0,4.0,0.23972715437412262,0.20271126925945282,0.11223136633634567,0.094901904463768,0.300788551568985,0.23162096738815308,0.1408180594444275,0.10843636840581894
885.0,0.0001,0.2,64.0,4.0,0.3107026219367981,0.21094244718551636,0.14305073022842407,0.09712009876966476,0.26599884033203125,0.23873865604400635,0.12246861308813095,0.10991775244474411
886.0,0.0001,0.2,64.0,4.0,0.20677919685840607,0.17585545778274536,0.09998024255037308,0.08502824604511261,0.31837064027786255,0.2711414694786072,0.15393607318401337,0.13110019266605377
887.0,0.0001,0.2,64.0,4.0,0.2537984251976013,0.17633354663848877,0.11145100742578506,0.07743369042873383,0.3729465901851654,0.28240928053855896,0.1637728065252304,0.1240149736404419
888.0,0.0001,0.2,64.0,4.0,0.372381329536438,0.30480873584747314,0.1575378030538559,0.12895086407661438,0.2835885286331177,0.25964099168777466,0.1199735477566719,0.10984243452548981
889.0,0.0001,0.2,64.0,4.0,0.411507248878479,0.2794981002807617,0.17410771548748016,0.11825496703386307,0.2990792691707611,0.22848355770111084,0.1265396773815155,0.09667082130908966
860.0,0.0001,0.2,128.0,2.0,0.303793340921402,0.2375737726688385,0.14154505729675293,0.11069168150424957,0.2333877980709076,0.20528659224510193,0.10874131321907043,0.09564824402332306
861.0,0.0001,0.2,128.0,2.0,0.22868505120277405,0.19688981771469116,0.09956494718790054,0.0857219249010086,0.2814536392688751,0.25742441415786743,0.12253935635089874,0.1120775118470192
862.0,0.0001,0.2,128.0,2.0,0.55809086561203,0.3896307647228241,0.24522894620895386,0.17120642960071564,0.14054957032203674,0.11308357119560242,0.06175845116376877,0.049689702689647675
863.0,0.0001,0.2,128.0,2.0,0.17837825417518616,0.14382006227970123,0.08916135132312775,0.07188764214515686,0.15048176050186157,0.12340917438268661,0.07521744817495346,0.06168535351753235
864.0,0.0001,0.2,128.0,2.0,0.3246086835861206,0.2227543294429779,0.14856161177158356,0.10194656997919083,0.3961210250854492,0.2631632685661316,0.18129019439220428,0.12044025957584381
865.0,0.0001,0.2,128.0,2.0,0.2680671513080597,0.18668001890182495,0.11777085065841675,0.08201476186513901,0.3557533025741577,0.26173314452171326,0.1562943309545517,0.11498813331127167
866.0,0.0001,0.2,128.0,2.0,0.19514581561088562,0.15140989422798157,0.08939308673143387,0.06935838609933853,0.2544373869895935,0.20254011452198029,0.11655358225107193,0.09278029203414917
867.0,0.0001,0.2,128.0,2.0,0.2284916192293167,0.1561720073223114,0.09571709483861923,0.06542178243398666,0.2671166658401489,0.19314423203468323,0.11189746856689453,0.08090977370738983
868.0,0.0001,0.2,128.0,2.0,0.2867567241191864,0.2094888985157013,0.1255628764629364,0.09172944724559784,0.17653612792491913,0.14039689302444458,0.0773003101348877,0.06147593632340431
869.0,0.0001,0.2,128.0,2.0,0.27052363753318787,0.20865735411643982,0.1243402436375618,0.09590476751327515,0.2286129593849182,0.16878287494182587,0.10507694631814957,0.07757735252380371
870.0,0.0001,0.2,128.0,2.0,0.2431003898382187,0.16649144887924194,0.1019853726029396,0.06984642148017883,0.3618641793727875,0.22937893867492676,0.15180909633636475,0.0962289497256279
871.0,0.0001,0.2,128.0,2.0,0.19626854360103607,0.17137360572814941,0.09448762983083725,0.08250270783901215,0.12000171095132828,0.09566877782344818,0.057771243155002594,0.046056874096393585
872.0,0.0001,0.2,128.0,2.0,0.20256397128105164,0.16524171829223633,0.08839566260576248,0.07210882008075714,0.33858752250671387,0.21368661522865295,0.14775411784648895,0.09324939548969269
873.0,0.0001,0.2,128.0,2.0,0.1494276523590088,0.1243695467710495,0.0708242803812027,0.058947477489709854,0.23768647015094757,0.1396111100912094,0.11265634000301361,0.06617151200771332
874.0,0.0001,0.2,128.0,2.0,0.24771089851856232,0.2125411033630371,0.11314113438129425,0.09707744419574738,0.21234031021595,0.18466340005397797,0.09698575735092163,0.08434441685676575
875.0,0.0001,0.2,128.0,2.0,0.23157566785812378,0.1814986765384674,0.10194556415081024,0.07990037649869919,0.2259642332792282,0.16015677154064178,0.09947527199983597,0.07050513476133347
876.0,0.0001,0.2,128.0,2.0,0.17674535512924194,0.16033491492271423,0.08354932814836502,0.07579195499420166,0.24797004461288452,0.21064749360084534,0.11721796542406082,0.09957520663738251
877.0,0.0001,0.2,128.0,2.0,0.2778908908367157,0.18098361790180206,0.1250477284193039,0.08144056797027588,0.24343547224998474,0.184249609708786,0.10954318940639496,0.08291023224592209
878.0,0.0001,0.2,128.0,2.0,0.18187986314296722,0.14175190031528473,0.08974319696426392,0.06994324177503586,0.23735009133815765,0.15101775527000427,0.11711327731609344,0.07451518625020981
879.0,0.0001,0.2,128.0,2.0,0.2851037383079529,0.2557758092880249,0.1284797340631485,0.11526332795619965,0.30719059705734253,0.279191792011261,0.13843300938606262,0.12581557035446167
880.0,0.0001,0.2,128.0,2.0,0.19794806838035583,0.14903824031352997,0.08570434898138046,0.06452815979719162,0.20840635895729065,0.1775701344013214,0.09023243188858032,0.07688146829605103
881.0,0.0001,0.2,128.0,2.0,0.16147996485233307,0.12429266422986984,0.0801214799284935,0.061670251190662384,0.2370838075876236,0.174172043800354,0.11763380467891693,0.08641889691352844
882.0,0.0001,0.2,128.0,2.0,0.21929024159908295,0.1972227692604065,0.10422743856906891,0.09373888373374939,0.26141026616096497,0.23370292782783508,0.12424682080745697,0.1110776960849762
883.0,0.0001,0.2,128.0,2.0,0.44682204723358154,0.33723098039627075,0.17791755497455597,0.13428011536598206,0.4480378329753876,0.32048168778419495,0.1784016340970993,0.12761080265045166
884.0,0.0001,0.2,128.0,2.0,0.24324360489845276,0.1924380362033844,0.11387763917446136,0.09009236842393875,0.27423539757728577,0.2220383882522583,0.12838685512542725,0.1039501503109932
885.0,0.0001,0.2,128.0,2.0,0.3163933753967285,0.17579017579555511,0.1456708014011383,0.08093562722206116,0.22099825739860535,0.15715152025222778,0.10174989700317383,0.07235419750213623
886.0,0.0001,0.2,128.0,2.0,0.19180677831172943,0.14188553392887115,0.09274088591337204,0.06860336661338806,0.3343581557273865,0.26310938596725464,0.16166621446609497,0.12721657752990723
887.0,0.0001,0.2,128.0,2.0,0.25036442279815674,0.20369966328144073,0.10994303971529007,0.08945104479789734,0.3633880615234375,0.2882664203643799,0.15957534313201904,0.12658703327178955
888.0,0.0001,0.2,128.0,2.0,0.27918535470962524,0.17301464080810547,0.1181107684969902,0.0731947124004364,0.2590639889240265,0.18496084213256836,0.10959833860397339,0.07824862003326416
889.0,0.0001,0.2,128.0,2.0,0.4267609715461731,0.27939510345458984,0.18056151270866394,0.11821137368679047,0.3313848078250885,0.23599743843078613,0.14020808041095734,0.09984992444515228
860.0,0.0001,0.2,128.0,3.0,0.28177595138549805,0.2406126856803894,0.1312866061925888,0.11210758984088898,0.3187303841114044,0.28653430938720703,0.1485045999288559,0.13350363075733185
861.0,0.0001,0.2,128.0,3.0,0.4024141728878021,0.31299248337745667,0.17520315945148468,0.13627073168754578,0.3258298635482788,0.24710562825202942,0.14185988903045654,0.10758490860462189
862.0,0.0001,0.2,128.0,3.0,0.4893471598625183,0.3435976505279541,0.2150225043296814,0.1509791612625122,0.10420186072587967,0.08562490344047546,0.0457870177924633,0.03762417286634445
863.0,0.0001,0.2,128.0,3.0,0.17819863557815552,0.13139067590236664,0.08907157927751541,0.06567488610744476,0.19406823813915253,0.15123023092746735,0.09700390696525574,0.0755915641784668
864.0,0.0001,0.2,128.0,3.0,0.24298213422298431,0.18910138309001923,0.11120408028364182,0.08654482662677765,0.32005774974823,0.2389640510082245,0.1464787870645523,0.10936515778303146
865.0,0.0001,0.2,128.0,3.0,0.23649899661540985,0.17568394541740417,0.1039019227027893,0.07718383520841599,0.3498123586177826,0.26844507455825806,0.15368427336215973,0.1179368868470192
866.0,0.0001,0.2,128.0,3.0,0.19525662064552307,0.15578098595142365,0.08944385498762131,0.07136070728302002,0.2424660325050354,0.20252367854118347,0.11106971651315689,0.09277278184890747
867.0,0.0001,0.2,128.0,3.0,0.29731136560440063,0.2060767114162445,0.12454628944396973,0.08632731437683105,0.3823356330394745,0.24391727149486542,0.16016370058059692,0.10217905044555664
868.0,0.0001,0.2,128.0,3.0,0.317508339881897,0.28502631187438965,0.1390281617641449,0.12480517476797104,0.23872527480125427,0.20622356235980988,0.10453122854232788,0.09029962122440338
869.0,0.0001,0.2,128.0,3.0,0.27586451172828674,0.18190163373947144,0.12679505348205566,0.08360709249973297,0.2184619903564453,0.1570812463760376,0.10041127353906631,0.07219894975423813
870.0,0.0001,0.2,128.0,3.0,0.2507074475288391,0.17050814628601074,0.10517667979001999,0.0715315043926239,0.37354278564453125,0.23354655504226685,0.1567085087299347,0.09797735512256622
871.0,0.0001,0.2,128.0,3.0,0.14229704439640045,0.11464357376098633,0.06850463896989822,0.05519171804189682,0.09040536731481552,0.07840961217880249,0.043522968888282776,0.03774796798825264
872.0,0.0001,0.2,128.0,3.0,0.1690436750650406,0.1491212695837021,0.07376793026924133,0.06507411599159241,0.258632630109787,0.1824546456336975,0.11286308616399765,0.07962024211883545
873.0,0.0001,0.2,128.0,3.0,0.24556003510951996,0.17548462748527527,0.11638815701007843,0.08317449688911438,0.3223055601119995,0.20254556834697723,0.1527632474899292,0.09600058197975159
874.0,0.0001,0.2,128.0,3.0,0.21577532589435577,0.1588248312473297,0.09855466336011887,0.07254272699356079,0.21364209055900574,0.17614243924617767,0.09758034348487854,0.08045249432325363
875.0,0.0001,0.2,128.0,3.0,0.2504025995731354,0.2194027453660965,0.11023367941379547,0.09658674895763397,0.32307669520378113,0.26676005125045776,0.1422266811132431,0.11743463575839996
876.0,0.0001,0.2,128.0,3.0,0.24562570452690125,0.21347473561763763,0.11610975861549377,0.10091166943311691,0.2768245041370392,0.26029467582702637,0.13085775077342987,0.12304391711950302
877.0,0.0001,0.2,128.0,3.0,0.29842448234558105,0.25238776206970215,0.13428761065006256,0.11357161402702332,0.3475600779056549,0.2990391254425049,0.15639807283878326,0.13456420600414276
878.0,0.0001,0.2,128.0,3.0,0.22075755894184113,0.16442431509494781,0.10892622172832489,0.0811302661895752,0.206454798579216,0.12862923741340637,0.10186893492937088,0.06346825510263443
879.0,0.0001,0.2,128.0,3.0,0.19169862568378448,0.1645711064338684,0.08638746291399002,0.07416264712810516,0.251975953578949,0.17575287818908691,0.11355096846818924,0.07920163869857788
880.0,0.0001,0.2,128.0,3.0,0.2847178280353546,0.2313612401485443,0.12327252328395844,0.1001710593700409,0.22552114725112915,0.1559412181377411,0.09764253348112106,0.06751691550016403
881.0,0.0001,0.2,128.0,3.0,0.23837484419345856,0.16762295365333557,0.11827440559864044,0.08316944539546967,0.35416415333747864,0.2377241849899292,0.1757255643606186,0.11795152723789215
882.0,0.0001,0.2,128.0,3.0,0.20671257376670837,0.15191803872585297,0.09824933856725693,0.0722057893872261,0.19262465834617615,0.15974196791648865,0.09155341237783432,0.07592445611953735
883.0,0.0001,0.2,128.0,3.0,0.28300178050994873,0.20648598670959473,0.1126868948340416,0.08221949636936188,0.32381150126457214,0.22955608367919922,0.12893666326999664,0.09140564501285553
884.0,0.0001,0.2,128.0,3.0,0.21876658499240875,0.13507287204265594,0.10241842269897461,0.06323611736297607,0.18602608144283295,0.15174676477909088,0.08709049224853516,0.07104220241308212
885.0,0.0001,0.2,128.0,3.0,0.3204021751880646,0.18994279205799103,0.14751648902893066,0.08745162189006805,0.14775912463665009,0.11088190972805023,0.06802983582019806,0.05105118453502655
886.0,0.0001,0.2,128.0,3.0,0.3802359998226166,0.3284780979156494,0.18384869396686554,0.1588231474161148,0.4838610291481018,0.3845965266227722,0.23395267128944397,0.18595707416534424
887.0,0.0001,0.2,128.0,3.0,0.26419928669929504,0.20758210122585297,0.1160183921456337,0.09115596115589142,0.271222323179245,0.20267921686172485,0.11910241842269897,0.08900295197963715
888.0,0.0001,0.2,128.0,3.0,0.37038928270339966,0.23035591840744019,0.15669505298137665,0.09745322912931442,0.2620397210121155,0.18850140273571014,0.11085723340511322,0.07974646240472794
889.0,0.0001,0.2,128.0,3.0,0.3882388174533844,0.2985782325267792,0.16426290571689606,0.1263277232646942,0.3803326487541199,0.239222913980484,0.16091780364513397,0.10121462494134903
860.0,0.0001,0.2,128.0,4.0,0.3730507493019104,0.2643815279006958,0.1738138496875763,0.12318208068609238,0.20168441534042358,0.16809025406837463,0.0939699038863182,0.0783175453543663
861.0,0.0001,0.2,128.0,4.0,0.297415554523468,0.2035239189863205,0.12948884069919586,0.08861027657985687,0.2735365033149719,0.19835731387138367,0.11909239739179611,0.0863608568906784
862.0,0.0001,0.2,128.0,4.0,0.48167771100997925,0.36353564262390137,0.2116524875164032,0.15974006056785583,0.130156010389328,0.11189156770706177,0.05719144642353058,0.049165934324264526
863.0,0.0001,0.2,128.0,4.0,0.14607730507850647,0.11079837381839752,0.07301593571901321,0.05538194626569748,0.18129968643188477,0.15613889694213867,0.09062160551548004,0.07804511487483978
864.0,0.0001,0.2,128.0,4.0,0.29900118708610535,0.2322532832622528,0.13684198260307312,0.10629388689994812,0.33983150124549866,0.25273460149765015,0.15552853047847748,0.115667425096035
865.0,0.0001,0.2,128.0,4.0,0.35146939754486084,0.2655453681945801,0.15441223978996277,0.11666294932365417,0.40989950299263,0.3178499639034271,0.1800825446844101,0.1396421194076538
866.0,0.0001,0.2,128.0,4.0,0.16722767055034637,0.13744263350963593,0.07660423219203949,0.06296020746231079,0.2634505331516266,0.2078135758638382,0.12068235874176025,0.09519599378108978
867.0,0.0001,0.2,128.0,4.0,0.2726406455039978,0.1788080632686615,0.11421152204275131,0.07490424066781998,0.3136165142059326,0.2107018232345581,0.13137665390968323,0.08826480060815811
868.0,0.0001,0.2,128.0,4.0,0.28120845556259155,0.2496691197156906,0.12313344329595566,0.10932323336601257,0.19202645123004913,0.17161394655704498,0.08408310264348984,0.07514502108097076
869.0,0.0001,0.2,128.0,4.0,0.25035905838012695,0.1855311393737793,0.11507203429937363,0.0852753147482872,0.2193293422460556,0.15980324149131775,0.10080991685390472,0.07345005869865417
870.0,0.0001,0.2,128.0,4.0,0.29362693428993225,0.23256629705429077,0.12318224459886551,0.09756611287593842,0.3883880376815796,0.2944425344467163,0.16293635964393616,0.12352438271045685
871.0,0.0001,0.2,128.0,4.0,0.19301360845565796,0.1351674199104309,0.09292063862085342,0.06507232785224915,0.07690737396478653,0.0645713284611702,0.03702476993203163,0.031085947528481483
872.0,0.0001,0.2,128.0,4.0,0.156283438205719,0.11740483343601227,0.06819956749677658,0.05123356729745865,0.24883246421813965,0.17294102907180786,0.10858646035194397,0.07546867430210114
873.0,0.0001,0.2,128.0,4.0,0.18733100593090057,0.13244041800498962,0.08878933638334274,0.06277283281087875,0.2547689974308014,0.1477002650499344,0.12075294554233551,0.07000553607940674
874.0,0.0001,0.2,128.0,4.0,0.24338729679584503,0.217739999294281,0.11116635799407959,0.09945203363895416,0.2376144379377365,0.20404624938964844,0.10852962732315063,0.09319747239351273
875.0,0.0001,0.2,128.0,4.0,0.19889073073863983,0.16322186589241028,0.08755681663751602,0.07185447216033936,0.2485983818769455,0.17981603741645813,0.10943940281867981,0.07915963977575302
876.0,0.0001,0.2,128.0,4.0,0.2598383128643036,0.23513983190059662,0.12282820791006088,0.11115297675132751,0.3000495433807373,0.26651328802108765,0.14183646440505981,0.12598353624343872
877.0,0.0001,0.2,128.0,4.0,0.4058898389339447,0.3039284944534302,0.182645782828331,0.13676437735557556,0.37030118703842163,0.2533601224422455,0.1666313260793686,0.11400917172431946
878.0,0.0001,0.2,128.0,4.0,0.29922887682914734,0.2569405436515808,0.1476455181837082,0.12677961587905884,0.3975178003311157,0.3731594383716583,0.196143239736557,0.18412432074546814
879.0,0.0001,0.2,128.0,4.0,0.2542020380496979,0.1768774688243866,0.11455413699150085,0.07970843464136124,0.32582682371139526,0.21861377358436584,0.14683127403259277,0.0985165536403656
880.0,0.0001,0.2,128.0,4.0,0.25515079498291016,0.1852252334356308,0.11047105491161346,0.0801958292722702,0.22859664261341095,0.1758960485458374,0.09897410124540329,0.0761566311120987
881.0,0.0001,0.2,128.0,4.0,0.25643759965896606,0.1760484129190445,0.12723658978939056,0.08734989911317825,0.34331396222114563,0.2484952211380005,0.17034199833869934,0.12329579889774323
882.0,0.0001,0.2,128.0,4.0,0.186984583735466,0.15261247754096985,0.08887273073196411,0.07253585010766983,0.15736377239227295,0.12077638506889343,0.07479412853717804,0.05740433931350708
883.0,0.0001,0.2,128.0,4.0,0.3111697733402252,0.2526887059211731,0.12390293180942535,0.1006166860461235,0.3503449559211731,0.22751054167747498,0.13950186967849731,0.09059113264083862
884.0,0.0001,0.2,128.0,4.0,0.24644094705581665,0.15655812621116638,0.11537451297044754,0.07329471409320831,0.18159253895282745,0.14878955483436584,0.08501488715410233,0.06965774297714233
885.0,0.0001,0.2,128.0,4.0,0.27265381813049316,0.1778430938720703,0.12553264200687408,0.08188080787658691,0.18440835177898407,0.15238924324512482,0.08490351587533951,0.07016158849000931
886.0,0.0001,0.2,128.0,4.0,0.2056856006383896,0.18357977271080017,0.09945148229598999,0.0887630432844162,0.31780797243118286,0.26603829860687256,0.1536639779806137,0.12863272428512573
887.0,0.0001,0.2,128.0,4.0,0.3440597951412201,0.25781047344207764,0.1510876715183258,0.11321283131837845,0.42634817957878113,0.32173165678977966,0.1872231513261795,0.14128267765045166
888.0,0.0001,0.2,128.0,4.0,0.26281988620758057,0.1818489134311676,0.11118727177381516,0.07693208754062653,0.22765487432479858,0.15907245874404907,0.09631053358316422,0.06729640066623688
889.0,0.0001,0.2,128.0,4.0,0.34226086735725403,0.2254030853509903,0.14480973780155182,0.09536750614643097,0.29031655192375183,0.19021372497081757,0.12283220142126083,0.08047895133495331
860.0,0.0001,0.2,256.0,2.0,0.3117501437664032,0.25221458077430725,0.14525233209133148,0.11751320213079453,0.2912015914916992,0.24916675686836243,0.135678231716156,0.11609313637018204
861.0,0.0001,0.2,256.0,2.0,0.23205997049808502,0.1762872040271759,0.10103432089090347,0.0767519623041153,0.2464500516653061,0.17685475945472717,0.10729945451021194,0.07699905335903168
862.0,0.0001,0.2,256.0,2.0,0.39958348870277405,0.3258028030395508,0.1755797415971756,0.14316001534461975,0.19841836392879486,0.18026843667030334,0.08718638867139816,0.07921118289232254
863.0,0.0001,0.2,256.0,2.0,0.12268687784671783,0.09653088450431824,0.061324343085289,0.048250410705804825,0.17344559729099274,0.13958662748336792,0.08669579774141312,0.06977158784866333
864.0,0.0001,0.2,256.0,2.0,0.3138091564178467,0.24433276057243347,0.14361903071403503,0.1118222251534462,0.34951505064964294,0.23529082536697388,0.1599603295326233,0.10768403857946396
865.0,0.0001,0.2,256.0,2.0,0.23113369941711426,0.1887529194355011,0.10154476016759872,0.0829254686832428,0.4358236789703369,0.32150518894195557,0.1914719045162201,0.14124798774719238
866.0,0.0001,0.2,256.0,2.0,0.22655823826789856,0.17562025785446167,0.10378260910511017,0.08044874668121338,0.27363646030426025,0.23300111293792725,0.12534834444522858,0.10673397779464722
867.0,0.0001,0.2,256.0,2.0,0.21211698651313782,0.1460529863834381,0.08885762840509415,0.061182841658592224,0.2842518985271454,0.2146238088607788,0.11907556653022766,0.08990775048732758
868.0,0.0001,0.2,256.0,2.0,0.2939245402812958,0.23523855209350586,0.12870144844055176,0.10300448536872864,0.14802324771881104,0.1228257492184639,0.06481530517339706,0.05378201603889465
869.0,0.0001,0.2,256.0,2.0,0.24176691472530365,0.18197986483573914,0.11112285405397415,0.08364306390285492,0.22468286752700806,0.1880330592393875,0.10327056050300598,0.08642527461051941
870.0,0.0001,0.2,256.0,2.0,0.17745791375637054,0.1597547084093094,0.07444707304239273,0.0670202374458313,0.29482585191726685,0.22905373573303223,0.12368519604206085,0.09609251469373703
871.0,0.0001,0.2,256.0,2.0,0.15822693705558777,0.13181421160697937,0.07617362588644028,0.06345801055431366,0.14155147969722748,0.11477944999933243,0.0681457370519638,0.05525714159011841
872.0,0.0001,0.2,256.0,2.0,0.16859042644500732,0.14377984404563904,0.0735701322555542,0.06274320185184479,0.2970542013645172,0.22447805106639862,0.12962962687015533,0.09795859456062317
873.0,0.0001,0.2,256.0,2.0,0.15549379587173462,0.09855471551418304,0.07369942963123322,0.0467120036482811,0.239108607172966,0.17388463020324707,0.11333037912845612,0.08241614699363708
874.0,0.0001,0.2,256.0,2.0,0.3994861841201782,0.33636024594306946,0.18246398866176605,0.15363144874572754,0.42536428570747375,0.36665377020835876,0.19428376853466034,0.16746792197227478
875.0,0.0001,0.2,256.0,2.0,0.20671012997627258,0.16868528723716736,0.09099911898374557,0.07425960898399353,0.24241341650485992,0.19460275769233704,0.10671661049127579,0.08566914498806
876.0,0.0001,0.2,256.0,2.0,0.2393462359905243,0.20974096655845642,0.11314140260219574,0.09914667904376984,0.26235291361808777,0.2394646853208542,0.12401688098907471,0.11319738626480103
877.0,0.0001,0.2,256.0,2.0,0.5760947465896606,0.40208542346954346,0.25923606753349304,0.1809338629245758,0.44105708599090576,0.3751593828201294,0.19847066700458527,0.1688174456357956
878.0,0.0001,0.2,256.0,2.0,0.25785502791404724,0.2105764001607895,0.12723085284233093,0.10390262305736542,0.2501041293144226,0.20607486367225647,0.12340639531612396,0.10168147087097168
879.0,0.0001,0.2,256.0,2.0,0.2354547530412674,0.19445526599884033,0.10610580444335938,0.08762971311807632,0.35342904925346375,0.2707560062408447,0.1592700034379959,0.12201403081417084
880.0,0.0001,0.2,256.0,2.0,0.25165408849716187,0.19922131299972534,0.10895711183547974,0.08625561743974686,0.24239368736743927,0.18492914736270905,0.10494771599769592,0.08006764948368073
881.0,0.0001,0.2,256.0,2.0,0.20337386429309845,0.15899387001991272,0.10090795159339905,0.0788879469037056,0.2860744893550873,0.20058834552764893,0.14194151759147644,0.09952587634325027
882.0,0.0001,0.2,256.0,2.0,0.1874127984046936,0.16606920957565308,0.08907625824213028,0.0789317637681961,0.16103723645210266,0.1322694718837738,0.07654009014368057,0.0628669261932373
883.0,0.0001,0.2,256.0,2.0,0.47907403111457825,0.36195892095565796,0.1907597929239273,0.14412635564804077,0.5490230917930603,0.38550448417663574,0.218612402677536,0.15350183844566345
884.0,0.0001,0.2,256.0,2.0,0.2428922802209854,0.13610655069351196,0.11371317505836487,0.06372004747390747,0.18981783092021942,0.16319873929023743,0.08886566013097763,0.07640358060598373
885.0,0.0001,0.2,256.0,2.0,0.2818438708782196,0.21393263339996338,0.12976385653018951,0.09849680960178375,0.234990656375885,0.20976687967777252,0.10819214582443237,0.09657885879278183
886.0,0.0001,0.2,256.0,2.0,0.18089978396892548,0.13849109411239624,0.08746723085641861,0.0669621080160141,0.3433261513710022,0.2849511504173279,0.16600234806537628,0.13777732849121094
887.0,0.0001,0.2,256.0,2.0,0.23191027343273163,0.1534743309020996,0.10183923691511154,0.06739550083875656,0.25710994005203247,0.16513603925704956,0.11290520429611206,0.07251651585102081
888.0,0.0001,0.2,256.0,2.0,0.33553844690322876,0.22316211462020874,0.14195124804973602,0.09440986067056656,0.2563624978065491,0.2042532116174698,0.10845544189214706,0.08641034364700317
889.0,0.0001,0.2,256.0,2.0,0.3448997437953949,0.23670247197151184,0.14592623710632324,0.10014823079109192,0.2899622619152069,0.2272356152534485,0.12268231064081192,0.09614282101392746
860.0,0.0001,0.2,256.0,3.0,0.3227819800376892,0.253978967666626,0.1503923535346985,0.11833526939153671,0.2560407221317291,0.2230096459388733,0.11929590255022049,0.10390588641166687
861.0,0.0001,0.2,256.0,3.0,0.27240002155303955,0.23448574542999268,0.11859758198261261,0.10209046304225922,0.3030673861503601,0.23059064149856567,0.1319495439529419,0.100394606590271
862.0,0.0001,0.2,256.0,3.0,0.4676300883293152,0.37068110704421997,0.20547986030578613,0.1628798395395279,0.22510425746440887,0.20483532547950745,0.09891236573457718,0.09000605344772339
863.0,0.0001,0.2,256.0,3.0,0.11450072377920151,0.09585652500391006,0.05723255127668381,0.04791335016489029,0.17099027335643768,0.1330653429031372,0.08546850830316544,0.06651195138692856
864.0,0.0001,0.2,256.0,3.0,0.217630535364151,0.1795991063117981,0.09960158169269562,0.08219597488641739,0.37283018231391907,0.2493710219860077,0.1706308275461197,0.11412805318832397
865.0,0.0001,0.2,256.0,3.0,0.21136364340782166,0.15009582042694092,0.09285909682512283,0.06594211608171463,0.3806062638759613,0.2752942442893982,0.1672130674123764,0.12094596773386002
866.0,0.0001,0.2,256.0,3.0,0.16519515216350555,0.11221449077129364,0.0756731703877449,0.05140361189842224,0.265918105840683,0.20554065704345703,0.12181270122528076,0.09415478259325027
867.0,0.0001,0.2,256.0,3.0,0.3066500425338745,0.21183069050312042,0.12845836579799652,0.08873771131038666,0.3933611214160919,0.2841002941131592,0.1647823452949524,0.11901206523180008
868.0,0.0001,0.2,256.0,3.0,0.326060950756073,0.21233509480953217,0.1427731215953827,0.0929756835103035,0.2501978278160095,0.17003194987773895,0.10955475270748138,0.07445231080055237
869.0,0.0001,0.2,256.0,3.0,0.23662933707237244,0.18024468421936035,0.1087614893913269,0.0828455239534378,0.15188853442668915,0.1336878538131714,0.06981223076581955,0.061446696519851685
870.0,0.0001,0.2,256.0,3.0,0.1760660707950592,0.11411566287279129,0.07386316359043121,0.04787375032901764,0.30605876445770264,0.18438108265399933,0.1283976286649704,0.07735147327184677
871.0,0.0001,0.2,256.0,3.0,0.17677445709705353,0.1554408222436905,0.08510278165340424,0.07483234256505966,0.13376516103744507,0.09954604506492615,0.06439723819494247,0.04792346805334091
872.0,0.0001,0.2,256.0,3.0,0.1641283482313156,0.152028888463974,0.07162294536828995,0.06634294986724854,0.2720213532447815,0.1962689757347107,0.11870571970939636,0.08564861118793488
873.0,0.0001,0.2,256.0,3.0,0.1941584199666977,0.13798590004444122,0.09202533215284348,0.06540122628211975,0.26141002774238586,0.14854976534843445,0.12390061467885971,0.0704081803560257
874.0,0.0001,0.2,256.0,3.0,0.27674567699432373,0.20851361751556396,0.12640269100666046,0.09523791074752808,0.260623037815094,0.21310846507549286,0.11903872340917587,0.09733659774065018
875.0,0.0001,0.2,256.0,3.0,0.18809910118579865,0.15689846873283386,0.0828060656785965,0.0690707415342331,0.24610751867294312,0.20395749807357788,0.10834286361932755,0.08978734165430069
876.0,0.0001,0.2,256.0,3.0,0.30378830432891846,0.26695045828819275,0.14360380172729492,0.126190185546875,0.3615882992744446,0.26189088821411133,0.17092645168304443,0.12379846721887589
877.0,0.0001,0.2,256.0,3.0,0.3910476267337799,0.24840612709522247,0.17596696317195892,0.11177992820739746,0.3038880228996277,0.21345433592796326,0.13674615323543549,0.09605203568935394
878.0,0.0001,0.2,256.0,3.0,0.23425641655921936,0.17296138405799866,0.11558680981397629,0.08534261584281921,0.19783198833465576,0.117705337703228,0.09761426597833633,0.05807817727327347
879.0,0.0001,0.2,256.0,3.0,0.2505395710468292,0.21209046244621277,0.1129036620259285,0.09557688236236572,0.3037797510623932,0.2502172887325287,0.13689593970775604,0.11275844275951385
880.0,0.0001,0.2,256.0,3.0,0.28060033917427063,0.20999523997306824,0.12148980051279068,0.0909203439950943,0.24032147228717804,0.20380127429962158,0.10405053943395615,0.08823859691619873
881.0,0.0001,0.2,256.0,3.0,0.2210531234741211,0.17739593982696533,0.10967987775802612,0.0880185067653656,0.3040747046470642,0.20622429251670837,0.15087264776229858,0.10232225060462952
882.0,0.0001,0.2,256.0,3.0,0.22910086810588837,0.20260225236415863,0.1088903546333313,0.09629572182893753,0.23504884541034698,0.20793500542640686,0.11171738803386688,0.09883032739162445
883.0,0.0001,0.2,256.0,3.0,0.28338032960891724,0.22101697325706482,0.11283761262893677,0.08800549805164337,0.3298206627368927,0.21124793589115143,0.13132940232753754,0.08411559462547302
884.0,0.0001,0.2,256.0,3.0,0.34397971630096436,0.23123902082443237,0.1610385775566101,0.10825754702091217,0.26132768392562866,0.22187089920043945,0.12234392762184143,0.10387172549962997
885.0,0.0001,0.2,256.0,3.0,0.2281206101179123,0.16440832614898682,0.10502909123897552,0.07569529861211777,0.18142853677272797,0.11160288751125336,0.08353157341480255,0.0513831228017807
886.0,0.0001,0.2,256.0,3.0,0.17239749431610107,0.13218384981155396,0.08335629105567932,0.06391250342130661,0.30764010548591614,0.2285008728504181,0.14874772727489471,0.11048293858766556
887.0,0.0001,0.2,256.0,3.0,0.25416237115859985,0.16555416584014893,0.11161084473133087,0.0727001428604126,0.4081161916255951,0.2768275737762451,0.1792168915271759,0.1215638518333435
888.0,0.0001,0.2,256.0,3.0,0.3334144055843353,0.19390073418617249,0.14105264842510223,0.08203069120645523,0.25885850191116333,0.19550587236881256,0.10951140522956848,0.08270974457263947
889.0,0.0001,0.2,256.0,3.0,0.4700866937637329,0.32764557003974915,0.19889254868030548,0.13862602412700653,0.35829052329063416,0.3057697117328644,0.15159180760383606,0.12937039136886597
860.0,0.0001,0.2,256.0,4.0,0.319458544254303,0.25730451941490173,0.1488438993692398,0.11988473683595657,0.23146143555641174,0.20405687391757965,0.1078437864780426,0.09507529437541962
861.0,0.0001,0.2,256.0,4.0,0.2841126024723053,0.19254329800605774,0.12369702011346817,0.08382954448461533,0.27778714895248413,0.17171113193035126,0.12094303220510483,0.07475963234901428
862.0,0.0001,0.2,256.0,4.0,0.453903466463089,0.3183080554008484,0.19944828748703003,0.13986675441265106,0.13973185420036316,0.11244390159845352,0.06139913946390152,0.04940862953662872
863.0,0.0001,0.2,256.0,4.0,0.11826754361391068,0.10138038545846939,0.05911535769701004,0.05067440867424011,0.15338203310966492,0.13337069749832153,0.07666714489459991,0.06666458398103714
864.0,0.0001,0.2,256.0,4.0,0.39654362201690674,0.29996630549430847,0.18148359656333923,0.13728366792201996,0.41318386793136597,0.29394346475601196,0.1890992522239685,0.13452723622322083
865.0,0.0001,0.2,256.0,4.0,0.3117467761039734,0.21209727227687836,0.13696077466011047,0.09318142384290695,0.4032766819000244,0.2878292202949524,0.1771729290485382,0.12645301222801208
866.0,0.0001,0.2,256.0,4.0,0.20773421227931976,0.17794160544872284,0.0951596200466156,0.08151212334632874,0.2539460361003876,0.22543086111545563,0.11632850766181946,0.10326617956161499
867.0,0.0001,0.2,256.0,4.0,0.34661081433296204,0.2590145468711853,0.145198255777359,0.10850343108177185,0.43091100454330444,0.294913649559021,0.18051232397556305,0.12354185432195663
868.0,0.0001,0.2,256.0,4.0,0.38684412837028503,0.26636460423469543,0.16938839852809906,0.11663373559713364,0.27271324396133423,0.2169586718082428,0.11941362917423248,0.09500022232532501
869.0,0.0001,0.2,256.0,4.0,0.2530791759490967,0.16768060624599457,0.11632228642702103,0.07707071304321289,0.19373032450675964,0.13473860919475555,0.08904390782117844,0.06192965805530548
870.0,0.0001,0.2,256.0,4.0,0.2249523103237152,0.18545974791049957,0.09437188506126404,0.07780398428440094,0.34117475152015686,0.23921258747577667,0.14312945306301117,0.10035434365272522
871.0,0.0001,0.2,256.0,4.0,0.2082466185092926,0.1619589626789093,0.1002541333436966,0.07797031849622726,0.09511759877204895,0.07541969418525696,0.04579152539372444,0.03630855679512024
872.0,0.0001,0.2,256.0,4.0,0.1760120838880539,0.1534014344215393,0.07680882513523102,0.06694190949201584,0.25087860226631165,0.1480501890182495,0.1094793826341629,0.06460671126842499
873.0,0.0001,0.2,256.0,4.0,0.21049678325653076,0.15156397223472595,0.0997692197561264,0.07183682918548584,0.20438413321971893,0.12268652021884918,0.0968720093369484,0.05814976990222931
874.0,0.0001,0.2,256.0,4.0,0.20605386793613434,0.17478066682815552,0.09411445260047913,0.07983050495386124,0.2052910178899765,0.17726051807403564,0.09376602619886398,0.08096317946910858
875.0,0.0001,0.2,256.0,4.0,0.22271722555160522,0.1817736029624939,0.09804587066173553,0.080021433532238,0.20112694799900055,0.16231848299503326,0.08854126930236816,0.07145677506923676
876.0,0.0001,0.2,256.0,4.0,0.21602952480316162,0.19342555105686188,0.10211935639381409,0.09143422544002533,0.2562788724899292,0.22435684502124786,0.12114562094211578,0.10605575144290924
877.0,0.0001,0.2,256.0,4.0,0.3443056046962738,0.24590986967086792,0.15493358671665192,0.11065664887428284,0.35650384426116943,0.27279752492904663,0.160422682762146,0.12275578081607819
878.0,0.0001,0.2,256.0,4.0,0.3181924521923065,0.2419174313545227,0.1570025235414505,0.11936690658330917,0.27018049359321594,0.1460171639919281,0.13331246376037598,0.07204779982566833
879.0,0.0001,0.2,256.0,4.0,0.20741678774356842,0.17626844346523285,0.09347071498632431,0.07943396270275116,0.2874508202075958,0.2213154435157776,0.1295374184846878,0.09973403811454773
880.0,0.0001,0.2,256.0,4.0,0.19836607575416565,0.15830391645431519,0.08588532358407974,0.06853987276554108,0.23396898806095123,0.2071826159954071,0.10130013525485992,0.08970259875059128
881.0,0.0001,0.2,256.0,4.0,0.31407076120376587,0.24542365968227386,0.1558324247598648,0.12177180498838425,0.3676857650279999,0.2794532775878906,0.182434543967247,0.13865627348423004
882.0,0.0001,0.2,256.0,4.0,0.19816988706588745,0.12529127299785614,0.09418904036283493,0.05955023691058159,0.14893846213817596,0.10687795281410217,0.0707896277308464,0.05079849809408188
883.0,0.0001,0.2,256.0,4.0,0.29625606536865234,0.2400507628917694,0.11796453595161438,0.0955844596028328,0.33212918043136597,0.22420787811279297,0.1322486251592636,0.08927605301141739
884.0,0.0001,0.2,256.0,4.0,0.28754279017448425,0.17306065559387207,0.134616881608963,0.08102059364318848,0.2617814540863037,0.20556999742984772,0.12255637347698212,0.09624025225639343
885.0,0.0001,0.2,256.0,4.0,0.38417595624923706,0.2514849901199341,0.17687861621379852,0.11578630656003952,0.24109137058258057,0.21641533076763153,0.11100097000598907,0.09963987022638321
886.0,0.0001,0.2,256.0,4.0,0.18133224546909332,0.13919009268283844,0.08767632395029068,0.06730008125305176,0.2849598526954651,0.2275283932685852,0.1377815455198288,0.1100127324461937
887.0,0.0001,0.2,256.0,4.0,0.22726856172084808,0.16049626469612122,0.09980089962482452,0.07047905772924423,0.3086342215538025,0.17784832417964935,0.13553118705749512,0.07809889316558838
888.0,0.0001,0.2,256.0,4.0,0.32853466272354126,0.23816385865211487,0.13898824155330658,0.10075640678405762,0.2658470869064331,0.1992114782333374,0.11246795207262039,0.08427742123603821
889.0,0.0001,0.2,256.0,4.0,0.3611620366573334,0.2662500739097595,0.15280677378177643,0.11264973878860474,0.23414313793182373,0.14915622770786285,0.0990653783082962,0.06310763210058212
860.0,0.0005,0.0,64.0,3.0,0.23904575407505035,0.19848355650901794,0.1113775223493576,0.09247855842113495,0.2233775109052658,0.19404013454914093,0.10407726466655731,0.09040824323892593
861.0,0.0005,0.0,64.0,3.0,0.26703283190727234,0.22200442850589752,0.11626080423593521,0.09665633738040924,0.23711082339286804,0.19861535727977753,0.10323336720466614,0.08647319674491882
862.0,0.0005,0.0,64.0,3.0,0.3856338858604431,0.2937454283237457,0.16945019364356995,0.12907376885414124,0.1408839076757431,0.12679354846477509,0.061905357986688614,0.0557139590382576
863.0,0.0005,0.0,64.0,3.0,0.14603902399539948,0.10573065280914307,0.07299678027629852,0.05284886807203293,0.18347975611686707,0.1488988697528839,0.09171130508184433,0.07442624866962433
864.0,0.0005,0.0,64.0,3.0,0.23736561834812164,0.19043943285942078,0.1086336225271225,0.08715721219778061,0.33430245518684387,0.22131994366645813,0.15299807488918304,0.10129007697105408
865.0,0.0005,0.0,64.0,3.0,0.2447298765182495,0.15472736954689026,0.10751799494028091,0.06797689199447632,0.32757094502449036,0.2374008148908615,0.14391286671161652,0.10429811477661133
866.0,0.0005,0.0,64.0,3.0,0.20565277338027954,0.15349739789962769,0.09420616179704666,0.07031463086605072,0.2835049033164978,0.23474834859371185,0.12986892461776733,0.10753435641527176
867.0,0.0005,0.0,64.0,3.0,0.263309508562088,0.1850614994764328,0.11030261963605881,0.0775238573551178,0.22688494622707367,0.15244370698928833,0.09504405409097672,0.06385999917984009
868.0,0.0005,0.0,64.0,3.0,0.2985239028930664,0.23060205578804016,0.13071539998054504,0.10097430646419525,0.18119749426841736,0.13766968250274658,0.07934138923883438,0.060281768441200256
869.0,0.0005,0.0,64.0,3.0,0.24358291923999786,0.20210421085357666,0.11195754259824753,0.09289276599884033,0.1484336107969284,0.12332133203744888,0.06822426617145538,0.05668196082115173
870.0,0.0005,0.0,64.0,3.0,0.1936323046684265,0.14306539297103882,0.08123253285884857,0.06001872941851616,0.3629956841468811,0.25122782588005066,0.15228375792503357,0.10539496690034866
871.0,0.0005,0.0,64.0,3.0,0.23304124176502228,0.20181883871555328,0.11219075322151184,0.09715965390205383,0.1288788616657257,0.1122792437672615,0.06204488128423691,0.05405349284410477
872.0,0.0005,0.0,64.0,3.0,0.18314959108829498,0.14481061697006226,0.07992353290319443,0.06319302320480347,0.26485562324523926,0.18757367134094238,0.11557868868112564,0.08185410499572754
873.0,0.0005,0.0,64.0,3.0,0.21879099309444427,0.18578201532363892,0.1037004366517067,0.08805516362190247,0.20087940990924835,0.15969055891036987,0.09521087259054184,0.07568857818841934
874.0,0.0005,0.0,64.0,3.0,0.1744791567325592,0.15258270502090454,0.0796927958726883,0.06969166547060013,0.22328095138072968,0.18259549140930176,0.10198285430669785,0.08339990675449371
875.0,0.0005,0.0,64.0,3.0,0.1956387311220169,0.15667694807052612,0.0861252099275589,0.06897322088479996,0.1933402270078659,0.15264064073562622,0.08511334657669067,0.06719635426998138
876.0,0.0005,0.0,64.0,3.0,0.13927145302295685,0.11927777528762817,0.06583501398563385,0.056383803486824036,0.22032330930233002,0.16488075256347656,0.10414907336235046,0.07794081419706345
877.0,0.0005,0.0,64.0,3.0,0.349357932806015,0.22026899456977844,0.15720708668231964,0.09911854565143585,0.24246108531951904,0.18002349138259888,0.10910472273826599,0.08100853115320206
878.0,0.0005,0.0,64.0,3.0,0.20913296937942505,0.1518794596195221,0.10319039970636368,0.07494036853313446,0.2297613024711609,0.1424274444580078,0.11336882412433624,0.07027655094861984
879.0,0.0005,0.0,64.0,3.0,0.18019121885299683,0.11491341888904572,0.08120173960924149,0.05178481712937355,0.24346570670604706,0.15472258627414703,0.10971588641405106,0.06972450017929077
880.0,0.0005,0.0,64.0,3.0,0.2599779963493347,0.20278610289096832,0.11256104707717896,0.08779904246330261,0.20725934207439423,0.1674644649028778,0.08973580598831177,0.07250607013702393
881.0,0.0005,0.0,64.0,3.0,0.20327439904212952,0.1477746218442917,0.10085859894752502,0.07332129031419754,0.25402501225471497,0.1995539665222168,0.126039519906044,0.09901264309883118
882.0,0.0005,0.0,64.0,3.0,0.25126397609710693,0.20526158809661865,0.11942437291145325,0.09755970537662506,0.13049525022506714,0.09869037568569183,0.062023669481277466,0.04690698906779289
883.0,0.0005,0.0,64.0,3.0,0.32294052839279175,0.23736964166164398,0.12858986854553223,0.09451688081026077,0.3686204254627228,0.2515530288219452,0.146778866648674,0.10016445815563202
884.0,0.0005,0.0,64.0,3.0,0.17556624114513397,0.11798261106014252,0.08219362050294876,0.05523509904742241,0.3004680275917053,0.20031628012657166,0.14066797494888306,0.09378066658973694
885.0,0.0005,0.0,64.0,3.0,0.2294652760028839,0.19910293817520142,0.10564818233251572,0.09166905283927917,0.19139760732650757,0.14912652969360352,0.0881214514374733,0.06865940988063812
886.0,0.0005,0.0,64.0,3.0,0.14536164700984955,0.11037233471870422,0.07028412818908691,0.053366366773843765,0.23648180067539215,0.18277376890182495,0.11434181779623032,0.0883733332157135
887.0,0.0005,0.0,64.0,3.0,0.22419506311416626,0.16176283359527588,0.09845124185085297,0.07103525102138519,0.32128092646598816,0.25314271450042725,0.14108476042747498,0.11116307973861694
888.0,0.0005,0.0,64.0,3.0,0.21309691667556763,0.15379971265792847,0.09015171974897385,0.06506574898958206,0.2895762026309967,0.21916474401950836,0.12250666320323944,0.09271874278783798
889.0,0.0005,0.0,64.0,3.0,0.29255416989326477,0.22024643421173096,0.12377897650003433,0.09318573027849197,0.21729157865047455,0.16584207117557526,0.09193553775548935,0.07016737759113312
860.0,0.0005,0.0,128.0,2.0,0.20253826677799225,0.15030516684055328,0.09436774253845215,0.07003100961446762,0.22226150333881378,0.16730152070522308,0.10355730354785919,0.07795004546642303
861.0,0.0005,0.0,128.0,2.0,0.2722654938697815,0.1822906732559204,0.11853901296854019,0.07936574518680573,0.25947877764701843,0.19739952683448792,0.11297192424535751,0.08594384789466858
862.0,0.0005,0.0,128.0,2.0,0.38473010063171387,0.2775586247444153,0.16905304789543152,0.12196117639541626,0.13985200226306915,0.09504634141921997,0.06145193427801132,0.04176401346921921
863.0,0.0005,0.0,128.0,2.0,0.11935756355524063,0.08500024676322937,0.059660207480192184,0.042486898601055145,0.1742093563079834,0.12887561321258545,0.08707757294178009,0.0644177496433258
864.0,0.0005,0.0,128.0,2.0,0.22670170664787292,0.19992685317993164,0.10375311225652695,0.0914992243051529,0.33870911598205566,0.2634150981903076,0.15501482784748077,0.12055549770593643
865.0,0.0005,0.0,128.0,2.0,0.16197849810123444,0.14411595463752747,0.07116256654262543,0.06331495940685272,0.3642914891242981,0.2690313160419464,0.16004543006420135,0.11819444596767426
866.0,0.0005,0.0,128.0,2.0,0.17802225053310394,0.11301553249359131,0.08154907077550888,0.05177056044340134,0.3052997887134552,0.2401844710111618,0.13985282182693481,0.11002455651760101
867.0,0.0005,0.0,128.0,2.0,0.24646121263504028,0.19044852256774902,0.10324470698833466,0.07978051900863647,0.18606625497341156,0.1391044408082962,0.07794474810361862,0.058272041380405426
868.0,0.0005,0.0,128.0,2.0,0.2514398396015167,0.21173754334449768,0.11009857058525085,0.09271402657032013,0.1904536336660385,0.15343011915683746,0.08339441567659378,0.06718282401561737
869.0,0.0005,0.0,128.0,2.0,0.20218324661254883,0.16132405400276184,0.09292909502983093,0.07414905726909637,0.1733800768852234,0.13487227261066437,0.0796903595328331,0.061991095542907715
870.0,0.0005,0.0,128.0,2.0,0.13253191113471985,0.10909232497215271,0.055599723011255264,0.045766353607177734,0.2935020327568054,0.21608000993728638,0.12312982976436615,0.09064978361129761
871.0,0.0005,0.0,128.0,2.0,0.1616496443748474,0.12648895382881165,0.07782140374183655,0.06089434400200844,0.1337551325559616,0.11235073953866959,0.06439242511987686,0.054087914526462555
872.0,0.0005,0.0,128.0,2.0,0.17635966837406158,0.14476189017295837,0.07696051895618439,0.06317175924777985,0.28974759578704834,0.1969490349292755,0.12644118070602417,0.08594539761543274
873.0,0.0005,0.0,128.0,2.0,0.19364434480667114,0.14078310132026672,0.09178168326616287,0.06672700494527817,0.2634136378765106,0.17993180453777313,0.12485025823116302,0.0852823406457901
874.0,0.0005,0.0,128.0,2.0,0.17543856799602509,0.13325384259223938,0.08013098686933517,0.06086326390504837,0.26639655232429504,0.18833251297473907,0.1216757595539093,0.08602026849985123
875.0,0.0005,0.0,128.0,2.0,0.236555814743042,0.19009198248386383,0.10413797199726105,0.08368338644504547,0.3534007668495178,0.22665444016456604,0.15557612478733063,0.09977912157773972
876.0,0.0005,0.0,128.0,2.0,0.15466533601284027,0.1294609159231186,0.0731118693947792,0.06119747832417488,0.24052847921848297,0.1775139421224594,0.1137002557516098,0.08391264081001282
877.0,0.0005,0.0,128.0,2.0,0.3424105644226074,0.22162514925003052,0.1540808379650116,0.0997287929058075,0.28982794284820557,0.21620875597000122,0.1304192692041397,0.0972914770245552
878.0,0.0005,0.0,128.0,2.0,0.24169880151748657,0.18327495455741882,0.11925902962684631,0.09043153375387192,0.221607968211174,0.1465264856815338,0.10934580862522125,0.07229910045862198
879.0,0.0005,0.0,128.0,2.0,0.19425414502620697,0.15835198760032654,0.08753908425569534,0.07136005163192749,0.2641817629337311,0.213932067155838,0.11905139684677124,0.09640678763389587
880.0,0.0005,0.0,128.0,2.0,0.2252703309059143,0.1808577924966812,0.09753389656543732,0.07830488681793213,0.23730385303497314,0.21630653738975525,0.10274400562047958,0.09365292638540268
881.0,0.0005,0.0,128.0,2.0,0.20746389031410217,0.16912026703357697,0.10293732583522797,0.08391235768795013,0.2568798363208771,0.2054392397403717,0.12745599448680878,0.10193274170160294
882.0,0.0005,0.0,128.0,2.0,0.2939523160457611,0.2608025074005127,0.13971388339996338,0.12395797669887543,0.23435361683368683,0.20381788909435272,0.11138696223497391,0.09687349200248718
883.0,0.0005,0.0,128.0,2.0,0.46968981623649597,0.3248635530471802,0.18702314794063568,0.12935557961463928,0.5647883415222168,0.3460972309112549,0.22488988935947418,0.13781048357486725
884.0,0.0005,0.0,128.0,2.0,0.22694231569766998,0.1535274088382721,0.1062459945678711,0.07187585532665253,0.20205311477184296,0.1542723923921585,0.09459377080202103,0.07222460210323334
885.0,0.0005,0.0,128.0,2.0,0.28670427203178406,0.1798170804977417,0.1320016235113144,0.08278964459896088,0.211720272898674,0.14435160160064697,0.09747819602489471,0.066460981965065
886.0,0.0005,0.0,128.0,2.0,0.14807584881782532,0.11511924117803574,0.07159645855426788,0.05566154047846794,0.23226238787174225,0.16597715020179749,0.11230166256427765,0.08025196194648743
887.0,0.0005,0.0,128.0,2.0,0.23727157711982727,0.15504124760627747,0.1041935533285141,0.06808358430862427,0.27201029658317566,0.20301871001720428,0.1194484531879425,0.0891520231962204
888.0,0.0005,0.0,128.0,2.0,0.21432112157344818,0.14639271795749664,0.09066962450742722,0.061932165175676346,0.2645704746246338,0.21642936766147614,0.11192786693572998,0.09156152606010437
889.0,0.0005,0.0,128.0,2.0,0.25392061471939087,0.19265171885490417,0.10743318498134613,0.08151046931743622,0.2622765004634857,0.18787680566310883,0.11096854507923126,0.07949019968509674
860.0,0.0005,0.0,128.0,3.0,0.3296377658843994,0.2397862672805786,0.15358664095401764,0.11172253638505936,0.20494350790977478,0.16845762729644775,0.09548840671777725,0.07848870754241943
861.0,0.0005,0.0,128.0,3.0,0.19981753826141357,0.17490246891975403,0.08699660003185272,0.07614907622337341,0.2442387193441391,0.20619729161262512,0.10633671283721924,0.0897742211818695
862.0,0.0005,0.0,128.0,3.0,0.35572361946105957,0.2441668063402176,0.1563074141740799,0.10728858411312103,0.12542344629764557,0.1038351058959961,0.05511192977428436,0.04562586545944214
863.0,0.0005,0.0,128.0,3.0,0.13706712424755096,0.12193495035171509,0.06851223111152649,0.06094849854707718,0.19278056919574738,0.162494495511055,0.09636026620864868,0.08122195303440094
864.0,0.0005,0.0,128.0,3.0,0.25328487157821655,0.1830921471118927,0.11591928452253342,0.08379462361335754,0.33717870712280273,0.21638187766075134,0.15431442856788635,0.09903010725975037
865.0,0.0005,0.0,128.0,3.0,0.2634047269821167,0.17543700337409973,0.11572249233722687,0.07707533985376358,0.3076517581939697,0.2212933748960495,0.13516171276569366,0.09722159802913666
866.0,0.0005,0.0,128.0,3.0,0.18792720139026642,0.1341407597064972,0.08608635514974594,0.06144767254590988,0.278268426656723,0.21760360896587372,0.1274702101945877,0.09968064725399017
867.0,0.0005,0.0,128.0,3.0,0.25370997190475464,0.1854485124349594,0.10628129541873932,0.07768598198890686,0.19627344608306885,0.1427564024925232,0.0822206363081932,0.059801891446113586
868.0,0.0005,0.0,128.0,3.0,0.2948471009731293,0.24025951325893402,0.12910543382167816,0.10520303249359131,0.1920442283153534,0.16186386346817017,0.08409088850021362,0.07087572664022446
869.0,0.0005,0.0,128.0,3.0,0.3025847375392914,0.20535439252853394,0.13907642662525177,0.09438665211200714,0.22882451117038727,0.1445159614086151,0.10517418384552002,0.06642359495162964
870.0,0.0005,0.0,128.0,3.0,0.19269922375679016,0.11465475708246231,0.08084109425544739,0.048099908977746964,0.39117538928985596,0.2395176738500595,0.16410572826862335,0.10048234462738037
871.0,0.0005,0.0,128.0,3.0,0.16364933550357819,0.1415010541677475,0.07878408581018448,0.06812146306037903,0.11835050582885742,0.08097147941589355,0.0569763146340847,0.03898129612207413
872.0,0.0005,0.0,128.0,3.0,0.16340164840221405,0.14563098549842834,0.07130584120750427,0.06355100870132446,0.260047972202301,0.20976702868938446,0.11348073184490204,0.09153895080089569
873.0,0.0005,0.0,128.0,3.0,0.21287065744400024,0.16351737082004547,0.10089436918497086,0.07750238478183746,0.3065655827522278,0.18204179406166077,0.14530301094055176,0.0862824097275734
874.0,0.0005,0.0,128.0,3.0,0.227950319647789,0.15502241253852844,0.1041155606508255,0.07080598920583725,0.3092277944087982,0.21028506755828857,0.14123879373073578,0.09604702889919281
875.0,0.0005,0.0,128.0,3.0,0.20654118061065674,0.1769219934940338,0.09092475473880768,0.07788561284542084,0.22207199037075043,0.15536300837993622,0.09776180237531662,0.06839480251073837
876.0,0.0005,0.0,128.0,3.0,0.12967368960380554,0.10906270146369934,0.061298076063394547,0.051555052399635315,0.20676808059215546,0.1572159230709076,0.09774136543273926,0.0743175595998764
877.0,0.0005,0.0,128.0,3.0,0.40863263607025146,0.2376839816570282,0.1838800311088562,0.10695506632328033,0.30802738666534424,0.23378333449363708,0.13860879838466644,0.10519983619451523
878.0,0.0005,0.0,128.0,3.0,0.23778891563415527,0.16788044571876526,0.11732980608940125,0.08283555507659912,0.20235833525657654,0.12283927202224731,0.09984763711690903,0.06061135232448578
879.0,0.0005,0.0,128.0,3.0,0.2187051922082901,0.171924889087677,0.09855777770280838,0.07747659087181091,0.3232002556324005,0.23054496943950653,0.14564764499664307,0.10389326512813568
880.0,0.0005,0.0,128.0,3.0,0.20353016257286072,0.15839841961860657,0.08812118321657181,0.068580761551857,0.2119448184967041,0.1638762652873993,0.09176445752382278,0.07095250487327576
881.0,0.0005,0.0,128.0,3.0,0.15931038558483124,0.14348509907722473,0.07904499024152756,0.07119295746088028,0.2745794653892517,0.2107979655265808,0.13623802363872528,0.10459157824516296
882.0,0.0005,0.0,128.0,3.0,0.251109778881073,0.19689559936523438,0.11935106664896011,0.09358338266611099,0.1538211703300476,0.12376029044389725,0.07311034202575684,0.058822572231292725
883.0,0.0005,0.0,128.0,3.0,0.3171393871307373,0.24287879467010498,0.12627996504306793,0.09671053290367126,0.4381564259529114,0.27876365184783936,0.1744670271873474,0.11099931597709656
884.0,0.0005,0.0,128.0,3.0,0.2149217277765274,0.13964219391345978,0.1006183847784996,0.06537530571222305,0.1925337314605713,0.1675032675266266,0.09013713896274567,0.07841881364583969
885.0,0.0005,0.0,128.0,3.0,0.23975694179534912,0.1549525260925293,0.11038658022880554,0.07134173810482025,0.1767694056034088,0.12497526407241821,0.08138646185398102,0.05753990262746811
886.0,0.0005,0.0,128.0,3.0,0.18074218928813934,0.1408296823501587,0.08739103376865387,0.06809285283088684,0.27996042370796204,0.20657497644424438,0.13536424934864044,0.09988150000572205
887.0,0.0005,0.0,128.0,3.0,0.23857001960277557,0.16016332805156708,0.10476374626159668,0.0703328475356102,0.23525987565517426,0.1534726321697235,0.10331016033887863,0.06739475578069687
888.0,0.0005,0.0,128.0,3.0,0.339246541261673,0.20433929562568665,0.14351995289325714,0.08644676953554153,0.2841576039791107,0.2303241789340973,0.1202143058180809,0.09743981063365936
889.0,0.0005,0.0,128.0,3.0,0.4625374674797058,0.3063717484474182,0.19569845497608185,0.1296251118183136,0.31014129519462585,0.21424409747123718,0.1312199980020523,0.09064614772796631
860.0,0.0005,0.0,128.0,4.0,0.38448306918144226,0.2552362382411957,0.17914047837257385,0.11892107874155045,0.24443179368972778,0.1744464933872223,0.1138869971036911,0.08127906173467636
861.0,0.0005,0.0,128.0,4.0,0.2301141917705536,0.17973706126213074,0.10018716752529144,0.07825395464897156,0.24486121535301208,0.18654215335845947,0.10660773515701294,0.08121676743030548
862.0,0.0005,0.0,128.0,4.0,0.35167136788368225,0.2630089819431305,0.15452682971954346,0.11556795239448547,0.13852034509181976,0.11363822221755981,0.060866788029670715,0.04993342608213425
863.0,0.0005,0.0,128.0,4.0,0.11786720901727676,0.1017320454120636,0.05891525000333786,0.05085018649697304,0.1798671931028366,0.1580260694026947,0.08990558981895447,0.07898843288421631
864.0,0.0005,0.0,128.0,4.0,0.2468191236257553,0.1780022382736206,0.11296014487743378,0.08146513998508453,0.31349092721939087,0.20220625400543213,0.14347340166568756,0.09254245460033417
865.0,0.0005,0.0,128.0,4.0,0.26384878158569336,0.17588645219802856,0.11591758579015732,0.07727278769016266,0.4120495915412903,0.3022370934486389,0.18102718889713287,0.13278287649154663
866.0,0.0005,0.0,128.0,4.0,0.15749308466911316,0.10445480048656464,0.07214497029781342,0.04784901440143585,0.41935452818870544,0.30781039595603943,0.1920994073152542,0.1410028636455536
867.0,0.0005,0.0,128.0,4.0,0.24141468107700348,0.18452595174312592,0.10113067924976349,0.07729949802160263,0.21774673461914062,0.18792429566383362,0.09121596813201904,0.07872309535741806
868.0,0.0005,0.0,128.0,4.0,0.24871209263801575,0.17295512557029724,0.10890419036149979,0.0757322907447815,0.17857855558395386,0.14257358014583588,0.07819465547800064,0.062429048120975494
869.0,0.0005,0.0,128.0,4.0,0.3229161202907562,0.19721248745918274,0.1484212875366211,0.09064438194036484,0.21600677073001862,0.14260545372962952,0.09928279370069504,0.06554548442363739
870.0,0.0005,0.0,128.0,4.0,0.19308719038963318,0.1607397198677063,0.08100385218858719,0.0674334466457367,0.37388306856155396,0.2611040771007538,0.15685123205184937,0.1095382571220398
871.0,0.0005,0.0,128.0,4.0,0.15740610659122467,0.12943784892559052,0.07577846944332123,0.0623139813542366,0.11752621829509735,0.08825352042913437,0.05657950043678284,0.04248703271150589
872.0,0.0005,0.0,128.0,4.0,0.1750483512878418,0.13879404962062836,0.07638825476169586,0.0605674684047699,0.2570875287055969,0.18403279781341553,0.11218883842229843,0.0803089439868927
873.0,0.0005,0.0,128.0,4.0,0.16445527970790863,0.10408607870340347,0.07794691622257233,0.049333710223436356,0.2079956829547882,0.1513368785381317,0.09858378767967224,0.07172919064760208
874.0,0.0005,0.0,128.0,4.0,0.27781209349632263,0.2267407774925232,0.12688978016376495,0.10356312245130539,0.22137850522994995,0.18546336889266968,0.10111392289400101,0.08470980823040009
875.0,0.0005,0.0,128.0,4.0,0.2563166916370392,0.19493718445301056,0.11283721774816513,0.08581637591123581,0.3404582738876343,0.24397769570350647,0.14987850189208984,0.10740526765584946
876.0,0.0005,0.0,128.0,4.0,0.13872049748897552,0.1109011098742485,0.06557458639144897,0.052424076944589615,0.24279221892356873,0.17692157626152039,0.11477033793926239,0.08363261073827744
877.0,0.0005,0.0,128.0,4.0,0.27778324484825134,0.22111369669437408,0.1249992847442627,0.09949862957000732,0.22623154520988464,0.1586032509803772,0.10180162638425827,0.07136966288089752
878.0,0.0005,0.0,128.0,4.0,0.28963789343833923,0.18504665791988373,0.14291317760944366,0.09130574017763138,0.20050913095474243,0.12354786694049835,0.09893522411584854,0.06096100062131882
879.0,0.0005,0.0,128.0,4.0,0.1877855807542801,0.15500906109809875,0.08462408930063248,0.06985360383987427,0.22752834856510162,0.16635861992835999,0.10253383964300156,0.07496818900108337
880.0,0.0005,0.0,128.0,4.0,0.2792079448699951,0.22754442691802979,0.12088692933320999,0.098518505692482,0.19556528329849243,0.15777918696403503,0.0846727192401886,0.06831270456314087
881.0,0.0005,0.0,128.0,4.0,0.19473090767860413,0.16271863877773285,0.09661957621574402,0.08073605597019196,0.2632092833518982,0.17207393050193787,0.13059647381305695,0.08537787199020386
882.0,0.0005,0.0,128.0,4.0,0.210192009806633,0.1542765498161316,0.09990308433771133,0.07332678139209747,0.11953628808259964,0.09282846003770828,0.05681493878364563,0.04412085562944412
883.0,0.0005,0.0,128.0,4.0,0.2695329487323761,0.19297921657562256,0.1073237881064415,0.07684129476547241,0.35427501797676086,0.25466346740722656,0.141066774725914,0.10140301287174225
884.0,0.0005,0.0,128.0,4.0,0.20363640785217285,0.14328745007514954,0.09533503651618958,0.06708189100027084,0.1480543464422226,0.12928368151187897,0.06931357085704803,0.060525842010974884
885.0,0.0005,0.0,128.0,4.0,0.29534879326820374,0.20109033584594727,0.13598164916038513,0.09258406609296799,0.27358895540237427,0.1675833761692047,0.12596318125724792,0.07715710997581482
886.0,0.0005,0.0,128.0,4.0,0.2095164656639099,0.1620500683784485,0.10130374133586884,0.0783531665802002,0.2550252377986908,0.2133612036705017,0.12330777943134308,0.10316271334886551
887.0,0.0005,0.0,128.0,4.0,0.24839089810848236,0.16150864958763123,0.10907639563083649,0.07092361152172089,0.368314266204834,0.24360722303390503,0.16173860430717468,0.1069757491350174
888.0,0.0005,0.0,128.0,4.0,0.35789766907691956,0.23734210431575775,0.15141040086746216,0.10040876269340515,0.22059929370880127,0.17774516344070435,0.0933256447315216,0.07519599050283432
889.0,0.0005,0.0,128.0,4.0,0.3458365201950073,0.2248394936323166,0.1463225930929184,0.09512902796268463,0.25729984045028687,0.1767393946647644,0.10886291414499283,0.0747779905796051
860.0,0.0005,0.0,256.0,3.0,0.2629116177558899,0.188296377658844,0.12249722331762314,0.08773207664489746,0.18478508293628693,0.14079318940639496,0.08609607070684433,0.06559912860393524
861.0,0.0005,0.0,256.0,3.0,0.2272845208644867,0.1589045375585556,0.0989551842212677,0.06918389350175858,0.23690533638000488,0.17266739904880524,0.10314389318227768,0.07517597824335098
862.0,0.0005,0.0,256.0,3.0,0.4615054130554199,0.32960954308509827,0.20278863608837128,0.14483270049095154,0.12465973198413849,0.07534968852996826,0.054776351898908615,0.03310917690396309
863.0,0.0005,0.0,256.0,3.0,0.12154846638441086,0.10625287145376205,0.06075530871748924,0.05310989171266556,0.1780579388141632,0.16467276215553284,0.08900124579668045,0.082310751080513
864.0,0.0005,0.0,256.0,3.0,0.23822486400604248,0.17633730173110962,0.10902686417102814,0.08070318400859833,0.31531256437301636,0.23185995221138,0.14430709183216095,0.10611386597156525
865.0,0.0005,0.0,256.0,3.0,0.1993512064218521,0.15359847247600555,0.08758165687322617,0.06748094409704208,0.31368139386177063,0.23912937939167023,0.13781073689460754,0.10505753755569458
866.0,0.0005,0.0,256.0,3.0,0.20256885886192322,0.12173210829496384,0.09279343485832214,0.05576346814632416,0.2604641914367676,0.20331120491027832,0.11931435763835907,0.09313352406024933
867.0,0.0005,0.0,256.0,3.0,0.21814045310020447,0.15505465865135193,0.09138090908527374,0.06495372951030731,0.29475247859954834,0.19959816336631775,0.12347431480884552,0.08361338078975677
868.0,0.0005,0.0,256.0,3.0,0.2753681540489197,0.24449783563613892,0.1205761507153511,0.10705888271331787,0.16671130061149597,0.14211438596248627,0.0729982927441597,0.06222797930240631
869.0,0.0005,0.0,256.0,3.0,0.2660820186138153,0.2185407131910324,0.12229876965284348,0.10044744610786438,0.14709311723709106,0.11698095500469208,0.06760812550783157,0.05376774072647095
870.0,0.0005,0.0,256.0,3.0,0.16117794811725616,0.13343492150306702,0.06761730462312698,0.05597855895757675,0.27793753147125244,0.20750373601913452,0.11660022288560867,0.0870518684387207
871.0,0.0005,0.0,256.0,3.0,0.298404335975647,0.21858984231948853,0.1436578631401062,0.10523355007171631,0.18696795403957367,0.11438304930925369,0.0900101363658905,0.0550663098692894
872.0,0.0005,0.0,256.0,3.0,0.15199364721775055,0.13581877946853638,0.06632755696773529,0.05926911160349846,0.24732139706611633,0.19041603803634644,0.10792703926563263,0.08309447020292282
873.0,0.0005,0.0,256.0,3.0,0.1539374440908432,0.12236282229423523,0.07296179234981537,0.05799635872244835,0.22602078318595886,0.144720196723938,0.10712714493274689,0.06859307736158371
874.0,0.0005,0.0,256.0,3.0,0.2080833911895752,0.1508382111787796,0.09504140168428421,0.06889486312866211,0.24592874944210052,0.1842450201511383,0.11232717335224152,0.08415332436561584
875.0,0.0005,0.0,256.0,3.0,0.20149986445903778,0.16038033366203308,0.08870544284582138,0.07060356438159943,0.21405145525932312,0.18875794112682343,0.09423096477985382,0.08309611678123474
876.0,0.0005,0.0,256.0,3.0,0.14724339544773102,0.11613957583904266,0.06960345804691315,0.05490035563707352,0.1494327038526535,0.12190577387809753,0.07063835114240646,0.057626090943813324
877.0,0.0005,0.0,256.0,3.0,0.3560281991958618,0.25727397203445435,0.16020862758159637,0.11577034741640091,0.23598866164684296,0.17235557734966278,0.1061922162771225,0.07755806297063828
878.0,0.0005,0.0,256.0,3.0,0.27266260981559753,0.19937197864055634,0.1345372051000595,0.098374143242836,0.2933190166950226,0.19352251291275024,0.14472948014736176,0.09548788517713547
879.0,0.0005,0.0,256.0,3.0,0.16995814442634583,0.14153927564620972,0.07659028470516205,0.06378354132175446,0.19326895475387573,0.16237983107566833,0.08709513396024704,0.07317518442869186
880.0,0.0005,0.0,256.0,3.0,0.3190195560455322,0.25546765327453613,0.13812392950057983,0.11060825735330582,0.28699424862861633,0.20148903131484985,0.1242581456899643,0.08723746985197067
881.0,0.0005,0.0,256.0,3.0,0.16473731398582458,0.13083073496818542,0.08173767477273941,0.06491424888372421,0.30325913429260254,0.2097255438566208,0.15046802163124084,0.10405948013067245
882.0,0.0005,0.0,256.0,3.0,0.2193228155374527,0.18824107944965363,0.10424291342496872,0.08946993947029114,0.17833492159843445,0.14344999194145203,0.0847615897655487,0.06818097084760666
883.0,0.0005,0.0,256.0,3.0,0.3452952206134796,0.27752822637557983,0.1374911665916443,0.11050740629434586,0.30421116948127747,0.21064813435077667,0.12113213539123535,0.08387678861618042
884.0,0.0005,0.0,256.0,3.0,0.16708949208259583,0.12471283972263336,0.07822511345148087,0.0583859384059906,0.330404669046402,0.22078551352024078,0.15468323230743408,0.10336361080408096
885.0,0.0005,0.0,256.0,3.0,0.3089347779750824,0.22277818620204926,0.14223678410053253,0.10256939381361008,0.22484157979488373,0.16234607994556427,0.10351940244436264,0.07474582642316818
886.0,0.0005,0.0,256.0,3.0,0.1694013923406601,0.12639844417572021,0.08190762251615524,0.06111517548561096,0.25722432136535645,0.20904260873794556,0.12437105178833008,0.10107462853193283
887.0,0.0005,0.0,256.0,3.0,0.34163719415664673,0.2292865365743637,0.15002383291721344,0.10068706423044205,0.20292828977108002,0.13600485026836395,0.08911231905221939,0.05972409248352051
888.0,0.0005,0.0,256.0,3.0,0.3886304199695587,0.2097463309764862,0.16441205143928528,0.08873424679040909,0.2706625461578369,0.17083236575126648,0.11450516432523727,0.07227149605751038
889.0,0.0005,0.0,256.0,3.0,0.3480103313922882,0.2211562991142273,0.14724230766296387,0.09357068687677383,0.24604809284210205,0.17567405104637146,0.10410233587026596,0.074327252805233
860.0,0.0005,0.1,64.0,3.0,0.28494611382484436,0.18651074171066284,0.13276363909244537,0.08690011501312256,0.21519647538661957,0.16806408762931824,0.10026553273200989,0.07830533385276794
861.0,0.0005,0.1,64.0,3.0,0.20338685810565948,0.1426563858985901,0.0885506123304367,0.062109753489494324,0.23246322572231293,0.17478449642658234,0.10120987892150879,0.07609771192073822
862.0,0.0005,0.1,64.0,3.0,0.44117599725723267,0.3264580965042114,0.19385576248168945,0.14344793558120728,0.1426243633031845,0.11936832964420319,0.06267012655735016,0.05245126783847809
863.0,0.0005,0.1,64.0,3.0,0.15508531033992767,0.09884537756443024,0.0775185376405716,0.04940731078386307,0.10543116927146912,0.08651581406593323,0.05269917845726013,0.04324444755911827
864.0,0.0005,0.1,64.0,3.0,0.29984036087989807,0.24480238556861877,0.13722603023052216,0.11203716695308685,0.3473169505596161,0.24844110012054443,0.15895433723926544,0.11370246112346649
865.0,0.0005,0.1,64.0,3.0,0.2332681566476822,0.15781624615192413,0.10248249024152756,0.06933395564556122,0.31123489141464233,0.23794618248939514,0.13673590123653412,0.1045377179980278
866.0,0.0005,0.1,64.0,3.0,0.14183790981769562,0.10010141134262085,0.0649736151099205,0.04585481062531471,0.29782751202583313,0.2479558140039444,0.13642990589141846,0.1135844886302948
867.0,0.0005,0.1,64.0,3.0,0.21929362416267395,0.18699927628040314,0.0918639749288559,0.07833559811115265,0.26989060640335083,0.2055923491716385,0.11305949836969376,0.08612440526485443
868.0,0.0005,0.1,64.0,3.0,0.2681746184825897,0.21575205028057098,0.117426298558712,0.09447190165519714,0.1395168900489807,0.1229233369231224,0.0610906183719635,0.05382475629448891
869.0,0.0005,0.1,64.0,3.0,0.21319527924060822,0.1609184294939041,0.09799051284790039,0.07396261394023895,0.16366764903068542,0.14143115282058716,0.07522624731063843,0.06500573456287384
870.0,0.0005,0.1,64.0,3.0,0.14576011896133423,0.10357329249382019,0.061149220913648605,0.04345102235674858,0.2593352496623993,0.17281082272529602,0.10879620164632797,0.07249751687049866
871.0,0.0005,0.1,64.0,3.0,0.1772378534078598,0.15271030366420746,0.08532586693763733,0.0735178142786026,0.1277572363615036,0.10613126307725906,0.06150490790605545,0.051093727350234985
872.0,0.0005,0.1,64.0,3.0,0.16332277655601501,0.13843610882759094,0.07127143442630768,0.06041128188371658,0.2259557694196701,0.15341605246067047,0.09860344976186752,0.0669482946395874
873.0,0.0005,0.1,64.0,3.0,0.1847037523984909,0.13467109203338623,0.08754409104585648,0.06383009254932404,0.2431630641222,0.14884619414806366,0.11525209248065948,0.07054869830608368
874.0,0.0005,0.1,64.0,3.0,0.21173028647899628,0.1449442207813263,0.09670709818601608,0.0662027895450592,0.24561159312725067,0.19494682550430298,0.11218231171369553,0.08904135227203369
875.0,0.0005,0.1,64.0,3.0,0.1482660174369812,0.11632394790649414,0.06527052074670792,0.05120880529284477,0.17266668379306793,0.13781696557998657,0.07601231336593628,0.060670576989650726
876.0,0.0005,0.1,64.0,3.0,0.16442987322807312,0.13458189368247986,0.07772766798734665,0.06361822783946991,0.2616110146045685,0.20915979146957397,0.1236661747097969,0.09887194633483887
877.0,0.0005,0.1,64.0,3.0,0.288856565952301,0.1756323277950287,0.129982128739357,0.0790325328707695,0.25372472405433655,0.18017038702964783,0.11417324095964432,0.08107461780309677
878.0,0.0005,0.1,64.0,3.0,0.2201298624277115,0.17394693195819855,0.10861649364233017,0.08582890778779984,0.18963412940502167,0.1287141591310501,0.09356927871704102,0.06351014971733093
879.0,0.0005,0.1,64.0,3.0,0.2207777202129364,0.13467714190483093,0.09949172288179398,0.06069117784500122,0.313883900642395,0.18687322735786438,0.14144927263259888,0.08421291410923004
880.0,0.0005,0.1,64.0,3.0,0.2194826602935791,0.18655642867088318,0.09502802789211273,0.08077217638492584,0.24197030067443848,0.2200087457895279,0.1047644093632698,0.09525585174560547
881.0,0.0005,0.1,64.0,3.0,0.17113174498081207,0.13639235496520996,0.08491040021181107,0.06767376512289047,0.22178910672664642,0.1683093011379242,0.11004503071308136,0.08350998163223267
882.0,0.0005,0.1,64.0,3.0,0.22063712775707245,0.16963845491409302,0.1048675924539566,0.08062820881605148,0.13552357256412506,0.1103677898645401,0.06441359966993332,0.052457183599472046
883.0,0.0005,0.1,64.0,3.0,0.2845402956008911,0.20710662007331848,0.11329948157072067,0.08246660232543945,0.27694180607795715,0.19908812642097473,0.11027389019727707,0.0792737826704979
884.0,0.0005,0.1,64.0,3.0,0.20734554529190063,0.14957794547080994,0.09707151353359222,0.07002685964107513,0.19338715076446533,0.15507885813713074,0.0905366986989975,0.07260218262672424
885.0,0.0005,0.1,64.0,3.0,0.2854599058628082,0.1716533750295639,0.13142871856689453,0.07903099060058594,0.18129798769950867,0.15821373462677002,0.08347146958112717,0.07284323871135712
886.0,0.0005,0.1,64.0,3.0,0.17519252002239227,0.14302197098731995,0.08470769971609116,0.0691528469324112,0.3044777512550354,0.2633841931819916,0.14721867442131042,0.12734943628311157
887.0,0.0005,0.1,64.0,3.0,0.24562177062034607,0.1743544489145279,0.10786038637161255,0.07656462490558624,0.29721158742904663,0.18131893873214722,0.13051512837409973,0.07962295413017273
888.0,0.0005,0.1,64.0,3.0,0.3431951105594635,0.20342464745044708,0.14519043266773224,0.08605983108282089,0.23140861093997955,0.18216285109519958,0.09789858013391495,0.07706490904092789
889.0,0.0005,0.1,64.0,3.0,0.3664860129356384,0.22899651527404785,0.1550593078136444,0.09688786417245865,0.2603280246257782,0.17869926989078522,0.11014413088560104,0.07560722529888153
860.0,0.0005,0.1,128.0,2.0,0.28968438506126404,0.1941486895084381,0.13497133553028107,0.09045882523059845,0.21045446395874023,0.16116318106651306,0.09805608540773392,0.07509002834558487
861.0,0.0005,0.1,128.0,2.0,0.21425485610961914,0.16301822662353516,0.09328232705593109,0.0709749162197113,0.28517213463783264,0.21990640461444855,0.12415832281112671,0.09574290364980698
862.0,0.0005,0.1,128.0,2.0,0.37000858783721924,0.2621647119522095,0.1625843197107315,0.11519697308540344,0.11993976682424545,0.09547672420740128,0.05270235985517502,0.041953131556510925
863.0,0.0005,0.1,128.0,2.0,0.11094967275857925,0.08743123710155487,0.055457573384046555,0.04370201379060745,0.16546952724456787,0.14440666139125824,0.08270900696516037,0.0721808522939682
864.0,0.0005,0.1,128.0,2.0,0.24859720468521118,0.18868066370487213,0.1137739047408104,0.08635228872299194,0.3267844617366791,0.2284887433052063,0.14955733716487885,0.10457096993923187
865.0,0.0005,0.1,128.0,2.0,0.2007862627506256,0.1387830227613449,0.08821211755275726,0.060972023755311966,0.304242342710495,0.23935872316360474,0.1336638480424881,0.10515829920768738
866.0,0.0005,0.1,128.0,2.0,0.1679757982492447,0.1191289871931076,0.07694695144891739,0.05457103252410889,0.33218705654144287,0.24772197008132935,0.15216940641403198,0.11347736418247223
867.0,0.0005,0.1,128.0,2.0,0.28170472383499146,0.1969389021396637,0.11800853908061981,0.0824994146823883,0.37174472212791443,0.23712995648384094,0.1557270586490631,0.09933577477931976
868.0,0.0005,0.1,128.0,2.0,0.25091612339019775,0.1747094988822937,0.10986926406621933,0.07650048285722733,0.15578480064868927,0.12010853737592697,0.06821387261152267,0.05259222537279129
869.0,0.0005,0.1,128.0,2.0,0.19284330308437347,0.1519891619682312,0.08863618969917297,0.06985847651958466,0.1532532423734665,0.11906269192695618,0.07043950259685516,0.054724570363759995
870.0,0.0005,0.1,128.0,2.0,0.23344212770462036,0.16630661487579346,0.09793354570865631,0.06976888328790665,0.33932870626449585,0.2217240333557129,0.14235499501228333,0.09301755577325821
871.0,0.0005,0.1,128.0,2.0,0.2110757976770401,0.16435034573078156,0.10161613672971725,0.07912156730890274,0.18298116326332092,0.15529321134090424,0.08809082210063934,0.0747612863779068
872.0,0.0005,0.1,128.0,2.0,0.13967300951480865,0.12552917003631592,0.06095104664564133,0.05477891489863396,0.254790335893631,0.15632233023643494,0.11118637770414352,0.06821653246879578
873.0,0.0005,0.1,128.0,2.0,0.17159460484981537,0.13365593552589417,0.08133076131343842,0.06334894895553589,0.22955846786499023,0.1365504115819931,0.10880390554666519,0.06472084671258926
874.0,0.0005,0.1,128.0,2.0,0.2100531905889511,0.13992300629615784,0.09594109654426575,0.0639093816280365,0.21730470657348633,0.16713352501392365,0.09925322979688644,0.07633771002292633
875.0,0.0005,0.1,128.0,2.0,0.19105038046836853,0.14680032432079315,0.08410529047250748,0.06462527811527252,0.21741841733455658,0.16075506806373596,0.09571317583322525,0.07076852023601532
876.0,0.0005,0.1,128.0,2.0,0.13883057236671448,0.09778980165719986,0.06562662124633789,0.04622623324394226,0.25749367475509644,0.18936565518379211,0.12171988934278488,0.0895150750875473
877.0,0.0005,0.1,128.0,2.0,0.3299834132194519,0.23064546287059784,0.14848877489566803,0.10378783196210861,0.30660539865493774,0.24581392109394073,0.13796892762184143,0.11061346530914307
878.0,0.0005,0.1,128.0,2.0,0.21033814549446106,0.15669149160385132,0.10378505289554596,0.07731470465660095,0.22996199131011963,0.13724759221076965,0.11346784234046936,0.06772071123123169
879.0,0.0005,0.1,128.0,2.0,0.2308294028043747,0.18151214718818665,0.10402144491672516,0.08179701119661331,0.31184709072113037,0.23612380027770996,0.14053143560886383,0.10640732198953629
880.0,0.0005,0.1,128.0,2.0,0.26312676072120667,0.20457056164741516,0.11392435431480408,0.08857164531946182,0.2408601939678192,0.20074403285980225,0.10428376495838165,0.08691491186618805
881.0,0.0005,0.1,128.0,2.0,0.16548335552215576,0.1474347710609436,0.08210784196853638,0.07315268367528915,0.2350267916917801,0.17762391269207,0.11661317199468613,0.0881316065788269
882.0,0.0005,0.1,128.0,2.0,0.1975831389427185,0.1607929766178131,0.09391016513109207,0.0764240100979805,0.1817818284034729,0.15132005512714386,0.0863998755812645,0.07192157208919525
883.0,0.0005,0.1,128.0,2.0,0.2673841118812561,0.21413150429725647,0.10646817833185196,0.08526381105184555,0.27752453088760376,0.19964799284934998,0.11050593107938766,0.07949671149253845
884.0,0.0005,0.1,128.0,2.0,0.21009011566638947,0.14667771756649017,0.09835641086101532,0.06866908073425293,0.22071844339370728,0.1542542278766632,0.10333217680454254,0.07221610844135284
885.0,0.0005,0.1,128.0,2.0,0.16475947201251984,0.12186971306800842,0.07585695385932922,0.056110069155693054,0.1961231231689453,0.14188992977142334,0.09029711782932281,0.06532759219408035
886.0,0.0005,0.1,128.0,2.0,0.1621040552854538,0.12102480232715607,0.07837927341461182,0.05851694941520691,0.28436025977134705,0.2216523438692093,0.1374916285276413,0.10717159509658813
887.0,0.0005,0.1,128.0,2.0,0.2600427269935608,0.17991821467876434,0.11419308930635452,0.07900784909725189,0.2632458508014679,0.17751732468605042,0.11559969931840897,0.07795354723930359
888.0,0.0005,0.1,128.0,2.0,0.34426504373550415,0.18492114543914795,0.14564305543899536,0.07823183387517929,0.23435895144939423,0.16349998116493225,0.09914673864841461,0.06916949898004532
889.0,0.0005,0.1,128.0,2.0,0.37918123602867126,0.24034395813941956,0.1604306548833847,0.1016889363527298,0.2743367850780487,0.19319096207618713,0.11607121676206589,0.08173862099647522
860.0,0.0005,0.1,128.0,3.0,0.23552843928337097,0.16605286300182343,0.10973870754241943,0.07736825942993164,0.1840563863515854,0.14022061228752136,0.08575655519962311,0.06533234566450119
861.0,0.0005,0.1,128.0,3.0,0.2750120759010315,0.2053374946117401,0.11973481625318527,0.08939988166093826,0.23653815686702728,0.17307129502296448,0.10298403352499008,0.07535181939601898
862.0,0.0005,0.1,128.0,3.0,0.35117781162261963,0.25959068536758423,0.154309943318367,0.11406594514846802,0.15728087723255157,0.12857267260551453,0.06911028921604156,0.05649571120738983
863.0,0.0005,0.1,128.0,3.0,0.15748584270477295,0.12764739990234375,0.078718401491642,0.06380382180213928,0.19911111891269684,0.17303216457366943,0.09952457249164581,0.08648914843797684
864.0,0.0005,0.1,128.0,3.0,0.24945272505283356,0.1778060793876648,0.11416544765233994,0.08137538284063339,0.323337584733963,0.21779140830039978,0.14797984063625336,0.09967519342899323
865.0,0.0005,0.1,128.0,3.0,0.25290393829345703,0.15706664323806763,0.11110914498567581,0.0690046176314354,0.3548347055912018,0.26108017563819885,0.15589074790477753,0.1147012710571289
866.0,0.0005,0.1,128.0,3.0,0.16734537482261658,0.1236482486128807,0.07665814459323883,0.056641221046447754,0.2598664462566376,0.22356776893138885,0.11904055625200272,0.10241273045539856
867.0,0.0005,0.1,128.0,3.0,0.2731010317802429,0.19211891293525696,0.11440438032150269,0.08048027008771896,0.15730322897434235,0.12523937225341797,0.065895676612854,0.05246385931968689
868.0,0.0005,0.1,128.0,3.0,0.25250303745269775,0.20896759629249573,0.11056412011384964,0.0915011540055275,0.1719859391450882,0.14128904044628143,0.0753079280257225,0.06186659261584282
869.0,0.0005,0.1,128.0,3.0,0.19951127469539642,0.15473239123821259,0.091700978577137,0.07111934572458267,0.1483529806137085,0.12173033505678177,0.06818720698356628,0.05595069378614426
870.0,0.0005,0.1,128.0,3.0,0.16407711803913116,0.1084197610616684,0.06883355230093002,0.04548421502113342,0.24173976480960846,0.16535857319831848,0.10141455382108688,0.06937114894390106
871.0,0.0005,0.1,128.0,3.0,0.17823630571365356,0.14659354090690613,0.08580654859542847,0.07057307660579681,0.11557993292808533,0.09464094042778015,0.055642519146203995,0.04556206241250038
872.0,0.0005,0.1,128.0,3.0,0.18376044929027557,0.15027613937854767,0.08019009232521057,0.06557807326316833,0.2536899149417877,0.1820947229862213,0.11070618778467178,0.07946320623159409
873.0,0.0005,0.1,128.0,3.0,0.21576707065105438,0.16993644833564758,0.10226718336343765,0.08054482936859131,0.20313116908073425,0.12412339448928833,0.09627815335988998,0.05883081257343292
874.0,0.0005,0.1,128.0,3.0,0.1982262283563614,0.13947753608226776,0.09053918719291687,0.0637059211730957,0.23429010808467865,0.19296413660049438,0.10701125860214233,0.0881357491016388
875.0,0.0005,0.1,128.0,3.0,0.16218608617782593,0.14493511617183685,0.07139848172664642,0.06380416452884674,0.2053578794002533,0.18037298321723938,0.09040382504463196,0.07940483093261719
876.0,0.0005,0.1,128.0,3.0,0.15329433977603912,0.12347368896007538,0.07246378064155579,0.05836726725101471,0.21529759466648102,0.17454347014427185,0.10177336633205414,0.08250847458839417
877.0,0.0005,0.1,128.0,3.0,0.228117436170578,0.162729412317276,0.1026502326130867,0.07322636991739273,0.27578088641166687,0.18105466663837433,0.12409824877977371,0.08147254586219788
878.0,0.0005,0.1,128.0,3.0,0.23343470692634583,0.16966407001018524,0.11518136411905289,0.08371564745903015,0.21505308151245117,0.11830833554267883,0.10611149668693542,0.05837571248412132
879.0,0.0005,0.1,128.0,3.0,0.23229242861270905,0.18589769303798676,0.10468073189258575,0.08377331495285034,0.29418015480041504,0.22471654415130615,0.13256995379924774,0.10126672685146332
880.0,0.0005,0.1,128.0,3.0,0.24399659037590027,0.18805751204490662,0.1056416854262352,0.0814220979809761,0.15876203775405884,0.11463508754968643,0.06873822212219238,0.04963283985853195
881.0,0.0005,0.1,128.0,3.0,0.15549400448799133,0.13485467433929443,0.07715142518281937,0.06691080331802368,0.23383314907550812,0.16621339321136475,0.11602095514535904,0.08247005939483643
882.0,0.0005,0.1,128.0,3.0,0.21198752522468567,0.17613822221755981,0.10075647383928299,0.08371751010417938,0.1523372381925583,0.12129142880439758,0.07240503281354904,0.05764913558959961
883.0,0.0005,0.1,128.0,3.0,0.29081815481185913,0.22757002711296082,0.11579924076795578,0.09061481803655624,0.27134525775909424,0.1911620795726776,0.10804545134305954,0.07611775398254395
884.0,0.0005,0.1,128.0,3.0,0.20332840085029602,0.13466167449951172,0.09519081562757492,0.06304360926151276,0.17231297492980957,0.14646169543266296,0.0806705504655838,0.06856793910264969
885.0,0.0005,0.1,128.0,3.0,0.28636065125465393,0.20218004286289215,0.1318434178829193,0.09308579564094543,0.17352837324142456,0.15068845450878143,0.07989425957202911,0.06937853246927261
886.0,0.0005,0.1,128.0,3.0,0.1913512945175171,0.14161138236522675,0.09252066910266876,0.06847082078456879,0.30464911460876465,0.23215508460998535,0.14730150997638702,0.11224977672100067
887.0,0.0005,0.1,128.0,3.0,0.31658709049224854,0.21666628122329712,0.1390235424041748,0.09514511376619339,0.27163729071617126,0.21131032705307007,0.11928462982177734,0.09279312193393707
888.0,0.0005,0.1,128.0,3.0,0.2508911192417145,0.14580991864204407,0.10614074766635895,0.061685629189014435,0.24804732203483582,0.1742992103099823,0.10493766516447067,0.07373815774917603
889.0,0.0005,0.1,128.0,3.0,0.31726858019828796,0.1947430521249771,0.13423556089401245,0.08239530026912689,0.2779277563095093,0.1648944467306137,0.1175905391573906,0.06976642459630966
860.0,0.0005,0.1,128.0,4.0,0.35574454069137573,0.27468276023864746,0.16575045883655548,0.12798170745372772,0.24221248924732208,0.220401793718338,0.11285297572612762,0.10269081592559814
861.0,0.0005,0.1,128.0,4.0,0.2614515721797943,0.1918063759803772,0.11383083462715149,0.08350870013237,0.20159152150154114,0.14267675578594208,0.08776896446943283,0.06211863458156586
862.0,0.0005,0.1,128.0,4.0,0.43377885222435,0.29947584867477417,0.19060540199279785,0.13159173727035522,0.11265600472688675,0.0924815833568573,0.049501821398735046,0.040637046098709106
863.0,0.0005,0.1,128.0,4.0,0.10693611204624176,0.08526080846786499,0.053451403975486755,0.042617131024599075,0.18392950296401978,0.12950581312179565,0.09193610399961472,0.06473275274038315
864.0,0.0005,0.1,128.0,4.0,0.22962956130504608,0.18372943997383118,0.10509311407804489,0.08408628404140472,0.315360963344574,0.21961840987205505,0.1443292498588562,0.10051135718822479
865.0,0.0005,0.1,128.0,4.0,0.22711266577243805,0.17752578854560852,0.0997781753540039,0.0779930055141449,0.31526556611061096,0.23626072704792023,0.1385067105293274,0.10379724204540253
866.0,0.0005,0.1,128.0,4.0,0.15115781128406525,0.09630930423736572,0.06924289464950562,0.04411771148443222,0.39026615023612976,0.2662124037742615,0.17877450585365295,0.1219475269317627
867.0,0.0005,0.1,128.0,4.0,0.25254929065704346,0.20738740265369415,0.10579507052898407,0.08687637001276016,0.24397407472133636,0.1872246265411377,0.10220281779766083,0.07842999696731567
868.0,0.0005,0.1,128.0,4.0,0.28693193197250366,0.22112058103084564,0.12563958764076233,0.09682260453701019,0.21596798300743103,0.15826749801635742,0.09456644207239151,0.06930097937583923
869.0,0.0005,0.1,128.0,4.0,0.3060513734817505,0.2347932755947113,0.1406698077917099,0.10791758447885513,0.23728838562965393,0.15780319273471832,0.10906440019607544,0.07253078371286392
870.0,0.0005,0.1,128.0,4.0,0.12321155518293381,0.08901876956224442,0.05168965831398964,0.03734511882066727,0.2463916838169098,0.16939952969551086,0.10336612164974213,0.07106640934944153
871.0,0.0005,0.1,128.0,4.0,0.17030897736549377,0.13392740488052368,0.08199016749858856,0.06447535753250122,0.13644690811634064,0.09954662621021271,0.06568829715251923,0.04792375862598419
872.0,0.0005,0.1,128.0,4.0,0.14655709266662598,0.12263951450586319,0.06395513564348221,0.053517892956733704,0.233816459774971,0.16672565042972565,0.10203372687101364,0.07275637984275818
873.0,0.0005,0.1,128.0,4.0,0.19567836821079254,0.16904783248901367,0.09274572879076004,0.0801236480474472,0.24867090582847595,0.15379765629768372,0.11786262691020966,0.07289552688598633
874.0,0.0005,0.1,128.0,4.0,0.1765422821044922,0.12443619966506958,0.08063512295484543,0.056835830211639404,0.26771995425224304,0.1876046359539032,0.12228022515773773,0.08568781614303589
875.0,0.0005,0.1,128.0,4.0,0.1618395894765854,0.12198265641927719,0.0712459608912468,0.05369991064071655,0.19386032223701477,0.16658318042755127,0.08534231036901474,0.0733342096209526
876.0,0.0005,0.1,128.0,4.0,0.1252400130033493,0.09156769514083862,0.05920222029089928,0.043284982442855835,0.25946733355522156,0.15105000138282776,0.12265284359455109,0.07140285521745682
877.0,0.0005,0.1,128.0,4.0,0.3281043469905853,0.21632817387580872,0.14764319360256195,0.09734520316123962,0.2730873227119446,0.19626854360103607,0.12288619577884674,0.0883186087012291
878.0,0.0005,0.1,128.0,4.0,0.21207694709300995,0.1465875506401062,0.10464302450418472,0.07232924550771713,0.19808709621429443,0.11829231679439545,0.09774014353752136,0.05836780369281769
879.0,0.0005,0.1,128.0,4.0,0.17727036774158478,0.138702392578125,0.07988547533750534,0.06250512599945068,0.24362953007221222,0.18471139669418335,0.10978970676660538,0.08323872089385986
880.0,0.0005,0.1,128.0,4.0,0.2326788455247879,0.18605785071849823,0.10074152052402496,0.08055633306503296,0.20143303275108337,0.17244476079940796,0.08721321821212769,0.07466235011816025
881.0,0.0005,0.1,128.0,4.0,0.16891641914844513,0.1446080207824707,0.08381123095750809,0.07175013422966003,0.25281137228012085,0.20459970831871033,0.12543736398220062,0.10151620209217072
882.0,0.0005,0.1,128.0,4.0,0.2140221893787384,0.1437220573425293,0.10172354429960251,0.06831029057502747,0.23580582439899445,0.16322794556617737,0.11207718402147293,0.07758132368326187
883.0,0.0005,0.1,128.0,4.0,0.27852773666381836,0.2290305346250534,0.11090538650751114,0.09119637310504913,0.24577851593494415,0.1728098839521408,0.09786516427993774,0.06881019473075867
884.0,0.0005,0.1,128.0,4.0,0.20879234373569489,0.1517956405878067,0.09774884581565857,0.07106510549783707,0.2842791974544525,0.21834731101989746,0.13308899104595184,0.10222212225198746
885.0,0.0005,0.1,128.0,4.0,0.23450331389904022,0.1548999845981598,0.10796776413917542,0.07131755352020264,0.17886042594909668,0.1135980486869812,0.08234919607639313,0.05230171978473663
886.0,0.0005,0.1,128.0,4.0,0.1794804334640503,0.1469232439994812,0.08678096532821655,0.07103917002677917,0.22902697324752808,0.19209024310112,0.11073732376098633,0.09287796169519424
887.0,0.0005,0.1,128.0,4.0,0.22601096332073212,0.13837920129299164,0.09924865514039993,0.06076674163341522,0.28438466787338257,0.1874258816242218,0.12488244473934174,0.08230471611022949
888.0,0.0005,0.1,128.0,4.0,0.28545308113098145,0.17262621223926544,0.12076236307621002,0.07303039729595184,0.26685070991516113,0.20517133176326752,0.11289254575967789,0.0867987722158432
889.0,0.0005,0.1,128.0,4.0,0.3634469211101532,0.246177077293396,0.15377351641654968,0.10415692627429962,0.2887226939201355,0.23321974277496338,0.12215785682201385,0.0986746996641159
860.0,0.0005,0.1,256.0,3.0,0.28054317831993103,0.22196173667907715,0.13071221113204956,0.10341762751340866,0.25347626209259033,0.22219350934028625,0.11810104548931122,0.10352562367916107
861.0,0.0005,0.1,256.0,3.0,0.5139508843421936,0.3035191297531128,0.2237640917301178,0.13214623928070068,0.34407874941825867,0.21199730038642883,0.14980509877204895,0.0922994315624237
862.0,0.0005,0.1,256.0,3.0,0.4460972845554352,0.30927932262420654,0.19601821899414062,0.13589948415756226,0.11423207819461823,0.08800661563873291,0.050194356590509415,0.03867071121931076
863.0,0.0005,0.1,256.0,3.0,0.1285092532634735,0.09552881121635437,0.06423460692167282,0.04774952679872513,0.19084255397319794,0.1369149386882782,0.09539155662059784,0.0684361457824707
864.0,0.0005,0.1,256.0,3.0,0.1909569352865219,0.15457960963249207,0.08739403635263443,0.07074545323848724,0.3004298508167267,0.22341959178447723,0.13749581575393677,0.10225101560354233
865.0,0.0005,0.1,256.0,3.0,0.24478374421596527,0.1813388168811798,0.10754166543483734,0.07966819405555725,0.3850367069244385,0.2828823924064636,0.16915951669216156,0.12427972257137299
866.0,0.0005,0.1,256.0,3.0,0.15780118107795715,0.0957256555557251,0.07228612899780273,0.04385034367442131,0.35389915108680725,0.25302445888519287,0.16211539506912231,0.11590633541345596
867.0,0.0005,0.1,256.0,3.0,0.23022685945034027,0.16597726941108704,0.0964440256357193,0.06952930986881256,0.23711930215358734,0.18231210112571716,0.0993313118815422,0.07637210190296173
868.0,0.0005,0.1,256.0,3.0,0.2847268581390381,0.20775726437568665,0.12467404454946518,0.09097118675708771,0.19564397633075714,0.16464278101921082,0.08566712588071823,0.07209255546331406
869.0,0.0005,0.1,256.0,3.0,0.2127007693052292,0.15938574075698853,0.09776324033737183,0.0732581689953804,0.14487069845199585,0.12239925563335419,0.06658664345741272,0.05625814199447632
870.0,0.0005,0.1,256.0,3.0,0.1406581550836563,0.09927576780319214,0.05900884047150612,0.04164811968803406,0.2605181336402893,0.17935147881507874,0.10929244011640549,0.07524144649505615
871.0,0.0005,0.1,256.0,3.0,0.1633414924144745,0.1375999003648758,0.07863588631153107,0.06624335795640945,0.14064326882362366,0.10272844135761261,0.06770850718021393,0.04945554584264755
872.0,0.0005,0.1,256.0,3.0,0.17315080761909485,0.15506672859191895,0.07556021213531494,0.0676686093211174,0.2508898675441742,0.20010513067245483,0.10948428511619568,0.0873226448893547
873.0,0.0005,0.1,256.0,3.0,0.17115150392055511,0.1246393546462059,0.08112072199583054,0.059075359255075455,0.20802268385887146,0.11621079593896866,0.09859658777713776,0.05508046969771385
874.0,0.0005,0.1,256.0,3.0,0.21093469858169556,0.16773411631584167,0.09634371101856232,0.07661200314760208,0.23256973922252655,0.18597155809402466,0.10622548311948776,0.08494191616773605
875.0,0.0005,0.1,256.0,3.0,0.26235151290893555,0.222808837890625,0.11549390107393265,0.09808619320392609,0.3182255029678345,0.24541020393371582,0.14009106159210205,0.10803590714931488
876.0,0.0005,0.1,256.0,3.0,0.14091525971889496,0.10796572268009186,0.06661207228899002,0.05103648453950882,0.21774262189865112,0.17484351992607117,0.10292915999889374,0.08265030384063721
877.0,0.0005,0.1,256.0,3.0,0.2954324781894684,0.20036718249320984,0.13294123113155365,0.09016294777393341,0.282381534576416,0.1753099411725998,0.12706847488880157,0.07888747751712799
878.0,0.0005,0.1,256.0,3.0,0.18922357261180878,0.139311745762825,0.09336671233177185,0.06873922049999237,0.17696908116340637,0.12968657910823822,0.08732008188962936,0.06398995220661163
879.0,0.0005,0.1,256.0,3.0,0.18519538640975952,0.14335186779499054,0.08345683664083481,0.0646003931760788,0.2296755015850067,0.19177262485027313,0.10350146144628525,0.08642082661390305
880.0,0.0005,0.1,256.0,3.0,0.39401617646217346,0.2920600175857544,0.17059478163719177,0.12645144760608673,0.28461992740631104,0.21004270017147064,0.12323015183210373,0.09094089269638062
881.0,0.0005,0.1,256.0,3.0,0.19179391860961914,0.16024929285049438,0.09516233950853348,0.07951083779335022,0.26284268498420715,0.19669336080551147,0.13041460514068604,0.09759330004453659
882.0,0.0005,0.1,256.0,3.0,0.18455420434474945,0.14506147801876068,0.08771759271621704,0.06894692033529282,0.16811710596084595,0.14692945778369904,0.07990512996912003,0.06983474642038345
883.0,0.0005,0.1,256.0,3.0,0.3217904269695282,0.22500938177108765,0.1281319260597229,0.08959521353244781,0.28716179728507996,0.24173733592033386,0.11434333771467209,0.09625601768493652
884.0,0.0005,0.1,256.0,3.0,0.21892361342906952,0.1716555655002594,0.10249193012714386,0.08036278188228607,0.20366919040679932,0.15354779362678528,0.09535035490989685,0.0718853622674942
885.0,0.0005,0.1,256.0,3.0,0.2828810513019562,0.16953925788402557,0.13024139404296875,0.07805763185024261,0.178239643573761,0.13103245198726654,0.08206338435411453,0.06032869219779968
886.0,0.0005,0.1,256.0,3.0,0.2424066662788391,0.1909618377685547,0.11720655858516693,0.09233234822750092,0.25638988614082336,0.20307765901088715,0.12396761775016785,0.09819050133228302
887.0,0.0005,0.1,256.0,3.0,0.2712247371673584,0.18409878015518188,0.11910347640514374,0.08084367960691452,0.27295494079589844,0.19224074482917786,0.11986326426267624,0.08441906422376633
888.0,0.0005,0.1,256.0,3.0,0.3721238672733307,0.1864316761493683,0.15742887556552887,0.07887086272239685,0.27180996537208557,0.17451798915863037,0.11499057710170746,0.07383070886135101
889.0,0.0005,0.1,256.0,3.0,0.44146907329559326,0.2741973400115967,0.18678447604179382,0.11601221561431885,0.27421480417251587,0.18766242265701294,0.1160195991396904,0.07939950376749039
860.0,0.0005,0.2,64.0,2.0,0.2921692430973053,0.19023418426513672,0.13612909615039825,0.08863495290279388,0.15763063728809357,0.12078186869621277,0.07344412803649902,0.056275345385074615
861.0,0.0005,0.2,64.0,2.0,0.2935342490673065,0.2081734985113144,0.12779898941516876,0.09063461422920227,0.2175733745098114,0.1612127721309662,0.09472714364528656,0.07018885016441345
862.0,0.0005,0.2,64.0,2.0,0.5214115977287292,0.3971790671348572,0.22911183536052704,0.17452320456504822,0.14808422327041626,0.1259906142950058,0.06506922841072083,0.055361151695251465
863.0,0.0005,0.2,64.0,2.0,0.19196338951587677,0.15348249673843384,0.09595181792974472,0.07671736180782318,0.14752686023712158,0.11846296489238739,0.07374046742916107,0.05921303853392601
864.0,0.0005,0.2,64.0,2.0,0.2727298140525818,0.1933504045009613,0.12481851875782013,0.08848945051431656,0.31363531947135925,0.23005756735801697,0.14353947341442108,0.10528897494077682
865.0,0.0005,0.2,64.0,2.0,0.278761088848114,0.18394574522972107,0.12246907502412796,0.08081351965665817,0.3884657621383667,0.2796359956264496,0.17066600918769836,0.12285345047712326
866.0,0.0005,0.2,64.0,2.0,0.18245865404605865,0.14875143766403198,0.08358129858970642,0.06814058125019073,0.2820947468280792,0.24299544095993042,0.12922297418117523,0.11131221801042557
867.0,0.0005,0.2,64.0,2.0,0.2432214766740799,0.19549992680549622,0.10188757628202438,0.08189660310745239,0.20073539018630981,0.14240466058254242,0.08408977836370468,0.05965453386306763
868.0,0.0005,0.2,64.0,2.0,0.2829248309135437,0.231986403465271,0.12388499826192856,0.10158046334981918,0.172649547457695,0.14087745547294617,0.07559849321842194,0.061686355620622635
869.0,0.0005,0.2,64.0,2.0,0.24338407814502716,0.1668628454208374,0.11186613142490387,0.07669484615325928,0.20757324993610382,0.1413760483264923,0.09540650248527527,0.0649804025888443
870.0,0.0005,0.2,64.0,2.0,0.24666906893253326,0.1556839793920517,0.10348251461982727,0.0653124749660492,0.37980446219444275,0.23848319053649902,0.15933538973331451,0.10004834830760956
871.0,0.0005,0.2,64.0,2.0,0.22022795677185059,0.16033917665481567,0.1060221865773201,0.07719052582979202,0.10859039425849915,0.07706370949745178,0.05227760598063469,0.03710002452135086
872.0,0.0005,0.2,64.0,2.0,0.16099703311920166,0.14661450684070587,0.07025650888681412,0.06398020684719086,0.257548451423645,0.19338174164295197,0.11238998174667358,0.08438867330551147
873.0,0.0005,0.2,64.0,2.0,0.1654232293367386,0.14558842778205872,0.0784057080745697,0.0690046101808548,0.23684649169445038,0.16992133855819702,0.11225822567939758,0.08053767681121826
874.0,0.0005,0.2,64.0,2.0,0.20786988735198975,0.14045627415180206,0.09494389593601227,0.06415295600891113,0.20451000332832336,0.15830786526203156,0.09340927004814148,0.07230661064386368
875.0,0.0005,0.2,64.0,2.0,0.21547280251979828,0.19029797613620758,0.09485667943954468,0.08377407491207123,0.20064562559127808,0.16907130181789398,0.08832936733961105,0.07442954182624817
876.0,0.0005,0.2,64.0,2.0,0.14834409952163696,0.1136673167347908,0.07012374699115753,0.05373168736696243,0.2525089681148529,0.21342356503009796,0.11936353892087936,0.1008874773979187
877.0,0.0005,0.2,64.0,2.0,0.34402570128440857,0.22744832932949066,0.15480762720108032,0.10234914720058441,0.2595809996128082,0.19544199109077454,0.11680849641561508,0.08794666826725006
878.0,0.0005,0.2,64.0,2.0,0.22830450534820557,0.16849371790885925,0.11265001446008682,0.08313816040754318,0.19382162392139435,0.1257106065750122,0.09563546627759933,0.06202813982963562
879.0,0.0005,0.2,64.0,2.0,0.21892201900482178,0.16677871346473694,0.09865546226501465,0.07515749335289001,0.29648998379707336,0.20581895112991333,0.13361084461212158,0.0927506685256958
880.0,0.0005,0.2,64.0,2.0,0.25807732343673706,0.20426271855831146,0.11173813790082932,0.08843837678432465,0.21871374547481537,0.17229756712913513,0.09469514340162277,0.07459861040115356
881.0,0.0005,0.2,64.0,2.0,0.18255171179771423,0.12641869485378265,0.0905766412615776,0.06272514164447784,0.28367024660110474,0.19237026572227478,0.14074859023094177,0.09544830769300461
882.0,0.0005,0.2,64.0,2.0,0.20341448485851288,0.15556517243385315,0.09668175876140594,0.0739392340183258,0.17231233417987823,0.13032245635986328,0.08189909160137177,0.06194153428077698
883.0,0.0005,0.2,64.0,2.0,0.34584149718284607,0.23876622319221497,0.13770869374275208,0.09507298469543457,0.4110923111438751,0.25525206327438354,0.16369052231311798,0.10163737833499908
884.0,0.0005,0.2,64.0,2.0,0.2183026224374771,0.12723444402217865,0.10220121592283249,0.05956646054983139,0.16016118228435516,0.12364547699689865,0.07498151063919067,0.05788622051477432
885.0,0.0005,0.2,64.0,2.0,0.31573569774627686,0.19274446368217468,0.14536800980567932,0.08874154835939407,0.1867969036102295,0.16468128561973572,0.08600322902202606,0.07582096755504608
886.0,0.0005,0.2,64.0,2.0,0.15707194805145264,0.12176720798015594,0.07594618201255798,0.0588759109377861,0.2874884307384491,0.2321169078350067,0.13900414109230042,0.11223134398460388
887.0,0.0005,0.2,64.0,2.0,0.21662501990795135,0.1553492248058319,0.09512699395418167,0.06821882724761963,0.3133818805217743,0.2076534628868103,0.13761603832244873,0.09118729084730148
888.0,0.0005,0.2,64.0,2.0,0.4375710189342499,0.2751830220222473,0.18511663377285004,0.11641757190227509,0.27572908997535706,0.21188561618328094,0.1166485846042633,0.08963927626609802
889.0,0.0005,0.2,64.0,2.0,0.3283540606498718,0.23617367446422577,0.13892580568790436,0.0999244898557663,0.25005394220352173,0.18234358727931976,0.1057971939444542,0.07714912295341492
860.0,0.0005,0.2,64.0,3.0,0.36679160594940186,0.25149813294410706,0.17089757323265076,0.11717939376831055,0.2454257607460022,0.20440508425235748,0.11435011774301529,0.09523753821849823
861.0,0.0005,0.2,64.0,3.0,0.25844791531562805,0.1880248337984085,0.11252310127019882,0.08186229318380356,0.2536262273788452,0.1878661811351776,0.11042385548353195,0.08179323375225067
862.0,0.0005,0.2,64.0,3.0,0.46388667821884155,0.34524375200271606,0.20383499562740326,0.15170249342918396,0.1485312581062317,0.1353767216205597,0.06526567041873932,0.05948546528816223
863.0,0.0005,0.2,64.0,3.0,0.14310774207115173,0.10194467008113861,0.07153159379959106,0.05095646157860756,0.1384405642747879,0.11346398293972015,0.06919872760772705,0.05671433359384537
864.0,0.0005,0.2,64.0,3.0,0.2785525321960449,0.2100776880979538,0.12748338282108307,0.09614492952823639,0.3116782307624817,0.2181321382522583,0.1426437646150589,0.09983113408088684
865.0,0.0005,0.2,64.0,3.0,0.3530840277671814,0.26806822419166565,0.1551216095685959,0.11777132004499435,0.43250134587287903,0.31030938029289246,0.19001230597496033,0.1363292932510376
866.0,0.0005,0.2,64.0,3.0,0.22008652985095978,0.1465645432472229,0.10081802308559418,0.06713879108428955,0.21500612795352936,0.1753585934638977,0.09849077463150024,0.08032888174057007
867.0,0.0005,0.2,64.0,3.0,0.20560705661773682,0.16793930530548096,0.08613057434558868,0.07035122811794281,0.23645378649234772,0.20073187351226807,0.09905252605676651,0.08408832550048828
868.0,0.0005,0.2,64.0,3.0,0.3028795123100281,0.25172626972198486,0.1326226145029068,0.11022402346134186,0.1491651087999344,0.1254185140132904,0.06531530618667603,0.05491732433438301
869.0,0.0005,0.2,64.0,3.0,0.31690242886543274,0.2443244755268097,0.1456572413444519,0.1122983992099762,0.24970903992652893,0.18170508742332458,0.11477330327033997,0.08351677656173706
870.0,0.0005,0.2,64.0,3.0,0.26474452018737793,0.19008201360702515,0.11106551438570023,0.07974313944578171,0.39945417642593384,0.24825026094913483,0.1675788164138794,0.10414581745862961
871.0,0.0005,0.2,64.0,3.0,0.1466819941997528,0.12689554691314697,0.07061566412448883,0.061090078204870224,0.15040524303913116,0.13198214769363403,0.07240810990333557,0.06353886425495148
872.0,0.0005,0.2,64.0,3.0,0.16696703433990479,0.1261991262435913,0.07286171615123749,0.055071257054805756,0.26295047998428345,0.1790105551481247,0.1147473156452179,0.07811730355024338
873.0,0.0005,0.2,64.0,3.0,0.15651488304138184,0.10357731580734253,0.0741834044456482,0.04909256845712662,0.2631990313529968,0.16483259201049805,0.12474852055311203,0.07812575995922089
874.0,0.0005,0.2,64.0,3.0,0.1943114548921585,0.13526391983032227,0.08875112235546112,0.06178136169910431,0.19109423458576202,0.15201148390769958,0.08728168904781342,0.06943075358867645
875.0,0.0005,0.2,64.0,3.0,0.22100956737995148,0.16957619786262512,0.09729409962892532,0.0746518149971962,0.20784419775009155,0.13510526716709137,0.09149834513664246,0.0594768226146698
876.0,0.0005,0.2,64.0,3.0,0.14445465803146362,0.11030569672584534,0.06828516721725464,0.052142612636089325,0.2565958797931671,0.16328579187393188,0.1212954893708229,0.07718685269355774
877.0,0.0005,0.2,64.0,3.0,0.32485678791999817,0.21408024430274963,0.1461818516254425,0.09633367508649826,0.29278063774108887,0.21780025959014893,0.13174796104431152,0.09800763428211212
878.0,0.0005,0.2,64.0,3.0,0.22519217431545258,0.17577964067459106,0.11111434549093246,0.08673320710659027,0.24851156771183014,0.2027944177389145,0.12262057512998581,0.10006283223628998
879.0,0.0005,0.2,64.0,3.0,0.26120635867118835,0.2021838128566742,0.11771056056022644,0.09111252427101135,0.3569839894771576,0.2459266036748886,0.1608719825744629,0.11082486808300018
880.0,0.0005,0.2,64.0,3.0,0.2666170001029968,0.21793723106384277,0.11543549597263336,0.09435895085334778,0.2621523439884186,0.18237552046775818,0.11350249499082565,0.07896201312541962
881.0,0.0005,0.2,64.0,3.0,0.20535065233707428,0.17947278916835785,0.10188879817724228,0.08904898166656494,0.250012069940567,0.20083799958229065,0.12404841929674149,0.09964973479509354
882.0,0.0005,0.2,64.0,3.0,0.1936386078596115,0.1286351978778839,0.09203534573316574,0.06113959103822708,0.18669050931930542,0.13175953924655914,0.08873295783996582,0.06262457370758057
883.0,0.0005,0.2,64.0,3.0,0.24793367087841034,0.2024218887090683,0.09872332960367203,0.08060123026371002,0.2698158621788025,0.19650891423225403,0.10743644088506699,0.07824677228927612
884.0,0.0005,0.2,64.0,3.0,0.24229472875595093,0.16401678323745728,0.11343341320753098,0.0767865926027298,0.19167979061603546,0.1505567729473114,0.08973737061023712,0.07048508524894714
885.0,0.0005,0.2,64.0,3.0,0.26504752039909363,0.18217962980270386,0.12203062325716019,0.08387738466262817,0.19344930350780487,0.17663639783859253,0.08906605839729309,0.0813252255320549
886.0,0.0005,0.2,64.0,3.0,0.20333829522132874,0.15915486216545105,0.09831652790307999,0.07695329934358597,0.3563922047615051,0.2680472433567047,0.1723199337720871,0.12960408627986908
887.0,0.0005,0.2,64.0,3.0,0.20009391009807587,0.1284492313861847,0.08786764740943909,0.0564061738550663,0.3563261032104492,0.22644145786762238,0.15647420287132263,0.09943769872188568
888.0,0.0005,0.2,64.0,3.0,0.3834136128425598,0.26556396484375,0.1622050404548645,0.11234817653894424,0.24395166337490082,0.223280131816864,0.10320497304201126,0.09445978701114655
889.0,0.0005,0.2,64.0,3.0,0.29116716980934143,0.18337801098823547,0.12319210916757584,0.07758679240942001,0.2644481658935547,0.1737457513809204,0.1118873655796051,0.07351138442754745
860.0,0.0005,0.2,64.0,4.0,0.2630455493927002,0.18253400921821594,0.12255962193012238,0.08504725247621536,0.18897990882396698,0.1600457727909088,0.08805054426193237,0.07456939667463303
861.0,0.0005,0.2,64.0,4.0,0.24873819947242737,0.20339682698249817,0.10829570144414902,0.08855496346950531,0.23789183795452118,0.17071399092674255,0.10357338190078735,0.07432548701763153
862.0,0.0005,0.2,64.0,4.0,0.37505096197128296,0.2986186742782593,0.16479995846748352,0.13121509552001953,0.18153905868530273,0.16409985721111298,0.07976950705051422,0.07210660725831985
863.0,0.0005,0.2,64.0,4.0,0.1602473258972168,0.1208021268248558,0.08009873330593109,0.06038226932287216,0.15884819626808167,0.12669195234775543,0.07939936965703964,0.06332624703645706
864.0,0.0005,0.2,64.0,4.0,0.35356101393699646,0.2489122450351715,0.16181203722953796,0.11391809582710266,0.35373663902282715,0.24249370396137238,0.1618923842906952,0.11098052561283112
865.0,0.0005,0.2,64.0,4.0,0.23277582228183746,0.16908881068229675,0.10226619243621826,0.07428637146949768,0.31384024024009705,0.24132175743579865,0.13788051903247833,0.1060207337141037
866.0,0.0005,0.2,64.0,4.0,0.19188566505908966,0.14592260122299194,0.08789965510368347,0.06684473901987076,0.2565949261188507,0.20291119813919067,0.11754193156957626,0.09295028448104858
867.0,0.0005,0.2,64.0,4.0,0.25263485312461853,0.17990052700042725,0.10583091527223587,0.07536187767982483,0.3579413592815399,0.24437667429447174,0.1499447077512741,0.10237149894237518
868.0,0.0005,0.2,64.0,4.0,0.3223226070404053,0.2254158854484558,0.14113619923591614,0.09870341420173645,0.18250133097171783,0.13549062609672546,0.07991231232881546,0.059327609837055206
869.0,0.0005,0.2,64.0,4.0,0.3036547601222992,0.22881223261356354,0.1395682394504547,0.10516852140426636,0.2254459112882614,0.17393648624420166,0.10362127423286438,0.07994610071182251
870.0,0.0005,0.2,64.0,4.0,0.17739301919937134,0.11779583245515823,0.07441982626914978,0.049417644739151,0.2833922803401947,0.159620463848114,0.11888859421014786,0.06696389615535736
871.0,0.0005,0.2,64.0,4.0,0.17484331130981445,0.14986374974250793,0.08417309075593948,0.0721474289894104,0.12148846685886383,0.1055162101984024,0.058486998081207275,0.050797637552022934
872.0,0.0005,0.2,64.0,4.0,0.1617976427078247,0.13874214887619019,0.07060588151216507,0.06054483726620674,0.2860294282436371,0.2061980813741684,0.12481861561536789,0.08998151123523712
873.0,0.0005,0.2,64.0,4.0,0.16540992259979248,0.140508234500885,0.0783994048833847,0.06659674644470215,0.23214612901210785,0.16739387810230255,0.1100303903222084,0.07933972775936127
874.0,0.0005,0.2,64.0,4.0,0.1826717108488083,0.16242429614067078,0.08343471586704254,0.074186772108078,0.17951585352420807,0.1622704565525055,0.08199328929185867,0.07411650568246841
875.0,0.0005,0.2,64.0,4.0,0.19795534014701843,0.1471257209777832,0.08714503794908524,0.06476852297782898,0.18415051698684692,0.13577155768871307,0.08106780052185059,0.059770140796899796
876.0,0.0005,0.2,64.0,4.0,0.13684877753257751,0.09699520468711853,0.06468978524208069,0.04585060849785805,0.27836716175079346,0.20035888254642487,0.1315869688987732,0.09471166133880615
877.0,0.0005,0.2,64.0,4.0,0.3110951781272888,0.20384612679481506,0.13998927175998688,0.09172842651605606,0.27246159315109253,0.20820820331573486,0.1226046234369278,0.09369133412837982
878.0,0.0005,0.2,64.0,4.0,0.23936718702316284,0.1712799370288849,0.1181085929274559,0.08451297879219055,0.1894022524356842,0.12620796263217926,0.09345486760139465,0.0622735470533371
879.0,0.0005,0.2,64.0,4.0,0.21577057242393494,0.15946993231773376,0.0972352996468544,0.07186384499073029,0.28438475728034973,0.18902258574962616,0.12815572321414948,0.08518151938915253
880.0,0.0005,0.2,64.0,4.0,0.24169732630252838,0.17373591661453247,0.10464618355035782,0.07522135972976685,0.23350316286087036,0.17849662899971008,0.1010984405875206,0.07728259265422821
881.0,0.0005,0.2,64.0,4.0,0.16862548887729645,0.12369126081466675,0.0836668610572815,0.061371855437755585,0.2535414695739746,0.16174444556236267,0.12579959630966187,0.08025269210338593
882.0,0.0005,0.2,64.0,4.0,0.1842796951532364,0.13703326880931854,0.08758711814880371,0.06513115018606186,0.1846979856491089,0.14730258285999298,0.08778592944145203,0.07001209259033203
883.0,0.0005,0.2,64.0,4.0,0.31265923380851746,0.2179940938949585,0.12449604272842407,0.08680184185504913,0.37320441007614136,0.245438814163208,0.1486041396856308,0.0977298840880394
884.0,0.0005,0.2,64.0,4.0,0.271981418132782,0.16986429691314697,0.12733161449432373,0.07952417433261871,0.20000265538692474,0.16151055693626404,0.09363381564617157,0.07561324536800385
885.0,0.0005,0.2,64.0,4.0,0.24141807854175568,0.15669453144073486,0.11115141212940216,0.0721437931060791,0.1667306274175644,0.14017167687416077,0.07676450163125992,0.06453649699687958
886.0,0.0005,0.2,64.0,4.0,0.22544807195663452,0.19302384555339813,0.10900688171386719,0.09332937002182007,0.38249868154525757,0.33454084396362305,0.18494273722171783,0.1617545336484909
887.0,0.0005,0.2,64.0,4.0,0.2826899588108063,0.1896456778049469,0.12413822114467621,0.08327949047088623,0.2310514897108078,0.147759348154068,0.10146210342645645,0.06488585472106934
888.0,0.0005,0.2,64.0,4.0,0.24511976540088654,0.18207238614559174,0.10369915515184402,0.07702663540840149,0.23660536110401154,0.1856842339038849,0.10009708255529404,0.07855463773012161
889.0,0.0005,0.2,64.0,4.0,0.33943164348602295,0.24366462230682373,0.14361269772052765,0.10309390723705292,0.28314337134361267,0.2160339206457138,0.1197972521185875,0.09140341728925705
860.0,0.0005,0.2,128.0,2.0,0.28285345435142517,0.1933935284614563,0.13178862631320953,0.09010696411132812,0.1754242330789566,0.1416151225566864,0.08173462003469467,0.06598208844661713
861.0,0.0005,0.2,128.0,2.0,0.2660931944847107,0.1997251808643341,0.11585170775651932,0.08695638179779053,0.24431514739990234,0.190213143825531,0.1063699945807457,0.08281503617763519
862.0,0.0005,0.2,128.0,2.0,0.3859020173549652,0.27207398414611816,0.16956797242164612,0.1195511668920517,0.14344923198223114,0.12096509337425232,0.06303258240222931,0.053152896463871
863.0,0.0005,0.2,128.0,2.0,0.2034187912940979,0.18041589856147766,0.10167773067951202,0.09017986059188843,0.16783639788627625,0.14801180362701416,0.08389206975698471,0.07398286461830139
864.0,0.0005,0.2,128.0,2.0,0.2848360538482666,0.20049402117729187,0.13035911321640015,0.0917588323354721,0.3362446427345276,0.2197781801223755,0.15388692915439606,0.1005844697356224
865.0,0.0005,0.2,128.0,2.0,0.2972568869590759,0.1899188756942749,0.1305948793888092,0.08343770354986191,0.4285058081150055,0.3079085946083069,0.18825691938400269,0.13527452945709229
866.0,0.0005,0.2,128.0,2.0,0.1824101209640503,0.1337505280971527,0.0835590735077858,0.06126891449093819,0.24860268831253052,0.19784149527549744,0.11388082057237625,0.09062794595956802
867.0,0.0005,0.2,128.0,2.0,0.2799330949783325,0.20821507275104523,0.11726639419794083,0.08722309023141861,0.32435446977615356,0.22991159558296204,0.13587485253810883,0.09631192684173584
868.0,0.0005,0.2,128.0,2.0,0.28272971510887146,0.18475988507270813,0.12379954755306244,0.08090126514434814,0.19134089350700378,0.1414773315191269,0.08378291875123978,0.06194903701543808
869.0,0.0005,0.2,128.0,2.0,0.24526247382164001,0.17271459102630615,0.112729512155056,0.0793844610452652,0.1877075731754303,0.11345761269330978,0.08627567440271378,0.052148304879665375
870.0,0.0005,0.2,128.0,2.0,0.24032950401306152,0.15223287045955658,0.10082294791936874,0.06386467814445496,0.3606548607349396,0.20542505383491516,0.15130175650119781,0.08617981523275375
871.0,0.0005,0.2,128.0,2.0,0.16775505244731903,0.13895446062088013,0.080760657787323,0.0668954849243164,0.08700955659151077,0.06718285381793976,0.04188815876841545,0.03234317898750305
872.0,0.0005,0.2,128.0,2.0,0.18266648054122925,0.14749372005462646,0.07971269637346268,0.06436387449502945,0.25776025652885437,0.17661696672439575,0.11248240619897842,0.07707279920578003
873.0,0.0005,0.2,128.0,2.0,0.22994084656238556,0.1634630411863327,0.10898514091968536,0.0774766206741333,0.3385230600833893,0.18914872407913208,0.16044989228248596,0.08965088427066803
874.0,0.0005,0.2,128.0,2.0,0.17075951397418976,0.1459963321685791,0.07799383997917175,0.0666833370923996,0.18829791247844696,0.16814470291137695,0.08600448071956635,0.07679955661296844
875.0,0.0005,0.2,128.0,2.0,0.19826264679431915,0.15895792841911316,0.08728031814098358,0.06997737288475037,0.24199630320072174,0.19385437667369843,0.1065330058336258,0.08533969521522522
876.0,0.0005,0.2,128.0,2.0,0.142045259475708,0.1057971864938736,0.06714624166488647,0.05001140013337135,0.2192753702402115,0.1623474359512329,0.10365369915962219,0.07674328982830048
877.0,0.0005,0.2,128.0,2.0,0.24830041825771332,0.18189844489097595,0.1117323487997055,0.08185221254825592,0.2504335045814514,0.19180157780647278,0.11269222944974899,0.08630853146314621
878.0,0.0005,0.2,128.0,2.0,0.3305405080318451,0.24658292531967163,0.16309531033039093,0.12166894972324371,0.28428933024406433,0.17852433025836945,0.1402740478515625,0.08808749169111252
879.0,0.0005,0.2,128.0,2.0,0.26863035559654236,0.2364790439605713,0.12105613201856613,0.1065673977136612,0.3465593457221985,0.27727359533309937,0.1561742126941681,0.12495113909244537
880.0,0.0005,0.2,128.0,2.0,0.224152073264122,0.18241143226623535,0.09704973548650742,0.0789775550365448,0.24070106446743011,0.1914745569229126,0.1042148545384407,0.08290156722068787
881.0,0.0005,0.2,128.0,2.0,0.13906751573085785,0.12485761195421219,0.06900110095739365,0.061950571835041046,0.21604666113853455,0.15474674105644226,0.10719582438468933,0.07678065448999405
882.0,0.0005,0.2,128.0,2.0,0.21730421483516693,0.17667128145694733,0.10328347980976105,0.08397087454795837,0.20804782211780548,0.17084816098213196,0.0988839641213417,0.0812031701207161
883.0,0.0005,0.2,128.0,2.0,0.2964954674243927,0.22030825912952423,0.11805986613035202,0.08772329986095428,0.2688710391521454,0.21328453719615936,0.10706024616956711,0.08492656797170639
884.0,0.0005,0.2,128.0,2.0,0.22018562257289886,0.16417449712753296,0.10308275371789932,0.07686042785644531,0.19137731194496155,0.15606114268302917,0.08959577232599258,0.07306203991174698
885.0,0.0005,0.2,128.0,2.0,0.26186707615852356,0.14540278911590576,0.12056633085012436,0.06694494187831879,0.20341403782367706,0.15816396474838257,0.09365392476320267,0.07282032072544098
886.0,0.0005,0.2,128.0,2.0,0.18086008727550507,0.13539579510688782,0.08744803071022034,0.06546550244092941,0.308213472366333,0.21856345236301422,0.14902493357658386,0.10567806661128998
887.0,0.0005,0.2,128.0,2.0,0.2360880821943283,0.15829423069953918,0.10367384552955627,0.06951206922531128,0.2560129165649414,0.1667647659778595,0.11242347210645676,0.0732317566871643
888.0,0.0005,0.2,128.0,2.0,0.29546239972114563,0.16263973712921143,0.1249968558549881,0.06880556792020798,0.22706332802772522,0.15975116193294525,0.09606028348207474,0.06758353114128113
889.0,0.0005,0.2,128.0,2.0,0.2554784119129181,0.19578951597213745,0.1080922931432724,0.08283805847167969,0.22655346989631653,0.16435006260871887,0.09585420042276382,0.06953610479831696
860.0,0.0005,0.2,128.0,3.0,0.30811989307403564,0.21931186318397522,0.14356091618537903,0.10218298435211182,0.16495656967163086,0.1274745911359787,0.07685746252536774,0.05939366668462753
861.0,0.0005,0.2,128.0,3.0,0.2739107012748718,0.19409972429275513,0.11925528943538666,0.08450717478990555,0.242906853556633,0.15807972848415375,0.10575684159994125,0.06882479041814804
862.0,0.0005,0.2,128.0,3.0,0.41020047664642334,0.28998446464538574,0.18024489283561707,0.12742115557193756,0.12089185416698456,0.09300144016742706,0.05312071368098259,0.04086547717452049
863.0,0.0005,0.2,128.0,3.0,0.11866629123687744,0.08796094357967377,0.05931468307971954,0.043966781347990036,0.1407630890607834,0.11173580586910248,0.07035961747169495,0.055850498378276825
864.0,0.0005,0.2,128.0,3.0,0.30865418910980225,0.2076950967311859,0.1412598341703415,0.0950545072555542,0.3655427396297455,0.22398662567138672,0.16729560494422913,0.10251052677631378
865.0,0.0005,0.2,128.0,3.0,0.36592531204223633,0.243728369474411,0.1607631891965866,0.10707802325487137,0.5092514753341675,0.371949702501297,0.22373120486736298,0.16340996325016022
866.0,0.0005,0.2,128.0,3.0,0.19977116584777832,0.14338327944278717,0.09151189029216766,0.06568152457475662,0.27094200253486633,0.2004479467868805,0.12411410361528397,0.09182191640138626
867.0,0.0005,0.2,128.0,3.0,0.2429697960615158,0.18531352281570435,0.10178214311599731,0.07762943208217621,0.2539435625076294,0.20576617121696472,0.10637915879487991,0.08619723469018936
868.0,0.0005,0.2,128.0,3.0,0.318878173828125,0.2202478051185608,0.13962797820568085,0.09644044935703278,0.17362764477729797,0.1356390416622162,0.07602676749229431,0.05939260870218277
869.0,0.0005,0.2,128.0,3.0,0.24942545592784882,0.19227024912834167,0.11464294046163559,0.08837281167507172,0.19195744395256042,0.16069312393665314,0.08822903782129288,0.0738590806722641
870.0,0.0005,0.2,128.0,3.0,0.28826335072517395,0.178212970495224,0.12093212455511093,0.07476383447647095,0.4667259156703949,0.2919984459877014,0.19580063223838806,0.12249904870986938
871.0,0.0005,0.2,128.0,3.0,0.16699042916297913,0.12986159324645996,0.08039255440235138,0.06251797825098038,0.1149917021393776,0.08029258251190186,0.05535932257771492,0.03865446150302887
872.0,0.0005,0.2,128.0,3.0,0.17324137687683105,0.12727424502372742,0.07559973746538162,0.055540427565574646,0.27315396070480347,0.18494273722171783,0.1191999614238739,0.08070602267980576
873.0,0.0005,0.2,128.0,3.0,0.2041306346654892,0.13944995403289795,0.0967518612742424,0.06609514355659485,0.30920714139938354,0.18893611431121826,0.14655500650405884,0.08955010771751404
874.0,0.0005,0.2,128.0,3.0,0.29117533564567566,0.20310495793819427,0.13299338519573212,0.09276753664016724,0.2821665406227112,0.21222542226314545,0.1288786679506302,0.0969332754611969
875.0,0.0005,0.2,128.0,3.0,0.3139984905719757,0.22640040516853333,0.13823023438453674,0.09966729581356049,0.36624786257743835,0.2306361347436905,0.16123174130916595,0.10153196007013321
876.0,0.0005,0.2,128.0,3.0,0.15271879732608795,0.13555733859539032,0.07219172269105911,0.06407932192087173,0.28179657459259033,0.21632492542266846,0.13320809602737427,0.10225898027420044
877.0,0.0005,0.2,128.0,3.0,0.23194773495197296,0.16414886713027954,0.10437382757663727,0.0738651230931282,0.25962671637535095,0.18849366903305054,0.11682906001806259,0.08482000976800919
878.0,0.0005,0.2,128.0,3.0,0.23650133609771729,0.18697711825370789,0.11669450253248215,0.09225823730230331,0.27353090047836304,0.20164182782173157,0.13496562838554382,0.09949412196874619
879.0,0.0005,0.2,128.0,3.0,0.16215388476848602,0.13407164812088013,0.0730733573436737,0.06041831895709038,0.21630512177944183,0.1513737291097641,0.09747616946697235,0.06821537017822266
880.0,0.0005,0.2,128.0,3.0,0.2630811035633087,0.1968415230512619,0.11390458047389984,0.08522524684667587,0.21920211613178253,0.1752825677394867,0.09490659832954407,0.07589103281497955
881.0,0.0005,0.2,128.0,3.0,0.17606373131275177,0.1467967927455902,0.08735749870538712,0.07283613085746765,0.1872999221086502,0.15312382578849792,0.0929325670003891,0.07597541809082031
882.0,0.0005,0.2,128.0,3.0,0.21018728613853455,0.1700478047132492,0.09990084916353226,0.08082278072834015,0.17000094056129456,0.15270844101905823,0.08080049604177475,0.0725814700126648
883.0,0.0005,0.2,128.0,3.0,0.3031117618083954,0.2222907543182373,0.1206943690776825,0.08851269632577896,0.3181789517402649,0.2206873595714569,0.12669387459754944,0.08787424862384796
884.0,0.0005,0.2,128.0,3.0,0.23943357169628143,0.15153583884239197,0.11209392547607422,0.07094347476959229,0.19221042096614838,0.15267309546470642,0.08998577296733856,0.07147587090730667
885.0,0.0005,0.2,128.0,3.0,0.37226662039756775,0.19245582818984985,0.1713954359292984,0.08860865235328674,0.19974394142627716,0.14914175868034363,0.09196417778730392,0.06866639852523804
886.0,0.0005,0.2,128.0,3.0,0.18526415526866913,0.15721803903579712,0.08957746624946594,0.07601682841777802,0.23542700707912445,0.15517719089984894,0.11383179575204849,0.07503005117177963
887.0,0.0005,0.2,128.0,3.0,0.21997326612472534,0.1508154571056366,0.09659729152917862,0.06622789800167084,0.3306497633457184,0.2034829556941986,0.14519891142845154,0.08935588598251343
888.0,0.0005,0.2,128.0,3.0,0.4014797508716583,0.1845598816871643,0.1698480099439621,0.0780789777636528,0.23578894138336182,0.14344201982021332,0.09975169599056244,0.06068386882543564
889.0,0.0005,0.2,128.0,3.0,0.36812838912010193,0.23477661609649658,0.1557542234659195,0.09933339804410934,0.28439632058143616,0.18413498997688293,0.12032736837863922,0.07790705561637878
860.0,0.0005,0.2,128.0,4.0,0.2723124325275421,0.19358313083648682,0.1268772929906845,0.09019532054662704,0.21001344919204712,0.17155534029006958,0.09785061329603195,0.07993200421333313
861.0,0.0005,0.2,128.0,4.0,0.3259934186935425,0.22055499255657196,0.14193107187747955,0.09602527320384979,0.23357094824314117,0.15144997835159302,0.10169218480587006,0.0659383237361908
862.0,0.0005,0.2,128.0,4.0,0.386410117149353,0.2740602493286133,0.16979125142097473,0.12042395770549774,0.11221546679735184,0.09263893961906433,0.04930824413895607,0.04070618376135826
863.0,0.0005,0.2,128.0,4.0,0.24157609045505524,0.20991261303424835,0.12075043469667435,0.10492362827062607,0.18275240063667297,0.16003641486167908,0.09134773164987564,0.07999327778816223
864.0,0.0005,0.2,128.0,4.0,0.39872801303863525,0.2994577884674072,0.18248333036899567,0.13705095648765564,0.37897494435310364,0.2603863775730133,0.1734430491924286,0.11916936933994293
865.0,0.0005,0.2,128.0,4.0,0.27012190222740173,0.1742905080318451,0.11867357045412064,0.07657163590192795,0.3920151889324188,0.2903861999511719,0.17222537100315094,0.12757636606693268
866.0,0.0005,0.2,128.0,4.0,0.1906491369009018,0.13362166285514832,0.08733323961496353,0.061209890991449356,0.19814616441726685,0.16103971004486084,0.09076748788356781,0.07376964390277863
867.0,0.0005,0.2,128.0,4.0,0.2216678410768509,0.1633066087961197,0.09285855293273926,0.06841053813695908,0.2211485356092453,0.16483217477798462,0.09264103323221207,0.06904961913824081
868.0,0.0005,0.2,128.0,4.0,0.2960728108882904,0.23190906643867493,0.12964212894439697,0.10154660046100616,0.1867688149213791,0.15468326210975647,0.08178092539310455,0.06773154437541962
869.0,0.0005,0.2,128.0,4.0,0.24517251551151276,0.17371854186058044,0.11268815398216248,0.07984591275453568,0.23278172314167023,0.14586573839187622,0.10699301958084106,0.06704400479793549
870.0,0.0005,0.2,128.0,4.0,0.17605334520339966,0.13113313913345337,0.07385783642530441,0.05501292273402214,0.3309006690979004,0.17238779366016388,0.13881927728652954,0.07232003659009933
871.0,0.0005,0.2,128.0,4.0,0.16664177179336548,0.13537704944610596,0.08022469282150269,0.06517323106527328,0.09954298287630081,0.07218684256076813,0.04792199656367302,0.03475220128893852
872.0,0.0005,0.2,128.0,4.0,0.18235114216804504,0.13484328985214233,0.07957509905099869,0.05884343013167381,0.22916936874389648,0.14062359929084778,0.10000579804182053,0.06136585772037506
873.0,0.0005,0.2,128.0,4.0,0.18587501347064972,0.16238050162792206,0.08809924125671387,0.07696354389190674,0.20484784245491028,0.14697375893592834,0.09709180146455765,0.0696612000465393
874.0,0.0005,0.2,128.0,4.0,0.3328580856323242,0.26300734281539917,0.15203185379505157,0.12012776732444763,0.3472347855567932,0.28560882806777954,0.15859836339950562,0.13045088946819305
875.0,0.0005,0.2,128.0,4.0,0.1885479986667633,0.1322580873966217,0.08300366997718811,0.058223411440849304,0.24583202600479126,0.16478446125984192,0.10822158306837082,0.07254235446453094
876.0,0.0005,0.2,128.0,4.0,0.1612159162759781,0.13740956783294678,0.07620840519666672,0.06495490670204163,0.25724056363105774,0.19458097219467163,0.12160024046897888,0.09198039770126343
877.0,0.0005,0.2,128.0,4.0,0.23104649782180786,0.18302755057811737,0.1039682999253273,0.08236031234264374,0.24122479557991028,0.18125002086162567,0.10854841023683548,0.08156044781208038
878.0,0.0005,0.2,128.0,4.0,0.22764427959918976,0.17072054743766785,0.11232426762580872,0.08423694223165512,0.22956113517284393,0.16117754578590393,0.11327005177736282,0.07952824234962463
879.0,0.0005,0.2,128.0,4.0,0.24604707956314087,0.18449987471103668,0.11087916791439056,0.08314339816570282,0.3492893874645233,0.23230642080307007,0.15740449726581573,0.10468704998493195
880.0,0.0005,0.2,128.0,4.0,0.2852475643157959,0.21555998921394348,0.12350186705589294,0.09332966804504395,0.259863942861557,0.1828722357749939,0.11251170188188553,0.07917706668376923
881.0,0.0005,0.2,128.0,4.0,0.16811329126358032,0.12431252002716064,0.08341273665428162,0.06168011203408241,0.21295490860939026,0.15407457947731018,0.1056617721915245,0.07644714415073395
882.0,0.0005,0.2,128.0,4.0,0.19255772233009338,0.12157990783452988,0.09152162820100784,0.0577862523496151,0.16749760508537292,0.12268204241991043,0.0796106681227684,0.05831008031964302
883.0,0.0005,0.2,128.0,4.0,0.28076043725013733,0.2078767716884613,0.11179442703723907,0.08277328312397003,0.335934042930603,0.2100408524274826,0.1337636560201645,0.08363497257232666
884.0,0.0005,0.2,128.0,4.0,0.2119697481393814,0.13706132769584656,0.0992363914847374,0.06416704505681992,0.16455987095832825,0.12914425134658813,0.07704081386327744,0.06046055257320404
885.0,0.0005,0.2,128.0,4.0,0.3053496479988098,0.17171257734298706,0.14058615267276764,0.07905825972557068,0.17468395829200745,0.15271678566932678,0.08042629808187485,0.07031238824129105
886.0,0.0005,0.2,128.0,4.0,0.14348778128623962,0.10684069246053696,0.0693780779838562,0.05165877193212509,0.2625897228717804,0.20320138335227966,0.12696529924869537,0.09825032949447632
887.0,0.0005,0.2,128.0,4.0,0.27495214343070984,0.17377808690071106,0.12074028700590134,0.07631152123212814,0.3586329519748688,0.2409355640411377,0.15748721361160278,0.105802521109581
888.0,0.0005,0.2,128.0,4.0,0.2808138430118561,0.2067793309688568,0.11879970878362656,0.08747904002666473,0.25634288787841797,0.20583659410476685,0.10844714939594269,0.0870802104473114
889.0,0.0005,0.2,128.0,4.0,0.2898296117782593,0.19691219925880432,0.12262619286775589,0.08331307023763657,0.2509424686431885,0.18698126077651978,0.10617313534021378,0.07911130785942078
860.0,0.0005,0.2,256.0,2.0,0.19490687549114227,0.15994548797607422,0.0908120721578598,0.07452268153429031,0.21132764220237732,0.18130911886692047,0.09846292436122894,0.0844765156507492
861.0,0.0005,0.2,256.0,2.0,0.28790098428726196,0.20872104167938232,0.125346377491951,0.09087301045656204,0.22132505476474762,0.153964102268219,0.09636055678129196,0.06703292578458786
862.0,0.0005,0.2,256.0,2.0,0.3859592378139496,0.3010251522064209,0.16959315538406372,0.13227254152297974,0.17445358633995056,0.14078155159950256,0.07665609568357468,0.06186038255691528
863.0,0.0005,0.2,256.0,2.0,0.18047663569450378,0.15840142965316772,0.09021022915840149,0.07917606085538864,0.19728556275367737,0.17051297426223755,0.09861205518245697,0.08522993326187134
864.0,0.0005,0.2,256.0,2.0,0.30381259322166443,0.260439395904541,0.13904398679733276,0.11919364333152771,0.376773864030838,0.27276259660720825,0.1724356859922409,0.12483351677656174
865.0,0.0005,0.2,256.0,2.0,0.1840738207101822,0.12413103878498077,0.08086977154016495,0.0545349046587944,0.3020433187484741,0.216620534658432,0.1326977163553238,0.09516863524913788
866.0,0.0005,0.2,256.0,2.0,0.2425009161233902,0.22049212455749512,0.1110856756567955,0.10100381821393967,0.2557421028614044,0.22490599751472473,0.11715126782655716,0.10302573442459106
867.0,0.0005,0.2,256.0,2.0,0.31276383996009827,0.24190470576286316,0.1310194879770279,0.10133597254753113,0.4267290532588959,0.3064553141593933,0.17876045405864716,0.12837675213813782
868.0,0.0005,0.2,256.0,2.0,0.23386713862419128,0.20098575949668884,0.10240399837493896,0.08800613135099411,0.17662754654884338,0.139534592628479,0.07734034955501556,0.061098355799913406
869.0,0.0005,0.2,256.0,2.0,0.17935481667518616,0.14259913563728333,0.08243653923273087,0.06554259359836578,0.16027836501598358,0.13322508335113525,0.0736684501171112,0.061233989894390106
870.0,0.0005,0.2,256.0,2.0,0.2618831694126129,0.21505098044872284,0.10986511409282684,0.09021808207035065,0.3934217393398285,0.2870200574398041,0.16504807770252228,0.12041052430868149
871.0,0.0005,0.2,256.0,2.0,0.14976264536380768,0.11604279279708862,0.0720987394452095,0.055865317583084106,0.12428685277700424,0.09129393100738525,0.05983419343829155,0.04395073652267456
872.0,0.0005,0.2,256.0,2.0,0.27859464287757874,0.20775119960308075,0.12157420814037323,0.09065926820039749,0.38566452264785767,0.2640901207923889,0.16829776763916016,0.11524466425180435
873.0,0.0005,0.2,256.0,2.0,0.18531545996665955,0.15933245420455933,0.08783403038978577,0.07551884651184082,0.23395052552223206,0.17344005405902863,0.1108856052160263,0.08220542967319489
874.0,0.0005,0.2,256.0,2.0,0.21745650470256805,0.17613300681114197,0.09932254999876022,0.08044818043708801,0.2127966731786728,0.17874355614185333,0.09719420224428177,0.08164054155349731
875.0,0.0005,0.2,256.0,2.0,0.2521221339702606,0.1837444305419922,0.11099065095186234,0.08088903874158859,0.3500085473060608,0.2392292618751526,0.1540827751159668,0.10531489551067352
876.0,0.0005,0.2,256.0,2.0,0.1297435313463211,0.10078263282775879,0.06133110076189041,0.04764098674058914,0.23543262481689453,0.17240288853645325,0.11129140108823776,0.08149659633636475
877.0,0.0005,0.2,256.0,2.0,0.43145158886909485,0.26496195793151855,0.19414828717708588,0.11922986805438995,0.30766281485557556,0.22105267643928528,0.13844478130340576,0.09947120398283005
878.0,0.0005,0.2,256.0,2.0,0.2027345448732376,0.14561644196510315,0.10003329068422318,0.07185006886720657,0.21057720482349396,0.12341371178627014,0.10390303283929825,0.06089481711387634
879.0,0.0005,0.2,256.0,2.0,0.2855001986026764,0.24781841039657593,0.12865839898586273,0.1116773933172226,0.32350578904151917,0.28223752975463867,0.14578531682491302,0.12718811631202698
880.0,0.0005,0.2,256.0,2.0,0.22269409894943237,0.18133871257305145,0.09641847014427185,0.07851310074329376,0.19857461750507355,0.15888795256614685,0.08597564697265625,0.06879276037216187
881.0,0.0005,0.2,256.0,2.0,0.16801370680332184,0.14228111505508423,0.08336332440376282,0.07059557735919952,0.23018889129161835,0.1609150618314743,0.1142127513885498,0.07984117418527603
882.0,0.0005,0.2,256.0,2.0,0.1821880340576172,0.14657863974571228,0.08659294992685318,0.0696680024266243,0.17422577738761902,0.14993540942668915,0.08280855417251587,0.07126346975564957
883.0,0.0005,0.2,256.0,2.0,0.3030293583869934,0.21020451188087463,0.12066154927015305,0.08370015025138855,0.40242230892181396,0.2743456959724426,0.16023825109004974,0.10924016684293747
884.0,0.0005,0.2,256.0,2.0,0.14246326684951782,0.08434014022350311,0.06669602543115616,0.03948492556810379,0.45767930150032043,0.30139070749282837,0.2142685204744339,0.1410999894142151
885.0,0.0005,0.2,256.0,2.0,0.19009795784950256,0.1336502581834793,0.08752307295799255,0.06153396889567375,0.1953316479921341,0.12245293706655502,0.08993269503116608,0.056378595530986786
886.0,0.0005,0.2,256.0,2.0,0.19835761189460754,0.16514873504638672,0.09590830653905869,0.07985140383243561,0.2792825996875763,0.2324795126914978,0.13503651320934296,0.1124066561460495
887.0,0.0005,0.2,256.0,2.0,0.23194943368434906,0.1647387444972992,0.10185641795396805,0.07234206795692444,0.30607056617736816,0.187591552734375,0.13440538942813873,0.08237746357917786
888.0,0.0005,0.2,256.0,2.0,0.2619824707508087,0.1794508993625641,0.11083301156759262,0.07591760158538818,0.24374684691429138,0.2073327898979187,0.10311832278966904,0.08771318197250366
889.0,0.0005,0.2,256.0,2.0,0.24359753727912903,0.191452294588089,0.10306551307439804,0.08100298792123795,0.22648048400878906,0.15112954378128052,0.09582331776618958,0.06394252926111221
860.0,0.0005,0.2,256.0,3.0,0.26367026567459106,0.22264820337295532,0.1228506863117218,0.10373746603727341,0.2651002109050751,0.23525160551071167,0.12351694703102112,0.10960973054170609
861.0,0.0005,0.2,256.0,3.0,0.3859788477420807,0.30150550603866577,0.16804754734039307,0.13126954436302185,0.2935560345649719,0.231475830078125,0.12780849635601044,0.10077999532222748
862.0,0.0005,0.2,256.0,3.0,0.42233797907829285,0.33932629227638245,0.18557819724082947,0.14910230040550232,0.18162225186824799,0.15769760310649872,0.07980607450008392,0.06929340958595276
863.0,0.0005,0.2,256.0,3.0,0.10181599855422974,0.08203396201133728,0.05089215561747551,0.04100421071052551,0.1599588394165039,0.1258859634399414,0.07995451986789703,0.0629233792424202
864.0,0.0005,0.2,256.0,3.0,0.38011521100997925,0.27550238370895386,0.17396493256092072,0.12608742713928223,0.4058470129966736,0.30292028188705444,0.18574140965938568,0.13863559067249298
865.0,0.0005,0.2,256.0,3.0,0.23040807247161865,0.19570226967334747,0.10122596472501755,0.08597855269908905,0.3074292242527008,0.24378424882888794,0.13506391644477844,0.10710256546735764
866.0,0.0005,0.2,256.0,3.0,0.18908771872520447,0.12878291308879852,0.08661796897649765,0.05899331718683243,0.2736060917377472,0.2050705999135971,0.1253344714641571,0.09393948316574097
867.0,0.0005,0.2,256.0,3.0,0.21948032081127167,0.15788982808589935,0.091942198574543,0.06614141166210175,0.23227132856845856,0.17320990562438965,0.0973004549741745,0.07255912572145462
868.0,0.0005,0.2,256.0,3.0,0.2942553162574768,0.24880817532539368,0.12884630262851715,0.10894624888896942,0.20758897066116333,0.1828680783510208,0.09089749306440353,0.08007289469242096
869.0,0.0005,0.2,256.0,3.0,0.21150560677051544,0.152686208486557,0.09721394628286362,0.07017888128757477,0.15327942371368408,0.1252007782459259,0.07045154273509979,0.057545796036720276
870.0,0.0005,0.2,256.0,3.0,0.22532741725444794,0.1882556974887848,0.09452924877405167,0.07897694408893585,0.31701064109802246,0.27193358540534973,0.13299213349819183,0.11408144235610962
871.0,0.0005,0.2,256.0,3.0,0.16825708746910095,0.1360892355442047,0.08100235462188721,0.06551610678434372,0.10874219238758087,0.09091828763484955,0.05235067754983902,0.04376989230513573
872.0,0.0005,0.2,256.0,3.0,0.16583211719989777,0.14752894639968872,0.07236645370721817,0.0643792450428009,0.25289294123649597,0.19159284234046936,0.11035838723182678,0.08360800892114639
873.0,0.0005,0.2,256.0,3.0,0.18084226548671722,0.1508878916501999,0.08571387082338333,0.07151639461517334,0.2406894564628601,0.19146014750003815,0.11407968401908875,0.0907464325428009
874.0,0.0005,0.2,256.0,3.0,0.2462858110666275,0.17885586619377136,0.11249023675918579,0.08169182389974594,0.24746990203857422,0.1817944347858429,0.11303109675645828,0.08303403109312057
875.0,0.0005,0.2,256.0,3.0,0.33892619609832764,0.2679613530635834,0.14920403063297272,0.11796349287033081,0.2906588017940521,0.25292718410491943,0.12795549631118774,0.11134506016969681
876.0,0.0005,0.2,256.0,3.0,0.09996285289525986,0.07069927453994751,0.04725344851613045,0.03342026099562645,0.2153363674879074,0.1484811007976532,0.10179168730974197,0.07018852233886719
877.0,0.0005,0.2,256.0,3.0,0.30075985193252563,0.243687242269516,0.13533848524093628,0.10965646803379059,0.3190992474555969,0.24849195778369904,0.1435910165309906,0.11181854456663132
878.0,0.0005,0.2,256.0,3.0,0.36659812927246094,0.26014766097068787,0.18088684976100922,0.12836207449436188,0.27916601300239563,0.1582852005958557,0.13774609565734863,0.07810108363628387
879.0,0.0005,0.2,256.0,3.0,0.23358610272407532,0.1766779124736786,0.10526371002197266,0.07961849123239517,0.269467294216156,0.2157345563173294,0.1214333027601242,0.0972190648317337
880.0,0.0005,0.2,256.0,3.0,0.3090462386608124,0.20416900515556335,0.13380584120750427,0.0883978083729744,0.2227579653263092,0.16815291345119476,0.09644615650177002,0.07280412316322327
881.0,0.0005,0.2,256.0,3.0,0.1592976152896881,0.13474278151988983,0.07903866469860077,0.0668552964925766,0.23185957968235016,0.17650726437568665,0.11504171043634415,0.08757756650447845
882.0,0.0005,0.2,256.0,3.0,0.21738478541374207,0.16916429996490479,0.10332176089286804,0.08040285110473633,0.21952427923679352,0.17311543226242065,0.10433866083621979,0.08228079229593277
883.0,0.0005,0.2,256.0,3.0,0.27526670694351196,0.21643152832984924,0.10960689932107925,0.08617963641881943,0.2663523554801941,0.19003911316394806,0.10605734586715698,0.07567059993743896
884.0,0.0005,0.2,256.0,3.0,0.23408286273479462,0.14276550710201263,0.10958892107009888,0.06683752685785294,0.21156875789165497,0.18265876173973083,0.09904863685369492,0.08551406115293503
885.0,0.0005,0.2,256.0,3.0,0.2378983497619629,0.16040170192718506,0.10953087359666824,0.0738506019115448,0.18204599618911743,0.13166019320487976,0.08381585776805878,0.06061772257089615
886.0,0.0005,0.2,256.0,3.0,0.2098260521888733,0.17932873964309692,0.10145343095064163,0.08670760691165924,0.3378436267375946,0.29508283734321594,0.16335147619247437,0.14267611503601074
887.0,0.0005,0.2,256.0,3.0,0.27367472648620605,0.1730790138244629,0.12017935514450073,0.07600454241037369,0.23132416605949402,0.17113927006721497,0.10158184915781021,0.07515273243188858
888.0,0.0005,0.2,256.0,3.0,0.30473724007606506,0.18504780530929565,0.12892062962055206,0.07828540354967117,0.23225191235542297,0.17699478566646576,0.09825534373521805,0.07487853616476059
889.0,0.0005,0.2,256.0,3.0,0.2780776023864746,0.2006145715713501,0.11765395104885101,0.08487953245639801,0.2567182183265686,0.18318557739257812,0.10861682891845703,0.07750536501407623
860.0,0.0005,0.2,256.0,4.0,0.31759336590766907,0.22151078283786774,0.14797484874725342,0.10320751368999481,0.19878622889518738,0.15297845005989075,0.09261957556009293,0.07127656042575836
861.0,0.0005,0.2,256.0,4.0,0.2330523133277893,0.15825308859348297,0.10146638005971909,0.06890027225017548,0.2305908352136612,0.17501325905323029,0.10039468109607697,0.0761973038315773
862.0,0.0005,0.2,256.0,4.0,0.5058175325393677,0.4126649498939514,0.22225971519947052,0.18132781982421875,0.23634053766727448,0.1978488266468048,0.10384966433048248,0.08693613857030869
863.0,0.0005,0.2,256.0,4.0,0.14522965252399445,0.12296691536903381,0.07259222120046616,0.061464328318834305,0.20522458851337433,0.17117582261562347,0.10258034616708755,0.08556126058101654
864.0,0.0005,0.2,256.0,4.0,0.33724164962768555,0.2832067012786865,0.15434324741363525,0.12961339950561523,0.36719661951065063,0.274526447057724,0.168052539229393,0.12564074993133545
865.0,0.0005,0.2,256.0,4.0,0.2730662524700165,0.1727617084980011,0.11996713280677795,0.07590000331401825,0.3772435486316681,0.29466700553894043,0.16573572158813477,0.12945707142353058
866.0,0.0005,0.2,256.0,4.0,0.20322203636169434,0.1517951786518097,0.09309267997741699,0.06953486800193787,0.2803298830986023,0.21059076488018036,0.12841452658176422,0.09646818041801453
867.0,0.0005,0.2,256.0,4.0,0.2709357440471649,0.20592299103736877,0.1134973093867302,0.08626292645931244,0.16539674997329712,0.1337788701057434,0.06928613036870956,0.05604112148284912
868.0,0.0005,0.2,256.0,4.0,0.2817751467227936,0.2118142545223236,0.1233815848827362,0.09274764358997345,0.2037612348794937,0.17161250114440918,0.08922144770622253,0.07514439523220062
869.0,0.0005,0.2,256.0,4.0,0.2656976580619812,0.18590006232261658,0.12212211638689041,0.08544490486383438,0.268655002117157,0.1911541223526001,0.123481385409832,0.08785980194807053
870.0,0.0005,0.2,256.0,4.0,0.16034837067127228,0.13825377821922302,0.06726927310228348,0.058000147342681885,0.231260746717453,0.159540057182312,0.09701839834451675,0.06693017482757568
871.0,0.0005,0.2,256.0,4.0,0.22142459452152252,0.17641431093215942,0.10659826546907425,0.08492941409349442,0.1686759889125824,0.14399978518486023,0.08120402693748474,0.06932440400123596
872.0,0.0005,0.2,256.0,4.0,0.15893280506134033,0.12641674280166626,0.06935569643974304,0.05516620725393295,0.2760583460330963,0.20480866730213165,0.12046738713979721,0.08937519788742065
873.0,0.0005,0.2,256.0,4.0,0.22251296043395996,0.18562167882919312,0.10546452552080154,0.08797916024923325,0.22567801177501678,0.16663211584091187,0.10696467012166977,0.07897867262363434
874.0,0.0005,0.2,256.0,4.0,0.2254292368888855,0.16238588094711304,0.10296407341957092,0.07416923344135284,0.2198520004749298,0.17430128157138824,0.10041671246290207,0.07961156219244003
875.0,0.0005,0.2,256.0,4.0,0.21551235020160675,0.16840365529060364,0.09487408399581909,0.07413561642169952,0.17887331545352936,0.14891716837882996,0.07874463498592377,0.06555718183517456
876.0,0.0005,0.2,256.0,4.0,0.11200977116823196,0.08937762677669525,0.05294814705848694,0.042249709367752075,0.23090393841266632,0.17058521509170532,0.10915064066648483,0.0806373581290245
877.0,0.0005,0.2,256.0,4.0,0.2619099020957947,0.20161756873130798,0.1178564578294754,0.0907256007194519,0.250257670879364,0.1753491759300232,0.11261309683322906,0.0789051204919815
878.0,0.0005,0.2,256.0,4.0,0.22306858003139496,0.17084604501724243,0.11006651073694229,0.08429887890815735,0.23609386384487152,0.18653398752212524,0.11649346351623535,0.09203961491584778
879.0,0.0005,0.2,256.0,4.0,0.18239670991897583,0.13979414105415344,0.08219562470912933,0.06299711763858795,0.270295113325119,0.18961796164512634,0.12180634588003159,0.08544982969760895
880.0,0.0005,0.2,256.0,4.0,0.2877980172634125,0.21248632669448853,0.12460614740848541,0.09199891239404678,0.21062983572483063,0.1677030324935913,0.09119512885808945,0.07260936498641968
881.0,0.0005,0.2,256.0,4.0,0.20538592338562012,0.1359848529100418,0.10190628468990326,0.06747157871723175,0.2625909447669983,0.1793314814567566,0.130289688706398,0.0889788493514061
882.0,0.0005,0.2,256.0,4.0,0.20956024527549744,0.1546022742986679,0.09960280358791351,0.07348158955574036,0.1621616929769516,0.12979397177696228,0.0770745575428009,0.061690352857112885
883.0,0.0005,0.2,256.0,4.0,0.2881251871585846,0.20692850649356842,0.1147269457578659,0.08239568769931793,0.2635153830051422,0.20711740851402283,0.10492769628763199,0.08247090876102448
884.0,0.0005,0.2,256.0,4.0,0.15349481999874115,0.10214917361736298,0.07186058908700943,0.047822460532188416,0.2760603427886963,0.19253313541412354,0.1292412281036377,0.09013688564300537
885.0,0.0005,0.2,256.0,4.0,0.20090267062187195,0.14110621809959412,0.09249766916036606,0.06496676057577133,0.16749818623065948,0.13243281841278076,0.0771179050207138,0.06097344309091568
886.0,0.0005,0.2,256.0,4.0,0.18163135647773743,0.13327237963676453,0.08782094717025757,0.06443879753351212,0.26669368147850037,0.21057435870170593,0.1289496123790741,0.10181525349617004
887.0,0.0005,0.2,256.0,4.0,0.24022923409938812,0.1519777923822403,0.10549236088991165,0.0667383223772049,0.23182308673858643,0.1667998731136322,0.10180094838142395,0.07324716448783875
888.0,0.0005,0.2,256.0,4.0,0.29293760657310486,0.20199966430664062,0.12392871081829071,0.085456982254982,0.2327474057674408,0.18529143929481506,0.0984649583697319,0.07838847488164902
889.0,0.0005,0.2,256.0,4.0,0.2782059609889984,0.1973596066236496,0.11770825833082199,0.08350235968828201,0.24356798827648163,0.14914779365062714,0.1030530035495758,0.0631040558218956
860.0,0.001,0.0,64.0,3.0,0.3379659354686737,0.2312600314617157,0.15746696293354034,0.10774993896484375,0.19605138897895813,0.17130009829998016,0.09134533256292343,0.07981307804584503
861.0,0.001,0.0,64.0,3.0,0.2697519063949585,0.1831182986497879,0.11744463443756104,0.07972607016563416,0.2281608283519745,0.2100350558757782,0.09933672100305557,0.09144511818885803
862.0,0.001,0.0,64.0,3.0,0.37183085083961487,0.26181116700172424,0.1633850336074829,0.11504162102937698,0.12757591903209686,0.10460741817951202,0.056057725101709366,0.04596520960330963
863.0,0.001,0.0,64.0,3.0,0.1527474969625473,0.10873822867870331,0.07634995877742767,0.05435218662023544,0.17533095180988312,0.1447882503271103,0.08763818442821503,0.07237158715724945
864.0,0.001,0.0,64.0,3.0,0.21198034286499023,0.15345542132854462,0.09701569378376007,0.07023096829652786,0.30665984749794006,0.21030500531196594,0.14034704864025116,0.09624893963336945
865.0,0.001,0.0,64.0,3.0,0.21555836498737335,0.1578616350889206,0.09470198303461075,0.06935388594865799,0.31734174489974976,0.23498782515525818,0.1394188404083252,0.10323800146579742
866.0,0.001,0.0,64.0,3.0,0.2771078050136566,0.1713256537914276,0.12693852186203003,0.07848146557807922,0.27670368552207947,0.2292441427707672,0.12675340473651886,0.10501296818256378
867.0,0.001,0.0,64.0,3.0,0.27568039298057556,0.19560113549232483,0.11548489332199097,0.08193900436162949,0.2701724171638489,0.1810268759727478,0.11317753791809082,0.07583370804786682
868.0,0.001,0.0,64.0,3.0,0.30959975719451904,0.2553594708442688,0.13556522130966187,0.11181488633155823,0.23742830753326416,0.18463408946990967,0.10396332293748856,0.08084619045257568
869.0,0.001,0.0,64.0,3.0,0.1903270184993744,0.12860819697380066,0.08747962862253189,0.059111930429935455,0.14578069746494293,0.12806442379951477,0.06700488924980164,0.058862004429101944
870.0,0.001,0.0,64.0,3.0,0.1493101269006729,0.12928985059261322,0.06263851374387741,0.05423961952328682,0.2277136743068695,0.15550649166107178,0.09553031623363495,0.06523799896240234
871.0,0.001,0.0,64.0,3.0,0.17383556067943573,0.14772959053516388,0.08368796110153198,0.0711200162768364,0.12052302062511444,0.09781745821237564,0.05802221596240997,0.047091297805309296
872.0,0.001,0.0,64.0,3.0,0.18258331716060638,0.13853442668914795,0.07967641949653625,0.06045418977737427,0.23125433921813965,0.17814919352531433,0.10091564804315567,0.07774141430854797
873.0,0.001,0.0,64.0,3.0,0.18570493161678314,0.12159036844968796,0.08801862597465515,0.05763022229075432,0.27120858430862427,0.15781566500663757,0.12854482233524323,0.07479993999004364
874.0,0.001,0.0,64.0,3.0,0.17886626720428467,0.13629981875419617,0.08169656991958618,0.06225448474287987,0.238345667719841,0.19118395447731018,0.10886362195014954,0.0873226672410965
875.0,0.001,0.0,64.0,3.0,0.26474782824516296,0.18889495730400085,0.1165488138794899,0.08315642178058624,0.28248611092567444,0.18515440821647644,0.12435764074325562,0.08150972425937653
876.0,0.001,0.0,64.0,3.0,0.18471363186836243,0.15944160521030426,0.08731599897146225,0.07536965608596802,0.19752444326877594,0.165207639336586,0.09337180852890015,0.07809531688690186
877.0,0.001,0.0,64.0,3.0,0.41813144087791443,0.2671333849430084,0.18815436959266663,0.12020697444677353,0.29968470335006714,0.22127467393875122,0.13485470414161682,0.09957108646631241
878.0,0.001,0.0,64.0,3.0,0.2188868373632431,0.16872914135456085,0.1080031618475914,0.08325435221195221,0.2026730477809906,0.1366211175918579,0.10000292956829071,0.06741160154342651
879.0,0.001,0.0,64.0,3.0,0.19850584864616394,0.1292913407087326,0.08945508301258087,0.0582641139626503,0.24644207954406738,0.16454604268074036,0.11105716228485107,0.07415136694908142
880.0,0.001,0.0,64.0,3.0,0.35434213280677795,0.26822376251220703,0.15341731905937195,0.11613118648529053,0.2022779881954193,0.14037656784057617,0.08757905662059784,0.060777973383665085
881.0,0.001,0.0,64.0,3.0,0.18855071067810059,0.14862564206123352,0.09355314821004868,0.07374352961778641,0.24684377014636993,0.18610525131225586,0.12247639894485474,0.09233979135751724
882.0,0.001,0.0,64.0,3.0,0.1991211175918579,0.17469759285449982,0.09464114904403687,0.08303277939558029,0.12064577639102936,0.09553427994251251,0.057342253625392914,0.045406900346279144
883.0,0.001,0.0,64.0,3.0,0.3636872172355652,0.22843196988105774,0.14481455087661743,0.09095802903175354,0.25192922353744507,0.18248610198497772,0.10031427443027496,0.07266310602426529
884.0,0.001,0.0,64.0,3.0,0.21990512311458588,0.13451644778251648,0.10295143723487854,0.06297562271356583,0.14485114812850952,0.1102074384689331,0.0678139328956604,0.05159503221511841
885.0,0.001,0.0,64.0,3.0,0.2241642028093338,0.1704825609922409,0.103207528591156,0.0784919336438179,0.1890936940908432,0.15891462564468384,0.08706069737672806,0.07316594570875168
886.0,0.001,0.0,64.0,3.0,0.1910308301448822,0.1610041856765747,0.09236570447683334,0.07784746587276459,0.319337397813797,0.2412448525428772,0.15440349280834198,0.11664481461048126
887.0,0.001,0.0,64.0,3.0,0.36134350299835205,0.25570055842399597,0.15867751836776733,0.11228631436824799,0.22561588883399963,0.17723968625068665,0.09907514601945877,0.07783161848783493
888.0,0.001,0.0,64.0,3.0,0.18642789125442505,0.12561655044555664,0.07886923849582672,0.05314270779490471,0.2454465925693512,0.1863614320755005,0.10383742302656174,0.07884113490581512
889.0,0.001,0.0,64.0,3.0,0.4970719516277313,0.34219762682914734,0.21030989289283752,0.14478296041488647,0.39867889881134033,0.3190903067588806,0.16868005692958832,0.13500630855560303
860.0,0.001,0.0,128.0,2.0,0.27584683895111084,0.20237745344638824,0.1285240650177002,0.09429280459880829,0.24848853051662445,0.22566522657871246,0.11577713489532471,0.10514317452907562
861.0,0.001,0.0,128.0,2.0,0.29293423891067505,0.2356748878955841,0.12753775715827942,0.10260817408561707,0.23522831499576569,0.19095413386821747,0.10241375118494034,0.083137646317482
862.0,0.001,0.0,128.0,2.0,0.40827202796936035,0.30263781547546387,0.1793975532054901,0.13298115134239197,0.1323678195476532,0.11019936949014664,0.05816332995891571,0.04842236638069153
863.0,0.001,0.0,128.0,2.0,0.11051870137453079,0.07762496173381805,0.0552421398460865,0.038800403475761414,0.1904677301645279,0.16002140939235687,0.09520420432090759,0.07998579740524292
864.0,0.001,0.0,128.0,2.0,0.21252867579460144,0.17561709880828857,0.09726664423942566,0.08037357032299042,0.3366669714450836,0.25167912244796753,0.15408022701740265,0.11518438160419464
865.0,0.001,0.0,128.0,2.0,0.22077010571956635,0.13111239671707153,0.09699168056249619,0.05760204792022705,0.3432067036628723,0.2552695870399475,0.15078219771385193,0.1121484711766243
866.0,0.001,0.0,128.0,2.0,0.2507484257221222,0.2069983333349228,0.11486373096704483,0.09482252597808838,0.3057080805301666,0.24872632324695587,0.14003986120224,0.11393745243549347
867.0,0.001,0.0,128.0,2.0,0.23984649777412415,0.17512165009975433,0.10047376900911331,0.07335996627807617,0.1939355432987213,0.15747107565402985,0.08124127238988876,0.06596598774194717
868.0,0.001,0.0,128.0,2.0,0.23785020411014557,0.19169580936431885,0.10414806008338928,0.08393831551074982,0.18203668296337128,0.14943605661392212,0.07970885932445526,0.06543393433094025
869.0,0.001,0.0,128.0,2.0,0.29999080300331116,0.24471642076969147,0.13788416981697083,0.11247851699590683,0.2095881998538971,0.15492767095565796,0.0963326171040535,0.07120910286903381
870.0,0.001,0.0,128.0,2.0,0.15233482420444489,0.10767023265361786,0.0639074519276619,0.04516977071762085,0.22499984502792358,0.13524554669857025,0.09439180046319962,0.056738145649433136
871.0,0.001,0.0,128.0,2.0,0.2210167646408081,0.16908583045005798,0.10640193521976471,0.08140133321285248,0.14129170775413513,0.09626224637031555,0.06802067160606384,0.04634258151054382
872.0,0.001,0.0,128.0,2.0,0.19139470160007477,0.15266907215118408,0.08352155238389969,0.0666223019361496,0.23028446733951569,0.16389739513397217,0.10049242526292801,0.07152217626571655
873.0,0.001,0.0,128.0,2.0,0.1679782271385193,0.14003509283065796,0.07961668074131012,0.06637246906757355,0.21793626248836517,0.14521534740924835,0.10329531878232956,0.06882775574922562
874.0,0.001,0.0,128.0,2.0,0.2132483422756195,0.16202440857887268,0.0974004939198494,0.07400412857532501,0.21848030388355255,0.16124461591243744,0.09979015588760376,0.07364796102046967
875.0,0.001,0.0,128.0,2.0,0.16443611681461334,0.12309135496616364,0.07238902896642685,0.05418799817562103,0.17525482177734375,0.1361074447631836,0.07715170830488205,0.05991801619529724
876.0,0.001,0.0,128.0,2.0,0.11659248918294907,0.09385643899440765,0.05511445924639702,0.04436688870191574,0.18610821664333344,0.1447582095861435,0.08797525614500046,0.06842868030071259
877.0,0.001,0.0,128.0,2.0,0.36469385027885437,0.25190865993499756,0.1641080677509308,0.11335601657629013,0.2718977630138397,0.20331233739852905,0.12235088646411896,0.09148824214935303
878.0,0.001,0.0,128.0,2.0,0.2619776725769043,0.18211723864078522,0.12926504015922546,0.08986029028892517,0.2253517359495163,0.14587873220443726,0.11119306832551956,0.07197948545217514
879.0,0.001,0.0,128.0,2.0,0.16352012753486633,0.12376156449317932,0.0736890509724617,0.055772166699171066,0.22878307104110718,0.16131463646888733,0.1030992716550827,0.07269517332315445
880.0,0.001,0.0,128.0,2.0,0.2444143444299698,0.21149949729442596,0.10582255572080612,0.0915716290473938,0.2817426919937134,0.23563313484191895,0.12198440730571747,0.10202062875032425
881.0,0.001,0.0,128.0,2.0,0.1908675879240036,0.1295098066329956,0.09470274299383163,0.06425885856151581,0.26486045122146606,0.20701493322849274,0.13141575455665588,0.10271455347537994
882.0,0.001,0.0,128.0,2.0,0.19627700746059418,0.16486620903015137,0.09328936040401459,0.07835999131202698,0.14842291176319122,0.12727998197078705,0.07054457813501358,0.06049545854330063
883.0,0.001,0.0,128.0,2.0,0.3367393910884857,0.24245591461658478,0.13408437371253967,0.09654216468334198,0.3121616542339325,0.22610636055469513,0.12429787218570709,0.09003201127052307
884.0,0.001,0.0,128.0,2.0,0.21573130786418915,0.13399267196655273,0.10099741071462631,0.06273040175437927,0.1528371125459671,0.11303966492414474,0.07155267149209976,0.05292099714279175
885.0,0.001,0.0,128.0,2.0,0.17325754463672638,0.13776682317256927,0.079769566655159,0.06342926621437073,0.18721404671669006,0.11972276866436005,0.08619528263807297,0.05512160807847977
886.0,0.001,0.0,128.0,2.0,0.15469300746917725,0.10458628833293915,0.07479594647884369,0.05056874454021454,0.3000732362270355,0.22453953325748444,0.1450890302658081,0.10856758058071136
887.0,0.001,0.0,128.0,2.0,0.2621842920780182,0.17606030404567719,0.11513353139162064,0.07731372117996216,0.2542359530925751,0.19648341834545135,0.11164315044879913,0.0862821638584137
888.0,0.001,0.0,128.0,2.0,0.22350232303142548,0.16712069511413574,0.09455378353595734,0.0707012489438057,0.23907291889190674,0.20338785648345947,0.10114101320505142,0.08604426681995392
889.0,0.001,0.0,128.0,2.0,0.34708935022354126,0.24445676803588867,0.14685264229774475,0.10342905670404434,0.2883497178554535,0.21936100721359253,0.12200003862380981,0.09281109273433685
860.0,0.001,0.0,128.0,3.0,0.24596060812473297,0.18589192628860474,0.1145993024110794,0.0866117775440216,0.20467190444469452,0.16686975955963135,0.0953618586063385,0.0777488574385643
861.0,0.001,0.0,128.0,3.0,0.2215244174003601,0.15592339634895325,0.09644735604524612,0.06788596510887146,0.251910537481308,0.19241394102573395,0.10967687517404556,0.08377322554588318
862.0,0.001,0.0,128.0,3.0,0.42402464151382446,0.29441186785697937,0.18631935119628906,0.12936660647392273,0.09936662018299103,0.07310662418603897,0.043662384152412415,0.03212355449795723
863.0,0.001,0.0,128.0,3.0,0.11358696222305298,0.0789513885974884,0.056775808334350586,0.03946341574192047,0.1506146639585495,0.12727642059326172,0.07528388500213623,0.06361839920282364
864.0,0.001,0.0,128.0,3.0,0.21330411732196808,0.14902611076831818,0.09762153029441833,0.06820382922887802,0.305313378572464,0.22717542946338654,0.13973082602024078,0.10396993160247803
865.0,0.001,0.0,128.0,3.0,0.19295655190944672,0.16053050756454468,0.0847722515463829,0.07052640616893768,0.31842097640037537,0.24844999611377716,0.13989296555519104,0.10915239155292511
866.0,0.001,0.0,128.0,3.0,0.24830348789691925,0.17753198742866516,0.11374373733997345,0.0813244879245758,0.2849673628807068,0.21897479891777039,0.13053888082504272,0.10030876100063324
867.0,0.001,0.0,128.0,3.0,0.35694143176078796,0.276594877243042,0.14952585101127625,0.115867979824543,0.4387572407722473,0.30750298500061035,0.18379919230937958,0.1288156360387802
868.0,0.001,0.0,128.0,3.0,0.28403136134147644,0.2196485996246338,0.12436950951814651,0.0961780697107315,0.18099787831306458,0.14103128015995026,0.07925400137901306,0.06175372749567032
869.0,0.001,0.0,128.0,3.0,0.2172883003950119,0.190273717045784,0.09987178444862366,0.08745512366294861,0.1450808048248291,0.13050465285778046,0.06668318808078766,0.059983592480421066
870.0,0.001,0.0,128.0,3.0,0.23337078094482422,0.17035795748233795,0.09790359437465668,0.07146848738193512,0.3722971975803375,0.24011188745498657,0.15618592500686646,0.10073162615299225
871.0,0.001,0.0,128.0,3.0,0.2925529479980469,0.22074533998966217,0.14084088802337646,0.10627125948667526,0.11698561906814575,0.0984293520450592,0.05631924420595169,0.04738588631153107
872.0,0.001,0.0,128.0,3.0,0.14315880835056305,0.11416831612586975,0.06247220188379288,0.04982120916247368,0.3266114890575409,0.20721279084682465,0.1425279676914215,0.0904243141412735
873.0,0.001,0.0,128.0,3.0,0.1886678785085678,0.15962696075439453,0.08942297846078873,0.07565845549106598,0.19020125269889832,0.15044885873794556,0.09014974534511566,0.07130829989910126
874.0,0.001,0.0,128.0,3.0,0.153079554438591,0.11350773274898529,0.06991857290267944,0.0518442802131176,0.21470576524734497,0.17500992119312286,0.09806617349386215,0.079935222864151
875.0,0.001,0.0,128.0,3.0,0.18192052841186523,0.1533498466014862,0.0800861120223999,0.06750855594873428,0.14503292739391327,0.12336041033267975,0.06384723633527756,0.054306451231241226
876.0,0.001,0.0,128.0,3.0,0.1437695175409317,0.12119713425636292,0.06796131283044815,0.05729111284017563,0.20353882014751434,0.14956781268119812,0.09621486067771912,0.07070222496986389
877.0,0.001,0.0,128.0,3.0,0.27463555335998535,0.19640755653381348,0.1235828697681427,0.08838114887475967,0.23645277321338654,0.15982919931411743,0.10640105605125427,0.07192131876945496
878.0,0.001,0.0,128.0,3.0,0.202309712767601,0.15776360034942627,0.09982367604970932,0.07784372568130493,0.2100418359041214,0.13642197847366333,0.10363885015249252,0.06731334328651428
879.0,0.001,0.0,128.0,3.0,0.18161292374134064,0.12942816317081451,0.08184242248535156,0.05832577496767044,0.23820221424102783,0.14101839065551758,0.10734395682811737,0.06354883313179016
880.0,0.001,0.0,128.0,3.0,0.26480573415756226,0.20501913130283356,0.11465129256248474,0.08876587450504303,0.25042495131492615,0.18530526757240295,0.10842495411634445,0.08023048937320709
881.0,0.001,0.0,128.0,3.0,0.20030634105205536,0.1504795402288437,0.09938594698905945,0.07466339319944382,0.2788738012313843,0.19503027200698853,0.13836874067783356,0.09676813334226608
882.0,0.001,0.0,128.0,3.0,0.2064140886068344,0.16660825908184052,0.0981074646115303,0.07918796688318253,0.19074267148971558,0.14623484015464783,0.09065893292427063,0.06950460374355316
883.0,0.001,0.0,128.0,3.0,0.38344818353652954,0.2649933695793152,0.1526830941438675,0.10551624000072479,0.34545135498046875,0.21785682439804077,0.13755331933498383,0.08674716204404831
884.0,0.001,0.0,128.0,3.0,0.22073407471179962,0.14622390270233154,0.10333951562643051,0.06845660507678986,0.1973128318786621,0.15556730329990387,0.0923745334148407,0.07283084094524384
885.0,0.001,0.0,128.0,3.0,0.32968083024024963,0.2294805347919464,0.15178845822811127,0.10565520823001862,0.19220559298992157,0.15389427542686462,0.08849344402551651,0.07085450738668442
886.0,0.001,0.0,128.0,3.0,0.24312151968479156,0.20208561420440674,0.11755219101905823,0.09771083295345306,0.3460349142551422,0.31040626764297485,0.16731205582618713,0.1500851809978485
887.0,0.001,0.0,128.0,3.0,0.2507004141807556,0.17454206943511963,0.11009056866168976,0.07664699852466583,0.24713517725467682,0.14780506491661072,0.10852499306201935,0.06490594148635864
888.0,0.001,0.0,128.0,3.0,0.2720252573490143,0.15741005539894104,0.11508164554834366,0.06659311801195145,0.25320619344711304,0.16026990115642548,0.10712014883756638,0.06780298799276352
889.0,0.001,0.0,128.0,3.0,0.41837048530578613,0.2597513496875763,0.17701150476932526,0.10990014672279358,0.3101801574230194,0.20320580899715424,0.13123644888401031,0.08597587794065475
860.0,0.001,0.0,128.0,4.0,0.3321843445301056,0.22350762784481049,0.15477314591407776,0.10413789004087448,0.16830949485301971,0.13935984671115875,0.07841967791318893,0.06493129581212997
861.0,0.001,0.0,128.0,4.0,0.2869360148906708,0.1919604390859604,0.12492626160383224,0.0835757702589035,0.21707504987716675,0.17375022172927856,0.09451017528772354,0.07564741373062134
862.0,0.001,0.0,128.0,4.0,0.3850419521331787,0.29242125153541565,0.16919007897377014,0.12849190831184387,0.13810351490974426,0.11777643859386444,0.06068364158272743,0.05175178125500679
863.0,0.001,0.0,128.0,4.0,0.10655810683965683,0.07712768763303757,0.05326247215270996,0.03855183348059654,0.14358195662498474,0.11670352518558502,0.0717686265707016,0.05833359807729721
864.0,0.001,0.0,128.0,4.0,0.18486163020133972,0.1463048756122589,0.08460444957017899,0.06695841997861862,0.3752604126930237,0.26987403631210327,0.17174303531646729,0.12351153790950775
865.0,0.001,0.0,128.0,4.0,0.20552359521389008,0.13848288357257843,0.09029337018728256,0.06084015220403671,0.34689125418663025,0.2653489112854004,0.1524009257555008,0.11657663434743881
866.0,0.001,0.0,128.0,4.0,0.18899212777614594,0.14693966507911682,0.08657415956258774,0.067310631275177,0.3285853862762451,0.23452071845531464,0.15051956474781036,0.10743009299039841
867.0,0.001,0.0,128.0,4.0,0.2534339129924774,0.19184869527816772,0.10616564005613327,0.0803670734167099,0.23451478779315948,0.160861074924469,0.09824024885892868,0.06738608330488205
868.0,0.001,0.0,128.0,4.0,0.2595749795436859,0.1725616455078125,0.11366073787212372,0.07555998861789703,0.22231265902519226,0.17405939102172852,0.09734459966421127,0.07621582597494125
869.0,0.001,0.0,128.0,4.0,0.1772039830684662,0.13116371631622314,0.08144795149564743,0.06028653681278229,0.12972702085971832,0.09711064398288727,0.05962618067860603,0.04463479295372963
870.0,0.001,0.0,128.0,4.0,0.18638581037521362,0.13050758838653564,0.07819248735904694,0.054750483483076096,0.3039073348045349,0.1906718611717224,0.12749505043029785,0.07999055832624435
871.0,0.001,0.0,128.0,4.0,0.1543843150138855,0.13283854722976685,0.07432372123003006,0.06395115703344345,0.07821225374937057,0.06774438917636871,0.03765295818448067,0.03261352330446243
872.0,0.001,0.0,128.0,4.0,0.17930571734905243,0.13232021033763885,0.07824612408876419,0.0577424019575119,0.36755794286727905,0.23127707839012146,0.16039633750915527,0.10092557221651077
873.0,0.001,0.0,128.0,4.0,0.15095850825309753,0.13820138573646545,0.07154986262321472,0.06550336629152298,0.22569847106933594,0.17563781142234802,0.10697437077760696,0.0832471027970314
874.0,0.001,0.0,128.0,4.0,0.1901755928993225,0.1316664218902588,0.08686207979917526,0.06013820692896843,0.22697114944458008,0.17685022950172424,0.10366836190223694,0.08077578991651535
875.0,0.001,0.0,128.0,4.0,0.169580340385437,0.15742196142673492,0.07465364784002304,0.06930121779441833,0.2461950182914734,0.18731212615966797,0.10838139057159424,0.08245962113142014
876.0,0.001,0.0,128.0,4.0,0.10751931369304657,0.08972209692001343,0.050825465470552444,0.042412545531988144,0.19507846236228943,0.15242278575897217,0.09221557527780533,0.07205180078744888
877.0,0.001,0.0,128.0,4.0,0.30691906809806824,0.20445218682289124,0.13811007142066956,0.09200115501880646,0.24109703302383423,0.17096081376075745,0.10849092155694962,0.07693043351173401
878.0,0.001,0.0,128.0,4.0,0.19427140057086945,0.1656988114118576,0.0958573967218399,0.08175911009311676,0.18673734366893768,0.13263511657714844,0.09213995188474655,0.06544482707977295
879.0,0.001,0.0,128.0,4.0,0.18919536471366882,0.12161023914813995,0.08525938540697098,0.054802678525447845,0.21063408255577087,0.1254585087299347,0.0949205756187439,0.05653689056634903
880.0,0.001,0.0,128.0,4.0,0.2596580982208252,0.213793084025383,0.11242254823446274,0.092564657330513,0.2533869445323944,0.22088369727134705,0.10970739275217056,0.09563466161489487
881.0,0.001,0.0,128.0,4.0,0.20858129858970642,0.1716771125793457,0.10349173843860626,0.08518099784851074,0.2621230483055115,0.19403299689292908,0.13005752861499786,0.09627331793308258
882.0,0.001,0.0,128.0,4.0,0.1919478476047516,0.16068130731582642,0.09123174101114273,0.07637092471122742,0.15431447327136993,0.12988285720348358,0.07334480434656143,0.06173258647322655
883.0,0.001,0.0,128.0,4.0,0.441742867231369,0.3041864335536957,0.1758951097726822,0.12112227827310562,0.47966375946998596,0.32681506872177124,0.19099457561969757,0.13013261556625366
884.0,0.001,0.0,128.0,4.0,0.2196885645389557,0.12557154893875122,0.10285007208585739,0.058787956833839417,0.19843387603759766,0.15101458132266998,0.092899389564991,0.07069944590330124
885.0,0.001,0.0,128.0,4.0,0.3743791878223419,0.22097374498844147,0.17236806452274323,0.10173860192298889,0.21255804598331451,0.15907523036003113,0.09786393493413925,0.07323988527059555
886.0,0.001,0.0,128.0,4.0,0.1701572835445404,0.1396971046924591,0.08227310329675674,0.06754523515701294,0.23239141702651978,0.15846122801303864,0.11236404627561569,0.07661791145801544
887.0,0.001,0.0,128.0,4.0,0.3418062627315521,0.22801214456558228,0.15009808540344238,0.1001274362206459,0.21874549984931946,0.16100049018859863,0.09605816006660461,0.07070048153400421
888.0,0.001,0.0,128.0,4.0,0.3191019892692566,0.20143510401248932,0.13499771058559418,0.08521813154220581,0.22146327793598175,0.18461433053016663,0.0936911553144455,0.07810202240943909
889.0,0.001,0.0,128.0,4.0,0.3801027238368988,0.2473529428243637,0.16082052886486053,0.10465442389249802,0.24199630320072174,0.18356728553771973,0.10238804668188095,0.07766686379909515
860.0,0.001,0.0,256.0,3.0,0.31921300292015076,0.24262885749340057,0.14872950315475464,0.11304697394371033,0.18945151567459106,0.1466521918773651,0.08827027678489685,0.06832899153232574
861.0,0.001,0.0,256.0,3.0,0.21782879531383514,0.14274939894676208,0.09483835846185684,0.062150273472070694,0.2224375158548355,0.16621965169906616,0.09684489667415619,0.07236874848604202
862.0,0.001,0.0,256.0,3.0,0.48783284425735474,0.3481449782848358,0.21435710787773132,0.15297730267047882,0.1315610706806183,0.1082862913608551,0.05780884250998497,0.047581739723682404
863.0,0.001,0.0,256.0,3.0,0.148453027009964,0.09939727187156677,0.07420341670513153,0.049683164805173874,0.14993661642074585,0.12629081308841705,0.07494496554136276,0.06312573701143265
864.0,0.001,0.0,256.0,3.0,0.19587279856204987,0.14813357591629028,0.08964384347200394,0.06779534369707108,0.352775901556015,0.24817509949207306,0.16145269572734833,0.11358070373535156
865.0,0.001,0.0,256.0,3.0,0.15981628000736237,0.13166099786758423,0.07021261006593704,0.05784306675195694,0.3110962510108948,0.23443207144737244,0.13667497038841248,0.10299383848905563
866.0,0.001,0.0,256.0,3.0,0.20933838188648224,0.12254785746335983,0.0958944633603096,0.056137148290872574,0.2555164396762848,0.19063955545425415,0.11704790592193604,0.08732886612415314
867.0,0.001,0.0,256.0,3.0,0.281514048576355,0.19625622034072876,0.1179286539554596,0.08221341669559479,0.4132101833820343,0.2637106478214264,0.17309729754924774,0.11047064512968063
868.0,0.001,0.0,256.0,3.0,0.2760668694972992,0.2179405391216278,0.12088208645582199,0.0954301729798317,0.1840306669473648,0.14411836862564087,0.08058196306228638,0.06310546398162842
869.0,0.001,0.0,256.0,3.0,0.2705315947532654,0.1810879409313202,0.12434389442205429,0.08323310315608978,0.18873603641986847,0.12138941884040833,0.0867483988404274,0.055793993175029755
870.0,0.001,0.0,256.0,3.0,0.1952538788318634,0.12164433300495148,0.0819128230214119,0.0510321706533432,0.30471256375312805,0.16812297701835632,0.12783287465572357,0.07053087651729584
871.0,0.001,0.0,256.0,3.0,0.19382484257221222,0.15441474318504333,0.09331117570400238,0.07433836162090302,0.1273621916770935,0.10157769173383713,0.06131472811102867,0.048901550471782684
872.0,0.001,0.0,256.0,3.0,0.16428425908088684,0.13262955844402313,0.07169099897146225,0.05787739157676697,0.264526903629303,0.1718459129333496,0.11543525010347366,0.07499077171087265
873.0,0.001,0.0,256.0,3.0,0.16058987379074097,0.1301375776529312,0.07611482590436935,0.0616813488304615,0.23408563435077667,0.17678004503250122,0.11094964295625687,0.08378849178552628
874.0,0.001,0.0,256.0,3.0,0.20782674849033356,0.1814097762107849,0.09492418169975281,0.08285831660032272,0.19757318496704102,0.1727200746536255,0.09024092555046082,0.07888935506343842
875.0,0.001,0.0,256.0,3.0,0.28131407499313354,0.1990770846605301,0.12384170293807983,0.08763885498046875,0.3392128646373749,0.2195279747247696,0.1493302583694458,0.09664188325405121
876.0,0.001,0.0,256.0,3.0,0.13456562161445618,0.09858053922653198,0.06361053884029388,0.04660002142190933,0.2664353847503662,0.1927492767572403,0.12594671547412872,0.09111452847719193
877.0,0.001,0.0,256.0,3.0,0.2920960485935211,0.20004582405090332,0.13143987953662872,0.09001833200454712,0.2386496216058731,0.15273910760879517,0.10738960653543472,0.06873085349798203
878.0,0.001,0.0,256.0,3.0,0.22961634397506714,0.1894538849592209,0.11329729855060577,0.09348034113645554,0.2786238491535187,0.21294517815113068,0.13747859001159668,0.10507141053676605
879.0,0.001,0.0,256.0,3.0,0.31162118911743164,0.2708830237388611,0.14042963087558746,0.1220712810754776,0.4147462844848633,0.34056371450424194,0.18690212070941925,0.15347233414649963
880.0,0.001,0.0,256.0,3.0,0.26077723503112793,0.1923990249633789,0.11290710419416428,0.08330182731151581,0.21922460198402405,0.17112550139427185,0.09491634368896484,0.07409115135669708
881.0,0.001,0.0,256.0,3.0,0.15871629118919373,0.13472215831279755,0.07875021547079086,0.06684505939483643,0.19985675811767578,0.15420612692832947,0.09916288405656815,0.0765124261379242
882.0,0.001,0.0,256.0,3.0,0.3189336359500885,0.24284353852272034,0.1515873819589615,0.11542217433452606,0.13442198932170868,0.1017841324210167,0.0638900175690651,0.04837743192911148
883.0,0.001,0.0,256.0,3.0,0.4240162968635559,0.29367750883102417,0.16883665323257446,0.1169377863407135,0.4527081251144409,0.29502564668655396,0.1802612692117691,0.11747460067272186
884.0,0.001,0.0,256.0,3.0,0.21930652856826782,0.14490371942520142,0.10267119109630585,0.06783856451511383,0.2636784017086029,0.19175311923027039,0.12344443798065186,0.08977169543504715
885.0,0.001,0.0,256.0,3.0,0.2382410317659378,0.17106923460960388,0.1096886470913887,0.07876205444335938,0.23440372943878174,0.19892796874046326,0.10792192071676254,0.09158850461244583
886.0,0.001,0.0,256.0,3.0,0.26888930797576904,0.21422170102596283,0.13001121580600739,0.10357876867055893,0.25433021783828735,0.1921832412481308,0.12297173589468002,0.09292293339967728
887.0,0.001,0.0,256.0,3.0,0.24523642659187317,0.1675749123096466,0.10769118368625641,0.07358752191066742,0.26002487540245056,0.16487571597099304,0.11418523639440536,0.07240220904350281
888.0,0.001,0.0,256.0,3.0,0.384970486164093,0.22694677114486694,0.16286368668079376,0.0960109755396843,0.2465371936559677,0.1755925416946411,0.10429880768060684,0.07428531348705292
889.0,0.001,0.0,256.0,3.0,0.2652398347854614,0.2066652476787567,0.1122223287820816,0.08743956685066223,0.31098198890686035,0.16861765086650848,0.13157571852207184,0.07134170830249786
860.0,0.001,0.1,64.0,3.0,0.3234468698501587,0.22235450148582458,0.15070214867591858,0.1036006361246109,0.17831280827522278,0.1446422040462494,0.0830804780125618,0.06739248335361481
861.0,0.001,0.1,64.0,3.0,0.2341637760400772,0.16496959328651428,0.1019502654671669,0.07182450592517853,0.23112191259860992,0.18804031610488892,0.1006259098649025,0.08186903595924377
862.0,0.001,0.1,64.0,3.0,0.37907493114471436,0.27931132912635803,0.16656814515590668,0.12273132801055908,0.13135278224945068,0.11730310320854187,0.05771731585264206,0.05154379457235336
863.0,0.001,0.1,64.0,3.0,0.11012186110019684,0.08747294545173645,0.055043794214725494,0.043722860515117645,0.13849563896656036,0.1037062406539917,0.06922625750303268,0.051836974918842316
864.0,0.001,0.1,64.0,3.0,0.18756301701068878,0.13776895403862,0.08584076911211014,0.06305183470249176,0.3439605236053467,0.24339839816093445,0.15741820633411407,0.11139459162950516
865.0,0.001,0.1,64.0,3.0,0.24387699365615845,0.15076696872711182,0.10714329034090042,0.0662369579076767,0.35246801376342773,0.2609105110168457,0.15485097467899323,0.1146266907453537
866.0,0.001,0.1,64.0,3.0,0.19131754338741302,0.14871783554553986,0.08763942867517471,0.06812519580125809,0.24674153327941895,0.20433934032917023,0.11302824318408966,0.09360449761152267
867.0,0.001,0.1,64.0,3.0,0.20728753507137299,0.13631382584571838,0.08683454245328903,0.057103030383586884,0.2223007082939148,0.1682870239019394,0.0931236669421196,0.07049688696861267
868.0,0.001,0.1,64.0,3.0,0.2541227638721466,0.1982216238975525,0.11127334833145142,0.08679579198360443,0.1805398017168045,0.1473226547241211,0.07905341684818268,0.06450854241847992
869.0,0.001,0.1,64.0,3.0,0.2698002755641937,0.21739518642425537,0.12400775402784348,0.09992094337940216,0.2446349710226059,0.1849144995212555,0.11244110763072968,0.08499188721179962
870.0,0.001,0.1,64.0,3.0,0.23522092401981354,0.1810993254184723,0.0986797884106636,0.07597470283508301,0.3493170440196991,0.24935901165008545,0.14654532074928284,0.10461097210645676
871.0,0.001,0.1,64.0,3.0,0.15446197986602783,0.12547114491462708,0.07436110079288483,0.06040433794260025,0.13923655450344086,0.10309480130672455,0.06703128665685654,0.04963191971182823
872.0,0.001,0.1,64.0,3.0,0.16864003241062164,0.14945125579833984,0.07359177619218826,0.06521809846162796,0.2606379985809326,0.18678998947143555,0.11373819410800934,0.08151212334632874
873.0,0.001,0.1,64.0,3.0,0.17311516404151917,0.13850271701812744,0.08205144107341766,0.06564617156982422,0.2172659933567047,0.14480218291282654,0.10297764092683792,0.06863193213939667
874.0,0.001,0.1,64.0,3.0,0.17748671770095825,0.1505516767501831,0.08106646686792374,0.06876397877931595,0.17213982343673706,0.1472039520740509,0.07862433046102524,0.06723493337631226
875.0,0.001,0.1,64.0,3.0,0.17236682772636414,0.13687464594841003,0.07588033378124237,0.060255758464336395,0.14539586007595062,0.10219155251979828,0.0640069916844368,0.044987354427576065
876.0,0.001,0.1,64.0,3.0,0.14360341429710388,0.11111771315336227,0.06788278371095657,0.052526459097862244,0.24447639286518097,0.19289453327655792,0.11556646227836609,0.09118320047855377
877.0,0.001,0.1,64.0,3.0,0.24490058422088623,0.17238979041576385,0.11020246148109436,0.07757344096899033,0.2396850287914276,0.17589475214481354,0.10785553604364395,0.07915063202381134
878.0,0.001,0.1,64.0,3.0,0.1996312141418457,0.14645516872406006,0.09850203990936279,0.07226391136646271,0.20338711142539978,0.14439257979393005,0.10035525262355804,0.0712461844086647
879.0,0.001,0.1,64.0,3.0,0.1809050738811493,0.1438574194908142,0.08152344077825546,0.06482820212841034,0.23949232697486877,0.16025793552398682,0.10792532563209534,0.07221896946430206
880.0,0.001,0.1,64.0,3.0,0.26444199681282043,0.19075703620910645,0.11449380964040756,0.08259088546037674,0.22744518518447876,0.15291069447994232,0.09847553819417953,0.06620480120182037
881.0,0.001,0.1,64.0,3.0,0.17001353204250336,0.1389751434326172,0.08435557037591934,0.06895525753498077,0.25250110030174255,0.17882958054542542,0.1252834051847458,0.08872982114553452
882.0,0.001,0.1,64.0,3.0,0.18612784147262573,0.1512347161769867,0.08846551924943924,0.0718810111284256,0.16698959469795227,0.1285044550895691,0.07936922460794449,0.06107745319604874
883.0,0.001,0.1,64.0,3.0,0.26238110661506653,0.20231486856937408,0.10447605699300766,0.08055861294269562,0.26535189151763916,0.19606274366378784,0.10565894842147827,0.07806910574436188
884.0,0.001,0.1,64.0,3.0,0.21489623188972473,0.1386955976486206,0.10060647130012512,0.06493215262889862,0.1814459264278412,0.1363881230354309,0.08494625240564346,0.06385186314582825
885.0,0.001,0.1,64.0,3.0,0.21212837100028992,0.14008969068527222,0.09766612201929092,0.06449875235557556,0.15934281051158905,0.12276537716388702,0.07336308062076569,0.056522443890571594
886.0,0.001,0.1,64.0,3.0,0.13905039429664612,0.10099668800830841,0.06723255664110184,0.04883313179016113,0.2586720585823059,0.20984403789043427,0.12507106363773346,0.10146211832761765
887.0,0.001,0.1,64.0,3.0,0.3205552101135254,0.22906823456287384,0.14076606929302216,0.10059119760990143,0.3164447247982025,0.28484684228897095,0.13896100223064423,0.12508538365364075
888.0,0.001,0.1,64.0,3.0,0.2867971956729889,0.17405875027179718,0.12133100628852844,0.07363643497228622,0.2565925717353821,0.2116694450378418,0.10855277627706528,0.08954781293869019
889.0,0.001,0.1,64.0,3.0,0.3551052212715149,0.2500438094139099,0.15024414658546448,0.10579290986061096,0.27763327956199646,0.20796076953411102,0.11746595799922943,0.08798769116401672
860.0,0.001,0.1,128.0,2.0,0.19432231783866882,0.14636386930942535,0.09053972363471985,0.0681946650147438,0.19402414560317993,0.14371266961097717,0.09040078520774841,0.06695937365293503
861.0,0.001,0.1,128.0,2.0,0.27328604459762573,0.18459057807922363,0.11898332089185715,0.0803670734167099,0.21607047319412231,0.1505243480205536,0.09407281130552292,0.06553532183170319
862.0,0.001,0.1,128.0,2.0,0.43055692315101624,0.30359816551208496,0.18918967247009277,0.13340312242507935,0.14004474878311157,0.11547845602035522,0.061536628752946854,0.05074203014373779
863.0,0.001,0.1,128.0,2.0,0.1003527045249939,0.07056942582130432,0.050160739570856094,0.03527373448014259,0.15613634884357452,0.12505288422107697,0.0780438631772995,0.06250697374343872
864.0,0.001,0.1,128.0,2.0,0.2273932248353958,0.17266687750816345,0.10406961292028427,0.0790233463048935,0.3017284870147705,0.2134271264076233,0.13809014856815338,0.09767782688140869
865.0,0.001,0.1,128.0,2.0,0.16506603360176086,0.13725990056991577,0.07251901924610138,0.06030286103487015,0.29548180103302,0.2032436728477478,0.129815012216568,0.08929172158241272
866.0,0.001,0.1,128.0,2.0,0.17737387120723724,0.12301450222730637,0.0812520682811737,0.05635092407464981,0.28457385301589966,0.2235310971736908,0.13035862147808075,0.1023959219455719
867.0,0.001,0.1,128.0,2.0,0.20689259469509125,0.16062182188034058,0.08666907995939255,0.06728585064411163,0.22319094836711884,0.17522692680358887,0.09349659830331802,0.07340407371520996
868.0,0.001,0.1,128.0,2.0,0.2574410140514374,0.21040970087051392,0.11272633820772171,0.09213262796401978,0.15500426292419434,0.12762317061424255,0.06787209957838058,0.05588266998529434
869.0,0.001,0.1,128.0,2.0,0.21494771540164948,0.16281644999980927,0.09879601001739502,0.07483500987291336,0.16185344755649567,0.12383639812469482,0.07439238578081131,0.056918688118457794
870.0,0.001,0.1,128.0,2.0,0.2342553436756134,0.18478289246559143,0.09827469289302826,0.07752002775669098,0.2993125319480896,0.2253255993127823,0.1255674511194229,0.09452848136425018
871.0,0.001,0.1,128.0,2.0,0.17084456980228424,0.13953746855258942,0.0822480097413063,0.06717614829540253,0.14243459701538086,0.10593068599700928,0.06857088953256607,0.050997160375118256
872.0,0.001,0.1,128.0,2.0,0.16148054599761963,0.12977518141269684,0.070467509329319,0.056631796061992645,0.2869856059551239,0.17774417996406555,0.12523587048053741,0.07756468653678894
873.0,0.001,0.1,128.0,2.0,0.185100719332695,0.1555553674697876,0.08773223310709,0.07372862100601196,0.1766604483127594,0.12428745627403259,0.08373180031776428,0.058908551931381226
874.0,0.001,0.1,128.0,2.0,0.15867915749549866,0.12304933369159698,0.07247617095708847,0.056202374398708344,0.1607358604669571,0.1394498497247696,0.0734155923128128,0.06369327753782272
875.0,0.001,0.1,128.0,2.0,0.1954873502254486,0.1511664092540741,0.08605855703353882,0.06654734164476395,0.26805731654167175,0.16745875775814056,0.11800573021173477,0.07371966540813446
876.0,0.001,0.1,128.0,2.0,0.10004666447639465,0.08269061148166656,0.04729307442903519,0.039088696241378784,0.23244263231754303,0.16639187932014465,0.10987799614667892,0.07865513116121292
877.0,0.001,0.1,128.0,2.0,0.3096662759780884,0.20871594548225403,0.13934628665447235,0.0939197912812233,0.24192415177822113,0.16538196802139282,0.10886313021183014,0.0744200050830841
878.0,0.001,0.1,128.0,2.0,0.21306417882442474,0.15521252155303955,0.10513012856245041,0.07658497244119644,0.21361617743968964,0.14317238330841064,0.10540249943733215,0.07064411789178848
879.0,0.001,0.1,128.0,2.0,0.2613537609577179,0.2194083333015442,0.11777698248624802,0.09887461364269257,0.3472415506839752,0.2718348205089569,0.15648162364959717,0.12250018119812012
880.0,0.001,0.1,128.0,2.0,0.21101738512516022,0.16420522332191467,0.09136290103197098,0.07109491527080536,0.21399280428886414,0.18168754875659943,0.09265115857124329,0.0786641538143158
881.0,0.001,0.1,128.0,2.0,0.1712142676115036,0.14918658137321472,0.08495132625102997,0.07402186095714569,0.2624725103378296,0.19071771204471588,0.13023091852664948,0.09462835639715195
882.0,0.001,0.1,128.0,2.0,0.2469399869441986,0.18171916902065277,0.11736918240785599,0.08637010306119919,0.11900854855775833,0.09622837603092194,0.05656410753726959,0.04573681205511093
883.0,0.001,0.1,128.0,2.0,0.31518617272377014,0.24490991234779358,0.12550221383571625,0.09751930832862854,0.36922699213027954,0.2505737841129303,0.14702041447162628,0.0997745543718338
884.0,0.001,0.1,128.0,2.0,0.18337522447109222,0.1378920078277588,0.08584948629140854,0.06455593556165695,0.20696987211704254,0.15325996279716492,0.09689561277627945,0.07175063341856003
885.0,0.001,0.1,128.0,2.0,0.24680538475513458,0.1683993637561798,0.11363176256418228,0.0775327980518341,0.20180204510688782,0.17123043537139893,0.09291175752878189,0.07883626967668533
886.0,0.001,0.1,128.0,2.0,0.15613974630832672,0.12759004533290863,0.07549545168876648,0.06169133633375168,0.24183733761310577,0.16241127252578735,0.11693127453327179,0.07852782309055328
887.0,0.001,0.1,128.0,2.0,0.21732410788536072,0.150251567363739,0.09543398022651672,0.06598027795553207,0.2585221827030182,0.1798570305109024,0.1135253757238388,0.07898098975419998
888.0,0.001,0.1,128.0,2.0,0.4713561236858368,0.24130642414093018,0.1994095891714096,0.1020859032869339,0.2647322416305542,0.18262523412704468,0.11199631541967392,0.07726052403450012
889.0,0.001,0.1,128.0,2.0,0.33524253964424133,0.2208205759525299,0.14184029400348663,0.09342864155769348,0.2571374773979187,0.16441331803798676,0.10879422724246979,0.0695628672838211
860.0,0.001,0.1,128.0,3.0,0.2797476351261139,0.19091135263442993,0.1303415596485138,0.08895047008991241,0.18724696338176727,0.13591517508029938,0.08724313229322433,0.06332633644342422
861.0,0.001,0.1,128.0,3.0,0.3566291332244873,0.23507562279701233,0.15526928007602692,0.10234728455543518,0.2329500913619995,0.1491381824016571,0.10142187774181366,0.06493180990219116
862.0,0.001,0.1,128.0,3.0,0.3618084490299225,0.25407105684280396,0.1589811146259308,0.111640565097332,0.12007355690002441,0.09489497542381287,0.05276115611195564,0.041697509586811066
863.0,0.001,0.1,128.0,3.0,0.16659130156040192,0.15042106807231903,0.08326973021030426,0.07518712431192398,0.1666257679462433,0.13013014197349548,0.08328694850206375,0.0650448128581047
864.0,0.001,0.1,128.0,3.0,0.18087716400623322,0.1384265124797821,0.08278089761734009,0.06335277855396271,0.31511062383651733,0.21862778067588806,0.1442146748304367,0.10005797445774078
865.0,0.001,0.1,128.0,3.0,0.21772834658622742,0.1386347860097885,0.09565531462430954,0.06090689077973366,0.3490336537361145,0.26042333245277405,0.15334217250347137,0.11441269516944885
866.0,0.001,0.1,128.0,3.0,0.2500152289867401,0.17889145016670227,0.1145278736948967,0.08194722980260849,0.2788267433643341,0.21927937865257263,0.12772595882415771,0.10044828057289124
867.0,0.001,0.1,128.0,3.0,0.30256861448287964,0.2535034716129303,0.12674860656261444,0.10619478672742844,0.17984959483146667,0.1615198403596878,0.07534052431583405,0.06766204535961151
868.0,0.001,0.1,128.0,3.0,0.27788859605789185,0.2099722921848297,0.12167976051568985,0.09194108843803406,0.20025880634784698,0.1650049090385437,0.08768782764673233,0.07225111126899719
869.0,0.001,0.1,128.0,3.0,0.19679035246372223,0.1556006371974945,0.09045037627220154,0.0715184137225151,0.13997475802898407,0.10260668396949768,0.06433631479740143,0.04716091230511665
870.0,0.001,0.1,128.0,3.0,0.17359742522239685,0.1424046754837036,0.07282751053571701,0.059741534292697906,0.2936118543148041,0.21847325563430786,0.12317591160535812,0.09165380150079727
871.0,0.001,0.1,128.0,3.0,0.15015935897827148,0.13206970691680908,0.07228974252939224,0.06358100473880768,0.1348019242286682,0.11114195734262466,0.064896360039711,0.05350597947835922
872.0,0.001,0.1,128.0,3.0,0.17835654318332672,0.15487125515937805,0.07783191651105881,0.06758331507444382,0.3554411232471466,0.2144935131072998,0.1551087647676468,0.09360149502754211
873.0,0.001,0.1,128.0,3.0,0.16938704252243042,0.1398438811302185,0.08028443157672882,0.06628184765577316,0.24537748098373413,0.15390384197235107,0.11630164086818695,0.07294585555791855
874.0,0.001,0.1,128.0,3.0,0.2125639170408249,0.1777121126651764,0.09708786755800247,0.08116942644119263,0.21217986941337585,0.18098820745944977,0.09691248089075089,0.08266578614711761
875.0,0.001,0.1,128.0,3.0,0.19556008279323578,0.15737657248973846,0.08609060198068619,0.06928123533725739,0.13431711494922638,0.10395518690347672,0.059129856526851654,0.04576375335454941
876.0,0.001,0.1,128.0,3.0,0.14380918443202972,0.12357810139656067,0.06798005849123001,0.05841661989688873,0.25431010127067566,0.1655864268541336,0.12021495401859283,0.07827438414096832
877.0,0.001,0.1,128.0,3.0,0.2800533175468445,0.19156184792518616,0.12602078914642334,0.08620064705610275,0.24177375435829163,0.18093419075012207,0.10879543423652649,0.08141832053661346
878.0,0.001,0.1,128.0,3.0,0.18492966890335083,0.14194327592849731,0.09124800562858582,0.07003764063119888,0.18966235220432281,0.11010651290416718,0.09358319640159607,0.05432875454425812
879.0,0.001,0.1,128.0,3.0,0.19033323228359222,0.14508435130119324,0.08577215671539307,0.06538110226392746,0.24836362898349762,0.16204698383808136,0.11192309856414795,0.0730251669883728
880.0,0.001,0.1,128.0,3.0,0.2227620631456375,0.18327516317367554,0.0964478999376297,0.079351507127285,0.24591584503650665,0.21785354614257812,0.1064726859331131,0.09432272613048553
881.0,0.001,0.1,128.0,3.0,0.2302396595478058,0.18742549419403076,0.1142379641532898,0.09299485385417938,0.2693004906177521,0.18886008858680725,0.1336187720298767,0.09370667487382889
882.0,0.001,0.1,128.0,3.0,0.1958146095275879,0.15428729355335236,0.09306960552930832,0.07333189249038696,0.18654872477054596,0.1599748730659485,0.08866555243730545,0.07603514939546585
883.0,0.001,0.1,128.0,3.0,0.30307990312576294,0.19792737066745758,0.12068168818950653,0.07881158590316772,0.2883444130420685,0.2549753189086914,0.11481425911188126,0.10152719914913177
884.0,0.001,0.1,128.0,3.0,0.1947222799062729,0.13913743197917938,0.09116175770759583,0.06513899564743042,0.1837853640317917,0.144204780459404,0.08604148030281067,0.06751132011413574
885.0,0.001,0.1,128.0,3.0,0.27732351422309875,0.1783374845981598,0.1276826411485672,0.08210842311382294,0.17703604698181152,0.15425562858581543,0.08150923252105713,0.07102089375257492
886.0,0.001,0.1,128.0,3.0,0.15803268551826477,0.1275811642408371,0.07641071081161499,0.06168703734874725,0.2589300572872162,0.21228525042533875,0.12519581615924835,0.1026424765586853
887.0,0.001,0.1,128.0,3.0,0.2517194449901581,0.16580817103385925,0.1105380654335022,0.07281167805194855,0.27150794863700867,0.17996247112751007,0.11922784894704819,0.07902728766202927
888.0,0.001,0.1,128.0,3.0,0.30126523971557617,0.17817586660385132,0.1274517923593521,0.07537821680307388,0.26059043407440186,0.19344037771224976,0.11024408787488937,0.08183592557907104
889.0,0.001,0.1,128.0,3.0,0.31560587882995605,0.20603615045547485,0.1335320770740509,0.08717339485883713,0.23489657044410706,0.14332376420497894,0.09938414394855499,0.06063993275165558
860.0,0.001,0.1,128.0,4.0,0.29189494252204895,0.20409473776817322,0.13600128889083862,0.09509295225143433,0.1821061670780182,0.1440863013267517,0.08484790474176407,0.06713347136974335
861.0,0.001,0.1,128.0,4.0,0.39939460158348083,0.2503812313079834,0.17388851940631866,0.10901103913784027,0.30940642952919006,0.21005183458328247,0.1347094625234604,0.09145242720842361
862.0,0.001,0.1,128.0,4.0,0.3379945456981659,0.2566685080528259,0.14851711690425873,0.11278191208839417,0.1495608687400818,0.11729111522436142,0.06571807712316513,0.05153852328658104
863.0,0.001,0.1,128.0,4.0,0.14196592569351196,0.10830795019865036,0.0709608718752861,0.05413711816072464,0.1512434482574463,0.11424107849597931,0.07559818029403687,0.0571027547121048
864.0,0.001,0.1,128.0,4.0,0.2294609397649765,0.17969268560409546,0.10501591861248016,0.0822388082742691,0.3626024127006531,0.2565061151981354,0.16594994068145752,0.11739351600408554
865.0,0.001,0.1,128.0,4.0,0.259042888879776,0.177280455827713,0.11380618065595627,0.0778852254152298,0.32780054211616516,0.2452298253774643,0.14401373267173767,0.10773766785860062
866.0,0.001,0.1,128.0,4.0,0.17553748190402985,0.10298523306846619,0.08041081577539444,0.04717583209276199,0.26439663767814636,0.20230290293693542,0.1211157739162445,0.09267164766788483
867.0,0.001,0.1,128.0,4.0,0.28247812390327454,0.20421695709228516,0.11833253502845764,0.08554825931787491,0.1735723465681076,0.12581676244735718,0.07271093130111694,0.052705712616443634
868.0,0.001,0.1,128.0,4.0,0.3336932361125946,0.2501448392868042,0.14611509442329407,0.10953153669834137,0.20784276723861694,0.15569455921649933,0.09100862592458725,0.06817435473203659
869.0,0.001,0.1,128.0,4.0,0.2296290248632431,0.1896335482597351,0.10554394125938416,0.08716090023517609,0.17990896105766296,0.13030284643173218,0.08269122242927551,0.05989086255431175
870.0,0.001,0.1,128.0,4.0,0.1917925328016281,0.15456709265708923,0.08046071976423264,0.06484391540288925,0.21979118883609772,0.17998570203781128,0.0922066941857338,0.0755075141787529
871.0,0.001,0.1,128.0,4.0,0.22059595584869385,0.1953442394733429,0.10619933158159256,0.09404265880584717,0.1941809505224228,0.1661410629749298,0.0934826210141182,0.07998364418745041
872.0,0.001,0.1,128.0,4.0,0.20853938162326813,0.17241960763931274,0.09100321680307388,0.07524112612009048,0.2789951264858246,0.20824584364891052,0.12174896150827408,0.09087513387203217
873.0,0.001,0.1,128.0,4.0,0.22986063361167908,0.15331745147705078,0.10894710570573807,0.0726679116487503,0.34336966276168823,0.2100798487663269,0.16274704039096832,0.0995716005563736
874.0,0.001,0.1,128.0,4.0,0.22254832088947296,0.15428398549556732,0.1016482338309288,0.0704687237739563,0.26466232538223267,0.2038680911064148,0.12088367342948914,0.09311608970165253
875.0,0.001,0.1,128.0,4.0,0.19514086842536926,0.16540232300758362,0.08590605854988098,0.07281438261270523,0.13162647187709808,0.10909129679203033,0.0579453706741333,0.048024799674749374
876.0,0.001,0.1,128.0,4.0,0.1406208574771881,0.11497855186462402,0.06647291034460068,0.054351530969142914,0.24164967238903046,0.18966974318027496,0.11423026025295258,0.08965881168842316
877.0,0.001,0.1,128.0,4.0,0.27455514669418335,0.1828085035085678,0.12354668229818344,0.08226172626018524,0.2009328454732895,0.11463935673236847,0.09041748195886612,0.05158640816807747
878.0,0.001,0.1,128.0,4.0,0.22626809775829315,0.16202980279922485,0.11164520680904388,0.07994875311851501,0.19658254086971283,0.10357552021741867,0.09699775278568268,0.051106229424476624
879.0,0.001,0.1,128.0,4.0,0.20220418274402618,0.16425028443336487,0.09112170338630676,0.07401808351278305,0.265730619430542,0.20100915431976318,0.11974940448999405,0.0905831828713417
880.0,0.001,0.1,128.0,4.0,0.232141375541687,0.1904943883419037,0.10050880908966064,0.08247717469930649,0.23166470229625702,0.17941820621490479,0.10030244290828705,0.07768160104751587
881.0,0.001,0.1,128.0,4.0,0.20162156224250793,0.17222003638744354,0.10003851354122162,0.08545036613941193,0.20859479904174805,0.1668895184993744,0.1034984290599823,0.08280552178621292
882.0,0.001,0.1,128.0,4.0,0.19576235115528107,0.14620345830917358,0.09304473549127579,0.06948968023061752,0.22016547620296478,0.1820162832736969,0.10464341193437576,0.08651131391525269
883.0,0.001,0.1,128.0,4.0,0.3048301935195923,0.2269170731306076,0.12137861549854279,0.09035483002662659,0.35278481245040894,0.23959529399871826,0.1404733657836914,0.09540309011936188
884.0,0.001,0.1,128.0,4.0,0.21097271144390106,0.1373245120048523,0.09876962006092072,0.06429025530815125,0.2053149938583374,0.1417650580406189,0.09612086415290833,0.06636914610862732
885.0,0.001,0.1,128.0,4.0,0.2095291018486023,0.15510529279708862,0.09646937251091003,0.07141207903623581,0.20824308693408966,0.16596686840057373,0.0958772748708725,0.0764128714799881
886.0,0.001,0.1,128.0,4.0,0.2072516232728958,0.1738087683916092,0.10020866245031357,0.0840386226773262,0.22058969736099243,0.15829728543758392,0.10665778815746307,0.07653865218162537
887.0,0.001,0.1,128.0,4.0,0.2745930552482605,0.168537437915802,0.12058262526988983,0.07401019334793091,0.2554793357849121,0.16435401141643524,0.11218917369842529,0.072173111140728
888.0,0.001,0.1,128.0,4.0,0.3051839768886566,0.1822667121887207,0.12910960614681244,0.07710885256528854,0.24464412033557892,0.17307840287685394,0.1034979298710823,0.07322168350219727
889.0,0.001,0.1,128.0,4.0,0.27885758876800537,0.2162666916847229,0.11798396706581116,0.09150190651416779,0.2330026775598526,0.17350643873214722,0.09858284890651703,0.07341013848781586
860.0,0.001,0.1,256.0,3.0,0.2854481041431427,0.20908194780349731,0.1329975426197052,0.09741660952568054,0.198586568236351,0.15004703402519226,0.09252654016017914,0.06991074234247208
861.0,0.001,0.1,256.0,3.0,0.30654945969581604,0.25060316920280457,0.13346557319164276,0.10910765826702118,0.23779171705245972,0.20006808638572693,0.10352981090545654,0.08710568398237228
862.0,0.001,0.1,256.0,3.0,0.3641839325428009,0.2895505428314209,0.16002492606639862,0.12723049521446228,0.1798255890607834,0.16132208704948425,0.07901660352945328,0.0708860382437706
863.0,0.001,0.1,256.0,3.0,0.1636127084493637,0.13815557956695557,0.08178089559078217,0.06905628740787506,0.19197198748588562,0.1518143117427826,0.09595611691474915,0.07588352262973785
864.0,0.001,0.1,256.0,3.0,0.22420792281627655,0.15785223245620728,0.10261181741952896,0.07224322855472565,0.33158281445503235,0.23114469647407532,0.15175338089466095,0.1057865172624588
865.0,0.001,0.1,256.0,3.0,0.20277723670005798,0.15643437206745148,0.08908681571483612,0.06872684508562088,0.3400500416755676,0.24456974864006042,0.14939536154270172,0.10744766891002655
866.0,0.001,0.1,256.0,3.0,0.2069401741027832,0.17742949724197388,0.09479588270187378,0.08127753436565399,0.27703002095222473,0.23417825996875763,0.12690290808677673,0.10727322101593018
867.0,0.001,0.1,256.0,3.0,0.24613028764724731,0.15900970995426178,0.10310610383749008,0.06661053746938705,0.32696789503097534,0.22917518019676208,0.136969655752182,0.0960034430027008
868.0,0.001,0.1,256.0,3.0,0.2562808692455292,0.19036197662353516,0.11221833527088165,0.08335427939891815,0.17847569286823273,0.14301246404647827,0.07814961671829224,0.06262123584747314
869.0,0.001,0.1,256.0,3.0,0.19888199865818024,0.14064717292785645,0.09141173958778381,0.06464538723230362,0.18522585928440094,0.14272162318229675,0.08513500541448593,0.06559887528419495
870.0,0.001,0.1,256.0,3.0,0.20930378139019012,0.14426100254058838,0.08780702203512192,0.06052030622959137,0.32619258761405945,0.22008562088012695,0.13684417307376862,0.0923302099108696
871.0,0.001,0.1,256.0,3.0,0.19961273670196533,0.15870994329452515,0.09609758853912354,0.07640616595745087,0.18480098247528076,0.15584883093833923,0.08896692097187042,0.07502876222133636
872.0,0.001,0.1,256.0,3.0,0.14033545553684235,0.1237039864063263,0.06124012917280197,0.05398242175579071,0.29384520649909973,0.21034550666809082,0.1282292753458023,0.09179136157035828
873.0,0.001,0.1,256.0,3.0,0.16004984080791473,0.13206464052200317,0.07585887610912323,0.06259472668170929,0.22884084284305573,0.1447104811668396,0.10846377164125443,0.06858848035335541
874.0,0.001,0.1,256.0,3.0,0.24845445156097412,0.21160666644573212,0.11348076164722443,0.09665065258741379,0.24108664691448212,0.20542879402637482,0.11011554300785065,0.09382893890142441
875.0,0.001,0.1,256.0,3.0,0.24910108745098114,0.2081719934940338,0.10966072231531143,0.09164267778396606,0.25361427664756775,0.22349953651428223,0.11164753884077072,0.09839024394750595
876.0,0.001,0.1,256.0,3.0,0.1475696861743927,0.1192028671503067,0.06975769996643066,0.05634841322898865,0.2299463301897049,0.17383043467998505,0.10869797319173813,0.08217141032218933
877.0,0.001,0.1,256.0,3.0,0.27148231863975525,0.2095779925584793,0.12216394394636154,0.09430770576000214,0.2899259030818939,0.2350681573152542,0.1304633617401123,0.10577799379825592
878.0,0.001,0.1,256.0,3.0,0.21397380530834198,0.18191909790039062,0.1055789589881897,0.08976252377033234,0.24502462148666382,0.2012428492307663,0.12090005725622177,0.09929726272821426
879.0,0.001,0.1,256.0,3.0,0.17344948649406433,0.14213526248931885,0.07816364616155624,0.06405214220285416,0.2168511003255844,0.17454081773757935,0.09772224724292755,0.07865545153617859
880.0,0.001,0.1,256.0,3.0,0.21477609872817993,0.1653122752904892,0.09299025684595108,0.07157422602176666,0.23614643514156342,0.1929270625114441,0.10224288702011108,0.08353045582771301
881.0,0.001,0.1,256.0,3.0,0.192832350730896,0.15382885932922363,0.09567758440971375,0.07632523775100708,0.24121947586536407,0.16918493807315826,0.11968579143285751,0.08394443988800049
882.0,0.001,0.1,256.0,3.0,0.18290536105632782,0.13373354077339172,0.0869339182972908,0.06356282532215118,0.1282595545053482,0.10297612845897675,0.0609610453248024,0.04894397780299187
883.0,0.001,0.1,256.0,3.0,0.4632653594017029,0.3144581913948059,0.18446502089500427,0.12521232664585114,0.5328192114830017,0.36934694647789,0.21216027438640594,0.14706817269325256
884.0,0.001,0.1,256.0,3.0,0.26800382137298584,0.21742717921733856,0.12546946108341217,0.10179135203361511,0.2402457892894745,0.1780865490436554,0.11247417330741882,0.0833735242486
885.0,0.001,0.1,256.0,3.0,0.2518808841705322,0.17652744054794312,0.11596858501434326,0.08127506077289581,0.24409455060958862,0.22208650410175323,0.1123836562037468,0.10225093364715576
886.0,0.001,0.1,256.0,3.0,0.18469175696372986,0.13823556900024414,0.08930069953203201,0.0668385773897171,0.29296359419822693,0.25074344873428345,0.1416514366865158,0.12123749405145645
887.0,0.001,0.1,256.0,3.0,0.32268431782722473,0.20829367637634277,0.14170102775096893,0.09146841615438461,0.2032223641872406,0.14515551924705505,0.08924145251512527,0.06374244391918182
888.0,0.001,0.1,256.0,3.0,0.35995179414749146,0.23764875531196594,0.15227940678596497,0.10053849220275879,0.24787534773349762,0.20572726428508759,0.10486491024494171,0.0870339572429657
889.0,0.001,0.1,256.0,3.0,0.3369910717010498,0.24892275035381317,0.14258010685443878,0.10531862080097198,0.27784204483032227,0.2128497064113617,0.11755426228046417,0.0900561735033989
860.0,0.001,0.2,64.0,2.0,0.2854512631893158,0.21367618441581726,0.1329990178346634,0.09955716878175735,0.1928703784942627,0.1729823648929596,0.08986321836709976,0.08059687912464142
861.0,0.001,0.2,64.0,2.0,0.24343770742416382,0.19791272282600403,0.10598793625831604,0.08616726100444794,0.2253422737121582,0.18142694234848022,0.09810956567525864,0.07898970693349838
862.0,0.001,0.2,64.0,2.0,0.4126049280166626,0.28550246357917786,0.18130142986774445,0.12545174360275269,0.11548234522342682,0.08436530828475952,0.05074374005198479,0.03707069903612137
863.0,0.001,0.2,64.0,2.0,0.18402758240699768,0.13034655153751373,0.09198515862226486,0.06515298038721085,0.17683307826519012,0.1314380168914795,0.08838900923728943,0.06569856405258179
864.0,0.001,0.2,64.0,2.0,0.31826215982437134,0.25682199001312256,0.1456570327281952,0.11753809452056885,0.35795512795448303,0.26427024602890015,0.16382302343845367,0.12094687670469284
865.0,0.001,0.2,64.0,2.0,0.3848484754562378,0.21775756776332855,0.1690768003463745,0.09566816687583923,0.5649960041046143,0.4030834138393402,0.24822165071964264,0.17708802223205566
866.0,0.001,0.2,64.0,2.0,0.1821761429309845,0.13194051384925842,0.08345188945531845,0.060439784079790115,0.2807686924934387,0.2229011356830597,0.12861554324626923,0.10210734605789185
867.0,0.001,0.2,64.0,2.0,0.22901175916194916,0.1583724468946457,0.09593499451875687,0.06634357571601868,0.2863485813140869,0.20144028961658478,0.11995387822389603,0.08438507467508316
868.0,0.001,0.2,64.0,2.0,0.2775338292121887,0.2168182134628296,0.12152442336082458,0.094938725233078,0.1610455960035324,0.14700573682785034,0.07051742076873779,0.06436976045370102
869.0,0.001,0.2,64.0,2.0,0.2266111522912979,0.16655036807060242,0.10415682196617126,0.07655122876167297,0.18282528221607208,0.12757112085819244,0.08403164148330688,0.058635272085666656
870.0,0.001,0.2,64.0,2.0,0.19347114861011505,0.13420535624027252,0.08116493374109268,0.056301772594451904,0.3101368844509125,0.20200341939926147,0.13010849058628082,0.08474437892436981
871.0,0.001,0.2,64.0,2.0,0.18233239650726318,0.1432790458202362,0.0877785012125969,0.06897743046283722,0.09919265657663345,0.07515839487314224,0.04775334894657135,0.036182768642902374
872.0,0.001,0.2,64.0,2.0,0.18535961210727692,0.17282947897911072,0.08088795095682144,0.07541999220848083,0.34630343317985535,0.22429275512695312,0.15112122893333435,0.09787774085998535
873.0,0.001,0.2,64.0,2.0,0.20347964763641357,0.18860219419002533,0.0964433029294014,0.08939183503389359,0.22248618304729462,0.1676671802997589,0.10545184463262558,0.07946926355361938
874.0,0.001,0.2,64.0,2.0,0.1982472538948059,0.13081960380077362,0.09054877609014511,0.059751421213150024,0.19437702000141144,0.15456309914588928,0.08878108859062195,0.07059621065855026
875.0,0.001,0.2,64.0,2.0,0.1851883977651596,0.13138580322265625,0.08152469992637634,0.05783940851688385,0.17858652770519257,0.11976400762796402,0.0786183699965477,0.052723199129104614
876.0,0.001,0.2,64.0,2.0,0.13655155897140503,0.11189144849777222,0.06454931199550629,0.052892230451107025,0.2352868765592575,0.19895729422569275,0.11122248321771622,0.0940491184592247
877.0,0.001,0.2,64.0,2.0,0.28766173124313354,0.18607816100120544,0.12944450974464417,0.08373305201530457,0.29225054383277893,0.21775513887405396,0.1315094232559204,0.0979873389005661
878.0,0.001,0.2,64.0,2.0,0.33060258626937866,0.2455313503742218,0.16312594711780548,0.12115008383989334,0.289350301027298,0.2205846607685089,0.14277122914791107,0.10884088277816772
879.0,0.001,0.2,64.0,2.0,0.23173215985298157,0.18707773089408875,0.1044282466173172,0.08430508524179459,0.28161704540252686,0.1988394856452942,0.12690846621990204,0.0896054208278656
880.0,0.001,0.2,64.0,2.0,0.304660439491272,0.22309452295303345,0.13190695643424988,0.09659186750650406,0.2683817148208618,0.2201979011297226,0.11619959026575089,0.09533774852752686
881.0,0.001,0.2,64.0,2.0,0.13078300654888153,0.10751360654830933,0.06489056348800659,0.05334498733282089,0.2540655732154846,0.17418786883354187,0.1260596513748169,0.0864267498254776
882.0,0.001,0.2,64.0,2.0,0.2047869712114334,0.16023209691047668,0.0973341092467308,0.07615742087364197,0.20513731241226196,0.19079211354255676,0.09750060737133026,0.09068243205547333
883.0,0.001,0.2,64.0,2.0,0.3037290573120117,0.22290553152561188,0.1209401786327362,0.08875750005245209,0.37119653820991516,0.25645068287849426,0.1478046476840973,0.10211464762687683
884.0,0.001,0.2,64.0,2.0,0.1939222663640976,0.1309254765510559,0.09078722447156906,0.06129445880651474,0.19295205175876617,0.14893431961536407,0.0903329849243164,0.06972552835941315
885.0,0.001,0.2,64.0,2.0,0.3366515636444092,0.22597838938236237,0.15499788522720337,0.10404279828071594,0.21900241076946259,0.1971980184316635,0.10083099454641342,0.09079201519489288
886.0,0.001,0.2,64.0,2.0,0.13209010660648346,0.11693824827671051,0.06386715918779373,0.05654105544090271,0.2302534133195877,0.18379580974578857,0.1113303154706955,0.08886750042438507
887.0,0.001,0.2,64.0,2.0,0.2643541693687439,0.1843099594116211,0.11608639359474182,0.08093640208244324,0.2683350443840027,0.18161174654960632,0.11783450841903687,0.07975153625011444
888.0,0.001,0.2,64.0,2.0,0.4038289189338684,0.23648546636104584,0.17084185779094696,0.10004638135433197,0.26791349053382874,0.19985738396644592,0.11334216594696045,0.08455067873001099
889.0,0.001,0.2,64.0,2.0,0.42673125863075256,0.2909628748893738,0.18054895102977753,0.12310567498207092,0.30885761976242065,0.24720217287540436,0.13067689538002014,0.10459062457084656
860.0,0.001,0.2,64.0,3.0,0.22548018395900726,0.1664779782295227,0.10505696386098862,0.07756632566452026,0.21063482761383057,0.1858128309249878,0.09814012795686722,0.08657492697238922
861.0,0.001,0.2,64.0,3.0,0.33641234040260315,0.2388729453086853,0.14646725356578827,0.10400055348873138,0.20970562100410461,0.1502750813961029,0.09130167961120605,0.0654267966747284
862.0,0.001,0.2,64.0,3.0,0.4415806829929352,0.3290836811065674,0.19403359293937683,0.14460161328315735,0.1258266568183899,0.10261701047420502,0.05528910085558891,0.04509062319993973
863.0,0.001,0.2,64.0,3.0,0.11852187663316727,0.08931667357683182,0.05924249812960625,0.04464443773031235,0.13590946793556213,0.12088299542665482,0.067933589220047,0.06042268127202988
864.0,0.001,0.2,64.0,3.0,0.22574104368686676,0.17864081263542175,0.10331345349550247,0.08175739645957947,0.32085466384887695,0.23226210474967957,0.14684350788593292,0.10629790276288986
865.0,0.001,0.2,64.0,3.0,0.28993070125579834,0.18703050911426544,0.1273762434720993,0.08216875046491623,0.3876618444919586,0.26025840640068054,0.1703128218650818,0.11434022337198257
866.0,0.001,0.2,64.0,3.0,0.16023404896259308,0.1162923127412796,0.07340057939291,0.053271591663360596,0.2563375234603882,0.19791994988918304,0.11742401868104935,0.09066388010978699
867.0,0.001,0.2,64.0,3.0,0.31792327761650085,0.24161836504936218,0.13318082690238953,0.10121603310108185,0.4516669511795044,0.3028237223625183,0.18920718133449554,0.12685546278953552
868.0,0.001,0.2,64.0,3.0,0.2674591839313507,0.1860843151807785,0.11711302399635315,0.08148118853569031,0.14958928525447845,0.12861043214797974,0.06550103425979614,0.056314967572689056
869.0,0.001,0.2,64.0,3.0,0.26496991515159607,0.1932872086763382,0.12178760021924973,0.08884022384881973,0.22464340925216675,0.14622440934181213,0.10325241833925247,0.06720884889364243
870.0,0.001,0.2,64.0,3.0,0.2224615216255188,0.1682930886745453,0.09332696348428726,0.07060223817825317,0.34022414684295654,0.233206644654274,0.14273066818714142,0.0978347435593605
871.0,0.001,0.2,64.0,3.0,0.23406505584716797,0.18518288433551788,0.11268363147974014,0.08915077149868011,0.16226895153522491,0.14229083061218262,0.07811954617500305,0.06850166618824005
872.0,0.001,0.2,64.0,3.0,0.2063416689634323,0.1517556756734848,0.09004417806863785,0.06622373312711716,0.38847455382347107,0.20342527329921722,0.16952401399612427,0.08877149969339371
873.0,0.001,0.2,64.0,3.0,0.18573547899723053,0.14436638355255127,0.08803310990333557,0.06842538714408875,0.2019757330417633,0.12803268432617188,0.09573051333427429,0.06068369746208191
874.0,0.001,0.2,64.0,3.0,0.17345304787158966,0.13158954679965973,0.07922409474849701,0.06010308861732483,0.18538402020931244,0.15019436180591583,0.08467355370521545,0.06860078871250153
875.0,0.001,0.2,64.0,3.0,0.16814447939395905,0.14282596111297607,0.07402153313159943,0.0628756731748581,0.14540082216262817,0.11211752891540527,0.0640091672539711,0.049357008188962936
876.0,0.001,0.2,64.0,3.0,0.21752610802650452,0.19622066617012024,0.1028267964720726,0.09275549650192261,0.2740665078163147,0.2431854009628296,0.12955401837825775,0.11495620012283325
877.0,0.001,0.2,64.0,3.0,0.3018995523452759,0.18731606006622314,0.13585135340690613,0.08429010212421417,0.2405232936143875,0.1705598086118698,0.10823272913694382,0.07674997299909592
878.0,0.001,0.2,64.0,3.0,0.20699597895145416,0.16744351387023926,0.10213597118854523,0.08261998742818832,0.21510516107082367,0.14745309948921204,0.10613719373941422,0.0727563127875328
879.0,0.001,0.2,64.0,3.0,0.3050187826156616,0.2524111866950989,0.1374543011188507,0.11374709755182266,0.3948594927787781,0.30081501603126526,0.1779402792453766,0.13555988669395447
880.0,0.001,0.2,64.0,3.0,0.2362326979637146,0.1862494945526123,0.10228020697832108,0.0806393101811409,0.1954191029071808,0.147455096244812,0.08460941910743713,0.06384274363517761
881.0,0.001,0.2,64.0,3.0,0.16401618719100952,0.1317468136548996,0.08137986809015274,0.06536877900362015,0.24740615487098694,0.17427438497543335,0.12275543808937073,0.08646966516971588
882.0,0.001,0.2,64.0,3.0,0.2227136790752411,0.1761658489704132,0.1058545708656311,0.08373064547777176,0.21184591948986053,0.1703188568353653,0.10068916529417038,0.08095158636569977
883.0,0.001,0.2,64.0,3.0,0.3569764196872711,0.28163185715675354,0.14214244484901428,0.11214141547679901,0.3765016496181488,0.2696381211280823,0.14991706609725952,0.107365682721138
884.0,0.001,0.2,64.0,3.0,0.23608942329883575,0.15343421697616577,0.11052832007408142,0.07183222472667694,0.17578284442424774,0.14280563592910767,0.0822949931025505,0.06685629487037659
885.0,0.001,0.2,64.0,3.0,0.24559493362903595,0.17093655467033386,0.11307447403669357,0.0787009745836258,0.181351900100708,0.1494339406490326,0.08349628746509552,0.0688009262084961
886.0,0.001,0.2,64.0,3.0,0.18677622079849243,0.1535397320985794,0.09030856192111969,0.07423831522464752,0.30844196677207947,0.2535858750343323,0.14913539588451385,0.12261183559894562
887.0,0.001,0.2,64.0,3.0,0.2873786687850952,0.19561554491519928,0.1261971890926361,0.08590105175971985,0.2661321759223938,0.17586645483970642,0.11686716973781586,0.0772286057472229
888.0,0.001,0.2,64.0,3.0,0.3028560280799866,0.17730657756328583,0.12812475860118866,0.07501042634248734,0.23318156599998474,0.17985191941261292,0.09864864498376846,0.07608725875616074
889.0,0.001,0.2,64.0,3.0,0.30317020416259766,0.19650939106941223,0.12827058136463165,0.08314265310764313,0.25697797536849976,0.1689944863319397,0.10872674733400345,0.07150113582611084
860.0,0.001,0.2,64.0,4.0,0.39615973830223083,0.27190008759498596,0.18458092212677002,0.12668517231941223,0.2399800419807434,0.2112428843975067,0.11181282252073288,0.09842345118522644
861.0,0.001,0.2,64.0,4.0,0.29572659730911255,0.21832935512065887,0.12875349819660187,0.09505628049373627,0.2025408148765564,0.15931905806064606,0.08818225562572479,0.06936436146497726
862.0,0.001,0.2,64.0,4.0,0.4804278612136841,0.3488425016403198,0.21110329031944275,0.15328380465507507,0.13126838207244873,0.11120393872261047,0.05768023431301117,0.04886377230286598
863.0,0.001,0.2,64.0,4.0,0.124238021671772,0.0910850465297699,0.06209968775510788,0.0455283522605896,0.15810827910900116,0.13581636548042297,0.07902951538562775,0.06788703054189682
864.0,0.001,0.2,64.0,4.0,0.21812804043293,0.16902942955493927,0.09982927143573761,0.07735863327980042,0.32018035650253296,0.22659289836883545,0.14653490483760834,0.1037033349275589
865.0,0.001,0.2,64.0,4.0,0.23135538399219513,0.16779714822769165,0.10164214670658112,0.07371889054775238,0.3215302526950836,0.24605461955070496,0.14125898480415344,0.108100026845932
866.0,0.001,0.2,64.0,4.0,0.17263709008693695,0.14273272454738617,0.0790821984410286,0.06538350135087967,0.2603375315666199,0.21423624455928802,0.11925637722015381,0.09813810884952545
867.0,0.001,0.2,64.0,4.0,0.22316724061965942,0.17363640666007996,0.09348669648170471,0.07273779809474945,0.29910382628440857,0.22088104486465454,0.1252971589565277,0.09252896904945374
868.0,0.001,0.2,64.0,4.0,0.28819069266319275,0.22391021251678467,0.12619076669216156,0.09804411977529526,0.1627536416053772,0.13986876606941223,0.07126536220312119,0.061244696378707886
869.0,0.001,0.2,64.0,4.0,0.19987082481384277,0.1589500606060028,0.09186624735593796,0.07305792719125748,0.17324241995811462,0.13134148716926575,0.07962709665298462,0.06036825105547905
870.0,0.001,0.2,64.0,4.0,0.20873050391674042,0.16294530034065247,0.08756653219461441,0.06835874170064926,0.31186366081237793,0.19535651803016663,0.13083289563655853,0.08195587992668152
871.0,0.001,0.2,64.0,4.0,0.17591586709022522,0.1392589509487152,0.0846894308924675,0.06704205274581909,0.12487508356571198,0.09474648535251617,0.06011739373207092,0.0456128753721714
872.0,0.001,0.2,64.0,4.0,0.18906521797180176,0.15635523200035095,0.0825050100684166,0.06823088973760605,0.25880494713783264,0.19823995232582092,0.11293824762105942,0.08650869131088257
873.0,0.001,0.2,64.0,4.0,0.1683865785598755,0.12645095586776733,0.079810231924057,0.05993398651480675,0.2827624976634979,0.1757780760526657,0.13402102887630463,0.08331358432769775
874.0,0.001,0.2,64.0,4.0,0.22208872437477112,0.1535298228263855,0.10143829137086868,0.07012423872947693,0.20748703181743622,0.1725274920463562,0.09476902335882187,0.07880138605833054
875.0,0.001,0.2,64.0,4.0,0.20496264100074768,0.18265368044376373,0.09022983908653259,0.08040885627269745,0.18970663845539093,0.135652095079422,0.08351373672485352,0.05971754342317581
876.0,0.001,0.2,64.0,4.0,0.1336718201637268,0.11265553534030914,0.06318803131580353,0.0532534196972847,0.21397189795970917,0.18236584961414337,0.10114668309688568,0.08620617538690567
877.0,0.001,0.2,64.0,4.0,0.28947246074676514,0.19601652026176453,0.13025930523872375,0.08820520341396332,0.26078614592552185,0.19567520916461945,0.11735080927610397,0.08805161714553833
878.0,0.001,0.2,64.0,4.0,0.23059195280075073,0.17049896717071533,0.11377869546413422,0.08412761241197586,0.19610822200775146,0.12160663306713104,0.0967637151479721,0.06000315397977829
879.0,0.001,0.2,64.0,4.0,0.17425480484962463,0.13328935205936432,0.07852654159069061,0.06006578356027603,0.2178519070148468,0.15665839612483978,0.09817324578762054,0.07059687376022339
880.0,0.001,0.2,64.0,4.0,0.2588275969028473,0.2091214507818222,0.1120629757642746,0.0905420184135437,0.2669041156768799,0.23640386760234833,0.11555986106395721,0.10235436260700226
881.0,0.001,0.2,64.0,4.0,0.14771069586277008,0.11112546175718307,0.07328957319259644,0.055137090384960175,0.2246483862400055,0.1573968529701233,0.11146373301744461,0.07809555530548096
882.0,0.001,0.2,64.0,4.0,0.2123936265707016,0.1618703007698059,0.10094950348138809,0.07693604379892349,0.20435044169425964,0.15055590867996216,0.09712661057710648,0.07155836373567581
883.0,0.001,0.2,64.0,4.0,0.32769688963890076,0.21944832801818848,0.13048377633094788,0.08738088607788086,0.41550412774086,0.27440130710601807,0.16544722020626068,0.10926228016614914
884.0,0.001,0.2,64.0,4.0,0.2011919915676117,0.14322948455810547,0.09419063478708267,0.06705474108457565,0.16621260344982147,0.11759662628173828,0.07781456410884857,0.05505438894033432
885.0,0.001,0.2,64.0,4.0,0.24180668592453003,0.1767289787530899,0.11133032292127609,0.0813678577542305,0.2026442587375641,0.18689680099487305,0.0932995155453682,0.08604922890663147
886.0,0.001,0.2,64.0,4.0,0.16811603307724,0.1426880955696106,0.08128614723682404,0.06899143010377884,0.22662077844142914,0.1660757213830948,0.10957387834787369,0.08029962331056595
887.0,0.001,0.2,64.0,4.0,0.22414086759090424,0.14675775170326233,0.09842744469642639,0.06444603204727173,0.2847965657711029,0.17653092741966248,0.12506330013275146,0.07752039283514023
888.0,0.001,0.2,64.0,4.0,0.34055349230766296,0.25845229625701904,0.14407286047935486,0.10933955758810043,0.24524948000907898,0.22417543828487396,0.10375401377677917,0.09483854472637177
889.0,0.001,0.2,64.0,4.0,0.34663787484169006,0.20956532657146454,0.146661639213562,0.08866658806800842,0.24237628281116486,0.17330969870090485,0.10254878550767899,0.07332690060138702
860.0,0.001,0.2,128.0,2.0,0.24907411634922028,0.2038237303495407,0.11604997515678406,0.09496666491031647,0.20496948063373566,0.16745920479297638,0.09550050646066666,0.0780235230922699
861.0,0.001,0.2,128.0,2.0,0.29979485273361206,0.2091400921344757,0.13052475452423096,0.09105546772480011,0.30674833059310913,0.22235354781150818,0.13355214893817902,0.09680834412574768
862.0,0.001,0.2,128.0,2.0,0.47781991958618164,0.33921682834625244,0.20995734632015228,0.14905419945716858,0.13297812640666962,0.11162474751472473,0.05843150243163109,0.049048684537410736
863.0,0.001,0.2,128.0,2.0,0.10892454534769058,0.07197848707437515,0.05444532260298729,0.0359780453145504,0.12900426983833313,0.10241009294986725,0.06448204815387726,0.05118909850716591
864.0,0.001,0.2,128.0,2.0,0.20742706954479218,0.16745872795581818,0.09493181109428406,0.07663976401090622,0.3209754228591919,0.22806121408939362,0.1468987762928009,0.10437531769275665
865.0,0.001,0.2,128.0,2.0,0.20799830555915833,0.12204817682504654,0.09138060361146927,0.05361984670162201,0.3420598804950714,0.26418426632881165,0.15027834475040436,0.11606497317552567
866.0,0.001,0.2,128.0,2.0,0.18737849593162537,0.1363694965839386,0.08583499491214752,0.062468625605106354,0.2656330168247223,0.20573188364505768,0.12168212234973907,0.0942424014210701
867.0,0.001,0.2,128.0,2.0,0.2215668112039566,0.16154396533966064,0.09281625598669052,0.06767217069864273,0.31782135367393494,0.21322858333587646,0.13313810527324677,0.08932328224182129
868.0,0.001,0.2,128.0,2.0,0.27377134561538696,0.1960470974445343,0.1198769360780716,0.08584362268447876,0.1495770514011383,0.12602508068084717,0.06549567729234695,0.055182915180921555
869.0,0.001,0.2,128.0,2.0,0.24074070155620575,0.18185719847679138,0.1106511652469635,0.0835866779088974,0.20783507823944092,0.1375688910484314,0.09552683681249619,0.06323052942752838
870.0,0.001,0.2,128.0,2.0,0.18243704736232758,0.14548581838607788,0.0765359103679657,0.06103414297103882,0.3050057888031006,0.20223954319953918,0.12795589864253998,0.08484344184398651
871.0,0.001,0.2,128.0,2.0,0.1426825374364853,0.11572618037462234,0.06869025528430939,0.055712923407554626,0.11989855766296387,0.0941324383020401,0.057721588760614395,0.04531725123524666
872.0,0.001,0.2,128.0,2.0,0.17589692771434784,0.14689011871814728,0.07675857096910477,0.0641004741191864,0.24829314649105072,0.18100984394550323,0.10835112631320953,0.07898978888988495
873.0,0.001,0.2,128.0,2.0,0.1553487479686737,0.12140817195177078,0.07363069802522659,0.057543884962797165,0.20677872002124786,0.13219226896762848,0.0980069637298584,0.06265521049499512
874.0,0.001,0.2,128.0,2.0,0.20536881685256958,0.12678828835487366,0.09380153566598892,0.057910140603780746,0.16494311392307281,0.12627965211868286,0.0753372386097908,0.05767782777547836
875.0,0.001,0.2,128.0,2.0,0.1610148400068283,0.1097976341843605,0.0708828717470169,0.04833574593067169,0.22787897288799286,0.16111359000205994,0.10031820088624954,0.07092636078596115
876.0,0.001,0.2,128.0,2.0,0.13062959909439087,0.10238777101039886,0.061749935150146484,0.04839973524212837,0.23230963945388794,0.1786847561597824,0.10981511324644089,0.08446608483791351
877.0,0.001,0.2,128.0,2.0,0.25601792335510254,0.1765444576740265,0.11520513147115707,0.07944298535585403,0.2468363642692566,0.15688744187355042,0.1110735535621643,0.0705975592136383
878.0,0.001,0.2,128.0,2.0,0.25091683864593506,0.18512561917304993,0.1238073855638504,0.0913446843624115,0.23498345911502838,0.16912981867790222,0.11594554036855698,0.08345204591751099
879.0,0.001,0.2,128.0,2.0,0.233173668384552,0.19754037261009216,0.10507785528898239,0.08901999890804291,0.3028451204299927,0.22907359898090363,0.13647474348545074,0.10323019325733185
880.0,0.001,0.2,128.0,2.0,0.215323805809021,0.1753084361553192,0.09322743117809296,0.07590221613645554,0.20177879929542542,0.1703619360923767,0.08736293762922287,0.07376056909561157
881.0,0.001,0.2,128.0,2.0,0.15641511976718903,0.1224590614438057,0.07760845124721527,0.060760483145713806,0.23385855555534363,0.16725964844226837,0.11603353917598724,0.08298918604850769
882.0,0.001,0.2,128.0,2.0,0.22423143684864044,0.20558354258537292,0.10657595843076706,0.09771271049976349,0.20306818187236786,0.189872607588768,0.0965171679854393,0.09024538099765778
883.0,0.001,0.2,128.0,2.0,0.41333213448524475,0.28711479902267456,0.16458240151405334,0.11432463675737381,0.5003873705863953,0.35052692890167236,0.19924640655517578,0.1395743191242218
884.0,0.001,0.2,128.0,2.0,0.2852368652820587,0.17220228910446167,0.13353732228279114,0.0806187242269516,0.20526482164859772,0.15851809084415436,0.09609736502170563,0.07421228289604187
885.0,0.001,0.2,128.0,2.0,0.34802550077438354,0.18442554771900177,0.16023457050323486,0.08491143584251404,0.20084214210510254,0.17092782258987427,0.09246981143951416,0.07869693636894226
886.0,0.001,0.2,128.0,2.0,0.17741641402244568,0.15054771304130554,0.0857829749584198,0.07279163599014282,0.22705627977848053,0.15389738976955414,0.10978446155786514,0.07441125065088272
887.0,0.001,0.2,128.0,2.0,0.24668586254119873,0.18121619522571564,0.10832766443490982,0.07957783341407776,0.41873860359191895,0.3276224136352539,0.18388153612613678,0.14386950433254242
888.0,0.001,0.2,128.0,2.0,0.3436625599861145,0.19747868180274963,0.1453881710767746,0.08354435116052628,0.25936269760131836,0.1891694962978363,0.10972470045089722,0.08002911508083344
889.0,0.001,0.2,128.0,2.0,0.32558077573776245,0.21960173547267914,0.13775242865085602,0.092912957072258,0.24172267317771912,0.17958536744117737,0.10227225720882416,0.07598213106393814
860.0,0.001,0.2,128.0,3.0,0.31450706720352173,0.22989237308502197,0.14653685688972473,0.10711270570755005,0.20668300986289978,0.17995811998844147,0.09629888087511063,0.08384706825017929
861.0,0.001,0.2,128.0,3.0,0.292562872171402,0.20744724571704865,0.12737609446048737,0.09031843394041061,0.23462748527526855,0.18161551654338837,0.10215216875076294,0.07907180488109589
862.0,0.001,0.2,128.0,3.0,0.4071279764175415,0.2981416583061218,0.17889481782913208,0.13100549578666687,0.1295488029718399,0.1034349575638771,0.05692463740706444,0.04545003920793533
863.0,0.001,0.2,128.0,3.0,0.1542026549577713,0.13252761960029602,0.07707734405994415,0.06624318659305573,0.13570110499858856,0.11444263160228729,0.0678294226527214,0.0572034977376461
864.0,0.001,0.2,128.0,3.0,0.1829584836959839,0.140840083360672,0.08373343199491501,0.06445737183094025,0.35318833589553833,0.2432621270418167,0.161641463637352,0.11133222281932831
865.0,0.001,0.2,128.0,3.0,0.2242102175951004,0.14769382774829865,0.09850304573774338,0.06488685309886932,0.302405446767807,0.2266618311405182,0.1328568309545517,0.09958010911941528
866.0,0.001,0.2,128.0,3.0,0.1864086240530014,0.14407721161842346,0.08539072424173355,0.06599938869476318,0.24387416243553162,0.2021588683128357,0.11171475052833557,0.09260566532611847
867.0,0.001,0.2,128.0,3.0,0.26686838269233704,0.21682050824165344,0.11179345846176147,0.09082797169685364,0.1870916336774826,0.16316287219524384,0.07837430387735367,0.06835034489631653
868.0,0.001,0.2,128.0,3.0,0.2645246684551239,0.17627134919166565,0.11582806706428528,0.07718436419963837,0.15076886117458344,0.12018673121929169,0.06601754575967789,0.05262647569179535
869.0,0.001,0.2,128.0,3.0,0.2810334265232086,0.1843319535255432,0.12917083501815796,0.08472412824630737,0.23501062393188477,0.15766854584217072,0.10801748931407928,0.07246889173984528
870.0,0.001,0.2,128.0,3.0,0.20951221883296967,0.14765527844429016,0.08789446949958801,0.06194426491856575,0.37051984667778015,0.24613961577415466,0.1554403007030487,0.10326036810874939
871.0,0.001,0.2,128.0,3.0,0.14766600728034973,0.11659196019172668,0.07108939439058304,0.05612971633672714,0.11555422097444534,0.0898137092590332,0.05563012883067131,0.04323813319206238
872.0,0.001,0.2,128.0,3.0,0.18167483806610107,0.15917572379112244,0.07927996665239334,0.06946171075105667,0.26214078068733215,0.19178640842437744,0.11439399421215057,0.08369248360395432
873.0,0.001,0.2,128.0,3.0,0.14053888618946075,0.12006799876689911,0.06661126762628555,0.05690866336226463,0.23094487190246582,0.18178996443748474,0.1094609946012497,0.08616302907466888
874.0,0.001,0.2,128.0,3.0,0.2334585338830948,0.15672752261161804,0.10663139820098877,0.0715847760438919,0.23845042288303375,0.18949450552463531,0.10891146957874298,0.0865510031580925
875.0,0.001,0.2,128.0,3.0,0.19698713719844818,0.16455283761024475,0.08671880513429642,0.07244040071964264,0.19239605963230133,0.15581586956977844,0.08469768613576889,0.06859415769577026
876.0,0.001,0.2,128.0,3.0,0.12629395723342896,0.09583251178264618,0.059700436890125275,0.04530099779367447,0.2497759610414505,0.18542522192001343,0.11807162314653397,0.08765237033367157
877.0,0.001,0.2,128.0,3.0,0.26646608114242554,0.19485633075237274,0.11990668624639511,0.08768312633037567,0.26597216725349426,0.1994343101978302,0.11968444287776947,0.08974316716194153
878.0,0.001,0.2,128.0,3.0,0.20239900052547455,0.14894679188728333,0.09986772388219833,0.0734933391213417,0.21213574707508087,0.1485370397567749,0.10467200726270676,0.07329116016626358
879.0,0.001,0.2,128.0,3.0,0.16956911981105804,0.11791341751813889,0.07641498744487762,0.05313674360513687,0.22680941224098206,0.15873950719833374,0.10220988094806671,0.07153471559286118
880.0,0.001,0.2,128.0,3.0,0.2655518352985382,0.21132314205169678,0.11497432738542557,0.09149528294801712,0.19486333429813385,0.15423832833766937,0.08436878770589828,0.06677962839603424
881.0,0.001,0.2,128.0,3.0,0.17040100693702698,0.13687296211719513,0.08454783260822296,0.06791223585605621,0.240727037191391,0.17878174781799316,0.11944148689508438,0.0887061059474945
882.0,0.001,0.2,128.0,3.0,0.249473437666893,0.2036052644252777,0.11857333034276962,0.0967724472284317,0.18619725108146667,0.14583086967468262,0.08849851042032242,0.06931260228157043
883.0,0.001,0.2,128.0,3.0,0.37660613656044006,0.2624846398830414,0.14995867013931274,0.10451727360486984,0.4400090277194977,0.2920882999897003,0.17520469427108765,0.11630497872829437
884.0,0.001,0.2,128.0,3.0,0.1970604807138443,0.1150595098733902,0.09225641936063766,0.05386660248041153,0.1669103354215622,0.13178923726081848,0.0781412348151207,0.06169883534312248
885.0,0.001,0.2,128.0,3.0,0.24053360521793365,0.17489850521087646,0.1107441633939743,0.08052508533000946,0.15593597292900085,0.12402085959911346,0.0717945471405983,0.05710049718618393
886.0,0.001,0.2,128.0,3.0,0.18706350028514862,0.1482038050889969,0.09044747054576874,0.07165834307670593,0.27805274724960327,0.20794235169887543,0.13444186747074127,0.10054264962673187
887.0,0.001,0.2,128.0,3.0,0.2817186415195465,0.19582682847976685,0.12371167540550232,0.08599382638931274,0.2185770720243454,0.1525992900133133,0.09598419815301895,0.06701122969388962
888.0,0.001,0.2,128.0,3.0,0.36072206497192383,0.1986481249332428,0.15260528028011322,0.08403909206390381,0.25176283717155457,0.17081741988658905,0.10650955140590668,0.07226516306400299
889.0,0.001,0.2,128.0,3.0,0.3031252920627594,0.20223236083984375,0.1282515823841095,0.0855640172958374,0.2703087031841278,0.14703762531280518,0.11436694115400314,0.062211256474256516
860.0,0.001,0.2,128.0,4.0,0.20901897549629211,0.16099019348621368,0.09738727658987045,0.07500943541526794,0.20266848802566528,0.1575312316417694,0.0944284126162529,0.07339781522750854
861.0,0.001,0.2,128.0,4.0,0.4204081892967224,0.3310944437980652,0.1830374151468277,0.1441519856452942,0.2941311001777649,0.20020544528961182,0.12805886566638947,0.08716548979282379
862.0,0.001,0.2,128.0,4.0,0.4262486696243286,0.31394699215888977,0.18729658424854279,0.13795046508312225,0.16284434497356415,0.12928566336631775,0.07155492901802063,0.056809015572071075
863.0,0.001,0.2,128.0,4.0,0.19728492200374603,0.13775956630706787,0.09861176460981369,0.06885833293199539,0.20601215958595276,0.14525653421878815,0.10297401249408722,0.072605662047863
864.0,0.001,0.2,128.0,4.0,0.3080962896347046,0.20618344843387604,0.1410045027732849,0.09436268359422684,0.36651453375816345,0.23179449141025543,0.1677403599023819,0.10608390718698502
865.0,0.001,0.2,128.0,4.0,0.2802794575691223,0.14327919483184814,0.12313612550497055,0.0629473328590393,0.37569981813430786,0.2713673710823059,0.16505751013755798,0.11922075599431992
866.0,0.001,0.2,128.0,4.0,0.16287921369075775,0.123018279671669,0.07461228221654892,0.056352656334638596,0.27777963876724243,0.2183384895324707,0.12724629044532776,0.10001726448535919
867.0,0.001,0.2,128.0,4.0,0.2385573536157608,0.15436628460884094,0.09993372857570648,0.06466537714004517,0.3623259961605072,0.2290906012058258,0.15178146958351135,0.09596802294254303
868.0,0.001,0.2,128.0,4.0,0.26510053873062134,0.18180137872695923,0.11608023941516876,0.0796058177947998,0.1609964519739151,0.128292053937912,0.07049591839313507,0.056175559759140015
869.0,0.001,0.2,128.0,4.0,0.1939205378293991,0.1657828390598297,0.08913134038448334,0.07619845867156982,0.13642524182796478,0.11332593858242035,0.06270486116409302,0.052087776362895966
870.0,0.001,0.2,128.0,4.0,0.318861186504364,0.20204731822013855,0.1337684988975525,0.08476279675960541,0.45266762375831604,0.25206321477890015,0.1899028867483139,0.10574544221162796
871.0,0.001,0.2,128.0,4.0,0.1629028022289276,0.1360403299331665,0.07842467725276947,0.06549254059791565,0.11543568223714828,0.09631308913230896,0.05557306855916977,0.04636707156896591
872.0,0.001,0.2,128.0,4.0,0.16214457154273987,0.13556289672851562,0.07075727730989456,0.05915745347738266,0.2664000391960144,0.1901971399784088,0.11625264585018158,0.08299893885850906
873.0,0.001,0.2,128.0,4.0,0.18231424689292908,0.15418243408203125,0.08641154319047928,0.07307789474725723,0.20651230216026306,0.1288885474205017,0.09788070619106293,0.06108934059739113
874.0,0.001,0.2,128.0,4.0,0.2006472796201706,0.13159804046154022,0.09164498746395111,0.06010698527097702,0.21468475461006165,0.1723288893699646,0.09805657714605331,0.0787106603384018
875.0,0.001,0.2,128.0,4.0,0.39640581607818604,0.2907184064388275,0.17450806498527527,0.1279817521572113,0.2973230183124542,0.22273698449134827,0.13088926672935486,0.09805457293987274
876.0,0.001,0.2,128.0,4.0,0.1268778145313263,0.10407695174217224,0.059976428747177124,0.04919822886586189,0.22593188285827637,0.16966372728347778,0.10680029541254044,0.08020175993442535
877.0,0.001,0.2,128.0,4.0,0.27370473742485046,0.19872836768627167,0.12316400557756424,0.08942548930644989,0.26801931858062744,0.18028299510478973,0.12060564011335373,0.08112528920173645
878.0,0.001,0.2,128.0,4.0,0.185420960187912,0.13076253235340118,0.09149041026830673,0.06452085077762604,0.22200532257556915,0.1401495337486267,0.1095418706536293,0.0691525787115097
879.0,0.001,0.2,128.0,4.0,0.2635331451892853,0.21472972631454468,0.11875911802053452,0.09676624834537506,0.35940760374069214,0.2674192786216736,0.16196419298648834,0.12051036208868027
880.0,0.001,0.2,128.0,4.0,0.4463157057762146,0.34430304169654846,0.1932385414838791,0.14907076954841614,0.3249981105327606,0.22723521292209625,0.1407124400138855,0.09838464856147766
881.0,0.001,0.2,128.0,4.0,0.1833040863275528,0.16370929777622223,0.09094994515180588,0.08122760057449341,0.19543883204460144,0.16372403502464294,0.09697083383798599,0.08123490959405899
882.0,0.001,0.2,128.0,4.0,0.21662631630897522,0.19029352068901062,0.10296126455068588,0.09044544398784637,0.17900602519512177,0.16168862581253052,0.08508055657148361,0.07684969902038574
883.0,0.001,0.2,128.0,4.0,0.28869563341140747,0.24646136164665222,0.11495409905910492,0.09813705086708069,0.28437384963035583,0.22196084260940552,0.11323321610689163,0.0883813351392746
884.0,0.001,0.2,128.0,4.0,0.176261305809021,0.12122580409049988,0.08251901715993881,0.056753434240818024,0.26348260045051575,0.2009718418121338,0.12335280328989029,0.09408757835626602
885.0,0.001,0.2,128.0,4.0,0.21363992989063263,0.15319864451885223,0.0983620434999466,0.07053423672914505,0.17205823957920074,0.13692373037338257,0.07921739667654037,0.06304110586643219
886.0,0.001,0.2,128.0,4.0,0.25231727957725525,0.21367259323596954,0.12199845165014267,0.10331328213214874,0.3320823609828949,0.237947016954422,0.1605658382177353,0.11505025625228882
887.0,0.001,0.2,128.0,4.0,0.2247629314661026,0.14079120755195618,0.09870060533285141,0.06182592362165451,0.33821237087249756,0.2047179490327835,0.14851988852024078,0.08989820629358292
888.0,0.001,0.2,128.0,4.0,0.25931140780448914,0.16670046746730804,0.10970300436019897,0.0705234706401825,0.2320357859134674,0.17292851209640503,0.09816392511129379,0.07315827906131744
889.0,0.001,0.2,128.0,4.0,0.24579986929893494,0.20732319355010986,0.10399732738733292,0.0877179279923439,0.2591526508331299,0.18552199006080627,0.10964683443307877,0.0784938856959343
860.0,0.001,0.2,256.0,2.0,0.21833127737045288,0.1650010496377945,0.10172609984874725,0.07687819004058838,0.1929999440908432,0.14377540349960327,0.08992359787225723,0.06698862463235855
861.0,0.001,0.2,256.0,2.0,0.2827775776386261,0.22038871049880981,0.12311575561761856,0.09595288336277008,0.23078981041908264,0.18770694732666016,0.10048132389783859,0.0817238911986351
862.0,0.001,0.2,256.0,2.0,0.3593400716781616,0.2688369154930115,0.1578965038061142,0.11812879145145416,0.14610162377357483,0.11716394126415253,0.06419805437326431,0.05148264393210411
863.0,0.001,0.2,256.0,2.0,0.2831006944179535,0.23264767229557037,0.14150628447532654,0.11628761887550354,0.2506711184978485,0.2303459495306015,0.12529651820659637,0.11513710021972656
864.0,0.001,0.2,256.0,2.0,0.29440200328826904,0.25802549719810486,0.13473708927631378,0.11808889359235764,0.3562397360801697,0.2814119756221771,0.163037970662117,0.12879201769828796
865.0,0.001,0.2,256.0,2.0,0.2037450075149536,0.1738751232624054,0.08951199799776077,0.07638914883136749,0.26703840494155884,0.18434441089630127,0.11731889843940735,0.08098866790533066
866.0,0.001,0.2,256.0,2.0,0.24655719101428986,0.22598278522491455,0.11294379085302353,0.10351899266242981,0.2715906500816345,0.22070032358169556,0.1244112178683281,0.10109920054674149
867.0,0.001,0.2,256.0,2.0,0.2245161086320877,0.15895617008209229,0.09405173361301422,0.06658811122179031,0.3209286034107208,0.22750666737556458,0.13443975150585175,0.09530448913574219
868.0,0.001,0.2,256.0,2.0,0.23551779985427856,0.16819104552268982,0.10312675684690475,0.07364623248577118,0.1698138415813446,0.13696250319480896,0.074356809258461,0.05997211113572121
869.0,0.001,0.2,256.0,2.0,0.18492603302001953,0.13197103142738342,0.08499721437692642,0.06065761297941208,0.1349230408668518,0.11772909760475159,0.06201440840959549,0.05411159247159958
870.0,0.001,0.2,256.0,2.0,0.238409623503685,0.17258307337760925,0.1000175029039383,0.0724019780755043,0.3275030255317688,0.19544914364814758,0.13739390671253204,0.08199472725391388
871.0,0.001,0.2,256.0,2.0,0.20913197100162506,0.1668022871017456,0.10068034380674362,0.08030198514461517,0.10199690610170364,0.07584180682897568,0.04910336062312126,0.03651177138090134
872.0,0.001,0.2,256.0,2.0,0.22756195068359375,0.17207902669906616,0.09930437058210373,0.07509251683950424,0.3055780529975891,0.19948765635490417,0.13334931433200836,0.08705319464206696
873.0,0.001,0.2,256.0,2.0,0.21481379866600037,0.14942210912704468,0.1018153503537178,0.07082164287567139,0.3144446015357971,0.158038929104805,0.1490374207496643,0.07490576803684235
874.0,0.001,0.2,256.0,2.0,0.21583744883537292,0.17389047145843506,0.09858304262161255,0.07942389696836472,0.22259394824504852,0.1914965808391571,0.1016690656542778,0.08746545016765594
875.0,0.001,0.2,256.0,2.0,0.178395614027977,0.15625295042991638,0.07853434234857559,0.06878657639026642,0.22266703844070435,0.1694108247756958,0.09802377223968506,0.07457902282476425
876.0,0.001,0.2,256.0,2.0,0.12240082025527954,0.1018388420343399,0.057860102504491806,0.04814025014638901,0.23032145202159882,0.18013228476047516,0.10887528955936432,0.085150346159935
877.0,0.001,0.2,256.0,2.0,0.33871686458587646,0.2382851541042328,0.15241871774196625,0.10722560435533524,0.28951746225357056,0.23286846280097961,0.1302795559167862,0.1047881469130516
878.0,0.001,0.2,256.0,2.0,0.24190804362297058,0.18583160638809204,0.11936228722333908,0.09169304370880127,0.24446938931941986,0.17701750993728638,0.12062609195709229,0.0873439833521843
879.0,0.001,0.2,256.0,2.0,0.23091642558574677,0.21622535586357117,0.10406065732240677,0.09744024276733398,0.2738795280456543,0.23059038817882538,0.12342162430286407,0.10391372442245483
880.0,0.001,0.2,256.0,2.0,0.21054013073444366,0.16550585627555847,0.0911562442779541,0.07165804505348206,0.18848225474357605,0.15169236063957214,0.08160600066184998,0.06567731499671936
881.0,0.001,0.2,256.0,2.0,0.20151343941688538,0.1319720447063446,0.09998488426208496,0.0654805451631546,0.2969888746738434,0.19848227500915527,0.14735688269138336,0.09848089516162872
882.0,0.001,0.2,256.0,2.0,0.2016444206237793,0.15275996923446655,0.0958404690027237,0.07260596007108688,0.15287181735038757,0.12633173167705536,0.07265912741422653,0.06004476547241211
883.0,0.001,0.2,256.0,2.0,0.3999100625514984,0.2582586407661438,0.15923795104026794,0.102834552526474,0.3220161497592926,0.25184166431427,0.128221794962883,0.10027940571308136
884.0,0.001,0.2,256.0,2.0,0.1669323742389679,0.12048301100730896,0.07815154641866684,0.056405674666166306,0.24685147404670715,0.17333492636680603,0.11556672304868698,0.08114900439977646
885.0,0.001,0.2,256.0,2.0,0.2516104280948639,0.16919568181037903,0.11584406346082687,0.07789944857358932,0.17922227084636688,0.14952009916305542,0.08251577615737915,0.06884059309959412
886.0,0.001,0.2,256.0,2.0,0.14559277892112732,0.11775347590446472,0.07039585709571838,0.056935232132673264,0.2285374402999878,0.18019941449165344,0.11050061136484146,0.08712860196828842
887.0,0.001,0.2,256.0,2.0,0.3033076524734497,0.19782543182373047,0.13319210708141327,0.08687147498130798,0.19546344876289368,0.132181778550148,0.08583426475524902,0.05804525315761566
888.0,0.001,0.2,256.0,2.0,0.34549641609191895,0.19370251893997192,0.14616402983665466,0.08194683492183685,0.2686799466609955,0.18649378418922424,0.11366640776395798,0.0788971334695816
889.0,0.001,0.2,256.0,2.0,0.25868597626686096,0.19971640408039093,0.10944940894842148,0.08449952304363251,0.23510503768920898,0.14628544449806213,0.09947234392166138,0.06189300864934921
860.0,0.001,0.2,256.0,3.0,0.2056528925895691,0.16664284467697144,0.09581892937421799,0.07764314115047455,0.2193346917629242,0.16779683530330658,0.10219363123178482,0.07818083465099335
861.0,0.001,0.2,256.0,3.0,0.2373863011598587,0.17984965443611145,0.10335329920053482,0.07830297946929932,0.22160673141479492,0.1811845451593399,0.09648319333791733,0.07888416945934296
862.0,0.001,0.2,256.0,3.0,0.3072461485862732,0.20271717011928558,0.13500607013702393,0.08907531201839447,0.1347508579492569,0.09840348362922668,0.05921045318245888,0.04323916882276535
863.0,0.001,0.2,256.0,3.0,0.163634791970253,0.14398141205310822,0.0817919373512268,0.07196829468011856,0.13799284398555756,0.10376709699630737,0.06897493451833725,0.05186738446354866
864.0,0.001,0.2,256.0,3.0,0.2595694959163666,0.15467189252376556,0.1187954917550087,0.0707876905798912,0.433989018201828,0.2938736379146576,0.19862100481987,0.13449527323246002
865.0,0.001,0.2,256.0,3.0,0.23114819824695587,0.17086324095726013,0.1015511155128479,0.07506592571735382,0.3079058825969696,0.23826396465301514,0.13527333736419678,0.10467731952667236
866.0,0.001,0.2,256.0,3.0,0.20219288766384125,0.15557488799095154,0.09262123703956604,0.0712662860751152,0.22428365051746368,0.18155817687511444,0.10274065285921097,0.08316881954669952
867.0,0.001,0.2,256.0,3.0,0.25080418586730957,0.1843770444393158,0.10506404936313629,0.07723713666200638,0.19109423458576202,0.14192326366901398,0.08005101978778839,0.05945288762450218
868.0,0.001,0.2,256.0,3.0,0.23886649310588837,0.17520998418331146,0.10459306836128235,0.07671964168548584,0.18142420053482056,0.1512937992811203,0.0794406607747078,0.06624738872051239
869.0,0.001,0.2,256.0,3.0,0.17817912995815277,0.13993962109088898,0.08189614117145538,0.06432018429040909,0.1645112931728363,0.14917418360710144,0.07561400532722473,0.06856463849544525
870.0,0.001,0.2,256.0,3.0,0.14036071300506592,0.12005484849214554,0.058884065598249435,0.05036535486578941,0.1944902241230011,0.16655170917510986,0.08159245550632477,0.0698717013001442
871.0,0.001,0.2,256.0,3.0,0.16366080939769745,0.13172627985477448,0.0787896141409874,0.06341569125652313,0.09626453369855881,0.07128991931676865,0.04634368419647217,0.0343203991651535
872.0,0.001,0.2,256.0,3.0,0.20417426526546478,0.18172210454940796,0.08909834921360016,0.07930058985948563,0.30386286973953247,0.2489028424024582,0.1326008290052414,0.10861717164516449
873.0,0.001,0.2,256.0,3.0,0.1894800364971161,0.15545131266117096,0.0898079127073288,0.07367930561304092,0.23839062452316284,0.16327962279319763,0.11299009621143341,0.07738970220088959
874.0,0.001,0.2,256.0,3.0,0.2736021876335144,0.21827992796897888,0.12496691197156906,0.09969864785671234,0.2697282135486603,0.21655280888080597,0.12319748848676682,0.09890978783369064
875.0,0.001,0.2,256.0,3.0,0.20874999463558197,0.17525120079517365,0.0918971374630928,0.07715010643005371,0.21906964480876923,0.16301968693733215,0.09644009172916412,0.0717654824256897
876.0,0.001,0.2,256.0,3.0,0.17864267528057098,0.13791662454605103,0.08444619923830032,0.06519458442926407,0.2811835706233978,0.18265148997306824,0.1329183429479599,0.08634121716022491
877.0,0.001,0.2,256.0,3.0,0.2541453242301941,0.18929855525493622,0.11436247825622559,0.08518218249082565,0.2404022067785263,0.1678003966808319,0.1081782653927803,0.07550827413797379
878.0,0.001,0.2,256.0,3.0,0.2502373158931732,0.20270274579524994,0.12347210943698883,0.10001760721206665,0.234812930226326,0.1555996984243393,0.11586140096187592,0.07677601277828217
879.0,0.001,0.2,256.0,3.0,0.28449535369873047,0.2475559413433075,0.1282055675983429,0.11155910789966583,0.34012091159820557,0.30257582664489746,0.15327279269695282,0.13635338842868805
880.0,0.001,0.2,256.0,3.0,0.2095852494239807,0.17442095279693604,0.09074283391237259,0.07551795244216919,0.21354205906391144,0.18336772918701172,0.09245600551366806,0.07939160615205765
881.0,0.001,0.2,256.0,3.0,0.16452281177043915,0.13828104734420776,0.08163123577833176,0.06861086189746857,0.22695109248161316,0.1773613691329956,0.11260627955198288,0.08800136297941208
882.0,0.001,0.2,256.0,3.0,0.3034937083721161,0.2175094038248062,0.1442488431930542,0.10338099300861359,0.1919771134853363,0.1511760950088501,0.09124565869569778,0.0718531608581543
883.0,0.001,0.2,256.0,3.0,0.2914589047431946,0.20678812265396118,0.11605437099933624,0.08233977854251862,0.33928626775741577,0.22779011726379395,0.13509847223758698,0.09070244431495667
884.0,0.001,0.2,256.0,3.0,0.19625478982925415,0.12214629352092743,0.0918792262673378,0.0571843758225441,0.2451114058494568,0.1694791615009308,0.11475209891796112,0.07934387773275375
885.0,0.001,0.2,256.0,3.0,0.30084776878356934,0.20995062589645386,0.13851343095302582,0.0966634452342987,0.1924676150083542,0.15371198952198029,0.0886140838265419,0.07077059894800186
886.0,0.001,0.2,256.0,3.0,0.17072366178035736,0.1429256647825241,0.08254696428775787,0.06910629570484161,0.23198078572750092,0.18127429485321045,0.11216551065444946,0.08764831721782684
887.0,0.001,0.2,256.0,3.0,0.2329637110233307,0.15774664282798767,0.10230182856321335,0.06927160173654556,0.3755301535129547,0.25514084100723267,0.164907306432724,0.11204051226377487
888.0,0.001,0.2,256.0,3.0,0.3442509174346924,0.23713719844818115,0.14563708007335663,0.10032207518815994,0.23721195757389069,0.19050654768943787,0.10035371035337448,0.0805947482585907
889.0,0.001,0.2,256.0,3.0,0.2774953544139862,0.20969624817371368,0.11740762740373611,0.08872197568416595,0.21418429911136627,0.1687038391828537,0.09062083065509796,0.07137817144393921
860.0,0.001,0.2,256.0,4.0,0.31873956322669983,0.22569012641906738,0.14850887656211853,0.10515478253364563,0.19362308084964752,0.1490892916917801,0.09021392464637756,0.06946449726819992
861.0,0.001,0.2,256.0,4.0,0.25797656178474426,0.20534631609916687,0.11231788992881775,0.08940372616052628,0.2836708128452301,0.2332821637392044,0.12350467592477798,0.10156646370887756
862.0,0.001,0.2,256.0,4.0,0.33408451080322266,0.26890069246292114,0.1467990279197693,0.1181568130850792,0.20115289092063904,0.17073652148246765,0.08838797360658646,0.07502280920743942
863.0,0.001,0.2,256.0,4.0,0.1791178286075592,0.1324203908443451,0.08953104168176651,0.06618958711624146,0.14783848822116852,0.12474612891674042,0.07389622181653976,0.06235363706946373
864.0,0.001,0.2,256.0,4.0,0.25320571660995483,0.16070085763931274,0.11588301509618759,0.07354693114757538,0.4221234917640686,0.3045291304588318,0.1931905746459961,0.13937193155288696
865.0,0.001,0.2,256.0,4.0,0.2168635129928589,0.14374610781669617,0.09527537971735,0.06315245479345322,0.3667279779911041,0.2539813816547394,0.1611158549785614,0.11158250272274017
866.0,0.001,0.2,256.0,4.0,0.24929292500019073,0.20368698239326477,0.11419697850942612,0.09330564737319946,0.29501408338546753,0.2290305495262146,0.13514110445976257,0.10491512715816498
867.0,0.001,0.2,256.0,4.0,0.33076801896095276,0.2622000575065613,0.13856159150600433,0.10983787477016449,0.46488291025161743,0.32885676622390747,0.19474345445632935,0.1377609223127365
868.0,0.001,0.2,256.0,4.0,0.28166821599006653,0.23412634432315826,0.12333475798368454,0.10251748561859131,0.20002631843090057,0.16611631214618683,0.08758602291345596,0.07273776829242706
869.0,0.001,0.2,256.0,4.0,0.3207740783691406,0.25745514035224915,0.14743675291538239,0.1183336079120636,0.2538197934627533,0.2206854373216629,0.11666270345449448,0.10143322497606277
870.0,0.001,0.2,256.0,4.0,0.23007416725158691,0.15537205338478088,0.09652061760425568,0.06518162041902542,0.33848875761032104,0.19350501894950867,0.1420026421546936,0.08117912709712982
871.0,0.001,0.2,256.0,4.0,0.2038332223892212,0.15989618003368378,0.09812941402196884,0.07697723805904388,0.19440102577209473,0.1739911437034607,0.09358856827020645,0.08376283943653107
872.0,0.001,0.2,256.0,4.0,0.3741883337497711,0.26030659675598145,0.16328974068164825,0.11359357833862305,0.5843891501426697,0.3982592821121216,0.255018025636673,0.17379392683506012
873.0,0.001,0.2,256.0,4.0,0.21605399250984192,0.19188621640205383,0.1024031713604927,0.09094837307929993,0.24765053391456604,0.19197186827659607,0.11737900972366333,0.09098896384239197
874.0,0.001,0.2,256.0,4.0,0.19333472847938538,0.16873085498809814,0.08830501139163971,0.07706726342439651,0.2177564650774002,0.18301697075366974,0.09945956617593765,0.08359241485595703
875.0,0.001,0.2,256.0,4.0,0.22992926836013794,0.16278916597366333,0.10122078657150269,0.0716639831662178,0.26259052753448486,0.20034220814704895,0.11559908837080002,0.0881957933306694
876.0,0.001,0.2,256.0,4.0,0.12687575817108154,0.10359764099121094,0.05997545272111893,0.048971645534038544,0.2712283134460449,0.1960141658782959,0.12821237742900848,0.09265787899494171
877.0,0.001,0.2,256.0,4.0,0.25795647501945496,0.1482643038034439,0.1160774677991867,0.0667172521352768,0.24766938388347626,0.14810651540756226,0.11144839972257614,0.06664624065160751
878.0,0.001,0.2,256.0,4.0,0.22223754227161407,0.1655845046043396,0.10965647548437119,0.08170272409915924,0.22035002708435059,0.13082315027713776,0.10872511565685272,0.06455077230930328
879.0,0.001,0.2,256.0,4.0,0.18265987932682037,0.11704680323600769,0.08231423795223236,0.05274621397256851,0.24715454876422882,0.15396904945373535,0.11137823015451431,0.06938493251800537
880.0,0.001,0.2,256.0,4.0,0.25128260254859924,0.2226576805114746,0.10879625380039215,0.09640271961688995,0.23279878497123718,0.1984202116727829,0.10079347342252731,0.08590878546237946
881.0,0.001,0.2,256.0,4.0,0.19043754041194916,0.14658387005329132,0.09448934346437454,0.07273048162460327,0.15286321938037872,0.12876597046852112,0.0758461207151413,0.06388978660106659
882.0,0.001,0.2,256.0,4.0,0.20930533111095428,0.16054372489452362,0.09948165714740753,0.07630553096532822,0.2002783566713333,0.16410177946090698,0.09519118070602417,0.0779966488480568
883.0,0.001,0.2,256.0,4.0,0.30561724305152893,0.23911723494529724,0.12169199436903,0.09521273523569107,0.3239271640777588,0.21034081280231476,0.12898272275924683,0.08375440537929535
884.0,0.001,0.2,256.0,4.0,0.19726040959358215,0.14163847267627716,0.09235002100467682,0.06630989164113998,0.3207971453666687,0.22277691960334778,0.15018534660339355,0.10429593175649643
885.0,0.001,0.2,256.0,4.0,0.20963069796562195,0.12824654579162598,0.09651614725589752,0.05904603376984596,0.14906710386276245,0.09304279088973999,0.06863204389810562,0.042837873101234436
886.0,0.001,0.2,256.0,4.0,0.1832839548587799,0.13481241464614868,0.08862000703811646,0.06518343091011047,0.2928312122821808,0.22122135758399963,0.14158742129802704,0.10696320235729218
887.0,0.001,0.2,256.0,4.0,0.3641245663166046,0.23561105132102966,0.1598987877368927,0.10346436500549316,0.18383513391017914,0.14218902587890625,0.08072789013385773,0.06243975833058357
888.0,0.001,0.2,256.0,4.0,0.26803308725357056,0.2050890177488327,0.11339273303747177,0.08676393330097198,0.2567145526409149,0.2069075107574463,0.10860438644886017,0.08753325790166855
889.0,0.001,0.2,256.0,4.0,0.37332502007484436,0.2341960370540619,0.1579529047012329,0.09908778220415115,0.2683101296424866,0.1608210802078247,0.11352133005857468,0.06804299354553223
