,seed,target_column,target_instances,method,v,source_tree_size,target_tree_size,k,m_0,val_rmse,val_mae,rmse,mae
0,1,Dgv,95,LSTransferTreeBoost,0.05,1,1,0.01,0.5,8.141874011106017,5.912125882164031,7.077763021996531,5.195357277050916
0,10,Dgv,95,LSTransferTreeBoost,0.05,1,1,0.01,0.5,7.151985297551853,5.073877254358702,7.373405470362246,5.278694347046872
0,1,Dgv,95,LSTransferTreeBoost,0.05,1,1,0.01,0.9,8.05098677198765,5.915502519142354,7.01635094346609,5.24458115500235
0,6,Dgv,95,LSTransferTreeBoost,0.05,1,1,0.01,0.5,7.232153814280606,5.227940555894134,7.981020420005788,5.720987521851617
0,2,Dgv,95,LSTransferTreeBoost,0.05,1,1,0.01,0.5,7.539782275404557,5.111587131128278,7.092809277291654,4.990402136808876
0,9,Dgv,95,LSTransferTreeBoost,0.05,1,1,0.01,0.5,6.885453371899219,4.9481213062856115,6.567754003039326,4.777609841548024
0,1,Dgv,95,LSTransferTreeBoost,0.05,1,1,0.05,0.5,8.351743638577279,6.120135368167133,7.253430316730895,5.337079753790033
0,10,Dgv,95,LSTransferTreeBoost,0.05,1,1,0.01,0.9,7.005065181045962,4.967556540764557,7.117232766055501,5.096413788432775
0,1,Dgv,95,LSTransferTreeBoost,0.05,1,1,0.05,0.9,8.254706138282236,6.0119692841946595,7.175625863941495,5.242087110312259
0,8,Dgv,95,LSTransferTreeBoost,0.05,1,1,0.01,0.5,7.2891012717401615,5.247780452370159,7.584775701849224,5.23953184840794
0,7,Dgv,95,LSTransferTreeBoost,0.05,1,1,0.01,0.5,7.685477755506749,5.236582206750004,7.461403395743736,5.150437234933266
0,5,Dgv,95,LSTransferTreeBoost,0.05,1,1,0.01,0.5,8.018820721075626,5.418038872455227,6.753895616969709,4.9012961713071315
0,3,Dgv,95,LSTransferTreeBoost,0.05,1,1,0.01,0.5,7.62829099234367,5.527533841970563,7.14292811084067,5.445972923579767
0,1,Dgv,95,LSTransferTreeBoost,0.05,1,2,0.01,0.5,8.33177614215193,6.108575903785844,7.216275027222339,5.415818846556676
0,3,Dgv,95,LSTransferTreeBoost,0.05,1,1,0.01,0.9,13.177661849896761,10.838912375903881,12.734506929785912,10.51624123718225
0,10,Dgv,95,LSTransferTreeBoost,0.05,1,1,0.05,0.5,7.293960928532678,5.1372991391154015,7.550099628117522,5.3992779802470094
0,2,Dgv,95,LSTransferTreeBoost,0.05,1,1,0.01,0.9,7.473604038993066,5.071293197862733,6.97824916806486,4.914916426482042
0,6,Dgv,95,LSTransferTreeBoost,0.05,1,1,0.01,0.9,7.109105267539459,5.076828411741231,7.809300163087524,5.524385737289167
0,9,Dgv,95,LSTransferTreeBoost,0.05,1,1,0.01,0.9,6.81230205999673,4.916491801812405,6.41427530275955,4.658605058833681
0,4,Dgv,95,LSTransferTreeBoost,0.05,1,1,0.01,0.5,7.705933830163191,5.006068524696557,7.6235167422392305,5.242294534601627
0,1,Dgv,95,LSTransferTreeBoost,0.05,1,2,0.01,0.9,8.318747198254096,6.091474441329734,7.1873520893399725,5.383069686913705
0,10,Dgv,95,LSTransferTreeBoost,0.05,1,1,0.05,0.9,7.221486461719556,5.125250237411582,7.4659317951675055,5.3665560070752765
0,1,Dgv,95,LSTransferTreeBoost,0.05,1,2,0.05,0.5,8.436439733517814,6.231411613621509,7.272290425841253,5.4785974603093015
0,6,Dgv,95,LSTransferTreeBoost,0.05,1,1,0.05,0.5,7.360379693910384,5.360616781145574,8.123074809410285,5.868385134806761
0,3,Dgv,95,LSTransferTreeBoost,0.05,1,1,0.05,0.5,7.7606569087391994,5.630333436779266,7.366660092060903,5.628972062829418
0,2,Dgv,95,LSTransferTreeBoost,0.05,1,1,0.05,0.5,7.974968842442446,5.394185262827094,7.761026540317584,5.571546679281454
0,1,Dgv,95,LSTransferTreeBoost,0.05,1,2,0.05,0.9,8.364679689988336,6.120467461481775,7.196335486001585,5.386165718344822
0,10,Dgv,95,LSTransferTreeBoost,0.05,1,2,0.01,0.5,7.118928900060381,5.035238880534532,7.298459272164232,5.265113847108072
0,8,Dgv,95,LSTransferTreeBoost,0.05,1,1,0.01,0.9,7.218026368712355,5.158061156841032,7.544664706484332,5.195999583372273
0,7,Dgv,95,LSTransferTreeBoost,0.05,1,1,0.01,0.9,7.52735256132916,5.16674192035745,7.316572787787141,5.061174452936496
0,9,Dgv,95,LSTransferTreeBoost,0.05,1,1,0.05,0.5,7.152324025371979,5.2177507507649565,6.941252178689432,5.038592498226656
0,2,Dgv,95,LSTransferTreeBoost,0.05,1,1,0.05,0.9,7.844637678285496,5.286166966213097,7.623177672938034,5.43676722794659
0,5,Dgv,95,LSTransferTreeBoost,0.05,1,1,0.01,0.9,7.975934026671443,5.411817662670545,6.761922241130147,4.876314816173437
0,1,Dgv,95,LSTransferTreeBoost,0.05,2,1,0.01,0.5,8.054188180345829,5.812889910676211,6.9466430786975675,5.085154302942873
0,6,Dgv,95,LSTransferTreeBoost,0.05,1,1,0.05,0.9,7.3297100925597185,5.337308630835572,8.085588875548133,5.832815214414225
0,4,Dgv,95,LSTransferTreeBoost,0.05,1,1,0.01,0.9,7.654861827766371,4.979757386057994,7.566116876865387,5.168496604304103
0,10,Dgv,95,LSTransferTreeBoost,0.05,1,2,0.01,0.9,7.061333289090843,4.979451695388,7.145534855714257,5.125206232171789
0,1,Dgv,95,LSTransferTreeBoost,0.05,2,1,0.01,0.9,7.8883534780344595,5.767957433377973,6.87199560116041,5.143637234387668
0,2,Dgv,95,LSTransferTreeBoost,0.05,1,2,0.01,0.5,7.660105057970046,5.264873951910676,7.236641050690347,5.1594260356739525
0,9,Dgv,95,LSTransferTreeBoost,0.05,1,1,0.05,0.9,7.091792726012722,5.134894659497815,6.832465437416927,4.937376816210603
0,5,Dgv,95,LSTransferTreeBoost,0.05,1,1,0.05,0.5,8.59411981132327,5.7504822915299645,7.210809981336246,5.179758134275814
0,1,Dgv,95,LSTransferTreeBoost,0.05,2,1,0.05,0.5,8.248568286612494,5.965953146958265,7.105784664108659,5.19438230553492
0,6,Dgv,95,LSTransferTreeBoost,0.05,1,2,0.01,0.5,7.4593291776746105,5.4153876657795195,8.193634014868422,5.94083187835255
0,10,Dgv,95,LSTransferTreeBoost,0.05,1,2,0.05,0.5,7.236373049945281,5.110471293720787,7.398930398996509,5.329734023835036
0,3,Dgv,95,LSTransferTreeBoost,0.05,1,1,0.05,0.9,7.775729789143374,5.6423361173098545,7.369616793662887,5.635306724008438
0,7,Dgv,95,LSTransferTreeBoost,0.05,1,1,0.05,0.5,8.228767611585114,5.492366118056984,7.988782517279306,5.499805226669585
0,1,Dgv,95,LSTransferTreeBoost,0.05,2,1,0.05,0.9,8.115575208451858,5.880286926032733,7.011873411028166,5.1270335348943075
0,8,Dgv,95,LSTransferTreeBoost,0.05,1,1,0.05,0.5,7.549874905235549,5.344023843875341,7.798942311733297,5.244623091160075
0,2,Dgv,95,LSTransferTreeBoost,0.05,1,2,0.01,0.9,8.04083900403835,5.6819405797183125,7.570457780810986,5.5535256595100675
0,10,Dgv,95,LSTransferTreeBoost,0.05,1,2,0.05,0.9,7.206615228831402,5.085308196918273,7.356026533236868,5.321985364866983
0,9,Dgv,95,LSTransferTreeBoost,0.05,1,2,0.01,0.5,6.922477465738453,4.98760153273393,6.508014936227882,4.747027939292966
0,1,Dgv,95,LSTransferTreeBoost,0.05,2,2,0.01,0.5,8.255771163457792,6.043483295187344,7.1578797044605285,5.356592880578955
0,5,Dgv,95,LSTransferTreeBoost,0.05,1,1,0.05,0.9,8.457114541464122,5.649337583193228,7.090062765875078,5.0970745131811475
0,2,Dgv,95,LSTransferTreeBoost,0.05,1,2,0.05,0.5,7.965239684618265,5.450434999656398,7.746397422783958,5.535117166213091
0,3,Dgv,95,LSTransferTreeBoost,0.05,1,2,0.01,0.5,7.843996298024814,5.660069225053106,7.417030835740586,5.668960125449994
0,4,Dgv,95,LSTransferTreeBoost,0.05,1,1,0.05,0.5,8.059431687768493,5.284436639036782,8.0119834829212,5.52903725970455
0,3,Dgv,95,LSTransferTreeBoost,0.05,1,2,0.01,0.9,13.944274379126963,11.486608302316794,13.308101150979981,10.956211960489435
0,10,Dgv,95,LSTransferTreeBoost,0.05,2,1,0.01,0.5,7.036373948085741,4.953392400857513,7.261763795207034,5.151046154928448
0,6,Dgv,95,LSTransferTreeBoost,0.05,1,2,0.01,0.9,7.640032934344849,5.598163400759107,8.362972945885863,6.116858150781681
0,1,Dgv,95,LSTransferTreeBoost,0.05,2,2,0.01,0.9,8.195675656329595,5.990418647275191,7.181780682718525,5.376619797418389
0,2,Dgv,95,LSTransferTreeBoost,0.05,1,2,0.05,0.9,7.808531878491072,5.334043565464389,7.544470989523335,5.36950352108162
0,1,Dgv,95,LSTransferTreeBoost,0.05,2,2,0.05,0.5,8.330026592099417,6.136179094223529,7.192939269164693,5.409812325586844
0,7,Dgv,95,LSTransferTreeBoost,0.05,1,1,0.05,0.9,7.988235233639047,5.3505465496058475,7.735916225453567,5.318931743792673
0,3,Dgv,95,LSTransferTreeBoost,0.05,1,2,0.05,0.5,7.866927929019532,5.6927032780117335,7.4632960494885205,5.729673372733806
0,6,Dgv,95,LSTransferTreeBoost,0.05,1,2,0.05,0.5,7.471544883806886,5.420000073547101,8.267652376154489,5.988371515304191
0,9,Dgv,95,LSTransferTreeBoost,0.05,1,2,0.01,0.9,6.84042075977584,4.9281162609366005,6.394276042718567,4.626996226069143
0,1,Dgv,95,LSTransferTreeBoost,0.05,2,2,0.05,0.9,8.319576206074865,6.069760516782538,7.171309414427554,5.377184187207627
0,8,Dgv,95,LSTransferTreeBoost,0.05,1,1,0.05,0.9,7.479470231463575,5.301195291632473,7.724031134171504,5.218982226998711
0,1,Dgv,95,LSTransferTreeBoost,0.1,1,1,0.01,0.5,8.095485513834141,5.861399822116625,7.026391179061806,5.1613357495074546
0,10,Dgv,95,LSTransferTreeBoost,0.05,2,1,0.01,0.9,6.956439420591779,4.912531173358722,7.064514537160873,5.029652642654037
0,6,Dgv,95,LSTransferTreeBoost,0.05,1,2,0.05,0.9,7.4863120814447015,5.473764681890288,8.251808158323787,6.01020854810948
0,2,Dgv,95,LSTransferTreeBoost,0.05,2,1,0.01,0.5,7.523562157809667,5.11027024317525,7.038322352980234,4.958118364916273
0,1,Dgv,95,LSTransferTreeBoost,0.1,1,1,0.01,0.9,8.023656668603188,5.812109553208029,6.932313743118473,5.162463377808399
0,3,Dgv,95,LSTransferTreeBoost,0.05,1,2,0.05,0.9,7.914992375643328,5.716675008405131,7.498426092400256,5.731246469329895
0,4,Dgv,95,LSTransferTreeBoost,0.05,1,1,0.05,0.9,7.927843180537919,5.1716759066826485,7.843885381994254,5.391514817654744
0,9,Dgv,95,LSTransferTreeBoost,0.05,1,2,0.05,0.5,7.10020296113909,5.1266465365792175,6.807895289756061,4.989667514695171
0,1,Dgv,95,LSTransferTreeBoost,0.1,1,1,0.05,0.5,8.284889066065936,5.956677364711929,7.128966258559055,5.194731087353699
0,7,Dgv,95,LSTransferTreeBoost,0.05,1,2,0.01,0.5,7.721731213983132,5.252815831161453,7.473491954228813,5.192880969674119
0,10,Dgv,95,LSTransferTreeBoost,0.05,2,1,0.05,0.5,7.200678011798394,5.068128002551639,7.451027195960527,5.311532885650207
0,1,Dgv,95,LSTransferTreeBoost,0.1,1,1,0.05,0.9,8.201831102276737,5.909535572354211,7.109858483523553,5.198023896218343
0,5,Dgv,95,LSTransferTreeBoost,0.05,1,2,0.01,0.5,8.10105723964045,5.5413015484813535,7.031070908144822,5.158338502534237
0,1,Dgv,95,LSTransferTreeBoost,0.1,1,2,0.01,0.5,8.297969616330938,6.070669025447163,7.169255749174257,5.381401743778546
0,8,Dgv,95,LSTransferTreeBoost,0.05,1,2,0.01,0.5,7.343408201811157,5.304221369466387,7.619926075061058,5.270389048224773
0,2,Dgv,95,LSTransferTreeBoost,0.05,2,1,0.01,0.9,7.585709479491105,5.175644389083901,7.123024299693475,5.095488787434542
0,9,Dgv,95,LSTransferTreeBoost,0.05,1,2,0.05,0.9,7.039806368739692,5.099881263695424,6.7047416809070555,4.926260029134041
0,1,Dgv,95,LSTransferTreeBoost,0.1,1,2,0.01,0.9,8.377338853027206,6.115864801109492,7.196211318308103,5.41121298277661
0,10,Dgv,95,LSTransferTreeBoost,0.05,2,1,0.05,0.9,7.09966261237757,5.002851984796423,7.305959114755118,5.214364093562819
0,6,Dgv,95,LSTransferTreeBoost,0.05,2,1,0.01,0.5,7.095822988532425,5.010206968092507,7.794909187230092,5.393017766578788
0,4,Dgv,95,LSTransferTreeBoost,0.05,1,2,0.01,0.5,7.748028229082907,5.010567083171673,7.680469561349212,5.265057226509458
0,1,Dgv,95,LSTransferTreeBoost,0.1,1,2,0.05,0.5,8.42533982200751,6.1366914836636965,7.192477635700915,5.375595853479174
0,3,Dgv,95,LSTransferTreeBoost,0.05,2,1,0.01,0.5,7.483164771558136,5.279441177957591,7.027949070315136,5.193389601481701
0,1,Dgv,95,LSTransferTreeBoost,0.1,1,2,0.05,0.9,8.32616134528626,6.077644562223584,7.185587638691896,5.370176157923915
0,7,Dgv,95,LSTransferTreeBoost,0.05,1,2,0.01,0.9,7.666651525915554,5.2494653117554515,7.405753182638555,5.15127462280606
0,3,Dgv,95,LSTransferTreeBoost,0.05,2,1,0.01,0.9,13.051181377701228,10.778868173402275,12.391096819781465,10.224351277054856
0,1,Dgv,95,LSTransferTreeBoost,0.1,2,1,0.01,0.5,8.066514047447605,5.797583211983928,6.954184881762591,5.1088981071774855
0,2,Dgv,95,LSTransferTreeBoost,0.05,2,1,0.05,0.5,7.801958370400023,5.300496706712176,7.460995686748304,5.297483998026109
0,10,Dgv,95,LSTransferTreeBoost,0.05,2,2,0.01,0.5,7.026729193854859,4.920192773847531,7.1934480008345245,5.130557553796941
0,1,Dgv,95,LSTransferTreeBoost,0.1,2,1,0.01,0.9,7.857922603582562,5.708979628653489,6.82508776603813,5.118251689049112
0,8,Dgv,95,LSTransferTreeBoost,0.05,1,2,0.01,0.9,7.275460281501478,5.242807942642118,7.604156599066246,5.26152015344136
0,9,Dgv,95,LSTransferTreeBoost,0.05,2,1,0.01,0.5,6.806006164675892,4.894489623078036,6.509326670161516,4.714820620223651
0,1,Dgv,95,LSTransferTreeBoost,0.1,2,1,0.05,0.5,8.241839857340524,5.916076968652417,7.0616866336837045,5.161679710059291
0,7,Dgv,95,LSTransferTreeBoost,0.05,1,2,0.05,0.5,8.285587867658595,5.728207091897136,8.164930253142987,5.778133741509448
0,5,Dgv,95,LSTransferTreeBoost,0.05,1,2,0.01,0.9,8.03237086889379,5.476209647408845,6.9365232182418275,5.063652864757546
0,2,Dgv,95,LSTransferTreeBoost,0.05,2,1,0.05,0.9,7.626804215365259,5.191152136788876,7.198163333129551,5.081796022668535
0,1,Dgv,95,LSTransferTreeBoost,0.1,2,1,0.05,0.9,8.010550730849063,5.767429490997532,6.9104165485945925,5.082642206378762
0,6,Dgv,95,LSTransferTreeBoost,0.05,2,1,0.01,0.9,7.003485400312191,4.937073579834453,7.660192150539736,5.23698742391415
0,1,Dgv,95,LSTransferTreeBoost,0.1,2,2,0.01,0.5,8.247774642352894,6.002547095406975,7.128388119622773,5.3297101937837725
0,4,Dgv,95,LSTransferTreeBoost,0.05,1,2,0.01,0.9,7.65851599638873,4.992495394022489,7.545631971776058,5.193369720829906
0,10,Dgv,95,LSTransferTreeBoost,0.05,2,2,0.01,0.9,6.985991114905553,4.8993014467579705,7.047545845295786,5.018104448755577
0,1,Dgv,95,LSTransferTreeBoost,0.1,2,2,0.01,0.9,8.186525964189801,5.874601361318258,7.149406644943373,5.298606007648036
0,2,Dgv,95,LSTransferTreeBoost,0.05,2,2,0.01,0.5,7.651879466688334,5.279018586738007,7.18967859286284,5.120262661451439
0,3,Dgv,95,LSTransferTreeBoost,0.05,2,1,0.05,0.5,7.587758185033408,5.381182822651008,7.153156708906906,5.327672342987699
0,7,Dgv,95,LSTransferTreeBoost,0.05,1,2,0.05,0.9,7.961552447028268,5.3588206675024725,7.680956057082867,5.3098914126223296
0,1,Dgv,95,LSTransferTreeBoost,0.1,2,2,0.05,0.5,8.406534452747813,6.083069888094727,7.218471080510264,5.412627659519018
0,5,Dgv,95,LSTransferTreeBoost,0.05,1,2,0.05,0.5,8.642522152250418,5.846767214753124,7.395898954525156,5.439099800758322
0,8,Dgv,95,LSTransferTreeBoost,0.05,1,2,0.05,0.5,7.577995063418573,5.468547316398156,7.793928894925022,5.275752823012581
0,6,Dgv,95,LSTransferTreeBoost,0.05,2,1,0.05,0.5,7.234576679153194,5.195626594488537,7.986482508020003,5.659733413862795
0,1,Dgv,95,LSTransferTreeBoost,0.1,2,2,0.05,0.9,8.33575190191596,6.04372334943467,7.165425013284846,5.381454105975611
0,9,Dgv,95,LSTransferTreeBoost,0.05,2,1,0.01,0.9,6.788233909061861,4.890040936160887,6.459998575700738,4.681389509339522
0,2,Dgv,95,LSTransferTreeBoost,0.05,2,2,0.01,0.9,8.010658426612592,5.597408207802488,7.622060516041558,5.589719151482655
0,4,Dgv,95,LSTransferTreeBoost,0.05,1,2,0.05,0.5,8.203078375467483,5.401801991375728,8.302204190206586,5.780648494573184
0,10,Dgv,95,LSTransferTreeBoost,0.05,2,2,0.05,0.5,7.171435905693573,4.99224797947384,7.298023768263146,5.1949814707116255
0,3,Dgv,95,LSTransferTreeBoost,0.05,2,1,0.05,0.9,7.54507080481905,5.286025872775503,7.093784385087959,5.199224506332049
0,8,Dgv,95,LSTransferTreeBoost,0.05,1,2,0.05,0.9,7.473364595622779,5.364723980407704,7.709975409809892,5.243745120799702
0,5,Dgv,95,LSTransferTreeBoost,0.05,1,2,0.05,0.9,8.475428153865797,5.71488570328715,7.225045237084938,5.276698348714962
0,10,Dgv,95,LSTransferTreeBoost,0.05,2,2,0.05,0.9,7.134928969586494,5.04991003441172,7.22140494554552,5.197370938404416
0,2,Dgv,95,LSTransferTreeBoost,0.05,2,2,0.05,0.5,7.826411455913552,5.346501140034287,7.515083416889545,5.319846261868913
0,6,Dgv,95,LSTransferTreeBoost,0.05,2,1,0.05,0.9,7.134049769824747,5.075123623412524,7.8505085426624035,5.5149621226781855
0,4,Dgv,95,LSTransferTreeBoost,0.05,1,2,0.05,0.9,7.880888128694862,5.111428347175637,7.847720985239996,5.38287490494524
0,10,Dgv,95,LSTransferTreeBoost,0.1,1,1,0.01,0.5,7.0839953020380895,5.026730377432631,7.2278008570119585,5.17200467411558
0,9,Dgv,95,LSTransferTreeBoost,0.05,2,1,0.05,0.5,7.017266439446814,5.107986381333871,6.81039064311085,4.932631071898865
0,2,Dgv,95,LSTransferTreeBoost,0.05,2,2,0.05,0.9,7.710184580885072,5.262394781133649,7.315358340353524,5.167604056811526
0,3,Dgv,95,LSTransferTreeBoost,0.05,2,2,0.01,0.5,7.834848827084875,5.638135804558758,7.4750016744059895,5.642278266508394
0,7,Dgv,95,LSTransferTreeBoost,0.05,2,1,0.01,0.5,7.635339706362904,5.20783336824734,7.394897811041738,5.098328588926645
0,3,Dgv,95,LSTransferTreeBoost,0.05,2,2,0.01,0.9,13.735268421340425,11.36200797561269,12.988822556683791,10.732663665456421
0,1,Dgv,190,LSTransferTreeBoost,0.05,1,1,0.01,0.5,7.411793257556915,4.9972418885423435,6.155680027259481,4.309068275409546
0,6,Dgv,95,LSTransferTreeBoost,0.05,2,2,0.01,0.5,7.45123445877501,5.407484875211197,8.162685470913852,5.906494204023316
0,10,Dgv,95,LSTransferTreeBoost,0.1,1,1,0.01,0.9,6.981698844722845,4.940382957938403,7.052971586513153,5.03335954409681
0,10,Dgv,95,LSTransferTreeBoost,0.1,1,1,0.05,0.5,7.232219137074062,5.132212071908894,7.446483208650768,5.344011285230326
0,2,Dgv,95,LSTransferTreeBoost,0.1,1,1,0.01,0.5,7.52430978879507,5.15166386201601,7.009072375125266,4.967150660215108
0,9,Dgv,95,LSTransferTreeBoost,0.05,2,1,0.05,0.9,6.958856069746822,5.032836046120942,6.693458354464627,4.833470280438775
0,6,Dgv,95,LSTransferTreeBoost,0.05,2,2,0.01,0.9,8.905524863924294,6.459657920797059,9.160411229197873,6.504754747653629
0,10,Dgv,95,LSTransferTreeBoost,0.1,1,1,0.05,0.9,7.102511192145601,5.025714801781629,7.303983737954884,5.201761549503805
0,3,Dgv,95,LSTransferTreeBoost,0.05,2,2,0.05,0.5,7.690707309836223,5.475877552190092,7.269132556816822,5.448366435524412
0,8,Dgv,95,LSTransferTreeBoost,0.05,2,1,0.01,0.5,7.1735346463927625,5.0231112055500615,7.4724299753706065,5.065732078056466
0,4,Dgv,95,LSTransferTreeBoost,0.05,2,1,0.01,0.5,7.674316032101525,4.863870671254239,7.607958484019983,5.145758831556735
0,2,Dgv,95,LSTransferTreeBoost,0.1,1,1,0.01,0.9,7.59267980912946,5.258176784478873,7.143121643103812,5.169383444968802
0,5,Dgv,95,LSTransferTreeBoost,0.05,2,1,0.01,0.5,7.9481879229434265,5.248786339222316,6.66227723691289,4.7339305889316305
0,10,Dgv,95,LSTransferTreeBoost,0.1,1,2,0.01,0.5,7.098478547417494,5.035661172246431,7.197896950860705,5.196617711837337
0,7,Dgv,95,LSTransferTreeBoost,0.05,2,1,0.01,0.9,7.453741784889582,5.063557239683485,7.225695033682341,4.895395386150983
0,6,Dgv,95,LSTransferTreeBoost,0.05,2,2,0.05,0.5,7.3978691291539995,5.339501307915414,8.12184519437232,5.84040004659105
0,2,Dgv,95,LSTransferTreeBoost,0.1,1,1,0.05,0.5,7.761801969111791,5.15623566556597,7.495667264081486,5.26554058216459
0,3,Dgv,95,LSTransferTreeBoost,0.05,2,2,0.05,0.9,7.740105803023197,5.500315395103191,7.344650000947158,5.480180250414385
0,9,Dgv,95,LSTransferTreeBoost,0.05,2,2,0.01,0.5,6.893612841414435,4.977418323097493,6.4974155303175225,4.7184817268446855
0,2,Dgv,95,LSTransferTreeBoost,0.1,1,1,0.05,0.9,7.573318338607049,5.039304649945108,7.200030567368233,5.002484929376049
0,6,Dgv,95,LSTransferTreeBoost,0.05,2,2,0.05,0.9,7.389735794330633,5.380530526594983,8.118135022564655,5.900757914848675
0,7,Dgv,95,LSTransferTreeBoost,0.05,2,1,0.05,0.5,8.81273760598907,5.954399465517119,8.615772581930011,5.9752774454800734
0,10,Dgv,95,LSTransferTreeBoost,0.1,1,2,0.01,0.9,6.961452900343386,4.944401176110807,7.077237360579886,5.06040419713016
0,2,Dgv,95,LSTransferTreeBoost,0.1,1,2,0.01,0.5,7.594262663854322,5.216662735426609,7.1690886184857785,5.095254201505463
0,1,Dgv,190,LSTransferTreeBoost,0.05,1,1,0.01,0.9,7.328181961361855,4.9606103787079014,6.161188451576642,4.306665162194294
0,4,Dgv,95,LSTransferTreeBoost,0.05,2,1,0.01,0.9,7.5922149240156855,4.856390328681666,7.5166527675941275,5.10476087185271
0,2,Dgv,95,LSTransferTreeBoost,0.1,1,2,0.01,0.9,10.159406861957862,7.611134513106731,10.421995918232499,8.231255728689812
0,10,Dgv,95,LSTransferTreeBoost,0.1,1,2,0.05,0.5,7.1951421714772135,5.078963798035721,7.334890334824268,5.289201996768633
0,3,Dgv,95,LSTransferTreeBoost,0.1,1,1,0.01,0.5,7.624799490361397,5.522789715218482,7.136768766145131,5.431727290383422
0,3,Dgv,95,LSTransferTreeBoost,0.1,1,1,0.01,0.9,12.838155974054974,10.54836475707017,12.495898644922244,10.378417199427227
0,6,Dgv,95,LSTransferTreeBoost,0.1,1,1,0.01,0.5,7.195651235536404,5.147430388187749,7.9142502936029935,5.644167065204829
0,8,Dgv,95,LSTransferTreeBoost,0.05,2,1,0.01,0.9,7.159949126367094,4.999585338168023,7.4518768657716485,5.083291716906248
0,10,Dgv,95,LSTransferTreeBoost,0.1,1,2,0.05,0.9,7.110457042140754,5.016101674797492,7.234378319555041,5.200112852791982
0,2,Dgv,95,LSTransferTreeBoost,0.1,1,2,0.05,0.5,7.80538345277872,5.265583788380387,7.520958069727462,5.288591469738568
0,7,Dgv,95,LSTransferTreeBoost,0.05,2,1,0.05,0.9,8.109501408539247,5.381358211346491,7.897089013653051,5.3439749876355584
0,5,Dgv,95,LSTransferTreeBoost,0.05,2,1,0.01,0.9,7.896291559940772,5.2039992812892715,6.558741839578931,4.652635759251053
0,2,Dgv,95,LSTransferTreeBoost,0.1,1,2,0.05,0.9,7.660400698459691,5.210540420646878,7.290579790598699,5.159383460201178
0,10,Dgv,95,LSTransferTreeBoost,0.1,2,1,0.01,0.5,7.008874065068876,4.961661795650216,7.186842165087758,5.106235995419199
0,9,Dgv,95,LSTransferTreeBoost,0.05,2,2,0.01,0.9,7.108434201295433,5.114635360478472,6.71512195904009,4.8906992232460444
0,6,Dgv,95,LSTransferTreeBoost,0.1,1,1,0.01,0.9,7.044258229125081,4.972777733215925,7.66316221512503,5.317777322361764
0,3,Dgv,95,LSTransferTreeBoost,0.1,1,1,0.05,0.5,7.685220753657748,5.585057568424028,7.187660778249264,5.501476591358543
0,2,Dgv,95,LSTransferTreeBoost,0.1,2,1,0.01,0.5,7.503282425614484,5.089606505741125,7.023038723569434,4.9440420924943576
0,10,Dgv,95,LSTransferTreeBoost,0.1,2,1,0.01,0.9,6.963339084736836,4.927531168637116,7.0113194278995365,4.999058643379979
0,5,Dgv,95,LSTransferTreeBoost,0.05,2,1,0.05,0.5,8.609101900440756,5.71634020796138,7.222408896567494,5.1583739814585226
0,2,Dgv,95,LSTransferTreeBoost,0.1,2,1,0.01,0.9,7.798424548599021,5.387605187733344,7.572179325033584,5.574736021834677
0,6,Dgv,95,LSTransferTreeBoost,0.1,1,1,0.05,0.5,7.316570388330174,5.299956729517201,8.063784052440926,5.8180693306004025
0,10,Dgv,95,LSTransferTreeBoost,0.1,2,1,0.05,0.5,7.127225716529283,5.023930499778695,7.3115288428861165,5.206194656636518
0,1,Dgv,190,LSTransferTreeBoost,0.05,1,1,0.05,0.5,7.500581560590645,5.031227273775182,6.17944609810041,4.339085782054194
0,7,Dgv,95,LSTransferTreeBoost,0.05,2,2,0.01,0.5,7.7211417484319185,5.265924269928154,7.465761031861507,5.195987689715715
0,9,Dgv,95,LSTransferTreeBoost,0.05,2,2,0.05,0.5,7.044513715808435,5.113461082307999,6.736238348797977,4.941643818419543
0,2,Dgv,95,LSTransferTreeBoost,0.1,2,1,0.05,0.5,7.620404149798419,5.168346994345345,7.19008971611523,5.049293492088831
0,6,Dgv,95,LSTransferTreeBoost,0.1,1,1,0.05,0.9,7.257630881653584,5.2387699191418164,7.976934451356175,5.723464654398196
0,10,Dgv,95,LSTransferTreeBoost,0.1,2,1,0.05,0.9,7.038433300650966,4.937498178674712,7.1789923383264584,5.07542434159026
0,3,Dgv,95,LSTransferTreeBoost,0.1,1,1,0.05,0.9,7.842568382509262,5.667851998450349,7.402105769665456,5.6422211478345154
0,4,Dgv,95,LSTransferTreeBoost,0.05,2,1,0.05,0.5,7.858980006626264,5.120676854258384,7.8382964288441395,5.416564054938168
0,2,Dgv,95,LSTransferTreeBoost,0.1,2,1,0.05,0.9,7.507079813902654,5.071399080124354,6.993747193052985,4.898288979420011
0,6,Dgv,95,LSTransferTreeBoost,0.1,1,2,0.01,0.5,7.4292073164961945,5.379712595690853,8.192637141943479,5.937352821323569
0,3,Dgv,95,LSTransferTreeBoost,0.1,1,2,0.01,0.5,7.859242532555901,5.6503325389535135,7.417870346791262,5.658719275453303
0,8,Dgv,95,LSTransferTreeBoost,0.05,2,1,0.05,0.5,7.555156459107723,5.2173767793330565,7.828105709743404,5.162968852581764
0,10,Dgv,95,LSTransferTreeBoost,0.1,2,2,0.01,0.5,7.021869042567878,4.936541975944699,7.079004685320329,5.06866106097565
0,6,Dgv,95,LSTransferTreeBoost,0.1,1,2,0.01,0.9,10.34702695998115,8.010775129312458,10.75272314570134,8.128814522267016
0,3,Dgv,95,LSTransferTreeBoost,0.1,1,2,0.01,0.9,16.316928541014985,13.790369713461049,15.571334851250567,13.122682414254397
0,9,Dgv,95,LSTransferTreeBoost,0.05,2,2,0.05,0.9,7.035439679643954,5.086030671941531,6.687220480185175,4.885566904257224
0,2,Dgv,95,LSTransferTreeBoost,0.1,2,2,0.01,0.5,7.610480750108944,5.207999755238808,7.1578325299765115,5.046184268605334
0,5,Dgv,95,LSTransferTreeBoost,0.05,2,1,0.05,0.9,8.126361985160964,5.355487214901595,6.755106661635592,4.813107679455799
0,6,Dgv,95,LSTransferTreeBoost,0.1,1,2,0.05,0.5,7.50779771369195,5.470492298896195,8.252977383975074,6.010061916752077
0,10,Dgv,95,LSTransferTreeBoost,0.1,2,2,0.01,0.9,7.036235353009794,4.969396588415058,7.171371308264085,5.11231223341143
0,3,Dgv,95,LSTransferTreeBoost,0.1,1,2,0.05,0.5,7.920811937544551,5.720483530061151,7.533176090608626,5.778483619283093
0,7,Dgv,95,LSTransferTreeBoost,0.05,2,2,0.01,0.9,7.703719287836893,5.3704036395262795,7.513718057187817,5.215865399889225
0,2,Dgv,95,LSTransferTreeBoost,0.1,2,2,0.01,0.9,8.142340301853205,5.639062421504809,7.756085610323253,5.635099176475774
0,9,Dgv,95,LSTransferTreeBoost,0.1,1,1,0.01,0.5,6.844854839403888,4.927511319184198,6.494718335312248,4.72082949329834
0,10,Dgv,95,LSTransferTreeBoost,0.1,2,2,0.05,0.5,7.099165826246925,4.954759262760359,7.198746297805882,5.140145770233813
0,1,Dgv,190,LSTransferTreeBoost,0.05,1,1,0.05,0.9,7.445027277106363,5.010865805851255,6.165911788437608,4.325754193073516
0,6,Dgv,95,LSTransferTreeBoost,0.1,1,2,0.05,0.9,7.50918415242023,5.458106360782405,8.267328126186843,6.049841451182809
0,3,Dgv,95,LSTransferTreeBoost,0.1,1,2,0.05,0.9,8.134762089166353,5.761466527029504,7.73132226467108,5.7680970685016275
0,2,Dgv,95,LSTransferTreeBoost,0.1,2,2,0.05,0.5,7.730087798740758,5.249135888435475,7.372886599626852,5.168439596925972
0,10,Dgv,95,LSTransferTreeBoost,0.1,2,2,0.05,0.9,7.09358066949722,5.022263944697405,7.167917107245899,5.15997041222989
0,2,Dgv,95,LSTransferTreeBoost,0.1,2,2,0.05,0.9,7.598134001608113,5.147248604282221,7.160340484976352,5.023099844739095
0,3,Dgv,95,LSTransferTreeBoost,0.1,2,1,0.01,0.5,7.525881886496632,5.315996305058352,7.052067954445182,5.213130969550006
0,4,Dgv,95,LSTransferTreeBoost,0.05,2,1,0.05,0.9,7.746400848196931,4.965765480049346,7.714010955462537,5.253762921418333
0,5,Dgv,95,LSTransferTreeBoost,0.05,2,2,0.01,0.5,8.045534537524142,5.343725528552518,6.789424208371933,4.869930082940182
0,9,Dgv,95,LSTransferTreeBoost,0.1,1,1,0.01,0.9,6.791605929499074,4.912752699810649,6.359737135648243,4.632052505201441
0,3,Dgv,95,LSTransferTreeBoost,0.1,2,1,0.01,0.9,14.986678442597716,12.890712369001527,14.277371739034882,12.25706551918843
0,6,Dgv,95,LSTransferTreeBoost,0.1,2,1,0.01,0.5,7.068013668350453,4.987334354033029,7.749299010856078,5.362406299175966
0,1,Dgv,190,LSTransferTreeBoost,0.05,1,2,0.01,0.5,7.5217917849273395,5.043106835419408,6.1431445869881545,4.374051576013073
0,9,Dgv,95,LSTransferTreeBoost,0.1,1,1,0.05,0.5,7.043354127292779,5.089303960405249,6.784738354025869,4.922713888249923
0,7,Dgv,95,LSTransferTreeBoost,0.05,2,2,0.05,0.5,7.742908003525922,5.313978700284418,7.595900299358941,5.377909284005107
0,3,Dgv,95,LSTransferTreeBoost,0.1,2,1,0.05,0.5,7.471785591169209,5.304753517447616,7.012292489871524,5.218691335359163
0,4,Dgv,95,LSTransferTreeBoost,0.05,2,2,0.01,0.5,7.720647174234103,4.934171478894105,7.697261295760194,5.284811553513754
0,6,Dgv,95,LSTransferTreeBoost,0.1,2,1,0.01,0.9,6.960593512878855,4.890312056233921,7.58907039988071,5.125243313885024
0,3,Dgv,95,LSTransferTreeBoost,0.1,2,1,0.05,0.9,11.31493924218466,9.085577689935237,10.735648440505626,8.588579934010452
0,2,Dgv,190,LSTransferTreeBoost,0.05,1,1,0.01,0.5,7.297074435410809,4.865446980532853,6.650041230366592,4.63190341787098
0,8,Dgv,95,LSTransferTreeBoost,0.05,2,1,0.05,0.9,7.312192502055128,5.113732087124975,7.585502454386403,5.077164098970695
0,9,Dgv,95,LSTransferTreeBoost,0.1,1,1,0.05,0.9,6.967621555841624,5.010000691392707,6.635774610984117,4.8120217638091765
0,3,Dgv,95,LSTransferTreeBoost,0.1,2,2,0.01,0.5,7.872516062787111,5.651446939693342,7.518695118303574,5.653726165073132
0,3,Dgv,95,LSTransferTreeBoost,0.1,2,2,0.01,0.9,15.964240347487529,13.562520067599204,15.078240801511043,12.785324990892619
0,6,Dgv,95,LSTransferTreeBoost,0.1,2,1,0.05,0.5,7.15236737332982,5.07970417343131,7.872238492272614,5.5224908992246196
0,9,Dgv,95,LSTransferTreeBoost,0.1,1,2,0.01,0.5,6.845213661873154,4.932654042852032,6.425184900774935,4.675608502730401
0,10,Dgv,190,LSTransferTreeBoost,0.05,1,1,0.01,0.5,6.837242657291007,4.7357071598155915,7.0810274174590635,4.933526862885779
0,7,Dgv,95,LSTransferTreeBoost,0.05,2,2,0.05,0.9,7.755662185981068,5.32400627674711,7.493417564582487,5.262320667057777
0,5,Dgv,95,LSTransferTreeBoost,0.05,2,2,0.01,0.9,7.955470891561615,5.26322790359649,6.735190643341817,4.7851271954978305
0,3,Dgv,95,LSTransferTreeBoost,0.1,2,2,0.05,0.5,7.662705980771422,5.452598006939669,7.260247910090964,5.450319228430441
0,3,Dgv,95,LSTransferTreeBoost,0.1,2,2,0.05,0.9,11.64991049723858,9.423015049349024,11.006722063727489,8.877558273790195
0,6,Dgv,95,LSTransferTreeBoost,0.1,2,1,0.05,0.9,7.071794383110826,5.013914359548408,7.742927437138972,5.36299941251641
0,8,Dgv,95,LSTransferTreeBoost,0.05,2,2,0.01,0.5,7.292461454779638,5.212571655579848,7.558050672531736,5.203179955691867
0,2,Dgv,190,LSTransferTreeBoost,0.05,1,1,0.01,0.9,7.194457496402028,4.802230117474432,6.598904004977168,4.583601185989862
0,6,Dgv,95,LSTransferTreeBoost,0.1,2,2,0.01,0.5,7.505736698650108,5.433818553195346,8.219371816611712,5.921092418500496
0,1,Dgv,190,LSTransferTreeBoost,0.05,1,2,0.01,0.9,7.519989650477557,5.01365699890011,6.14229804058303,4.358751213649984
0,4,Dgv,95,LSTransferTreeBoost,0.05,2,2,0.01,0.9,7.639185713581362,4.916096236888901,7.547797994600394,5.161155603607333
0,9,Dgv,95,LSTransferTreeBoost,0.1,1,2,0.01,0.9,6.8248738465982,4.925808561716264,6.3847191993739,4.626200886826264
0,6,Dgv,95,LSTransferTreeBoost,0.1,2,2,0.01,0.9,9.629831303397971,7.420128327033295,9.877018344143197,7.345999825050657
0,5,Dgv,95,LSTransferTreeBoost,0.05,2,2,0.05,0.5,8.401434625421276,5.5971790693901005,7.0984861102004775,5.138767501231908
0,7,Dgv,95,LSTransferTreeBoost,0.1,1,1,0.01,0.5,7.598211573553278,5.282255999042971,7.371319032539463,5.184094131439987
0,6,Dgv,95,LSTransferTreeBoost,0.1,2,2,0.05,0.5,7.420626851108446,5.379414935813585,8.133815263244205,5.894529778268965
0,9,Dgv,95,LSTransferTreeBoost,0.1,1,2,0.05,0.5,7.057886218020503,5.092408184484487,6.709308834882268,4.9157890296503854
0,1,Dgv,190,LSTransferTreeBoost,0.05,1,2,0.05,0.5,7.556599898727702,5.126511229821115,6.171414562962326,4.418442241042634
0,2,Dgv,190,LSTransferTreeBoost,0.05,1,1,0.05,0.5,7.357350626304645,4.8917068480923245,6.70632675823132,4.650091923356646
0,4,Dgv,95,LSTransferTreeBoost,0.05,2,2,0.05,0.5,8.183596999409216,5.337209509617892,8.310419544676309,5.801113485515695
0,6,Dgv,95,LSTransferTreeBoost,0.1,2,2,0.05,0.9,7.4653590816267625,5.40819983492539,8.145612104355596,5.903435851594475
0,8,Dgv,95,LSTransferTreeBoost,0.05,2,2,0.01,0.9,7.397836016346598,5.2965073568951455,7.641431983840231,5.350522886351138
0,5,Dgv,95,LSTransferTreeBoost,0.05,2,2,0.05,0.9,8.174509249521828,5.439338713229349,6.879162351801597,4.978687243553402
0,9,Dgv,95,LSTransferTreeBoost,0.1,1,2,0.05,0.9,6.944290332249756,4.997684171445358,6.5571412235109054,4.784638695417758
0,7,Dgv,95,LSTransferTreeBoost,0.1,1,1,0.01,0.9,7.516314866298287,5.135500237090117,7.331699120788556,5.021744607601967
0,10,Dgv,190,LSTransferTreeBoost,0.05,1,1,0.01,0.9,6.845858557352105,4.750282492801694,7.0786395352238864,4.947447678145847
0,1,Dgv,190,LSTransferTreeBoost,0.05,1,2,0.05,0.9,7.545391170489246,5.08846707948743,6.1666766097713435,4.391694254843025
0,7,Dgv,95,LSTransferTreeBoost,0.1,1,1,0.05,0.5,8.063657910444576,5.4360503882101785,7.812744428094228,5.353629549985932
0,9,Dgv,95,LSTransferTreeBoost,0.1,2,1,0.01,0.5,6.800914920521956,4.858430190549703,6.494417934680342,4.665644978847995
0,2,Dgv,190,LSTransferTreeBoost,0.05,1,1,0.05,0.9,7.308068018044851,4.864071885211495,6.671506144159695,4.6342299983686654
0,3,Dgv,190,LSTransferTreeBoost,0.05,1,1,0.01,0.5,6.821711059819488,4.854998600953898,6.291524794483831,4.715304061895168
0,3,Dgv,190,LSTransferTreeBoost,0.05,1,1,0.01,0.9,15.249607763809367,12.846756029390587,14.693513311081688,12.384467987617471
0,5,Dgv,95,LSTransferTreeBoost,0.1,1,1,0.01,0.5,7.961148077896009,5.413268990666339,6.777527754794083,4.927069017291674
0,4,Dgv,95,LSTransferTreeBoost,0.05,2,2,0.05,0.9,7.694536484842561,4.934362156090091,7.713689817715971,5.261468639068176
0,7,Dgv,95,LSTransferTreeBoost,0.1,1,1,0.05,0.9,7.702127807085503,5.201968710478506,7.476680491516752,5.17233934332127
0,2,Dgv,190,LSTransferTreeBoost,0.05,1,2,0.01,0.5,7.284441660925819,4.877707156938667,6.6033954827550625,4.579028475615652
0,9,Dgv,95,LSTransferTreeBoost,0.1,2,1,0.01,0.9,6.814066004836339,4.917021666034885,6.456831917530447,4.651003911648145
0,8,Dgv,95,LSTransferTreeBoost,0.05,2,2,0.05,0.5,7.451658220660963,5.4087455586047755,7.691631231592752,5.330255200772056
0,7,Dgv,95,LSTransferTreeBoost,0.1,1,2,0.01,0.5,7.6654990901075335,5.2819527740760615,7.429960139856036,5.251849676223585
0,9,Dgv,95,LSTransferTreeBoost,0.1,2,1,0.05,0.5,6.922646713033255,4.987252499398375,6.6749436518190945,4.824108247283126
0,1,Dgv,190,LSTransferTreeBoost,0.05,2,1,0.01,0.5,7.317488411607924,4.903313097648227,6.158917071965023,4.289552764048083
0,5,Dgv,95,LSTransferTreeBoost,0.1,1,1,0.01,0.9,7.948963502083417,5.389364598380187,6.726965082881229,4.8193438057556115
0,10,Dgv,190,LSTransferTreeBoost,0.05,1,1,0.05,0.5,6.851615914918203,4.727532151374075,7.102111938273465,4.9060676133798875
0,6,Dgv,190,LSTransferTreeBoost,0.05,1,1,0.01,0.5,7.053016209642831,4.8526002849827,7.671035011943764,5.152144883750171
0,4,Dgv,95,LSTransferTreeBoost,0.1,1,1,0.01,0.5,7.643975845477101,4.981202308417132,7.562643095646663,5.203970566099529
0,2,Dgv,190,LSTransferTreeBoost,0.05,1,2,0.01,0.9,7.2269384809140815,4.797507783265681,6.571201310907535,4.542463283305743
0,9,Dgv,95,LSTransferTreeBoost,0.1,2,1,0.05,0.9,6.839850826366007,4.905627666920369,6.547742113477366,4.719915215602652
0,7,Dgv,95,LSTransferTreeBoost,0.1,1,2,0.01,0.9,7.608634248073099,5.241141356927572,7.346346295966731,5.138279947080376
0,5,Dgv,95,LSTransferTreeBoost,0.1,1,1,0.05,0.5,8.297695050964967,5.5049596756888795,6.933509102320828,4.967907585505707
0,3,Dgv,190,LSTransferTreeBoost,0.05,1,1,0.05,0.5,6.951780657474816,5.046327108631372,6.409989343313845,4.860413720790709
0,3,Dgv,190,LSTransferTreeBoost,0.05,1,1,0.05,0.9,13.643189482493048,11.242620583861601,13.131213721422869,10.821927664284535
0,8,Dgv,95,LSTransferTreeBoost,0.05,2,2,0.05,0.9,7.360582218024825,5.304793307970495,7.636490789430357,5.264357141080018
0,2,Dgv,190,LSTransferTreeBoost,0.05,1,2,0.05,0.5,7.3307473322641385,4.912839342847454,6.663459322169289,4.6263491300249
0,4,Dgv,95,LSTransferTreeBoost,0.1,1,1,0.01,0.9,7.619693779389607,4.953064739725293,7.536562738786144,5.144074272742358
0,9,Dgv,95,LSTransferTreeBoost,0.1,2,2,0.01,0.5,6.866856167792657,4.945387777263499,6.460062336220737,4.648763798680102
0,7,Dgv,95,LSTransferTreeBoost,0.1,1,2,0.05,0.5,7.854433388981901,5.296626750222054,7.603966304819812,5.324687338162223
0,4,Dgv,95,LSTransferTreeBoost,0.1,1,1,0.05,0.5,7.88934743794701,5.119088315699291,7.809772536924446,5.356230319283269
0,5,Dgv,95,LSTransferTreeBoost,0.1,1,1,0.05,0.9,8.123524887928149,5.430986851741598,6.832340291413882,4.907461031178581
0,2,Dgv,190,LSTransferTreeBoost,0.05,1,2,0.05,0.9,7.290842518578029,4.874936449002569,6.579573632039789,4.55805885371558
0,1,Dgv,190,LSTransferTreeBoost,0.05,2,1,0.01,0.9,7.2307471699244505,4.843339340968344,6.143546690323757,4.2658256697924815
0,7,Dgv,95,LSTransferTreeBoost,0.1,1,2,0.05,0.9,7.795689241082207,5.28357974474151,7.500002860819979,5.221648052859719
0,8,Dgv,95,LSTransferTreeBoost,0.1,1,1,0.01,0.5,7.244713293632399,5.204877206621451,7.5435774433916345,5.21172313584082
0,9,Dgv,95,LSTransferTreeBoost,0.1,2,2,0.01,0.9,7.132688877472866,5.130989628590714,6.817315567622189,4.933645748687392
0,3,Dgv,190,LSTransferTreeBoost,0.05,1,2,0.01,0.5,7.062910357216462,5.1074327648665045,6.418492942317414,4.824612926346082
0,3,Dgv,190,LSTransferTreeBoost,0.05,1,2,0.01,0.9,15.559653904143723,13.209969639862907,14.978429073518907,12.707555833025346
0,4,Dgv,95,LSTransferTreeBoost,0.1,1,1,0.05,0.9,7.794724420458875,5.035944905949809,7.707807267828586,5.242998245061547
0,9,Dgv,95,LSTransferTreeBoost,0.1,2,2,0.05,0.5,6.943646453122567,5.020639550615631,6.599211285846266,4.814767033197734
0,6,Dgv,190,LSTransferTreeBoost,0.05,1,1,0.01,0.9,6.958785251563121,4.73611723311357,7.562277169631372,5.0150344870314
0,10,Dgv,190,LSTransferTreeBoost,0.05,1,1,0.05,0.9,6.848508428663144,4.718814083605068,7.087236829548042,4.897485712619468
0,5,Dgv,95,LSTransferTreeBoost,0.1,1,2,0.01,0.5,8.084411549764289,5.501102999652237,6.971734364044888,5.086840730293384
0,7,Dgv,95,LSTransferTreeBoost,0.1,2,1,0.01,0.5,7.63966806937607,5.269860161461802,7.389618988556919,5.128371865556183
0,9,Dgv,95,LSTransferTreeBoost,0.1,2,2,0.05,0.9,7.055414011985718,5.0539634670594085,6.642234190077757,4.828795921259332
0,4,Dgv,95,LSTransferTreeBoost,0.1,1,2,0.01,0.5,7.691761803648907,5.031113406347921,7.61162769684364,5.242847976978226
0,8,Dgv,95,LSTransferTreeBoost,0.1,1,1,0.01,0.9,7.164778696336805,5.062058201297843,7.466608258979694,5.134433176173233
0,7,Dgv,95,LSTransferTreeBoost,0.1,2,1,0.01,0.9,7.387720102564861,5.004536905351269,7.156192356257352,4.806286851354832
0,3,Dgv,190,LSTransferTreeBoost,0.05,1,2,0.05,0.5,7.108702605009329,5.1041810706152715,6.4556033944203755,4.832766757716633
0,3,Dgv,190,LSTransferTreeBoost,0.05,1,2,0.05,0.9,13.763943003443144,11.408135090072008,13.20308817795255,10.950583149437358
0,5,Dgv,95,LSTransferTreeBoost,0.1,1,2,0.01,0.9,8.007633289217901,5.444733912010716,6.869122640431708,4.982055872869066
0,10,Dgv,190,LSTransferTreeBoost,0.05,1,2,0.01,0.5,6.872874747935143,4.779900267001202,6.9709919448193896,4.838292065480214
0,4,Dgv,95,LSTransferTreeBoost,0.1,1,2,0.01,0.9,7.66024783660042,4.970112830156054,7.52844844132002,5.192149543032833
0,2,Dgv,190,LSTransferTreeBoost,0.05,2,1,0.01,0.5,7.214418161960672,4.7204418753906,6.568025054653,4.454170574152284
0,8,Dgv,95,LSTransferTreeBoost,0.1,1,1,0.05,0.5,7.3991435956813705,5.262670287816782,7.647682087288612,5.201085229662959
0,1,Dgv,190,LSTransferTreeBoost,0.05,2,1,0.05,0.5,7.486090650291431,4.994633200794451,6.201740034474137,4.3282005466300095
0,5,Dgv,95,LSTransferTreeBoost,0.1,1,2,0.05,0.5,8.38631744317366,5.661785135786762,7.15211773878429,5.246439826156213
0,4,Dgv,95,LSTransferTreeBoost,0.1,1,2,0.05,0.5,7.84768744800882,5.099862856919259,7.8233732287635664,5.374108462207516
0,5,Dgv,95,LSTransferTreeBoost,0.1,1,2,0.05,0.9,8.249030505277291,5.605838861790016,7.083558532285405,5.194544690521926
0,8,Dgv,95,LSTransferTreeBoost,0.1,1,1,0.05,0.9,7.323127686784165,5.268577540747934,7.6174081463023136,5.2547984754031525
0,7,Dgv,95,LSTransferTreeBoost,0.1,2,1,0.05,0.5,7.673988739407747,5.216213368801672,7.43177015323609,5.149749987497921
0,9,Dgv,190,LSTransferTreeBoost,0.05,1,1,0.01,0.5,6.5971196207237925,4.818575227020847,6.295577240174108,4.617492565291171
0,4,Dgv,95,LSTransferTreeBoost,0.1,1,2,0.05,0.9,7.764773558954807,5.030451754842145,7.689167719212993,5.267027921114795
0,8,Dgv,95,LSTransferTreeBoost,0.1,1,2,0.01,0.5,7.323591036480778,5.279282508720895,7.597154340405223,5.258105957140123
0,10,Dgv,190,LSTransferTreeBoost,0.05,1,2,0.01,0.9,6.8941017347753,4.763102952231357,6.953314764144812,4.829407679082971
0,4,Dgv,95,LSTransferTreeBoost,0.1,2,1,0.01,0.5,7.63764753358326,4.8841961486100836,7.555784000124695,5.12730151686593
0,3,Dgv,190,LSTransferTreeBoost,0.05,2,1,0.01,0.5,6.924047505033578,4.978398850961898,6.36520509953887,4.770874657705048
0,3,Dgv,190,LSTransferTreeBoost,0.05,2,1,0.01,0.9,14.504772653103178,12.140702746830852,13.795503359263497,11.524003586423278
0,5,Dgv,95,LSTransferTreeBoost,0.1,2,1,0.01,0.5,7.912015371513514,5.20087314549545,6.663455714950492,4.705486990067589
0,7,Dgv,95,LSTransferTreeBoost,0.1,2,1,0.05,0.9,7.641382706267021,5.190630927091798,7.40445315958408,5.1350494697034526
0,2,Dgv,190,LSTransferTreeBoost,0.05,2,1,0.01,0.9,7.098182128031619,4.652858560089728,6.4812511718182835,4.42377806442079
0,1,Dgv,190,LSTransferTreeBoost,0.05,2,1,0.05,0.9,7.410552212145143,4.937580080286065,6.181617332087787,4.306588309809909
0,8,Dgv,95,LSTransferTreeBoost,0.1,1,2,0.01,0.9,7.444074043876693,5.420148518915578,7.742049098676394,5.453595310347664
0,4,Dgv,95,LSTransferTreeBoost,0.1,2,1,0.01,0.9,7.559827239399732,4.891417107284714,7.5247603186486725,5.161920020908024
0,6,Dgv,190,LSTransferTreeBoost,0.05,1,1,0.05,0.5,7.131696192409504,4.908159711656658,7.735900864724207,5.184752069383739
0,7,Dgv,95,LSTransferTreeBoost,0.1,2,2,0.01,0.5,7.731766118166615,5.412596641803501,7.558630911232946,5.324751559594705
0,8,Dgv,95,LSTransferTreeBoost,0.1,1,2,0.05,0.5,7.44334303230665,5.357978071959197,7.684328050037434,5.261487506783338
0,10,Dgv,190,LSTransferTreeBoost,0.05,1,2,0.05,0.5,6.874237670589625,4.765863996013954,6.971768681370055,4.8301506646299766
0,5,Dgv,95,LSTransferTreeBoost,0.1,2,1,0.01,0.9,7.89872836941759,5.183585151153177,6.55155813412911,4.631120002248652
0,9,Dgv,190,LSTransferTreeBoost,0.05,1,1,0.01,0.9,6.524429057706533,4.778977105145197,6.23257510118555,4.551030429460958
0,4,Dgv,95,LSTransferTreeBoost,0.1,2,1,0.05,0.5,7.723999538542474,4.935251959042944,7.693159570767233,5.239021051939305
0,5,Dgv,95,LSTransferTreeBoost,0.1,2,1,0.05,0.5,8.195328833717875,5.371197153615932,6.811237267132617,4.822772842124122
0,7,Dgv,95,LSTransferTreeBoost,0.1,2,2,0.01,0.9,7.6988638928716435,5.180441772698605,7.559524159430294,5.1706365235565
0,8,Dgv,95,LSTransferTreeBoost,0.1,1,2,0.05,0.9,7.396449217725827,5.33819101575071,7.653687882840283,5.2790663882355435
0,1,Dgv,190,LSTransferTreeBoost,0.05,2,2,0.01,0.5,7.479232901804676,5.046431563336478,6.151634043758403,4.394851762923414
0,10,Dgv,190,LSTransferTreeBoost,0.05,1,2,0.05,0.9,6.881243638777169,4.798124444721415,6.9817815873980775,4.855053875102899
0,5,Dgv,95,LSTransferTreeBoost,0.1,2,1,0.05,0.9,7.976084511790302,5.3151477345068265,6.646719565281794,4.7527043848608255
0,2,Dgv,190,LSTransferTreeBoost,0.05,2,1,0.05,0.5,7.338885836806645,4.789925232760688,6.7028644184182,4.558907384045666
0,7,Dgv,95,LSTransferTreeBoost,0.1,2,2,0.05,0.5,7.728475227531296,5.249179519920459,7.496980152508589,5.285840427875429
0,8,Dgv,95,LSTransferTreeBoost,0.1,2,1,0.01,0.5,7.139951772152734,4.983440221890334,7.442327518608554,5.048538848812661
0,7,Dgv,95,LSTransferTreeBoost,0.1,2,2,0.05,0.9,7.790257122257633,5.657588480891623,7.499362160454385,5.389893360920346
0,3,Dgv,190,LSTransferTreeBoost,0.05,2,1,0.05,0.5,6.936889853718,4.976677647185794,6.386391004018838,4.801360445304235
0,3,Dgv,190,LSTransferTreeBoost,0.05,2,1,0.05,0.9,13.071236750003242,10.710079106672016,12.421833614740615,10.147849514997171
0,9,Dgv,190,LSTransferTreeBoost,0.05,1,1,0.05,0.5,6.662626893045361,4.891044651895702,6.435840680270355,4.700205747550968
0,4,Dgv,95,LSTransferTreeBoost,0.1,2,1,0.05,0.9,7.582309254491622,4.843247390757441,7.548331476708261,5.1220480013767125
0,5,Dgv,95,LSTransferTreeBoost,0.1,2,2,0.01,0.5,7.972665851555949,5.275828390284915,6.770712050216594,4.822479775260344
0,4,Dgv,95,LSTransferTreeBoost,0.1,2,2,0.01,0.5,7.741164987177294,4.997577557910256,7.666208785269128,5.240344916942052
0,1,Dgv,190,LSTransferTreeBoost,0.05,2,2,0.01,0.9,7.444478066337159,5.008117047207954,6.161201970948343,4.380613522442641
0,8,Dgv,95,LSTransferTreeBoost,0.1,2,1,0.01,0.9,7.153662615216551,4.9877776412599,7.425188167968154,5.094971473675599
0,6,Dgv,190,LSTransferTreeBoost,0.05,1,1,0.05,0.9,7.139750914990443,4.923317723765923,7.736183854796091,5.1997661242988915
0,3,Dgv,190,LSTransferTreeBoost,0.05,2,2,0.01,0.5,7.099878148535933,5.08439669348882,6.4689691469998385,4.814829144245829
0,5,Dgv,95,LSTransferTreeBoost,0.1,2,2,0.01,0.9,7.940220646353665,5.213818809244103,6.786088168072355,4.828640859832114
0,4,Dgv,95,LSTransferTreeBoost,0.1,2,2,0.01,0.9,7.65371906322693,4.930652717564052,7.505870979943183,5.145013455240219
0,3,Dgv,190,LSTransferTreeBoost,0.05,2,2,0.01,0.9,15.03015258817198,12.691085356960286,14.368817747191079,12.118879768233601
0,9,Dgv,190,LSTransferTreeBoost,0.05,1,1,0.05,0.9,6.622795074040089,4.845470820798801,6.363350963740641,4.64940161953087
0,8,Dgv,95,LSTransferTreeBoost,0.1,2,1,0.05,0.5,7.277094753660845,5.098541536922003,7.553466501400535,5.074398147759794
0,2,Dgv,190,LSTransferTreeBoost,0.05,2,1,0.05,0.9,7.279851340140505,4.755559485544689,6.609348880367799,4.486151625701099
0,7,Dgv,190,LSTransferTreeBoost,0.05,1,1,0.01,0.5,7.590117089154111,5.1152104433414936,7.295363214128285,4.8411814431260884
0,1,Dgv,190,LSTransferTreeBoost,0.05,2,2,0.05,0.5,7.4905400310276065,5.0542352276505635,6.118548772187017,4.376332956469709
0,10,Dgv,190,LSTransferTreeBoost,0.05,2,1,0.01,0.5,6.804567472534105,4.675646980238497,7.04345862650594,4.8317150668569715
0,4,Dgv,95,LSTransferTreeBoost,0.1,2,2,0.05,0.5,7.755227790425489,4.9396489083032415,7.729971994214032,5.272155704557138
0,5,Dgv,95,LSTransferTreeBoost,0.1,2,2,0.05,0.5,8.148799282543235,5.442938681462384,6.9187884701783275,5.012482874261797
0,8,Dgv,95,LSTransferTreeBoost,0.1,2,1,0.05,0.9,7.1965481677477605,5.031510909300754,7.49762171097958,5.085741127176662
0,9,Dgv,190,LSTransferTreeBoost,0.05,1,2,0.01,0.5,6.577389841136713,4.777911947241744,6.384651238054515,4.602219057823691
0,6,Dgv,190,LSTransferTreeBoost,0.05,1,2,0.01,0.5,7.079777456649806,4.827471467631834,7.620693857995697,5.071486882492059
0,3,Dgv,190,LSTransferTreeBoost,0.05,2,2,0.05,0.5,7.09490969576488,5.078825692800437,6.504098505420759,4.876355583055664
0,1,Dgv,190,LSTransferTreeBoost,0.05,2,2,0.05,0.9,7.487165421558138,5.043738721488432,6.149401562134698,4.3591884574818875
0,3,Dgv,190,LSTransferTreeBoost,0.05,2,2,0.05,0.9,13.383852141668012,11.025008352561148,12.76333333820664,10.511244451513079
0,2,Dgv,190,LSTransferTreeBoost,0.05,2,2,0.01,0.5,7.262506595477456,4.805098048701123,6.6136825033842115,4.544873213033477
0,8,Dgv,95,LSTransferTreeBoost,0.1,2,2,0.01,0.5,7.266940240228934,5.190358264203101,7.559185799388038,5.209545376563185
0,5,Dgv,95,LSTransferTreeBoost,0.1,2,2,0.05,0.9,8.01167745375254,5.3022673061146195,6.832959485372937,4.879059554241259
0,4,Dgv,95,LSTransferTreeBoost,0.1,2,2,0.05,0.9,7.636602506115814,4.9675960912380335,7.596239514745969,5.201441913740357
0,7,Dgv,190,LSTransferTreeBoost,0.05,1,1,0.01,0.9,7.4852868273454956,5.027675053558407,7.237334963696089,4.785142200946565
0,8,Dgv,95,LSTransferTreeBoost,0.1,2,2,0.01,0.9,7.5215461761765035,5.337656112109807,7.724418621995594,5.391971906203197
0,3,Dgv,190,LSTransferTreeBoost,0.1,1,1,0.01,0.5,6.833074837650347,4.899469750873891,6.305546127348357,4.731949301545167
0,9,Dgv,190,LSTransferTreeBoost,0.05,1,2,0.01,0.9,6.564824921052749,4.763910760187883,6.349167708022108,4.583520124468214
0,3,Dgv,190,LSTransferTreeBoost,0.1,1,1,0.01,0.9,17.523790206017022,15.330782554231066,17.006181456699675,14.816520172465214
0,2,Dgv,190,LSTransferTreeBoost,0.05,2,2,0.01,0.9,7.24018138212266,4.789419917829576,6.583874252690968,4.551228920487148
0,1,Dgv,190,LSTransferTreeBoost,0.1,1,1,0.01,0.5,7.3763936850368275,4.942518822134038,6.107246405756569,4.2867507497578226
0,10,Dgv,190,LSTransferTreeBoost,0.05,2,1,0.01,0.9,6.798502827635482,4.664669995318715,7.007325782944061,4.837602526414286
0,8,Dgv,95,LSTransferTreeBoost,0.1,2,2,0.05,0.5,7.378935012300002,5.311928270201234,7.677816933770291,5.333273422827234
0,6,Dgv,190,LSTransferTreeBoost,0.05,1,2,0.01,0.9,7.103238332703293,4.838789028989549,7.616716924278384,5.0573618558388285
0,9,Dgv,190,LSTransferTreeBoost,0.05,1,2,0.05,0.5,6.590689521954316,4.800002459955139,6.427746192526204,4.646700213076821
0,3,Dgv,190,LSTransferTreeBoost,0.1,1,1,0.05,0.5,6.935947874562268,5.040834896912142,6.408832413744329,4.8651073230883295
0,8,Dgv,95,LSTransferTreeBoost,0.1,2,2,0.05,0.9,7.263640430197378,5.21831812836885,7.569221960512801,5.235763326123671
0,3,Dgv,190,LSTransferTreeBoost,0.1,1,1,0.05,0.9,14.610571625666093,12.239749336497255,14.141430683391205,11.86546886989456
0,2,Dgv,190,LSTransferTreeBoost,0.05,2,2,0.05,0.5,7.3290244374645335,4.849479692998901,6.595935483488702,4.521562455900934
0,1,Dgv,190,LSTransferTreeBoost,0.1,1,1,0.01,0.9,7.278275259716425,4.924953458542104,6.143410905555188,4.289238533028984
0,7,Dgv,190,LSTransferTreeBoost,0.05,1,1,0.05,0.5,7.676681868781639,5.2060503030392455,7.3602806615645795,4.886671819351546
0,3,Dgv,190,LSTransferTreeBoost,0.1,1,2,0.01,0.5,7.078438243563993,5.111926073132599,6.419742755068208,4.8253775665702054
0,3,Dgv,190,LSTransferTreeBoost,0.1,1,2,0.01,0.9,18.157833994523482,16.12479797691081,17.602866440316035,15.559442998489676
0,9,Dgv,190,LSTransferTreeBoost,0.05,1,2,0.05,0.9,6.600608916649104,4.760360291958965,6.41121561354435,4.593850956220721
0,6,Dgv,190,LSTransferTreeBoost,0.05,1,2,0.05,0.5,7.086696739030893,4.8729207869942375,7.659518955585746,5.140496939428499
0,2,Dgv,190,LSTransferTreeBoost,0.05,2,2,0.05,0.9,7.3065020000134355,4.803265934875794,6.639167837500428,4.542210645072002
0,3,Dgv,190,LSTransferTreeBoost,0.1,1,2,0.05,0.5,7.115896955970503,5.120367192781014,6.473424881767949,4.853157177058556
0,3,Dgv,190,LSTransferTreeBoost,0.1,1,2,0.05,0.9,14.877715712674474,12.661402246800902,14.327102075987831,12.175149595087015
0,1,Dgv,190,LSTransferTreeBoost,0.1,1,1,0.05,0.5,7.450709435760951,5.019527208905829,6.16434792812637,4.33788136716598
0,4,Dgv,190,LSTransferTreeBoost,0.05,1,1,0.01,0.5,7.490074923388702,4.80874657789489,7.35470950340845,4.995437787066455
0,2,Dgv,190,LSTransferTreeBoost,0.1,1,1,0.01,0.5,7.257218589781916,4.823813118825615,6.603060542729787,4.547933372701282
0,6,Dgv,190,LSTransferTreeBoost,0.05,1,2,0.05,0.9,7.123025848715948,4.886740202765873,7.671943583578208,5.135344387970115
0,1,Dgv,190,LSTransferTreeBoost,0.1,1,1,0.05,0.9,7.401892392237452,4.99325082407135,6.152413888301501,4.32301831897369
0,3,Dgv,190,LSTransferTreeBoost,0.1,2,1,0.01,0.5,6.9176017066999655,4.952649444649373,6.383786737364119,4.754600870730758
0,7,Dgv,190,LSTransferTreeBoost,0.05,1,1,0.05,0.9,7.642962749642309,5.1763456325149,7.341310595391034,4.870416037629741
0,3,Dgv,190,LSTransferTreeBoost,0.1,2,1,0.01,0.9,16.307507434933502,14.245078267104411,15.547209564451473,13.543124717761085
0,2,Dgv,190,LSTransferTreeBoost,0.1,1,1,0.01,0.9,7.1504872848750205,4.7687151584565335,6.561314368205737,4.559269370245085
0,9,Dgv,190,LSTransferTreeBoost,0.05,2,1,0.01,0.5,6.586661081409945,4.737142139697317,6.305717546385866,4.52625439196399
0,1,Dgv,190,LSTransferTreeBoost,0.1,1,2,0.01,0.5,7.506960690766547,5.004317222263731,6.0976320678972415,4.353206850796987
0,10,Dgv,190,LSTransferTreeBoost,0.05,2,1,0.05,0.5,6.828576601216079,4.652771102461101,7.094701011592476,4.849289983715642
0,7,Dgv,190,LSTransferTreeBoost,0.05,1,2,0.01,0.5,7.61570863804428,5.156124932782287,7.337610590214049,4.8807435502569
0,3,Dgv,190,LSTransferTreeBoost,0.1,2,1,0.05,0.5,6.936410567353492,4.985713113600896,6.373259706522284,4.778471782931161
0,3,Dgv,190,LSTransferTreeBoost,0.1,2,1,0.05,0.9,13.678134202169744,11.411309216827147,12.99201540919673,10.79810781210412
0,2,Dgv,190,LSTransferTreeBoost,0.1,1,1,0.05,0.5,7.3057111959392795,4.862308877973452,6.64002184619258,4.594808650140236
0,8,Dgv,190,LSTransferTreeBoost,0.05,1,1,0.01,0.5,7.137551039068594,4.98196151728666,7.756045743957424,5.382836914470203
0,2,Dgv,190,LSTransferTreeBoost,0.1,1,1,0.05,0.9,7.290531332494995,4.856095459965855,6.645392797007617,4.607020774986924
0,3,Dgv,190,LSTransferTreeBoost,0.1,2,2,0.01,0.5,7.141938973531813,5.121102390496424,6.4607457689502805,4.8061667066038325
0,3,Dgv,190,LSTransferTreeBoost,0.1,2,2,0.01,0.9,17.20239215710972,15.206015090314192,16.537436527027666,14.57645818375917
0,4,Dgv,190,LSTransferTreeBoost,0.05,1,1,0.01,0.9,7.46285080886245,4.7890214103052955,7.312222295515114,4.959405462228526
0,1,Dgv,190,LSTransferTreeBoost,0.1,1,2,0.01,0.9,7.474369654331149,4.945602568552774,6.094161956416639,4.3340882981962086
0,2,Dgv,190,LSTransferTreeBoost,0.1,1,2,0.01,0.5,7.239769691911723,4.84571410762137,6.5539697428461325,4.534189115860359
0,3,Dgv,190,LSTransferTreeBoost,0.1,2,2,0.05,0.5,7.114538656544458,5.108315067435713,6.537877519468469,4.87374900878269
0,3,Dgv,190,LSTransferTreeBoost,0.1,2,2,0.05,0.9,14.222110795888794,11.998948487667661,13.591192491209409,11.447740095717297
0,1,Dgv,190,LSTransferTreeBoost,0.1,1,2,0.05,0.5,7.534028695657722,5.086832778155902,6.153930602437158,4.384485276749508
0,6,Dgv,190,LSTransferTreeBoost,0.05,2,1,0.01,0.5,6.94154494921582,4.731991138674831,7.540427690742133,4.999113321143254
0,5,Dgv,190,LSTransferTreeBoost,0.05,1,1,0.01,0.5,7.661446286776464,5.118826618792689,6.600284297800229,4.675711648018721
0,1,Dgv,190,LSTransferTreeBoost,0.1,1,2,0.05,0.9,7.5592771283374525,5.081535201899408,6.16605106728217,4.370303008594008
0,7,Dgv,190,LSTransferTreeBoost,0.05,1,2,0.01,0.9,7.545116086760564,5.080631532163713,7.290046273531437,4.875579546404515
0,9,Dgv,190,LSTransferTreeBoost,0.05,2,1,0.01,0.9,6.547446628040558,4.7174470530447605,6.2417207046382055,4.497536969744196
0,2,Dgv,190,LSTransferTreeBoost,0.1,1,2,0.01,0.9,7.218272684453554,4.80746827835627,6.535769652409701,4.4922549401158145
0,2,Dgv,190,LSTransferTreeBoost,0.1,1,2,0.05,0.5,7.287511528274972,4.866839006958113,6.604479498703094,4.562879139306497
0,7,Dgv,190,LSTransferTreeBoost,0.05,1,2,0.05,0.5,7.564290879480095,5.09525039866357,7.32658592917008,4.881135143302938
0,1,Dgv,190,LSTransferTreeBoost,0.1,2,1,0.01,0.5,7.271904680268599,4.854000603890726,6.108019927879131,4.249521074711403
0,2,Dgv,190,LSTransferTreeBoost,0.1,1,2,0.05,0.9,7.294931282292124,4.883225515307136,6.58038819521517,4.556006443437741
0,10,Dgv,190,LSTransferTreeBoost,0.05,2,1,0.05,0.9,6.822809445641738,4.661351365519566,7.070420761292275,4.843174252170226
0,6,Dgv,190,LSTransferTreeBoost,0.05,2,1,0.01,0.9,6.872392103926421,4.669401534488631,7.466637121767853,4.882327792141049
0,4,Dgv,190,LSTransferTreeBoost,0.05,1,1,0.05,0.5,7.498655939018175,4.769910336513439,7.392641891520142,5.011772783953699
0,3,Dgv,285,LSTransferTreeBoost,0.05,1,1,0.01,0.5,6.887039554695269,4.9088268588885295,6.378237130022133,4.8593819485584175
0,7,Dgv,190,LSTransferTreeBoost,0.05,1,2,0.05,0.9,7.563422710223163,5.044832006483125,7.3257822371294115,4.860180857769593
0,1,Dgv,190,LSTransferTreeBoost,0.1,2,1,0.01,0.9,7.227816714749954,4.851566777037092,6.137774408072282,4.278605821928901
0,9,Dgv,190,LSTransferTreeBoost,0.05,2,1,0.05,0.5,6.659778024203173,4.89421971377267,6.439984070839366,4.696868465968519
0,2,Dgv,190,LSTransferTreeBoost,0.1,2,1,0.01,0.5,7.14738516420319,4.684234798697385,6.525544467136334,4.428133862073867
0,10,Dgv,190,LSTransferTreeBoost,0.05,2,2,0.01,0.5,6.836716519458392,4.705657776797294,6.938403156622614,4.776444739688771
0,8,Dgv,190,LSTransferTreeBoost,0.05,1,1,0.01,0.9,7.113020576412355,4.984108535726129,7.717665077786322,5.357758403555549
0,2,Dgv,190,LSTransferTreeBoost,0.1,2,1,0.01,0.9,7.063684902128466,4.635689598174282,6.497625231757625,4.454751240171446
0,1,Dgv,190,LSTransferTreeBoost,0.1,2,1,0.05,0.5,7.380975421127108,4.981264455278016,6.119042356103786,4.396981550649491
0,2,Dgv,190,LSTransferTreeBoost,0.1,2,1,0.05,0.5,7.285689791448208,4.7476510848004585,6.652867640102645,4.514876449168114
0,7,Dgv,190,LSTransferTreeBoost,0.05,2,1,0.01,0.5,7.582866615896031,5.081506357440464,7.272965847759917,4.787785733139987
0,1,Dgv,190,LSTransferTreeBoost,0.1,2,1,0.05,0.9,7.317504497357363,4.886649713677475,6.155676227560105,4.287233990460506
0,3,Dgv,285,LSTransferTreeBoost,0.05,1,1,0.01,0.9,6.839824270008321,4.932921011262572,6.3513174469978,4.829917054138905
0,9,Dgv,190,LSTransferTreeBoost,0.05,2,1,0.05,0.9,6.630211466451135,4.748898769395687,6.3630499190966985,4.547078249855997
0,4,Dgv,190,LSTransferTreeBoost,0.05,1,1,0.05,0.9,7.506503722232206,4.747362161923008,7.389435692714351,4.97633618647597
0,2,Dgv,190,LSTransferTreeBoost,0.1,2,1,0.05,0.9,7.2153002232178665,4.725731377475669,6.57031508931297,4.468167239195063
0,1,Dgv,190,LSTransferTreeBoost,0.1,2,2,0.01,0.5,7.48125681736431,5.007345483890313,6.169894391626191,4.399046013604673
0,10,Dgv,190,LSTransferTreeBoost,0.05,2,2,0.01,0.9,6.863425028299691,4.730692713654317,6.929837140931924,4.783938967930705
0,2,Dgv,190,LSTransferTreeBoost,0.1,2,2,0.01,0.5,7.235294086884975,4.783863868723905,6.5615049335637385,4.4955628016914355
0,6,Dgv,190,LSTransferTreeBoost,0.05,2,1,0.05,0.5,7.059028834801839,4.82102205241889,7.671509810684426,5.076298057463487
0,9,Dgv,190,LSTransferTreeBoost,0.05,2,2,0.01,0.5,6.577646176920586,4.75192262384216,6.399253361528462,4.5953464306939775
0,7,Dgv,190,LSTransferTreeBoost,0.05,2,1,0.01,0.9,7.47017821626912,4.967394193657003,7.153428776454757,4.664401995044041
0,3,Dgv,285,LSTransferTreeBoost,0.05,1,1,0.05,0.5,6.936572880480506,5.008790055645288,6.418758266275219,4.914801863058036
0,10,Dgv,190,LSTransferTreeBoost,0.05,2,2,0.05,0.5,6.887476139718958,4.736176761442193,7.023840921330216,4.833823230314757
0,1,Dgv,190,LSTransferTreeBoost,0.1,2,2,0.01,0.9,7.406423294285153,4.9155404005734304,6.120138286933878,4.360821433312099
0,2,Dgv,190,LSTransferTreeBoost,0.1,2,2,0.01,0.9,7.202437378433761,4.780901307791981,6.519166120025553,4.515565931368211
0,4,Dgv,190,LSTransferTreeBoost,0.05,1,2,0.01,0.5,7.437489595350045,4.766133246313512,7.339205627384948,4.945695610005249
0,2,Dgv,190,LSTransferTreeBoost,0.1,2,2,0.05,0.5,7.2906944341229245,4.829466258084516,6.588981118021858,4.542082102692852
0,1,Dgv,190,LSTransferTreeBoost,0.1,2,2,0.05,0.5,7.4638043057973436,5.003204153559545,6.098551080651259,4.359491147792682
0,8,Dgv,190,LSTransferTreeBoost,0.05,1,1,0.05,0.5,7.153233677368412,4.999493886927762,7.747517792266458,5.364705137115519
0,2,Dgv,190,LSTransferTreeBoost,0.1,2,2,0.05,0.9,7.24784325653759,4.808980055575161,6.540697365067686,4.512508786526391
0,9,Dgv,190,LSTransferTreeBoost,0.05,2,2,0.01,0.9,6.545178326951168,4.733933146689499,6.342139794152792,4.558655858268137
0,10,Dgv,190,LSTransferTreeBoost,0.05,2,2,0.05,0.9,6.863683353412942,4.717751854185051,6.986954129698432,4.78346751339816
0,1,Dgv,190,LSTransferTreeBoost,0.1,2,2,0.05,0.9,7.490722489019544,5.023729724681678,6.101404518677631,4.366921169469336
0,3,Dgv,285,LSTransferTreeBoost,0.05,1,1,0.05,0.9,6.921958808626044,5.004495500438638,6.414165868062647,4.923739983691641
0,6,Dgv,190,LSTransferTreeBoost,0.05,2,1,0.05,0.9,6.981843432844631,4.80284036365434,7.623433467566583,5.085406109078808
0,9,Dgv,190,LSTransferTreeBoost,0.05,2,2,0.05,0.5,6.595367100282845,4.758607470670423,6.434389059941942,4.6130214795907225
0,7,Dgv,190,LSTransferTreeBoost,0.05,2,1,0.05,0.5,7.667631205106442,5.191223259475258,7.327098942484124,4.878430850596022
0,3,Dgv,285,LSTransferTreeBoost,0.05,1,2,0.01,0.5,7.05342880493905,5.0900069811054784,6.4564519622686065,4.907021541239619
0,4,Dgv,190,LSTransferTreeBoost,0.05,1,2,0.01,0.9,7.457281660461293,4.768131969334065,7.363233291364736,4.955873211918191
0,10,Dgv,190,LSTransferTreeBoost,0.1,1,1,0.01,0.5,6.822471862150934,4.6997473882088,7.071074329548596,4.917765846796179
0,3,Dgv,285,LSTransferTreeBoost,0.05,1,2,0.01,0.9,14.69849561078472,12.377520519773691,14.155101901290694,11.932416344783011
0,9,Dgv,190,LSTransferTreeBoost,0.05,2,2,0.05,0.9,6.565751285009303,4.712882304265738,6.412480327414276,4.587357991871519
0,3,Dgv,285,LSTransferTreeBoost,0.05,1,2,0.05,0.5,7.051169871900978,5.075047712672611,6.439703031095032,4.882088990854205
0,3,Dgv,285,LSTransferTreeBoost,0.05,1,2,0.05,0.9,12.301502929685855,10.011124226744862,11.781125167504385,9.58137244231966
0,4,Dgv,190,LSTransferTreeBoost,0.05,1,2,0.05,0.5,7.445534170019028,4.793988954541018,7.371386779013204,5.007857647907969
0,2,Dgv,285,LSTransferTreeBoost,0.05,1,1,0.01,0.5,7.172081340267111,4.704715402758838,6.366708413353705,4.45642683919358
0,6,Dgv,190,LSTransferTreeBoost,0.05,2,2,0.01,0.5,7.101504047780306,4.840246691368681,7.596566738926764,5.037307533750752
0,10,Dgv,190,LSTransferTreeBoost,0.1,1,1,0.01,0.9,6.821301306220465,4.7047571936843875,7.058153827509026,4.911201266130502
0,9,Dgv,190,LSTransferTreeBoost,0.1,1,1,0.01,0.5,6.563132118218424,4.794276763787435,6.269436851717737,4.598021293174568
0,1,Dgv,285,LSTransferTreeBoost,0.05,1,1,0.01,0.5,7.472924364789034,5.080536855857573,6.322920797584437,4.412598235337062
0,5,Dgv,190,LSTransferTreeBoost,0.05,1,1,0.01,0.9,7.596262779690068,5.076576143693404,6.6003037726955975,4.663816745498057
0,7,Dgv,190,LSTransferTreeBoost,0.05,2,1,0.05,0.9,7.615529384064903,5.167960974176992,7.288850926657489,4.848244005392774
0,8,Dgv,190,LSTransferTreeBoost,0.05,1,1,0.05,0.9,7.138219258650527,4.971783458672062,7.74011777346516,5.350339262991726
0,4,Dgv,190,LSTransferTreeBoost,0.05,1,2,0.05,0.9,7.459761278917727,4.781334644592436,7.398107644258639,5.028900893801742
0,10,Dgv,190,LSTransferTreeBoost,0.1,1,1,0.05,0.5,6.82664932384423,4.705259683950294,7.078031865173743,4.88686269852723
0,9,Dgv,190,LSTransferTreeBoost,0.1,1,1,0.01,0.9,6.545081571142374,4.843709183580882,6.221509629805263,4.582941506040197
0,3,Dgv,285,LSTransferTreeBoost,0.05,2,1,0.01,0.5,6.8700734241516965,4.926391567532511,6.338381296014561,4.794472850942498
0,3,Dgv,285,LSTransferTreeBoost,0.05,2,1,0.01,0.9,13.312626272772219,10.94731816282526,12.583248182578998,10.31121927899249
0,9,Dgv,190,LSTransferTreeBoost,0.1,1,1,0.05,0.5,6.64643523541699,4.864014131875137,6.383924434177869,4.662197464669912
0,6,Dgv,190,LSTransferTreeBoost,0.05,2,2,0.01,0.9,7.030882390789849,4.797827991944754,7.563255034829646,4.9899429699773
0,7,Dgv,190,LSTransferTreeBoost,0.05,2,2,0.01,0.5,7.605184405207544,5.143263552559551,7.314128733899885,4.883335647186549
0,2,Dgv,285,LSTransferTreeBoost,0.05,1,1,0.01,0.9,7.134513761047388,4.699395796702313,6.384501758143609,4.4780576943724215
0,10,Dgv,190,LSTransferTreeBoost,0.1,1,1,0.05,0.9,6.828968159118001,4.709909462246153,7.044243100416875,4.896908032600268
0,9,Dgv,190,LSTransferTreeBoost,0.1,1,1,0.05,0.9,6.563486426193961,4.790653840317788,6.27777831942089,4.588053469315104
0,9,Dgv,190,LSTransferTreeBoost,0.1,1,2,0.01,0.5,6.622271530341025,4.818379240635456,6.41196513526563,4.634254480332102
0,6,Dgv,190,LSTransferTreeBoost,0.05,2,2,0.05,0.5,7.103567514825413,4.884564978233843,7.65070689365876,5.127899665526771
0,7,Dgv,190,LSTransferTreeBoost,0.05,2,2,0.01,0.9,7.666285099687834,5.255395534848226,7.655970868832963,5.130562126840383
0,10,Dgv,190,LSTransferTreeBoost,0.1,1,2,0.01,0.5,6.877624560175734,4.758931003077632,6.96549869102584,4.822409087066787
0,1,Dgv,285,LSTransferTreeBoost,0.05,1,1,0.01,0.9,7.423277120475766,5.0228293526872525,6.300168240744974,4.397373643036584
0,3,Dgv,285,LSTransferTreeBoost,0.05,2,1,0.05,0.5,6.8734378943885845,4.885331876870249,6.341766401264469,4.785898513823089
0,8,Dgv,190,LSTransferTreeBoost,0.05,1,2,0.01,0.5,7.101149286842246,4.993011903353363,7.710505552889557,5.326627673146996
0,9,Dgv,190,LSTransferTreeBoost,0.1,1,2,0.01,0.9,6.563582378216896,4.778815553786459,6.303314311499334,4.546398011855577
0,7,Dgv,190,LSTransferTreeBoost,0.05,2,2,0.05,0.5,7.588207422207607,5.127314391262628,7.35748589962829,4.918995551055648
0,4,Dgv,190,LSTransferTreeBoost,0.05,2,1,0.01,0.5,7.468184624572324,4.713256197658325,7.294947475632413,4.899402455406096
0,9,Dgv,190,LSTransferTreeBoost,0.1,1,2,0.05,0.5,6.598593423777494,4.803105093945403,6.3813933311728315,4.623951563915082
0,10,Dgv,190,LSTransferTreeBoost,0.1,1,2,0.01,0.9,6.850443551484371,4.743337850033399,6.944138151267315,4.825757694647498
0,2,Dgv,285,LSTransferTreeBoost,0.05,1,1,0.05,0.5,7.208336505871722,4.758797409812405,6.356967239691775,4.443573452898753
0,9,Dgv,190,LSTransferTreeBoost,0.1,1,2,0.05,0.9,6.612410497342806,4.757668239907853,6.390742451997527,4.572218004415732
0,6,Dgv,190,LSTransferTreeBoost,0.05,2,2,0.05,0.9,7.100127301054812,4.881412575483762,7.634416955308315,5.106879753189821
0,10,Dgv,190,LSTransferTreeBoost,0.1,1,2,0.05,0.5,6.875924392084226,4.769890582163682,6.993858937830228,4.81987008437077
0,10,Dgv,190,LSTransferTreeBoost,0.1,1,2,0.05,0.9,6.909580648194778,4.816068498539151,6.9977438182526885,4.88349865330783
0,9,Dgv,190,LSTransferTreeBoost,0.1,2,1,0.01,0.5,6.569819974107357,4.771526854929195,6.2976735043317245,4.568866811045494
0,7,Dgv,190,LSTransferTreeBoost,0.05,2,2,0.05,0.9,7.547262429425471,5.07226773156334,7.321474895724267,4.899319220499093
0,3,Dgv,285,LSTransferTreeBoost,0.05,2,1,0.05,0.9,7.079130253642465,5.013206137666366,6.596539776305705,4.897481092669229
0,8,Dgv,190,LSTransferTreeBoost,0.05,1,2,0.01,0.9,7.165578165279281,5.001226710236628,7.724448920651228,5.3225635274891845
0,4,Dgv,190,LSTransferTreeBoost,0.05,2,1,0.01,0.9,7.463575324763606,4.741297230286328,7.299405018799668,4.900969290317913
0,9,Dgv,190,LSTransferTreeBoost,0.1,2,1,0.01,0.9,6.584025378762651,4.805672244946629,6.260779102882321,4.558242468093209
0,7,Dgv,190,LSTransferTreeBoost,0.1,1,1,0.01,0.5,7.571960108967452,5.092064070120725,7.288970750533768,4.835397883116495
0,6,Dgv,190,LSTransferTreeBoost,0.1,1,1,0.01,0.5,6.993613156596345,4.7936772359992785,7.5989818977308925,5.062775268630425
0,10,Dgv,190,LSTransferTreeBoost,0.1,2,1,0.01,0.5,6.7892381056923785,4.663285619576351,7.02110454484426,4.835043272115219
0,3,Dgv,285,LSTransferTreeBoost,0.05,2,2,0.01,0.5,7.111078564215151,5.109107633814597,6.532002192563458,4.924274536695148
0,1,Dgv,285,LSTransferTreeBoost,0.05,1,1,0.05,0.5,7.552559241894236,5.077562531052055,6.341451550719427,4.414995782363158
0,3,Dgv,285,LSTransferTreeBoost,0.05,2,2,0.01,0.9,14.274444935727162,11.922088840271078,13.632568881836281,11.386804597316067
0,2,Dgv,285,LSTransferTreeBoost,0.05,1,1,0.05,0.9,7.188881923511899,4.726986087978703,6.34340067721054,4.4305327830846455
0,7,Dgv,190,LSTransferTreeBoost,0.1,1,1,0.01,0.9,7.448191189237258,5.006196649126665,7.164384781282313,4.719494092428946
0,8,Dgv,190,LSTransferTreeBoost,0.05,1,2,0.05,0.5,7.168276903358205,5.039371078495488,7.709184996179491,5.319298470177683
0,9,Dgv,190,LSTransferTreeBoost,0.1,2,1,0.05,0.5,6.61323225778262,4.766389454283905,6.366121516355613,4.571921242117569
0,3,Dgv,285,LSTransferTreeBoost,0.05,2,2,0.05,0.5,7.041203541655232,5.030801880943448,6.4427233590101665,4.854071193199224
0,3,Dgv,285,LSTransferTreeBoost,0.05,2,2,0.05,0.9,11.996590110081407,9.716266613160153,11.415713361752564,9.217069453631883
0,10,Dgv,190,LSTransferTreeBoost,0.1,2,1,0.01,0.9,6.802561121522916,4.689583744744278,6.996600891385122,4.850361058242062
0,6,Dgv,190,LSTransferTreeBoost,0.1,1,1,0.01,0.9,6.913186138884669,4.676186093445485,7.495150063994615,4.940184161934841
0,2,Dgv,285,LSTransferTreeBoost,0.05,1,2,0.01,0.5,7.220311626025015,4.724318729441532,6.452159464912793,4.488246848889926
0,7,Dgv,190,LSTransferTreeBoost,0.1,1,1,0.05,0.5,7.651859748836711,5.175540938634551,7.347176292308493,4.8830249918120545
0,9,Dgv,190,LSTransferTreeBoost,0.1,2,1,0.05,0.9,6.579581946123959,4.676111273845525,6.293907413507484,4.4989643444623635
0,8,Dgv,190,LSTransferTreeBoost,0.05,1,2,0.05,0.9,7.168019643315723,5.030444609128469,7.717780465448135,5.3208120903862515
0,3,Dgv,285,LSTransferTreeBoost,0.1,1,1,0.01,0.5,6.872872372661408,4.926172537746516,6.371229763622347,4.839880984085219
0,9,Dgv,190,LSTransferTreeBoost,0.1,2,2,0.01,0.5,6.589971638782082,4.779783799116313,6.379312419705445,4.587315160837075
0,7,Dgv,190,LSTransferTreeBoost,0.1,1,1,0.05,0.9,7.5610664427730345,5.114915430748609,7.29338777499037,4.848622178798953
0,10,Dgv,190,LSTransferTreeBoost,0.1,2,1,0.05,0.5,6.834667763564473,4.665367746620112,7.085025885588776,4.846037744453043
0,5,Dgv,190,LSTransferTreeBoost,0.05,1,1,0.05,0.5,7.661846409187831,5.087729361056906,6.6264979015466805,4.691112366331673
0,3,Dgv,285,LSTransferTreeBoost,0.1,1,1,0.01,0.9,6.8324688055631695,5.00338331526661,6.365938562894342,4.8366941067555995
0,7,Dgv,190,LSTransferTreeBoost,0.1,1,2,0.01,0.5,7.550929487207319,5.091245307482928,7.2681598666453,4.856800407396613
0,9,Dgv,190,LSTransferTreeBoost,0.1,2,2,0.01,0.9,6.558079037055966,4.764435765592466,6.2985536956777075,4.5195024484048
0,6,Dgv,190,LSTransferTreeBoost,0.1,1,1,0.05,0.5,7.088978311392812,4.884313175081104,7.685587207859715,5.1566203483927415
0,4,Dgv,190,LSTransferTreeBoost,0.05,2,1,0.05,0.5,7.506344217123932,4.695867042608841,7.38005544513472,4.935564162900017
0,2,Dgv,285,LSTransferTreeBoost,0.05,1,2,0.01,0.9,7.193466186783671,4.702875829570773,6.422364977590801,4.472367229603111
0,1,Dgv,285,LSTransferTreeBoost,0.05,1,1,0.05,0.9,7.519152739987397,5.053129770050872,6.32682706135804,4.405950906108752
0,9,Dgv,190,LSTransferTreeBoost,0.1,2,2,0.05,0.5,6.6108443816717894,4.756552977903616,6.433513463148205,4.5989809222401945
0,10,Dgv,190,LSTransferTreeBoost,0.1,2,1,0.05,0.9,6.815057597827831,4.677186877248399,7.024063136082604,4.822312944253203
0,3,Dgv,285,LSTransferTreeBoost,0.1,1,1,0.05,0.5,6.899961514116066,4.93405498259131,6.380284717980385,4.864206167153022
0,7,Dgv,190,LSTransferTreeBoost,0.1,1,2,0.01,0.9,7.5158183952779485,5.095731394676645,7.286276272610361,4.868973663634301
0,9,Dgv,190,LSTransferTreeBoost,0.1,2,2,0.05,0.9,6.579793719304111,4.695991107559547,6.382014577972122,4.564103284784134
0,2,Dgv,285,LSTransferTreeBoost,0.05,1,2,0.05,0.5,7.208385315481261,4.727509604630041,6.457562452932183,4.469281638922474
0,6,Dgv,190,LSTransferTreeBoost,0.1,1,1,0.05,0.9,7.076203062513621,4.873820704871738,7.661822792099525,5.151668158537984
0,10,Dgv,190,LSTransferTreeBoost,0.1,2,2,0.01,0.5,6.832360080341906,4.703791611802668,6.918706024306424,4.755107369070755
0,7,Dgv,190,LSTransferTreeBoost,0.1,1,2,0.05,0.5,7.561970052394291,5.102924314507073,7.353749770882039,4.912673591930007
0,3,Dgv,285,LSTransferTreeBoost,0.1,1,1,0.05,0.9,6.9012272505266505,4.909416083639693,6.391753918964431,4.861247118972827
0,6,Dgv,190,LSTransferTreeBoost,0.1,1,2,0.01,0.5,7.070883407068282,4.7984821880411275,7.572825472080814,5.0238689912501675
0,7,Dgv,190,LSTransferTreeBoost,0.1,1,2,0.05,0.9,7.645557983178016,5.1463035393831635,7.340095109622221,4.911138991197122
0,3,Dgv,285,LSTransferTreeBoost,0.1,1,2,0.01,0.5,7.10693064333601,5.0944711618843845,6.488948411428279,4.912146790670949
0,3,Dgv,285,LSTransferTreeBoost,0.1,1,2,0.01,0.9,17.342872005752117,15.318528056934092,16.832912453208067,14.813513037598181
0,1,Dgv,285,LSTransferTreeBoost,0.05,1,2,0.01,0.5,7.596242764575937,5.092723901624444,6.239991172067479,4.387222476158018
0,8,Dgv,190,LSTransferTreeBoost,0.05,2,1,0.01,0.5,7.0673336984486745,4.914587155327038,7.650452253304065,5.284518834513936
0,2,Dgv,285,LSTransferTreeBoost,0.05,1,2,0.05,0.9,7.213328117887425,4.708390444484647,6.459473090086665,4.4651410196805825
0,3,Dgv,285,LSTransferTreeBoost,0.1,1,2,0.05,0.5,7.08333998470261,5.058295836010865,6.448931027344138,4.870151848791124
0,3,Dgv,285,LSTransferTreeBoost,0.1,1,2,0.05,0.9,13.179357377305458,10.927954828586437,12.665966593282366,10.52373553910334
0,10,Dgv,190,LSTransferTreeBoost,0.1,2,2,0.01,0.9,6.827024837200032,4.707755407899539,6.945005994960301,4.783315896510177
0,7,Dgv,190,LSTransferTreeBoost,0.1,2,1,0.01,0.5,7.553535012424151,5.043353085168595,7.2266953967534535,4.718753679646671
0,5,Dgv,190,LSTransferTreeBoost,0.05,1,1,0.05,0.9,7.75580454046228,5.132944356555083,6.585956573248476,4.672002561692489
0,6,Dgv,190,LSTransferTreeBoost,0.1,1,2,0.01,0.9,7.071189795455735,4.777508483461617,7.55594833045901,5.00070015799452
0,10,Dgv,190,LSTransferTreeBoost,0.1,2,2,0.05,0.5,6.877092693263328,4.717510769575046,6.949371141021279,4.756753940658632
0,3,Dgv,285,LSTransferTreeBoost,0.1,2,1,0.01,0.5,6.861632231941743,4.928137217370714,6.336182356634911,4.788180881940772
0,3,Dgv,285,LSTransferTreeBoost,0.1,2,1,0.01,0.9,14.784993807974038,12.641279189433538,13.998388369178924,11.919721602757134
0,7,Dgv,190,LSTransferTreeBoost,0.1,2,1,0.01,0.9,7.356496794126292,4.869393196009255,7.064102712611675,4.589065727148047
0,9,Dgv,285,LSTransferTreeBoost,0.05,1,1,0.01,0.5,6.475678737673071,4.710213980879581,6.201669859214961,4.4858781792127775
0,4,Dgv,190,LSTransferTreeBoost,0.05,2,1,0.05,0.9,7.493209680578468,4.69881680408707,7.342953536566309,4.90779779094261
0,6,Dgv,190,LSTransferTreeBoost,0.1,1,2,0.05,0.5,7.090115154673039,4.842011669496651,7.6187364556526616,5.113636501973515
0,10,Dgv,190,LSTransferTreeBoost,0.1,2,2,0.05,0.9,6.865760772811998,4.7498217599024475,6.971456567867324,4.793271038657632
0,1,Dgv,285,LSTransferTreeBoost,0.05,1,2,0.01,0.9,7.580458730266238,5.081931995193577,6.272273523706847,4.3694949358937905
0,3,Dgv,285,LSTransferTreeBoost,0.1,2,1,0.05,0.5,6.9029763582153025,4.926853730539498,6.3627250349206355,4.803001461798293
0,3,Dgv,285,LSTransferTreeBoost,0.1,2,1,0.05,0.9,11.275424655987123,9.022122221159284,10.62421973220434,8.453108777731266
0,7,Dgv,190,LSTransferTreeBoost,0.1,2,1,0.05,0.5,7.6418089695763305,5.159848973124897,7.29958143139553,4.839324868814404
0,6,Dgv,190,LSTransferTreeBoost,0.1,1,2,0.05,0.9,7.105589387930766,4.816438935633933,7.61097992739747,5.0427928012419345
0,2,Dgv,285,LSTransferTreeBoost,0.05,2,1,0.01,0.5,7.136460326165486,4.62263351138289,6.316901719296313,4.37205772729809
0,3,Dgv,285,LSTransferTreeBoost,0.1,2,2,0.01,0.5,7.1905147358058565,5.138222675033383,6.578962390147898,4.93514472824135
0,3,Dgv,285,LSTransferTreeBoost,0.1,2,2,0.01,0.9,16.19031077332649,14.116554546368103,15.535710881673996,13.517027048674244
0,4,Dgv,190,LSTransferTreeBoost,0.05,2,2,0.01,0.5,7.454753856452301,4.763265091098367,7.3578947528644285,4.9574655632569735
0,7,Dgv,190,LSTransferTreeBoost,0.1,2,1,0.05,0.9,7.554818942527662,5.078684285129303,7.215040456189569,4.755643574524444
0,5,Dgv,190,LSTransferTreeBoost,0.05,1,2,0.01,0.5,7.718933416667783,5.112796922663495,6.646058859929862,4.704579917650042
0,3,Dgv,285,LSTransferTreeBoost,0.1,2,2,0.05,0.5,7.077906829947916,5.037438571645733,6.452357467852998,4.839127051736411
0,3,Dgv,285,LSTransferTreeBoost,0.1,2,2,0.05,0.9,12.589043700996708,10.327935406809173,11.986351171626,9.831829316506383
0,6,Dgv,190,LSTransferTreeBoost,0.1,2,1,0.01,0.5,6.928028042577028,4.717382884589692,7.530868857842803,4.978247335206043
0,1,Dgv,285,LSTransferTreeBoost,0.05,1,2,0.05,0.5,7.619624278133074,5.120473328669418,6.242525452924843,4.400764981677225
0,7,Dgv,190,LSTransferTreeBoost,0.1,2,2,0.01,0.5,7.625517376019452,5.170464068612109,7.3493179704231,4.858715550068957
0,7,Dgv,190,LSTransferTreeBoost,0.1,2,2,0.01,0.9,10.58620657917985,8.181058488112619,10.197440764540461,7.7778994073501915
0,7,Dgv,190,LSTransferTreeBoost,0.1,2,2,0.05,0.5,7.586785760427916,5.103830358852645,7.311367066889359,4.875869817788079
0,9,Dgv,285,LSTransferTreeBoost,0.05,1,1,0.01,0.9,6.423882196997692,4.708687696980697,6.171115781518143,4.453557549116139
0,10,Dgv,285,LSTransferTreeBoost,0.05,1,1,0.01,0.5,6.787330605658554,4.67239443272349,7.103816668241156,4.912518389747586
0,1,Dgv,285,LSTransferTreeBoost,0.05,1,2,0.05,0.9,7.649954000578738,5.155658990204011,6.3610493469292155,4.453058221227978
0,8,Dgv,190,LSTransferTreeBoost,0.05,2,1,0.01,0.9,7.022188879025242,4.871562216529396,7.616164034735737,5.2638609031247245
0,7,Dgv,190,LSTransferTreeBoost,0.1,2,2,0.05,0.9,7.580151490978202,5.108306142025324,7.2904579822107065,4.869579404392896
0,6,Dgv,190,LSTransferTreeBoost,0.1,2,1,0.01,0.9,6.790769443319245,4.581322092885255,7.45408505698376,4.84442711290885
0,2,Dgv,285,LSTransferTreeBoost,0.05,2,1,0.01,0.9,7.069458973449314,4.593231929135685,6.325911124332438,4.397904858466459
0,4,Dgv,190,LSTransferTreeBoost,0.05,2,2,0.01,0.9,7.465762955386388,4.746872400442481,7.329423620529806,4.891186234415791
0,3,Dgv,380,LSTransferTreeBoost,0.05,1,1,0.01,0.5,6.829291486425411,4.882432347263708,6.269264311742504,4.737802914571385
0,5,Dgv,190,LSTransferTreeBoost,0.05,1,2,0.01,0.9,7.738344265394793,5.117746836294247,6.63184708889802,4.682906256982145
0,6,Dgv,190,LSTransferTreeBoost,0.1,2,1,0.05,0.5,7.0015671678911,4.7712174818308295,7.585938977074641,4.9952875502312155
0,4,Dgv,190,LSTransferTreeBoost,0.05,2,2,0.05,0.5,7.445399914073175,4.7524309052859985,7.351657724625505,4.965865291009024
0,6,Dgv,190,LSTransferTreeBoost,0.1,2,1,0.05,0.9,6.919989309007039,4.737075862683196,7.51936163309083,4.96527695370421
0,10,Dgv,285,LSTransferTreeBoost,0.05,1,1,0.01,0.9,6.787800889800456,4.6576323421282755,7.1211528290485475,4.935851651514632
0,9,Dgv,285,LSTransferTreeBoost,0.05,1,1,0.05,0.5,6.522512211656653,4.754048327101823,6.254307603646729,4.4786839568070045
0,5,Dgv,190,LSTransferTreeBoost,0.05,1,2,0.05,0.5,7.747248135914863,5.104207105894624,6.652175477639421,4.7186590406834705
0,2,Dgv,285,LSTransferTreeBoost,0.05,2,1,0.05,0.5,7.187282474578237,4.726894899983172,6.351935980130153,4.433190888766129
0,8,Dgv,190,LSTransferTreeBoost,0.05,2,1,0.05,0.5,7.123661014395455,4.995036480433749,7.683836178846731,5.3306039318860154
0,1,Dgv,285,LSTransferTreeBoost,0.05,2,1,0.01,0.5,7.361481338651394,4.927066438356736,6.263930815204637,4.367945009558466
0,6,Dgv,190,LSTransferTreeBoost,0.1,2,2,0.01,0.5,7.064724061374728,4.784159042834845,7.50436821084637,4.9685227440571165
0,4,Dgv,190,LSTransferTreeBoost,0.05,2,2,0.05,0.9,7.458112509938147,4.758192576070913,7.338874620747552,4.924669331425309
0,3,Dgv,380,LSTransferTreeBoost,0.05,1,1,0.01,0.9,6.77836887436786,4.876646102824165,6.249922735631303,4.70885632503422
0,6,Dgv,190,LSTransferTreeBoost,0.1,2,2,0.01,0.9,6.975120776039585,4.707354782877706,7.468300073963114,4.897224322990476
0,7,Dgv,285,LSTransferTreeBoost,0.05,1,1,0.01,0.5,7.392706332109737,4.85271043309449,7.14551662952974,4.62404047667819
0,4,Dgv,190,LSTransferTreeBoost,0.1,1,1,0.01,0.5,7.476101927601269,4.782812662350065,7.332562572157939,4.964104914866943
0,9,Dgv,285,LSTransferTreeBoost,0.05,1,1,0.05,0.9,6.522404197724162,4.76261214013797,6.2619498574026276,4.509760532310601
0,2,Dgv,285,LSTransferTreeBoost,0.05,2,1,0.05,0.9,7.173131226158741,4.677865606436319,6.353852128076217,4.397545278179191
0,6,Dgv,190,LSTransferTreeBoost,0.1,2,2,0.05,0.5,7.055941172390793,4.8077584101269375,7.623731789518148,5.03351445191352
0,10,Dgv,285,LSTransferTreeBoost,0.05,1,1,0.05,0.5,6.83282078239266,4.749463451148766,7.111731822855507,4.967058008349576
0,5,Dgv,190,LSTransferTreeBoost,0.05,1,2,0.05,0.9,7.666424442788388,5.076158830953528,6.6559074630184005,4.693209735942079
0,8,Dgv,190,LSTransferTreeBoost,0.05,2,1,0.05,0.9,7.092095875886628,4.915866207547538,7.664996979272253,5.2761623355223435
0,6,Dgv,190,LSTransferTreeBoost,0.1,2,2,0.05,0.9,7.100193790550164,4.833265281778175,7.60797195751579,5.034765602199706
0,1,Dgv,285,LSTransferTreeBoost,0.05,2,1,0.01,0.9,7.307131098385288,4.892852849027828,6.265263961764661,4.327023096505409
0,3,Dgv,380,LSTransferTreeBoost,0.05,1,1,0.05,0.5,6.889056671064568,4.948204060041335,6.307967486889616,4.775423782516619
0,9,Dgv,285,LSTransferTreeBoost,0.05,1,2,0.01,0.5,6.508367987253294,4.636960651044806,6.32875299072694,4.454815608989235
0,4,Dgv,190,LSTransferTreeBoost,0.1,1,1,0.01,0.9,7.432262376422551,4.754991621889638,7.2931009944198175,4.922549043753541
0,2,Dgv,285,LSTransferTreeBoost,0.05,2,2,0.01,0.5,7.1613456922611745,4.647459779070038,6.463895182981482,4.460312871879834
0,4,Dgv,190,LSTransferTreeBoost,0.1,1,1,0.05,0.5,7.500475638716913,4.79909119485489,7.375986241638824,5.009453259847032
0,8,Dgv,190,LSTransferTreeBoost,0.05,2,2,0.01,0.5,7.151860532683394,4.975474853039487,7.70162507243758,5.285324175325081
0,9,Dgv,285,LSTransferTreeBoost,0.05,1,2,0.01,0.9,6.476869055914866,4.625000950854505,6.280840981736151,4.454328508416274
0,7,Dgv,285,LSTransferTreeBoost,0.05,1,1,0.01,0.9,7.359629798171937,4.825990144825548,7.143883838859178,4.626445699972769
0,4,Dgv,190,LSTransferTreeBoost,0.1,1,1,0.05,0.9,7.485386741898249,4.788634506239128,7.35184409688556,4.968761801624323
0,10,Dgv,285,LSTransferTreeBoost,0.05,1,1,0.05,0.9,6.821826697006756,4.733802529286289,7.089188216327795,4.955285614235772
0,3,Dgv,380,LSTransferTreeBoost,0.05,1,1,0.05,0.9,6.874540067095551,4.934525575612169,6.292342764656109,4.765865779680494
0,9,Dgv,285,LSTransferTreeBoost,0.05,1,2,0.05,0.5,6.556711913209483,4.6440803351901,6.382165558177512,4.485167964943174
0,5,Dgv,190,LSTransferTreeBoost,0.05,2,1,0.01,0.5,7.769924012214679,5.090538608907676,6.511602599221461,4.54131920190415
0,2,Dgv,285,LSTransferTreeBoost,0.05,2,2,0.01,0.9,7.170918571793418,4.604855718719247,6.453806692928859,4.460011717658283
0,4,Dgv,190,LSTransferTreeBoost,0.1,1,2,0.01,0.5,7.465173349466745,4.804451500890267,7.3381140578802775,4.947293298903343
0,10,Dgv,285,LSTransferTreeBoost,0.05,1,2,0.01,0.5,6.7783576062429445,4.727793052998474,7.028346339581188,4.902988130046157
0,9,Dgv,285,LSTransferTreeBoost,0.05,1,2,0.05,0.9,6.549573695118449,4.605053748059581,6.390790066287348,4.476413539437517
0,3,Dgv,380,LSTransferTreeBoost,0.05,1,2,0.01,0.5,7.006626075877835,5.044152348452915,6.310420466453848,4.766556101492403
0,6,Dgv,285,LSTransferTreeBoost,0.05,1,1,0.01,0.5,6.919928298516066,4.745569526880162,7.574665035410945,4.937212495460252
0,3,Dgv,380,LSTransferTreeBoost,0.05,1,2,0.01,0.9,14.522718608917527,12.181186527583142,13.938523623103274,11.710162694917695
0,2,Dgv,285,LSTransferTreeBoost,0.05,2,2,0.05,0.5,7.175481314709534,4.70221391177835,6.431603411739453,4.45218449874862
0,4,Dgv,190,LSTransferTreeBoost,0.1,1,2,0.01,0.9,7.4728024577600705,4.8115711697488335,7.333877748487276,4.932628216641677
0,8,Dgv,190,LSTransferTreeBoost,0.05,2,2,0.01,0.9,7.141317668868472,4.968710289188346,7.6858073500133335,5.248050310185219
0,3,Dgv,380,LSTransferTreeBoost,0.05,1,2,0.05,0.5,7.006949793064151,5.092951555156873,6.315432025729326,4.787705483920991
0,4,Dgv,190,LSTransferTreeBoost,0.1,1,2,0.05,0.5,7.445800727783693,4.764754857861789,7.377778748557553,5.009032911950809
0,2,Dgv,285,LSTransferTreeBoost,0.05,2,2,0.05,0.9,7.191748833468552,4.695261895956255,6.4458882871824486,4.465957600811429
0,5,Dgv,190,LSTransferTreeBoost,0.05,2,1,0.01,0.9,7.794911422917963,5.119591863019126,6.496359195343626,4.507455521170304
0,4,Dgv,190,LSTransferTreeBoost,0.1,1,2,0.05,0.9,7.4461272021017555,4.771797680411954,7.343906065035168,4.937034972130691
0,1,Dgv,285,LSTransferTreeBoost,0.05,2,1,0.05,0.5,7.404514940104882,5.042839354240215,6.26035103187401,4.47357242139298
0,3,Dgv,380,LSTransferTreeBoost,0.05,1,2,0.05,0.9,7.122893369884533,5.063311058534089,6.456054245784623,4.810864791419809
0,8,Dgv,190,LSTransferTreeBoost,0.05,2,2,0.05,0.5,7.151350685878924,4.991546625509583,7.709158682841932,5.291582860257426
0,10,Dgv,285,LSTransferTreeBoost,0.05,1,2,0.01,0.9,6.797008145624912,4.730441337491878,7.025694966593809,4.890882345741607
0,7,Dgv,285,LSTransferTreeBoost,0.05,1,1,0.05,0.5,7.5019109173108705,4.961137689028514,7.196511836255935,4.635246027127239
0,2,Dgv,285,LSTransferTreeBoost,0.1,1,1,0.01,0.5,7.140293403027616,4.6866834525947665,6.3671524009626985,4.449081132445868
0,9,Dgv,285,LSTransferTreeBoost,0.05,2,1,0.01,0.5,6.476277128133386,4.693728416498851,6.187943424840729,4.419960207889242
0,4,Dgv,190,LSTransferTreeBoost,0.1,2,1,0.01,0.5,7.453439952942851,4.700941810143049,7.279691498985564,4.8662397697586455
0,10,Dgv,285,LSTransferTreeBoost,0.05,1,2,0.05,0.5,6.8166770172683915,4.715554912015673,7.071200669879792,4.885199082802325
0,8,Dgv,190,LSTransferTreeBoost,0.05,2,2,0.05,0.9,7.147452180734368,4.987498857801535,7.703312165460381,5.2865650479071915
0,2,Dgv,285,LSTransferTreeBoost,0.1,1,1,0.01,0.9,7.100546732602807,4.653757052748059,6.372501281067277,4.461314619818544
0,3,Dgv,380,LSTransferTreeBoost,0.05,2,1,0.01,0.5,6.811406278661589,4.844292423566097,6.22856045731559,4.663449119010005
0,3,Dgv,380,LSTransferTreeBoost,0.05,2,1,0.01,0.9,13.050466404712514,10.68043274350472,12.288635403921939,10.014363505962924
0,4,Dgv,190,LSTransferTreeBoost,0.1,2,1,0.01,0.9,7.4413408420744656,4.7039013572151696,7.254988934711036,4.852205763356266
0,10,Dgv,285,LSTransferTreeBoost,0.05,1,2,0.05,0.9,6.804664399747598,4.710940707102167,7.057776931831133,4.8767767744789845
0,2,Dgv,285,LSTransferTreeBoost,0.1,1,1,0.05,0.5,7.21522853793571,4.748342879821132,6.38288070090932,4.461912136284117
0,8,Dgv,190,LSTransferTreeBoost,0.1,1,1,0.01,0.5,7.142643855735767,4.99578850609934,7.747448425024197,5.381204147819343
0,1,Dgv,285,LSTransferTreeBoost,0.05,2,1,0.05,0.9,7.406546028102015,4.9657106756782055,6.278667385227269,4.403836167826736
0,2,Dgv,285,LSTransferTreeBoost,0.1,1,1,0.05,0.9,7.151259572762002,4.698847663621355,6.372464844715756,4.4620333832504295
0,6,Dgv,285,LSTransferTreeBoost,0.05,1,1,0.01,0.9,6.906408578909148,4.68747393195007,7.551775429267287,4.890131594450332
0,4,Dgv,190,LSTransferTreeBoost,0.1,2,1,0.05,0.5,7.479522815288671,4.707649796344386,7.341984706303528,4.92598636488435
0,9,Dgv,285,LSTransferTreeBoost,0.05,2,1,0.01,0.9,6.443782563633731,4.66955412844479,6.138770955606775,4.369480706961735
0,2,Dgv,285,LSTransferTreeBoost,0.1,1,2,0.01,0.5,7.206105147811245,4.694573082882077,6.469720163312474,4.451879541068975
0,1,Dgv,285,LSTransferTreeBoost,0.05,2,2,0.01,0.5,7.588808203580481,5.117738508982126,6.347892937008306,4.429111282020021
0,4,Dgv,190,LSTransferTreeBoost,0.1,2,1,0.05,0.9,7.502270571397665,4.769509913365595,7.317679349958645,4.934470847127136
0,8,Dgv,190,LSTransferTreeBoost,0.1,1,1,0.01,0.9,7.08332791277718,4.950146777377489,7.682102015764889,5.335288196078917
0,3,Dgv,380,LSTransferTreeBoost,0.05,2,1,0.05,0.5,6.843811585030001,4.852279984984299,6.2383606222420225,4.669437232412918
0,7,Dgv,285,LSTransferTreeBoost,0.05,1,1,0.05,0.9,7.446469240180644,4.910211429009693,7.1733165475263965,4.633020333864496
0,10,Dgv,285,LSTransferTreeBoost,0.05,2,1,0.01,0.5,6.777150365753033,4.6834478388958125,7.077461352511248,4.90777781149701
0,4,Dgv,190,LSTransferTreeBoost,0.1,2,2,0.01,0.5,7.477854259058889,4.791154680628887,7.322941429586043,4.91174171772971
0,2,Dgv,285,LSTransferTreeBoost,0.1,1,2,0.01,0.9,7.173749784028152,4.662394942122856,6.4241492714699735,4.411248514167896
0,2,Dgv,285,LSTransferTreeBoost,0.1,1,2,0.05,0.5,7.229746924290331,4.716481442329104,6.4762499702696354,4.452570527132365
0,8,Dgv,190,LSTransferTreeBoost,0.1,1,1,0.05,0.5,7.145011174532873,4.98925915224668,7.745634263394118,5.372674887366849
0,1,Dgv,285,LSTransferTreeBoost,0.05,2,2,0.01,0.9,7.543315968852471,5.059160745807667,6.322844949554703,4.4047494444359385
0,4,Dgv,190,LSTransferTreeBoost,0.1,2,2,0.01,0.9,7.509683393264701,4.80019541338376,7.279950080690123,4.860906800499345
0,2,Dgv,285,LSTransferTreeBoost,0.1,1,2,0.05,0.9,7.201404316189466,4.676302795954755,6.436012424827376,4.4444794855660055
0,7,Dgv,285,LSTransferTreeBoost,0.05,1,2,0.01,0.5,7.408457862210172,4.869793514663396,7.159382547548068,4.6773174970020746
0,1,Dgv,285,LSTransferTreeBoost,0.05,2,2,0.05,0.5,7.654295158582322,5.188286780101865,6.377802921402779,4.466827940158813
0,4,Dgv,190,LSTransferTreeBoost,0.1,2,2,0.05,0.5,7.446747310281163,4.763911963406088,7.3292318631289275,4.898802858505228
0,3,Dgv,380,LSTransferTreeBoost,0.05,2,1,0.05,0.9,7.038804985851625,4.973694203948217,6.478300276959299,4.773336283132121
0,9,Dgv,285,LSTransferTreeBoost,0.05,2,1,0.05,0.5,6.524807695449397,4.755852160835857,6.234466157876738,4.439436970499023
0,10,Dgv,285,LSTransferTreeBoost,0.05,2,1,0.01,0.9,6.76993115597592,4.6559864981461345,7.053414512350905,4.895219283508545
0,6,Dgv,285,LSTransferTreeBoost,0.05,1,1,0.05,0.5,6.926340915417491,4.747557567429214,7.608839632068328,4.938743138615301
0,8,Dgv,190,LSTransferTreeBoost,0.1,1,1,0.05,0.9,7.129042581403125,4.975290793569084,7.751247617390355,5.38052475466781
0,2,Dgv,285,LSTransferTreeBoost,0.1,2,1,0.01,0.5,7.109755669218631,4.576548617313869,6.285908220271942,4.315248899754666
0,5,Dgv,190,LSTransferTreeBoost,0.05,2,1,0.05,0.5,7.773556235371816,5.0773512916450825,6.5716895829862985,4.60576487327228
0,4,Dgv,190,LSTransferTreeBoost,0.1,2,2,0.05,0.9,7.476245056120706,4.753744320218173,7.330371467600019,4.90616298208192
0,8,Dgv,190,LSTransferTreeBoost,0.1,1,2,0.01,0.5,7.15086404489194,4.990034189700357,7.732811197392394,5.323242987759619
0,1,Dgv,285,LSTransferTreeBoost,0.05,2,2,0.05,0.9,7.625326137134052,5.135755281537348,6.36362547045016,4.445698191543852
0,3,Dgv,380,LSTransferTreeBoost,0.05,2,2,0.01,0.5,6.986983423094527,5.037626884999347,6.309791979241427,4.752192705889658
0,3,Dgv,380,LSTransferTreeBoost,0.05,2,2,0.01,0.9,13.777531078255036,11.433980200628717,13.09968166148166,10.868952621510948
0,7,Dgv,285,LSTransferTreeBoost,0.05,1,2,0.01,0.9,7.3969141298746885,4.855234038815152,7.162363576410311,4.628278853016826
0,2,Dgv,285,LSTransferTreeBoost,0.1,2,1,0.01,0.9,7.0467694769140845,4.539891616613585,6.286463315219104,4.344556367143128
0,1,Dgv,285,LSTransferTreeBoost,0.1,1,1,0.01,0.5,7.450778184186338,5.057720551579972,6.317950356105954,4.408267319818277
0,8,Dgv,190,LSTransferTreeBoost,0.1,1,2,0.01,0.9,7.156575002641557,5.004633044692694,7.7132751891567155,5.3062447825303884
0,3,Dgv,380,LSTransferTreeBoost,0.05,2,2,0.05,0.5,6.97743265078956,4.988062138497577,6.254547703061813,4.685400645665131
0,8,Dgv,190,LSTransferTreeBoost,0.1,1,2,0.05,0.5,7.153471016927254,5.019147296156227,7.713231077053705,5.317214709183672
0,7,Dgv,285,LSTransferTreeBoost,0.05,1,2,0.05,0.5,7.390123268557316,4.830958305971562,7.163798533464105,4.6585120814925745
0,2,Dgv,285,LSTransferTreeBoost,0.1,2,1,0.05,0.5,7.154339252719045,4.6908336671525985,6.316034324804454,4.396067655000167
0,10,Dgv,285,LSTransferTreeBoost,0.05,2,1,0.05,0.5,6.8171516047691565,4.729072491626837,7.123361288269852,4.954518566697833
0,3,Dgv,380,LSTransferTreeBoost,0.05,2,2,0.05,0.9,7.1435084809987455,5.063609017529843,6.472522451258935,4.783990209820949
0,8,Dgv,190,LSTransferTreeBoost,0.1,1,2,0.05,0.9,7.168342365186983,5.014178203815705,7.740799841411725,5.334781659277442
0,9,Dgv,285,LSTransferTreeBoost,0.05,2,1,0.05,0.9,6.515417462262138,4.763338108184689,6.214376218757919,4.437063426117857
0,1,Dgv,285,LSTransferTreeBoost,0.1,1,1,0.01,0.9,7.4055024455733,5.009934967362946,6.281058004505079,4.367536847863561
0,2,Dgv,285,LSTransferTreeBoost,0.1,2,1,0.05,0.9,7.128525218226776,4.638780607853788,6.3348132923550855,4.398007200141029
0,7,Dgv,285,LSTransferTreeBoost,0.05,1,2,0.05,0.9,7.414016344514943,4.839080878589626,7.179776199445344,4.647654323504819
0,3,Dgv,380,LSTransferTreeBoost,0.1,1,1,0.01,0.5,6.820818848984398,4.886289760984459,6.251689096776337,4.707771907742161
0,8,Dgv,190,LSTransferTreeBoost,0.1,2,1,0.01,0.5,7.046013788059108,4.887119913596013,7.618827579274056,5.2687939825196235
0,9,Dgv,285,LSTransferTreeBoost,0.05,2,2,0.01,0.5,6.484047158065133,4.6028317977165445,6.3218467022113956,4.457390939886961
0,1,Dgv,285,LSTransferTreeBoost,0.1,1,1,0.05,0.5,7.497387805750543,5.0660805543484555,6.296299471204351,4.416297063019947
0,2,Dgv,285,LSTransferTreeBoost,0.1,2,2,0.01,0.5,7.1436971702640095,4.619818936605276,6.545213438704451,4.465225113018361
0,6,Dgv,285,LSTransferTreeBoost,0.05,1,1,0.05,0.9,6.9232475786996215,4.7447641610392095,7.6234353295729544,4.942750234630066
0,5,Dgv,190,LSTransferTreeBoost,0.05,2,1,0.05,0.9,7.751074015665982,5.051212937939563,6.541799570721291,4.556287670841863
0,3,Dgv,380,LSTransferTreeBoost,0.1,1,1,0.01,0.9,6.772227824419638,4.91635971300468,6.264075335665171,4.709799514105684
0,4,Dgv,285,LSTransferTreeBoost,0.05,1,1,0.01,0.5,7.297914922525593,4.568760950127959,7.098868183090458,4.768337129700025
0,2,Dgv,285,LSTransferTreeBoost,0.1,2,2,0.01,0.9,7.228285955879705,4.674821752199974,6.437513214665654,4.499167115890151
0,1,Dgv,285,LSTransferTreeBoost,0.1,1,1,0.05,0.9,7.4483186531539785,5.015266446969608,6.302346313426427,4.389400453892742
0,10,Dgv,285,LSTransferTreeBoost,0.05,2,1,0.05,0.9,6.794747275636843,4.718756994351932,7.088241667633292,4.932937633753029
0,3,Dgv,380,LSTransferTreeBoost,0.1,1,1,0.05,0.5,6.865391868815735,4.924421441322626,6.304290073011279,4.773165104437995
0,8,Dgv,190,LSTransferTreeBoost,0.1,2,1,0.01,0.9,7.0349853814221115,4.8851495930515325,7.6226900892319644,5.28262055142832
0,9,Dgv,285,LSTransferTreeBoost,0.05,2,2,0.01,0.9,6.4863233678228935,4.631097858630036,6.2709378219474186,4.404947526368912
0,2,Dgv,285,LSTransferTreeBoost,0.1,2,2,0.05,0.5,7.184933614884106,4.680111829708982,6.451127450044683,4.4561309578408395
0,6,Dgv,285,LSTransferTreeBoost,0.05,1,2,0.01,0.5,7.005521979313796,4.759620077995601,7.689223033316811,4.978903679345753
0,1,Dgv,285,LSTransferTreeBoost,0.1,1,2,0.01,0.5,7.565645661073625,5.071133036260717,6.236150897765393,4.3665821659936945
0,2,Dgv,285,LSTransferTreeBoost,0.1,2,2,0.05,0.9,7.164182866566666,4.648449137382039,6.4182978319670365,4.438277559494248
0,3,Dgv,380,LSTransferTreeBoost,0.1,1,1,0.05,0.9,6.841194125508844,4.92840330778032,6.289576467751459,4.775699657744909
0,10,Dgv,285,LSTransferTreeBoost,0.05,2,2,0.01,0.5,6.817640275372221,4.743262215995768,7.0620543333233,4.9010263752970005
0,8,Dgv,190,LSTransferTreeBoost,0.1,2,1,0.05,0.5,7.119508428085173,4.981937313378896,7.656961492572423,5.3020905513842935
0,9,Dgv,285,LSTransferTreeBoost,0.05,2,2,0.05,0.5,6.558050565806234,4.619281685600551,6.423528016003953,4.5071522583646715
0,3,Dgv,380,LSTransferTreeBoost,0.1,1,2,0.01,0.5,7.009267961304897,5.049196724561718,6.321005279369282,4.77496556750176
0,3,Dgv,380,LSTransferTreeBoost,0.1,1,2,0.01,0.9,17.07435816048586,14.991850804568381,16.50614297824537,14.445329728469638
0,1,Dgv,285,LSTransferTreeBoost,0.1,1,2,0.01,0.9,7.509963236057823,5.037895822789802,6.262632332068779,4.363065835554827
0,3,Dgv,380,LSTransferTreeBoost,0.1,1,2,0.05,0.5,7.027038654832994,5.032192641621618,6.330887439099916,4.740866085653168
0,3,Dgv,380,LSTransferTreeBoost,0.1,1,2,0.05,0.9,12.514686072165826,10.251934430603969,11.969521088212533,9.812413720855337
0,1,Dgv,285,LSTransferTreeBoost,0.1,1,2,0.05,0.5,7.65542309364313,5.159568499943553,6.35859152849267,4.453606434522404
0,5,Dgv,190,LSTransferTreeBoost,0.05,2,2,0.01,0.5,7.664516330891666,5.028282578337527,6.557959644665373,4.601601410794247
0,9,Dgv,285,LSTransferTreeBoost,0.05,2,2,0.05,0.9,6.579608593606476,4.627890721213543,6.419609882868243,4.485203234817972
0,8,Dgv,190,LSTransferTreeBoost,0.1,2,1,0.05,0.9,7.0440777130881065,4.89286803609405,7.625839050495441,5.25567823204432
0,7,Dgv,285,LSTransferTreeBoost,0.05,2,1,0.01,0.5,7.347111497092125,4.822267709048565,7.114218769476498,4.604007875196424
0,6,Dgv,285,LSTransferTreeBoost,0.05,1,2,0.01,0.9,6.987413960454741,4.732464551929346,7.678780290743889,4.964429361828221
0,1,Dgv,285,LSTransferTreeBoost,0.1,1,2,0.05,0.9,7.613039823975906,5.088544133461867,6.2456594257870055,4.396969282351019
0,3,Dgv,380,LSTransferTreeBoost,0.1,2,1,0.01,0.5,6.792367134364368,4.848311849072392,6.212941094780582,4.644648067425478
0,3,Dgv,380,LSTransferTreeBoost,0.1,2,1,0.01,0.9,14.867613348663207,12.697144321729594,14.047585126737367,11.947237232426106
0,2,Dgv,380,LSTransferTreeBoost,0.05,1,1,0.01,0.5,7.2079695772474555,4.726702359328112,6.422350303307584,4.446635667233182
0,10,Dgv,285,LSTransferTreeBoost,0.05,2,2,0.01,0.9,6.807984562833779,4.73656557034053,7.029130465398202,4.874560247404676
0,8,Dgv,190,LSTransferTreeBoost,0.1,2,2,0.01,0.5,7.136029727139892,4.964564870753786,7.704371386393834,5.286123167804008
0,9,Dgv,285,LSTransferTreeBoost,0.1,1,1,0.01,0.5,6.452283395453369,4.680119978475384,6.174933436118883,4.455784591501914
0,6,Dgv,285,LSTransferTreeBoost,0.05,1,2,0.05,0.5,7.026865948286848,4.8057640366475765,7.682408977666413,4.975587476294643
0,1,Dgv,285,LSTransferTreeBoost,0.1,2,1,0.01,0.5,7.35078039675734,4.905118715498661,6.2625671018414275,4.3416755809085705
0,3,Dgv,380,LSTransferTreeBoost,0.1,2,1,0.05,0.5,6.835763070091985,4.857381181044864,6.239595576538916,4.659176803026875
0,3,Dgv,380,LSTransferTreeBoost,0.1,2,1,0.05,0.9,11.404092847904666,9.127849215863511,10.719583181801294,8.521470090911667
0,10,Dgv,285,LSTransferTreeBoost,0.05,2,2,0.05,0.5,6.8630592153671435,4.736628625816848,7.126234424522197,4.918816314632884
0,3,Dgv,380,LSTransferTreeBoost,0.1,2,2,0.01,0.5,6.968076585016923,4.989102749334674,6.259561451973213,4.658027435385934
0,3,Dgv,380,LSTransferTreeBoost,0.1,2,2,0.01,0.9,15.908678360881066,13.832790263426357,15.226241427623636,13.216997454174937
0,6,Dgv,285,LSTransferTreeBoost,0.05,1,2,0.05,0.9,7.029239027351435,4.79901421558556,7.706948895748244,4.973884231446916
0,1,Dgv,285,LSTransferTreeBoost,0.1,2,1,0.01,0.9,7.298563783215172,4.8947686812734466,6.246960242202899,4.324784950313418
0,8,Dgv,190,LSTransferTreeBoost,0.1,2,2,0.01,0.9,7.0754921756818785,4.944309265420897,7.665631559987786,5.2491247821419105
0,9,Dgv,285,LSTransferTreeBoost,0.1,1,1,0.01,0.9,6.43471130503521,4.734920650060733,6.132228632247807,4.434448237089022
0,4,Dgv,285,LSTransferTreeBoost,0.05,1,1,0.01,0.9,7.284257730546422,4.589339024213591,7.082857598882274,4.750360755768396
0,3,Dgv,380,LSTransferTreeBoost,0.1,2,2,0.05,0.5,7.022973636856088,4.976653970286391,6.262551580056513,4.646522729206503
0,3,Dgv,380,LSTransferTreeBoost,0.1,2,2,0.05,0.9,11.920950354801755,9.654994253371926,11.306717968458003,9.150050270185718
0,5,Dgv,190,LSTransferTreeBoost,0.05,2,2,0.01,0.9,7.6574858735765465,5.068770141833428,6.560681087642497,4.6124911895788525
0,10,Dgv,285,LSTransferTreeBoost,0.05,2,2,0.05,0.9,6.855301530247895,4.764119335288998,7.108164282789339,4.9314093465035365
0,2,Dgv,380,LSTransferTreeBoost,0.05,1,1,0.01,0.9,7.143651464633052,4.682955221065203,6.401540592921811,4.446462578218701
0,8,Dgv,190,LSTransferTreeBoost,0.1,2,2,0.05,0.5,7.109810048024331,4.990996243637352,7.719711479346648,5.3305460003305525
0,9,Dgv,285,LSTransferTreeBoost,0.1,1,1,0.05,0.5,6.52229450216648,4.733781561835709,6.223236981375891,4.443192221059768
0,7,Dgv,285,LSTransferTreeBoost,0.05,2,1,0.01,0.9,7.282971559570526,4.755289974429313,7.068013983773252,4.582444398142516
0,1,Dgv,285,LSTransferTreeBoost,0.1,2,1,0.05,0.5,7.392773159170149,4.968026414298618,6.238545271222091,4.380278163202621
0,10,Dgv,285,LSTransferTreeBoost,0.1,1,1,0.01,0.5,6.795795996451082,4.7036234408251225,7.0756014747573355,4.931348983705546
0,8,Dgv,190,LSTransferTreeBoost,0.1,2,2,0.05,0.9,7.084907821043904,4.964256062084986,7.67750755709832,5.280558423599382
0,9,Dgv,285,LSTransferTreeBoost,0.1,1,1,0.05,0.9,6.460513418382085,4.70675251167816,6.185828109522308,4.442228949791311
0,2,Dgv,380,LSTransferTreeBoost,0.05,1,1,0.05,0.5,7.28730307854786,4.786616155159159,6.463335876558001,4.459977925352233
0,9,Dgv,285,LSTransferTreeBoost,0.1,1,2,0.01,0.5,6.4930491881299615,4.652068263766238,6.313264002639605,4.46197244733778
0,1,Dgv,285,LSTransferTreeBoost,0.1,2,1,0.05,0.9,7.3437886886406565,4.9642572159907195,6.259961876813125,4.437126216109844
0,10,Dgv,285,LSTransferTreeBoost,0.1,1,1,0.01,0.9,6.81021378819875,4.708892537421549,7.049572989257874,4.950332593977517
0,5,Dgv,190,LSTransferTreeBoost,0.05,2,2,0.05,0.5,7.7976421506614635,5.207725741937207,6.677110938460183,4.822727368998319
0,3,Dgv,475,LSTransferTreeBoost,0.05,1,1,0.01,0.5,6.725220947959785,4.7770515923892205,6.145247204084102,4.60295609236764
0,1,Dgv,285,LSTransferTreeBoost,0.1,2,2,0.01,0.5,7.562617116352051,5.059102585129845,6.286681841125605,4.382485143474279
0,9,Dgv,285,LSTransferTreeBoost,0.1,1,2,0.01,0.9,6.485238993137026,4.629698911756208,6.237832812882004,4.40092484549078
0,10,Dgv,285,LSTransferTreeBoost,0.1,1,1,0.05,0.5,6.830943840713523,4.746470726748574,7.105327924250667,4.970152291531978
0,9,Dgv,285,LSTransferTreeBoost,0.1,1,2,0.05,0.5,6.560779164874595,4.626406581924469,6.411563802041131,4.4799888491592865
0,6,Dgv,285,LSTransferTreeBoost,0.05,2,1,0.01,0.5,6.869818497039889,4.6980567508875115,7.5564003880669866,4.872949643204399
0,2,Dgv,380,LSTransferTreeBoost,0.05,1,1,0.05,0.9,7.254983512618817,4.737430119167626,6.430128247868101,4.416698111569497
0,9,Dgv,285,LSTransferTreeBoost,0.1,1,2,0.05,0.9,6.525274190284719,4.585266674202256,6.362642821866269,4.438447454517057
0,1,Dgv,285,LSTransferTreeBoost,0.1,2,2,0.01,0.9,7.497259536865634,5.022591610977136,6.308677361795836,4.3893014409889295
0,1,Dgv,285,LSTransferTreeBoost,0.1,2,2,0.05,0.5,7.629751060302064,5.126887383758023,6.364742305791054,4.426133673023356
0,10,Dgv,285,LSTransferTreeBoost,0.1,1,1,0.05,0.9,6.81298052152581,4.7381796655547355,7.077845367233305,4.959647891921617
0,8,Dgv,285,LSTransferTreeBoost,0.05,1,1,0.01,0.5,6.957400997038702,4.7193591580652585,7.549164944133879,5.041994151656587
0,2,Dgv,380,LSTransferTreeBoost,0.05,1,2,0.01,0.5,7.293583640711661,4.719970752254366,6.517411618153162,4.456070487652039
0,7,Dgv,285,LSTransferTreeBoost,0.05,2,1,0.05,0.5,7.471647803719134,4.933649664997093,7.164012473363513,4.630405486881168
0,10,Dgv,285,LSTransferTreeBoost,0.1,1,2,0.01,0.5,6.797087040054965,4.687062915642294,7.040770317458398,4.899803202846824
0,1,Dgv,285,LSTransferTreeBoost,0.1,2,2,0.05,0.9,7.537722279021469,5.049728112369421,6.190439344714041,4.3725804381953735
0,9,Dgv,285,LSTransferTreeBoost,0.1,2,1,0.01,0.5,6.4644748864446235,4.679825767028437,6.177115625012228,4.382233187538023
0,10,Dgv,285,LSTransferTreeBoost,0.1,1,2,0.01,0.9,6.775416973398203,4.676280928795498,6.969569602419742,4.864007123840414
0,3,Dgv,475,LSTransferTreeBoost,0.05,1,1,0.01,0.9,6.707754863298408,4.775675067423531,6.134393238110869,4.583240372850758
0,9,Dgv,285,LSTransferTreeBoost,0.1,2,1,0.01,0.9,6.479000737200066,4.727915689541409,6.19582854884159,4.45364849831659
0,10,Dgv,285,LSTransferTreeBoost,0.1,1,2,0.05,0.5,6.871399286372832,4.779321893068788,7.1298792013377925,4.964390361164886
0,2,Dgv,380,LSTransferTreeBoost,0.05,1,2,0.01,0.9,7.277503124025923,4.691288006869671,6.461459475043074,4.394657055238535
0,4,Dgv,285,LSTransferTreeBoost,0.05,1,1,0.05,0.5,7.30178835435401,4.544636738687577,7.117575112081207,4.784805568591544
0,6,Dgv,285,LSTransferTreeBoost,0.05,2,1,0.01,0.9,6.814230972551807,4.630176972444052,7.481477066055975,4.774856901445253
0,10,Dgv,285,LSTransferTreeBoost,0.1,1,2,0.05,0.9,6.838302235282479,4.759133992176543,7.0406987354275365,4.881566335020986
0,2,Dgv,380,LSTransferTreeBoost,0.05,1,2,0.05,0.5,7.295118796694714,4.710080900935145,6.548678986427815,4.451238278679752
0,9,Dgv,285,LSTransferTreeBoost,0.1,2,1,0.05,0.5,6.539698461419936,4.8617423988025985,6.256072577969394,4.538479555127619
0,5,Dgv,190,LSTransferTreeBoost,0.05,2,2,0.05,0.9,7.727123020190806,5.1660867883121755,6.659628349346317,4.818660299543672
0,1,Dgv,380,LSTransferTreeBoost,0.05,1,1,0.01,0.5,7.2500650155510575,4.924026728771304,6.092950378348689,4.317165813232876
0,10,Dgv,285,LSTransferTreeBoost,0.1,2,1,0.01,0.5,6.767383419733628,4.648433959157477,7.045358902087449,4.895916586285905
0,2,Dgv,380,LSTransferTreeBoost,0.05,1,2,0.05,0.9,7.307683576607004,4.726348396935322,6.522067060561997,4.437631820063445
0,9,Dgv,285,LSTransferTreeBoost,0.1,2,1,0.05,0.9,6.478041454881445,4.686616154586334,6.173290367319965,4.397563659556803
0,7,Dgv,285,LSTransferTreeBoost,0.05,2,1,0.05,0.9,7.431030452496392,4.894410646296313,7.160204959930311,4.6375837326597305
0,9,Dgv,285,LSTransferTreeBoost,0.1,2,2,0.01,0.5,6.474022934197717,4.592950314874757,6.285000813973288,4.418962189314628
0,3,Dgv,475,LSTransferTreeBoost,0.05,1,1,0.05,0.5,6.789636312833701,4.822877638097292,6.157579439931468,4.606657256342608
0,8,Dgv,285,LSTransferTreeBoost,0.05,1,1,0.01,0.9,6.938963842897831,4.740763755636935,7.524629159526795,5.040784998133556
0,10,Dgv,285,LSTransferTreeBoost,0.1,2,1,0.01,0.9,6.812526014041031,4.718709373380963,7.0254121124911615,4.934096448551925
0,9,Dgv,285,LSTransferTreeBoost,0.1,2,2,0.01,0.9,6.49107404681145,4.6534018234415075,6.231946653253721,4.394667621102212
0,9,Dgv,285,LSTransferTreeBoost,0.1,2,2,0.05,0.5,6.582787994400169,4.613939759818501,6.398199718317536,4.463220191130091
0,2,Dgv,380,LSTransferTreeBoost,0.05,2,1,0.01,0.5,7.18595109040462,4.616635593123659,6.416162328543052,4.355680340805134
0,10,Dgv,285,LSTransferTreeBoost,0.1,2,1,0.05,0.5,6.8119027163130665,4.736922250330255,7.10557000383395,4.964001891608298
0,7,Dgv,285,LSTransferTreeBoost,0.05,2,2,0.01,0.5,7.38268241800728,4.847194359245935,7.144644903055838,4.676898019991698
0,9,Dgv,285,LSTransferTreeBoost,0.1,2,2,0.05,0.9,6.558690222613142,4.629376502265288,6.398117636453711,4.45817748461176
0,5,Dgv,190,LSTransferTreeBoost,0.1,1,1,0.01,0.5,7.621598350729649,5.116302352292506,6.626405720356106,4.676795050767237
0,4,Dgv,285,LSTransferTreeBoost,0.05,1,1,0.05,0.9,7.31512632766049,4.568194946361621,7.138220172168784,4.793677528443691
0,10,Dgv,285,LSTransferTreeBoost,0.1,2,1,0.05,0.9,6.7897406047510795,4.6971048780633975,7.011899744108266,4.8893206891587075
0,1,Dgv,380,LSTransferTreeBoost,0.05,1,1,0.01,0.9,7.206567666029671,4.904738166343213,6.103909518738135,4.308050500847987
0,3,Dgv,475,LSTransferTreeBoost,0.05,1,1,0.05,0.9,6.7719956549900955,4.81204903928142,6.167153362633078,4.61185235503653
0,2,Dgv,380,LSTransferTreeBoost,0.05,2,1,0.01,0.9,7.086063325803418,4.559778159064125,6.348616459815366,4.346064102869964
0,10,Dgv,285,LSTransferTreeBoost,0.1,2,2,0.01,0.5,6.779463122121081,4.677136561173934,6.98348919444366,4.826504361572648
0,6,Dgv,285,LSTransferTreeBoost,0.05,2,1,0.05,0.5,6.920852000640125,4.733574429720084,7.595718856532516,4.909861382956973
0,3,Dgv,475,LSTransferTreeBoost,0.05,1,2,0.01,0.5,6.858289818746672,4.82085561166357,6.10623944687697,4.523864627425253
0,3,Dgv,475,LSTransferTreeBoost,0.05,1,2,0.01,0.9,14.525773260778127,12.210595908809172,13.947549024151268,11.745802836830112
0,7,Dgv,285,LSTransferTreeBoost,0.05,2,2,0.01,0.9,7.294044302638254,4.775051372768176,7.1241093617067675,4.670001587107285
0,4,Dgv,285,LSTransferTreeBoost,0.05,1,2,0.01,0.5,7.264504676328892,4.522630313774109,7.133336548362394,4.8391285337851615
0,10,Dgv,285,LSTransferTreeBoost,0.1,2,2,0.01,0.9,6.764672920959073,4.656093845405393,6.938768688887809,4.845889554424651
0,5,Dgv,190,LSTransferTreeBoost,0.1,1,1,0.01,0.9,7.620648618311291,5.0592836165669475,6.571657790665729,4.643121680661446
0,10,Dgv,285,LSTransferTreeBoost,0.1,2,2,0.05,0.5,6.861155443472899,4.748112478253883,7.118227605602265,4.9209318353461144
0,3,Dgv,475,LSTransferTreeBoost,0.05,1,2,0.05,0.5,6.892960606533391,4.867355363717132,6.134407144980791,4.556159397712228
0,1,Dgv,380,LSTransferTreeBoost,0.05,1,1,0.05,0.5,7.304957866744872,4.928244337925352,6.085636653725574,4.300495864979615
0,10,Dgv,285,LSTransferTreeBoost,0.1,2,2,0.05,0.9,6.809801533607573,4.687873171102643,7.051558671624267,4.883649300687158
0,2,Dgv,380,LSTransferTreeBoost,0.05,2,1,0.05,0.5,7.281500944017371,4.718768384221636,6.475139492351344,4.409307588375184
0,9,Dgv,380,LSTransferTreeBoost,0.05,1,1,0.01,0.5,6.418609033016483,4.586877502836201,6.057599163025143,4.356270866783792
0,8,Dgv,285,LSTransferTreeBoost,0.05,1,1,0.05,0.5,6.920081747781299,4.709981073139721,7.535407427542627,5.034997522209172
0,3,Dgv,475,LSTransferTreeBoost,0.05,1,2,0.05,0.9,7.045715232455232,4.943772952630513,6.340141754530704,4.671685141679319
0,7,Dgv,285,LSTransferTreeBoost,0.05,2,2,0.05,0.5,7.3075289016677525,4.797217717051242,7.123751835478516,4.675096305217583
0,4,Dgv,285,LSTransferTreeBoost,0.05,1,2,0.01,0.9,7.253175610808712,4.509317951500398,7.104791435783406,4.812338754838033
0,2,Dgv,380,LSTransferTreeBoost,0.05,2,1,0.05,0.9,7.265813664403147,4.650826489691904,6.520081952120684,4.4073301071057776
0,1,Dgv,380,LSTransferTreeBoost,0.05,1,1,0.05,0.9,7.311435052355903,4.926750883391394,6.093784335183343,4.310038969994041
0,7,Dgv,285,LSTransferTreeBoost,0.05,2,2,0.05,0.9,7.31843664922749,4.774341897438412,7.135139530337838,4.656541091738363
0,5,Dgv,190,LSTransferTreeBoost,0.1,1,1,0.05,0.5,7.6267195085963175,5.09523955203041,6.635252554413655,4.692830256511755
0,2,Dgv,380,LSTransferTreeBoost,0.05,2,2,0.01,0.5,7.267540790785486,4.691999688874365,6.510614147014952,4.427586848138572
0,3,Dgv,475,LSTransferTreeBoost,0.05,2,1,0.01,0.5,6.731091857080429,4.766113678691311,6.108066514600875,4.547774199932642
0,3,Dgv,475,LSTransferTreeBoost,0.05,2,1,0.01,0.9,13.19212444502689,10.861747122831092,12.44940735527021,10.213332037723857
0,4,Dgv,285,LSTransferTreeBoost,0.05,1,2,0.05,0.5,7.263382327389321,4.5327534867131565,7.111382656520704,4.861165460293149
0,6,Dgv,285,LSTransferTreeBoost,0.05,2,1,0.05,0.9,6.873954154998026,4.729158656098663,7.592436389437287,4.895470582737999
0,1,Dgv,380,LSTransferTreeBoost,0.05,1,2,0.01,0.5,7.282042036643996,4.929295491703951,6.032056475064542,4.282070215983706
0,7,Dgv,285,LSTransferTreeBoost,0.1,1,1,0.01,0.5,7.33901331572388,4.829867360965096,7.119314876906524,4.615652313716302
0,2,Dgv,380,LSTransferTreeBoost,0.05,2,2,0.01,0.9,7.233234815307902,4.634154451501442,6.471392426903928,4.426931126620762
0,10,Dgv,380,LSTransferTreeBoost,0.05,1,1,0.01,0.5,6.660786871398589,4.518380239103663,7.048366561126788,4.790516086800531
0,5,Dgv,190,LSTransferTreeBoost,0.1,1,1,0.05,0.9,7.649374623149287,5.120195033201129,6.615899309498179,4.677631058640174
0,9,Dgv,380,LSTransferTreeBoost,0.05,1,1,0.01,0.9,6.392007387463977,4.612418993905388,6.011402270424555,4.331150186297565
0,6,Dgv,285,LSTransferTreeBoost,0.05,2,2,0.01,0.5,7.000866055050457,4.769579509224095,7.651687729038424,4.921238451362911
0,2,Dgv,380,LSTransferTreeBoost,0.05,2,2,0.05,0.5,7.278917540042362,4.686322750623279,6.587619731771346,4.4703248972749385
0,7,Dgv,285,LSTransferTreeBoost,0.1,1,1,0.01,0.9,7.3192355538620255,4.79321295362018,7.123664201223068,4.600505374113845
0,4,Dgv,285,LSTransferTreeBoost,0.05,1,2,0.05,0.9,7.25922610482997,4.529915896342691,7.093060164371353,4.8414730228928295
0,1,Dgv,380,LSTransferTreeBoost,0.05,1,2,0.01,0.9,7.25175748271845,4.894618892809106,6.042340807218704,4.284942442027612
0,2,Dgv,380,LSTransferTreeBoost,0.05,2,2,0.05,0.9,7.3265054501513225,4.714490792306764,6.554475291791031,4.443166108592772
0,5,Dgv,190,LSTransferTreeBoost,0.1,1,2,0.01,0.5,7.619474317654789,5.103688209941337,6.698852865224708,4.7205655866321425
0,3,Dgv,475,LSTransferTreeBoost,0.05,2,1,0.05,0.5,6.769597724468216,4.788141036137809,6.124630865163182,4.5605208274431455
0,7,Dgv,285,LSTransferTreeBoost,0.1,1,1,0.05,0.5,7.424728284155566,4.877034370431253,7.164138320756993,4.634184236864308
0,2,Dgv,380,LSTransferTreeBoost,0.1,1,1,0.01,0.5,7.171475827940946,4.6666253545532115,6.374073830326688,4.392029837993221
0,1,Dgv,380,LSTransferTreeBoost,0.05,1,2,0.05,0.5,7.290497913764987,4.944674233980886,6.029410517689222,4.30147860889571
0,6,Dgv,285,LSTransferTreeBoost,0.05,2,2,0.01,0.9,6.986132682567758,4.728630947040438,7.615227553947052,4.905921831574357
0,8,Dgv,285,LSTransferTreeBoost,0.05,1,1,0.05,0.9,6.908064841300438,4.699454535362789,7.534654262333199,5.017489031402011
0,5,Dgv,190,LSTransferTreeBoost,0.1,1,2,0.01,0.9,7.714578293732623,5.142930272611515,6.637808810299628,4.693175426678737
0,2,Dgv,380,LSTransferTreeBoost,0.1,1,1,0.01,0.9,7.123498615151314,4.667593720309913,6.41942291675165,4.469970618476501
0,6,Dgv,285,LSTransferTreeBoost,0.05,2,2,0.05,0.5,7.042275796371759,4.811585866105912,7.684451107315937,4.9230397171829425
0,7,Dgv,285,LSTransferTreeBoost,0.1,1,1,0.05,0.9,7.371836478156488,4.844805195678611,7.131708413352199,4.6231319449386215
0,1,Dgv,380,LSTransferTreeBoost,0.05,1,2,0.05,0.9,7.287163707996631,4.9244170330673676,6.004790774181776,4.2510572867219
0,5,Dgv,190,LSTransferTreeBoost,0.1,1,2,0.05,0.5,7.700692778172077,5.0968302510757475,6.64574479987886,4.708915181914959
0,2,Dgv,380,LSTransferTreeBoost,0.1,1,1,0.05,0.5,7.269018861467426,4.737406617279098,6.3837216317721275,4.373154311516419
0,10,Dgv,380,LSTransferTreeBoost,0.05,1,1,0.01,0.9,6.657817924798245,4.519316833282482,7.011419397130522,4.8022221605254565
0,7,Dgv,285,LSTransferTreeBoost,0.1,1,2,0.01,0.5,7.384057887920679,4.850106548132567,7.1687096264530625,4.689186417359038
0,8,Dgv,285,LSTransferTreeBoost,0.05,1,2,0.01,0.5,6.889043924234925,4.781278183001758,7.537177547111169,5.045484437679941
0,3,Dgv,475,LSTransferTreeBoost,0.05,2,1,0.05,0.9,6.990296868976719,4.9201253692102345,6.409205831059489,4.697440432164743
0,5,Dgv,190,LSTransferTreeBoost,0.1,1,2,0.05,0.9,7.701294138440282,5.114130942020402,6.665477121996205,4.705222293389684
0,2,Dgv,380,LSTransferTreeBoost,0.1,1,1,0.05,0.9,7.201607571817084,4.715683043949032,6.390474704288209,4.40602103744114
0,4,Dgv,285,LSTransferTreeBoost,0.05,2,1,0.01,0.5,7.284100950174775,4.54378451566016,7.06489673271308,4.7215618386931695
0,9,Dgv,380,LSTransferTreeBoost,0.05,1,1,0.05,0.5,6.453770790585015,4.652534532081313,6.128081662615732,4.3627257728932705
0,6,Dgv,285,LSTransferTreeBoost,0.05,2,2,0.05,0.9,7.029084893707492,4.807483531692934,7.67159974646788,4.945579874955961
0,2,Dgv,380,LSTransferTreeBoost,0.1,1,2,0.01,0.5,7.267999370198723,4.718778676148833,6.5036165418516125,4.469003105861423
0,7,Dgv,285,LSTransferTreeBoost,0.1,1,2,0.01,0.9,7.303037579315764,4.829753010764655,7.150004853980806,4.703274144575957
0,2,Dgv,380,LSTransferTreeBoost,0.1,1,2,0.01,0.9,7.237301190863351,4.687509527703522,6.443835192588022,4.423881341995002
0,7,Dgv,285,LSTransferTreeBoost,0.1,1,2,0.05,0.5,7.416664392324614,4.850947797429665,7.169135036514843,4.684345644887986
0,3,Dgv,475,LSTransferTreeBoost,0.05,2,2,0.01,0.5,6.823136901237595,4.797217089333252,6.120488174186171,4.496311575758352
0,3,Dgv,475,LSTransferTreeBoost,0.05,2,2,0.01,0.9,13.896800794929975,11.580687802649033,13.233668680977823,11.028929145847657
0,2,Dgv,380,LSTransferTreeBoost,0.1,1,2,0.05,0.5,7.321321206732868,4.707258711986153,6.552047333583672,4.42815992994733
0,7,Dgv,285,LSTransferTreeBoost,0.1,1,2,0.05,0.9,7.430430571951967,4.864108281509842,7.193617847697662,4.652242436695311
0,2,Dgv,380,LSTransferTreeBoost,0.1,1,2,0.05,0.9,7.297162443596413,4.690767154470027,6.512577683933716,4.414749480996363
0,6,Dgv,285,LSTransferTreeBoost,0.1,1,1,0.01,0.5,6.901048057278408,4.696389079489318,7.5760516819458505,4.900634485057017
0,5,Dgv,190,LSTransferTreeBoost,0.1,2,1,0.01,0.5,7.636973645699716,5.050787259921032,6.551900360102541,4.568137869729861
0,1,Dgv,380,LSTransferTreeBoost,0.05,2,1,0.01,0.5,7.182614698143291,4.842656713102427,6.046445411005225,4.273782008436882
0,8,Dgv,285,LSTransferTreeBoost,0.05,1,2,0.01,0.9,6.8858928331154345,4.782990325250122,7.5344050529296736,5.035416979582883
0,3,Dgv,475,LSTransferTreeBoost,0.05,2,2,0.05,0.5,6.857843237770236,4.8185028136346375,6.16455890153302,4.544774871629804
0,2,Dgv,380,LSTransferTreeBoost,0.1,2,1,0.01,0.5,7.13525148078208,4.571890965159509,6.3447698794050424,4.3142036117700995
0,7,Dgv,285,LSTransferTreeBoost,0.1,2,1,0.01,0.5,7.321127147796369,4.787922458951982,7.083709140463048,4.567425616811067
0,10,Dgv,380,LSTransferTreeBoost,0.05,1,1,0.05,0.5,6.704371213207669,4.588942741088141,7.0608773164653,4.842394869087121
0,2,Dgv,380,LSTransferTreeBoost,0.1,2,1,0.01,0.9,7.069402898049007,4.546307653689063,6.33653571071339,4.361485881751658
0,6,Dgv,285,LSTransferTreeBoost,0.1,1,1,0.01,0.9,6.879354289993632,4.66322981258794,7.535630641941753,4.854497558419046
0,4,Dgv,285,LSTransferTreeBoost,0.05,2,1,0.01,0.9,7.257034260613833,4.544715031937667,7.055995332578629,4.687955533129237
0,3,Dgv,475,LSTransferTreeBoost,0.05,2,2,0.05,0.9,7.10704922865542,4.938505791395014,6.435901532203162,4.670631550668887
0,5,Dgv,190,LSTransferTreeBoost,0.1,2,1,0.01,0.9,7.657642723329253,5.076561630257114,6.539029965975318,4.611124146491275
0,7,Dgv,285,LSTransferTreeBoost,0.1,2,1,0.01,0.9,7.265185862520741,4.707930029863367,7.005811971027843,4.519050432739769
0,1,Dgv,380,LSTransferTreeBoost,0.05,2,1,0.01,0.9,7.136427687037424,4.758491669589494,6.051334140999362,4.222148543012699
0,2,Dgv,380,LSTransferTreeBoost,0.1,2,1,0.05,0.5,7.233446836254781,4.664035692886522,6.39925347950945,4.354678940079363
0,9,Dgv,380,LSTransferTreeBoost,0.05,1,1,0.05,0.9,6.440026225427724,4.603212124869515,6.096810614923766,4.335195547751932
0,6,Dgv,285,LSTransferTreeBoost,0.1,1,1,0.05,0.5,6.924825521420816,4.757460306597437,7.606200034671288,4.944217830549855
0,3,Dgv,475,LSTransferTreeBoost,0.1,1,1,0.01,0.5,6.701050246471025,4.736238093645366,6.111613489604979,4.562268742930219
0,8,Dgv,285,LSTransferTreeBoost,0.05,1,2,0.05,0.5,6.813636480778203,4.76439856280732,7.553355774321128,5.101381704003836
0,2,Dgv,380,LSTransferTreeBoost,0.1,2,1,0.05,0.9,7.185773469904521,4.582529708511465,6.397435778533377,4.3199253221430585
0,5,Dgv,190,LSTransferTreeBoost,0.1,2,1,0.05,0.5,7.72414643790285,5.042870240348049,6.517844598411124,4.54327512583651
0,7,Dgv,285,LSTransferTreeBoost,0.1,2,1,0.05,0.5,7.380443949161079,4.850657321681615,7.11838651537763,4.605914587575776
0,2,Dgv,380,LSTransferTreeBoost,0.1,2,2,0.01,0.5,7.266719529729065,4.655707654163026,6.4995088520999245,4.394838126831809
0,3,Dgv,475,LSTransferTreeBoost,0.1,1,1,0.01,0.9,6.7038531353545645,4.804467768758703,6.141448475200677,4.579976352379116
0,6,Dgv,285,LSTransferTreeBoost,0.1,1,1,0.05,0.9,6.907475626864647,4.7267878814186295,7.581344295352343,4.922644994092345
0,2,Dgv,380,LSTransferTreeBoost,0.1,2,2,0.01,0.9,7.191813647508012,4.591271138680808,6.447288347928507,4.406784848268783
0,9,Dgv,380,LSTransferTreeBoost,0.05,1,2,0.01,0.5,6.428130773198081,4.531265202547431,6.122070766977139,4.311768333372813
0,8,Dgv,285,LSTransferTreeBoost,0.05,1,2,0.05,0.9,6.884928112798344,4.770504841962012,7.516720702062279,5.031303413225239
0,6,Dgv,285,LSTransferTreeBoost,0.1,1,2,0.01,0.5,6.975350096272214,4.7320982990887055,7.677318968510574,4.964794470628859
0,2,Dgv,380,LSTransferTreeBoost,0.1,2,2,0.05,0.5,7.286401258566702,4.675213004285529,6.570245222850862,4.441446114501004
0,7,Dgv,285,LSTransferTreeBoost,0.1,2,1,0.05,0.9,7.328402807049259,4.809292524776628,7.102108641055276,4.626747426153237
0,1,Dgv,380,LSTransferTreeBoost,0.05,2,1,0.05,0.5,7.2886400248612135,4.920156580135173,6.089321330239408,4.315005951625487
0,3,Dgv,475,LSTransferTreeBoost,0.1,1,1,0.05,0.5,6.779651534295128,4.825491077681669,6.155231321227747,4.613175534185041
0,10,Dgv,380,LSTransferTreeBoost,0.05,1,1,0.05,0.9,6.691001705145067,4.575109536509207,7.038892989035225,4.825431381911779
0,2,Dgv,380,LSTransferTreeBoost,0.1,2,2,0.05,0.9,7.3026584445864255,4.6974766001846255,6.539005269329185,4.441079072489041
0,5,Dgv,190,LSTransferTreeBoost,0.1,2,1,0.05,0.9,7.612767117733436,5.043108661565336,6.550374717246801,4.582900500262754
0,4,Dgv,285,LSTransferTreeBoost,0.05,2,1,0.05,0.5,7.336555798164065,4.579223825528133,7.168925515890602,4.82202024481994
0,6,Dgv,285,LSTransferTreeBoost,0.1,1,2,0.01,0.9,6.973702363261107,4.692909089283318,7.63718346392222,4.9283950725410355
0,7,Dgv,285,LSTransferTreeBoost,0.1,2,2,0.01,0.5,7.369899311806615,4.855936819927608,7.126223552342163,4.672921794973039
0,3,Dgv,475,LSTransferTreeBoost,0.1,1,1,0.05,0.9,6.740142371226636,4.802235257738581,6.17408050622624,4.627612122768143
0,6,Dgv,285,LSTransferTreeBoost,0.1,1,2,0.05,0.5,7.015590180148217,4.7807849389374715,7.695738969516892,4.965957947848307
0,3,Dgv,475,LSTransferTreeBoost,0.1,1,2,0.01,0.5,6.864559521265712,4.824107204454091,6.132510824917872,4.526118670799251
0,6,Dgv,285,LSTransferTreeBoost,0.1,1,2,0.05,0.9,7.00989144159112,4.767235087794537,7.689095296174535,4.980629587226923
0,9,Dgv,380,LSTransferTreeBoost,0.05,1,2,0.01,0.9,6.404802289291471,4.521414675930521,6.1038497948603245,4.318252819858727
0,3,Dgv,475,LSTransferTreeBoost,0.1,1,2,0.01,0.9,17.03613591936856,14.952458307058071,16.457352212510944,14.39687951961507
0,10,Dgv,380,LSTransferTreeBoost,0.05,1,2,0.01,0.5,6.693864372309807,4.557155981841515,7.04722119062874,4.808438407637373
0,7,Dgv,285,LSTransferTreeBoost,0.1,2,2,0.01,0.9,7.242419996999316,4.753922475083138,7.128095073401055,4.670626234864442
0,3,Dgv,475,LSTransferTreeBoost,0.1,1,2,0.05,0.5,6.880253386675721,4.8337942849117965,6.117927297962083,4.519036429597195
0,3,Dgv,475,LSTransferTreeBoost,0.1,1,2,0.05,0.9,12.560829699428226,10.320731950363601,12.002918403828511,9.881212818531608
0,5,Dgv,190,LSTransferTreeBoost,0.1,2,2,0.01,0.5,7.592581985706252,5.062194693299772,6.617688077192371,4.649830880663961
0,7,Dgv,285,LSTransferTreeBoost,0.1,2,2,0.05,0.5,7.299412497159484,4.785399846865562,7.127615759144792,4.666567679575634
0,6,Dgv,285,LSTransferTreeBoost,0.1,2,1,0.01,0.5,6.846601002822673,4.659302210048927,7.536516188737964,4.830705390294672
0,9,Dgv,380,LSTransferTreeBoost,0.05,1,2,0.05,0.5,6.459524797981532,4.550360686919186,6.176186289923236,4.325841880377957
0,1,Dgv,380,LSTransferTreeBoost,0.05,2,1,0.05,0.9,7.247384287152047,4.859477443336264,6.07091254522156,4.2850020316109285
0,3,Dgv,475,LSTransferTreeBoost,0.1,2,1,0.01,0.5,6.704336438220157,4.731872879024815,6.0858941382107,4.522191642672636
0,3,Dgv,475,LSTransferTreeBoost,0.1,2,1,0.01,0.9,14.840463500904203,12.73852506034535,14.03915941967275,12.004689315947166
0,7,Dgv,285,LSTransferTreeBoost,0.1,2,2,0.05,0.9,7.376713289201019,4.871842021366358,7.2093517933768805,4.748384022014913
0,10,Dgv,380,LSTransferTreeBoost,0.05,1,2,0.01,0.9,6.69363421294539,4.580705443097952,7.005847677894378,4.796273825094839
0,8,Dgv,285,LSTransferTreeBoost,0.05,2,1,0.01,0.5,6.871929217199489,4.646144228083838,7.439842348205995,4.976264758749245
0,2,Dgv,475,LSTransferTreeBoost,0.05,1,1,0.01,0.5,7.052283771701161,4.579907877584439,6.327073319312348,4.397285001679224
0,3,Dgv,475,LSTransferTreeBoost,0.1,2,1,0.05,0.5,6.765481807715419,4.787631601072418,6.111706779536667,4.548621562319598
0,9,Dgv,380,LSTransferTreeBoost,0.05,1,2,0.05,0.9,6.45976768887779,4.552837899427638,6.21658173168962,4.37905665806792
0,3,Dgv,475,LSTransferTreeBoost,0.1,2,1,0.05,0.9,11.396296223556915,9.149603987096175,10.71611516066685,8.550569857157008
0,6,Dgv,285,LSTransferTreeBoost,0.1,2,1,0.01,0.9,6.778790899623511,4.606007570902272,7.437173088365382,4.750562623129111
0,5,Dgv,190,LSTransferTreeBoost,0.1,2,2,0.01,0.9,7.630033742402096,5.068125261548964,6.64839482713074,4.6579041466113
0,10,Dgv,380,LSTransferTreeBoost,0.05,1,2,0.05,0.5,6.7245958396877485,4.595047563962414,7.06004397023655,4.8359263168857005
0,1,Dgv,380,LSTransferTreeBoost,0.05,2,2,0.01,0.5,7.2699559539619125,4.906752192847383,5.992932291244824,4.251653317182297
0,3,Dgv,475,LSTransferTreeBoost,0.1,2,2,0.01,0.5,6.820762414300979,4.814946591629743,6.126964190014268,4.51050092448186
0,3,Dgv,475,LSTransferTreeBoost,0.1,2,2,0.01,0.9,16.091212657817245,14.051218607868659,15.404440475627258,13.42738003523995
0,3,Dgv,475,LSTransferTreeBoost,0.1,2,2,0.05,0.5,6.867363914634075,4.79650338570416,6.152509122138662,4.508053797437161
0,5,Dgv,190,LSTransferTreeBoost,0.1,2,2,0.05,0.5,7.739586667141654,5.167927571191798,6.621345673453379,4.748096739710075
0,3,Dgv,475,LSTransferTreeBoost,0.1,2,2,0.05,0.9,12.02370558479274,9.776357505819055,11.396923150140365,9.26482142575597
0,10,Dgv,380,LSTransferTreeBoost,0.05,1,2,0.05,0.9,6.710045481590252,4.566615511003869,7.063880769066339,4.820028420104721
0,6,Dgv,285,LSTransferTreeBoost,0.1,2,1,0.05,0.5,6.915380407342332,4.76051347958578,7.621616037095246,4.942557037473717
0,4,Dgv,285,LSTransferTreeBoost,0.05,2,1,0.05,0.9,7.278597261864362,4.532480940865337,7.075644893908408,4.739128962393265
0,5,Dgv,190,LSTransferTreeBoost,0.1,2,2,0.05,0.9,7.697156793270411,5.0282522488498405,6.575864235631619,4.584651244732399
0,7,Dgv,380,LSTransferTreeBoost,0.05,1,1,0.01,0.5,7.307626861366018,4.704509093749137,7.002065834825706,4.500564156191111
0,1,Dgv,380,LSTransferTreeBoost,0.05,2,2,0.01,0.9,7.195326135579445,4.82330121138473,6.007184706525283,4.2349432734370245
0,2,Dgv,475,LSTransferTreeBoost,0.05,1,1,0.01,0.9,7.045896403654551,4.62026991484208,6.382134211824987,4.479018637597296
0,9,Dgv,380,LSTransferTreeBoost,0.05,2,1,0.01,0.5,6.403214089479016,4.606587052114298,6.077125494099674,4.333112819256286
0,6,Dgv,285,LSTransferTreeBoost,0.1,2,1,0.05,0.9,6.815289790044534,4.682101074812387,7.555795797431473,4.848654926792046
0,4,Dgv,285,LSTransferTreeBoost,0.05,2,2,0.01,0.5,7.288310080985214,4.537770719274298,7.159606068723997,4.852763035407307
0,8,Dgv,285,LSTransferTreeBoost,0.05,2,1,0.01,0.9,6.859037782725842,4.650006643465294,7.4130843312032715,4.946853854555839
0,6,Dgv,285,LSTransferTreeBoost,0.1,2,2,0.01,0.5,6.981431057449062,4.730702663750406,7.595771623838476,4.876318100761189
0,1,Dgv,380,LSTransferTreeBoost,0.05,2,2,0.05,0.5,7.327003036766877,4.941586086283492,5.988579257076436,4.217149647378771
0,6,Dgv,285,LSTransferTreeBoost,0.1,2,2,0.01,0.9,6.889187546435124,4.635113675438928,7.561786734604665,4.865624074611638
0,3,Dgv,570,LSTransferTreeBoost,0.05,1,1,0.01,0.5,6.6605769767586525,4.646255553931886,6.060302509531637,4.504374185198967
0,10,Dgv,380,LSTransferTreeBoost,0.05,2,1,0.01,0.5,6.653997448097098,4.53742815867723,7.038949468567562,4.789892135403129
0,6,Dgv,285,LSTransferTreeBoost,0.1,2,2,0.05,0.5,7.022331340213519,4.793439999091452,7.669207460625161,4.931847121390722
0,5,Dgv,285,LSTransferTreeBoost,0.05,1,1,0.01,0.5,7.589016538947668,5.029500140308314,6.301747562656874,4.484583140500611
0,6,Dgv,285,LSTransferTreeBoost,0.1,2,2,0.05,0.9,7.011254264871733,4.786710973001674,7.670836320281195,4.947558535960669
0,4,Dgv,285,LSTransferTreeBoost,0.05,2,2,0.01,0.9,7.249475873866459,4.500665388327467,7.093519114100011,4.784247651494407
0,1,Dgv,380,LSTransferTreeBoost,0.05,2,2,0.05,0.9,7.2871585037123054,4.905877722156288,5.964495073705009,4.192340344050029
0,7,Dgv,380,LSTransferTreeBoost,0.05,1,1,0.01,0.9,7.241283756363822,4.676466920098294,6.966409596211992,4.499992408262825
0,4,Dgv,285,LSTransferTreeBoost,0.05,2,2,0.05,0.5,7.3319294908472035,4.548584008540188,7.206508321958679,4.9050583665686665
0,2,Dgv,475,LSTransferTreeBoost,0.05,1,1,0.05,0.5,7.068734160142089,4.577069558330447,6.322359485231094,4.361554649202046
0,9,Dgv,380,LSTransferTreeBoost,0.05,2,1,0.01,0.9,6.383885549118973,4.540051811373703,5.990029206555663,4.208644588211898
0,1,Dgv,380,LSTransferTreeBoost,0.1,1,1,0.01,0.5,7.217668721192291,4.882414327250176,6.077502239844534,4.28091582129495
0,10,Dgv,380,LSTransferTreeBoost,0.05,2,1,0.01,0.9,6.646996758480573,4.518088502947547,6.9962927431932105,4.782497157674643
0,4,Dgv,285,LSTransferTreeBoost,0.05,2,2,0.05,0.9,7.344421810995585,4.555671302631574,7.220845567925787,4.911763605062096
0,3,Dgv,570,LSTransferTreeBoost,0.05,1,1,0.01,0.9,6.6479606813952365,4.675243699868596,6.066073156719017,4.509753212519021
0,1,Dgv,380,LSTransferTreeBoost,0.1,1,1,0.01,0.9,7.188653266991002,4.890376189558594,6.09197423292687,4.289591609988577
0,8,Dgv,285,LSTransferTreeBoost,0.05,2,1,0.05,0.5,6.883158127466806,4.677760925850415,7.469022886421163,5.006835621492734
0,4,Dgv,285,LSTransferTreeBoost,0.1,1,1,0.01,0.5,7.292613525563866,4.574404382980256,7.088012336067417,4.75659773192557
0,1,Dgv,380,LSTransferTreeBoost,0.1,1,1,0.05,0.5,7.275373119957421,4.92588035691763,6.069113606164532,4.3088134778435245
0,6,Dgv,380,LSTransferTreeBoost,0.05,1,1,0.01,0.5,6.901411392233132,4.72238768528062,7.530847135009141,4.864262495636906
0,5,Dgv,285,LSTransferTreeBoost,0.05,1,1,0.01,0.9,7.552105582105491,5.035150382991895,6.298343963349898,4.493626099574687
0,2,Dgv,475,LSTransferTreeBoost,0.05,1,1,0.05,0.9,7.064811745280663,4.576146960382065,6.31764113135177,4.375579027761125
0,1,Dgv,380,LSTransferTreeBoost,0.1,1,1,0.05,0.9,7.256185090582131,4.9187092435555115,6.115143884813825,4.3199151383421945
0,7,Dgv,380,LSTransferTreeBoost,0.05,1,1,0.05,0.5,7.318295558437262,4.73579228934848,6.983483153892885,4.530173372312605
0,3,Dgv,570,LSTransferTreeBoost,0.05,1,1,0.05,0.5,6.713111457956909,4.709142647838498,6.11063344766569,4.562924628139287
0,4,Dgv,285,LSTransferTreeBoost,0.1,1,1,0.01,0.9,7.309117461864279,4.620042207209772,7.095746877877709,4.77459187133079
0,1,Dgv,380,LSTransferTreeBoost,0.1,1,2,0.01,0.5,7.262349045847491,4.904839211222746,6.033017960779812,4.270044203881957
0,9,Dgv,380,LSTransferTreeBoost,0.05,2,1,0.05,0.5,6.456473044938732,4.6411216759690594,6.164817450734609,4.372137246323423
0,2,Dgv,475,LSTransferTreeBoost,0.05,1,2,0.01,0.5,7.089967961547049,4.545962126586688,6.454399134356053,4.423941918842805
0,1,Dgv,380,LSTransferTreeBoost,0.1,1,2,0.01,0.9,7.244608013709977,4.889911809988441,6.056632090682547,4.277546636418422
0,8,Dgv,285,LSTransferTreeBoost,0.05,2,1,0.05,0.9,6.892348899688997,4.651201463529478,7.452809436116349,5.005120144707356
0,5,Dgv,285,LSTransferTreeBoost,0.05,1,1,0.05,0.5,7.619255133380132,5.022243663433739,6.328746236773258,4.54729032189976
0,1,Dgv,380,LSTransferTreeBoost,0.1,1,2,0.05,0.5,7.276925845549245,4.912589982786043,6.010812014833972,4.250244114020559
0,6,Dgv,380,LSTransferTreeBoost,0.05,1,1,0.01,0.9,6.920305688191683,4.709579415707589,7.485862688921914,4.855618396404235
0,4,Dgv,285,LSTransferTreeBoost,0.1,1,1,0.05,0.5,7.295999190500493,4.558009872181953,7.105118919740215,4.771188014728041
0,10,Dgv,380,LSTransferTreeBoost,0.05,2,1,0.05,0.5,6.684735866169857,4.563874995256121,7.038756409760999,4.812066678289866
0,3,Dgv,570,LSTransferTreeBoost,0.05,1,1,0.05,0.9,6.698621184551276,4.699915646994889,6.093737519361351,4.549210131428238
0,1,Dgv,380,LSTransferTreeBoost,0.1,1,2,0.05,0.9,7.279868747319301,4.903833167173796,6.013097120499855,4.244280410723687
0,2,Dgv,475,LSTransferTreeBoost,0.05,1,2,0.01,0.9,7.0645635164700336,4.535034814424128,6.428460550127706,4.428163369295465
0,2,Dgv,475,LSTransferTreeBoost,0.05,1,2,0.05,0.5,7.1040683893704735,4.583119439751869,6.468176151033602,4.438776428590672
0,4,Dgv,285,LSTransferTreeBoost,0.1,1,1,0.05,0.9,7.2985780974122525,4.57995182603279,7.096783292399611,4.76155770768914
0,8,Dgv,285,LSTransferTreeBoost,0.05,2,2,0.01,0.5,6.873486130734394,4.739395501445909,7.5147153713663055,5.024543931336631
0,7,Dgv,380,LSTransferTreeBoost,0.05,1,1,0.05,0.9,7.30109141791851,4.720748882797417,6.997575852786441,4.517181287489376
0,1,Dgv,380,LSTransferTreeBoost,0.1,2,1,0.01,0.5,7.156846564625124,4.808909967322323,6.038111735170004,4.24383028002087
0,3,Dgv,570,LSTransferTreeBoost,0.05,1,2,0.01,0.5,6.727615887625522,4.670412430453752,5.9686385874552,4.4175813854858115
0,3,Dgv,570,LSTransferTreeBoost,0.05,1,2,0.01,0.9,14.473358791923658,12.21183462167796,13.941822832569834,11.782067510809119
0,5,Dgv,285,LSTransferTreeBoost,0.05,1,1,0.05,0.9,7.615139202715782,5.028394034821832,6.324898085589832,4.538014130403213
0,2,Dgv,475,LSTransferTreeBoost,0.05,1,2,0.05,0.9,7.098166849509952,4.561390710874921,6.482078676270306,4.442608312020873
0,4,Dgv,285,LSTransferTreeBoost,0.1,1,2,0.01,0.5,7.262307747674279,4.559677866922968,7.074127351009238,4.79899516045611
0,1,Dgv,380,LSTransferTreeBoost,0.1,2,1,0.01,0.9,7.109356456953573,4.76848275390358,6.070562724860552,4.241583058633799
0,3,Dgv,570,LSTransferTreeBoost,0.05,1,2,0.05,0.5,6.774897649407853,4.764340662006434,6.044308822877789,4.52119864794888
0,6,Dgv,380,LSTransferTreeBoost,0.05,1,1,0.05,0.5,6.917650385039971,4.735877454849672,7.5722854500006305,4.89574331784737
0,7,Dgv,380,LSTransferTreeBoost,0.05,1,2,0.01,0.5,7.302644845002491,4.6794212583962045,7.02369446692929,4.573276511057092
0,4,Dgv,285,LSTransferTreeBoost,0.1,1,2,0.01,0.9,7.2445235360671365,4.540182373513438,7.107024285423934,4.793052600731404
0,9,Dgv,380,LSTransferTreeBoost,0.05,2,1,0.05,0.9,6.419453010398263,4.584405307460828,6.097467448295596,4.3063980601439225
0,5,Dgv,285,LSTransferTreeBoost,0.05,1,2,0.01,0.5,7.608426583392729,5.019784557109671,6.3211721526084705,4.492312719145891
0,3,Dgv,570,LSTransferTreeBoost,0.05,1,2,0.05,0.9,6.883996402749881,4.811876434434759,6.200500196430146,4.601261554474525
0,8,Dgv,285,LSTransferTreeBoost,0.05,2,2,0.01,0.9,6.898568070763439,4.730281765381072,7.495260805255722,4.99261445634576
0,4,Dgv,285,LSTransferTreeBoost,0.1,1,2,0.05,0.5,7.254482461977286,4.526686413281177,7.10300755335204,4.834889805920285
0,1,Dgv,380,LSTransferTreeBoost,0.1,2,1,0.05,0.5,7.229914495316287,4.8733777137773435,6.0562096332594555,4.286410734939646
0,10,Dgv,380,LSTransferTreeBoost,0.05,2,1,0.05,0.9,6.673654138367154,4.551909722885107,7.037487699660366,4.796005786250441
0,4,Dgv,285,LSTransferTreeBoost,0.1,1,2,0.05,0.9,7.262582360093208,4.530548763780937,7.077540270587029,4.830090023348357
0,1,Dgv,380,LSTransferTreeBoost,0.1,2,1,0.05,0.9,7.188931206021397,4.838035207998637,6.053172646349924,4.281987856628725
0,7,Dgv,380,LSTransferTreeBoost,0.05,1,2,0.01,0.9,7.318958896846411,4.691104610537141,7.060754284154054,4.578959815768964
0,9,Dgv,380,LSTransferTreeBoost,0.05,2,2,0.01,0.5,6.429238137558565,4.527719541232283,6.153977033663984,4.332451846712678
0,2,Dgv,475,LSTransferTreeBoost,0.05,2,1,0.01,0.5,7.025532341641768,4.503423581115292,6.306129662266258,4.346631981125515
0,6,Dgv,380,LSTransferTreeBoost,0.05,1,1,0.05,0.9,6.9293183520742065,4.754514215779661,7.576136209084106,4.920398215865839
0,5,Dgv,285,LSTransferTreeBoost,0.05,1,2,0.01,0.9,7.631346209430913,5.045154163867488,6.3132169157368665,4.464955879555042
0,1,Dgv,380,LSTransferTreeBoost,0.1,2,2,0.01,0.5,7.257948664184374,4.881253359307341,6.003650841778769,4.236274593977003
0,4,Dgv,285,LSTransferTreeBoost,0.1,2,1,0.01,0.5,7.273217831933832,4.543110157854015,7.068212187885869,4.714157172518416
0,10,Dgv,380,LSTransferTreeBoost,0.05,2,2,0.01,0.5,6.705092977100506,4.550284993146212,7.05207523674064,4.813761473305965
0,7,Dgv,380,LSTransferTreeBoost,0.05,1,2,0.05,0.5,7.314847401747635,4.685661942120869,7.030148708716245,4.604915986307992
0,8,Dgv,285,LSTransferTreeBoost,0.05,2,2,0.05,0.5,6.803847006473932,4.7640636645333005,7.539759314002244,5.103503136807888
0,3,Dgv,570,LSTransferTreeBoost,0.05,2,1,0.01,0.5,6.661884619358152,4.6807370368342625,6.028355159070047,4.47123934334904
0,3,Dgv,570,LSTransferTreeBoost,0.05,2,1,0.01,0.9,12.895281172621008,10.636838941148488,12.200412397853574,10.034879807533963
0,1,Dgv,380,LSTransferTreeBoost,0.1,2,2,0.01,0.9,7.207790707042499,4.798201322062526,6.031157045778184,4.2418258528953166
0,5,Dgv,285,LSTransferTreeBoost,0.05,1,2,0.05,0.5,7.59917505274754,4.990637891297096,6.313404779461209,4.492283026744621
0,9,Dgv,380,LSTransferTreeBoost,0.05,2,2,0.01,0.9,6.395383378247101,4.5059785584593905,6.054704132364057,4.259186088238355
0,1,Dgv,380,LSTransferTreeBoost,0.1,2,2,0.05,0.5,7.30315554647109,4.923042976382238,5.993364683843929,4.228623343596365
0,7,Dgv,380,LSTransferTreeBoost,0.05,1,2,0.05,0.9,7.310627520217973,4.671177722293471,7.029403713962317,4.578248305160545
0,4,Dgv,285,LSTransferTreeBoost,0.1,2,1,0.01,0.9,7.255485705959365,4.558041347332727,7.033347050107202,4.681137002677143
0,6,Dgv,380,LSTransferTreeBoost,0.05,1,2,0.01,0.5,6.851987373400795,4.697383541049088,7.503612211228556,4.854440234129114
0,10,Dgv,380,LSTransferTreeBoost,0.05,2,2,0.01,0.9,6.708480804988835,4.567130802626601,7.014430426159698,4.780437997778179
0,5,Dgv,285,LSTransferTreeBoost,0.05,1,2,0.05,0.9,7.6278255130428505,5.0316798635228315,6.328804997710546,4.520960750716262
0,2,Dgv,475,LSTransferTreeBoost,0.05,2,1,0.01,0.9,6.989131489303001,4.475609376623841,6.33618789246742,4.340876924230862
0,1,Dgv,380,LSTransferTreeBoost,0.1,2,2,0.05,0.9,7.272143780023847,4.869846029485021,5.994267160476217,4.204463230131095
0,8,Dgv,285,LSTransferTreeBoost,0.05,2,2,0.05,0.9,6.871049247195245,4.736458719852375,7.512592607031944,5.01488416308776
0,9,Dgv,380,LSTransferTreeBoost,0.05,2,2,0.05,0.5,6.475756612098551,4.576975512759052,6.259164477840985,4.416213999794115
0,10,Dgv,380,LSTransferTreeBoost,0.05,2,2,0.05,0.5,6.755330383929433,4.57156272566087,7.1438775828847945,4.858677753740762
0,4,Dgv,285,LSTransferTreeBoost,0.1,2,1,0.05,0.5,7.302050153551821,4.518262431390628,7.08510837795838,4.723653934288781
0,9,Dgv,380,LSTransferTreeBoost,0.05,2,2,0.05,0.9,6.504627976158876,4.576707662006721,6.2683739097450255,4.420337414383334
0,10,Dgv,380,LSTransferTreeBoost,0.05,2,2,0.05,0.9,6.735463399563855,4.580107443583174,7.1213175542272165,4.85701162468697
0,8,Dgv,285,LSTransferTreeBoost,0.1,1,1,0.01,0.5,6.914422091654395,4.698230579148537,7.539168263445805,5.040625711288436
0,6,Dgv,380,LSTransferTreeBoost,0.05,1,2,0.01,0.9,6.870759783639156,4.681001254699446,7.526851524175838,4.855786223367849
0,3,Dgv,570,LSTransferTreeBoost,0.05,2,1,0.05,0.5,6.69633665566307,4.6960112566050505,6.0743829362030475,4.515030724898091
0,4,Dgv,285,LSTransferTreeBoost,0.1,2,1,0.05,0.9,7.280452875845833,4.519291396291693,7.076774098846285,4.6927539455987475
0,5,Dgv,285,LSTransferTreeBoost,0.05,2,1,0.01,0.5,7.62480589470308,4.992263018469612,6.265683006021138,4.404680057298767
0,9,Dgv,380,LSTransferTreeBoost,0.1,1,1,0.01,0.5,6.403149522565752,4.58555118065345,6.037806054697299,4.358836648875459
0,1,Dgv,475,LSTransferTreeBoost,0.05,1,1,0.01,0.5,7.2742984236134,4.9066657490563435,6.049404130095415,4.274747602441382
0,10,Dgv,380,LSTransferTreeBoost,0.1,1,1,0.01,0.5,6.665286074067111,4.535544818395566,7.022354406921525,4.803339934059477
0,4,Dgv,285,LSTransferTreeBoost,0.1,2,2,0.01,0.5,7.263931856590505,4.549982136700233,7.090492222151688,4.790499412194432
0,6,Dgv,380,LSTransferTreeBoost,0.05,1,2,0.05,0.5,6.886543491962639,4.733412485194031,7.525656608887272,4.849255886037382
0,7,Dgv,380,LSTransferTreeBoost,0.05,2,1,0.01,0.5,7.2466819693810365,4.69770044829669,6.944300927401598,4.517668663993634
0,8,Dgv,285,LSTransferTreeBoost,0.1,1,1,0.01,0.9,6.908030497084134,4.71811112438938,7.490166014146592,5.016129649338826
0,4,Dgv,285,LSTransferTreeBoost,0.1,2,2,0.01,0.9,7.239489522393888,4.547335706603879,7.0727807347265825,4.761622410642235
0,2,Dgv,475,LSTransferTreeBoost,0.05,2,1,0.05,0.5,7.053791406123574,4.54322017182214,6.326252323594182,4.352983203079731
0,10,Dgv,380,LSTransferTreeBoost,0.1,1,1,0.01,0.9,6.672019815319698,4.554992548941986,7.009291394748899,4.823932401785364
0,9,Dgv,380,LSTransferTreeBoost,0.1,1,1,0.01,0.9,6.3958698335857855,4.607652543212401,5.962076939038702,4.2812403957975285
0,4,Dgv,285,LSTransferTreeBoost,0.1,2,2,0.05,0.5,7.255073714009876,4.479017794936832,7.129821880746089,4.823409677518067
0,6,Dgv,380,LSTransferTreeBoost,0.05,1,2,0.05,0.9,6.896383739336983,4.730712442940847,7.502878818483147,4.843809731560137
0,3,Dgv,570,LSTransferTreeBoost,0.05,2,1,0.05,0.9,6.883683687918878,4.8210656568423245,6.306005091108704,4.6334610517044466
0,4,Dgv,285,LSTransferTreeBoost,0.1,2,2,0.05,0.9,7.313749092963616,4.542243193124511,7.152889637442687,4.836271747793179
0,5,Dgv,285,LSTransferTreeBoost,0.05,2,1,0.01,0.9,7.57328830657639,4.972816338189757,6.276151382769987,4.398892181033972
0,7,Dgv,380,LSTransferTreeBoost,0.05,2,1,0.01,0.9,7.246958809148224,4.643925099250871,6.957046893432402,4.465412796290986
0,10,Dgv,380,LSTransferTreeBoost,0.1,1,1,0.05,0.5,6.683393950870041,4.562987095784757,7.0246601126846056,4.8087241973285835
0,8,Dgv,285,LSTransferTreeBoost,0.1,1,1,0.05,0.5,6.905544807273593,4.713458804304348,7.535445515671633,5.028165218492571
0,1,Dgv,475,LSTransferTreeBoost,0.05,1,1,0.01,0.9,7.228787230583674,4.886580840204871,6.041521751545846,4.24431046642819
0,9,Dgv,380,LSTransferTreeBoost,0.1,1,1,0.05,0.5,6.427684094210104,4.604484794690941,6.0876587100723425,4.325906748858073
0,2,Dgv,475,LSTransferTreeBoost,0.05,2,1,0.05,0.9,7.078801561650313,4.562939636662637,6.36646818131137,4.37211036424389
0,3,Dgv,570,LSTransferTreeBoost,0.05,2,2,0.01,0.5,6.731943987396986,4.682129506879497,6.00406111219503,4.4094351301224135
0,3,Dgv,570,LSTransferTreeBoost,0.05,2,2,0.01,0.9,13.754101105142716,11.498127260396046,13.133878544926766,10.983005746376511
0,10,Dgv,380,LSTransferTreeBoost,0.1,1,1,0.05,0.9,6.663745547791571,4.55262844843757,7.008234884158296,4.8097430454601
0,8,Dgv,285,LSTransferTreeBoost,0.1,1,1,0.05,0.9,6.916154977627356,4.705204142845805,7.533664776432281,5.011318785062991
0,9,Dgv,380,LSTransferTreeBoost,0.1,1,1,0.05,0.9,6.400007833521455,4.580490146776848,6.029349447261113,4.303738991200336
0,2,Dgv,475,LSTransferTreeBoost,0.05,2,2,0.01,0.5,7.0638646266492495,4.5321554361988525,6.488488080174731,4.4654446539419546
0,3,Dgv,570,LSTransferTreeBoost,0.05,2,2,0.05,0.5,6.743970600524467,4.708103859221079,6.0292233412174845,4.4652437560365765
0,6,Dgv,380,LSTransferTreeBoost,0.05,2,1,0.01,0.5,6.87685310961675,4.657598100568168,7.499275696328856,4.799338830097136
0,10,Dgv,380,LSTransferTreeBoost,0.1,1,2,0.01,0.5,6.666840871562297,4.533831063444945,6.996958673433985,4.757629845687757
0,9,Dgv,380,LSTransferTreeBoost,0.1,1,2,0.01,0.5,6.422017559262771,4.539609986536498,6.11730705616011,4.332583422566403
0,8,Dgv,285,LSTransferTreeBoost,0.1,1,2,0.01,0.5,6.889326727810563,4.780900445173895,7.566162098237787,5.061276722529775
0,4,Dgv,380,LSTransferTreeBoost,0.05,1,1,0.01,0.5,7.3110934965440935,4.617076711415024,7.045302882832831,4.72337283048936
0,10,Dgv,380,LSTransferTreeBoost,0.1,1,2,0.01,0.9,6.641349051822459,4.515988375344689,6.954169653498425,4.7568001930652555
0,3,Dgv,570,LSTransferTreeBoost,0.05,2,2,0.05,0.9,6.915557200373202,4.805279675843875,6.2273184323503035,4.557700846388137
0,7,Dgv,380,LSTransferTreeBoost,0.05,2,1,0.05,0.5,7.338916144635986,4.738021286761989,6.996370390110116,4.526704383038777
0,10,Dgv,380,LSTransferTreeBoost,0.1,1,2,0.05,0.5,6.7164188802911085,4.547477680828409,7.097738854247485,4.822248421424914
0,2,Dgv,475,LSTransferTreeBoost,0.05,2,2,0.01,0.9,7.0637033947051275,4.5023907935111955,6.441196107064599,4.433467379847601
0,9,Dgv,380,LSTransferTreeBoost,0.1,1,2,0.01,0.9,6.430742001635984,4.545093014338992,6.116027859228451,4.28681197696491
0,8,Dgv,285,LSTransferTreeBoost,0.1,1,2,0.01,0.9,6.899506233174045,4.751952415985932,7.508527914624744,5.0031726528724265
0,1,Dgv,475,LSTransferTreeBoost,0.05,1,1,0.05,0.5,7.3321137172997926,4.872741323385459,6.017546155328017,4.236537181040097
0,10,Dgv,380,LSTransferTreeBoost,0.1,1,2,0.05,0.9,6.70247895144867,4.548892676569293,7.066395844723134,4.8251160799121635
0,9,Dgv,380,LSTransferTreeBoost,0.1,1,2,0.05,0.5,6.476954626681554,4.570692194950553,6.16381743530852,4.340945409926125
0,3,Dgv,570,LSTransferTreeBoost,0.1,1,1,0.01,0.5,6.65409367085672,4.6778765011045484,6.0640792206221175,4.518819346650472
0,8,Dgv,285,LSTransferTreeBoost,0.1,1,2,0.05,0.5,6.885228062212709,4.798928527033998,7.55118204672331,5.0737449680262925
0,5,Dgv,285,LSTransferTreeBoost,0.05,2,1,0.05,0.5,7.603236335831646,5.014241334972356,6.300576846740562,4.505579480775244
0,6,Dgv,380,LSTransferTreeBoost,0.05,2,1,0.01,0.9,6.818784650710403,4.6164773673784,7.443882226478368,4.738062136970157
0,2,Dgv,475,LSTransferTreeBoost,0.05,2,2,0.05,0.5,7.100912313278339,4.562346255114273,6.539447728843766,4.4689123343872605
0,9,Dgv,380,LSTransferTreeBoost,0.1,1,2,0.05,0.9,6.4344347122339745,4.508699711570869,6.149158194717891,4.250205839405291
0,8,Dgv,285,LSTransferTreeBoost,0.1,1,2,0.05,0.9,6.892456156887142,4.776761045618136,7.5654975472356405,5.04422903233373
0,10,Dgv,380,LSTransferTreeBoost,0.1,2,1,0.01,0.5,6.6625653550358015,4.545886887847384,7.015506148055556,4.790021715484124
0,3,Dgv,570,LSTransferTreeBoost,0.1,1,1,0.01,0.9,6.646874263256974,4.720842896719254,6.071922618037821,4.514033982777839
0,2,Dgv,475,LSTransferTreeBoost,0.05,2,2,0.05,0.9,7.093837134234156,4.542909155575295,6.526747567639952,4.478403505655298
0,7,Dgv,380,LSTransferTreeBoost,0.05,2,1,0.05,0.9,7.337968326259635,4.745549025761389,7.014153813194747,4.520406544624413
0,4,Dgv,380,LSTransferTreeBoost,0.05,1,1,0.01,0.9,7.29605835172705,4.634074675996386,7.041264828480459,4.738577905109604
0,3,Dgv,570,LSTransferTreeBoost,0.1,1,1,0.05,0.5,6.703982031059124,4.710705675957802,6.092726110592723,4.548880737761167
0,10,Dgv,380,LSTransferTreeBoost,0.1,2,1,0.01,0.9,6.64878337210221,4.520923160973459,6.982821262794068,4.779630030573097
0,9,Dgv,380,LSTransferTreeBoost,0.1,2,1,0.01,0.5,6.381075404293566,4.557112677023687,6.013077024464928,4.24238663921144
0,8,Dgv,285,LSTransferTreeBoost,0.1,2,1,0.01,0.5,6.864299400975365,4.649583025028605,7.430292951989214,4.963093896480454
0,8,Dgv,285,LSTransferTreeBoost,0.1,2,1,0.01,0.9,9.054710958240934,7.076178476312151,9.057928496003951,6.944159424041881
0,1,Dgv,475,LSTransferTreeBoost,0.05,1,1,0.05,0.9,7.2974204447381075,4.867441659507883,6.021220504435927,4.249651721426918
0,3,Dgv,570,LSTransferTreeBoost,0.1,1,1,0.05,0.9,6.682071578597669,4.715758356885127,6.085222637217007,4.5510980600349775
0,2,Dgv,475,LSTransferTreeBoost,0.1,1,1,0.01,0.5,7.048598024365315,4.599586610884065,6.335949350116836,4.418083901179707
0,10,Dgv,380,LSTransferTreeBoost,0.1,2,1,0.05,0.5,6.705237852538597,4.6023486468201655,7.080783194177145,4.8411626350481605
0,7,Dgv,380,LSTransferTreeBoost,0.05,2,2,0.01,0.5,7.279622450621624,4.6688616227777855,7.007982555974605,4.59173923255846
0,8,Dgv,285,LSTransferTreeBoost,0.1,2,1,0.05,0.5,6.902785145497594,4.666428103449441,7.461495479848763,5.007002510609274
0,3,Dgv,570,LSTransferTreeBoost,0.1,1,2,0.01,0.5,6.696294319336276,4.672146617589326,5.969918757528347,4.418181084001451
0,9,Dgv,380,LSTransferTreeBoost,0.1,2,1,0.01,0.9,6.403632183203495,4.520422588544808,5.986239651280505,4.179989736361371
0,3,Dgv,570,LSTransferTreeBoost,0.1,1,2,0.01,0.9,16.97020579929423,14.968765831815565,16.44855486893251,14.46294837580658
0,6,Dgv,380,LSTransferTreeBoost,0.05,2,1,0.05,0.5,6.91457404621463,4.708813340835378,7.546084602003313,4.843905926263504
0,10,Dgv,380,LSTransferTreeBoost,0.1,2,1,0.05,0.9,6.658804200519038,4.545960996256745,7.011921965169058,4.78167894065903
0,3,Dgv,570,LSTransferTreeBoost,0.1,1,2,0.05,0.5,6.728569545689946,4.656700590180414,5.995738928313433,4.434542547486332
0,2,Dgv,475,LSTransferTreeBoost,0.1,1,1,0.01,0.9,7.01361364190802,4.585198276136653,6.4010767683508405,4.496388793485146
0,3,Dgv,570,LSTransferTreeBoost,0.1,1,2,0.05,0.9,11.864851213207528,9.645151193523983,11.350508695775927,9.250540342919978
0,5,Dgv,285,LSTransferTreeBoost,0.05,2,1,0.05,0.9,7.640948686991792,4.972836319402034,6.268878239374276,4.393068470240821
0,1,Dgv,475,LSTransferTreeBoost,0.05,1,2,0.01,0.5,7.321123347437842,4.872755601969148,6.006803288083605,4.218345914395827
0,8,Dgv,285,LSTransferTreeBoost,0.1,2,1,0.05,0.9,6.864541182006956,4.631572610496713,7.430428236517045,4.953014867318383
0,7,Dgv,380,LSTransferTreeBoost,0.05,2,2,0.01,0.9,7.276508293964137,4.675749958021,7.04001023180052,4.581009251745732
0,9,Dgv,380,LSTransferTreeBoost,0.1,2,1,0.05,0.5,6.4310053941939715,4.618642526329997,6.113936466116413,4.332490589893913
0,10,Dgv,380,LSTransferTreeBoost,0.1,2,2,0.01,0.5,6.644210700308822,4.491110913187822,6.983829622808807,4.732281650893846
0,3,Dgv,570,LSTransferTreeBoost,0.1,2,1,0.01,0.5,6.6645258203980084,4.694755000921448,6.022562298414365,4.456391214006121
0,3,Dgv,570,LSTransferTreeBoost,0.1,2,1,0.01,0.9,14.693443064389976,12.668892986475173,13.944923662644625,11.973929070886644
0,2,Dgv,475,LSTransferTreeBoost,0.1,1,1,0.05,0.5,7.068426439144744,4.5945954593112,6.328935867284683,4.394312305331277
0,8,Dgv,285,LSTransferTreeBoost,0.1,2,2,0.01,0.5,6.910179195290283,4.7640421717942525,7.5369215199976685,5.0371763389470825
0,5,Dgv,285,LSTransferTreeBoost,0.05,2,2,0.01,0.5,7.6168694021209244,4.977128159620383,6.2839378483710115,4.433124875533049
0,10,Dgv,380,LSTransferTreeBoost,0.1,2,2,0.01,0.9,6.624136749168223,4.48625139156888,6.936003711448258,4.729146367546525
0,7,Dgv,380,LSTransferTreeBoost,0.05,2,2,0.05,0.5,7.293127925325303,4.6830361682260015,7.004388692288284,4.610896593503109
0,9,Dgv,380,LSTransferTreeBoost,0.1,2,1,0.05,0.9,6.39490953835029,4.54171225417521,6.0382186874376,4.246901312125754
0,10,Dgv,380,LSTransferTreeBoost,0.1,2,2,0.05,0.5,6.740910584763352,4.569657554085409,7.15115025803471,4.843671583066883
0,1,Dgv,475,LSTransferTreeBoost,0.05,1,2,0.01,0.9,7.307854509565355,4.890048897854519,6.000699804941898,4.233227767574002
0,2,Dgv,475,LSTransferTreeBoost,0.1,1,1,0.05,0.9,7.039318004043547,4.581856198716754,6.342756203743314,4.409789342064852
0,3,Dgv,570,LSTransferTreeBoost,0.1,2,1,0.05,0.5,6.703367025505969,4.712862972248938,6.048811373005073,4.490862190434901
0,8,Dgv,285,LSTransferTreeBoost,0.1,2,2,0.01,0.9,6.881123735391779,4.716487262545219,7.498951063871623,4.993406337279488
0,3,Dgv,570,LSTransferTreeBoost,0.1,2,1,0.05,0.9,11.447810395595166,9.216748061074881,10.811205837641047,8.670291172631897
0,4,Dgv,380,LSTransferTreeBoost,0.05,1,1,0.05,0.5,7.302532207149759,4.604331998705541,7.057068885247624,4.745388179534499
0,2,Dgv,475,LSTransferTreeBoost,0.1,1,2,0.01,0.5,7.078188903669048,4.582228765832486,6.443880157441618,4.452319536649447
0,8,Dgv,285,LSTransferTreeBoost,0.1,2,2,0.05,0.5,6.885622625050273,4.758264118234009,7.49919016008928,5.015305156037594
0,7,Dgv,380,LSTransferTreeBoost,0.05,2,2,0.05,0.9,7.307885054939607,4.672796112304907,7.018109533901553,4.6020756400361895
0,9,Dgv,380,LSTransferTreeBoost,0.1,2,2,0.01,0.5,6.425382140436336,4.542417629752766,6.109939475637907,4.292800014271797
0,10,Dgv,380,LSTransferTreeBoost,0.1,2,2,0.05,0.9,6.70525127724469,4.541226276951496,7.074332811001479,4.781376924246223
0,3,Dgv,570,LSTransferTreeBoost,0.1,2,2,0.01,0.5,6.720246648357469,4.699083635528107,5.994617667115167,4.415677266851043
0,3,Dgv,570,LSTransferTreeBoost,0.1,2,2,0.01,0.9,15.836609672022524,13.882815180601186,15.203019128248307,13.309382155144444
0,1,Dgv,475,LSTransferTreeBoost,0.05,1,2,0.05,0.5,7.336092705157105,4.90097176294728,5.999714908124695,4.236015284308614
0,5,Dgv,285,LSTransferTreeBoost,0.05,2,2,0.01,0.9,7.630213195745277,5.000318503674063,6.304287192053401,4.4297176607145365
0,6,Dgv,380,LSTransferTreeBoost,0.05,2,1,0.05,0.9,6.883864150661263,4.6931010338401355,7.525222619246239,4.790958473154737
0,8,Dgv,285,LSTransferTreeBoost,0.1,2,2,0.05,0.9,6.884520647879228,4.734163060767063,7.5137074788599465,5.007018119526294
0,2,Dgv,475,LSTransferTreeBoost,0.1,1,2,0.01,0.9,7.075735239152729,4.583879477823044,6.414996567861919,4.465318773496652
0,3,Dgv,570,LSTransferTreeBoost,0.1,2,2,0.05,0.5,6.761974504836983,4.694023485776519,6.043957713802266,4.43925732416973
0,9,Dgv,380,LSTransferTreeBoost,0.1,2,2,0.01,0.9,6.423887748315446,4.5407417645948565,6.015888894202103,4.245214798598721
0,2,Dgv,475,LSTransferTreeBoost,0.1,1,2,0.05,0.5,7.081684880489847,4.5301961777879045,6.491233898570498,4.447573534442604
0,3,Dgv,570,LSTransferTreeBoost,0.1,2,2,0.05,0.9,8.2261024802361,5.776312130179244,7.72582663348511,5.39868550093221
0,7,Dgv,380,LSTransferTreeBoost,0.1,1,1,0.01,0.5,7.271101098618322,4.671517508852385,6.983028551272986,4.505499417669177
0,9,Dgv,380,LSTransferTreeBoost,0.1,2,2,0.05,0.5,6.453486780090666,4.572432886596538,6.190725393577569,4.38466750564642
0,2,Dgv,475,LSTransferTreeBoost,0.1,1,2,0.05,0.9,7.095568807653542,4.530754781903272,6.459083471364882,4.432732507880721
0,1,Dgv,475,LSTransferTreeBoost,0.05,1,2,0.05,0.9,7.343306526920636,4.891644692444011,5.984739329672756,4.2128953280750405
0,5,Dgv,285,LSTransferTreeBoost,0.05,2,2,0.05,0.5,7.611685691135073,4.9991197981929165,6.3105377621662475,4.489959190788091
0,9,Dgv,380,LSTransferTreeBoost,0.1,2,2,0.05,0.9,6.4462079634968665,4.560554406158054,6.155737505151421,4.302688263162664
0,4,Dgv,380,LSTransferTreeBoost,0.05,1,1,0.05,0.9,7.331830644522643,4.628181503090106,7.095359144483734,4.758193953516451
0,7,Dgv,380,LSTransferTreeBoost,0.1,1,1,0.01,0.9,7.260694314591606,4.694148160000386,6.997204374962603,4.513907831719796
0,2,Dgv,475,LSTransferTreeBoost,0.1,2,1,0.01,0.5,7.02050212642261,4.511070472945937,6.328920672368063,4.359461063948683
0,6,Dgv,380,LSTransferTreeBoost,0.05,2,2,0.01,0.5,6.867004957449265,4.714115047753472,7.469392409653666,4.806914080573558
0,2,Dgv,475,LSTransferTreeBoost,0.1,2,1,0.01,0.9,6.963270842363179,4.49270994144902,6.388127736430099,4.403202399106707
0,7,Dgv,380,LSTransferTreeBoost,0.1,1,1,0.05,0.5,7.308843534193128,4.73223147745122,6.9791274143721775,4.513767512909061
0,5,Dgv,285,LSTransferTreeBoost,0.05,2,2,0.05,0.9,7.614816623660363,4.991260828146375,6.3388787269477795,4.498879260509113
0,3,Dgv,665,LSTransferTreeBoost,0.05,1,1,0.01,0.5,6.676502762566173,4.663979954924911,6.008398079531377,4.472731692341237
0,4,Dgv,380,LSTransferTreeBoost,0.05,1,2,0.01,0.5,7.21275684638661,4.534044414462825,7.08686348154196,4.741611674386322
0,10,Dgv,475,LSTransferTreeBoost,0.05,1,1,0.01,0.5,6.669810193588076,4.532474439277038,7.000616209238713,4.766201725362928
0,7,Dgv,380,LSTransferTreeBoost,0.1,1,1,0.05,0.9,7.28952708164787,4.703883623148716,6.987571768726621,4.512654895036859
0,2,Dgv,475,LSTransferTreeBoost,0.1,2,1,0.05,0.5,7.039882378745331,4.508920517689279,6.315524546367589,4.336846606352533
0,5,Dgv,285,LSTransferTreeBoost,0.1,1,1,0.01,0.5,7.569762086742979,5.034383709510204,6.300469399327984,4.484219669959611
0,6,Dgv,380,LSTransferTreeBoost,0.05,2,2,0.01,0.9,6.868109399674002,4.710211326738941,7.465882346848188,4.803245765667161
0,1,Dgv,475,LSTransferTreeBoost,0.05,2,1,0.01,0.5,7.236284725662624,4.8425831345393435,6.000097746899565,4.222018375940767
0,7,Dgv,380,LSTransferTreeBoost,0.1,1,2,0.01,0.5,7.291077220307776,4.684097821467209,7.025373047122706,4.601645476519935
0,8,Dgv,380,LSTransferTreeBoost,0.05,1,1,0.01,0.5,6.80167277352019,4.6099322899276505,7.555778858772083,5.025092771747121
0,6,Dgv,380,LSTransferTreeBoost,0.05,2,2,0.05,0.5,6.984257435644273,4.800749373844635,7.559467423146785,4.795133357644026
0,9,Dgv,475,LSTransferTreeBoost,0.05,1,1,0.01,0.5,6.4138643677876965,4.5763517835242356,6.000416431549922,4.255318055836866
0,2,Dgv,475,LSTransferTreeBoost,0.1,2,1,0.05,0.9,7.01469371175106,4.481654213036539,6.293812953385344,4.318186523941197
0,7,Dgv,380,LSTransferTreeBoost,0.1,1,2,0.01,0.9,7.237516696466223,4.6400496203849215,7.0121645475059555,4.5707745281639065
0,4,Dgv,380,LSTransferTreeBoost,0.05,1,2,0.01,0.9,7.214736177904255,4.544485432402547,7.0698507950311065,4.741622627864224
0,5,Dgv,285,LSTransferTreeBoost,0.1,1,1,0.01,0.9,7.556201349605893,5.033381011845184,6.3087477940401255,4.501997144694514
0,2,Dgv,475,LSTransferTreeBoost,0.1,2,2,0.01,0.5,7.049918763395325,4.540575916557403,6.474965616884078,4.481851351738316
0,3,Dgv,665,LSTransferTreeBoost,0.05,1,1,0.01,0.9,6.6439232571808935,4.667337627966797,6.003979215371403,4.45730878581795
0,7,Dgv,380,LSTransferTreeBoost,0.1,1,2,0.05,0.5,7.32053472407041,4.685974591419152,7.040563969546946,4.605934470675317
0,6,Dgv,380,LSTransferTreeBoost,0.05,2,2,0.05,0.9,6.953936855389739,4.77765374856552,7.5375802780632535,4.803934085906855
0,7,Dgv,380,LSTransferTreeBoost,0.1,1,2,0.05,0.9,7.345156026779192,4.697712621853783,7.044204826347913,4.591650484262406
0,2,Dgv,475,LSTransferTreeBoost,0.1,2,2,0.01,0.9,7.033748910128144,4.499319168675206,6.447703539022387,4.481453796349919
0,5,Dgv,285,LSTransferTreeBoost,0.1,1,1,0.05,0.5,7.5986801502675,5.018152100882018,6.3323951671404135,4.5275062597376206
0,4,Dgv,380,LSTransferTreeBoost,0.05,1,2,0.05,0.5,7.233929370113523,4.504089013751249,7.095766821583517,4.744709601992179
0,6,Dgv,380,LSTransferTreeBoost,0.1,1,1,0.01,0.5,6.9003151860500775,4.712125033871465,7.501077981378949,4.864372219339665
0,10,Dgv,475,LSTransferTreeBoost,0.05,1,1,0.01,0.9,6.676583052238254,4.546184017582353,7.015606532875073,4.80208502991505
0,2,Dgv,475,LSTransferTreeBoost,0.1,2,2,0.05,0.5,7.085365607683357,4.550201298678608,6.522241952158156,4.4726850503839275
0,1,Dgv,475,LSTransferTreeBoost,0.05,2,1,0.01,0.9,7.1660774102353395,4.808477253873716,5.988799982740028,4.188227148286664
0,7,Dgv,380,LSTransferTreeBoost,0.1,2,1,0.01,0.5,7.281863017426588,4.68040896017979,6.97204997754307,4.502517596612277
0,2,Dgv,475,LSTransferTreeBoost,0.1,2,2,0.05,0.9,7.075153538860018,4.50823294878327,6.52047813184285,4.469702565235325
0,5,Dgv,285,LSTransferTreeBoost,0.1,1,1,0.05,0.9,7.585425017839389,5.027397113919534,6.298912385632825,4.481901319643508
0,7,Dgv,380,LSTransferTreeBoost,0.1,2,1,0.01,0.9,7.203828145287678,4.627396057054667,6.903575323348064,4.44417143978861
0,6,Dgv,380,LSTransferTreeBoost,0.1,1,1,0.01,0.9,6.909112413734581,4.687406659429844,7.4575054513782675,4.8071487823307395
0,9,Dgv,475,LSTransferTreeBoost,0.05,1,1,0.01,0.9,6.430544211709001,4.645977417132705,6.023710278695726,4.304486344117017
0,5,Dgv,285,LSTransferTreeBoost,0.1,1,2,0.01,0.5,7.605514403604507,5.029626898920345,6.309547108727472,4.4906769735611185
0,3,Dgv,665,LSTransferTreeBoost,0.05,1,1,0.05,0.5,6.726724992068385,4.687934971758598,6.030589947757072,4.4795434547015285
0,4,Dgv,380,LSTransferTreeBoost,0.05,1,2,0.05,0.9,7.229954057755443,4.516356346055228,7.11662699513703,4.772256288178896
0,5,Dgv,285,LSTransferTreeBoost,0.1,1,2,0.01,0.9,7.627349287414059,5.0541531166599185,6.300840717768895,4.476806389651754
0,5,Dgv,285,LSTransferTreeBoost,0.1,1,2,0.05,0.5,7.6458900150908065,5.053603423354713,6.348479058602487,4.539842706048322
0,2,Dgv,570,LSTransferTreeBoost,0.05,1,1,0.01,0.5,7.10175614423135,4.657898849071111,6.4181290456144096,4.469902699082517
0,7,Dgv,380,LSTransferTreeBoost,0.1,2,1,0.05,0.5,7.27965974026251,4.709545270511903,6.9439424450732945,4.519062158954132
0,6,Dgv,380,LSTransferTreeBoost,0.1,1,1,0.05,0.5,6.890916929748326,4.726606705722946,7.56381360559858,4.884151395513397
0,8,Dgv,380,LSTransferTreeBoost,0.05,1,1,0.01,0.9,6.790709508550442,4.602366635048673,7.5286541015840385,5.0096269761787795
0,3,Dgv,665,LSTransferTreeBoost,0.05,1,1,0.05,0.9,6.729850883355841,4.7057817730683285,6.073122434031569,4.526503592592115
0,5,Dgv,285,LSTransferTreeBoost,0.1,1,2,0.05,0.9,7.606635297567339,5.004110598036176,6.338687993448931,4.484684491630324
0,7,Dgv,380,LSTransferTreeBoost,0.1,2,1,0.05,0.9,7.279507232014395,4.669977970951767,6.976743979504298,4.493670177467125
0,6,Dgv,380,LSTransferTreeBoost,0.1,1,1,0.05,0.9,6.909768051716231,4.73535021802408,7.555886619751149,4.889952022360187
0,10,Dgv,475,LSTransferTreeBoost,0.05,1,1,0.05,0.5,6.677239267853539,4.513950549725119,7.0426243276496745,4.792346353210115
0,7,Dgv,380,LSTransferTreeBoost,0.1,2,2,0.01,0.5,7.2994433708244735,4.675691590739897,7.008809564269788,4.586262196900446
0,3,Dgv,665,LSTransferTreeBoost,0.05,1,2,0.01,0.5,6.739802860734384,4.7015182472080035,5.9377861212115315,4.447617775403952
0,5,Dgv,285,LSTransferTreeBoost,0.1,2,1,0.01,0.5,7.585242065698582,4.996428427228502,6.282503356703236,4.4041983708383485
0,2,Dgv,570,LSTransferTreeBoost,0.05,1,1,0.01,0.9,7.06867788184308,4.630568582932671,6.433444184086561,4.499313770663155
0,1,Dgv,475,LSTransferTreeBoost,0.05,2,1,0.05,0.5,7.3413503010403565,4.856205669352839,6.012912038487582,4.216986892567246
0,6,Dgv,380,LSTransferTreeBoost,0.1,1,2,0.01,0.5,6.891173670863963,4.702009538603824,7.523499776946317,4.862997243676749
0,7,Dgv,380,LSTransferTreeBoost,0.1,2,2,0.01,0.9,7.244640977637828,4.646186464137816,7.056272424047603,4.595817423416979
0,4,Dgv,380,LSTransferTreeBoost,0.05,2,1,0.01,0.5,7.266000892791802,4.5447333796133496,7.011614598107356,4.688007568897305
0,9,Dgv,475,LSTransferTreeBoost,0.05,1,1,0.05,0.5,6.429982688560575,4.608471620158066,6.0594910957701185,4.275285189563046
0,7,Dgv,380,LSTransferTreeBoost,0.1,2,2,0.05,0.5,7.295892874678471,4.695042172157611,7.011909576782678,4.61466831916182
0,3,Dgv,665,LSTransferTreeBoost,0.05,1,2,0.01,0.9,6.684166110028294,4.652368589631595,5.921766179876372,4.446356200410262
0,5,Dgv,285,LSTransferTreeBoost,0.1,2,1,0.01,0.9,7.566708168699952,4.9802249974047355,6.306589828147416,4.423671770628133
0,6,Dgv,380,LSTransferTreeBoost,0.1,1,2,0.01,0.9,6.905591529344039,4.663373641867803,7.553483935503966,4.859662117385334
0,2,Dgv,570,LSTransferTreeBoost,0.05,1,1,0.05,0.5,7.122267879625102,4.640384580207206,6.413184028283738,4.434855143199618
0,7,Dgv,380,LSTransferTreeBoost,0.1,2,2,0.05,0.9,7.332681792162149,4.714414797037449,7.059062679763415,4.667808152829175
0,6,Dgv,380,LSTransferTreeBoost,0.1,1,2,0.05,0.5,6.938537041045775,4.776053193378973,7.549581874880089,4.825192850161958
0,3,Dgv,665,LSTransferTreeBoost,0.05,1,2,0.05,0.5,6.768999128461081,4.71993306244918,5.983333458159851,4.4819920923068315
0,6,Dgv,380,LSTransferTreeBoost,0.1,1,2,0.05,0.9,6.903310253959478,4.7281615024693515,7.512681489331764,4.797939720952376
0,10,Dgv,475,LSTransferTreeBoost,0.05,1,1,0.05,0.9,6.678531489993477,4.524591722136224,7.031910131758111,4.790753426624659
0,8,Dgv,380,LSTransferTreeBoost,0.05,1,1,0.05,0.5,6.796539773716833,4.601365888672999,7.547577006644835,5.019229944876368
0,3,Dgv,665,LSTransferTreeBoost,0.05,1,2,0.05,0.9,6.761562627146928,4.7139445302772005,5.97932423004121,4.471958166363974
0,4,Dgv,380,LSTransferTreeBoost,0.05,2,1,0.01,0.9,7.2549495011010405,4.569332911016159,6.983266540457473,4.6585059683076855
0,5,Dgv,285,LSTransferTreeBoost,0.1,2,1,0.05,0.5,7.578014039197756,4.968290073509873,6.27680809752786,4.418982231699056
0,6,Dgv,380,LSTransferTreeBoost,0.1,2,1,0.01,0.5,6.859072809563418,4.629871798370596,7.459422218544866,4.754074332000031
0,2,Dgv,570,LSTransferTreeBoost,0.05,1,1,0.05,0.9,7.103756227914213,4.608022180614944,6.380771776897391,4.407331791596573
0,1,Dgv,475,LSTransferTreeBoost,0.05,2,1,0.05,0.9,7.316433145166281,4.833133322571566,6.021175109308543,4.2147030424280105
0,5,Dgv,285,LSTransferTreeBoost,0.1,2,1,0.05,0.9,7.620430304486185,4.973467421793504,6.263064830770053,4.377651635538809
0,10,Dgv,475,LSTransferTreeBoost,0.05,1,2,0.01,0.5,6.646962072464156,4.46178006255688,6.986105348014646,4.747964953218382
0,6,Dgv,380,LSTransferTreeBoost,0.1,2,1,0.01,0.9,6.815236203651064,4.613574203004599,7.407021918556421,4.706060562507622
0,5,Dgv,285,LSTransferTreeBoost,0.1,2,2,0.01,0.5,7.63325908701758,5.005577211447141,6.31457796569269,4.443213238980944
0,9,Dgv,475,LSTransferTreeBoost,0.05,1,1,0.05,0.9,6.427763383673548,4.600582095440061,6.0476679680927505,4.262201530980559
0,7,Dgv,475,LSTransferTreeBoost,0.05,1,1,0.01,0.5,7.224459770243282,4.724037310121762,6.953397918213927,4.489770778096792
0,2,Dgv,570,LSTransferTreeBoost,0.05,1,2,0.01,0.5,7.022440604621507,4.491933382265706,6.46133407313721,4.45618767141623
0,1,Dgv,475,LSTransferTreeBoost,0.05,2,2,0.01,0.5,7.340371652102086,4.848905997241267,6.024638178737062,4.221072326717593
0,6,Dgv,380,LSTransferTreeBoost,0.1,2,1,0.05,0.5,6.904578494763558,4.713327545907491,7.52509624070695,4.821235681922317
0,5,Dgv,285,LSTransferTreeBoost,0.1,2,2,0.01,0.9,7.596247198588254,5.03873148996084,6.3380961263785265,4.494588087298884
0,3,Dgv,665,LSTransferTreeBoost,0.05,2,1,0.01,0.5,6.652610892242471,4.641219925252196,5.9427588160824945,4.396852911941424
0,10,Dgv,475,LSTransferTreeBoost,0.05,1,2,0.01,0.9,6.64811767512362,4.483233711970291,6.985304536463094,4.77358222795479
0,5,Dgv,285,LSTransferTreeBoost,0.1,2,2,0.05,0.5,7.635520990337657,4.9825171887269075,6.31831496512986,4.462550190586958
0,6,Dgv,380,LSTransferTreeBoost,0.1,2,1,0.05,0.9,6.863359490808312,4.645621726218461,7.50660279123315,4.750571459737514
0,5,Dgv,285,LSTransferTreeBoost,0.1,2,2,0.05,0.9,7.66711791895306,5.003442202478256,6.342675556244754,4.457736998415743
0,9,Dgv,475,LSTransferTreeBoost,0.05,1,2,0.01,0.5,6.382660444309771,4.496193131564466,6.081760110966213,4.244062033489921
0,2,Dgv,570,LSTransferTreeBoost,0.05,1,2,0.01,0.9,7.054058357374759,4.508830061488676,6.45218257566614,4.4343425831543515
0,10,Dgv,475,LSTransferTreeBoost,0.05,1,2,0.05,0.5,6.679649577414648,4.4653606475016865,7.034037848044481,4.780848280608161
0,4,Dgv,380,LSTransferTreeBoost,0.05,2,1,0.05,0.5,7.29650756726952,4.5628705731889125,7.039674706891696,4.710115874129413
0,8,Dgv,380,LSTransferTreeBoost,0.05,1,1,0.05,0.9,6.792666987171302,4.601702803807022,7.562965505086039,5.023258883217381
0,1,Dgv,475,LSTransferTreeBoost,0.05,2,2,0.01,0.9,7.286517319462796,4.826737495707396,6.024618117303247,4.238304812511819
0,6,Dgv,380,LSTransferTreeBoost,0.1,2,2,0.01,0.5,6.85929202113132,4.691065461155101,7.47838267552277,4.810389385828574
0,2,Dgv,570,LSTransferTreeBoost,0.05,1,2,0.05,0.5,7.065256709954983,4.507269506334743,6.454042685835386,4.4256070033622565
0,3,Dgv,665,LSTransferTreeBoost,0.05,2,1,0.01,0.9,6.578679637087044,4.611744481902229,5.934533639861484,4.353230236321748
0,6,Dgv,380,LSTransferTreeBoost,0.1,2,2,0.01,0.9,6.8996477226210065,4.652935280628873,7.494192980381502,4.784318928268151
0,10,Dgv,475,LSTransferTreeBoost,0.05,1,2,0.05,0.9,6.654672012266747,4.44236780896171,7.0343855335203616,4.770799835669823
0,9,Dgv,475,LSTransferTreeBoost,0.05,1,2,0.01,0.9,6.395890682429451,4.533919656940462,6.02230330508353,4.234142684292361
0,1,Dgv,475,LSTransferTreeBoost,0.05,2,2,0.05,0.5,7.365229669945582,4.879516135912642,5.972464043287131,4.178547209035966
0,6,Dgv,380,LSTransferTreeBoost,0.1,2,2,0.05,0.5,6.879907292343356,4.696662967037025,7.4919033006054265,4.816653892928399
0,2,Dgv,570,LSTransferTreeBoost,0.05,1,2,0.05,0.9,7.05817209461261,4.477078202495571,6.493030351489269,4.455953532981516
0,8,Dgv,380,LSTransferTreeBoost,0.05,1,2,0.01,0.5,6.810180844955192,4.619386436775547,7.506163203424459,4.993655805540004
0,6,Dgv,380,LSTransferTreeBoost,0.1,2,2,0.05,0.9,6.8857635117550835,4.739058056053674,7.460690693637088,4.8346679258896055
0,7,Dgv,475,LSTransferTreeBoost,0.05,1,1,0.01,0.9,7.146394699977405,4.693880696956891,6.921535887683543,4.491860790650548
0,9,Dgv,475,LSTransferTreeBoost,0.05,1,2,0.05,0.5,6.394356863906845,4.507664484740593,6.059225596790645,4.225976201770158
0,1,Dgv,475,LSTransferTreeBoost,0.05,2,2,0.05,0.9,7.353062275862951,4.8805803488050445,5.9930298234401205,4.193986783008189
0,3,Dgv,665,LSTransferTreeBoost,0.05,2,1,0.05,0.5,6.731900936800018,4.6735767775113635,6.034698327948887,4.465802300053777
0,2,Dgv,570,LSTransferTreeBoost,0.05,2,1,0.01,0.5,7.057884146675469,4.557021317198435,6.3670891674235675,4.383036597874243
0,5,Dgv,380,LSTransferTreeBoost,0.05,1,1,0.01,0.5,7.489762302001061,4.934678709032079,6.201520470170193,4.334737837716644
0,9,Dgv,475,LSTransferTreeBoost,0.05,1,2,0.05,0.9,6.402007884336955,4.513586853417552,6.07780386953379,4.22726763925841
0,10,Dgv,475,LSTransferTreeBoost,0.05,2,1,0.01,0.5,6.6510552954733795,4.510783818751136,7.035249913959519,4.774730229803566
0,8,Dgv,380,LSTransferTreeBoost,0.05,1,2,0.01,0.9,6.818984562834019,4.60730439514015,7.515349654646704,4.98335599082189
0,4,Dgv,380,LSTransferTreeBoost,0.05,2,1,0.05,0.9,7.281836512050375,4.543365434911307,7.014388389423342,4.67897342811043
0,1,Dgv,475,LSTransferTreeBoost,0.1,1,1,0.01,0.5,7.250153540491672,4.88277384209757,6.050279831638101,4.260368073713157
0,2,Dgv,570,LSTransferTreeBoost,0.05,2,1,0.01,0.9,7.015328081108706,4.531339498430668,6.374196324597638,4.399614400723372
0,3,Dgv,665,LSTransferTreeBoost,0.05,2,1,0.05,0.9,6.712612011365707,4.662742803139817,6.0210821963786,4.450919734188207
0,8,Dgv,380,LSTransferTreeBoost,0.05,1,2,0.05,0.5,6.80701575769169,4.603862075355185,7.505175788022704,4.984770744279167
0,1,Dgv,475,LSTransferTreeBoost,0.1,1,1,0.01,0.9,7.228299842208401,4.886943937503306,6.049694740314339,4.244981969103372
0,6,Dgv,475,LSTransferTreeBoost,0.05,1,1,0.01,0.5,6.829628261303491,4.6610092723587115,7.575870941176026,4.806545599319189
0,4,Dgv,380,LSTransferTreeBoost,0.05,2,2,0.01,0.5,7.190445921991266,4.5367169235484885,7.081832260997371,4.753982027836498
0,3,Dgv,665,LSTransferTreeBoost,0.05,2,2,0.01,0.5,6.743513445931861,4.697129995019482,5.963459355381095,4.436355317341138
0,1,Dgv,475,LSTransferTreeBoost,0.1,1,1,0.05,0.5,7.292112066387629,4.871815168800313,6.026575033109678,4.263436684021204
0,2,Dgv,570,LSTransferTreeBoost,0.05,2,1,0.05,0.5,7.1203305188168,4.599536961520406,6.44101623683145,4.423036454695216
0,8,Dgv,380,LSTransferTreeBoost,0.05,1,2,0.05,0.9,6.812149793293305,4.594994718374986,7.509319432226045,4.972333505079627
0,10,Dgv,475,LSTransferTreeBoost,0.05,2,1,0.01,0.9,6.631527651812476,4.517300991606589,6.986644713707717,4.762420076254788
0,7,Dgv,475,LSTransferTreeBoost,0.05,1,1,0.05,0.5,7.205692831848538,4.740348967467148,6.913612251612148,4.485360670949681
0,9,Dgv,475,LSTransferTreeBoost,0.05,2,1,0.01,0.5,6.394875985125312,4.564792258447593,5.999178042597667,4.193884103824253
0,1,Dgv,475,LSTransferTreeBoost,0.1,1,1,0.05,0.9,7.2743921628525605,4.861476831329376,6.038255366214726,4.252552640656658
0,3,Dgv,665,LSTransferTreeBoost,0.05,2,2,0.01,0.9,6.674398735674228,4.650324477295862,5.880694877085205,4.3941967944277245
0,5,Dgv,380,LSTransferTreeBoost,0.05,1,1,0.01,0.9,7.458466975423621,4.927541011739412,6.206687848227143,4.336370133931794
0,1,Dgv,475,LSTransferTreeBoost,0.1,1,2,0.01,0.5,7.3220697580058385,4.877975199636403,6.00649410142989,4.221712077282661
0,6,Dgv,475,LSTransferTreeBoost,0.05,1,1,0.01,0.9,6.843839759364311,4.668141905811884,7.5428525072530626,4.792749759687566
0,3,Dgv,665,LSTransferTreeBoost,0.05,2,2,0.05,0.5,6.780632682225837,4.7182880471830115,6.030619220740588,4.483281056722761
0,4,Dgv,380,LSTransferTreeBoost,0.05,2,2,0.01,0.9,7.209080629189761,4.560266546343298,7.063064561327466,4.733712251902654
0,2,Dgv,570,LSTransferTreeBoost,0.05,2,1,0.05,0.9,7.083951139686019,4.566776508927063,6.36758475831159,4.381181579789575
0,1,Dgv,475,LSTransferTreeBoost,0.1,1,2,0.01,0.9,7.32441814227939,4.9613425010934264,6.051217816683338,4.300661787973069
0,1,Dgv,475,LSTransferTreeBoost,0.1,1,2,0.05,0.5,7.322706913252298,4.900739899106874,5.990330599818504,4.238049234895849
0,2,Dgv,570,LSTransferTreeBoost,0.05,2,2,0.01,0.5,7.08893616839214,4.600707462749205,6.476321788909103,4.495520575181361
0,3,Dgv,665,LSTransferTreeBoost,0.05,2,2,0.05,0.9,6.74786465980022,4.6869313882894845,5.987783169359771,4.456449582770415
0,1,Dgv,475,LSTransferTreeBoost,0.1,1,2,0.05,0.9,7.332544601805479,4.876731738069619,6.028858486876273,4.234665113246101
0,9,Dgv,475,LSTransferTreeBoost,0.05,2,1,0.01,0.9,6.421674898967132,4.580259389878046,5.977262623262506,4.178626841207034
0,4,Dgv,380,LSTransferTreeBoost,0.05,2,2,0.05,0.5,7.225061201201853,4.5211172866207106,7.0694477672827105,4.738575578202481
0,7,Dgv,475,LSTransferTreeBoost,0.05,1,1,0.05,0.9,7.229966751463749,4.7490539879270655,6.957336361346671,4.49340851849703
0,3,Dgv,665,LSTransferTreeBoost,0.1,1,1,0.01,0.5,6.655848799040945,4.650065526983709,5.9899378066432085,4.451356354587082
0,8,Dgv,380,LSTransferTreeBoost,0.05,2,1,0.01,0.5,6.753783779383933,4.534952396181007,7.4784008886298725,4.9523122502985775
0,1,Dgv,475,LSTransferTreeBoost,0.1,2,1,0.01,0.5,7.188885458552138,4.818376455028607,6.002739667757832,4.199150672724546
0,5,Dgv,380,LSTransferTreeBoost,0.05,1,1,0.05,0.5,7.5003547027615,4.909480026813469,6.224935259586989,4.355457661792623
0,3,Dgv,665,LSTransferTreeBoost,0.1,1,1,0.01,0.9,6.634685021294846,4.68701308457433,6.025246947805131,4.460766485675468
0,1,Dgv,475,LSTransferTreeBoost,0.1,2,1,0.01,0.9,7.197791750085112,4.835136567829174,6.0445435100635105,4.228615761860038
0,2,Dgv,570,LSTransferTreeBoost,0.05,2,2,0.01,0.9,7.0535565322900124,4.48515567662211,6.491150720275587,4.4844973899722635
0,7,Dgv,475,LSTransferTreeBoost,0.05,1,2,0.01,0.5,7.201650581594773,4.644125256089656,6.882671741638792,4.446375680802448
0,4,Dgv,380,LSTransferTreeBoost,0.05,2,2,0.05,0.9,7.216210027213654,4.5195576895722995,7.074294779572257,4.755672405432436
0,3,Dgv,665,LSTransferTreeBoost,0.1,1,1,0.05,0.5,6.70852894710205,4.676901764766708,6.012426521063532,4.471437582278064
0,6,Dgv,475,LSTransferTreeBoost,0.05,1,1,0.05,0.5,6.817128523032287,4.64535247677374,7.588837798302049,4.779781747143449
0,10,Dgv,475,LSTransferTreeBoost,0.05,2,1,0.05,0.5,6.653369544600497,4.4999570569800875,7.042056252862173,4.775952682174698
0,2,Dgv,570,LSTransferTreeBoost,0.05,2,2,0.05,0.5,7.053173581376039,4.5158204853820125,6.4987102099438,4.463052436191639
0,1,Dgv,475,LSTransferTreeBoost,0.1,2,1,0.05,0.5,7.315188965818641,4.843601072522684,6.010839931364467,4.2213391389890775
0,3,Dgv,665,LSTransferTreeBoost,0.1,1,1,0.05,0.9,6.686074738853959,4.6828087772665725,6.005894082767925,4.470605132514256
0,7,Dgv,475,LSTransferTreeBoost,0.05,1,2,0.01,0.9,7.1609742810082535,4.612449774389174,6.892550344501152,4.4631728072124695
0,3,Dgv,665,LSTransferTreeBoost,0.1,1,2,0.01,0.5,6.714332946324772,4.685357600144559,5.929566458141728,4.42901709016928
0,4,Dgv,380,LSTransferTreeBoost,0.1,1,1,0.01,0.5,7.286988958639349,4.611703240609703,7.023551456960791,4.7126685519891724
0,1,Dgv,475,LSTransferTreeBoost,0.1,2,1,0.05,0.9,7.228962627892102,4.844082600518347,6.01613303176774,4.235642709714703
0,9,Dgv,475,LSTransferTreeBoost,0.05,2,1,0.05,0.5,6.43831599837553,4.608663694494902,6.068562007291621,4.259651579485586
0,8,Dgv,380,LSTransferTreeBoost,0.05,2,1,0.01,0.9,6.729933766169945,4.530019126505685,7.421507336097576,4.953023870986181
0,2,Dgv,570,LSTransferTreeBoost,0.05,2,2,0.05,0.9,7.023817612698274,4.466290451573494,6.463219297049708,4.448457173297812
0,3,Dgv,665,LSTransferTreeBoost,0.1,1,2,0.01,0.9,6.659690427192445,4.674131795214764,5.91096891225675,4.4344187104511965
0,7,Dgv,475,LSTransferTreeBoost,0.05,1,2,0.05,0.5,7.206604052565574,4.651383667393497,6.8898235406036505,4.46750277108324
0,5,Dgv,380,LSTransferTreeBoost,0.05,1,1,0.05,0.9,7.510576309904414,4.921506301271976,6.222860213790994,4.3515906634349255
0,1,Dgv,475,LSTransferTreeBoost,0.1,2,2,0.01,0.5,7.296095162621296,4.840091612189266,6.038292806541996,4.226695815813024
0,3,Dgv,665,LSTransferTreeBoost,0.1,1,2,0.05,0.5,6.761253196137857,4.690777718098405,5.973515093061427,4.466760625828168
0,2,Dgv,570,LSTransferTreeBoost,0.1,1,1,0.01,0.5,7.071624681562791,4.609375752140253,6.415803941538847,4.464578397095097
0,3,Dgv,665,LSTransferTreeBoost,0.1,1,2,0.05,0.9,6.731547664977852,4.674748237718056,5.979146212394103,4.467648620342858
0,7,Dgv,475,LSTransferTreeBoost,0.05,1,2,0.05,0.9,7.220219431716232,4.631108356910723,6.928208272387983,4.452555057021055
0,1,Dgv,475,LSTransferTreeBoost,0.1,2,2,0.01,0.9,7.24534983971563,4.79829441369418,6.013945782548312,4.20513481807372
0,5,Dgv,380,LSTransferTreeBoost,0.05,1,2,0.01,0.5,7.51859547660626,4.919731029619363,6.2365975250928765,4.369697618885264
0,2,Dgv,570,LSTransferTreeBoost,0.1,1,1,0.01,0.9,7.022956925602402,4.59104143333384,6.436362776096748,4.506518976386753
0,4,Dgv,380,LSTransferTreeBoost,0.1,1,1,0.01,0.9,7.267882360763453,4.639429344010568,7.012930942163888,4.73280994981168
0,1,Dgv,475,LSTransferTreeBoost,0.1,2,2,0.05,0.5,7.365599514912263,4.893316569987103,6.016430054192531,4.209796344811447
0,3,Dgv,665,LSTransferTreeBoost,0.1,2,1,0.01,0.5,6.6065698625577,4.601050921200551,5.911707853555126,4.352021062433781
0,6,Dgv,475,LSTransferTreeBoost,0.05,1,1,0.05,0.9,6.814148249339347,4.647503806629653,7.5891935034007645,4.790730635758201
0,2,Dgv,570,LSTransferTreeBoost,0.1,1,1,0.05,0.5,7.12413949231709,4.656361056406654,6.399259693252389,4.440140799394876
0,1,Dgv,475,LSTransferTreeBoost,0.1,2,2,0.05,0.9,7.350765040514582,4.876385829028027,6.013729288972223,4.250734979523913
0,2,Dgv,570,LSTransferTreeBoost,0.1,1,1,0.05,0.9,7.092220462168236,4.646421951339423,6.4165564864791875,4.478221344364846
0,3,Dgv,665,LSTransferTreeBoost,0.1,2,1,0.01,0.9,6.583688848006747,4.620388652351312,5.950259511672249,4.371782584070505
0,10,Dgv,475,LSTransferTreeBoost,0.05,2,1,0.05,0.9,6.6614399064334675,4.516219425127253,7.04626905262226,4.771708068682944
0,5,Dgv,380,LSTransferTreeBoost,0.05,1,2,0.01,0.9,7.5331591316127495,4.941489494767277,6.224152551061425,4.356794074769469
0,4,Dgv,380,LSTransferTreeBoost,0.1,1,1,0.05,0.5,7.3024321561909815,4.61091292342882,7.0365617598752435,4.718736807525124
0,2,Dgv,570,LSTransferTreeBoost,0.1,1,2,0.01,0.5,7.030800222262654,4.5153514675521444,6.456418181964239,4.472024670898433
0,6,Dgv,475,LSTransferTreeBoost,0.05,1,2,0.01,0.5,6.804485980556527,4.637655976208168,7.5176838144874285,4.701793950971012
0,7,Dgv,475,LSTransferTreeBoost,0.05,2,1,0.01,0.5,7.217647354566658,4.724998076759946,6.945495076123231,4.493871726374968
0,3,Dgv,665,LSTransferTreeBoost,0.1,2,1,0.05,0.5,6.715572505096674,4.677666238537563,5.967987275591642,4.415871187470957
0,9,Dgv,475,LSTransferTreeBoost,0.05,2,1,0.05,0.9,6.4139154617947,4.568593427381457,6.029035055872863,4.2136821841249095
0,5,Dgv,380,LSTransferTreeBoost,0.05,1,2,0.05,0.5,7.517171234028204,4.919449726016698,6.264126618939022,4.380476343119401
0,2,Dgv,570,LSTransferTreeBoost,0.1,1,2,0.01,0.9,7.08402066951607,4.566307800697478,6.4707004083924335,4.488214197642158
0,4,Dgv,380,LSTransferTreeBoost,0.1,1,1,0.05,0.9,7.300155813704581,4.621806415190971,7.04241356411528,4.722880072988195
0,10,Dgv,475,LSTransferTreeBoost,0.05,2,2,0.01,0.5,6.665019327574071,4.468137221896803,7.062688972008659,4.808390466398527
0,2,Dgv,570,LSTransferTreeBoost,0.1,1,2,0.05,0.5,7.045984976344698,4.492520500236351,6.470846413264188,4.4554380015853035
0,4,Dgv,380,LSTransferTreeBoost,0.1,1,2,0.01,0.5,7.2399402712570975,4.568770922888878,7.024235517786794,4.734917008464964
0,3,Dgv,665,LSTransferTreeBoost,0.1,2,1,0.05,0.9,6.650298926887219,4.636583181329503,5.942528766100556,4.384924252888624
0,8,Dgv,380,LSTransferTreeBoost,0.05,2,1,0.05,0.5,6.770982899134824,4.558575944723439,7.532989337772947,5.002669606958152
0,2,Dgv,570,LSTransferTreeBoost,0.1,1,2,0.05,0.9,7.063041560670222,4.485976971590984,6.487761476276996,4.455805195093074
0,5,Dgv,380,LSTransferTreeBoost,0.05,1,2,0.05,0.9,7.516461522841016,4.938466699357702,6.25892058536818,4.388444198066471
0,3,Dgv,665,LSTransferTreeBoost,0.1,2,2,0.01,0.5,6.711707444755003,4.673902206305667,5.907937366902502,4.39129037254401
0,9,Dgv,475,LSTransferTreeBoost,0.05,2,2,0.01,0.5,6.357583323902436,4.503490479667184,6.04262961082123,4.216650779996341
0,4,Dgv,380,LSTransferTreeBoost,0.1,1,2,0.01,0.9,7.268498729912601,4.607611440878789,7.048877189148261,4.759646759445027
0,1,Dgv,570,LSTransferTreeBoost,0.05,1,1,0.01,0.5,7.230663900425902,4.831054818057975,6.071165783043291,4.27581966139503
0,6,Dgv,475,LSTransferTreeBoost,0.05,1,2,0.01,0.9,6.828222698562366,4.60992202865487,7.566094908171499,4.72385323919487
0,10,Dgv,475,LSTransferTreeBoost,0.05,2,2,0.01,0.9,6.640617658557045,4.453162217893884,7.007470877097187,4.7730717449315945
0,2,Dgv,570,LSTransferTreeBoost,0.1,2,1,0.01,0.5,7.03286663389998,4.51729264107201,6.373546719615747,4.369093825072439
0,4,Dgv,380,LSTransferTreeBoost,0.1,1,2,0.05,0.5,7.240018617992391,4.523057568219905,7.102770550280514,4.733825561181718
0,3,Dgv,665,LSTransferTreeBoost,0.1,2,2,0.01,0.9,6.637826266567087,4.654780122752347,5.8688847102647905,4.35981049006777
0,6,Dgv,475,LSTransferTreeBoost,0.05,1,2,0.05,0.5,6.8448324485301235,4.664364634795194,7.55323174512779,4.690173257032994
0,3,Dgv,665,LSTransferTreeBoost,0.1,2,2,0.05,0.5,6.756279392423124,4.712451807638959,6.000831878616367,4.46995779670771
0,2,Dgv,570,LSTransferTreeBoost,0.1,2,1,0.01,0.9,6.992844741682655,4.5005605910370825,6.371392291468182,4.407343635158974
0,4,Dgv,380,LSTransferTreeBoost,0.1,1,2,0.05,0.9,7.219437515092469,4.5512251010582245,7.0680793887358195,4.744081055307741
0,3,Dgv,665,LSTransferTreeBoost,0.1,2,2,0.05,0.9,6.736695003913999,4.6797921547039,5.926811655856319,4.412034919305117
0,10,Dgv,475,LSTransferTreeBoost,0.05,2,2,0.05,0.5,6.6767702035834535,4.4719925504427795,7.1075245587457365,4.822065153034632
0,2,Dgv,570,LSTransferTreeBoost,0.1,2,1,0.05,0.5,7.0976519538818295,4.598988817080483,6.4137177320214995,4.4308189714586055
0,9,Dgv,475,LSTransferTreeBoost,0.05,2,2,0.01,0.9,6.3862272849101,4.502405171293717,6.01533785896303,4.1842895168489544
0,7,Dgv,475,LSTransferTreeBoost,0.05,2,1,0.01,0.9,7.133182072851276,4.665204000233135,6.8764253321875195,4.438743613671922
0,6,Dgv,475,LSTransferTreeBoost,0.05,1,2,0.05,0.9,6.832561987758781,4.673281851036815,7.524491080406154,4.706276591260827
0,2,Dgv,570,LSTransferTreeBoost,0.1,2,1,0.05,0.9,7.070280267565056,4.552116147652789,6.382218091320809,4.372893850986194
0,4,Dgv,380,LSTransferTreeBoost,0.1,2,1,0.01,0.5,7.273063485046152,4.593062048862985,7.00769955027912,4.703776502906105
0,2,Dgv,570,LSTransferTreeBoost,0.1,2,2,0.01,0.5,7.0243676284920475,4.484871642455182,6.442438105228251,4.461761449605288
0,10,Dgv,475,LSTransferTreeBoost,0.05,2,2,0.05,0.9,6.655028604864036,4.458267315125182,7.08187478398921,4.807695319217568
0,5,Dgv,380,LSTransferTreeBoost,0.05,2,1,0.01,0.5,7.498680196250986,4.9061260679482155,6.19298104482097,4.309443407844307
0,9,Dgv,475,LSTransferTreeBoost,0.05,2,2,0.05,0.5,6.381222103730807,4.519882313571664,6.065778262513066,4.249066315663184
0,1,Dgv,570,LSTransferTreeBoost,0.05,1,1,0.01,0.9,7.20368290211321,4.836824486662418,6.070073873433967,4.257908892477828
0,8,Dgv,380,LSTransferTreeBoost,0.05,2,1,0.05,0.9,6.764150953325489,4.55260709402833,7.491397037952978,4.975765244078784
0,4,Dgv,380,LSTransferTreeBoost,0.1,2,1,0.01,0.9,7.232891953818121,4.558522399025541,6.969691323588084,4.658604456266002
0,3,Dgv,760,LSTransferTreeBoost,0.05,1,1,0.01,0.5,6.733572218513153,4.703697585101535,6.052385423010868,4.454010340533394
0,2,Dgv,570,LSTransferTreeBoost,0.1,2,2,0.01,0.9,7.0469035159212705,4.4792515674046,6.508934046797097,4.504926158288551
0,10,Dgv,475,LSTransferTreeBoost,0.1,1,1,0.01,0.5,6.658230789189254,4.544103691634591,6.983581264582972,4.778118314188084
0,9,Dgv,475,LSTransferTreeBoost,0.05,2,2,0.05,0.9,6.391010978146313,4.514442599282072,6.046832131079953,4.208442516261118
0,2,Dgv,570,LSTransferTreeBoost,0.1,2,2,0.05,0.5,7.038210395436061,4.5033025664428274,6.496329481188176,4.485798294989369
0,2,Dgv,570,LSTransferTreeBoost,0.1,2,2,0.05,0.9,7.027722406521511,4.468033571614277,6.4890685781031845,4.455451015944171
0,4,Dgv,380,LSTransferTreeBoost,0.1,2,1,0.05,0.5,7.277576370104267,4.543207463600826,7.0139669613887135,4.689723758567224
0,3,Dgv,760,LSTransferTreeBoost,0.05,1,1,0.01,0.9,6.709719702702999,4.709294207245198,6.088228047347903,4.4774937097973835
0,10,Dgv,475,LSTransferTreeBoost,0.1,1,1,0.01,0.9,6.68369023388491,4.57728909498975,7.015476057456127,4.814082975466715
0,8,Dgv,380,LSTransferTreeBoost,0.05,2,2,0.01,0.5,6.773838037106537,4.566647587581564,7.457213770967735,4.960285421115772
0,6,Dgv,475,LSTransferTreeBoost,0.05,2,1,0.01,0.5,6.7958545702112865,4.600595041823449,7.526422047048711,4.710315783965916
0,9,Dgv,475,LSTransferTreeBoost,0.1,1,1,0.01,0.5,6.411855860233442,4.600667404241532,5.993385422957224,4.273169541095344
0,1,Dgv,570,LSTransferTreeBoost,0.05,1,1,0.05,0.5,7.3084084299170735,4.8447796469289806,6.0514037930785545,4.258381547624188
0,4,Dgv,380,LSTransferTreeBoost,0.1,2,1,0.05,0.9,7.275166417450536,4.542746628728086,7.003531607479673,4.665807111067068
0,5,Dgv,380,LSTransferTreeBoost,0.05,2,1,0.01,0.9,7.482269978172453,4.883338466882796,6.188460379269799,4.274090566836789
0,4,Dgv,380,LSTransferTreeBoost,0.1,2,2,0.01,0.5,7.261653852233549,4.574086064972116,6.992423790491493,4.694616080484413
0,10,Dgv,475,LSTransferTreeBoost,0.1,1,1,0.05,0.5,6.669666372367452,4.522037920614324,7.0175466682265455,4.777309604242029
0,2,Dgv,665,LSTransferTreeBoost,0.05,1,1,0.01,0.5,7.047845734329906,4.603291935961657,6.38500550590358,4.445296006581331
0,3,Dgv,760,LSTransferTreeBoost,0.05,1,1,0.05,0.5,6.76904293963794,4.644921484602978,6.102684425650458,4.462419657893146
0,7,Dgv,475,LSTransferTreeBoost,0.05,2,1,0.05,0.5,7.1793677538531515,4.752300505702369,6.883926700503701,4.49994361567171
0,4,Dgv,380,LSTransferTreeBoost,0.1,2,2,0.01,0.9,7.289452082332187,4.647227408843425,7.025599863740542,4.766070325415274
0,9,Dgv,475,LSTransferTreeBoost,0.1,1,1,0.01,0.9,6.416533705513161,4.628739259166522,5.934378888626649,4.231806439905314
0,1,Dgv,570,LSTransferTreeBoost,0.05,1,1,0.05,0.9,7.302198366377388,4.8990331756326695,6.08462126116514,4.305028957391378
0,10,Dgv,475,LSTransferTreeBoost,0.1,1,1,0.05,0.9,6.676374558450606,4.541313044290896,6.998144151659883,4.778232008876866
0,4,Dgv,380,LSTransferTreeBoost,0.1,2,2,0.05,0.5,7.2181649317908265,4.496339619318647,7.0932101280688,4.753768320531555
0,8,Dgv,380,LSTransferTreeBoost,0.05,2,2,0.01,0.9,6.780019950856341,4.576664435335701,7.439422074559893,4.93376036743607
0,10,Dgv,475,LSTransferTreeBoost,0.1,1,2,0.01,0.5,6.647015667606628,4.48085195432777,6.986878209670077,4.771916997977347
0,3,Dgv,760,LSTransferTreeBoost,0.05,1,1,0.05,0.9,6.759275898238208,4.6647738307787,6.08382129420606,4.459961797468043
0,4,Dgv,380,LSTransferTreeBoost,0.1,2,2,0.05,0.9,7.2175816658517995,4.513528475278889,7.097342614532033,4.744405206573977
0,9,Dgv,475,LSTransferTreeBoost,0.1,1,1,0.05,0.5,6.4214166831535495,4.577845310856768,6.027425372214773,4.235421600408136
0,2,Dgv,665,LSTransferTreeBoost,0.05,1,1,0.01,0.9,7.018669985635139,4.587047347208662,6.392350982168847,4.464513291196441
0,1,Dgv,570,LSTransferTreeBoost,0.05,1,2,0.01,0.5,7.259536631269447,4.829012207018071,5.984094738653849,4.200615631512536
0,10,Dgv,475,LSTransferTreeBoost,0.1,1,2,0.01,0.9,6.628371885655702,4.448899307077632,6.936132827324007,4.737301545204481
0,3,Dgv,760,LSTransferTreeBoost,0.05,1,2,0.01,0.5,6.725193586759967,4.65921289521701,5.989536981975228,4.433802617096714
0,10,Dgv,475,LSTransferTreeBoost,0.1,1,2,0.05,0.5,6.673120586818842,4.478502966138769,6.985974053938349,4.7559441245482
0,6,Dgv,475,LSTransferTreeBoost,0.05,2,1,0.01,0.9,6.759619369850465,4.577626301225892,7.463225725151265,4.660628830781485
0,8,Dgv,380,LSTransferTreeBoost,0.05,2,2,0.05,0.5,6.779117596028987,4.591821926216691,7.4800613910549405,4.979459026978375
0,9,Dgv,475,LSTransferTreeBoost,0.1,1,1,0.05,0.9,6.404182508885865,4.582221401631426,5.998559565867376,4.240914453735132
0,10,Dgv,475,LSTransferTreeBoost,0.1,1,2,0.05,0.9,6.645572219938208,4.451105122732578,6.967060305547429,4.754677998088462
0,5,Dgv,380,LSTransferTreeBoost,0.05,2,1,0.05,0.5,7.521047495263142,4.907793482140679,6.187380705611311,4.309860713786734
0,3,Dgv,760,LSTransferTreeBoost,0.05,1,2,0.01,0.9,6.701054026089863,4.67821364332572,5.9717318936565595,4.437014306638992
0,7,Dgv,475,LSTransferTreeBoost,0.05,2,1,0.05,0.9,7.186384045270005,4.759549775385511,6.909627917049889,4.496726765882093
0,2,Dgv,665,LSTransferTreeBoost,0.05,1,1,0.05,0.5,7.0527530137900545,4.6024726626872265,6.382475437907837,4.449303065280911
0,9,Dgv,475,LSTransferTreeBoost,0.1,1,2,0.01,0.5,6.393764256116342,4.5066510067837156,6.087737597119716,4.240590031908372
0,1,Dgv,570,LSTransferTreeBoost,0.05,1,2,0.01,0.9,7.238002809939454,4.824747832778065,6.01419324055386,4.220848511132804
0,10,Dgv,475,LSTransferTreeBoost,0.1,2,1,0.01,0.5,6.640639675865998,4.513186495818657,6.990935907502294,4.764492091213023
0,3,Dgv,760,LSTransferTreeBoost,0.05,1,2,0.05,0.5,6.736830559057855,4.6668043432694155,6.0051401902585555,4.444530207608188
0,9,Dgv,475,LSTransferTreeBoost,0.1,1,2,0.01,0.9,6.433652570914484,4.573561481368629,5.996969715323123,4.263564820627716
0,8,Dgv,380,LSTransferTreeBoost,0.05,2,2,0.05,0.9,6.785561904787865,4.582768452690948,7.460487175137121,4.950972071381265
0,3,Dgv,760,LSTransferTreeBoost,0.05,1,2,0.05,0.9,6.73720334347276,4.647688344824196,6.0159252269526675,4.446930819786705
0,9,Dgv,475,LSTransferTreeBoost,0.1,1,2,0.05,0.5,6.412929547278322,4.560967877122193,6.066982108186088,4.261208095169523
0,7,Dgv,475,LSTransferTreeBoost,0.05,2,2,0.01,0.5,7.170634150305493,4.637234011814135,6.879445340677371,4.4736879435057375
0,1,Dgv,570,LSTransferTreeBoost,0.05,1,2,0.05,0.5,7.294853796377252,4.846801543464335,5.9927838440081675,4.215447788932832
0,10,Dgv,475,LSTransferTreeBoost,0.1,2,1,0.01,0.9,6.648991773680257,4.546939481581753,6.9951567435494,4.791234769156253
0,9,Dgv,475,LSTransferTreeBoost,0.1,1,2,0.05,0.9,6.375774972040997,4.477097799699984,6.075675310746699,4.206000782168775
0,2,Dgv,665,LSTransferTreeBoost,0.05,1,1,0.05,0.9,7.0425264001053,4.5821970012517035,6.35929380082764,4.424554753218047
0,1,Dgv,570,LSTransferTreeBoost,0.05,1,2,0.05,0.9,7.284613291019669,4.843045056198527,6.006396906728136,4.206620369039819
0,8,Dgv,380,LSTransferTreeBoost,0.1,1,1,0.01,0.5,6.792357386325083,4.599915127657521,7.551776366209445,5.02219826080512
0,4,Dgv,475,LSTransferTreeBoost,0.05,1,1,0.01,0.5,7.253637583174014,4.576779310731164,7.056850527478931,4.708080679521955
0,7,Dgv,475,LSTransferTreeBoost,0.05,2,2,0.01,0.9,7.145682906055231,4.6244348764764975,6.89862032925886,4.495274774331431
0,9,Dgv,475,LSTransferTreeBoost,0.1,2,1,0.01,0.5,6.388665705892769,4.564263473696887,5.980691500798357,4.175789097297171
0,3,Dgv,760,LSTransferTreeBoost,0.05,2,1,0.01,0.5,6.693106463787324,4.63644367680641,6.0002019838665595,4.383723296453982
0,2,Dgv,665,LSTransferTreeBoost,0.05,1,2,0.01,0.5,7.037258713632053,4.500058700488049,6.464715179659792,4.46381042378547
0,10,Dgv,475,LSTransferTreeBoost,0.1,2,1,0.05,0.5,6.65465814619432,4.501622262087272,7.025958985957673,4.765300990080625
0,7,Dgv,475,LSTransferTreeBoost,0.05,2,2,0.05,0.5,7.191337816758512,4.652907084632574,6.877712565040593,4.486835842957816
0,5,Dgv,380,LSTransferTreeBoost,0.05,2,1,0.05,0.9,7.522724291673206,4.919028209072745,6.183312775951633,4.299772907457655
0,3,Dgv,760,LSTransferTreeBoost,0.05,2,1,0.01,0.9,6.6803120077406515,4.686142775839327,6.066540704806304,4.446980175832003
0,9,Dgv,475,LSTransferTreeBoost,0.1,2,1,0.01,0.9,6.419688858548742,4.591506675884214,5.950644814077145,4.176143166312698
0,8,Dgv,380,LSTransferTreeBoost,0.1,1,1,0.01,0.9,6.773290578649486,4.609472495164226,7.472633141243941,4.990546063531753
0,6,Dgv,475,LSTransferTreeBoost,0.05,2,1,0.05,0.5,6.796275820932868,4.628672992212531,7.556304550018388,4.743960105009898
0,10,Dgv,475,LSTransferTreeBoost,0.1,2,1,0.05,0.9,6.659068730970045,4.524074307269598,7.020576261232235,4.770965886289454
0,2,Dgv,665,LSTransferTreeBoost,0.05,1,2,0.01,0.9,7.0403110766348505,4.50483407441231,6.450320148458762,4.452475692470668
0,1,Dgv,570,LSTransferTreeBoost,0.05,2,1,0.01,0.5,7.235053434118915,4.781859256870109,6.0168848675772555,4.187328392300447
0,7,Dgv,475,LSTransferTreeBoost,0.05,2,2,0.05,0.9,7.193135991633602,4.661629771417615,6.829315542937684,4.456467661856658
0,5,Dgv,380,LSTransferTreeBoost,0.05,2,2,0.01,0.5,7.532419186288353,4.927274915750242,6.226187382629454,4.3485995847155525
0,10,Dgv,475,LSTransferTreeBoost,0.1,2,2,0.01,0.5,6.626986967398,4.474833070361072,6.969179420311225,4.761700488734321
0,2,Dgv,665,LSTransferTreeBoost,0.05,1,2,0.05,0.5,7.03631227123912,4.475871189180424,6.455307685410399,4.429518410995263
0,8,Dgv,380,LSTransferTreeBoost,0.1,1,1,0.05,0.5,6.805757306703094,4.60846531818792,7.560698738403505,5.01837496042747
0,10,Dgv,475,LSTransferTreeBoost,0.1,2,2,0.01,0.9,6.6156952310052555,4.467672291002163,6.951341724476737,4.754924392553429
0,9,Dgv,475,LSTransferTreeBoost,0.1,2,1,0.05,0.5,6.398514439438407,4.556677492270773,6.021995502753728,4.193848169268395
0,2,Dgv,665,LSTransferTreeBoost,0.05,1,2,0.05,0.9,7.053259196063174,4.4756354737526145,6.471404789173766,4.444549426553826
0,10,Dgv,475,LSTransferTreeBoost,0.1,2,2,0.05,0.5,6.679254184625522,4.48822444391742,7.066778463523127,4.804323859539415
0,1,Dgv,570,LSTransferTreeBoost,0.05,2,1,0.01,0.9,7.192053577204819,4.768662865699757,6.034837206708026,4.19074796132055
0,4,Dgv,475,LSTransferTreeBoost,0.05,1,1,0.01,0.9,7.262044049080384,4.608377585064479,7.056682830431548,4.719958490909759
0,8,Dgv,380,LSTransferTreeBoost,0.1,1,1,0.05,0.9,6.790655847537517,4.59825170273646,7.551427694714058,5.016266399095686
0,7,Dgv,475,LSTransferTreeBoost,0.1,1,1,0.01,0.5,7.147555231957093,4.69196103268649,6.908932342003812,4.48212128509487
0,5,Dgv,380,LSTransferTreeBoost,0.05,2,2,0.01,0.9,7.5198677481848195,4.9410454179170005,6.1864823629440515,4.317776708856808
0,10,Dgv,475,LSTransferTreeBoost,0.1,2,2,0.05,0.9,6.636235017920127,4.46033043711353,7.0522463608523065,4.7886723222612115
0,3,Dgv,760,LSTransferTreeBoost,0.05,2,1,0.05,0.5,6.755089379778498,4.6403219603068475,6.0354651291339945,4.39552496183028
0,9,Dgv,475,LSTransferTreeBoost,0.1,2,1,0.05,0.9,6.400647530727832,4.5519756587576055,5.990820386557736,4.17417345660226
0,8,Dgv,380,LSTransferTreeBoost,0.1,1,2,0.01,0.5,6.796527765445782,4.6210869882275505,7.52663201011654,5.0220218365601506
0,9,Dgv,475,LSTransferTreeBoost,0.1,2,2,0.01,0.5,6.350836920825164,4.452188613090161,6.058752608405171,4.190396128638911
0,7,Dgv,475,LSTransferTreeBoost,0.1,1,1,0.01,0.9,7.148984418373971,4.69538240283506,6.942690665808086,4.50753544934525
0,5,Dgv,380,LSTransferTreeBoost,0.05,2,2,0.05,0.5,7.507753490848995,4.902281964200573,6.255973116038082,4.375658728018598
0,2,Dgv,665,LSTransferTreeBoost,0.05,2,1,0.01,0.5,7.009927934453016,4.523556494010213,6.336379806410432,4.367585618229396
0,8,Dgv,380,LSTransferTreeBoost,0.1,1,2,0.01,0.9,6.803374159074844,4.611137729184863,7.53738885634528,5.009527420583744
0,3,Dgv,760,LSTransferTreeBoost,0.05,2,1,0.05,0.9,6.760755734404569,4.62721689993003,6.100780109082538,4.450367324527429
0,9,Dgv,475,LSTransferTreeBoost,0.1,2,2,0.01,0.9,6.3964384435275345,4.516465059717205,5.947036204630143,4.172716065519946
0,8,Dgv,380,LSTransferTreeBoost,0.1,1,2,0.05,0.5,6.827228253401852,4.612425511503957,7.4957364115521345,4.977985830915359
0,6,Dgv,475,LSTransferTreeBoost,0.05,2,1,0.05,0.9,6.782910817352543,4.623256897525837,7.541668725225958,4.723653881644057
0,1,Dgv,570,LSTransferTreeBoost,0.05,2,1,0.05,0.5,7.359519978720698,4.874846962200593,6.077530260603937,4.260757821742908
0,9,Dgv,475,LSTransferTreeBoost,0.1,2,2,0.05,0.5,6.386332325544729,4.521253939122165,6.084565227546505,4.2476478283019485
0,7,Dgv,475,LSTransferTreeBoost,0.1,1,1,0.05,0.5,7.2207862234020785,4.728633756500909,6.945693328882632,4.482735675660641
0,5,Dgv,380,LSTransferTreeBoost,0.05,2,2,0.05,0.9,7.523884011822645,4.91763866356614,6.257181369682777,4.371238599427678
0,8,Dgv,380,LSTransferTreeBoost,0.1,1,2,0.05,0.9,6.804736489102263,4.610997555693969,7.52653304031496,4.995936441933454
0,3,Dgv,760,LSTransferTreeBoost,0.05,2,2,0.01,0.5,6.722879609314059,4.645021490975025,5.954646960943817,4.393335195246266
0,10,Dgv,570,LSTransferTreeBoost,0.05,1,1,0.01,0.5,6.637559930683454,4.592576574124752,6.955858412825869,4.796491265308484
0,9,Dgv,475,LSTransferTreeBoost,0.1,2,2,0.05,0.9,6.397865016042634,4.47652190268037,6.074748285616529,4.182929299076655
0,2,Dgv,665,LSTransferTreeBoost,0.05,2,1,0.01,0.9,6.955996836679476,4.4910081894663,6.344410969863158,4.381135655444291
0,3,Dgv,760,LSTransferTreeBoost,0.05,2,2,0.01,0.9,6.69626152171646,4.689665540695531,5.930627832326335,4.380231035577768
0,7,Dgv,475,LSTransferTreeBoost,0.1,1,1,0.05,0.9,7.1648605390026034,4.700412459207945,6.9271224806312155,4.495304290469511
0,4,Dgv,475,LSTransferTreeBoost,0.05,1,1,0.05,0.5,7.272427980968249,4.622888525133641,7.088433243352813,4.786911005470281
0,8,Dgv,380,LSTransferTreeBoost,0.1,2,1,0.01,0.5,6.734986853907855,4.541713182726195,7.4470800961324555,4.960753908682648
0,6,Dgv,475,LSTransferTreeBoost,0.05,2,2,0.01,0.5,6.824587871562525,4.638353360785301,7.477347537791819,4.676187974024207
0,1,Dgv,570,LSTransferTreeBoost,0.05,2,1,0.05,0.9,7.340261467942276,4.846066184652471,6.068270558572749,4.230272273037904
0,5,Dgv,380,LSTransferTreeBoost,0.1,1,1,0.01,0.5,7.459105150602467,4.943104921368885,6.203335973186256,4.335465212815789
0,7,Dgv,475,LSTransferTreeBoost,0.1,1,2,0.01,0.5,7.147550480431783,4.661824813244723,6.8625090123666,4.501931416230085
0,3,Dgv,760,LSTransferTreeBoost,0.05,2,2,0.05,0.5,6.741634005584132,4.6184006375288496,6.0001463100175725,4.417606963996024
0,8,Dgv,380,LSTransferTreeBoost,0.1,2,1,0.01,0.9,6.7356404332240505,4.524953215395029,7.401497400593784,4.956326011073962
0,3,Dgv,760,LSTransferTreeBoost,0.05,2,2,0.05,0.9,6.7377437888679745,4.62896460570369,6.0379657460130645,4.4511969378720595
0,2,Dgv,665,LSTransferTreeBoost,0.05,2,1,0.05,0.5,7.048532483864059,4.54772919611892,6.378921765600888,4.404305616866708
0,7,Dgv,475,LSTransferTreeBoost,0.1,1,2,0.01,0.9,7.1325127322127795,4.641174546958091,6.888806183285955,4.474584250246249
0,7,Dgv,475,LSTransferTreeBoost,0.1,1,2,0.05,0.5,7.226801552015813,4.656613119011928,6.88515537139661,4.451123944640621
0,3,Dgv,760,LSTransferTreeBoost,0.1,1,1,0.01,0.5,6.7376375855223545,4.7176021569486295,6.099339450413563,4.485265890154491
0,6,Dgv,475,LSTransferTreeBoost,0.05,2,2,0.01,0.9,6.819913358276815,4.6376549697171665,7.514697771454716,4.6842488058221035
0,7,Dgv,475,LSTransferTreeBoost,0.1,1,2,0.05,0.9,7.209078944442204,4.634517790830785,6.898331774128305,4.461939843446951
0,8,Dgv,380,LSTransferTreeBoost,0.1,2,1,0.05,0.5,6.781764187195082,4.555138853527236,7.4823630990787615,4.958435855301789
0,1,Dgv,570,LSTransferTreeBoost,0.05,2,2,0.01,0.5,7.269271875780275,4.827323933831603,5.995707395561098,4.192463532886894
0,5,Dgv,380,LSTransferTreeBoost,0.1,1,1,0.01,0.9,7.440043008940934,4.925320219158936,6.218582365675089,4.340289894850892
0,9,Dgv,570,LSTransferTreeBoost,0.05,1,1,0.01,0.5,6.436745822431701,4.573362072016041,5.989914780479524,4.248331570570871
0,3,Dgv,760,LSTransferTreeBoost,0.1,1,1,0.01,0.9,6.708126669962899,4.744047643313742,6.077288557609567,4.472023784958711
0,10,Dgv,570,LSTransferTreeBoost,0.05,1,1,0.01,0.9,6.629258032872872,4.554297196900144,6.947203575268776,4.806023216220209
0,6,Dgv,475,LSTransferTreeBoost,0.05,2,2,0.05,0.5,6.832464498259157,4.666177002721181,7.530866504655758,4.68454953015381
0,3,Dgv,760,LSTransferTreeBoost,0.1,1,1,0.05,0.5,6.770281286705376,4.689857246669621,6.079319042722849,4.462212996934257
0,7,Dgv,475,LSTransferTreeBoost,0.1,2,1,0.01,0.5,7.166821258690774,4.704697444216225,6.903664077644441,4.480650424061325
0,2,Dgv,665,LSTransferTreeBoost,0.05,2,1,0.05,0.9,7.033980274672723,4.522051316563516,6.341065204969774,4.375457967263189
0,5,Dgv,380,LSTransferTreeBoost,0.1,1,1,0.05,0.5,7.490353593242539,4.907893901742495,6.225725319069054,4.344718641250428
0,8,Dgv,380,LSTransferTreeBoost,0.1,2,1,0.05,0.9,6.747690484040168,4.546895202112125,7.4801745997566265,4.964451558249178
0,3,Dgv,760,LSTransferTreeBoost,0.1,1,1,0.05,0.9,6.73479365316303,4.713759270903366,6.03263601492588,4.438689751877137
0,3,Dgv,760,LSTransferTreeBoost,0.1,1,2,0.01,0.5,6.718888195816473,4.6888545222840605,5.929472492487877,4.402114797659649
0,6,Dgv,475,LSTransferTreeBoost,0.05,2,2,0.05,0.9,6.846371207920463,4.666140475929686,7.510022878567324,4.686080556055608
0,1,Dgv,570,LSTransferTreeBoost,0.05,2,2,0.01,0.9,7.237054669646398,4.807717789250302,5.994570734514162,4.19073984256554
0,8,Dgv,380,LSTransferTreeBoost,0.1,2,2,0.01,0.5,6.778096706735073,4.581714652041389,7.476687390986751,4.987366021971099
0,2,Dgv,665,LSTransferTreeBoost,0.05,2,2,0.01,0.5,7.006144476513564,4.471760904402969,6.456309484724597,4.454201603636068
0,4,Dgv,475,LSTransferTreeBoost,0.05,1,1,0.05,0.9,7.261402905715106,4.613681581062536,7.077901834734301,4.761383344311914
0,7,Dgv,475,LSTransferTreeBoost,0.1,2,1,0.01,0.9,7.116287420818722,4.660187276175992,6.884107278191844,4.474010248795378
0,3,Dgv,760,LSTransferTreeBoost,0.1,1,2,0.01,0.9,6.68230205727356,4.701095611921184,5.934601178945469,4.400932242505631
0,5,Dgv,380,LSTransferTreeBoost,0.1,1,1,0.05,0.9,7.477057816935229,4.939362481103195,6.207605272747881,4.3336925321627
0,1,Dgv,570,LSTransferTreeBoost,0.05,2,2,0.05,0.5,7.35790767044079,4.895387757189394,6.015420151710427,4.207627950702736
0,9,Dgv,570,LSTransferTreeBoost,0.05,1,1,0.01,0.9,6.425935175504186,4.617866916445671,6.009398960473523,4.295269744343188
0,3,Dgv,760,LSTransferTreeBoost,0.1,1,2,0.05,0.5,6.731175522262697,4.634437791198126,5.964611257765917,4.404313046982279
0,8,Dgv,380,LSTransferTreeBoost,0.1,2,2,0.01,0.9,6.760957226050744,4.556199959974647,7.424240296393737,4.936239534269995
0,5,Dgv,380,LSTransferTreeBoost,0.1,1,2,0.01,0.5,7.53425143956421,4.952976170448339,6.2105296786185304,4.358890835648221
0,10,Dgv,570,LSTransferTreeBoost,0.05,1,1,0.05,0.5,6.638844718550233,4.569452091844597,6.984320849885212,4.79765850760328
0,3,Dgv,760,LSTransferTreeBoost,0.1,1,2,0.05,0.9,6.723438748536831,4.645282190462596,5.990361632955515,4.424436296411841
0,6,Dgv,475,LSTransferTreeBoost,0.1,1,1,0.01,0.5,6.826142438113964,4.645551793013601,7.542690918772833,4.76851171819006
0,8,Dgv,380,LSTransferTreeBoost,0.1,2,2,0.05,0.5,6.793149502000559,4.593717305298298,7.440972958010567,4.951935953121689
0,7,Dgv,475,LSTransferTreeBoost,0.1,2,1,0.05,0.5,7.170921711852953,4.73671804736167,6.883021052990654,4.4994142632552965
0,3,Dgv,760,LSTransferTreeBoost,0.1,2,1,0.01,0.5,6.687698667433123,4.638683026642611,6.044809924210067,4.421017408553461
0,5,Dgv,380,LSTransferTreeBoost,0.1,1,2,0.01,0.9,7.526129078384849,4.955532494967181,6.190351699369242,4.328578822765451
0,4,Dgv,475,LSTransferTreeBoost,0.05,1,2,0.01,0.5,7.201230217334942,4.561930736618244,7.090945892443344,4.754895805343931
0,8,Dgv,380,LSTransferTreeBoost,0.1,2,2,0.05,0.9,6.7965841176893385,4.591077042861974,7.4514277129892506,4.935260852220901
0,5,Dgv,380,LSTransferTreeBoost,0.1,1,2,0.05,0.5,7.53209305365169,4.937212230412703,6.255400641123358,4.3845190778644225
0,1,Dgv,570,LSTransferTreeBoost,0.05,2,2,0.05,0.9,7.302386486592739,4.80783764334094,5.983567410988456,4.159526031811766
0,2,Dgv,665,LSTransferTreeBoost,0.05,2,2,0.01,0.9,7.01319574544027,4.424560819943471,6.4413492825266445,4.427311767431273
0,7,Dgv,475,LSTransferTreeBoost,0.1,2,1,0.05,0.9,7.194087251623528,4.687712511286849,6.915260874036656,4.462976129865618
0,3,Dgv,760,LSTransferTreeBoost,0.1,2,1,0.01,0.9,6.664510462796561,4.68849540070998,6.048706946298654,4.43775726452801
0,5,Dgv,380,LSTransferTreeBoost,0.1,1,2,0.05,0.9,7.534201342552809,4.943899636313199,6.259229667245535,4.37401194437199
0,7,Dgv,475,LSTransferTreeBoost,0.1,2,2,0.01,0.5,7.1654272347454935,4.651599373604963,6.9016153920899725,4.505679320219765
0,1,Dgv,570,LSTransferTreeBoost,0.1,1,1,0.01,0.5,7.220158741716794,4.850613525607106,6.070242778310252,4.272478465619577
0,6,Dgv,475,LSTransferTreeBoost,0.1,1,1,0.01,0.9,6.815181829303669,4.639269379431487,7.519645019760239,4.735864853567894
0,2,Dgv,665,LSTransferTreeBoost,0.05,2,2,0.05,0.5,7.011986077384129,4.471509493746411,6.477646454972657,4.449247819813132
0,3,Dgv,760,LSTransferTreeBoost,0.1,2,1,0.05,0.5,6.7344046897620276,4.619246119033579,6.0155917385802615,4.377998102051775
0,10,Dgv,570,LSTransferTreeBoost,0.05,1,1,0.05,0.9,6.639929853067036,4.57029439060559,6.96438782602015,4.788895365818927
0,7,Dgv,475,LSTransferTreeBoost,0.1,2,2,0.01,0.9,7.130176202418347,4.663691405913552,6.9179586180728,4.54601139674084
0,3,Dgv,760,LSTransferTreeBoost,0.1,2,1,0.05,0.9,6.69433149254335,4.629598247099532,5.9970443240266675,4.375576136573203
0,2,Dgv,665,LSTransferTreeBoost,0.05,2,2,0.05,0.9,7.0200785817821005,4.501119458412862,6.461228946156757,4.4461126149796915
0,1,Dgv,570,LSTransferTreeBoost,0.1,1,1,0.01,0.9,7.205729815779042,4.855312961382761,6.076448436191511,4.267956031380464
0,4,Dgv,475,LSTransferTreeBoost,0.05,1,2,0.01,0.9,7.196120815679778,4.566621466244765,7.061807825205611,4.720465390570199
0,3,Dgv,760,LSTransferTreeBoost,0.1,2,2,0.01,0.5,6.707186858888737,4.651713434575937,5.926937598418797,4.363407667478227
0,7,Dgv,475,LSTransferTreeBoost,0.1,2,2,0.05,0.5,7.156422210022598,4.665377437075867,6.82840961609175,4.493476242307705
0,6,Dgv,475,LSTransferTreeBoost,0.1,1,1,0.05,0.5,6.806935149363676,4.6411589311477774,7.581631811782649,4.772101418656252
0,9,Dgv,570,LSTransferTreeBoost,0.05,1,1,0.05,0.5,6.447090916057657,4.582559333998727,6.023805647950532,4.242563267086594
0,2,Dgv,665,LSTransferTreeBoost,0.1,1,1,0.01,0.5,7.020806755813895,4.579124921451727,6.371210217158683,4.433643809586294
0,5,Dgv,380,LSTransferTreeBoost,0.1,2,1,0.01,0.5,7.457057382294564,4.894937415784893,6.215784105587191,4.285876844972023
0,1,Dgv,570,LSTransferTreeBoost,0.1,1,1,0.05,0.5,7.274525352585181,4.835484514819151,6.051360388667104,4.2651720681570735
0,10,Dgv,570,LSTransferTreeBoost,0.05,1,2,0.01,0.5,6.616303977887113,4.429401143758853,6.912205099311634,4.700263856966682
0,7,Dgv,475,LSTransferTreeBoost,0.1,2,2,0.05,0.9,7.169722271117459,4.627359377916502,6.844352007327044,4.458090337867147
0,3,Dgv,760,LSTransferTreeBoost,0.1,2,2,0.01,0.9,6.682526434766193,4.72098093954353,5.903424394482382,4.348275486597564
0,3,Dgv,760,LSTransferTreeBoost,0.1,2,2,0.05,0.5,6.746224078745507,4.626316665633014,6.019136800771427,4.439849974202072
0,2,Dgv,665,LSTransferTreeBoost,0.1,1,1,0.01,0.9,6.982161179570831,4.559308498851946,6.394393084663567,4.4778295864366955
0,6,Dgv,475,LSTransferTreeBoost,0.1,1,1,0.05,0.9,6.818434346584469,4.64886805348784,7.566001429886167,4.774631670026724
0,3,Dgv,760,LSTransferTreeBoost,0.1,2,2,0.05,0.9,6.708159313854612,4.619946520631844,5.931633269522853,4.37018011597134
0,4,Dgv,475,LSTransferTreeBoost,0.05,1,2,0.05,0.5,7.196708976403898,4.564659336437186,7.070659304629559,4.791977921977881
0,1,Dgv,570,LSTransferTreeBoost,0.1,1,1,0.05,0.9,7.241590108689655,4.812347298674742,6.058758066699931,4.252761858154119
0,6,Dgv,475,LSTransferTreeBoost,0.1,1,2,0.01,0.5,6.791486821120166,4.611625007598881,7.5366831240156005,4.6957674845545485
0,2,Dgv,665,LSTransferTreeBoost,0.1,1,1,0.05,0.5,7.053179850081012,4.593171411030816,6.354931652644362,4.421788060863084
0,1,Dgv,570,LSTransferTreeBoost,0.1,1,2,0.01,0.5,7.2331371800276925,4.802465008251261,6.005200499048978,4.1982841650783955
0,5,Dgv,380,LSTransferTreeBoost,0.1,2,1,0.01,0.9,7.460051995281719,4.902085561994575,6.206958615245996,4.282166727731389
0,10,Dgv,570,LSTransferTreeBoost,0.05,1,2,0.01,0.9,6.603979895064956,4.431958577000676,6.866185719128222,4.689291572306446
0,8,Dgv,475,LSTransferTreeBoost,0.05,1,1,0.01,0.5,6.836403060217209,4.591597384194216,7.501210345284463,4.980180836764504
0,4,Dgv,475,LSTransferTreeBoost,0.05,1,2,0.05,0.9,7.2134194260027975,4.557519662001563,7.089966490825838,4.826539924609694
0,2,Dgv,665,LSTransferTreeBoost,0.1,1,1,0.05,0.9,7.035053221958437,4.589302584899522,6.364830645164856,4.433772612546005
0,3,Dgv,855,LSTransferTreeBoost,0.05,1,1,0.01,0.5,6.750777303085616,4.713466394304516,6.068427733647325,4.451555775876333
0,6,Dgv,475,LSTransferTreeBoost,0.1,1,2,0.01,0.9,6.824653342873671,4.5985674854271394,7.594690632179488,4.765524176143364
0,10,Dgv,570,LSTransferTreeBoost,0.05,1,2,0.05,0.5,6.65455186357086,4.444728352569327,6.957801687077299,4.718867452161827
0,7,Dgv,570,LSTransferTreeBoost,0.05,1,1,0.01,0.5,7.284545192110231,4.796759820184549,7.080987187752563,4.636619570193933
0,1,Dgv,570,LSTransferTreeBoost,0.1,1,2,0.01,0.9,7.209517802409144,4.82645293634554,6.03439673589125,4.231335885533363
0,6,Dgv,475,LSTransferTreeBoost,0.1,1,2,0.05,0.5,6.806100757854548,4.645769571396125,7.52241977944438,4.708567054152617
0,2,Dgv,665,LSTransferTreeBoost,0.1,1,2,0.01,0.5,7.0047155197722395,4.476947310967313,6.40822437951328,4.4181536954250396
0,1,Dgv,570,LSTransferTreeBoost,0.1,1,2,0.05,0.5,7.256067644957304,4.835565931464652,5.996687001602635,4.209810061843737
0,9,Dgv,570,LSTransferTreeBoost,0.05,1,1,0.05,0.9,6.445008200389954,4.590555400238297,6.0174871635736125,4.24797593878097
0,5,Dgv,380,LSTransferTreeBoost,0.1,2,1,0.05,0.5,7.489638023185843,4.9141445524013685,6.184838876198438,4.304506800028378
0,6,Dgv,475,LSTransferTreeBoost,0.1,1,2,0.05,0.9,6.817905013744968,4.633746771389194,7.519319621796925,4.710034274154915
0,10,Dgv,570,LSTransferTreeBoost,0.05,1,2,0.05,0.9,6.646546338505399,4.429663356123809,6.96560828511279,4.72803057458843
0,1,Dgv,570,LSTransferTreeBoost,0.1,1,2,0.05,0.9,7.268002002586937,4.850943491783349,5.989520744550303,4.185079833496206
0,2,Dgv,665,LSTransferTreeBoost,0.1,1,2,0.01,0.9,7.059810877071989,4.51680538694495,6.42891258002351,4.431345388082547
0,7,Dgv,570,LSTransferTreeBoost,0.05,1,1,0.01,0.9,7.30672167746112,4.817918534340444,7.121070371338449,4.6947459415030535
0,3,Dgv,855,LSTransferTreeBoost,0.05,1,1,0.01,0.9,6.711359938230343,4.718738817666402,6.039485939677379,4.428324423459893
0,2,Dgv,665,LSTransferTreeBoost,0.1,1,2,0.05,0.5,7.036730555443892,4.496998631501284,6.467289017058473,4.446558867336397
0,1,Dgv,570,LSTransferTreeBoost,0.1,2,1,0.01,0.5,7.194141969231221,4.7746310681050605,6.019720408200285,4.190005627360582
0,5,Dgv,380,LSTransferTreeBoost,0.1,2,1,0.05,0.9,7.496468692571554,4.904664061111021,6.188981410752967,4.2946355598675
0,2,Dgv,665,LSTransferTreeBoost,0.1,1,2,0.05,0.9,7.000800470307884,4.443285277153642,6.412983913016441,4.392522608356638
0,9,Dgv,570,LSTransferTreeBoost,0.05,1,2,0.01,0.5,6.4026843192147345,4.454250623470319,6.000405826770697,4.188586212964195
0,6,Dgv,475,LSTransferTreeBoost,0.1,2,1,0.01,0.5,6.779259779319886,4.604759763749715,7.48921276502675,4.689648192032882
0,5,Dgv,380,LSTransferTreeBoost,0.1,2,2,0.01,0.5,7.526268678785178,4.940852127395972,6.213752250932399,4.344292414717839
0,1,Dgv,570,LSTransferTreeBoost,0.1,2,1,0.01,0.9,7.145818640564648,4.746190807840305,6.016316241269812,4.167263532012173
0,3,Dgv,855,LSTransferTreeBoost,0.05,1,1,0.05,0.5,6.791796766565526,4.629249509355275,6.121424594619428,4.460983507128748
0,2,Dgv,665,LSTransferTreeBoost,0.1,2,1,0.01,0.5,6.982242818297242,4.516944277588681,6.337737731986217,4.383773109108143
0,4,Dgv,475,LSTransferTreeBoost,0.05,2,1,0.01,0.5,7.238736561554,4.576249475658668,7.038137523240528,4.733186561849654
0,6,Dgv,475,LSTransferTreeBoost,0.1,2,1,0.01,0.9,6.769280241335247,4.5586480621537,7.44690042791934,4.657642543470861
0,5,Dgv,380,LSTransferTreeBoost,0.1,2,2,0.01,0.9,7.523669727747189,4.953161884562923,6.206240408365375,4.326000951588029
0,10,Dgv,570,LSTransferTreeBoost,0.05,2,1,0.01,0.5,6.647424063456238,4.57669032648465,6.9757311150343595,4.794288917878891
0,2,Dgv,665,LSTransferTreeBoost,0.1,2,1,0.01,0.9,6.9232120593948085,4.43880343662634,6.359876715018152,4.384689415844075
0,1,Dgv,570,LSTransferTreeBoost,0.1,2,1,0.05,0.5,7.306035911430546,4.808715493401092,6.0353143471257935,4.210058927090506
0,5,Dgv,380,LSTransferTreeBoost,0.1,2,2,0.05,0.5,7.526666718676946,4.92456614642462,6.274784647531361,4.372669612319871
0,9,Dgv,570,LSTransferTreeBoost,0.05,1,2,0.01,0.9,6.4098147740961835,4.487646310011974,5.976343913373015,4.199522988629524
0,7,Dgv,570,LSTransferTreeBoost,0.05,1,1,0.05,0.5,7.3033274731238675,4.835701161837839,7.0841402905991195,4.671746386755682
0,3,Dgv,855,LSTransferTreeBoost,0.05,1,1,0.05,0.9,6.758698177589005,4.650802383213217,6.030978515429842,4.400936432287379
0,2,Dgv,665,LSTransferTreeBoost,0.1,2,1,0.05,0.5,7.031730145604219,4.535397012197483,6.329142964179195,4.369196377790288
0,5,Dgv,380,LSTransferTreeBoost,0.1,2,2,0.05,0.9,7.531424341241017,4.934993871863009,6.240560560572382,4.335426456448592
0,6,Dgv,475,LSTransferTreeBoost,0.1,2,1,0.05,0.5,6.79563334954545,4.637756066308726,7.544993809577288,4.729581498692451
0,1,Dgv,570,LSTransferTreeBoost,0.1,2,1,0.05,0.9,7.239198755829682,4.779874894472337,6.015137470420038,4.181581446972551
0,9,Dgv,570,LSTransferTreeBoost,0.05,1,2,0.05,0.5,6.434624969909871,4.487198779830699,6.056523670043785,4.2300061437867775
0,2,Dgv,665,LSTransferTreeBoost,0.1,2,1,0.05,0.9,7.0195046927014735,4.510794118962212,6.3322916068790365,4.36426314231482
0,3,Dgv,855,LSTransferTreeBoost,0.05,1,2,0.01,0.5,6.7061636763264865,4.631059874149409,5.910406639861384,4.366622839942902
0,8,Dgv,475,LSTransferTreeBoost,0.05,1,1,0.01,0.9,6.809918535514364,4.606865388255365,7.503499220520517,4.996001230957393
0,1,Dgv,570,LSTransferTreeBoost,0.1,2,2,0.01,0.5,7.242064307314545,4.782321836557864,6.005061298004268,4.194361815411889
0,2,Dgv,665,LSTransferTreeBoost,0.1,2,2,0.01,0.5,7.006775850129227,4.473238188186712,6.446280035143565,4.448076497638873
0,9,Dgv,570,LSTransferTreeBoost,0.05,1,2,0.05,0.9,6.443202908037719,4.481689293186464,6.048029130176465,4.213514415205338
0,6,Dgv,475,LSTransferTreeBoost,0.1,2,1,0.05,0.9,6.777014746356517,4.603166223872665,7.517496495185742,4.692631202910762
0,10,Dgv,570,LSTransferTreeBoost,0.05,2,1,0.01,0.9,6.639459844930535,4.547384490755177,6.965635866991785,4.768544385989613
0,4,Dgv,475,LSTransferTreeBoost,0.05,2,1,0.01,0.9,7.210399864696838,4.540199175951805,7.020930778563409,4.6729911882733
0,1,Dgv,570,LSTransferTreeBoost,0.1,2,2,0.01,0.9,7.209498273196269,4.77809645982727,5.998968772447638,4.177108371964514
0,3,Dgv,855,LSTransferTreeBoost,0.05,1,2,0.01,0.9,6.6890541145616425,4.645278036787306,5.8907019151099025,4.364474985276396
0,6,Dgv,475,LSTransferTreeBoost,0.1,2,2,0.01,0.5,6.811072861167173,4.61074776698208,7.525805860685579,4.6870504100743595
0,2,Dgv,665,LSTransferTreeBoost,0.1,2,2,0.01,0.9,6.994994733236206,4.437680973590635,6.415879377507671,4.425886028655004
0,7,Dgv,570,LSTransferTreeBoost,0.05,1,1,0.05,0.9,7.319572526024931,4.834185446491515,7.103418971332488,4.664028223157743
0,1,Dgv,570,LSTransferTreeBoost,0.1,2,2,0.05,0.5,7.306587448572305,4.798899454521299,5.996771460391629,4.166465847174134
0,2,Dgv,665,LSTransferTreeBoost,0.1,2,2,0.05,0.5,7.009974320568352,4.462114679733493,6.466419130817628,4.442617880281949
0,3,Dgv,855,LSTransferTreeBoost,0.05,1,2,0.05,0.5,6.708668054705389,4.58105719057413,5.95802221195494,4.388162174772476
0,6,Dgv,475,LSTransferTreeBoost,0.1,2,2,0.01,0.9,6.79948187979279,4.584546959497938,7.546635935943,4.699775202136215
0,1,Dgv,570,LSTransferTreeBoost,0.1,2,2,0.05,0.9,7.288987626989996,4.788559201603089,5.9918204408225835,4.1597271815720065
0,2,Dgv,665,LSTransferTreeBoost,0.1,2,2,0.05,0.9,7.00909253744697,4.451128063839909,6.443389516685175,4.420760034533712
0,7,Dgv,570,LSTransferTreeBoost,0.05,1,2,0.01,0.5,7.228891804195015,4.719096700826679,6.999547915932417,4.619231129057429
0,3,Dgv,855,LSTransferTreeBoost,0.05,1,2,0.05,0.9,6.734158963773781,4.579457118039196,5.9889450644103865,4.395826355838933
0,6,Dgv,475,LSTransferTreeBoost,0.1,2,2,0.05,0.5,6.810051049839726,4.651680755826015,7.505985244906178,4.712200602316158
0,6,Dgv,475,LSTransferTreeBoost,0.1,2,2,0.05,0.9,6.832202452561767,4.642734944894245,7.5409837965936015,4.69761697450785
0,5,Dgv,475,LSTransferTreeBoost,0.05,1,1,0.01,0.5,7.50587942440332,4.942248181098189,6.177401024243511,4.321698894612029
0,9,Dgv,570,LSTransferTreeBoost,0.05,2,1,0.01,0.5,6.419919075651216,4.6151674428129725,6.017037149489016,4.280583028690073
0,2,Dgv,760,LSTransferTreeBoost,0.05,1,1,0.01,0.5,7.067820069299354,4.620253713747462,6.364840079033892,4.445685874432344
0,7,Dgv,570,LSTransferTreeBoost,0.05,1,2,0.01,0.9,7.204253399143328,4.714960256994955,7.029471592240549,4.640543179402053
0,3,Dgv,855,LSTransferTreeBoost,0.05,2,1,0.01,0.5,6.68697655426749,4.626833084113212,5.939903774993737,4.331736423786556
0,1,Dgv,665,LSTransferTreeBoost,0.05,1,1,0.01,0.5,7.245381078194546,4.813239409818888,5.9891513557399945,4.183592642317608
0,7,Dgv,570,LSTransferTreeBoost,0.05,1,2,0.05,0.5,7.269284858662881,4.723089000376352,7.0507155066099765,4.640627867156907
0,10,Dgv,570,LSTransferTreeBoost,0.05,2,1,0.05,0.5,6.644504216251447,4.568907618412942,6.9679855935567225,4.784542231140817
0,4,Dgv,475,LSTransferTreeBoost,0.05,2,1,0.05,0.5,7.265191319233714,4.606491777294437,7.073463578888125,4.783160556115536
0,7,Dgv,570,LSTransferTreeBoost,0.05,1,2,0.05,0.9,7.237096756058914,4.69158058106298,7.016150818143644,4.613062412965247
0,2,Dgv,760,LSTransferTreeBoost,0.05,1,1,0.01,0.9,7.040479373110314,4.613521835366896,6.39290107356993,4.472968685153664
0,8,Dgv,475,LSTransferTreeBoost,0.05,1,1,0.05,0.5,6.803603600003002,4.599166657166584,7.503597319231736,4.979209660809088
0,3,Dgv,855,LSTransferTreeBoost,0.05,2,1,0.01,0.9,6.661497859283047,4.640443030626618,5.978204877847401,4.353531816883391
0,9,Dgv,570,LSTransferTreeBoost,0.05,2,1,0.01,0.9,6.414749104520122,4.582464795229005,5.975495403139407,4.212896036283346
0,6,Dgv,570,LSTransferTreeBoost,0.05,1,1,0.01,0.5,6.84564167971178,4.631448165350544,7.537955420676718,4.747871280503003
0,5,Dgv,475,LSTransferTreeBoost,0.05,1,1,0.01,0.9,7.475080032108091,4.955704365917688,6.163503647746908,4.313551382375162
0,2,Dgv,760,LSTransferTreeBoost,0.05,1,1,0.05,0.5,7.081039042610314,4.607868781282249,6.357794864971896,4.437255149070054
0,1,Dgv,665,LSTransferTreeBoost,0.05,1,1,0.01,0.9,7.206824531077469,4.813204626927975,5.983012979257208,4.179720774875537
0,3,Dgv,855,LSTransferTreeBoost,0.05,2,1,0.05,0.5,6.7798788436394455,4.635375953163288,6.062367112327206,4.40362150448742
0,10,Dgv,570,LSTransferTreeBoost,0.05,2,1,0.05,0.9,6.64147571811429,4.526920928625598,6.992060765462493,4.7570736987063995
0,7,Dgv,570,LSTransferTreeBoost,0.05,2,1,0.01,0.5,7.221353062070927,4.810317548738326,7.012093633723471,4.659061237615198
0,4,Dgv,475,LSTransferTreeBoost,0.05,2,1,0.05,0.9,7.244812536587367,4.585986147984243,7.057225380412973,4.755662248236453
0,2,Dgv,760,LSTransferTreeBoost,0.05,1,1,0.05,0.9,7.074922691423052,4.603884708711301,6.361802465360114,4.428571611937405
0,10,Dgv,570,LSTransferTreeBoost,0.05,2,2,0.01,0.5,6.623453007907183,4.4360570459128175,6.943199473844823,4.730781443752331
0,6,Dgv,570,LSTransferTreeBoost,0.05,1,1,0.01,0.9,6.8689912131815865,4.625063260043956,7.532862873012029,4.763522838912196
0,1,Dgv,665,LSTransferTreeBoost,0.05,1,1,0.05,0.5,7.31148887324239,4.813251381564901,5.980437066462043,4.165739986684509
0,3,Dgv,855,LSTransferTreeBoost,0.05,2,1,0.05,0.9,6.748231729680821,4.650506622160143,6.0379720833621215,4.401489747937435
0,7,Dgv,570,LSTransferTreeBoost,0.05,2,1,0.01,0.9,7.228238788496371,4.7181674891623935,7.013363679955066,4.586722024466736
0,9,Dgv,570,LSTransferTreeBoost,0.05,2,1,0.05,0.5,6.435798524385363,4.5640051199760405,6.0185073238674285,4.221273434199604
0,2,Dgv,760,LSTransferTreeBoost,0.05,1,2,0.01,0.5,7.026970011054792,4.466440082695097,6.401249634468359,4.397840411325204
0,10,Dgv,570,LSTransferTreeBoost,0.05,2,2,0.01,0.9,6.606881721967617,4.437435545245865,6.8829202056895715,4.711061540157255
0,4,Dgv,475,LSTransferTreeBoost,0.05,2,2,0.01,0.5,7.208852966989135,4.55052189254586,7.0915223528217,4.799029739075167
0,3,Dgv,855,LSTransferTreeBoost,0.05,2,2,0.01,0.5,6.69379214354918,4.6201077255493415,5.906628962377112,4.357765511191368
0,5,Dgv,475,LSTransferTreeBoost,0.05,1,1,0.05,0.5,7.508929056426324,4.913642788902417,6.1925193831228915,4.342495463756612
0,10,Dgv,570,LSTransferTreeBoost,0.05,2,2,0.05,0.5,6.682591771384352,4.460031284020473,7.011691168862674,4.755074555233276
0,3,Dgv,855,LSTransferTreeBoost,0.05,2,2,0.01,0.9,6.665922919519368,4.64932708619339,5.905167472176299,4.366357284228676
0,2,Dgv,760,LSTransferTreeBoost,0.05,1,2,0.01,0.9,7.030635381902205,4.480168250738143,6.388536813253627,4.396848005403429
0,8,Dgv,475,LSTransferTreeBoost,0.05,1,1,0.05,0.9,6.806641285926707,4.601958727524207,7.513055754047114,4.979340369616023
0,1,Dgv,665,LSTransferTreeBoost,0.05,1,1,0.05,0.9,7.2765571314681035,4.808862785759529,5.971901869221538,4.172220026451622
0,10,Dgv,570,LSTransferTreeBoost,0.05,2,2,0.05,0.9,6.674468930865737,4.449094893657498,7.020905602741209,4.765628989050601
0,4,Dgv,475,LSTransferTreeBoost,0.05,2,2,0.01,0.9,7.192329655296374,4.552317906865618,7.078928031288764,4.807398772166507
0,3,Dgv,855,LSTransferTreeBoost,0.05,2,2,0.05,0.5,6.726769355587844,4.594219756410278,5.980225858644797,4.384018588104997
0,2,Dgv,760,LSTransferTreeBoost,0.05,1,2,0.05,0.5,7.047682544078963,4.52790481426662,6.443050841184501,4.441695864827795
0,6,Dgv,570,LSTransferTreeBoost,0.05,1,1,0.05,0.5,6.855252436263772,4.63775225961659,7.571414015900807,4.746831212577406
0,7,Dgv,570,LSTransferTreeBoost,0.05,2,1,0.05,0.5,7.310394122301238,4.849134885764934,7.074622611392153,4.684155206161855
0,10,Dgv,570,LSTransferTreeBoost,0.1,1,1,0.01,0.5,6.63318031147742,4.586091998326968,6.946196500971673,4.793280355602277
0,1,Dgv,665,LSTransferTreeBoost,0.05,1,2,0.01,0.5,7.23766014616782,4.783343038267655,5.855274018892206,4.09123098095087
0,3,Dgv,855,LSTransferTreeBoost,0.05,2,2,0.05,0.9,6.711991214735944,4.588984496509744,5.9493836023365345,4.375743766785563
0,2,Dgv,760,LSTransferTreeBoost,0.05,1,2,0.05,0.9,7.059374849957593,4.493670034620444,6.426648306826028,4.419349322995855
0,4,Dgv,475,LSTransferTreeBoost,0.05,2,2,0.05,0.5,7.203197971587349,4.524240937978829,7.089681218779221,4.82510361770901
0,9,Dgv,570,LSTransferTreeBoost,0.05,2,1,0.05,0.9,6.426491544946485,4.555295849981218,5.9945784660322765,4.200843399910316
0,8,Dgv,475,LSTransferTreeBoost,0.05,1,2,0.01,0.5,6.843273937039769,4.575507705149901,7.427437757058477,4.938990907285584
0,3,Dgv,855,LSTransferTreeBoost,0.1,1,1,0.01,0.5,6.725545166145111,4.716406337060501,5.9733733189523255,4.380121343838403
0,10,Dgv,570,LSTransferTreeBoost,0.1,1,1,0.01,0.9,6.644614421516465,4.608068206536132,6.960111251243405,4.82267419087046
0,5,Dgv,475,LSTransferTreeBoost,0.05,1,1,0.05,0.9,7.512094779496904,4.921060936413382,6.182705504341775,4.328603996826314
0,1,Dgv,665,LSTransferTreeBoost,0.05,1,2,0.01,0.9,7.217992038558098,4.793568853943486,5.878497317258518,4.126659209740865
0,4,Dgv,475,LSTransferTreeBoost,0.05,2,2,0.05,0.9,7.198631080403839,4.540598328104731,7.088526143185388,4.8093450163755165
0,3,Dgv,855,LSTransferTreeBoost,0.1,1,1,0.01,0.9,6.707430725001449,4.734796102760585,6.0494620017734775,4.44147504275354
0,2,Dgv,760,LSTransferTreeBoost,0.05,2,1,0.01,0.5,7.039635704138972,4.544529765978215,6.33610540794189,4.368025059620879
0,10,Dgv,570,LSTransferTreeBoost,0.1,1,1,0.05,0.5,6.625837171031061,4.562135426475834,6.95653959737434,4.782469110855268
0,3,Dgv,855,LSTransferTreeBoost,0.1,1,1,0.05,0.5,6.768457553689511,4.675126956909982,6.074997723534897,4.444529504081185
0,1,Dgv,665,LSTransferTreeBoost,0.05,1,2,0.05,0.5,7.272686960220467,4.812869550719945,5.88562614701965,4.114030068939957
0,9,Dgv,570,LSTransferTreeBoost,0.05,2,2,0.01,0.5,6.375588544593955,4.430002934812127,5.993150378542417,4.179058313876896
0,5,Dgv,475,LSTransferTreeBoost,0.05,1,2,0.01,0.5,7.561937945306399,4.939184229766288,6.246741794681113,4.394142036652011
0,6,Dgv,570,LSTransferTreeBoost,0.05,1,1,0.05,0.9,6.862867462377196,4.646202562796451,7.578125662608131,4.760073708972748
0,7,Dgv,570,LSTransferTreeBoost,0.05,2,1,0.05,0.9,7.292143267409938,4.795394603014435,7.063700175574086,4.652300900915724
0,3,Dgv,855,LSTransferTreeBoost,0.1,1,1,0.05,0.9,6.744046733815883,4.734147863145485,6.00326773920904,4.4127304389710345
0,3,Dgv,855,LSTransferTreeBoost,0.1,1,2,0.01,0.5,6.721441866997489,4.674833140982283,5.873601085734076,4.344024080186337
0,10,Dgv,570,LSTransferTreeBoost,0.1,1,1,0.05,0.9,6.623849945579383,4.547921779327655,6.946290906400826,4.778983798595971
0,4,Dgv,475,LSTransferTreeBoost,0.1,1,1,0.01,0.5,7.243107456107437,4.600498204537966,7.0431740879184845,4.704058193713354
0,8,Dgv,475,LSTransferTreeBoost,0.05,1,2,0.01,0.9,6.847782068794268,4.585485084237084,7.418612527311107,4.9212705181467955
0,1,Dgv,665,LSTransferTreeBoost,0.05,1,2,0.05,0.9,7.250251803484117,4.789238668380423,5.855670392590224,4.102911891882692
0,2,Dgv,760,LSTransferTreeBoost,0.05,2,1,0.01,0.9,6.98417421093336,4.507169059900098,6.31992596840595,4.381960716401657
0,5,Dgv,475,LSTransferTreeBoost,0.05,1,2,0.01,0.9,7.556145169360699,4.936419552061058,6.234233859202686,4.355986484689481
0,10,Dgv,570,LSTransferTreeBoost,0.1,1,2,0.01,0.5,6.619997856911129,4.461926603374697,6.870384550480559,4.692463195899028
0,7,Dgv,570,LSTransferTreeBoost,0.05,2,2,0.01,0.5,7.200461681581279,4.691193907152912,6.990413012274158,4.629027467751968
0,3,Dgv,855,LSTransferTreeBoost,0.1,1,2,0.01,0.9,6.690083968876796,4.721613097145556,5.904596186819935,4.392276412163942
0,9,Dgv,570,LSTransferTreeBoost,0.05,2,2,0.01,0.9,6.407887508788754,4.477591895732562,5.974435984034907,4.186387388316839
0,6,Dgv,570,LSTransferTreeBoost,0.05,1,2,0.01,0.5,6.791467318859887,4.621526260378106,7.4595041054654345,4.679276901103746
0,3,Dgv,855,LSTransferTreeBoost,0.1,1,2,0.05,0.5,6.7359315294525555,4.613611862943398,5.91315832364848,4.350932097945426
0,5,Dgv,475,LSTransferTreeBoost,0.05,1,2,0.05,0.5,7.550437134224742,4.927361345163203,6.274779803089741,4.417851414799814
0,3,Dgv,855,LSTransferTreeBoost,0.1,1,2,0.05,0.9,6.743419142239719,4.628340524372399,5.885871384366329,4.327471174502498
0,10,Dgv,570,LSTransferTreeBoost,0.1,1,2,0.01,0.9,6.596247858192976,4.445161900164715,6.835922060739827,4.71139243711764
0,8,Dgv,475,LSTransferTreeBoost,0.05,1,2,0.05,0.5,6.841353595992352,4.563913226164866,7.420886089484334,4.911825481688034
0,4,Dgv,475,LSTransferTreeBoost,0.1,1,1,0.01,0.9,7.261979913044311,4.644824386241589,7.044683236308836,4.740665630135369
0,9,Dgv,570,LSTransferTreeBoost,0.05,2,2,0.05,0.5,6.411378385038768,4.501618147490517,6.042190900229624,4.232426337170992
0,10,Dgv,570,LSTransferTreeBoost,0.1,1,2,0.05,0.5,6.657416648699388,4.45645125288925,6.968304607490071,4.754321545821961
0,7,Dgv,570,LSTransferTreeBoost,0.05,2,2,0.01,0.9,7.2142754538377805,4.691099294576019,7.045262570126,4.644435022916932
0,3,Dgv,855,LSTransferTreeBoost,0.1,2,1,0.01,0.5,6.684855172287147,4.623376478243366,5.993370799026475,4.36866789851564
0,5,Dgv,475,LSTransferTreeBoost,0.05,1,2,0.05,0.9,7.5553122291996795,4.91922031471672,6.261741089746844,4.387870589178678
0,10,Dgv,570,LSTransferTreeBoost,0.1,1,2,0.05,0.9,6.643779739940651,4.411747046529915,6.974084528963608,4.708280654168602
0,1,Dgv,665,LSTransferTreeBoost,0.05,2,1,0.01,0.5,7.220564270127078,4.760903345363744,5.935887352797225,4.108246861291419
0,3,Dgv,855,LSTransferTreeBoost,0.1,2,1,0.01,0.9,6.665126957386796,4.697070210953482,6.0126748742458975,4.394565690309874
0,6,Dgv,570,LSTransferTreeBoost,0.05,1,2,0.01,0.9,6.819701510297793,4.599328048555529,7.48206556187522,4.673308736584426
0,2,Dgv,760,LSTransferTreeBoost,0.05,2,1,0.05,0.5,7.077999515852933,4.552089058287945,6.368690842458018,4.390611013493933
0,7,Dgv,570,LSTransferTreeBoost,0.05,2,2,0.05,0.5,7.208024965692245,4.713866215323037,7.000593681638443,4.657600270801239
0,9,Dgv,570,LSTransferTreeBoost,0.05,2,2,0.05,0.9,6.422292015316785,4.48488103480078,6.050643899952369,4.223241758607512
0,4,Dgv,475,LSTransferTreeBoost,0.1,1,1,0.05,0.5,7.254485419793218,4.616096548403512,7.073604361854375,4.766233162144457
0,3,Dgv,855,LSTransferTreeBoost,0.1,2,1,0.05,0.5,6.745868317743611,4.624344519927162,6.008766755193252,4.3694128255231846
0,8,Dgv,475,LSTransferTreeBoost,0.05,1,2,0.05,0.9,6.837239043166153,4.566110075441891,7.411959856967942,4.902935424369803
0,10,Dgv,570,LSTransferTreeBoost,0.1,2,1,0.01,0.5,6.610473767753395,4.527861489245029,6.9567543378823515,4.764691730364928
0,6,Dgv,570,LSTransferTreeBoost,0.05,1,2,0.05,0.5,6.873137305143772,4.687550462386262,7.535817446788028,4.6823732578410295
0,7,Dgv,570,LSTransferTreeBoost,0.05,2,2,0.05,0.9,7.2136338969577,4.691823676653956,7.009107507092131,4.65266582525853
0,3,Dgv,855,LSTransferTreeBoost,0.1,2,1,0.05,0.9,6.702154255939195,4.649279960018108,5.954179136666669,4.350408081871686
0,9,Dgv,570,LSTransferTreeBoost,0.1,1,1,0.01,0.5,6.4307228856291845,4.586396482514118,5.996491815041741,4.272021099852075
0,1,Dgv,665,LSTransferTreeBoost,0.05,2,1,0.01,0.9,7.173143636650426,4.739076962726681,5.9612202954052895,4.106680055932067
0,10,Dgv,570,LSTransferTreeBoost,0.1,2,1,0.01,0.9,6.656065151713405,4.583794668142862,6.985339590828015,4.805024884441316
0,3,Dgv,855,LSTransferTreeBoost,0.1,2,2,0.01,0.5,6.695732671630727,4.654674507033761,5.8857265119511295,4.340378037036539
0,2,Dgv,760,LSTransferTreeBoost,0.05,2,1,0.05,0.9,7.0736648865992455,4.55448940480948,6.352364027083022,4.375951338086951
0,4,Dgv,475,LSTransferTreeBoost,0.1,1,1,0.05,0.9,7.256714216469923,4.577288172235331,7.080902206626112,4.72889954598316
0,6,Dgv,570,LSTransferTreeBoost,0.05,1,2,0.05,0.9,6.829714662786727,4.645221529742831,7.489984980109053,4.674011533026165
0,7,Dgv,570,LSTransferTreeBoost,0.1,1,1,0.01,0.5,7.241696684546805,4.7852637934770685,7.053229018301154,4.634368952261137
0,3,Dgv,855,LSTransferTreeBoost,0.1,2,2,0.01,0.9,6.66426757710149,4.713924354911814,5.895901928647905,4.3648285558135544
0,5,Dgv,475,LSTransferTreeBoost,0.05,2,1,0.01,0.5,7.514469546585299,4.917275145307352,6.156485633295489,4.301551937594393
0,10,Dgv,570,LSTransferTreeBoost,0.1,2,1,0.05,0.5,6.659511633889918,4.552261755897887,7.020757821601008,4.789423321086773
0,3,Dgv,855,LSTransferTreeBoost,0.1,2,2,0.05,0.5,6.724781838903147,4.5849633992238354,5.951216859871874,4.350758958184271
0,9,Dgv,570,LSTransferTreeBoost,0.1,1,1,0.01,0.9,6.429694471110464,4.622333618191543,5.9689643937753,4.270465434054488
0,4,Dgv,475,LSTransferTreeBoost,0.1,1,2,0.01,0.5,7.181567993976328,4.611620285285015,7.032991064658411,4.7593255403016865
0,2,Dgv,760,LSTransferTreeBoost,0.05,2,2,0.01,0.5,7.041519859632969,4.528353629888054,6.387210920911163,4.423696141402448
0,3,Dgv,855,LSTransferTreeBoost,0.1,2,2,0.05,0.9,6.699040183411431,4.604721841112162,5.878025605857873,4.329864131539225
0,7,Dgv,570,LSTransferTreeBoost,0.1,1,1,0.01,0.9,7.202477675179938,4.775467255314347,7.047245641822958,4.66561990490904
0,4,Dgv,475,LSTransferTreeBoost,0.1,1,2,0.01,0.9,7.201800198993229,4.59291388747132,7.0323179577797905,4.739839717662805
0,9,Dgv,570,LSTransferTreeBoost,0.1,1,1,0.05,0.5,6.43764294914789,4.58865676960091,6.024333958313401,4.256225732428064
0,10,Dgv,570,LSTransferTreeBoost,0.1,2,1,0.05,0.9,6.631906023991025,4.522299250169838,6.986302179020682,4.754508702614459
0,4,Dgv,475,LSTransferTreeBoost,0.1,1,2,0.05,0.5,7.1947012462662085,4.539256539494532,7.117338610179308,4.785622969792415
0,2,Dgv,760,LSTransferTreeBoost,0.05,2,2,0.01,0.9,7.0728553837222385,4.511208807842124,6.41876327517247,4.422249763922193
0,7,Dgv,570,LSTransferTreeBoost,0.1,1,1,0.05,0.5,7.279841914530862,4.827150556167132,7.061913091776451,4.655215504711829
0,10,Dgv,570,LSTransferTreeBoost,0.1,2,2,0.01,0.5,6.588670782228229,4.423265056745115,6.90908827107785,4.716342626320011
0,4,Dgv,475,LSTransferTreeBoost,0.1,1,2,0.05,0.9,7.215514080943094,4.557858502035356,7.097257485175504,4.807738208820092
0,9,Dgv,570,LSTransferTreeBoost,0.1,1,1,0.05,0.9,6.4273462737545195,4.588962277343583,5.986970277832465,4.241325142480489
0,7,Dgv,570,LSTransferTreeBoost,0.1,1,1,0.05,0.9,7.289373688969625,4.800356272729288,7.095571073295323,4.642367475404483
0,3,Dgv,950,LSTransferTreeBoost,0.05,1,1,0.01,0.5,6.691286551551302,4.674634905396153,6.003252571280854,4.4118345891075466
0,2,Dgv,760,LSTransferTreeBoost,0.05,2,2,0.05,0.5,7.023873336243951,4.496957388869356,6.4164784212854,4.416702308044246
0,10,Dgv,570,LSTransferTreeBoost,0.1,2,2,0.01,0.9,6.614651447188992,4.466660600326083,6.905854301146519,4.751735633963006
0,6,Dgv,570,LSTransferTreeBoost,0.05,2,1,0.01,0.5,6.8281935855508005,4.609054278847083,7.516124700953093,4.7118186277010645
0,1,Dgv,665,LSTransferTreeBoost,0.05,2,1,0.05,0.5,7.300671598949356,4.79487032131847,5.959478029961671,4.144684066763864
0,9,Dgv,570,LSTransferTreeBoost,0.1,1,2,0.01,0.5,6.402701209861024,4.479735809681864,5.98551317563903,4.203882230994734
0,7,Dgv,570,LSTransferTreeBoost,0.1,1,2,0.01,0.5,7.207444189678255,4.737559527534987,7.009735162571727,4.630093300901918
0,5,Dgv,475,LSTransferTreeBoost,0.05,2,1,0.01,0.9,7.480669511259306,4.9012116970102735,6.161416544698788,4.25581722648827
0,10,Dgv,570,LSTransferTreeBoost,0.1,2,2,0.05,0.5,6.666318210075503,4.429755752697355,6.957763907466566,4.684342379729526
0,4,Dgv,475,LSTransferTreeBoost,0.1,2,1,0.01,0.5,7.229873526876568,4.571089659405296,7.023246324160535,4.70922428213589
0,8,Dgv,475,LSTransferTreeBoost,0.05,2,1,0.01,0.5,6.78061593046072,4.588901738604201,7.444232521277381,4.9394686881138785
0,2,Dgv,760,LSTransferTreeBoost,0.05,2,2,0.05,0.9,7.0534440988977165,4.528253099257602,6.423421247536119,4.43444873492457
0,10,Dgv,570,LSTransferTreeBoost,0.1,2,2,0.05,0.9,6.640395707480022,4.429861869376711,6.943194144405792,4.714558914973595
0,9,Dgv,570,LSTransferTreeBoost,0.1,1,2,0.01,0.9,6.411412435757444,4.472189232755796,5.960983264538616,4.180447405742122
0,7,Dgv,570,LSTransferTreeBoost,0.1,1,2,0.01,0.9,7.147737755692087,4.718418453057508,6.992738105601924,4.633110050841064
0,9,Dgv,570,LSTransferTreeBoost,0.1,1,2,0.05,0.5,6.424598337856425,4.466761672516244,6.026609648241444,4.1791355667878785
0,2,Dgv,760,LSTransferTreeBoost,0.1,1,1,0.01,0.5,7.05690031586075,4.60133464353297,6.330770738047541,4.402398060071836
0,7,Dgv,570,LSTransferTreeBoost,0.1,1,2,0.05,0.5,7.261700010359176,4.737127054851501,7.043686927645002,4.621954629132164
0,3,Dgv,950,LSTransferTreeBoost,0.05,1,1,0.01,0.9,6.660796677628253,4.70213678733083,6.022784027330294,4.439662150652464
0,4,Dgv,475,LSTransferTreeBoost,0.1,2,1,0.01,0.9,7.194065601409855,4.534681932069665,7.012184284029417,4.664730951164869
0,9,Dgv,570,LSTransferTreeBoost,0.1,1,2,0.05,0.9,6.436954844119503,4.47256882766604,6.023411702168987,4.191372415493309
0,7,Dgv,570,LSTransferTreeBoost,0.1,1,2,0.05,0.9,7.229086991573799,4.677421816415768,7.02492179076021,4.6255108799628255
0,2,Dgv,760,LSTransferTreeBoost,0.1,1,1,0.01,0.9,7.001798206110588,4.566657367596975,6.369980758037435,4.46441253374931
0,6,Dgv,570,LSTransferTreeBoost,0.05,2,1,0.01,0.9,6.816390037552097,4.543520004324923,7.474871037024438,4.664152300011443
0,2,Dgv,760,LSTransferTreeBoost,0.1,1,1,0.05,0.5,7.082980475464688,4.626545847538444,6.368607829270705,4.44732831687461
0,10,Dgv,665,LSTransferTreeBoost,0.05,1,1,0.01,0.5,6.698552587238705,4.69234397394489,7.007453357185713,4.873224237777575
0,9,Dgv,570,LSTransferTreeBoost,0.1,2,1,0.01,0.5,6.406039556790167,4.565555445017031,5.970801725007816,4.206153063218703
0,7,Dgv,570,LSTransferTreeBoost,0.1,2,1,0.01,0.5,7.203032114319019,4.76500098401581,6.985746783444726,4.612910593160339
0,4,Dgv,475,LSTransferTreeBoost,0.1,2,1,0.05,0.5,7.228548906405085,4.544502123159179,7.023310255628128,4.697844812224577
0,1,Dgv,665,LSTransferTreeBoost,0.05,2,1,0.05,0.9,7.272216338479008,4.765084872639019,5.941000856040682,4.125670441010284
0,2,Dgv,760,LSTransferTreeBoost,0.1,1,1,0.05,0.9,7.060299391107163,4.597972315014401,6.322181008395501,4.400184057158722
0,3,Dgv,950,LSTransferTreeBoost,0.05,1,1,0.05,0.5,6.713860143720807,4.660222373605772,6.026213052537379,4.426352295658027
0,7,Dgv,570,LSTransferTreeBoost,0.1,2,1,0.01,0.9,7.184254614023878,4.7520749743981385,7.01917708187005,4.617452862495766
0,2,Dgv,760,LSTransferTreeBoost,0.1,1,2,0.01,0.5,7.041843086160975,4.5196866039682115,6.398133475678689,4.415567183351312
0,9,Dgv,570,LSTransferTreeBoost,0.1,2,1,0.01,0.9,6.412078361276946,4.558172574591544,5.951122760700313,4.169202843421467
0,4,Dgv,475,LSTransferTreeBoost,0.1,2,1,0.05,0.9,7.206528075186499,4.526414100036885,7.033178068340188,4.700219917140325
0,1,Dgv,665,LSTransferTreeBoost,0.05,2,2,0.01,0.5,7.241709830128308,4.7799060999474134,5.8716983760720876,4.099782526173137
0,2,Dgv,760,LSTransferTreeBoost,0.1,1,2,0.01,0.9,7.057170627213894,4.521437884812843,6.394255223129237,4.416813650561648
0,8,Dgv,475,LSTransferTreeBoost,0.05,2,1,0.01,0.9,6.764501084081967,4.5469632213421,7.4197055274679355,4.922394694196289
0,7,Dgv,570,LSTransferTreeBoost,0.1,2,1,0.05,0.5,7.259789222983323,4.833995316486791,7.033249710901164,4.691926504831285
0,2,Dgv,760,LSTransferTreeBoost,0.1,1,2,0.05,0.5,7.045296564071825,4.500508959892762,6.426921233567264,4.430339111593979
0,10,Dgv,665,LSTransferTreeBoost,0.05,1,1,0.01,0.9,6.688579551802086,4.6701263758780485,6.991794034231174,4.86789012014305
0,4,Dgv,475,LSTransferTreeBoost,0.1,2,2,0.01,0.5,7.184028906187096,4.575037691791168,7.056988086727781,4.770402741548949
0,3,Dgv,950,LSTransferTreeBoost,0.05,1,1,0.05,0.9,6.701391406586033,4.655470263094701,6.018160008172166,4.4249915571624685
0,2,Dgv,760,LSTransferTreeBoost,0.1,1,2,0.05,0.9,7.050155549298473,4.455299102544735,6.4133436944630695,4.393093457523421
0,9,Dgv,570,LSTransferTreeBoost,0.1,2,1,0.05,0.5,6.42079863251536,4.542917206593486,5.991904350880003,4.195478941121278
0,7,Dgv,570,LSTransferTreeBoost,0.1,2,1,0.05,0.9,7.304759205782249,4.773155464168621,7.082963850401942,4.6343906576196
0,5,Dgv,475,LSTransferTreeBoost,0.05,2,1,0.05,0.5,7.5053099461141155,4.8963265952096,6.160734942368218,4.308766360795338
0,7,Dgv,570,LSTransferTreeBoost,0.1,2,2,0.01,0.5,7.219318557575154,4.736470672079073,7.01513314931294,4.654928303903888
0,2,Dgv,760,LSTransferTreeBoost,0.1,2,1,0.01,0.5,7.007410334866294,4.538389685205294,6.3445327440621755,4.382876894477932
0,3,Dgv,950,LSTransferTreeBoost,0.05,1,2,0.01,0.5,6.678906237169832,4.608574137809235,5.944116604465804,4.411703490735183
0,6,Dgv,570,LSTransferTreeBoost,0.05,2,1,0.05,0.5,6.8617282904136925,4.63765416320173,7.559298292854278,4.747758439018106
0,1,Dgv,665,LSTransferTreeBoost,0.05,2,2,0.01,0.9,7.203150048178978,4.757490630104688,5.883050727046624,4.106174653223909
0,4,Dgv,475,LSTransferTreeBoost,0.1,2,2,0.01,0.9,7.17874598980729,4.583134917677483,7.036548675937698,4.733093760828625
0,9,Dgv,570,LSTransferTreeBoost,0.1,2,1,0.05,0.9,6.415847798770438,4.553420410795682,5.982049126604913,4.202024193829887
0,7,Dgv,570,LSTransferTreeBoost,0.1,2,2,0.01,0.9,7.169973851819598,4.7402615206368655,7.035112227486011,4.660353279200149
0,2,Dgv,760,LSTransferTreeBoost,0.1,2,1,0.01,0.9,6.9599348927296605,4.485455513846482,6.326805697948804,4.38842741148934
0,4,Dgv,475,LSTransferTreeBoost,0.1,2,2,0.05,0.5,7.179138293781286,4.545323024134591,7.070741041755777,4.812927174421839
0,3,Dgv,950,LSTransferTreeBoost,0.05,1,2,0.01,0.9,6.670634458559004,4.637002031198523,5.902907533729835,4.396837236238145
0,9,Dgv,570,LSTransferTreeBoost,0.1,2,2,0.01,0.5,6.394314222523383,4.4568168951983935,5.9629007065799176,4.187874505054166
0,7,Dgv,570,LSTransferTreeBoost,0.1,2,2,0.05,0.5,7.208117629916346,4.76253149583861,6.992221077964468,4.662191086963395
0,10,Dgv,665,LSTransferTreeBoost,0.05,1,1,0.05,0.5,6.692028666774929,4.649662094991298,7.043561698338062,4.852559325445262
0,2,Dgv,760,LSTransferTreeBoost,0.1,2,1,0.05,0.5,7.0668418962582376,4.542598252138776,6.305003452481954,4.34821201609
0,3,Dgv,950,LSTransferTreeBoost,0.05,1,2,0.05,0.5,6.684310546221367,4.579690531786145,5.973105257737454,4.4189869407571845
0,7,Dgv,570,LSTransferTreeBoost,0.1,2,2,0.05,0.9,7.202038724053663,4.66311710524354,6.990111862248882,4.644643921127807
0,4,Dgv,475,LSTransferTreeBoost,0.1,2,2,0.05,0.9,7.1867600729434,4.54557540586103,7.070168281945539,4.809782638420583
0,1,Dgv,665,LSTransferTreeBoost,0.05,2,2,0.05,0.5,7.267667884170368,4.840684726955309,5.839372843705792,4.125708409327742
0,9,Dgv,570,LSTransferTreeBoost,0.1,2,2,0.01,0.9,6.420248702693122,4.498965042631984,5.927277184488548,4.147792640879149
0,2,Dgv,760,LSTransferTreeBoost,0.1,2,1,0.05,0.9,7.040201336807372,4.524563432147816,6.311215024549536,4.343955404177868
0,3,Dgv,950,LSTransferTreeBoost,0.05,1,2,0.05,0.9,6.692393173796272,4.567010210151497,5.989965177668864,4.418273395178646
0,9,Dgv,570,LSTransferTreeBoost,0.1,2,2,0.05,0.5,6.396602603376347,4.468568441978969,5.976242145038611,4.1821521024060795
0,2,Dgv,760,LSTransferTreeBoost,0.1,2,2,0.01,0.5,7.016458301086317,4.473642324497818,6.379734388920028,4.3811323386092305
0,9,Dgv,570,LSTransferTreeBoost,0.1,2,2,0.05,0.9,6.418649395650051,4.5015321219902455,6.004426251185918,4.218912199685
0,1,Dgv,665,LSTransferTreeBoost,0.05,2,2,0.05,0.9,7.288789963588991,4.781000879004455,5.890943148575276,4.078924987715212
0,2,Dgv,760,LSTransferTreeBoost,0.1,2,2,0.01,0.9,7.010926857806262,4.484715884406388,6.437005522145106,4.416417044918082
0,1,Dgv,665,LSTransferTreeBoost,0.1,1,1,0.01,0.5,7.223404835564225,4.806991859062582,5.981797656717821,4.172752438677876
0,10,Dgv,665,LSTransferTreeBoost,0.05,1,1,0.05,0.9,6.686659522732726,4.644442269843149,7.020399375117338,4.8395862395259694
0,6,Dgv,570,LSTransferTreeBoost,0.05,2,1,0.05,0.9,6.8480470684809935,4.626156731051797,7.535110721793221,4.725084290329902
0,5,Dgv,475,LSTransferTreeBoost,0.05,2,1,0.05,0.9,7.514511784571121,4.91624898569439,6.141829200902572,4.293059357365088
0,3,Dgv,950,LSTransferTreeBoost,0.05,2,1,0.01,0.5,6.631273212949977,4.601636212734723,5.961033897549103,4.360334201993026
0,2,Dgv,760,LSTransferTreeBoost,0.1,2,2,0.05,0.5,7.03080644922868,4.507530580026173,6.414966676602512,4.409482136261636
0,2,Dgv,760,LSTransferTreeBoost,0.1,2,2,0.05,0.9,7.048821712192246,4.47901821624401,6.408578430010243,4.413131924100296
0,7,Dgv,665,LSTransferTreeBoost,0.05,1,1,0.01,0.5,7.212764000082446,4.771989823754702,7.023823238220835,4.605546801715601
0,4,Dgv,570,LSTransferTreeBoost,0.05,1,1,0.01,0.5,7.265756804697968,4.610274269351452,7.069374576773457,4.70557009071137
0,5,Dgv,475,LSTransferTreeBoost,0.05,2,2,0.01,0.5,7.54916383758373,4.9005765862295,6.225775144917464,4.347723721246588
0,10,Dgv,665,LSTransferTreeBoost,0.05,1,2,0.01,0.5,6.641077960363225,4.4845232377944875,6.921427170196344,4.743442150715636
0,1,Dgv,665,LSTransferTreeBoost,0.1,1,1,0.01,0.9,7.194312669667562,4.811906501646382,5.989351369559646,4.184342150384799
0,8,Dgv,475,LSTransferTreeBoost,0.05,2,1,0.05,0.5,6.790376373261433,4.593902089201288,7.476226462627204,4.964720424643787
0,3,Dgv,950,LSTransferTreeBoost,0.05,2,1,0.01,0.9,6.612425888959824,4.639310240745127,5.962965632827499,4.374169111801338
0,6,Dgv,570,LSTransferTreeBoost,0.05,2,2,0.01,0.5,6.79692988913626,4.624116061992526,7.426271376923659,4.64493141790241
0,9,Dgv,665,LSTransferTreeBoost,0.05,1,1,0.01,0.5,6.371463667615512,4.484944130292637,5.967577977193183,4.218608071150089
0,1,Dgv,665,LSTransferTreeBoost,0.1,1,1,0.05,0.5,7.268642806608446,4.811614479265274,5.960145422706069,4.168791262536315
0,5,Dgv,475,LSTransferTreeBoost,0.05,2,2,0.01,0.9,7.5430987685660735,4.935765408318938,6.216785307114777,4.334714358195139
0,2,Dgv,855,LSTransferTreeBoost,0.05,1,1,0.01,0.5,7.00859438901945,4.549158806168563,6.366141502713968,4.40964727993097
0,10,Dgv,665,LSTransferTreeBoost,0.05,1,2,0.01,0.9,6.630642376743594,4.491950541419335,6.845628257764566,4.729914268444947
0,1,Dgv,665,LSTransferTreeBoost,0.1,1,1,0.05,0.9,7.248298686674462,4.80343794427732,5.985715512223139,4.183844394622858
0,6,Dgv,570,LSTransferTreeBoost,0.05,2,2,0.01,0.9,6.849862698849647,4.65130601923828,7.509882946169198,4.673511519744496
0,5,Dgv,475,LSTransferTreeBoost,0.05,2,2,0.05,0.5,7.5611221325480225,4.899245305013627,6.252616408336826,4.372913440502487
0,7,Dgv,665,LSTransferTreeBoost,0.05,1,1,0.01,0.9,7.16822281849986,4.763606379408515,7.013164292904045,4.63318930576358
0,1,Dgv,665,LSTransferTreeBoost,0.1,1,2,0.01,0.5,7.2278776580507875,4.7912059709250565,5.859100014770773,4.110802262470101
0,10,Dgv,665,LSTransferTreeBoost,0.05,1,2,0.05,0.5,6.65970914694719,4.499538024153631,6.940518980485697,4.754748674870405
0,4,Dgv,570,LSTransferTreeBoost,0.05,1,1,0.01,0.9,7.273193805737626,4.652729330620549,7.078783037254052,4.7203349555766145
0,1,Dgv,665,LSTransferTreeBoost,0.1,1,2,0.01,0.9,7.205287074019483,4.821726937504086,5.929810242574951,4.16525466303097
0,3,Dgv,950,LSTransferTreeBoost,0.05,2,1,0.05,0.5,6.69253629264735,4.631036091885994,6.017662703228876,4.400324707172011
0,5,Dgv,475,LSTransferTreeBoost,0.05,2,2,0.05,0.9,7.55937724744581,4.892282830022102,6.2423785264181495,4.343799236723003
0,9,Dgv,665,LSTransferTreeBoost,0.05,1,1,0.01,0.9,6.357463403840969,4.516457794773989,5.969194766973961,4.236555644328857
0,1,Dgv,665,LSTransferTreeBoost,0.1,1,2,0.05,0.5,7.268444804881665,4.772875648343598,5.856530956912192,4.084818423864291
0,10,Dgv,665,LSTransferTreeBoost,0.05,1,2,0.05,0.9,6.661332783291504,4.476213130946111,6.956160844752896,4.740069017900354
0,6,Dgv,570,LSTransferTreeBoost,0.05,2,2,0.05,0.5,6.820671770767822,4.6276467357873,7.44144676924636,4.640738007556242
0,2,Dgv,855,LSTransferTreeBoost,0.05,1,1,0.01,0.9,6.994137402448668,4.552885114017596,6.380401642269163,4.4381394455719825
0,1,Dgv,665,LSTransferTreeBoost,0.1,1,2,0.05,0.9,7.2547582414389025,4.778001002181323,5.881972890386337,4.085319018330653
0,6,Dgv,570,LSTransferTreeBoost,0.05,2,2,0.05,0.9,6.931879695216066,4.72190743015565,7.571568877179196,4.707087967152564
0,5,Dgv,475,LSTransferTreeBoost,0.1,1,1,0.01,0.5,7.488719448802784,4.9530484149443454,6.16790055450355,4.309887419222351
0,1,Dgv,665,LSTransferTreeBoost,0.1,2,1,0.01,0.5,7.198368585473403,4.7271028219562545,5.935431597889079,4.077820428652442
0,3,Dgv,950,LSTransferTreeBoost,0.05,2,1,0.05,0.9,6.682006220572747,4.623995579237723,6.001385387374149,4.386427770561961
0,6,Dgv,570,LSTransferTreeBoost,0.1,1,1,0.01,0.5,6.8744795869009865,4.640098712362333,7.546322195457107,4.77927419817167
0,4,Dgv,570,LSTransferTreeBoost,0.05,1,1,0.05,0.5,7.269213457644375,4.646280663206406,7.096726657711477,4.780169692531785
0,1,Dgv,665,LSTransferTreeBoost,0.1,2,1,0.01,0.9,7.155464295476586,4.739437674277535,5.9719192121353375,4.110908254260599
0,8,Dgv,475,LSTransferTreeBoost,0.05,2,1,0.05,0.9,6.787695862282117,4.5926997694941,7.46135566763452,4.955510751416569
0,7,Dgv,665,LSTransferTreeBoost,0.05,1,1,0.05,0.5,7.277779291857263,4.802602612881002,7.043048359645988,4.61818173044944
0,2,Dgv,855,LSTransferTreeBoost,0.05,1,1,0.05,0.5,7.038908580569925,4.570985270672775,6.3891464678863485,4.438748068469029
0,3,Dgv,950,LSTransferTreeBoost,0.05,2,2,0.01,0.5,6.651085148209701,4.576168012299187,5.910119889502738,4.372166742095909
0,5,Dgv,475,LSTransferTreeBoost,0.1,1,1,0.01,0.9,7.468108796950619,4.944928927018778,6.187966953267552,4.315549813328128
0,6,Dgv,570,LSTransferTreeBoost,0.1,1,1,0.01,0.9,6.857278638310105,4.608444233253278,7.493363409743657,4.736057652834645
0,10,Dgv,665,LSTransferTreeBoost,0.05,2,1,0.01,0.5,6.671679901281342,4.6071523872773055,7.01746838554994,4.822913505137269
0,1,Dgv,665,LSTransferTreeBoost,0.1,2,1,0.05,0.5,7.273332680252381,4.7625305189475196,5.932248694716352,4.101982692146548
0,3,Dgv,950,LSTransferTreeBoost,0.05,2,2,0.01,0.9,6.626920769199769,4.630622579449921,5.885994553176513,4.358642530634706
0,9,Dgv,665,LSTransferTreeBoost,0.05,1,1,0.05,0.5,6.375495702207212,4.462172692685199,5.9705254437514075,4.183611647594217
0,6,Dgv,570,LSTransferTreeBoost,0.1,1,1,0.05,0.5,6.869820135501026,4.643804259794723,7.581186958205858,4.76332897440126
0,8,Dgv,475,LSTransferTreeBoost,0.05,2,2,0.01,0.5,6.83533765561358,4.555863304185166,7.383269447201822,4.902867641485028
0,1,Dgv,665,LSTransferTreeBoost,0.1,2,1,0.05,0.9,7.237396962449385,4.743835374682031,5.943193907274265,4.102909744150796
0,2,Dgv,855,LSTransferTreeBoost,0.05,1,1,0.05,0.9,7.013879562714749,4.54880304394887,6.360216270075933,4.40732705596986
0,3,Dgv,950,LSTransferTreeBoost,0.05,2,2,0.05,0.5,6.652336128664924,4.534453307422512,5.995159478139506,4.4062925363733525
0,5,Dgv,475,LSTransferTreeBoost,0.1,1,1,0.05,0.5,7.4986892220667665,4.930202447761965,6.183118190112944,4.324038833502252
0,4,Dgv,570,LSTransferTreeBoost,0.05,1,1,0.05,0.9,7.270543296037908,4.6317401917207315,7.081390986096264,4.736339878057316
0,1,Dgv,665,LSTransferTreeBoost,0.1,2,2,0.01,0.5,7.2139225093054975,4.790297870353518,5.881074902178004,4.126026582467706
0,7,Dgv,665,LSTransferTreeBoost,0.05,1,1,0.05,0.9,7.254746595945492,4.801535661865487,7.043012626506892,4.62094262482203
0,10,Dgv,665,LSTransferTreeBoost,0.05,2,1,0.01,0.9,6.678400765072205,4.635174112398291,7.00675699390172,4.834775775737252
0,3,Dgv,950,LSTransferTreeBoost,0.05,2,2,0.05,0.9,6.6551372151129335,4.547650777803782,5.951778030431625,4.3764380938679075
0,6,Dgv,570,LSTransferTreeBoost,0.1,1,1,0.05,0.9,6.847544933185788,4.624612599204664,7.534468960104126,4.738855388179813
0,2,Dgv,855,LSTransferTreeBoost,0.05,1,2,0.01,0.5,7.008327120416916,4.460218206772477,6.485050932004572,4.4500620636350625
0,1,Dgv,665,LSTransferTreeBoost,0.1,2,2,0.01,0.9,7.166085025406613,4.746076013371989,5.8983602518871,4.0951017384485695
0,4,Dgv,570,LSTransferTreeBoost,0.05,1,2,0.01,0.5,7.208031457833302,4.579559499727034,7.054992537728961,4.769577354940309
0,5,Dgv,475,LSTransferTreeBoost,0.1,1,1,0.05,0.9,7.496383717854813,4.93030815071926,6.166487205649311,4.304712767796639
0,3,Dgv,950,LSTransferTreeBoost,0.1,1,1,0.01,0.5,6.682295605415518,4.7163296323922275,5.990591277622512,4.419088241104815
0,1,Dgv,665,LSTransferTreeBoost,0.1,2,2,0.05,0.5,7.27941323893969,4.770871028027463,5.869744537450931,4.071009602162794
0,6,Dgv,570,LSTransferTreeBoost,0.1,1,2,0.01,0.5,6.786954891247003,4.571723903934845,7.477252448866142,4.677358271769318
0,8,Dgv,475,LSTransferTreeBoost,0.05,2,2,0.01,0.9,6.845985872393152,4.550603488456111,7.383709068661647,4.88044013960859
0,7,Dgv,665,LSTransferTreeBoost,0.05,1,2,0.01,0.5,7.170587430667691,4.687305388841753,6.987167551699016,4.585236021993373
0,5,Dgv,475,LSTransferTreeBoost,0.1,1,2,0.01,0.5,7.553398198114623,4.9485581809166,6.2423693511928775,4.387678085681364
0,1,Dgv,665,LSTransferTreeBoost,0.1,2,2,0.05,0.9,7.26509665476476,4.771546632752865,5.8495448698036325,4.049936552099432
0,3,Dgv,950,LSTransferTreeBoost,0.1,1,1,0.01,0.9,6.666848290564414,4.726223888747068,6.088505500530397,4.489114508521128
0,6,Dgv,570,LSTransferTreeBoost,0.1,1,2,0.01,0.9,6.8225531986332735,4.5902499499022085,7.497738102960505,4.690504368814528
0,9,Dgv,665,LSTransferTreeBoost,0.05,1,1,0.05,0.9,6.381731479370245,4.490277667701296,5.9881655068207325,4.216372179090412
0,5,Dgv,475,LSTransferTreeBoost,0.1,1,2,0.01,0.9,7.536224419316252,4.968121528834104,6.208441191522969,4.325885859031559
0,3,Dgv,950,LSTransferTreeBoost,0.1,1,1,0.05,0.5,6.7047679918519325,4.644210745067801,6.035286590643307,4.426696442643812
0,6,Dgv,570,LSTransferTreeBoost,0.1,1,2,0.05,0.5,6.875952836505083,4.69273754683176,7.530993820700691,4.691945073583085
0,5,Dgv,475,LSTransferTreeBoost,0.1,1,2,0.05,0.5,7.576562083155143,4.94234981473537,6.2663489309856075,4.39732279620416
0,2,Dgv,855,LSTransferTreeBoost,0.05,1,2,0.01,0.9,6.9888667627464,4.422369311530467,6.481335989545174,4.432912021645966
0,4,Dgv,570,LSTransferTreeBoost,0.05,1,2,0.01,0.9,7.186556021952196,4.612385328381892,7.0123428346479875,4.727851213815591
0,8,Dgv,475,LSTransferTreeBoost,0.05,2,2,0.05,0.5,6.860023544105171,4.604262683289472,7.396211158606038,4.908181536739013
0,6,Dgv,570,LSTransferTreeBoost,0.1,1,2,0.05,0.9,6.828418118969297,4.637812361196151,7.487905889676011,4.67955287027728
0,7,Dgv,665,LSTransferTreeBoost,0.05,1,2,0.01,0.9,7.143390734526566,4.683461843019686,7.005213504076314,4.608901434653722
0,5,Dgv,475,LSTransferTreeBoost,0.1,1,2,0.05,0.9,7.577607835728762,4.943812256015482,6.249724419502611,4.36987919963609
0,3,Dgv,950,LSTransferTreeBoost,0.1,1,1,0.05,0.9,6.696229400550102,4.678761025886296,5.972586363580684,4.392720865414493
0,9,Dgv,665,LSTransferTreeBoost,0.05,1,2,0.01,0.5,6.363719422022752,4.3937844601807186,5.966052055160982,4.176527593240065
0,3,Dgv,950,LSTransferTreeBoost,0.1,1,2,0.01,0.5,6.683738697928747,4.656495490402747,5.912330521736059,4.400782867789071
0,2,Dgv,855,LSTransferTreeBoost,0.05,1,2,0.05,0.5,7.011067100393261,4.428078772761111,6.491179791630042,4.432965503318901
0,10,Dgv,665,LSTransferTreeBoost,0.05,2,1,0.05,0.5,6.689160252307839,4.616103667800294,7.06947573684977,4.844440267325583
0,7,Dgv,665,LSTransferTreeBoost,0.05,1,2,0.05,0.5,7.186925831833519,4.656537848239597,6.984500586392634,4.584543666345641
0,6,Dgv,570,LSTransferTreeBoost,0.1,2,1,0.01,0.5,6.817438814973409,4.564146143841889,7.494521304611548,4.693985057179915
0,4,Dgv,570,LSTransferTreeBoost,0.05,1,2,0.05,0.5,7.210550278462251,4.6027984255679675,7.044079224071727,4.759309990811055
0,3,Dgv,950,LSTransferTreeBoost,0.1,1,2,0.01,0.9,6.672940180629875,4.717269018481969,5.897151740962359,4.406227903109893
0,2,Dgv,855,LSTransferTreeBoost,0.05,1,2,0.05,0.9,7.039590905575814,4.449421937728345,6.536604684171043,4.457181429955511
0,3,Dgv,950,LSTransferTreeBoost,0.1,1,2,0.05,0.5,6.657159294560772,4.547484336117092,5.918277307204733,4.359859151154637
0,5,Dgv,475,LSTransferTreeBoost,0.1,2,1,0.01,0.5,7.477635546184904,4.9086007255373065,6.162850730232893,4.2569052264849425
0,1,Dgv,760,LSTransferTreeBoost,0.05,1,1,0.01,0.5,7.244816329894374,4.803942245467665,5.928218484877763,4.134583972390634
0,7,Dgv,665,LSTransferTreeBoost,0.05,1,2,0.05,0.9,7.200901941647067,4.6517461698841585,6.995180987425092,4.571893253612819
0,3,Dgv,950,LSTransferTreeBoost,0.1,1,2,0.05,0.9,6.689338948100591,4.5572825354361,5.9277734778094615,4.367276528746089
0,8,Dgv,475,LSTransferTreeBoost,0.05,2,2,0.05,0.9,6.837361979979046,4.574806948320759,7.387680916262547,4.913394089292552
0,4,Dgv,570,LSTransferTreeBoost,0.05,1,2,0.05,0.9,7.21095438660962,4.581078776186148,7.088716409725495,4.7944879791831045
0,6,Dgv,570,LSTransferTreeBoost,0.1,2,1,0.01,0.9,6.78196001329682,4.540259351015386,7.441063876950782,4.647655797526681
0,9,Dgv,665,LSTransferTreeBoost,0.05,1,2,0.01,0.9,6.355305169919333,4.402721000546186,5.921789444317054,4.135505914163474
0,3,Dgv,950,LSTransferTreeBoost,0.1,2,1,0.01,0.5,6.616509247683814,4.613606888561725,5.932676238188691,4.3477279099901125
0,3,Dgv,950,LSTransferTreeBoost,0.1,2,1,0.01,0.9,6.616737585943867,4.680619391060611,6.0017601626370105,4.409883471071584
0,5,Dgv,475,LSTransferTreeBoost,0.1,2,1,0.01,0.9,7.461363045723718,4.903038539669453,6.1802819543673415,4.253935590438793
0,6,Dgv,570,LSTransferTreeBoost,0.1,2,1,0.05,0.5,6.850047293353889,4.636781018893297,7.530671410843755,4.728277038836404
0,9,Dgv,665,LSTransferTreeBoost,0.05,1,2,0.05,0.5,6.354194932209581,4.367538635480881,5.975569375840182,4.1594391606635694
0,2,Dgv,855,LSTransferTreeBoost,0.05,2,1,0.01,0.5,6.996660004734861,4.509181007475343,6.358109369440486,4.373810107863407
0,8,Dgv,475,LSTransferTreeBoost,0.1,1,1,0.01,0.5,6.808200623549842,4.6063218857882555,7.507965766958366,4.9982333504262115
0,3,Dgv,950,LSTransferTreeBoost,0.1,2,1,0.05,0.5,6.678464675679149,4.631157666607316,5.971411123523193,4.3699000134506
0,6,Dgv,570,LSTransferTreeBoost,0.1,2,1,0.05,0.9,6.840280786873469,4.6238745332267595,7.514651098376616,4.707221156832636
0,5,Dgv,475,LSTransferTreeBoost,0.1,2,1,0.05,0.5,7.509323183877964,4.914339845619555,6.153555197001911,4.304112076445867
0,9,Dgv,665,LSTransferTreeBoost,0.05,1,2,0.05,0.9,6.391209486179966,4.396077103619236,5.990057097177349,4.161563337733038
0,7,Dgv,665,LSTransferTreeBoost,0.05,2,1,0.01,0.5,7.18289953016159,4.748038441518621,6.981377106257127,4.611669670662304
0,3,Dgv,950,LSTransferTreeBoost,0.1,2,1,0.05,0.9,6.64453365109901,4.6086830410191855,5.953842519341584,4.360785184238344
0,10,Dgv,665,LSTransferTreeBoost,0.05,2,1,0.05,0.9,6.680578049081469,4.598748370559521,7.04417229961519,4.819087721349862
0,2,Dgv,855,LSTransferTreeBoost,0.05,2,1,0.01,0.9,6.959049679219336,4.498372275706876,6.383426632099469,4.414000418336811
0,3,Dgv,950,LSTransferTreeBoost,0.1,2,2,0.01,0.5,6.650228487891373,4.621344704764961,5.874505475207262,4.356440486249408
0,4,Dgv,570,LSTransferTreeBoost,0.05,2,1,0.01,0.5,7.216450529044019,4.592745956061076,7.040543223594606,4.728621756533181
0,6,Dgv,570,LSTransferTreeBoost,0.1,2,2,0.01,0.5,6.830529117276705,4.624066475170918,7.438990350649614,4.657248546996617
0,1,Dgv,760,LSTransferTreeBoost,0.05,1,1,0.01,0.9,7.20828319113128,4.79558429987933,5.939194594343654,4.1382990338416095
0,3,Dgv,950,LSTransferTreeBoost,0.1,2,2,0.01,0.9,6.6370230698821695,4.70306156326043,5.874048694341466,4.365558556394901
0,7,Dgv,665,LSTransferTreeBoost,0.05,2,1,0.01,0.9,7.20824986142978,4.741172420857823,6.975592538501804,4.55740057132628
0,5,Dgv,475,LSTransferTreeBoost,0.1,2,1,0.05,0.9,7.499864294359731,4.920609489781774,6.152432802380008,4.292363712895024
0,6,Dgv,570,LSTransferTreeBoost,0.1,2,2,0.01,0.9,6.826803483943916,4.5894583222088094,7.464309260295659,4.642041061392734
0,3,Dgv,950,LSTransferTreeBoost,0.1,2,2,0.05,0.5,6.661713301241889,4.578953333495336,5.919886755744172,4.379886666962811
0,8,Dgv,475,LSTransferTreeBoost,0.1,1,1,0.01,0.9,6.807360739037563,4.613881274913924,7.469734623290104,4.980221697625602
0,10,Dgv,665,LSTransferTreeBoost,0.05,2,2,0.01,0.5,6.651893750643439,4.486484041127145,6.9478226985743685,4.747724368545998
0,5,Dgv,475,LSTransferTreeBoost,0.1,2,2,0.01,0.5,7.557819783370647,4.917782457324493,6.2383264779645895,4.354182738593999
0,6,Dgv,570,LSTransferTreeBoost,0.1,2,2,0.05,0.5,6.921125522175577,4.711981298343707,7.526073208820207,4.682141251207718
0,3,Dgv,950,LSTransferTreeBoost,0.1,2,2,0.05,0.9,6.684169994331943,4.5848390227244815,5.892148409186783,4.345748434430238
0,5,Dgv,475,LSTransferTreeBoost,0.1,2,2,0.01,0.9,7.532265724558379,4.946839441978469,6.215411976151173,4.308143738387708
0,6,Dgv,570,LSTransferTreeBoost,0.1,2,2,0.05,0.9,6.844187891788595,4.640289683130699,7.432829762684411,4.674476743094179
0,2,Dgv,855,LSTransferTreeBoost,0.05,2,1,0.05,0.5,7.033678411808405,4.533626112330364,6.3940047525628545,4.403287724177581
0,5,Dgv,475,LSTransferTreeBoost,0.1,2,2,0.05,0.5,7.572670722878153,4.900060645050132,6.252903681745722,4.361792375084328
0,4,Dgv,570,LSTransferTreeBoost,0.05,2,1,0.01,0.9,7.199186341114009,4.604223367821293,7.01923073844657,4.685680292672387
0,8,Dgv,475,LSTransferTreeBoost,0.1,1,1,0.05,0.5,6.824349625989179,4.598516758781918,7.503068286851096,4.96943472032538
0,10,Dgv,665,LSTransferTreeBoost,0.05,2,2,0.01,0.9,6.626056811397014,4.488562858360701,6.902077126474081,4.764017321836534
0,5,Dgv,475,LSTransferTreeBoost,0.1,2,2,0.05,0.9,7.562964593083444,4.932830066850291,6.242531813485594,4.351568327990821
0,1,Dgv,760,LSTransferTreeBoost,0.05,1,1,0.05,0.5,7.309735577395373,4.8220279906193,5.9277902571137835,4.107842352900972
0,10,Dgv,665,LSTransferTreeBoost,0.05,2,2,0.05,0.5,6.657180472893258,4.4860300388863354,6.938468874970717,4.728746645159698
0,9,Dgv,665,LSTransferTreeBoost,0.05,2,1,0.01,0.5,6.350354105389085,4.45708977493164,5.940259717267726,4.138853864268664
0,8,Dgv,475,LSTransferTreeBoost,0.1,1,1,0.05,0.9,6.817489045918439,4.60284542619821,7.524867976531295,4.995888658647549
0,2,Dgv,855,LSTransferTreeBoost,0.05,2,1,0.05,0.9,7.026391129667296,4.519054236072188,6.370341345657461,4.374444292077615
0,7,Dgv,665,LSTransferTreeBoost,0.05,2,1,0.05,0.5,7.254023284402146,4.778849829141409,7.017040775509296,4.620895406209838
0,6,Dgv,665,LSTransferTreeBoost,0.05,1,1,0.01,0.5,6.919710866588768,4.62793975213592,7.630717896990117,4.78103883955313
0,1,Dgv,760,LSTransferTreeBoost,0.05,1,1,0.05,0.9,7.291479295833812,4.826307016409228,5.947117061072041,4.13325197586363
0,8,Dgv,475,LSTransferTreeBoost,0.1,1,2,0.01,0.5,6.877578672857445,4.588806169427145,7.423413509212165,4.928739142251116
0,10,Dgv,665,LSTransferTreeBoost,0.05,2,2,0.05,0.9,6.660503572188167,4.482846822646941,6.958831828143242,4.73672069350497
0,2,Dgv,855,LSTransferTreeBoost,0.05,2,2,0.01,0.5,6.992275997941676,4.489018067204501,6.48214393788057,4.465896558973251
0,1,Dgv,760,LSTransferTreeBoost,0.05,1,2,0.01,0.5,7.280883978308746,4.835989322296378,5.872369212158163,4.079179109668738
0,4,Dgv,570,LSTransferTreeBoost,0.05,2,1,0.05,0.5,7.245603477090333,4.610172646227611,7.0673117821151346,4.7631953442180235
0,8,Dgv,475,LSTransferTreeBoost,0.1,1,2,0.01,0.9,6.8522777088555635,4.607625965608873,7.421245008120921,4.919898566037937
0,10,Dgv,665,LSTransferTreeBoost,0.1,1,1,0.01,0.5,6.672729181924002,4.65166018283706,6.958784162359642,4.829625343940824
0,8,Dgv,475,LSTransferTreeBoost,0.1,1,2,0.05,0.5,6.855685629334735,4.5725936839693855,7.420507883480482,4.9059056250251105
0,2,Dgv,855,LSTransferTreeBoost,0.05,2,2,0.01,0.9,6.998455887084613,4.46037740719622,6.475341564516779,4.456659762999768
0,1,Dgv,760,LSTransferTreeBoost,0.05,1,2,0.01,0.9,7.250339203039674,4.846037631947446,5.90834548503852,4.125350393301313
0,8,Dgv,475,LSTransferTreeBoost,0.1,1,2,0.05,0.9,6.850076134192267,4.57611387038269,7.450427339875993,4.944534780770582
0,10,Dgv,665,LSTransferTreeBoost,0.1,1,1,0.01,0.9,6.692983021146923,4.676116172547044,6.996718018299848,4.859913728042648
0,9,Dgv,665,LSTransferTreeBoost,0.05,2,1,0.01,0.9,6.344305984235862,4.477907375564374,5.924642766326489,4.132669222030611
0,2,Dgv,855,LSTransferTreeBoost,0.05,2,2,0.05,0.5,7.01783140881385,4.46987872934417,6.483988989082985,4.453517430847093
0,1,Dgv,760,LSTransferTreeBoost,0.05,1,2,0.05,0.5,7.31214789060753,4.8822013225496015,5.905871390714962,4.117427905634364
0,7,Dgv,665,LSTransferTreeBoost,0.05,2,1,0.05,0.9,7.216575481930625,4.7829080720615,6.999235586429353,4.621274286302475
0,6,Dgv,665,LSTransferTreeBoost,0.05,1,1,0.01,0.9,6.910272554400556,4.613267976729769,7.579471825967485,4.751680010376938
0,5,Dgv,570,LSTransferTreeBoost,0.05,1,1,0.01,0.5,7.457344149403332,4.93965120781623,6.213073328667932,4.347106924452866
0,10,Dgv,665,LSTransferTreeBoost,0.1,1,1,0.05,0.5,6.674651732044456,4.629088998758083,7.001162569699796,4.827419846941902
0,1,Dgv,760,LSTransferTreeBoost,0.05,1,2,0.05,0.9,7.293120697386062,4.8599655136803745,5.893240664661587,4.102473845371111
0,2,Dgv,855,LSTransferTreeBoost,0.05,2,2,0.05,0.9,7.027792208011389,4.47181180418021,6.490680888660301,4.450220961398974
0,8,Dgv,475,LSTransferTreeBoost,0.1,2,1,0.01,0.5,6.771719066196702,4.5707145382641485,7.412920317797457,4.919260543489068
0,4,Dgv,570,LSTransferTreeBoost,0.05,2,1,0.05,0.9,7.219100869397779,4.5947202186223315,7.040925445438655,4.739621747258443
0,10,Dgv,665,LSTransferTreeBoost,0.1,1,1,0.05,0.9,6.691026501981323,4.66298025559547,7.001168569693179,4.851001878682645
0,7,Dgv,665,LSTransferTreeBoost,0.05,2,2,0.01,0.5,7.1724659693859065,4.666471903264399,6.998231232185405,4.592098606800623
0,2,Dgv,855,LSTransferTreeBoost,0.1,1,1,0.01,0.5,6.9969597732500315,4.549225761048832,6.365448046930426,4.415103178277658
0,10,Dgv,665,LSTransferTreeBoost,0.1,1,2,0.01,0.5,6.62735336469142,4.507984588043771,6.876152651043019,4.738940229985337
0,4,Dgv,570,LSTransferTreeBoost,0.05,2,2,0.01,0.5,7.18953059460828,4.569971246360577,7.053443537143963,4.787741141899564
0,2,Dgv,855,LSTransferTreeBoost,0.1,1,1,0.01,0.9,6.96180699633992,4.5242728440836295,6.398202205476699,4.462768470136734
0,10,Dgv,665,LSTransferTreeBoost,0.1,1,2,0.01,0.9,6.649317825856916,4.524206927134146,6.885339756577483,4.743863402507526
0,7,Dgv,665,LSTransferTreeBoost,0.05,2,2,0.01,0.9,7.1221463194492785,4.656319340670523,6.989436088163646,4.603765684288589
0,8,Dgv,475,LSTransferTreeBoost,0.1,2,1,0.01,0.9,6.755586558452509,4.549854413760542,7.4020147560721075,4.939495333348423
0,10,Dgv,665,LSTransferTreeBoost,0.1,1,2,0.05,0.5,6.666399038047435,4.514513274418304,6.929705412759036,4.751576386833081
0,9,Dgv,665,LSTransferTreeBoost,0.05,2,1,0.05,0.5,6.384858251741245,4.4505622710665325,5.98587526484381,4.175189344510227
0,2,Dgv,855,LSTransferTreeBoost,0.1,1,1,0.05,0.5,7.019579624298828,4.528981212057448,6.330292925240574,4.370863567436839
0,10,Dgv,665,LSTransferTreeBoost,0.1,1,2,0.05,0.9,6.649701034865623,4.483111998060031,6.911137182850364,4.726410296909579
0,1,Dgv,760,LSTransferTreeBoost,0.05,2,1,0.01,0.5,7.201252886542004,4.771225718574654,5.876544911052826,4.0710872754838725
0,6,Dgv,665,LSTransferTreeBoost,0.05,1,1,0.05,0.5,6.908648936140105,4.614421224486398,7.6475033971639945,4.766412976767761
0,7,Dgv,665,LSTransferTreeBoost,0.05,2,2,0.05,0.5,7.151067664520719,4.645023075358183,6.953380922498607,4.579557865983229
0,2,Dgv,855,LSTransferTreeBoost,0.1,1,1,0.05,0.9,7.009332133916108,4.561178552691364,6.368905542449097,4.426352196056085
0,4,Dgv,570,LSTransferTreeBoost,0.05,2,2,0.01,0.9,7.144860821864428,4.557624625646918,7.018742277148388,4.754911916456309
0,10,Dgv,665,LSTransferTreeBoost,0.1,2,1,0.01,0.5,6.666487006236099,4.617646495878904,6.999698325596063,4.822481432282171
0,8,Dgv,475,LSTransferTreeBoost,0.1,2,1,0.05,0.5,6.797509535538546,4.59504113414176,7.45029287690176,4.946409327550023
0,5,Dgv,570,LSTransferTreeBoost,0.05,1,1,0.01,0.9,7.454918782704875,4.966952801453377,6.21188951460487,4.3552361585875285
0,2,Dgv,855,LSTransferTreeBoost,0.1,1,2,0.01,0.5,6.992774233579486,4.449883965120014,6.479782301472547,4.444403453801683
0,1,Dgv,760,LSTransferTreeBoost,0.05,2,1,0.01,0.9,7.170590443724595,4.735506241433106,5.945873741927503,4.080325079000479
0,7,Dgv,665,LSTransferTreeBoost,0.05,2,2,0.05,0.9,7.162466040227126,4.651421398815006,6.973844502281163,4.570169153350027
0,10,Dgv,665,LSTransferTreeBoost,0.1,2,1,0.01,0.9,6.684539928302556,4.640105133826338,6.995400908825245,4.830372427677235
0,4,Dgv,570,LSTransferTreeBoost,0.05,2,2,0.05,0.5,7.1866592801542915,4.565388329984813,7.0813073792107035,4.795954038887715
0,2,Dgv,855,LSTransferTreeBoost,0.1,1,2,0.01,0.9,7.00551602105967,4.478262582364976,6.449769440597105,4.424715227829544
0,8,Dgv,475,LSTransferTreeBoost,0.1,2,1,0.05,0.9,6.788869940488181,4.5935015032297795,7.445178600369439,4.937300055279417
0,2,Dgv,855,LSTransferTreeBoost,0.1,1,2,0.05,0.5,7.041671945047932,4.474724552255568,6.522748535653092,4.449783149627886
0,2,Dgv,855,LSTransferTreeBoost,0.1,1,2,0.05,0.9,7.0238108498239695,4.4376529063560115,6.513352953117679,4.420179874104218
0,7,Dgv,665,LSTransferTreeBoost,0.1,1,1,0.01,0.5,7.182173705798246,4.7702985218121094,7.013744641176386,4.621391501649663
0,6,Dgv,665,LSTransferTreeBoost,0.05,1,1,0.05,0.9,6.918938236001202,4.626599718919082,7.6620947441650875,4.778413834786322
0,8,Dgv,475,LSTransferTreeBoost,0.1,2,2,0.01,0.5,6.8410146601404,4.562810622935484,7.357619412930091,4.879820298536768
0,10,Dgv,665,LSTransferTreeBoost,0.1,2,1,0.05,0.5,6.675904846570858,4.601562157403055,7.0371814343576125,4.812536121376047
0,4,Dgv,570,LSTransferTreeBoost,0.05,2,2,0.05,0.9,7.180420902227941,4.549958906484995,7.0756991429509695,4.792343824302238
0,2,Dgv,855,LSTransferTreeBoost,0.1,2,1,0.01,0.5,6.975689758624848,4.478796578751303,6.3571384805905335,4.360176061512571
0,9,Dgv,665,LSTransferTreeBoost,0.05,2,1,0.05,0.9,6.368705881860689,4.450691930984377,5.948481703583344,4.13424429887377
0,7,Dgv,665,LSTransferTreeBoost,0.1,1,1,0.01,0.9,7.158792364154302,4.751130245253474,7.0158080350187575,4.643571232869659
0,8,Dgv,475,LSTransferTreeBoost,0.1,2,2,0.01,0.9,6.8060241491607805,4.562647568009758,7.324703101983228,4.870873572566546
0,10,Dgv,665,LSTransferTreeBoost,0.1,2,1,0.05,0.9,6.683256245929955,4.60995444270673,7.039298673518278,4.822538337477918
0,6,Dgv,665,LSTransferTreeBoost,0.05,1,2,0.01,0.5,6.933761038970674,4.651812514123837,7.531888671116586,4.668654698879101
0,4,Dgv,570,LSTransferTreeBoost,0.1,1,1,0.01,0.5,7.265860455883966,4.644418510190876,7.063916457903913,4.719540797677146
0,2,Dgv,855,LSTransferTreeBoost,0.1,2,1,0.01,0.9,6.926447028807232,4.435194287595205,6.385919903195691,4.3954770987808605
0,8,Dgv,475,LSTransferTreeBoost,0.1,2,2,0.05,0.5,6.8574964012137505,4.58095390455347,7.375749761756628,4.883857284607382
0,10,Dgv,665,LSTransferTreeBoost,0.1,2,2,0.01,0.5,6.633925062249995,4.511141619631553,6.879168623588339,4.7407247959181005
0,7,Dgv,665,LSTransferTreeBoost,0.1,1,1,0.05,0.5,7.262664802883066,4.813935126357664,7.037947778919039,4.6129715156348166
0,9,Dgv,665,LSTransferTreeBoost,0.05,2,2,0.01,0.5,6.341357789890054,4.37132775339134,5.957009820661997,4.134174288255213
0,2,Dgv,855,LSTransferTreeBoost,0.1,2,1,0.05,0.5,7.031999045161446,4.538428149955511,6.355633197701386,4.3785094977903185
0,5,Dgv,570,LSTransferTreeBoost,0.05,1,1,0.05,0.5,7.455761087168118,4.89906940614945,6.248236312380458,4.388733891148498
0,7,Dgv,665,LSTransferTreeBoost,0.1,1,1,0.05,0.9,7.256492595738277,4.791425746925411,7.073139443006694,4.623590227779299
0,10,Dgv,665,LSTransferTreeBoost,0.1,2,2,0.01,0.9,6.626717621750389,4.537555049849277,6.929912133396378,4.785015754083037
0,8,Dgv,475,LSTransferTreeBoost,0.1,2,2,0.05,0.9,6.817467622578114,4.571110240037951,7.409195989839277,4.919840569133076
0,4,Dgv,570,LSTransferTreeBoost,0.1,1,1,0.01,0.9,7.271202510818932,4.679463721051839,7.055175154459681,4.73074462619065
0,2,Dgv,855,LSTransferTreeBoost,0.1,2,1,0.05,0.9,7.017233317354076,4.5091730852333445,6.341002137831207,4.355137879461363
0,10,Dgv,665,LSTransferTreeBoost,0.1,2,2,0.05,0.5,6.647756130002417,4.492174529985447,6.964809845927762,4.740213768865572
0,6,Dgv,665,LSTransferTreeBoost,0.05,1,2,0.01,0.9,6.910549524777029,4.607768236424448,7.499603012521488,4.679351316744066
0,7,Dgv,665,LSTransferTreeBoost,0.1,1,2,0.01,0.5,7.149911027372064,4.690937338684341,7.009477365154419,4.6241179896889895
0,10,Dgv,665,LSTransferTreeBoost,0.1,2,2,0.05,0.9,6.67627949153928,4.497331868704223,6.976302740713872,4.756599350538033
0,2,Dgv,855,LSTransferTreeBoost,0.1,2,2,0.01,0.5,6.9881207384065,4.472271252702805,6.435446850683325,4.433468769941027
0,1,Dgv,760,LSTransferTreeBoost,0.05,2,1,0.05,0.5,7.278452695746289,4.790098638983329,5.900420806687944,4.0877921952105165
0,4,Dgv,570,LSTransferTreeBoost,0.1,1,1,0.05,0.5,7.255722835571356,4.626567171179374,7.057782335294604,4.738995994690943
0,7,Dgv,665,LSTransferTreeBoost,0.1,1,2,0.01,0.9,7.122792163548291,4.709089840295953,7.007636701102248,4.62660336648416
0,6,Dgv,665,LSTransferTreeBoost,0.05,1,2,0.05,0.5,6.925251186948938,4.643330612132482,7.5117132775436515,4.642869531028629
0,2,Dgv,855,LSTransferTreeBoost,0.1,2,2,0.01,0.9,6.991071074306443,4.493323757413379,6.528055100856563,4.497145152639481
0,9,Dgv,665,LSTransferTreeBoost,0.05,2,2,0.01,0.9,6.376096502581215,4.379258946991534,5.921833550232123,4.098421057193293
0,7,Dgv,665,LSTransferTreeBoost,0.1,1,2,0.05,0.5,7.21954430144276,4.697037920977416,7.032992379623833,4.610410848206752
0,4,Dgv,570,LSTransferTreeBoost,0.1,1,1,0.05,0.9,7.263408774971752,4.6359839384751975,7.076689656593548,4.7258720082481585
0,2,Dgv,855,LSTransferTreeBoost,0.1,2,2,0.05,0.5,7.002794881735096,4.4550115242563,6.4583797056760845,4.4345752389758655
0,4,Dgv,570,LSTransferTreeBoost,0.1,1,2,0.01,0.5,7.1982683347718055,4.602854741653541,7.0291809659335405,4.741031737928329
0,2,Dgv,855,LSTransferTreeBoost,0.1,2,2,0.05,0.9,7.0240296624857645,4.4552007384961385,6.485134330390355,4.423938321232021
0,7,Dgv,665,LSTransferTreeBoost,0.1,1,2,0.05,0.9,7.129230791190477,4.677769663350432,6.977920605029607,4.600641344390947
0,6,Dgv,665,LSTransferTreeBoost,0.05,1,2,0.05,0.9,6.910186239454128,4.627193238049132,7.500897712269769,4.677307397564146
0,9,Dgv,665,LSTransferTreeBoost,0.05,2,2,0.05,0.5,6.344264810489395,4.353416785089164,6.020814305255698,4.146395460608873
0,1,Dgv,760,LSTransferTreeBoost,0.05,2,1,0.05,0.9,7.295037639902491,4.8061616903982465,5.956146165301045,4.109119974170473
0,4,Dgv,570,LSTransferTreeBoost,0.1,1,2,0.01,0.9,7.245662247381236,4.6427093542087885,7.021193879162985,4.746889448653634
0,7,Dgv,665,LSTransferTreeBoost,0.1,2,1,0.01,0.5,7.1878581294700625,4.726373359437448,6.9710005279746365,4.571308026552583
0,10,Dgv,760,LSTransferTreeBoost,0.05,1,1,0.01,0.5,6.66248556825364,4.6594135597811634,6.918956285880399,4.7862380600342105
0,4,Dgv,570,LSTransferTreeBoost,0.1,1,2,0.05,0.5,7.208537432588899,4.588405275833866,7.062536761510732,4.778213699457666
0,8,Dgv,570,LSTransferTreeBoost,0.05,1,1,0.01,0.5,6.86803388413362,4.657576987439068,7.463759192686921,4.9581958551366885
0,4,Dgv,570,LSTransferTreeBoost,0.1,1,2,0.05,0.9,7.22318807079583,4.5440211248462,7.0742379132221025,4.746024665051303
0,1,Dgv,760,LSTransferTreeBoost,0.05,2,2,0.01,0.5,7.265874426980025,4.813602513607743,5.849234303892717,4.046000009463115
0,9,Dgv,665,LSTransferTreeBoost,0.05,2,2,0.05,0.9,6.362461943136269,4.37880042961471,5.976966992854614,4.156313767880648
0,7,Dgv,665,LSTransferTreeBoost,0.1,2,1,0.01,0.9,7.098233526271601,4.697432348896948,6.981850940293129,4.604192352729815
0,2,Dgv,950,LSTransferTreeBoost,0.05,1,1,0.01,0.5,6.962624931406644,4.516881193867956,6.362324704950259,4.40285878017133
0,5,Dgv,570,LSTransferTreeBoost,0.05,1,1,0.05,0.9,7.45518320290675,4.909932885061382,6.232269112693833,4.359722923139669
0,4,Dgv,570,LSTransferTreeBoost,0.1,2,1,0.01,0.5,7.209293689202445,4.593234747873756,7.027193854710147,4.694131901972189
0,7,Dgv,665,LSTransferTreeBoost,0.1,2,1,0.05,0.5,7.273098948748465,4.755717406511543,7.044573562969443,4.612804528338687
0,9,Dgv,665,LSTransferTreeBoost,0.1,1,1,0.01,0.5,6.357616730900689,4.4952575764654785,5.960213456875099,4.22374593310211
0,1,Dgv,760,LSTransferTreeBoost,0.05,2,2,0.01,0.9,7.2080604137552,4.807180734654179,5.8563564759412525,4.053364790911124
0,6,Dgv,665,LSTransferTreeBoost,0.05,2,1,0.01,0.5,6.858444114592453,4.567964949520952,7.5831825970454325,4.707523305532025
0,5,Dgv,570,LSTransferTreeBoost,0.05,1,2,0.01,0.5,7.520244611265115,4.901930258024102,6.3335357088535,4.441886490319321
0,7,Dgv,665,LSTransferTreeBoost,0.1,2,1,0.05,0.9,7.192259614230928,4.757344667671095,6.996563107441609,4.6176226036621975
0,4,Dgv,570,LSTransferTreeBoost,0.1,2,1,0.01,0.9,7.18827308641,4.591401528051224,7.008084468165636,4.674188347730285
0,7,Dgv,665,LSTransferTreeBoost,0.1,2,2,0.01,0.5,7.1404413029316025,4.67615074575966,6.995440918539827,4.594519500915731
0,10,Dgv,760,LSTransferTreeBoost,0.05,1,1,0.01,0.9,6.66974775191638,4.649085755345843,6.888413133574227,4.783664146257116
0,2,Dgv,950,LSTransferTreeBoost,0.05,1,1,0.01,0.9,6.963906236549616,4.54235187428052,6.390758588548076,4.4509443093905485
0,9,Dgv,665,LSTransferTreeBoost,0.1,1,1,0.01,0.9,6.355188802658496,4.512844770085482,5.905636823489842,4.178160375008042
0,8,Dgv,570,LSTransferTreeBoost,0.05,1,1,0.01,0.9,6.87723494503502,4.664850047394828,7.465460568121982,4.987762463047136
0,1,Dgv,760,LSTransferTreeBoost,0.05,2,2,0.05,0.5,7.278702504722088,4.8272330670385175,5.824938401400783,4.030537044120112
0,4,Dgv,570,LSTransferTreeBoost,0.1,2,1,0.05,0.5,7.219006906530302,4.5923688459971,7.035284700078012,4.738899086186867
0,5,Dgv,570,LSTransferTreeBoost,0.05,1,2,0.01,0.9,7.533436463610871,4.933986399255344,6.295085261798514,4.4061474532520055
0,7,Dgv,665,LSTransferTreeBoost,0.1,2,2,0.01,0.9,7.081843557574922,4.659847124096148,6.98605661170771,4.62776848511901
0,7,Dgv,665,LSTransferTreeBoost,0.1,2,2,0.05,0.5,7.1372203893165,4.647806260518524,6.996630591124147,4.574118895900429
0,1,Dgv,760,LSTransferTreeBoost,0.05,2,2,0.05,0.9,7.296601251953704,4.822199449994587,5.888371178631795,4.0774547718699745
0,9,Dgv,665,LSTransferTreeBoost,0.1,1,1,0.05,0.5,6.374547897851536,4.456215058930465,5.9576241637283305,4.168446589411121
0,6,Dgv,665,LSTransferTreeBoost,0.05,2,1,0.01,0.9,6.829359062089946,4.540547391333483,7.535467830494187,4.6801372133751915
0,5,Dgv,570,LSTransferTreeBoost,0.05,1,2,0.05,0.5,7.501246845572984,4.85115012493104,6.33648139932574,4.44393221612976
0,4,Dgv,570,LSTransferTreeBoost,0.1,2,1,0.05,0.9,7.193143401010124,4.559561398591698,7.00938739495673,4.692260567090022
0,7,Dgv,665,LSTransferTreeBoost,0.1,2,2,0.05,0.9,7.139655065058561,4.64563100274261,6.985123627970674,4.576813769078954
0,1,Dgv,760,LSTransferTreeBoost,0.1,1,1,0.01,0.5,7.241862900980968,4.808614627926994,5.938316078409241,4.1270951241371865
0,4,Dgv,570,LSTransferTreeBoost,0.1,2,2,0.01,0.5,7.201653363433696,4.622693300848876,6.993389205107439,4.761931454944917
0,2,Dgv,950,LSTransferTreeBoost,0.05,1,1,0.05,0.5,6.977816330364715,4.503002099529316,6.354814098709866,4.403685577285475
0,5,Dgv,570,LSTransferTreeBoost,0.05,1,2,0.05,0.9,7.51166542886807,4.879169333901683,6.324230416874117,4.431100470442043
0,9,Dgv,665,LSTransferTreeBoost,0.1,1,1,0.05,0.9,6.346078628523717,4.472200897200521,5.9410476292395415,4.172229472346492
0,10,Dgv,760,LSTransferTreeBoost,0.05,1,1,0.05,0.5,6.653258934143807,4.6251872971620465,6.913456592170065,4.762369417372925
0,9,Dgv,665,LSTransferTreeBoost,0.1,1,2,0.01,0.5,6.382712415423747,4.4066658974237045,5.91323237091805,4.131440431025312
0,4,Dgv,570,LSTransferTreeBoost,0.1,2,2,0.01,0.9,7.1955523085541815,4.604220229405556,6.95029112811958,4.6767064489228085
0,4,Dgv,570,LSTransferTreeBoost,0.1,2,2,0.05,0.5,7.2032952114513025,4.542444139526347,7.070214638903841,4.758269216772891
0,1,Dgv,760,LSTransferTreeBoost,0.1,1,1,0.01,0.9,7.187648735847193,4.799459524198874,5.942046960159285,4.130327559485241
0,7,Dgv,760,LSTransferTreeBoost,0.05,1,1,0.01,0.5,7.227557041469447,4.751686677764009,6.993849915287446,4.544653797218052
0,9,Dgv,665,LSTransferTreeBoost,0.1,1,2,0.01,0.9,6.347127013822651,4.403967667861286,5.913440090324246,4.11250064982715
0,4,Dgv,570,LSTransferTreeBoost,0.1,2,2,0.05,0.9,7.178219622987669,4.533524453187186,7.060711389687652,4.765180468273959
0,1,Dgv,760,LSTransferTreeBoost,0.1,1,1,0.05,0.5,7.293605241725083,4.839260178939859,5.945986285583064,4.133851789165414
0,8,Dgv,570,LSTransferTreeBoost,0.05,1,1,0.05,0.5,6.841891320408921,4.644596368358968,7.486940693831936,4.929366290493561
0,2,Dgv,950,LSTransferTreeBoost,0.05,1,1,0.05,0.9,6.9768468424017165,4.526935722174771,6.378454523566664,4.429382602798425
0,9,Dgv,665,LSTransferTreeBoost,0.1,1,2,0.05,0.5,6.379514980603694,4.357532904034606,6.045706876062424,4.175536721620383
0,1,Dgv,760,LSTransferTreeBoost,0.1,1,1,0.05,0.9,7.283044533801242,4.825299919173056,5.9680069000790485,4.154415805962764
0,6,Dgv,665,LSTransferTreeBoost,0.05,2,1,0.05,0.5,6.88968643973767,4.61773655438237,7.619378913401651,4.766554879452472
0,9,Dgv,665,LSTransferTreeBoost,0.1,1,2,0.05,0.9,6.394321284853019,4.405707918182983,6.001596699802587,4.1767889498583015
0,2,Dgv,950,LSTransferTreeBoost,0.05,1,2,0.01,0.5,6.975806108951064,4.457875449297975,6.3935294643388865,4.389529482320986
0,1,Dgv,760,LSTransferTreeBoost,0.1,1,2,0.01,0.5,7.248647004476851,4.795757547568781,5.84929112224051,4.051367426328516
0,7,Dgv,760,LSTransferTreeBoost,0.05,1,1,0.01,0.9,7.185640685886927,4.759575976060915,6.986114881763872,4.5844916683283365
0,10,Dgv,760,LSTransferTreeBoost,0.05,1,1,0.05,0.9,6.662088772045014,4.630862017869861,6.903467794722246,4.76257041971076
