,seed,d,v,target_tree_size,val_rmse,val_mae,rmse,mae
0,930.0,3.0,0.05,1.0,1.5802484412307054,1.2541134441867792,1.6185857730068864,1.316525115764301
1,930.0,3.0,0.05,2.0,0.7387523967661517,0.5997780018883547,0.7253491156952299,0.5811911421387551
2,930.0,3.0,0.05,3.0,0.7169749926578829,0.5527093408924766,0.7117513177899462,0.5520776059588609
3,930.0,3.0,0.05,4.0,0.8525208493278672,0.6737942785094695,0.8517630496122294,0.6749958371711634
4,930.0,3.0,0.05,5.0,0.9755048031974993,0.7475730380751459,0.9873260941418774,0.7509625327098924
5,930.0,3.0,0.05,6.0,1.1648025753875502,0.8923701728255633,1.166220196735408,0.9024226627301639
6,930.0,3.0,0.05,7.0,1.361003061724827,1.067192147014668,1.3351664180805343,1.0335110459740209
7,930.0,3.0,0.075,1.0,1.38109737605162,1.0986612971487433,1.4437003155434394,1.1668663528991183
8,930.0,3.0,0.075,2.0,0.7350620499633342,0.5898335470884606,0.7329122180386981,0.5838132776884788
9,930.0,3.0,0.075,3.0,0.7271405379422674,0.5704414474611867,0.7266038042858991,0.5712173548107339
10,930.0,3.0,0.075,4.0,0.830286854672584,0.6546845251569794,0.8228366039428403,0.6448982812022813
11,930.0,3.0,0.075,5.0,0.9970505041249743,0.774672160749448,1.0037904958276755,0.771059052860022
12,930.0,3.0,0.075,6.0,1.1985781467258878,0.9238345420845369,1.1771554198745149,0.9149257723418364
13,930.0,3.0,0.075,7.0,1.3530802945786444,1.061968377603777,1.346405113377404,1.0459390361715684
14,930.0,3.0,0.1,1.0,1.6862371311937543,1.3381802479648208,1.7159164007974779,1.397726511044271
15,930.0,3.0,0.1,2.0,0.7222289684684057,0.5808228085857139,0.7116764318047953,0.5661023308297051
16,930.0,3.0,0.1,3.0,0.7342860749779715,0.5750296408264696,0.7191795493350379,0.5635725336600422
17,930.0,3.0,0.1,4.0,0.8301201158886273,0.6516774989064744,0.8231784778873548,0.64689798142067
18,930.0,3.0,0.1,5.0,1.0139046375139968,0.7847796970753216,0.99646021069349,0.7739751335358135
19,930.0,3.0,0.1,6.0,1.2081166902961877,0.9392203703088934,1.1785324155346955,0.9145301090385412
20,930.0,3.0,0.1,7.0,1.3598460118286095,1.0606663582311326,1.3458565591381377,1.04226263700603
21,930.0,3.0,0.125,1.0,1.3117286814598803,1.041468072813831,1.3750997174435708,1.107324135813538
22,930.0,3.0,0.125,2.0,0.5778884486296363,0.4583058398454641,0.57689533573276,0.44893332943388464
23,930.0,3.0,0.125,3.0,0.7558650039751502,0.5891851827701633,0.7821145359170876,0.6039988727259006
24,930.0,3.0,0.125,4.0,0.8191111434149339,0.6385948409605727,0.8470332113029232,0.6551076842182263
25,930.0,3.0,0.125,5.0,1.035574965517317,0.815289374573494,1.0330908178367946,0.7958389886322469
26,930.0,3.0,0.125,6.0,1.2199418700193498,0.9352782451584728,1.2041098835229285,0.9398505764340999
27,930.0,3.0,0.125,7.0,1.4072384098047277,1.0979053908113452,1.3664813685736314,1.0582321391382428
28,930.0,3.0,0.15,1.0,1.3439777941973474,1.0677962767891056,1.4068803879969356,1.1317317593290261
29,930.0,3.0,0.15,2.0,0.773940879074854,0.6158207084348338,0.7375224162382815,0.5933239101043244
30,930.0,3.0,0.15,3.0,0.7486122639563628,0.5924420434526638,0.7353778481871163,0.5802133573412241
31,930.0,3.0,0.15,4.0,0.8707182763108791,0.6943247500158891,0.8782659739679585,0.6928904874414965
32,930.0,3.0,0.15,5.0,1.0326845312305184,0.8019245851330589,0.9906384630053032,0.7645373686209609
33,930.0,3.0,0.15,6.0,1.2282649584564855,0.9452146047553193,1.2125559959999133,0.9385625283790634
34,930.0,3.0,0.15,7.0,1.3983443035482488,1.0952115777537124,1.3662885345928113,1.0632897569452386
35,930.0,3.0,0.175,1.0,1.4153336806560433,1.124708345235169,1.472039236471568,1.1906675409003946
36,930.0,3.0,0.175,2.0,0.5863587071598375,0.4628538322744646,0.5783470034817708,0.4583366429856052
37,930.0,3.0,0.175,3.0,0.8186646234344034,0.6416194207851947,0.8220152629819388,0.6303611663187947
38,930.0,3.0,0.175,4.0,0.8829286068745612,0.6973451058888795,0.8544991808045763,0.6635266126426539
39,930.0,3.0,0.175,5.0,1.0742064274002645,0.8220168631858267,1.0827088440941834,0.8355419003979395
40,930.0,3.0,0.175,6.0,1.237493418906939,0.9645595566868955,1.1957087739492616,0.9237727461813617
41,930.0,3.0,0.175,7.0,1.3945149650665924,1.0854700971494642,1.395302339742009,1.0729161380371084
42,930.0,3.0,0.2,1.0,1.32350513215039,1.0482985137298402,1.3863342194646724,1.1136136197867317
43,930.0,3.0,0.2,2.0,0.6938217561900266,0.5586534856310451,0.6772335445303611,0.5438135275202942
44,930.0,3.0,0.2,3.0,0.8217855821291387,0.6508918381867296,0.7973012547288914,0.6209123815064712
45,930.0,3.0,0.2,4.0,0.8428674345916952,0.6614935369822684,0.8313072886501749,0.6553884481302379
46,930.0,3.0,0.2,5.0,1.0541575483956007,0.8228039954888658,1.0485642052405983,0.8070803095188496
47,930.0,3.0,0.2,6.0,1.2615075315469377,0.9753231213561255,1.2373135624686429,0.9665343720700487
48,930.0,3.0,0.2,7.0,1.3884553141708738,1.0780660201852257,1.3898858716878666,1.070631106141695
49,930.0,3.0,0.225,1.0,1.3371673801380242,1.0628111835909417,1.4102878894977025,1.1313663739580093
50,930.0,3.0,0.225,2.0,0.7139048810586897,0.5692954790883886,0.6871595116321898,0.5439938847951045
51,930.0,3.0,0.225,3.0,0.8128223681760244,0.6394813314728216,0.7683437044268883,0.6114327441739428
52,930.0,3.0,0.225,4.0,0.8782140321948451,0.7004566799258646,0.8919197143769845,0.7044922394654118
53,930.0,3.0,0.225,5.0,1.0603043875942295,0.8257709549815635,1.086851171672735,0.8399156629453457
54,930.0,3.0,0.225,6.0,1.260795418615652,0.9870673759935167,1.229505977430013,0.9578830733651598
55,930.0,3.0,0.225,7.0,1.4242777121850836,1.1281183069755547,1.4095938462524416,1.0927630831970645
56,930.0,3.0,0.25,1.0,1.3533805654047368,1.0761388712771676,1.4162610198407075,1.1375521013135437
57,930.0,3.0,0.25,2.0,0.657355188155812,0.526888193279707,0.6355088602502733,0.5060083317646255
58,930.0,3.0,0.25,3.0,0.8834895467702679,0.6987386675159378,0.8832121335594879,0.6922673739853346
59,930.0,3.0,0.25,4.0,0.8763390431742839,0.69993497413472,0.8843953141208418,0.6912889717456097
60,930.0,3.0,0.25,5.0,1.0625296950049867,0.8421458852650705,1.0906556924138628,0.856955102840162
61,930.0,3.0,0.25,6.0,1.2887436164119486,1.0105529111491993,1.275255463754645,0.9893344710477079
62,930.0,3.0,0.25,7.0,1.4447060464677708,1.1268769425100544,1.3868414599341015,1.0791878804021289
63,930.0,3.0,0.275,1.0,1.3970786413675866,1.1106411212212755,1.454116497743961,1.1695197622774631
64,930.0,3.0,0.275,2.0,0.6669181609302367,0.5387827957072014,0.6372688905846832,0.5154932582145125
65,930.0,3.0,0.275,3.0,0.9046146622903816,0.7159633963999333,0.9000480228617707,0.7020383814969842
66,930.0,3.0,0.275,4.0,0.9608698251324694,0.7696393024545533,0.9994069796530278,0.7800463016645376
67,930.0,3.0,0.275,5.0,1.1065661608764599,0.8622032913514677,1.1353433116975007,0.8805040966336725
68,930.0,3.0,0.275,6.0,1.307946325264312,1.0191772609394736,1.2689825750978452,0.9860371200522016
69,930.0,3.0,0.275,7.0,1.452178651869122,1.149818150915202,1.4156987438335766,1.099712189536744
70,930.0,3.0,0.3,1.0,1.4872815573438318,1.1795965049359511,1.5204227663201422,1.224113302848051
71,930.0,3.0,0.3,2.0,0.6668088589079368,0.5332059130468458,0.6297699047019282,0.4995862129148519
72,930.0,3.0,0.3,3.0,0.9062236714928856,0.7173229831367496,0.8781153152322011,0.6752574181490061
73,930.0,3.0,0.3,4.0,0.9826930936486094,0.7771093031591927,0.9748130527995443,0.7569799506860461
74,930.0,3.0,0.3,5.0,1.1433737382537885,0.9145575938264193,1.1670319287092394,0.9118229064321886
75,930.0,3.0,0.3,6.0,1.3462378302835265,1.0556299982942032,1.2786731717504396,0.9954546570193886
76,930.0,3.0,0.3,7.0,1.4483271785887468,1.1336027782184444,1.4265781196554697,1.1113120931295608
77,930.0,6.0,0.05,1.0,1.6531961336014844,1.3220805022392934,1.6524891226296186,1.3086373543566232
78,930.0,6.0,0.05,2.0,1.261954126978373,1.0074351009866211,1.2329438664471934,0.9774679251653016
79,930.0,6.0,0.05,3.0,1.1216813792767983,0.8682729309476238,1.1007104282288591,0.8562766747579085
80,930.0,6.0,0.05,4.0,1.1737501134591513,0.9155579255078128,1.163295477422709,0.9065869487773802
81,930.0,6.0,0.05,5.0,1.3381511051065023,1.0493918135232712,1.3419413347628886,1.0453282624814688
82,930.0,6.0,0.05,6.0,1.4847607364297897,1.1785025897553143,1.5413181240832383,1.2124589882307646
83,930.0,6.0,0.05,7.0,1.7143815968964953,1.3712676105963693,1.7536877120818994,1.3859048005373835
84,930.0,6.0,0.075,1.0,1.6253339721942786,1.2971914437962488,1.6303710759605246,1.2850794332696132
85,930.0,6.0,0.075,2.0,1.19901616627305,0.9600221135138529,1.1775617853979086,0.9308847418108426
86,930.0,6.0,0.075,3.0,1.0841591290681853,0.8328056111215923,1.0450560184447975,0.8086984423662039
87,930.0,6.0,0.075,4.0,1.1526510235481346,0.8997556038916457,1.152601053466455,0.8911976823844496
88,930.0,6.0,0.075,5.0,1.3448732497985403,1.0565973884984878,1.3435594824575268,1.046940187210871
89,930.0,6.0,0.075,6.0,1.4830776342111185,1.179889444947949,1.5384222736424134,1.2035114313284734
90,930.0,6.0,0.075,7.0,1.7243551155982457,1.3718691692661231,1.7565253765456654,1.3826035710813205
91,930.0,6.0,0.1,1.0,1.6243093345660053,1.2964891889035206,1.6279308360538025,1.285532491818642
92,930.0,6.0,0.1,2.0,1.207206994507984,0.9648051409986512,1.1945217343873542,0.9533051163694319
93,930.0,6.0,0.1,3.0,1.1101685762740803,0.8560315537404704,1.1031464481489504,0.8595856875250916
94,930.0,6.0,0.1,4.0,1.150155408981163,0.8972203691398609,1.1412476467131893,0.8857454490283254
95,930.0,6.0,0.1,5.0,1.359498171806943,1.0731439599920054,1.3760448568483876,1.0676984159822218
96,930.0,6.0,0.1,6.0,1.5069963630992642,1.198674469973033,1.5418076232506381,1.2043109855177176
97,930.0,6.0,0.1,7.0,1.6729667029318367,1.3309391290869976,1.7212221317663434,1.3506227765258723
98,930.0,6.0,0.125,1.0,1.6675227152417635,1.3353124354741894,1.663175466122969,1.3155157485335336
99,930.0,6.0,0.125,2.0,1.1687291400587339,0.9296603309106206,1.142508266947543,0.9064072939298605
100,930.0,6.0,0.125,3.0,1.1246612483284075,0.8669646510124541,1.1174703123823635,0.8711938557598772
101,930.0,6.0,0.125,4.0,1.1618664775563556,0.9097998125686805,1.1499573702232548,0.894461764109873
102,930.0,6.0,0.125,5.0,1.3660284315205065,1.0741180524938085,1.370454769182651,1.0714100223354652
103,930.0,6.0,0.125,6.0,1.5182158444751217,1.202158250678736,1.5470827570277719,1.2111703835063845
104,930.0,6.0,0.125,7.0,1.7119813193934235,1.3577057719350534,1.75334310164455,1.3757604709414002
105,930.0,6.0,0.15,1.0,1.661451421751216,1.3295765171944631,1.654399359533505,1.3079571050931658
106,930.0,6.0,0.15,2.0,1.163760764358205,0.9357016726994609,1.1294538727867813,0.8972408042964357
107,930.0,6.0,0.15,3.0,1.1556436659847824,0.8930462785999971,1.1232559577115644,0.8779463841685023
108,930.0,6.0,0.15,4.0,1.1711782139670113,0.9162507322459335,1.1556861016764184,0.8920946449160999
109,930.0,6.0,0.15,5.0,1.3434561485321534,1.0627609263511275,1.3893899724107088,1.0924652419575565
110,930.0,6.0,0.15,6.0,1.5011858103173925,1.1917129396350108,1.548274826996731,1.2173755292503552
111,930.0,6.0,0.15,7.0,1.7178659970065886,1.361057821323387,1.753008688248525,1.3712124726162145
112,930.0,6.0,0.175,1.0,1.6382417582046176,1.3061053713274742,1.6468057233276796,1.3016019294269605
113,930.0,6.0,0.175,2.0,1.1745099819598894,0.9411317630916319,1.1358176328864158,0.8973695774258007
114,930.0,6.0,0.175,3.0,1.0884154538802198,0.8521306054265635,1.103359829243936,0.8640793985347686
115,930.0,6.0,0.175,4.0,1.2095547315784083,0.9523221417518557,1.1895858983254741,0.9175198214905242
116,930.0,6.0,0.175,5.0,1.3418379125707374,1.056590438073422,1.358702184263939,1.0531499135557796
117,930.0,6.0,0.175,6.0,1.527721050675334,1.2075200423940406,1.5773390574940227,1.2359058974616195
118,930.0,6.0,0.175,7.0,1.7452260399476394,1.3658358349137352,1.7698521822493332,1.3764296971030452
119,930.0,6.0,0.2,1.0,1.5936567670591608,1.2673232625583806,1.5989540298686362,1.251625102568306
120,930.0,6.0,0.2,2.0,1.216736234975656,0.9758395055604754,1.200878123723658,0.9497580971517344
121,930.0,6.0,0.2,3.0,1.1876004997341836,0.9253536536876555,1.201974362661329,0.9370501226625202
122,930.0,6.0,0.2,4.0,1.1708494755695489,0.9335837367444917,1.195800326137115,0.9339109775746742
123,930.0,6.0,0.2,5.0,1.32304890200288,1.0277786367081712,1.344245918373729,1.0473416182003457
124,930.0,6.0,0.2,6.0,1.557077651875001,1.2226417272730472,1.565522093507997,1.2186304115199582
125,930.0,6.0,0.2,7.0,1.6930964216056708,1.3481421990772626,1.7257293723465215,1.3544668301096356
126,930.0,6.0,0.225,1.0,1.6298203199610752,1.300359257450053,1.6391765807571388,1.287929790864961
127,930.0,6.0,0.225,2.0,1.2102331145969991,0.9701579314561798,1.166202073895015,0.9313987222713082
128,930.0,6.0,0.225,3.0,1.10263840101299,0.8529426305919409,1.0507502909620656,0.8168189887520589
129,930.0,6.0,0.225,4.0,1.2610337280862138,1.0007658673771376,1.247633227998756,0.982278657694266
130,930.0,6.0,0.225,5.0,1.3472455719121361,1.0686670890769174,1.3733812171930355,1.0678050819806326
131,930.0,6.0,0.225,6.0,1.529501484791809,1.2043801163620669,1.5907940387692683,1.2502294550804562
132,930.0,6.0,0.225,7.0,1.738930417386993,1.3631096763337034,1.784626414479181,1.3920405767149366
133,930.0,6.0,0.25,1.0,1.6749097703717224,1.3396204552020081,1.6725340843608827,1.3207401025455243
134,930.0,6.0,0.25,2.0,1.1788020344206975,0.9504420968151512,1.1594641503645644,0.921504131479559
135,930.0,6.0,0.25,3.0,1.1760817178903258,0.9296486498064196,1.1357266770591397,0.8845621645142099
136,930.0,6.0,0.25,4.0,1.2420082483749257,0.9825717485323762,1.29828900031343,1.013415573756637
137,930.0,6.0,0.25,5.0,1.4534387359030818,1.1453293076700997,1.453348416629485,1.1329453369661178
138,930.0,6.0,0.25,6.0,1.5451950100716672,1.2083023172707885,1.5635633968304674,1.2132995607635666
139,930.0,6.0,0.25,7.0,1.7609269270543062,1.3807520651652776,1.8258521353057173,1.4404112752969291
140,930.0,6.0,0.275,1.0,1.6325978752312438,1.3027537313915232,1.6234172332845418,1.2695058896109859
141,930.0,6.0,0.275,2.0,1.1959774287710179,0.9587836382904199,1.1849164889046861,0.9492379961636178
142,930.0,6.0,0.275,3.0,1.2457079724772544,0.952024976282951,1.1909161179956405,0.9255322775019774
143,930.0,6.0,0.275,4.0,1.2460382969164236,0.9738930816014002,1.266942631716367,0.9872662565493816
144,930.0,6.0,0.275,5.0,1.4838009014831959,1.167035849576003,1.5009301128357646,1.1756879107863405
145,930.0,6.0,0.275,6.0,1.5344431844945456,1.2072114998662162,1.5741773153898937,1.232589842948543
146,930.0,6.0,0.275,7.0,1.720537785050915,1.3552288806230008,1.806876110730436,1.424217984589348
147,930.0,6.0,0.3,1.0,1.6364670442280158,1.3053824840705297,1.6351367077725587,1.2853919235968803
148,930.0,6.0,0.3,2.0,1.4050343238845275,1.1404350512428196,1.3519063414280221,1.089616970660933
149,930.0,6.0,0.3,3.0,1.2153072777081975,0.9509426314056125,1.2350978351441568,0.9681041061972138
150,930.0,6.0,0.3,4.0,1.281221824063097,0.9817200788988668,1.303245592864937,1.0293457453731967
151,930.0,6.0,0.3,5.0,1.5038431055495434,1.1804202187711148,1.526227913614526,1.1980085666704554
152,930.0,6.0,0.3,6.0,1.6045445093084456,1.257737031547702,1.6520968758897308,1.2856479024980483
153,930.0,6.0,0.3,7.0,1.678332992904481,1.3092693490682414,1.7117605602196673,1.3269393673127423
154,930.0,9.0,0.05,1.0,2.5541802801070217,2.062889408172714,2.513427562678992,2.046586052911788
155,930.0,9.0,0.05,2.0,1.1343711263684606,0.9039170312627757,1.102851530746275,0.874602391751534
156,930.0,9.0,0.05,3.0,0.9014867672882754,0.7060794406982325,0.9586884653823654,0.7451099947929918
157,930.0,9.0,0.05,4.0,1.0633351221658711,0.8380175425697253,1.1081272605159311,0.8518867204461776
158,930.0,9.0,0.05,5.0,1.3176028325399638,1.0311038753227797,1.3738583789611432,1.0547982912957523
159,930.0,9.0,0.05,6.0,1.6249882681736536,1.2897937511241198,1.6484683698230325,1.294533874625378
160,930.0,9.0,0.05,7.0,1.7700281432241252,1.4151863839523435,1.8142968558932617,1.431038282551213
161,930.0,9.0,0.075,1.0,1.7897320719234522,1.4114607186252142,1.7867149032899676,1.4244794170910586
162,930.0,9.0,0.075,2.0,1.0928159973383689,0.8678033970849007,1.071425644820918,0.8560408578095392
163,930.0,9.0,0.075,3.0,0.925066456575388,0.7304823348110681,0.9717687433986082,0.7627891860202426
164,930.0,9.0,0.075,4.0,1.034825717831838,0.8080957955862903,1.0709339619108793,0.8259311160747199
165,930.0,9.0,0.075,5.0,1.3003577590035484,1.023276729848949,1.3429830257351323,1.0360444599786627
166,930.0,9.0,0.075,6.0,1.6098958875978349,1.2783883999903798,1.6037067937611427,1.255859141254338
167,930.0,9.0,0.075,7.0,1.750801748609073,1.3995871685213839,1.831326533034929,1.435952516139856
168,930.0,9.0,0.1,1.0,1.8136574005547121,1.4276980669307113,1.8093245345094309,1.4402702768987656
169,930.0,9.0,0.1,2.0,1.0687942850267826,0.852657561652733,1.0539937807750301,0.8352127510236945
170,930.0,9.0,0.1,3.0,0.8807196386063608,0.6916304399134028,0.9267688196219148,0.720719932637086
171,930.0,9.0,0.1,4.0,1.0402265980635799,0.8127637723218664,1.071000215683883,0.8335994199135578
172,930.0,9.0,0.1,5.0,1.3374592788262922,1.0462549141208937,1.3759177644361107,1.0556136589762972
173,930.0,9.0,0.1,6.0,1.568260161633013,1.246787017473366,1.6203614270486382,1.2637255317064349
174,930.0,9.0,0.1,7.0,1.7027284890783658,1.36522422783435,1.758407992467783,1.3788655621525931
175,930.0,9.0,0.125,1.0,2.5724893765187944,2.0787805029197024,2.5326648700741696,2.0650012446430064
176,930.0,9.0,0.125,2.0,1.1047581561762707,0.8731868507771692,1.035304641540677,0.8249264983307567
177,930.0,9.0,0.125,3.0,0.9573077968175671,0.7551123557923042,0.9943029286793988,0.7767749920098435
178,930.0,9.0,0.125,4.0,1.105120115361014,0.8728428357090136,1.116836968819587,0.8567535754415045
179,930.0,9.0,0.125,5.0,1.3060952517304634,1.0182008559489961,1.364121194889465,1.060326586208006
180,930.0,9.0,0.125,6.0,1.5815390388491635,1.2501332000493968,1.5983334195231718,1.2492836264097056
181,930.0,9.0,0.125,7.0,1.7527730004764737,1.4079506389429608,1.8057873228034658,1.409420240758987
182,930.0,9.0,0.15,1.0,2.4810264553247565,2.005298026246532,2.4454954676273823,1.9851691626076362
183,930.0,9.0,0.15,2.0,1.0914059904930968,0.8722573489857789,1.0723584523041894,0.8624219847676593
184,930.0,9.0,0.15,3.0,0.963635912969262,0.7661565318484528,0.9938697137632202,0.7869140515599842
185,930.0,9.0,0.15,4.0,1.0781671608541448,0.8485405098802132,1.11503085120797,0.8555716733344213
186,930.0,9.0,0.15,5.0,1.2978130788258544,1.0237899628169174,1.3746621512341173,1.0695731807794118
187,930.0,9.0,0.15,6.0,1.5411904207212272,1.21166458617332,1.541537428226129,1.204455337442979
188,930.0,9.0,0.15,7.0,1.7705065709204593,1.4233230783552036,1.819964953271491,1.41844825633556
189,930.0,9.0,0.175,1.0,1.6320113059504768,1.270730212612289,1.6553630575363771,1.3172013526009072
190,930.0,9.0,0.175,2.0,1.2521235514693487,1.0097552610848646,1.2103239549020584,0.9614405774011286
191,930.0,9.0,0.175,3.0,1.0344095730378755,0.8146810239489966,1.0629237200638744,0.8456890093785446
192,930.0,9.0,0.175,4.0,1.0783094263610018,0.8476437918708593,1.0838008522029008,0.8416809041970389
193,930.0,9.0,0.175,5.0,1.3461415494724305,1.0488317574064328,1.3782714228863167,1.0543629298776678
194,930.0,9.0,0.175,6.0,1.5967670126680291,1.2666741036628342,1.633051384789792,1.2942602934274998
195,930.0,9.0,0.175,7.0,1.7217323553185908,1.3756113508992538,1.7237369758394718,1.362383430485507
196,930.0,9.0,0.2,1.0,2.1243934956210433,1.7010453210374126,2.089185965358863,1.663419802964311
197,930.0,9.0,0.2,2.0,1.2028707792991935,0.9647874881330883,1.176432942399711,0.9331901172732372
198,930.0,9.0,0.2,3.0,0.9854080363315696,0.7775858735455826,1.036222457878292,0.8102166507126118
199,930.0,9.0,0.2,4.0,1.0948527290971224,0.8672991919204623,1.1475052045719463,0.9005360959297555
200,930.0,9.0,0.2,5.0,1.3775270628259395,1.0891544209955994,1.359121125530659,1.0576009542135048
201,930.0,9.0,0.2,6.0,1.6652421068236878,1.3151741365205323,1.6791561135668425,1.3125995247872764
202,930.0,9.0,0.2,7.0,1.7931397858109392,1.4357756382953484,1.8066350244303553,1.4186516302931462
203,930.0,9.0,0.225,1.0,2.4006788511088804,1.9494213948241175,2.357371331281433,1.9026062868131755
204,930.0,9.0,0.225,2.0,1.1376285314781729,0.8860104332187948,1.096595563296535,0.8487392375788958
205,930.0,9.0,0.225,3.0,0.9848880134535636,0.788789986414584,1.022697377712277,0.8123194004412992
206,930.0,9.0,0.225,4.0,1.1745949575125434,0.9243541676755141,1.212463885638292,0.9367444390035414
207,930.0,9.0,0.225,5.0,1.3056693439487868,1.0405098153252195,1.3280809964794573,1.0448605868169947
208,930.0,9.0,0.225,6.0,1.6978413618832744,1.348717748765402,1.7148030290859468,1.3394439340545305
209,930.0,9.0,0.225,7.0,1.8498842635834936,1.4708720230588488,1.8882010030236034,1.4946165754239198
210,930.0,9.0,0.25,1.0,1.677993874268835,1.315755429511022,1.6923266630849063,1.3338524466100292
211,930.0,9.0,0.25,2.0,1.2189099402640768,0.9550851716387219,1.1532649810969524,0.9108663266137029
212,930.0,9.0,0.25,3.0,0.987849735562929,0.781231227597115,1.0508096274175613,0.8286541908176083
213,930.0,9.0,0.25,4.0,1.2055810530915065,0.9463444731352456,1.2357232621098144,0.9754675383301262
214,930.0,9.0,0.25,5.0,1.441371959407144,1.133440952378739,1.421725348203441,1.1162391898149084
215,930.0,9.0,0.25,6.0,1.672910476360254,1.3184628375639509,1.7058066449167557,1.3194236698989912
216,930.0,9.0,0.25,7.0,1.8785344831501785,1.5058539625068392,1.8701665038116255,1.4900219461403872
217,930.0,9.0,0.275,1.0,1.6520420770608037,1.2854809563385492,1.651408380228045,1.2963032824099514
218,930.0,9.0,0.275,2.0,1.1348604421286617,0.8977328840296286,1.0979002128257733,0.8709866343743002
219,930.0,9.0,0.275,3.0,1.0049444546711077,0.7940275012562044,1.035661294510118,0.8254049709020371
220,930.0,9.0,0.275,4.0,1.230886702407153,0.9826265186149954,1.2616604637805424,0.9810033375926498
221,930.0,9.0,0.275,5.0,1.3798608717599354,1.0838307840382668,1.4502943181102048,1.118463371624795
222,930.0,9.0,0.275,6.0,1.7037329038211868,1.3381848632823867,1.7385616161361273,1.3675189044812146
223,930.0,9.0,0.275,7.0,1.8482465694835983,1.4761333933910679,1.8646165789440032,1.4622329004383112
224,930.0,9.0,0.3,1.0,2.2064749949316806,1.77422051273475,2.150423109631595,1.7198540006968055
225,930.0,9.0,0.3,2.0,1.2700390835550752,0.9969277309481867,1.2392185394559465,0.9813788957534259
226,930.0,9.0,0.3,3.0,1.134987904220514,0.9111062794580029,1.1789892828747972,0.9311013574018944
227,930.0,9.0,0.3,4.0,1.2680235003708038,1.0159611981378287,1.2751353633452924,1.0081145452205846
228,930.0,9.0,0.3,5.0,1.4574487444954665,1.1483008518062356,1.526607521114984,1.1884943237106709
229,930.0,9.0,0.3,6.0,1.6437390328075365,1.303891202917872,1.6398272830691263,1.2989068667239934
230,930.0,9.0,0.3,7.0,1.8523578780627272,1.468348325315976,1.8697155566011345,1.455113329730247
231,930.0,12.0,0.05,1.0,2.708648518255126,2.1852938952905023,2.664844443122387,2.177948832703961
232,930.0,12.0,0.05,2.0,1.2230641267748,0.9593983865422663,1.155643666521034,0.9120226895957596
233,930.0,12.0,0.05,3.0,0.9783233392875695,0.7708579379980179,1.0091012977458862,0.795982615505797
234,930.0,12.0,0.05,4.0,1.1081285052012335,0.8754886684344052,1.1293050036240817,0.8853239000875261
235,930.0,12.0,0.05,5.0,1.3034929387832799,1.0456795175313796,1.3580473579673167,1.0719107715803156
236,930.0,12.0,0.05,6.0,1.5007005707221264,1.2031541982892573,1.5206234262095395,1.188301869086492
237,930.0,12.0,0.05,7.0,1.7039175339896768,1.3618558946367418,1.7355830932590237,1.359808606193969
238,930.0,12.0,0.075,1.0,2.650816749260643,2.1343817965775798,2.6103673676500083,2.1311617207206672
239,930.0,12.0,0.075,2.0,1.1123276447482104,0.8730897905376157,1.0491187496813428,0.8242688113753354
240,930.0,12.0,0.075,3.0,1.0010103761013072,0.7911482705500253,1.0463355397567702,0.8219010763582607
241,930.0,12.0,0.075,4.0,1.096640480558737,0.8631498277868421,1.1315195800736595,0.889640710372699
242,930.0,12.0,0.075,5.0,1.2828143754090569,1.027427092152648,1.3471603171502737,1.0624384423356605
243,930.0,12.0,0.075,6.0,1.5122513768765464,1.2075830102665503,1.5316207763703102,1.206758351620884
244,930.0,12.0,0.075,7.0,1.7039154367603961,1.3676255240580109,1.7350027719409102,1.3706944210239356
245,930.0,12.0,0.1,1.0,2.8584154856491786,2.302404922360942,2.8198288184870846,2.310699316653469
246,930.0,12.0,0.1,2.0,1.0821702802936586,0.850508504149514,1.0187153452971074,0.7945225134389486
247,930.0,12.0,0.1,3.0,0.9738105154192579,0.777041134443958,1.0262851884246122,0.8084508888919768
248,930.0,12.0,0.1,4.0,1.0911528866390547,0.8723419362252157,1.1243788014825096,0.8890938081899069
249,930.0,12.0,0.1,5.0,1.2914125643117291,1.0316132287881556,1.3478090232082818,1.05929428403782
250,930.0,12.0,0.1,6.0,1.5052219899576849,1.2015769088639332,1.5384204484773065,1.2035557165340103
251,930.0,12.0,0.1,7.0,1.7142304728386974,1.3684406981998454,1.7344281465259594,1.3527490233275343
252,930.0,12.0,0.125,1.0,2.964733730766281,2.3859468718345673,2.926422241495258,2.401667403268757
253,930.0,12.0,0.125,2.0,1.0445907558958296,0.8270285538315659,0.9907739529862668,0.7839894223192523
254,930.0,12.0,0.125,3.0,1.003710338379041,0.7971536737066385,1.0258390039805285,0.8083502822674374
255,930.0,12.0,0.125,4.0,1.0663138099848402,0.8357279995366114,1.0888083410555098,0.8541193921895994
256,930.0,12.0,0.125,5.0,1.3435077511302553,1.065551381107818,1.3624866766771622,1.0654461298003222
257,930.0,12.0,0.125,6.0,1.531432113860366,1.2165176059443825,1.555290354758526,1.2237800330219935
258,930.0,12.0,0.125,7.0,1.6687236936355194,1.3294996127478127,1.7100335216598945,1.352625104732323
259,930.0,12.0,0.15,1.0,2.653342827947274,2.1297368725236048,2.6058858045349256,2.127747214542263
260,930.0,12.0,0.15,2.0,1.068923894454797,0.8494186825392864,1.0059775429815818,0.7894566779971774
261,930.0,12.0,0.15,3.0,1.0828770827521363,0.850990212251861,1.106658362780111,0.8693898503008067
262,930.0,12.0,0.15,4.0,1.168314447304518,0.9230887862176103,1.2186150259830586,0.9506791649387736
263,930.0,12.0,0.15,5.0,1.3975166124867857,1.1182101966838827,1.4390616710281867,1.1248766785552011
264,930.0,12.0,0.15,6.0,1.4862974609991466,1.1876873128272514,1.5133760887257472,1.1917008879477466
265,930.0,12.0,0.15,7.0,1.7001575344579498,1.3602454684983818,1.7415649106437452,1.3713275313248656
266,930.0,12.0,0.175,1.0,1.9778878399903164,1.5681887583331746,1.9631635010158852,1.5674806246698556
267,930.0,12.0,0.175,2.0,1.1325485580476353,0.8827461800828341,1.0753075337589777,0.8394667707978334
268,930.0,12.0,0.175,3.0,1.1442497753224365,0.8900388146090036,1.199663806658374,0.9394545994524939
269,930.0,12.0,0.175,4.0,1.1756160835006209,0.9337820874027741,1.2127705895516836,0.9417579482807071
270,930.0,12.0,0.175,5.0,1.3523998421182695,1.0851396135439493,1.3789094872574579,1.0767888209538785
271,930.0,12.0,0.175,6.0,1.5576132002551535,1.2425831942604313,1.593042305229949,1.2566260452693372
272,930.0,12.0,0.175,7.0,1.6847571145626752,1.3438570758138408,1.699775777973791,1.3130609130256248
273,930.0,12.0,0.2,1.0,2.7335764499935813,2.1954391265444833,2.6849615570739838,2.1937481871995104
274,930.0,12.0,0.2,2.0,1.1606780770974299,0.9190596188237922,1.1157192685816792,0.8870471668899841
275,930.0,12.0,0.2,3.0,1.0508219275842983,0.8376349314911944,1.078331703222492,0.8575181045922187
276,930.0,12.0,0.2,4.0,1.176401435353001,0.9341560046370208,1.2228247699374686,0.9566273823007142
277,930.0,12.0,0.2,5.0,1.3779002894117949,1.1029623300271212,1.381112974760276,1.0894686092894086
278,930.0,12.0,0.2,6.0,1.5560587630816074,1.2290864715101755,1.586504080553835,1.2332527273065133
279,930.0,12.0,0.2,7.0,1.7070227844599257,1.3662380591198842,1.7368644986619595,1.3707223385690328
280,930.0,12.0,0.225,1.0,2.8019675438218727,2.2618452491188217,2.7754434548647713,2.275195655219987
281,930.0,12.0,0.225,2.0,1.1075448462538835,0.8720401944624495,1.0343508557326342,0.8119323391731398
282,930.0,12.0,0.225,3.0,1.1204181468696743,0.8881467413983061,1.1528898396375398,0.9016899682922647
283,930.0,12.0,0.225,4.0,1.1126460943609338,0.877549089100881,1.1625949700669729,0.901757214461165
284,930.0,12.0,0.225,5.0,1.3271581458335955,1.0502319612438453,1.405238212255749,1.1131231478821142
285,930.0,12.0,0.225,6.0,1.6035007218164363,1.2994134840207985,1.651218592948952,1.3174410405601098
286,930.0,12.0,0.225,7.0,1.815232305599936,1.4493709449474854,1.8752360993387795,1.4917185072651855
287,930.0,12.0,0.25,1.0,1.726515161625064,1.351785392513244,1.7375496144769689,1.3631550588071115
288,930.0,12.0,0.25,2.0,1.1704995898706279,0.9251955770876442,1.0911119074170987,0.8573606172466809
289,930.0,12.0,0.25,3.0,1.1068345197343121,0.8650654614041575,1.19515851530381,0.9366353776776675
290,930.0,12.0,0.25,4.0,1.2424576814308985,0.9802712783157078,1.2491270439613986,0.9839416391729031
291,930.0,12.0,0.25,5.0,1.3464887374194756,1.077394223147945,1.371324721832691,1.0811494746149264
292,930.0,12.0,0.25,6.0,1.555242943919989,1.2465222583561228,1.6121907427740172,1.2839171849371518
293,930.0,12.0,0.25,7.0,1.7168746179942485,1.3809488620464112,1.7921645350987034,1.442312180675201
294,930.0,12.0,0.275,1.0,1.8701358188284845,1.4827549292232087,1.874862676029482,1.4825305833298752
295,930.0,12.0,0.275,2.0,1.1998759216746866,0.943291595827051,1.133627560940868,0.9047301609774173
296,930.0,12.0,0.275,3.0,1.109111971985029,0.8893609260480603,1.1769354236805365,0.9352758627661911
297,930.0,12.0,0.275,4.0,1.2371089229169188,0.9601885888361898,1.297962801658545,1.0215881760040253
298,930.0,12.0,0.275,5.0,1.3443801876762145,1.0764296086054894,1.3800094578765059,1.0878539686615782
299,930.0,12.0,0.275,6.0,1.5730192678672887,1.2545426906766897,1.647181117463293,1.292765606634302
300,930.0,12.0,0.275,7.0,1.757189517898253,1.4135038486461642,1.8269753852442108,1.4540518462626564
301,930.0,12.0,0.3,1.0,1.7452799486093569,1.3597665120941749,1.7829492332515295,1.3859140523812272
302,930.0,12.0,0.3,2.0,1.194004392099852,0.9243928473195793,1.0937556015936916,0.8623368907332217
303,930.0,12.0,0.3,3.0,1.0731195106330713,0.841434304390639,1.128302764569546,0.8846436310000382
304,930.0,12.0,0.3,4.0,1.2291894441171163,0.9796338795056649,1.2355847911085227,0.9781467107336758
305,930.0,12.0,0.3,5.0,1.4424605794899887,1.1466290377498094,1.440781290857389,1.13771823492625
306,930.0,12.0,0.3,6.0,1.6689620267411152,1.331814397917908,1.7348587187904834,1.3850792768528741
307,930.0,12.0,0.3,7.0,1.7004907884782112,1.376251897622808,1.7385385546796133,1.384876297453754
308,930.0,15.0,0.05,1.0,2.7241950307575333,2.19286760186779,2.63917111113713,2.1467622546623777
309,930.0,15.0,0.05,2.0,1.2284873305482271,0.9680537100275207,1.1848069452141285,0.9238472068483847
310,930.0,15.0,0.05,3.0,1.1401670795299532,0.9050459470766723,1.1232073046127684,0.8755732666096327
311,930.0,15.0,0.05,4.0,1.1310146488003128,0.8945095965290543,1.1160146611673274,0.8709901837585319
312,930.0,15.0,0.05,5.0,1.2992479230266116,1.0314608799703655,1.3018731039240017,1.0198412387403224
313,930.0,15.0,0.05,6.0,1.4798487346345326,1.177932032744982,1.4939760744757022,1.1481262809556148
314,930.0,15.0,0.05,7.0,1.6100411299110569,1.2607449399349329,1.6523560354732998,1.2604882951600176
315,930.0,15.0,0.075,1.0,2.730818132738788,2.197312481560671,2.6434598038438772,2.1521072942698476
316,930.0,15.0,0.075,2.0,1.1703064818657014,0.9152636436683178,1.120838726977224,0.8821120728755472
317,930.0,15.0,0.075,3.0,1.0758838168615488,0.8504463827449553,1.0648256672163636,0.8301343434083784
318,930.0,15.0,0.075,4.0,1.1362586528702079,0.8979829794729661,1.1193529216082285,0.881561773332179
319,930.0,15.0,0.075,5.0,1.2981639457616367,1.0214517846787388,1.2991907851426325,1.0203270248133791
320,930.0,15.0,0.075,6.0,1.4997141036299293,1.178017545723458,1.5019442494285822,1.1596662525702728
321,930.0,15.0,0.075,7.0,1.6258094848709665,1.2821204249322495,1.659898972866036,1.2728823003002923
322,930.0,15.0,0.1,1.0,2.7164294375184177,2.1885645870928347,2.6316766450093754,2.1419984867031783
323,930.0,15.0,0.1,2.0,1.2296585534572777,0.9687302569941978,1.2099457324132248,0.9492713757806316
324,930.0,15.0,0.1,3.0,1.1276724081874316,0.8951564744586243,1.1014835120664141,0.8600716301835644
325,930.0,15.0,0.1,4.0,1.1642434351207722,0.9257789708680371,1.16398518436634,0.9101116607496933
326,930.0,15.0,0.1,5.0,1.2928004761802476,1.0143020732163752,1.3169841773964033,1.0349973503976526
327,930.0,15.0,0.1,6.0,1.4785234005311128,1.161971986660199,1.4994320266065129,1.1535615641789918
328,930.0,15.0,0.1,7.0,1.6376382230077742,1.289146325531915,1.6563230808222227,1.273539340571354
329,930.0,15.0,0.125,1.0,2.8228359951448154,2.271536206133177,2.7383478670097245,2.2341649260316663
330,930.0,15.0,0.125,2.0,1.1972267113724797,0.9501953312088401,1.1520822790423761,0.9008571290116916
331,930.0,15.0,0.125,3.0,1.1403041603077209,0.8977991234761328,1.0989486868487295,0.8601679400097936
332,930.0,15.0,0.125,4.0,1.1653806137463494,0.9124703590269446,1.1543859808895465,0.9013911171809695
333,930.0,15.0,0.125,5.0,1.345584763136715,1.0602668330377365,1.3493123162890412,1.0753207868850931
334,930.0,15.0,0.125,6.0,1.5016433615023213,1.190704480679829,1.4798116535341932,1.1462683065698662
335,930.0,15.0,0.125,7.0,1.6596770260066858,1.3137914601756333,1.676477965402626,1.2997148773741964
336,930.0,15.0,0.15,1.0,2.6910947614557865,2.167350191431252,2.6056043191803564,2.119401697539957
337,930.0,15.0,0.15,2.0,1.1110978006766312,0.8769520886010587,1.0886267269780177,0.861565515803698
338,930.0,15.0,0.15,3.0,1.089459572313091,0.8675892304781312,1.0923428497315368,0.8604218854482097
339,930.0,15.0,0.15,4.0,1.1297955093788377,0.878268345958736,1.155210185783254,0.9039169240901835
340,930.0,15.0,0.15,5.0,1.3475675291002205,1.0718283629394483,1.3328111335799988,1.0485443665943022
341,930.0,15.0,0.15,6.0,1.4716548920599386,1.1594362698344602,1.4903595844838995,1.1461874752491659
342,930.0,15.0,0.15,7.0,1.7120851284814174,1.341515125198643,1.7194688563294236,1.337485492234463
343,930.0,15.0,0.175,1.0,2.7402840096180046,2.2070782970382417,2.653242402102181,2.163971321854801
344,930.0,15.0,0.175,2.0,1.020234698604074,0.8052705694866659,1.0029758995446882,0.7984798881462756
345,930.0,15.0,0.175,3.0,1.1717416010703694,0.9185224926458377,1.1920011494458183,0.9223267271049462
346,930.0,15.0,0.175,4.0,1.1156065167105094,0.8826338971551315,1.1734039493167552,0.9215346038650657
347,930.0,15.0,0.175,5.0,1.3676622116916912,1.0749416468332134,1.3685683087004061,1.0791200221365442
348,930.0,15.0,0.175,6.0,1.5551839514624486,1.2232968969558164,1.5515481635728168,1.1953840859508356
349,930.0,15.0,0.175,7.0,1.697929080033781,1.3183966870443773,1.7177418029861653,1.318054294188333
350,930.0,15.0,0.2,1.0,2.7227695540458554,2.1735881883457973,2.623993169273014,2.12990028519713
351,930.0,15.0,0.2,2.0,1.1836562110695164,0.9218283477764221,1.1370214400679204,0.8871651604868311
352,930.0,15.0,0.2,3.0,1.2053283892778668,0.9662470314722186,1.2252536894229522,0.9474174919685285
353,930.0,15.0,0.2,4.0,1.1391008014538204,0.8896764900685481,1.1665895874424903,0.9111066555319044
354,930.0,15.0,0.2,5.0,1.4340493922965531,1.1185267225001803,1.4007610391723788,1.1057640234753099
355,930.0,15.0,0.2,6.0,1.5093141585384353,1.1963617126764583,1.5058908587686146,1.1768543585491849
356,930.0,15.0,0.2,7.0,1.7016148720847042,1.331100720204265,1.71395039970857,1.3316851299598143
357,930.0,15.0,0.225,1.0,1.822816093884627,1.439131880938467,1.7938736048277462,1.4125256118938236
358,930.0,15.0,0.225,2.0,1.3192535495337152,1.0206292776244523,1.2601180360876,0.9868300806005682
359,930.0,15.0,0.225,3.0,1.1650635205077275,0.9212755839549984,1.1696146844338913,0.9209052987548852
360,930.0,15.0,0.225,4.0,1.2318008271944563,0.9778511718822634,1.2527113281426068,0.9817368242959724
361,930.0,15.0,0.225,5.0,1.3638316416731673,1.0945937081402908,1.4172058459721444,1.1169311120739935
362,930.0,15.0,0.225,6.0,1.5151731835022828,1.1925724273457938,1.52252177518137,1.1928600843947432
363,930.0,15.0,0.225,7.0,1.6920315134732244,1.33955158741136,1.6817541133808416,1.3094103120036997
364,930.0,15.0,0.25,1.0,2.2610291382222956,1.806177286827586,2.1875801021304544,1.7477835207965566
365,930.0,15.0,0.25,2.0,1.3178890581894878,1.030936231740904,1.3013243146022673,1.0274187859207153
366,930.0,15.0,0.25,3.0,1.3532298454540088,1.0716101941391065,1.295886659363233,1.0161689832650898
367,930.0,15.0,0.25,4.0,1.1679306685510478,0.9213632259295161,1.1510143394774546,0.9053278492441857
368,930.0,15.0,0.25,5.0,1.3657101801577445,1.0850068346850057,1.4013492214874868,1.1033776546004397
369,930.0,15.0,0.25,6.0,1.6086182611659015,1.2694702448021458,1.5793167461959945,1.2411465311457017
370,930.0,15.0,0.25,7.0,1.7185082908291591,1.3403764594884027,1.7509120472458937,1.3529867625805851
371,930.0,15.0,0.275,1.0,2.2524071877861305,1.7967055302052835,2.184839474338941,1.743364894263379
372,930.0,15.0,0.275,2.0,1.1403262373526895,0.9072252944775296,1.1086537034489319,0.8885373200573327
373,930.0,15.0,0.275,3.0,1.1863807975748422,0.9387162428227209,1.143173788767426,0.9037910742204449
374,930.0,15.0,0.275,4.0,1.270139083368991,0.996747203978037,1.248831129904871,0.992929876541169
375,930.0,15.0,0.275,5.0,1.428596598500653,1.1241524804767815,1.470543188708518,1.1683190527306762
376,930.0,15.0,0.275,6.0,1.55843931228928,1.2065536914340484,1.5433969195492938,1.2018913335837946
377,930.0,15.0,0.275,7.0,1.7317361959171944,1.3593113528939489,1.7599759035002136,1.3619364790646464
378,930.0,15.0,0.3,1.0,1.9015064661725347,1.4743431918750576,1.860870279496045,1.4477172920298607
379,930.0,15.0,0.3,2.0,1.2829882082068833,1.017937928172397,1.224292182696266,0.9781834063739435
380,930.0,15.0,0.3,3.0,1.3646325672235649,1.0810525942368177,1.3477665238921597,1.0666785171764364
381,930.0,15.0,0.3,4.0,1.220223640267448,0.966009384147158,1.256133542001987,0.9998316207565155
382,930.0,15.0,0.3,5.0,1.4545864505464927,1.165839727490047,1.492864099883025,1.1706486259595164
383,930.0,15.0,0.3,6.0,1.6037756908237966,1.240042781142257,1.5520160404223247,1.2263000153788817
384,930.0,15.0,0.3,7.0,1.7741916147128902,1.396117284627929,1.7997126462062296,1.400917387691575
385,931.0,3.0,0.05,1.0,1.2638380564169005,0.9736269842135986,1.2111981063654915,0.9260494878593206
386,931.0,3.0,0.05,2.0,0.6515593292340888,0.5130821090228259,0.6686695521055059,0.52651043303802
387,931.0,3.0,0.05,3.0,0.7473078925923282,0.564493187203304,0.7364361300803562,0.5679080354179518
388,931.0,3.0,0.05,4.0,0.7750218718257353,0.5941379372309661,0.7626260287657206,0.5871230341899277
389,931.0,3.0,0.05,5.0,0.9926555906195462,0.773785390922046,0.9736210519693326,0.7408783569352158
390,931.0,3.0,0.05,6.0,1.1326550295272406,0.8717575100010506,1.0637984637437299,0.8062926039888306
391,931.0,3.0,0.05,7.0,1.3075513500541702,1.0133954175359217,1.2296326041293528,0.9449493806902669
392,931.0,3.0,0.075,1.0,1.287424470532693,0.9935310530865294,1.2312840930102928,0.9446270627892029
393,931.0,3.0,0.075,2.0,0.6617016971489246,0.5135463666858311,0.6711697705354246,0.5278284728536707
394,931.0,3.0,0.075,3.0,0.6954610888985571,0.5318524355233912,0.6968244188740695,0.5425133696551359
395,931.0,3.0,0.075,4.0,0.7767898898839277,0.5980168965077887,0.766702100878457,0.5905437158785178
396,931.0,3.0,0.075,5.0,0.9806484630332815,0.7586849322437146,0.9488765056845702,0.7263615706374592
397,931.0,3.0,0.075,6.0,1.1417556884011286,0.8814098870741064,1.073495706128724,0.8196648187796641
398,931.0,3.0,0.075,7.0,1.2724778501319725,0.9812757312593751,1.221033578591923,0.9363757397276594
399,931.0,3.0,0.1,1.0,1.1372872925533903,0.8739342887301806,1.1032052645171735,0.8401110563538404
400,931.0,3.0,0.1,2.0,0.6563859582789903,0.5122375965149675,0.6733217352124414,0.5285853388618396
401,931.0,3.0,0.1,3.0,0.7268203319721024,0.5537340246313674,0.7084488355697636,0.5541613563203266
402,931.0,3.0,0.1,4.0,0.8225071331716153,0.6325971946297089,0.822307637747253,0.6289980260981406
403,931.0,3.0,0.1,5.0,0.9785672327031204,0.749209493454418,0.9637393218316308,0.7277536260998364
404,931.0,3.0,0.1,6.0,1.1850561543238487,0.9199519748317639,1.0982193701464276,0.8406270800732932
405,931.0,3.0,0.1,7.0,1.2729200123577302,0.9847400660594023,1.2088269155324514,0.9312064099416311
406,931.0,3.0,0.125,1.0,1.0540934252520087,0.8125084017237444,1.0402229168310648,0.7876410947400795
407,931.0,3.0,0.125,2.0,0.6783953577848191,0.5260586849037804,0.6894373168781859,0.5353365721631494
408,931.0,3.0,0.125,3.0,0.7355898314219692,0.5615276352856025,0.7327388558887777,0.5662526412071286
409,931.0,3.0,0.125,4.0,0.8353697789319847,0.641442978177447,0.8295878402746324,0.6360864558535541
410,931.0,3.0,0.125,5.0,0.9857360639309859,0.7585396121113993,0.9739614533590011,0.7349413515095555
411,931.0,3.0,0.125,6.0,1.1720880331090817,0.9034599736184407,1.1101990511800235,0.8595863993463975
412,931.0,3.0,0.125,7.0,1.2967821234151249,1.0071415395987056,1.2411817908615643,0.9637859517746277
413,931.0,3.0,0.15,1.0,1.0844538680436802,0.8334798935449373,1.0687734300604643,0.8070404859915022
414,931.0,3.0,0.15,2.0,0.6568894461277562,0.5151962664410198,0.685433716927561,0.5329216420887328
415,931.0,3.0,0.15,3.0,0.7347600134098761,0.5520386975683265,0.7337433165999703,0.5617110658066345
416,931.0,3.0,0.15,4.0,0.860498026417439,0.662831855406695,0.8560636843933618,0.6579566787216949
417,931.0,3.0,0.15,5.0,1.0258706314048,0.79175784849496,0.9778537289106324,0.7417877042363551
418,931.0,3.0,0.15,6.0,1.1890611524852968,0.9219458221757844,1.133323370567513,0.8664651068412189
419,931.0,3.0,0.15,7.0,1.2910870030763304,1.0036380821355464,1.226666314574763,0.9329618536916705
420,931.0,3.0,0.175,1.0,1.1113757476640336,0.856219718269647,1.079176058815628,0.820704369513937
421,931.0,3.0,0.175,2.0,0.663526231697659,0.509627563794189,0.6652172095842809,0.5225962697331484
422,931.0,3.0,0.175,3.0,0.7671187247624627,0.5769705594689241,0.7521863379444501,0.5810590524731384
423,931.0,3.0,0.175,4.0,0.8275981108988719,0.6330959530255283,0.8408534298887542,0.6414175664618508
424,931.0,3.0,0.175,5.0,1.0277582415423812,0.7780393783644866,0.9849415180121586,0.7452742026868535
425,931.0,3.0,0.175,6.0,1.137265549638356,0.8747186381050144,1.1141629770391572,0.8476532454852327
426,931.0,3.0,0.175,7.0,1.3205460050604003,1.0223736538308723,1.2734811794235712,0.977249751021457
427,931.0,3.0,0.2,1.0,1.0680177158687225,0.8109178470291731,1.0595972719648092,0.8035748272465266
428,931.0,3.0,0.2,2.0,0.7034254850451916,0.5573164522071598,0.722627764911619,0.5627635208629719
429,931.0,3.0,0.2,3.0,0.74686405360444,0.5695782971727169,0.7573449992416382,0.5855140000296823
430,931.0,3.0,0.2,4.0,0.8513699911318415,0.6613048182651324,0.8667097252077364,0.6609996043245008
431,931.0,3.0,0.2,5.0,1.0457365437450419,0.8073813271915797,1.033425025967387,0.7914222493445204
432,931.0,3.0,0.2,6.0,1.1638739292961053,0.8940017438473405,1.1149761423748559,0.8553543850431402
433,931.0,3.0,0.2,7.0,1.2886664182999197,1.0031808321270232,1.2221469651334596,0.9484764597764334
434,931.0,3.0,0.225,1.0,1.146662606697933,0.8852972261869686,1.1106591419619065,0.8422809231288816
435,931.0,3.0,0.225,2.0,0.7065905245919526,0.5505891604226949,0.6912463204149919,0.5383678332601828
436,931.0,3.0,0.225,3.0,0.7501524436046869,0.5780330686155973,0.7629633912613154,0.6004426494655284
437,931.0,3.0,0.225,4.0,0.8535174373708796,0.6623492518393462,0.801242397213552,0.6227291227999099
438,931.0,3.0,0.225,5.0,1.0712212140090664,0.824760540918032,1.0837335379540258,0.8251171447555191
439,931.0,3.0,0.225,6.0,1.2462504150935334,0.95995341854241,1.1591232592449454,0.8942164718388834
440,931.0,3.0,0.225,7.0,1.3469642131314796,1.0601693234111995,1.277207050007595,0.9826952571558922
441,931.0,3.0,0.25,1.0,1.1525338456319987,0.8849139726366363,1.1092078735148796,0.8498371720015766
442,931.0,3.0,0.25,2.0,0.7429342434618376,0.5736922597305602,0.7291363310319383,0.5659239538970134
443,931.0,3.0,0.25,3.0,0.7892251129265799,0.6075618614523225,0.8208455453531223,0.6395203481388636
444,931.0,3.0,0.25,4.0,0.8469994338139785,0.6557952611436049,0.839305935340416,0.6503796322338607
445,931.0,3.0,0.25,5.0,1.0620323531075515,0.8110668718800252,0.9901159939917866,0.7650077397359427
446,931.0,3.0,0.25,6.0,1.195895642891206,0.9081266002118096,1.1242742322490131,0.8640503377296546
447,931.0,3.0,0.25,7.0,1.362667423677264,1.0570519702776744,1.284768361562537,0.9882617754581338
448,931.0,3.0,0.275,1.0,1.127182665859305,0.8673645946880078,1.0929925171711363,0.8320987542304156
449,931.0,3.0,0.275,2.0,0.6803445711179639,0.5295218888958925,0.673589274715805,0.5301382933323883
450,931.0,3.0,0.275,3.0,0.8096747368541044,0.6118511628981705,0.7634819800260746,0.5992479305726152
451,931.0,3.0,0.275,4.0,0.8927565151129107,0.69089969274437,0.8425809809069449,0.6472161708086939
452,931.0,3.0,0.275,5.0,1.1037176354254923,0.8541565981461958,1.055632712454329,0.8156646378496637
453,931.0,3.0,0.275,6.0,1.2123224335166654,0.9374699824685249,1.156215590018441,0.8924805977873572
454,931.0,3.0,0.275,7.0,1.3233873724047345,1.0339404648453245,1.2471896297679574,0.958975364274176
455,931.0,3.0,0.3,1.0,1.1289529190533192,0.871332093250005,1.1092227032831694,0.8460929282041159
456,931.0,3.0,0.3,2.0,0.7057524401192637,0.5407166365564721,0.7129761859214337,0.5503726929009939
457,931.0,3.0,0.3,3.0,0.9226398980565,0.721067119532107,0.8966832614650112,0.6925476952472485
458,931.0,3.0,0.3,4.0,0.9537385237016746,0.7343931440266254,0.9061578567912341,0.7055677699722317
459,931.0,3.0,0.3,5.0,1.072808580615939,0.8289789334644098,1.0862149361956848,0.8253555259281609
460,931.0,3.0,0.3,6.0,1.1621673860905544,0.9033488538445685,1.124747425971954,0.870158689729314
461,931.0,3.0,0.3,7.0,1.3671984690961236,1.0584656825320706,1.3268780415612162,1.0363003857341868
462,931.0,6.0,0.05,1.0,4.481259522185469,3.6478510345607784,4.421223885124893,3.5931966745220216
463,931.0,6.0,0.05,2.0,0.8707763762249787,0.6905113187888582,0.8583180930051211,0.678829734717647
464,931.0,6.0,0.05,3.0,0.8615001150327454,0.6798921427214603,0.8660512934464828,0.6800196955751342
465,931.0,6.0,0.05,4.0,0.923070457390342,0.7250182499156458,0.9201735056006536,0.7280807708638326
466,931.0,6.0,0.05,5.0,1.0226188910149883,0.7848524444495024,1.0283266777019981,0.7908868285332488
467,931.0,6.0,0.05,6.0,1.1038760030708779,0.8488238795805377,1.104481064949478,0.8438885571971572
468,931.0,6.0,0.05,7.0,1.2419089731744049,0.9547673078447695,1.2625709078121694,0.9545236198873872
469,931.0,6.0,0.075,1.0,4.493889867459415,3.6612364644431565,4.4029654866090215,3.5816083827334997
470,931.0,6.0,0.075,2.0,0.888913234041278,0.702124954005347,0.8769642262996011,0.6876360422531154
471,931.0,6.0,0.075,3.0,0.9382152159202218,0.7420119023802471,0.9161924804979308,0.7148364796473721
472,931.0,6.0,0.075,4.0,0.914649711591569,0.7172815677677915,0.9331084315301332,0.7301577403542813
473,931.0,6.0,0.075,5.0,1.023776815333067,0.7982292572313022,1.064652677560403,0.8342123304480697
474,931.0,6.0,0.075,6.0,1.11215691776969,0.8530470959609266,1.1220763051760396,0.8694558616747726
475,931.0,6.0,0.075,7.0,1.2176169333459546,0.9427184467221105,1.2261462590693388,0.9427154661228617
476,931.0,6.0,0.1,1.0,4.4822978556914626,3.6555761278816106,4.385961674279952,3.5733259354009035
477,931.0,6.0,0.1,2.0,0.8208466504132993,0.6559361027333103,0.8104913900032052,0.6479548844277749
478,931.0,6.0,0.1,3.0,0.8568319187664136,0.6786922967492116,0.8361420631996765,0.6535996342680005
479,931.0,6.0,0.1,4.0,0.9733625350560926,0.7713730244180462,0.9910137181764929,0.7776842653435646
480,931.0,6.0,0.1,5.0,1.0244914250593782,0.807555341009867,1.0481167291340394,0.8316934695882698
481,931.0,6.0,0.1,6.0,1.1095888746703118,0.8609481523416647,1.1211465672602403,0.8755590667369658
482,931.0,6.0,0.1,7.0,1.2352568611347685,0.9364748702693085,1.277483483888165,0.9712272668936511
483,931.0,6.0,0.125,1.0,4.493531339894494,3.6635512205673284,4.383337423963002,3.573172703473161
484,931.0,6.0,0.125,2.0,0.8007575763236014,0.6374540325999521,0.7999890654280909,0.6363884700728146
485,931.0,6.0,0.125,3.0,0.9375508599730044,0.7476198737217002,0.9428707532760797,0.739911937260449
486,931.0,6.0,0.125,4.0,0.9699402318138882,0.7640993432888752,0.9555383256028228,0.7582366667121095
487,931.0,6.0,0.125,5.0,1.0182105345969574,0.8003189188135366,1.0210859269720252,0.8040290598391358
488,931.0,6.0,0.125,6.0,1.1010528446010701,0.8668652046676302,1.1459140258289024,0.8908357665425262
489,931.0,6.0,0.125,7.0,1.293656103854797,0.9788120755667951,1.2873414621812096,0.9740215595604179
490,931.0,6.0,0.15,1.0,1.6434180666133065,1.2470713322524967,1.5280190429153626,1.173494791157857
491,931.0,6.0,0.15,2.0,0.8718726221718179,0.6975376783866801,0.8832335625038372,0.7036200069539071
492,931.0,6.0,0.15,3.0,0.9188421827807861,0.7304910215591521,0.9129773338000029,0.7137135836736329
493,931.0,6.0,0.15,4.0,0.9793746978498814,0.7789582153865098,0.9673868143161943,0.7670044919401937
494,931.0,6.0,0.15,5.0,1.0635362764345664,0.8317819212785248,1.0879769651038445,0.8386577484036993
495,931.0,6.0,0.15,6.0,1.194226529416263,0.9313374705676009,1.1984522118639676,0.9310169470037379
496,931.0,6.0,0.15,7.0,1.2796223250957623,0.9790381036435736,1.2907030788176341,0.9695997678651106
497,931.0,6.0,0.175,1.0,1.337874793444407,1.0078722079722375,1.2790615234570355,0.9608660586777824
498,931.0,6.0,0.175,2.0,0.8496402629779427,0.6771762377748674,0.840100225814466,0.6670005158796938
499,931.0,6.0,0.175,3.0,0.9258839422803122,0.733138867102638,0.9144855604604214,0.7225853925280289
500,931.0,6.0,0.175,4.0,1.0058496511457187,0.7933590932824754,1.0355899904362424,0.8058122662879778
501,931.0,6.0,0.175,5.0,1.0196083435800376,0.8051848963978684,1.0462539010483427,0.8178604757127491
502,931.0,6.0,0.175,6.0,1.2299482229020953,0.9510734082240933,1.2174576074644454,0.9294663488543047
503,931.0,6.0,0.175,7.0,1.3032250118191546,0.9977261366854706,1.3041207670071095,0.9880061836305668
504,931.0,6.0,0.2,1.0,4.504244691807592,3.673916694566704,4.408339591338797,3.5938939857994665
505,931.0,6.0,0.2,2.0,0.8501860200207044,0.6752946785204662,0.8793670314741938,0.6918760440293547
506,931.0,6.0,0.2,3.0,0.9693765798859028,0.7747716323536807,0.9379934963890222,0.7397935323122272
507,931.0,6.0,0.2,4.0,0.9982872960139938,0.7826627619736917,0.9685593812017995,0.7456041791487105
508,931.0,6.0,0.2,5.0,1.1248248918251182,0.8911386672033457,1.1329260802046786,0.8874770209907679
509,931.0,6.0,0.2,6.0,1.1404252904039265,0.8707254370112327,1.1421851590921512,0.8821557698862471
510,931.0,6.0,0.2,7.0,1.3804009098563668,1.0502040402022639,1.3647631670690037,1.0454240085036517
511,931.0,6.0,0.225,1.0,4.551371225092097,3.708207325660379,4.440506823721972,3.6200832229703788
512,931.0,6.0,0.225,2.0,0.927644413132543,0.7352411336603331,0.9314032247310574,0.73507478964115
513,931.0,6.0,0.225,3.0,0.950993506839883,0.7440901788156882,0.9422438914021709,0.7345752516129472
514,931.0,6.0,0.225,4.0,0.996802025946128,0.7803646293655315,1.0036664607244645,0.7767315992383572
515,931.0,6.0,0.225,5.0,1.0771353913834578,0.8383439115412604,1.1118598758623026,0.8628235114378698
516,931.0,6.0,0.225,6.0,1.2302469871980741,0.9178710717509555,1.1992497526949033,0.9260940331593382
517,931.0,6.0,0.225,7.0,1.3521899430799038,1.057686599704715,1.3445251730847168,1.019461526774442
518,931.0,6.0,0.25,1.0,4.4938367195123705,3.663325029879329,4.3856917490530005,3.5820653553262485
519,931.0,6.0,0.25,2.0,0.923065950116937,0.7301874433603032,0.9312525640742536,0.7228855437004373
520,931.0,6.0,0.25,3.0,0.9455280153758047,0.7405796897795706,0.9674833368257996,0.7583933335169423
521,931.0,6.0,0.25,4.0,1.0224203116237502,0.802865692338619,0.9965355346301832,0.7722356026327752
522,931.0,6.0,0.25,5.0,1.1018595906308142,0.8707930589243043,1.1167520560994344,0.8788435786381981
523,931.0,6.0,0.25,6.0,1.1912998810023558,0.90831326063573,1.1684832631251074,0.8861918105445366
524,931.0,6.0,0.25,7.0,1.3856935731310358,1.0726027580154334,1.3615641824014502,1.0400376910334395
525,931.0,6.0,0.275,1.0,1.4554365591680907,1.0993641246975863,1.3751893950972174,1.0540773269159467
526,931.0,6.0,0.275,2.0,1.023022849602563,0.7948109269081334,1.0492347766387677,0.81996958576535
527,931.0,6.0,0.275,3.0,0.8553758042597821,0.692358247816408,0.888883362528068,0.7107125113390825
528,931.0,6.0,0.275,4.0,1.0796137075629453,0.8537316563265374,1.1160303604931379,0.8754298115539452
529,931.0,6.0,0.275,5.0,1.1485712655064444,0.9114639358784805,1.1798704084306992,0.9233525710610679
530,931.0,6.0,0.275,6.0,1.2068762366178614,0.9456876158423073,1.224735071795361,0.9453005175599187
531,931.0,6.0,0.275,7.0,1.2797928862728671,0.9980454204866775,1.2927447710113518,1.0103648750626029
532,931.0,6.0,0.3,1.0,1.4383706083962775,1.082201721935484,1.375511001196423,1.0405346918686018
533,931.0,6.0,0.3,2.0,0.9719806182859878,0.7612548213901259,0.997099101470635,0.7947879382316045
534,931.0,6.0,0.3,3.0,1.065797323050852,0.8327052563829256,1.0949529608009534,0.8437464699121342
535,931.0,6.0,0.3,4.0,1.1234676632384228,0.8811765226562697,1.0899789851316006,0.8541638538805564
536,931.0,6.0,0.3,5.0,1.1454216520882174,0.8931396064606963,1.171505276182954,0.9185481756666238
537,931.0,6.0,0.3,6.0,1.2620795760171828,0.9993124852283781,1.2576913166832324,0.9769187335554652
538,931.0,6.0,0.3,7.0,1.3701370172198575,1.0700626892380114,1.3501377074566991,1.0573957739982416
539,931.0,9.0,0.05,1.0,4.492389477134937,3.6508938417129864,4.421739314072013,3.5885506061628947
540,931.0,9.0,0.05,2.0,1.1800679857356,0.9133290511183293,1.1682536304843631,0.9132442345532927
541,931.0,9.0,0.05,3.0,1.0952146729036893,0.8553594675765396,1.0955766285961615,0.8545256571059243
542,931.0,9.0,0.05,4.0,1.0273040362793158,0.8151617900709363,1.1051107514403753,0.8765908840264929
543,931.0,9.0,0.05,5.0,1.1014977861572703,0.8669898315216776,1.159988225742039,0.9033093569027275
544,931.0,9.0,0.05,6.0,1.1832289389218753,0.9267915712924839,1.2108195124182568,0.9407637798847761
545,931.0,9.0,0.05,7.0,1.2698822983847955,0.9721712631290668,1.2821077916113044,0.9881813842848944
546,931.0,9.0,0.075,1.0,4.520470691275401,3.674118850773043,4.4475487980675386,3.607438063458314
547,931.0,9.0,0.075,2.0,1.2191550885113889,0.9372056818453238,1.2074895784915316,0.9420536672312712
548,931.0,9.0,0.075,3.0,1.0061002794746172,0.7779019780052313,1.0325386016526705,0.80487623706877
549,931.0,9.0,0.075,4.0,1.0123987268893033,0.803839699503265,1.0844355413998301,0.8559524888636877
550,931.0,9.0,0.075,5.0,1.0921556340375582,0.8534174413677227,1.1418263672403048,0.8928305533363471
551,931.0,9.0,0.075,6.0,1.1870080392598663,0.9357095240642992,1.2179211436723376,0.953564925347364
552,931.0,9.0,0.075,7.0,1.2896441604722257,0.9996463990269233,1.3229821701630655,1.0233139071164574
553,931.0,9.0,0.1,1.0,4.416561482713603,3.5907604312647843,4.359472058024894,3.5447528283444556
554,931.0,9.0,0.1,2.0,1.185750510586547,0.9155139003753211,1.1806088142761162,0.9253108046474939
555,931.0,9.0,0.1,3.0,1.015953910160196,0.7924403132313141,1.0394725840201393,0.8102698276249273
556,931.0,9.0,0.1,4.0,1.018237334659083,0.8070813165719686,1.0627480289226126,0.8403305249749313
557,931.0,9.0,0.1,5.0,1.1345399731546746,0.8904419544049549,1.2073588593076974,0.9412745462909196
558,931.0,9.0,0.1,6.0,1.1805064645714378,0.9237087204478569,1.221031116813861,0.9570320509294795
559,931.0,9.0,0.1,7.0,1.3094247026611576,1.003713291246396,1.3216960785534628,1.0145491546127714
560,931.0,9.0,0.125,1.0,4.530210166779242,3.681893889629234,4.460969868149645,3.61644162037012
561,931.0,9.0,0.125,2.0,1.2469540973845858,0.9601813523913643,1.230738191557494,0.9645311673171559
562,931.0,9.0,0.125,3.0,0.9953254171673387,0.7735535386099048,1.014354246915331,0.7970229104593398
563,931.0,9.0,0.125,4.0,1.0762671632055225,0.8520796719115054,1.1293029071185632,0.8911617188668989
564,931.0,9.0,0.125,5.0,1.121906170478171,0.8869495239790957,1.1554938886921653,0.9003195993819213
565,931.0,9.0,0.125,6.0,1.2031532215978828,0.9380621080565722,1.24471890622812,0.9671761064017871
566,931.0,9.0,0.125,7.0,1.2825141468557326,0.9889355176957315,1.3180053888001944,1.014825734918779
567,931.0,9.0,0.15,1.0,4.519264039240544,3.6724898622878484,4.444014578404989,3.6056476324551996
568,931.0,9.0,0.15,2.0,1.0350994180031847,0.8125095594471557,1.063144048622229,0.8382672096069533
569,931.0,9.0,0.15,3.0,1.1281512281935762,0.8801815620382696,1.1485213308133955,0.897008349602974
570,931.0,9.0,0.15,4.0,1.06706126262277,0.832549887211284,1.1584339738518605,0.912953201397201
571,931.0,9.0,0.15,5.0,1.1152715261232706,0.8843132109299616,1.1816924485476494,0.9365197264325852
572,931.0,9.0,0.15,6.0,1.1794869166854038,0.9195399648127405,1.2469531788901371,0.9739883506966719
573,931.0,9.0,0.15,7.0,1.3411405687257039,1.0509459010974893,1.3272669409508664,1.032767931377954
574,931.0,9.0,0.175,1.0,4.402847269528438,3.5721694279319367,4.328370301156831,3.523083478006091
575,931.0,9.0,0.175,2.0,1.1381827223764296,0.8831963795373886,1.1388603534286241,0.8863609800805091
576,931.0,9.0,0.175,3.0,1.1435149540464986,0.8858431749148963,1.1634104993794983,0.8965659014666039
577,931.0,9.0,0.175,4.0,1.1234464910703688,0.8776334487150045,1.1863355114012433,0.9450237327632567
578,931.0,9.0,0.175,5.0,1.1415635509054511,0.8992908903738276,1.2058056518614206,0.9545652805087965
579,931.0,9.0,0.175,6.0,1.2080835786127195,0.9410421465103557,1.265259009889239,0.9855658008538309
580,931.0,9.0,0.175,7.0,1.3671853998839345,1.0612581356844752,1.3882553455568056,1.076560066101883
581,931.0,9.0,0.2,1.0,1.654284900544705,1.2456198067379547,1.5186024724064107,1.1642785963013902
582,931.0,9.0,0.2,2.0,1.2833830224703946,0.9779553044749265,1.2752419530997299,0.9957321832547348
583,931.0,9.0,0.2,3.0,1.061348002733977,0.8288693964628485,1.0973074356025487,0.8643486535890204
584,931.0,9.0,0.2,4.0,1.0789121851749623,0.8583298958293689,1.1670531142567224,0.9078977688809304
585,931.0,9.0,0.2,5.0,1.121140358705415,0.8880573550980735,1.186268092354863,0.9281626424863675
586,931.0,9.0,0.2,6.0,1.2940171244229977,1.0199926568991418,1.3221555261258255,1.0444220240520226
587,931.0,9.0,0.2,7.0,1.327669106866906,1.0323762110527468,1.3069131839709487,1.0191873005307313
588,931.0,9.0,0.225,1.0,4.222691102037992,3.444854611952653,4.046010432514813,3.2778459322314615
589,931.0,9.0,0.225,2.0,1.2626099931926804,0.9769525484802798,1.25497800292168,0.9653078895695472
590,931.0,9.0,0.225,3.0,1.0647788037110977,0.832700501922534,1.1152567533797912,0.8697214691311653
591,931.0,9.0,0.225,4.0,1.1267454630406637,0.8908876975140276,1.1636025417086449,0.909804982314307
592,931.0,9.0,0.225,5.0,1.2317126314848623,0.9858533090909183,1.297021482863229,1.0194493527367956
593,931.0,9.0,0.225,6.0,1.259749416335776,0.9856883966479656,1.2946752178257364,1.0045086772263079
594,931.0,9.0,0.225,7.0,1.3256630499632847,1.0381046660781648,1.385909526047198,1.0739432369415474
595,931.0,9.0,0.25,1.0,4.600673369087497,3.731590181900052,4.498043522747135,3.6429742863871875
596,931.0,9.0,0.25,2.0,1.2596694912035598,0.956847302152079,1.2255333472035896,0.9287288085334029
597,931.0,9.0,0.25,3.0,1.166412220536971,0.9263939011709703,1.1613437601192342,0.9286845273051632
598,931.0,9.0,0.25,4.0,1.1289929300842145,0.9001985454681164,1.2176800232165572,0.9469338467926876
599,931.0,9.0,0.25,5.0,1.262520615674617,1.0005087221893314,1.2742170972683478,0.9837885124023205
600,931.0,9.0,0.25,6.0,1.2598187406252135,0.9904545774870446,1.2979398302861593,1.0157148657782342
601,931.0,9.0,0.25,7.0,1.3755266244862547,1.0834464661996508,1.384634493339566,1.0744446253795459
602,931.0,9.0,0.275,1.0,1.975373222093058,1.5359285962184925,1.8392145882981474,1.4230157100476075
603,931.0,9.0,0.275,2.0,1.1856287872587359,0.9111998983087165,1.2092351825080392,0.9384730368930546
604,931.0,9.0,0.275,3.0,1.0802152817241892,0.8458664127817037,1.0855560614508553,0.8453343103692343
605,931.0,9.0,0.275,4.0,1.1861718458403063,0.9384685449185857,1.2545741013576825,0.974333767432882
606,931.0,9.0,0.275,5.0,1.277546428083216,1.0183664076306331,1.3126883705343513,1.0326699132600177
607,931.0,9.0,0.275,6.0,1.2215243264908286,0.9550816203863076,1.2612830351595365,0.9766352461552132
608,931.0,9.0,0.275,7.0,1.3981391845265998,1.097165943788978,1.409221944813117,1.0854148487611237
609,931.0,9.0,0.3,1.0,1.789364440960483,1.3883311642673934,1.675606510787853,1.2938586354735435
610,931.0,9.0,0.3,2.0,1.063380711557133,0.8160712439018498,1.1150431638435472,0.8734933369164992
611,931.0,9.0,0.3,3.0,1.1814730514951848,0.9313111360447781,1.2272560251555071,0.9583932718212386
612,931.0,9.0,0.3,4.0,1.1876694049031853,0.9269082789192072,1.211987038030069,0.9491334531800801
613,931.0,9.0,0.3,5.0,1.3511951688412747,1.0613861756070377,1.3934227628292841,1.0911571933125461
614,931.0,9.0,0.3,6.0,1.3360038088469697,1.0419077204301836,1.389193482806921,1.075455469907384
615,931.0,9.0,0.3,7.0,1.5010924831500174,1.1574201747994093,1.4900467101621833,1.1591135968539346
616,931.0,12.0,0.05,1.0,4.306298374284395,3.494714288880454,4.272525679271825,3.48734774277394
617,931.0,12.0,0.05,2.0,1.3248565646349788,1.0374066331820724,1.3036256631101406,1.0063197875912397
618,931.0,12.0,0.05,3.0,1.205313223061184,0.9439347425433439,1.1817360942734165,0.9142452059187651
619,931.0,12.0,0.05,4.0,1.2132757676205326,0.9750756850782417,1.1693688646385154,0.9078232485971471
620,931.0,12.0,0.05,5.0,1.3181192670736124,1.0465152360130217,1.2971243648709236,1.0155056780870049
621,931.0,12.0,0.05,6.0,1.3012217736740748,1.0406626083574115,1.2559258092059964,0.9790421179481884
622,931.0,12.0,0.05,7.0,1.4391089420376821,1.1664564785762312,1.4123964437747787,1.0978653545741395
623,931.0,12.0,0.075,1.0,4.303658465296089,3.4907862334739814,4.2683733558020025,3.4830430861289035
624,931.0,12.0,0.075,2.0,1.3811693477132685,1.081386683815666,1.3569958043369121,1.0446279135216021
625,931.0,12.0,0.075,3.0,1.1790457899287792,0.9198417645114201,1.160678982075982,0.8902708091831066
626,931.0,12.0,0.075,4.0,1.267786379018786,1.0243340185611782,1.2209884498573687,0.9606942766430844
627,931.0,12.0,0.075,5.0,1.2589865150421133,1.0121483041022854,1.2305989083090167,0.9651830948708827
628,931.0,12.0,0.075,6.0,1.2954086244039174,1.048430210784046,1.267584447195046,0.9922577659141617
629,931.0,12.0,0.075,7.0,1.4372027230094642,1.1523882259332667,1.4074083105892023,1.0920626804185114
630,931.0,12.0,0.1,1.0,4.2932974094907745,3.477050663361269,4.244788284397274,3.463844725937132
631,931.0,12.0,0.1,2.0,1.3754276568531603,1.0784156315423015,1.339836564178265,1.0333381210135444
632,931.0,12.0,0.1,3.0,1.1919619011808142,0.9391241246455011,1.182520508503657,0.9164235990710863
633,931.0,12.0,0.1,4.0,1.2517412258353744,1.014939712443909,1.2041245973667636,0.9442981282863164
634,931.0,12.0,0.1,5.0,1.3240815432912463,1.0475015094359474,1.2810838200608787,1.0038655403014078
635,931.0,12.0,0.1,6.0,1.3451940601239678,1.0748166138823103,1.2987930232097462,1.015220867037761
636,931.0,12.0,0.1,7.0,1.4254943250238066,1.1427088159066636,1.4032497895470994,1.1003180476030123
637,931.0,12.0,0.125,1.0,4.377377724479421,3.550663487453505,4.330675479892985,3.5264111678757497
638,931.0,12.0,0.125,2.0,1.399242194239523,1.1098157375139874,1.361141894569207,1.0547994429666059
639,931.0,12.0,0.125,3.0,1.1831301834925827,0.9338485271132472,1.1762406591362493,0.9161642546608771
640,931.0,12.0,0.125,4.0,1.1954642868404022,0.9552527897608719,1.156084112067679,0.9035244232787232
641,931.0,12.0,0.125,5.0,1.2545615759443347,0.9903578831545059,1.2298534725667314,0.9601398772404381
642,931.0,12.0,0.125,6.0,1.3491243875009447,1.0783112382986517,1.3203374961972356,1.0260071419846457
643,931.0,12.0,0.125,7.0,1.4467249634324026,1.1540610083287124,1.429494832704827,1.1069581434698748
644,931.0,12.0,0.15,1.0,4.271856603569905,3.4613503619175026,4.227818895629141,3.4494667383353086
645,931.0,12.0,0.15,2.0,1.3942190696170824,1.0695725809446195,1.3344615655853709,1.0286337378526793
646,931.0,12.0,0.15,3.0,1.1977857977974176,0.9400557749196575,1.1959763019297838,0.9264444037958423
647,931.0,12.0,0.15,4.0,1.2349142848187278,0.994774981168393,1.188413020896323,0.9292026280813839
648,931.0,12.0,0.15,5.0,1.2949952034378462,1.0364926252133146,1.2644297072994057,0.9943320115681652
649,931.0,12.0,0.15,6.0,1.383748132475034,1.1118847767730413,1.3389054100195668,1.051170100992167
650,931.0,12.0,0.15,7.0,1.523595081226829,1.2192433304411288,1.4618149952669004,1.1398353482708496
651,931.0,12.0,0.175,1.0,4.405242007151442,3.5668339632693105,4.333996238537285,3.527102002273664
652,931.0,12.0,0.175,2.0,1.249304190969178,0.9785200131997099,1.258556460872148,0.9766377698266818
653,931.0,12.0,0.175,3.0,1.2211805853413227,0.9489075043253024,1.177573521054332,0.9117749024198395
654,931.0,12.0,0.175,4.0,1.2402273805105957,0.987806465091206,1.1763098887016485,0.9137874808645691
655,931.0,12.0,0.175,5.0,1.3750520228318817,1.0744804862863335,1.3500180212289796,1.0509280148366298
656,931.0,12.0,0.175,6.0,1.3959778158174607,1.1191414671484494,1.392253218964675,1.082432529110628
657,931.0,12.0,0.175,7.0,1.4454428050018107,1.1484419735667328,1.429419534138049,1.107098213903843
658,931.0,12.0,0.2,1.0,4.235804053605931,3.4281018795110776,4.2032673645530885,3.4295969546842233
659,931.0,12.0,0.2,2.0,1.3897701228119916,1.0792550997920725,1.3526424457909114,1.0408857080464968
660,931.0,12.0,0.2,3.0,1.2077579032801877,0.9588822315519082,1.1652815280159055,0.9053195522881735
661,931.0,12.0,0.2,4.0,1.3509467686051992,1.074673726209095,1.2857769996301622,0.9876434203910736
662,931.0,12.0,0.2,5.0,1.3269670739122255,1.0555779225017152,1.305829021053199,1.01966999390557
663,931.0,12.0,0.2,6.0,1.3648703908054038,1.0983483539252974,1.3403837472459028,1.0581019858773668
664,931.0,12.0,0.2,7.0,1.5362800534925831,1.2010020658985527,1.4779143432887119,1.1443966504335534
665,931.0,12.0,0.225,1.0,4.233570734246062,3.4281968308666118,4.185251912274447,3.4167496167117215
666,931.0,12.0,0.225,2.0,1.3226479897808225,1.023796268738794,1.282996985990934,0.9891138143720071
667,931.0,12.0,0.225,3.0,1.2742286463854617,0.9898061696880396,1.2231935479584966,0.9479872008084
668,931.0,12.0,0.225,4.0,1.2960852026269223,1.0355551986817928,1.2203316399244193,0.9575793019788608
669,931.0,12.0,0.225,5.0,1.418287129105753,1.1130117543741413,1.3905199763077638,1.0982668447656798
670,931.0,12.0,0.225,6.0,1.4310416459988948,1.140919716703584,1.4045558703217322,1.0946132891225606
671,931.0,12.0,0.225,7.0,1.4956764046573603,1.1858693375140381,1.5112892044441406,1.1711170265793212
672,931.0,12.0,0.25,1.0,4.2474101832977045,3.4338339699499514,4.206635193567077,3.435427914903571
673,931.0,12.0,0.25,2.0,1.4302283919657037,1.1101063648903886,1.3882620420745395,1.0668439209218692
674,931.0,12.0,0.25,3.0,1.2127913870472948,0.9613841198128346,1.2002727294799054,0.9504884003201224
675,931.0,12.0,0.25,4.0,1.3787166758798186,1.0938891892460683,1.3210011462987983,1.0210383521265478
676,931.0,12.0,0.25,5.0,1.3274060538496473,1.0464706591460313,1.2814259733916546,0.9977245258259594
677,931.0,12.0,0.25,6.0,1.3683312432082548,1.0896906708374623,1.3422157373187142,1.0475765646446147
678,931.0,12.0,0.25,7.0,1.6160398459712213,1.2731421236529987,1.5633570556442962,1.1827120997766079
679,931.0,12.0,0.275,1.0,4.13307140306294,3.3637861420981343,4.042825826266834,3.2874217904461873
680,931.0,12.0,0.275,2.0,1.340138690867607,1.0311072901487894,1.3098593862901,1.0072019771822291
681,931.0,12.0,0.275,3.0,1.3800103739545524,1.0958097073285502,1.3318459753756755,1.0257151302734868
682,931.0,12.0,0.275,4.0,1.4174046842701402,1.1260789401194649,1.370132193696621,1.0659671761123835
683,931.0,12.0,0.275,5.0,1.3941527592174183,1.1144978355524784,1.4394548571468613,1.1389376863523824
684,931.0,12.0,0.275,6.0,1.4306594833105297,1.1338756148938098,1.4052874449605681,1.087269858738202
685,931.0,12.0,0.275,7.0,1.5254027760666635,1.2078805569586217,1.5246944255403363,1.1715868216537786
686,931.0,12.0,0.3,1.0,4.463090438226055,3.606783246775579,4.390130737064783,3.5634619284239024
687,931.0,12.0,0.3,2.0,1.437608894546698,1.1526044080425655,1.388677959280809,1.0743490233167785
688,931.0,12.0,0.3,3.0,1.4781060059319697,1.1706089998941247,1.4232576958557295,1.1364907421683788
689,931.0,12.0,0.3,4.0,1.2704283204838116,1.011448374619771,1.1921054562270472,0.9223707643030398
690,931.0,12.0,0.3,5.0,1.3477052204710653,1.0765594677208172,1.4138453217035016,1.1303266209935776
691,931.0,12.0,0.3,6.0,1.57713331769109,1.2487352294750012,1.5113315495476591,1.1832258721565303
692,931.0,12.0,0.3,7.0,1.5724186845694614,1.2197094984155787,1.5717884396569235,1.1953712540233015
693,931.0,15.0,0.05,1.0,4.142945190427611,3.369702984075733,4.116215865111491,3.367045376306577
694,931.0,15.0,0.05,2.0,1.6130615515050484,1.273653052792979,1.5553288477036284,1.2101493919082404
695,931.0,15.0,0.05,3.0,1.3977500743287454,1.10751677324022,1.3433377600279424,1.0572528677675304
696,931.0,15.0,0.05,4.0,1.308390946294854,1.0502557767289946,1.2462367127771776,0.9701274257662669
697,931.0,15.0,0.05,5.0,1.3251880664144506,1.0521729694011415,1.3038423172805451,1.01260988920179
698,931.0,15.0,0.05,6.0,1.2891755244481282,1.0297885672743425,1.2926177252050717,1.0100205099806507
699,931.0,15.0,0.05,7.0,1.4451012873104945,1.1462934470737562,1.4419484492916543,1.1050596470847036
700,931.0,15.0,0.075,1.0,4.154708055109592,3.381765933333327,4.146738786724836,3.395040812386669
701,931.0,15.0,0.075,2.0,1.5573619634150409,1.226819546769806,1.4816818120327446,1.1546279987139967
702,931.0,15.0,0.075,3.0,1.3816657445799179,1.103664665665649,1.3168228794867511,1.041743499348422
703,931.0,15.0,0.075,4.0,1.3646560352873025,1.0976262048951353,1.2962609711153765,1.0136197052112854
704,931.0,15.0,0.075,5.0,1.3944980082181804,1.111693268538881,1.3708984008582097,1.061650928571745
705,931.0,15.0,0.075,6.0,1.2891957509731224,1.035693368287711,1.2735331766763727,0.9874660285006799
706,931.0,15.0,0.075,7.0,1.4323788249868097,1.1386801917242286,1.4133774824263887,1.0914967709989194
707,931.0,15.0,0.1,1.0,4.116190981130308,3.352970139622284,4.1018346876820075,3.3572319724490263
708,931.0,15.0,0.1,2.0,1.6215464590645394,1.2889706958388214,1.5786533691553892,1.2309847477780722
709,931.0,15.0,0.1,3.0,1.3807817934065372,1.0951647045639805,1.342077163215218,1.060374403674746
710,931.0,15.0,0.1,4.0,1.2846444162393855,1.0398809227820722,1.245399219328465,0.9748628152000419
711,931.0,15.0,0.1,5.0,1.2678098149640367,1.0098475004689522,1.2785697879411042,0.9934963976516596
712,931.0,15.0,0.1,6.0,1.348115631662505,1.0750750696646272,1.3125331582008655,1.0145840209323853
713,931.0,15.0,0.1,7.0,1.5189610786980408,1.2107438948352847,1.4732304340519473,1.1378918651806385
714,931.0,15.0,0.125,1.0,4.20777096250366,3.4138955372275217,4.165520450533992,3.4031097512299366
715,931.0,15.0,0.125,2.0,1.6289697031341042,1.2799277502117574,1.533617901228574,1.1950749124517352
716,931.0,15.0,0.125,3.0,1.401086241306893,1.1124799589181893,1.3755245212362337,1.0688675754694645
717,931.0,15.0,0.125,4.0,1.2949028441060375,1.0599139340587589,1.249197856739979,0.9712487952431518
718,931.0,15.0,0.125,5.0,1.289157035334249,1.026928353506822,1.2783010240221602,1.0012144064359758
719,931.0,15.0,0.125,6.0,1.3491022932283574,1.087611592238797,1.3393365273284454,1.0328910436237984
720,931.0,15.0,0.125,7.0,1.4944566288772065,1.1842435458509102,1.4607535357574892,1.1265894430472108
721,931.0,15.0,0.15,1.0,4.112023424794431,3.3515566928092655,4.11234513120436,3.365840437727812
722,931.0,15.0,0.15,2.0,1.589336873716966,1.2695978266266534,1.5700371965930777,1.2308756622131523
723,931.0,15.0,0.15,3.0,1.4148700023159893,1.1330620982096655,1.40745800497745,1.0939548937216312
724,931.0,15.0,0.15,4.0,1.2827863271520947,1.0328367616086132,1.2123646047656569,0.9463563431056585
725,931.0,15.0,0.15,5.0,1.3593538736780038,1.0835620772389343,1.3147568137279761,1.020935812733917
726,931.0,15.0,0.15,6.0,1.405073518847777,1.1284379460408431,1.378242068358565,1.080410176306805
727,931.0,15.0,0.15,7.0,1.4782175222382463,1.1757988902321572,1.4387703889345047,1.1118610264636195
728,931.0,15.0,0.175,1.0,4.210724012050664,3.422600632055343,4.170939214728509,3.406535864657488
729,931.0,15.0,0.175,2.0,1.6307729831820958,1.2931688329883502,1.5489031983933366,1.19944038323767
730,931.0,15.0,0.175,3.0,1.4677043407302743,1.1629264224807887,1.430145991447562,1.1178766610958755
731,931.0,15.0,0.175,4.0,1.3713836210928427,1.103672787146102,1.2991956491354824,1.008068147329709
732,931.0,15.0,0.175,5.0,1.3346079519363572,1.061828014455745,1.3072451855831198,1.009148046243559
733,931.0,15.0,0.175,6.0,1.4262215747321132,1.1529030226958,1.396667038553859,1.0962457615377617
734,931.0,15.0,0.175,7.0,1.4629565532833617,1.1712347224478903,1.4269735017153728,1.091515857708537
735,931.0,15.0,0.2,1.0,4.142523193786704,3.369780428895933,4.111242618768433,3.3608518504899103
736,931.0,15.0,0.2,2.0,1.6666519032891458,1.321486241822292,1.600706209938599,1.2440288781265243
737,931.0,15.0,0.2,3.0,1.4109011581324065,1.123673641487043,1.3666561068550167,1.061285946186738
738,931.0,15.0,0.2,4.0,1.3429976132549375,1.0827446250178223,1.3245622364195038,1.0338582971941492
739,931.0,15.0,0.2,5.0,1.3746259944818948,1.100735587537768,1.3337443249664263,1.0414203488606286
740,931.0,15.0,0.2,6.0,1.3780564652827139,1.084880473676399,1.3759826243225206,1.0673367810249101
741,931.0,15.0,0.2,7.0,1.5503648568281374,1.2407081107285562,1.5478290235373637,1.1942718771910854
742,931.0,15.0,0.225,1.0,4.1409119510164984,3.3760463992966496,4.109899029839507,3.353729696476441
743,931.0,15.0,0.225,2.0,1.6096034663808327,1.263924610539927,1.5539577804842075,1.18842767654021
744,931.0,15.0,0.225,3.0,1.4398064202640868,1.1445998239378545,1.3893467325438151,1.0862427720415209
745,931.0,15.0,0.225,4.0,1.3298780998072033,1.0662625504727328,1.291339837035444,1.0169427206002326
746,931.0,15.0,0.225,5.0,1.3827653651170357,1.0980536066253075,1.345315750027925,1.0486880580846005
747,931.0,15.0,0.225,6.0,1.4350097175880696,1.1368802420586372,1.4181595191737386,1.101626075348622
748,931.0,15.0,0.225,7.0,1.5813914773319109,1.2608813496564646,1.581805821538493,1.2230057630264672
749,931.0,15.0,0.25,1.0,4.219346778282093,3.427250479158084,4.162031408980756,3.4038009804087794
750,931.0,15.0,0.25,2.0,1.6139411878790624,1.2516055809868512,1.524914763526878,1.1613762347730308
751,931.0,15.0,0.25,3.0,1.4081651427172688,1.1110495138074783,1.3815635949848428,1.0894071840594097
752,931.0,15.0,0.25,4.0,1.4340857804962264,1.1504814796301688,1.3564518562377317,1.0506669653690888
753,931.0,15.0,0.25,5.0,1.4168257309571544,1.1313594696214988,1.3933838424408114,1.0712919288451122
754,931.0,15.0,0.25,6.0,1.5331134184070834,1.205311756852585,1.460030578870141,1.1310729744976056
755,931.0,15.0,0.25,7.0,1.4797737626662113,1.1466899331698512,1.5283311239870438,1.1878869723181105
756,931.0,15.0,0.275,1.0,4.117025872532894,3.357147177676247,4.106291460192497,3.356710587641576
757,931.0,15.0,0.275,2.0,1.5625987291474777,1.2226272495926773,1.463081761066519,1.1263388183762786
758,931.0,15.0,0.275,3.0,1.480229498510194,1.1899642081937905,1.457778700163961,1.1444165178744892
759,931.0,15.0,0.275,4.0,1.4198165516045247,1.1117119389568075,1.364727299273347,1.0711114982422154
760,931.0,15.0,0.275,5.0,1.3459214186915234,1.0826922269267565,1.3196398981091977,1.0342989956057358
761,931.0,15.0,0.275,6.0,1.4576839238896664,1.146896760236782,1.4202332929572186,1.0964130845730256
762,931.0,15.0,0.275,7.0,1.6313481111291046,1.272232402146345,1.5807364580481065,1.207585504905866
763,931.0,15.0,0.3,1.0,4.136257721811225,3.36558530666609,4.1311045430743265,3.3786009980426988
764,931.0,15.0,0.3,2.0,1.7306815684323216,1.3700028721809954,1.6741917681548024,1.2878820355382667
765,931.0,15.0,0.3,3.0,1.4945525163985425,1.1875068493170988,1.4920397975499238,1.1699699199232534
766,931.0,15.0,0.3,4.0,1.4626623604217817,1.1589643907776013,1.4031649153928054,1.0855715921504507
767,931.0,15.0,0.3,5.0,1.4324462819258805,1.143426641605981,1.4327127599726566,1.1115728012353092
768,931.0,15.0,0.3,6.0,1.473981008303128,1.1503850831057738,1.3734073071092616,1.066465410530625
769,931.0,15.0,0.3,7.0,1.659899906666503,1.304113775496312,1.6316327396702703,1.260158244372038
770,932.0,3.0,0.05,1.0,2.1117528300419006,1.648286256426551,1.9855118114586263,1.5664251284911734
771,932.0,3.0,0.05,2.0,1.1130432493470768,0.8650662373518998,1.0844795498697086,0.8400147524073392
772,932.0,3.0,0.05,3.0,0.9492703276970337,0.7229054263445769,0.8914778328320285,0.6839390589450206
773,932.0,3.0,0.05,4.0,1.0726453528974396,0.8229115580094198,0.992978144199765,0.7739000245156704
774,932.0,3.0,0.05,5.0,1.184952517778656,0.8870940514829004,1.0954375819928281,0.8374988629381629
775,932.0,3.0,0.05,6.0,1.3941721826280336,1.060161854686085,1.288571216706249,0.9908566495120392
776,932.0,3.0,0.05,7.0,1.5947999977849976,1.2204992476616177,1.4979752537817619,1.1522019141705855
777,932.0,3.0,0.075,1.0,1.926814015950864,1.5090500099132083,1.8187758042808406,1.4367641291760378
778,932.0,3.0,0.075,2.0,0.950286630375998,0.7422275561006588,0.9226016570255997,0.7111107799430283
779,932.0,3.0,0.075,3.0,0.9164767014203008,0.7012004434221337,0.8716060738998574,0.677671756085319
780,932.0,3.0,0.075,4.0,1.104998198020245,0.8502303339690435,1.021173682209096,0.7934675265156355
781,932.0,3.0,0.075,5.0,1.182813293067165,0.8795309761270109,1.0987608045627006,0.8413782793616144
782,932.0,3.0,0.075,6.0,1.389973348819434,1.066233494989514,1.2792148798536707,0.9799573494996515
783,932.0,3.0,0.075,7.0,1.6192845338057231,1.2370919104422273,1.5157357480628078,1.1683466570536054
784,932.0,3.0,0.1,1.0,1.538739361380673,1.2152443921372953,1.4807785629508623,1.159918419856234
785,932.0,3.0,0.1,2.0,1.1450625061219462,0.8882117836526588,1.1140618602523005,0.8627827261522294
786,932.0,3.0,0.1,3.0,0.8943843849428254,0.6848953267483167,0.8524836462347382,0.6602360089879749
787,932.0,3.0,0.1,4.0,1.1827137509078722,0.9076550164325088,1.104461931559678,0.8469847695189917
788,932.0,3.0,0.1,5.0,1.199553375825249,0.892429804859911,1.1153054767142063,0.8519616744323861
789,932.0,3.0,0.1,6.0,1.3857782883016854,1.0604150994019506,1.2766047215223983,0.9844787797359031
790,932.0,3.0,0.1,7.0,1.5911493144573967,1.2151169745380261,1.4988739807199583,1.1564042934606764
791,932.0,3.0,0.125,1.0,1.5239990451177245,1.204654027415419,1.468643582217646,1.1519832295364
792,932.0,3.0,0.125,2.0,1.0319313761284623,0.8023692382983164,1.0265249549077584,0.7879917123425327
793,932.0,3.0,0.125,3.0,0.8617206043313829,0.6630570340213429,0.8160787766363586,0.6412460377987839
794,932.0,3.0,0.125,4.0,1.0866615205274304,0.833740263823913,1.0172151570267338,0.7877934828122429
795,932.0,3.0,0.125,5.0,1.2317482769830483,0.9227820561926546,1.1259590085931084,0.866328211419647
796,932.0,3.0,0.125,6.0,1.4338013986227247,1.086493554977235,1.3141658145544393,1.0130187916426818
797,932.0,3.0,0.125,7.0,1.598075242244744,1.2284551900252128,1.487585789858667,1.1578225847398187
798,932.0,3.0,0.15,1.0,1.5501026439279193,1.226672049709803,1.4916077746638448,1.1734982163234728
799,932.0,3.0,0.15,2.0,1.1528752651497944,0.8919283487435018,1.1107179983765407,0.855873317988057
800,932.0,3.0,0.15,3.0,0.8882065722478782,0.6862753897087142,0.8466311171433615,0.6605359070640788
801,932.0,3.0,0.15,4.0,1.0913724368896163,0.8289396527343944,1.0431924783727349,0.7948902346444157
802,932.0,3.0,0.15,5.0,1.2626728229013595,0.9683713378757456,1.1988363528610801,0.9193857046975153
803,932.0,3.0,0.15,6.0,1.4493609791281918,1.1090177767724936,1.3412836032519262,1.0353642290719813
804,932.0,3.0,0.15,7.0,1.623280611786968,1.2429362304532245,1.5268367755775976,1.1740603164057857
805,932.0,3.0,0.175,1.0,1.524276353039162,1.2056129165457055,1.4730653285447735,1.157622021586266
806,932.0,3.0,0.175,2.0,1.0887257582473582,0.854953576979052,1.0561810930908697,0.8190018099439952
807,932.0,3.0,0.175,3.0,0.9334295181505649,0.7184082062798953,0.8917328403922283,0.7033274457846487
808,932.0,3.0,0.175,4.0,1.0898204826535494,0.8449768902362065,1.027430980105957,0.7895287986597336
809,932.0,3.0,0.175,5.0,1.2467987900677715,0.9453951866433099,1.1647863779139835,0.8827746828865701
810,932.0,3.0,0.175,6.0,1.4657553554642258,1.1164204494973957,1.3766105421301433,1.0582496011558964
811,932.0,3.0,0.175,7.0,1.6386139210200992,1.2655922346475195,1.5214986487245548,1.1783611070324482
812,932.0,3.0,0.2,1.0,1.6336410494744136,1.296589676738752,1.5636435321698752,1.2397297451619114
813,932.0,3.0,0.2,2.0,1.0863376759967853,0.8495338364010879,1.0779203900213,0.8392340946747153
814,932.0,3.0,0.2,3.0,0.8851892163289965,0.6868786440933501,0.8240869406382889,0.6450297635562247
815,932.0,3.0,0.2,4.0,1.0956823904360888,0.8520105877219585,1.0618185342414488,0.8241367334237907
816,932.0,3.0,0.2,5.0,1.3439824092017438,1.0092938219460634,1.2331224023148453,0.940550445285723
817,932.0,3.0,0.2,6.0,1.410910314829653,1.096412740710714,1.3318674890946827,1.0388329945576
818,932.0,3.0,0.2,7.0,1.6774557542107231,1.2942855641161712,1.5639889413437684,1.2143242477671197
819,932.0,3.0,0.225,1.0,1.5580711227016824,1.2387123655570071,1.497966480737939,1.18608514625239
820,932.0,3.0,0.225,2.0,1.0163958362227778,0.7997543195906174,0.954498246024859,0.7477040270648899
821,932.0,3.0,0.225,3.0,0.9933847900452013,0.7626771319133727,0.9316516629562522,0.7288130927181664
822,932.0,3.0,0.225,4.0,1.2147760213168146,0.9362292734258759,1.1434635722299458,0.8854052054697459
823,932.0,3.0,0.225,5.0,1.2842828773490762,0.9757983020392917,1.2066854260178737,0.9241255399402616
824,932.0,3.0,0.225,6.0,1.4645910615701947,1.1282278386287623,1.371677239221471,1.059764919470377
825,932.0,3.0,0.225,7.0,1.6503171484311832,1.2621623789568333,1.5334394598694199,1.190697314445868
826,932.0,3.0,0.25,1.0,1.5470705226287467,1.2277394059152256,1.4926483114277984,1.1776563839130332
827,932.0,3.0,0.25,2.0,0.829374096928902,0.6657837691070018,0.7968398003656877,0.6251689969492946
828,932.0,3.0,0.25,3.0,0.9247762518428031,0.7198104424743083,0.8703390100575569,0.6869634175051367
829,932.0,3.0,0.25,4.0,1.1573360973128746,0.9031550995830908,1.1004445271789938,0.8580329897283564
830,932.0,3.0,0.25,5.0,1.259705346465303,0.9645848594089728,1.1749369191665513,0.894282761081939
831,932.0,3.0,0.25,6.0,1.5052822507119312,1.1489491462281085,1.385384176003617,1.0688279234346278
832,932.0,3.0,0.25,7.0,1.722093843222439,1.3264550922240141,1.6013560459578569,1.243074215155869
833,932.0,3.0,0.275,1.0,1.5588384414348873,1.2416191902545106,1.5090323485747006,1.1923964972455414
834,932.0,3.0,0.275,2.0,1.1352663164526724,0.8843748914543195,1.1095945024130431,0.8640037698960481
835,932.0,3.0,0.275,3.0,1.025997228760707,0.8043080567329491,0.9463788678592934,0.7465082260947883
836,932.0,3.0,0.275,4.0,1.2177412032075239,0.9380951194163931,1.145200554648071,0.8815283562549374
837,932.0,3.0,0.275,5.0,1.34751340071355,1.0291625386495238,1.2693523236079334,0.9724456334451936
838,932.0,3.0,0.275,6.0,1.5328818675519456,1.1759491006593976,1.412141747299054,1.0952150491602697
839,932.0,3.0,0.275,7.0,1.694768810368099,1.3163419030186572,1.5702901303050374,1.2145648301666696
840,932.0,3.0,0.3,1.0,1.5884925200972368,1.2669253758294663,1.5372928732825637,1.2138871056933036
841,932.0,3.0,0.3,2.0,1.1262377773499488,0.8789946839538045,1.078727929404438,0.8329271187012871
842,932.0,3.0,0.3,3.0,1.0580650531712863,0.8107653030065832,1.0245028832512002,0.8023849179645861
843,932.0,3.0,0.3,4.0,1.1832462732292557,0.9294543225146861,1.1845121125861284,0.9216925822296421
844,932.0,3.0,0.3,5.0,1.447191765466832,1.112904693807151,1.341660536237404,1.0242718510114108
845,932.0,3.0,0.3,6.0,1.5239332401540198,1.179096585215188,1.4348575959555592,1.116260503313305
846,932.0,3.0,0.3,7.0,1.756738676882703,1.3656558379534995,1.6273702387763938,1.2600714975467673
847,932.0,6.0,0.05,1.0,4.003254614651795,3.1773120135999156,3.6987164448238032,2.9690233434638613
848,932.0,6.0,0.05,2.0,1.2571791517234803,0.9741114109577,1.2017699380355045,0.9401649154086489
849,932.0,6.0,0.05,3.0,0.9730010791659515,0.758203134587565,0.9568590411311714,0.7455816986701366
850,932.0,6.0,0.05,4.0,1.1455029494496374,0.8838389465279713,1.095501844752707,0.8426196627938431
851,932.0,6.0,0.05,5.0,1.1949175211694911,0.9212625739856598,1.107986864073538,0.8512636462354392
852,932.0,6.0,0.05,6.0,1.3422817686205548,1.0408205596107583,1.252040801683162,0.9763773517801433
853,932.0,6.0,0.05,7.0,1.4805487148249579,1.1625575362621035,1.384212572247661,1.0845725562680855
854,932.0,6.0,0.075,1.0,4.043052280047064,3.216148071196835,3.740679189209022,3.010606791253568
855,932.0,6.0,0.075,2.0,1.2967149215289258,1.0109324108310698,1.2228232984355074,0.963796791032215
856,932.0,6.0,0.075,3.0,1.0087602682191676,0.7850629353387459,0.9979255533639226,0.7783199877190511
857,932.0,6.0,0.075,4.0,1.112433238392068,0.8597978137073276,1.0522544750722553,0.8102741224473436
858,932.0,6.0,0.075,5.0,1.2087034747007173,0.9283396721047839,1.1047408543415491,0.8482754326955882
859,932.0,6.0,0.075,6.0,1.3595681373108581,1.0498125520170036,1.2525895588003406,0.9701610721714425
860,932.0,6.0,0.075,7.0,1.5319213388812578,1.2120556834438303,1.4101631515355915,1.1070239999237521
861,932.0,6.0,0.1,1.0,4.02603644926033,3.190057488816689,3.727359612087793,2.992997228022956
862,932.0,6.0,0.1,2.0,1.2356886897954191,0.9605626167539314,1.1907445142628583,0.932135060238925
863,932.0,6.0,0.1,3.0,0.9648041997198621,0.7431618137960877,0.9370346880126786,0.7281958989742647
864,932.0,6.0,0.1,4.0,1.1776244695110176,0.9031985107448025,1.1635731606848265,0.8958479614503931
865,932.0,6.0,0.1,5.0,1.2014286397761624,0.9254765168373933,1.134448868660148,0.8742924319361387
866,932.0,6.0,0.1,6.0,1.3344965890116338,1.0373376257333267,1.2358567834828564,0.9632956224983051
867,932.0,6.0,0.1,7.0,1.5254563481251402,1.1975531120810925,1.4211767751369062,1.1191092267124931
868,932.0,6.0,0.125,1.0,4.102925163434951,3.2533415245574004,3.8028998624524433,3.0615411860461363
869,932.0,6.0,0.125,2.0,1.2879242492106744,0.9963028519591345,1.2200648926716733,0.9428007447530753
870,932.0,6.0,0.125,3.0,1.069811022379764,0.818088117000633,1.0439054550075277,0.816518109588523
871,932.0,6.0,0.125,4.0,1.1463976175362816,0.8984202673303446,1.0912212458424666,0.8495804820924215
872,932.0,6.0,0.125,5.0,1.2490813368791958,0.9556076205724789,1.166377253307773,0.9078655878472355
873,932.0,6.0,0.125,6.0,1.3734307607767553,1.0545473611896783,1.2704157105849125,0.9785713193195332
874,932.0,6.0,0.125,7.0,1.5370707080696502,1.209804435913503,1.4554980334555079,1.1376960808901875
875,932.0,6.0,0.15,1.0,4.039163653634776,3.2019339584640143,3.757102025538972,3.0141108482317422
876,932.0,6.0,0.15,2.0,1.2472704060442341,0.9674218358542969,1.1938556576153683,0.9231630562774927
877,932.0,6.0,0.15,3.0,1.0552281313532756,0.8221769156875216,0.9976330970755894,0.7815494841484715
878,932.0,6.0,0.15,4.0,1.1360865064412753,0.8793263086704554,1.0967834953199318,0.8491474994352961
879,932.0,6.0,0.15,5.0,1.2218760383447147,0.9372235501022611,1.1210689360765544,0.8725651910231004
880,932.0,6.0,0.15,6.0,1.3907204345158701,1.0860777568274327,1.26162026529334,0.9869432571643411
881,932.0,6.0,0.15,7.0,1.5397449689997134,1.2011391957259017,1.445438393923448,1.1310761465038581
882,932.0,6.0,0.175,1.0,1.555352203237674,1.2292730876565754,1.48985982517425,1.1858171194284592
883,932.0,6.0,0.175,2.0,1.1911550786864786,0.9303879529288199,1.1498534641901468,0.9019323466182858
884,932.0,6.0,0.175,3.0,0.9989750557729365,0.7705887478828229,0.9764996363143437,0.7676559386224489
885,932.0,6.0,0.175,4.0,1.2468724712832453,0.9700252500655749,1.1993589697969493,0.9295523872749017
886,932.0,6.0,0.175,5.0,1.2145834205635724,0.9340779160176503,1.1410866460202094,0.8849843660485367
887,932.0,6.0,0.175,6.0,1.344443740854912,1.0380360884250812,1.216790468003946,0.951863609405749
888,932.0,6.0,0.175,7.0,1.5054543058447016,1.15968464743196,1.4063850545663132,1.0917022450532885
889,932.0,6.0,0.2,1.0,2.9797029560814474,2.3191578385594593,2.75339969386769,2.155126988707059
890,932.0,6.0,0.2,2.0,1.262386292097781,1.0001388035853636,1.2170461941698179,0.9599056323657948
891,932.0,6.0,0.2,3.0,1.1020986410195102,0.8589088776151743,1.0980200209414175,0.8720657841702384
892,932.0,6.0,0.2,4.0,1.1793827517726454,0.9207632348987361,1.1411889012418184,0.8867915112563192
893,932.0,6.0,0.2,5.0,1.245092264853008,0.9568792938536818,1.1729096857149308,0.9169912343435592
894,932.0,6.0,0.2,6.0,1.354134384483806,1.0527985327945504,1.280803755776397,1.0011730379499253
895,932.0,6.0,0.2,7.0,1.5647871903549926,1.208789843639378,1.4475494458418272,1.1390574436422012
896,932.0,6.0,0.225,1.0,1.578223519239089,1.2458041187019515,1.5067560606928914,1.2002706863432713
897,932.0,6.0,0.225,2.0,1.2786699358424292,1.0048284992615097,1.2132610418701364,0.9451250313911828
898,932.0,6.0,0.225,3.0,1.109610580416383,0.8654791897359962,1.0737854546892591,0.8295901075694786
899,932.0,6.0,0.225,4.0,1.1748756222171108,0.9107631692250616,1.1303628288171772,0.8728228216916484
900,932.0,6.0,0.225,5.0,1.2394727525650315,0.9570566148867394,1.1519274044390926,0.8854067103002335
901,932.0,6.0,0.225,6.0,1.4279424118120443,1.1207150357210631,1.3362819723848867,1.0498451071005452
902,932.0,6.0,0.225,7.0,1.5749543427155115,1.205036757822117,1.463098723380121,1.1353345992853006
903,932.0,6.0,0.25,1.0,1.6038616293423231,1.2768508210843488,1.5387793666912057,1.2280872075145
904,932.0,6.0,0.25,2.0,1.2691804563290527,0.9978912209476456,1.1955346309638362,0.9373026716067497
905,932.0,6.0,0.25,3.0,1.137189768355332,0.8724141544582924,1.099110024729605,0.8534130675825906
906,932.0,6.0,0.25,4.0,1.2122222289231506,0.9453877513337325,1.1958884311782438,0.9217464409763585
907,932.0,6.0,0.25,5.0,1.2270310038674863,0.9392800487014253,1.1718103720689388,0.8970095939037074
908,932.0,6.0,0.25,6.0,1.4520999957115654,1.112157236086672,1.3120208113444904,1.0251162417281952
909,932.0,6.0,0.25,7.0,1.6193802473458025,1.2612545440659988,1.5031710325082694,1.1760224011526799
910,932.0,6.0,0.275,1.0,1.5936036221481482,1.2737713745481378,1.5408092733958751,1.2324214138995853
911,932.0,6.0,0.275,2.0,1.3135250666977534,1.0317783784675827,1.2711220419235538,0.9811872473951752
912,932.0,6.0,0.275,3.0,1.0630746081866707,0.8355999510318072,1.0350584364482325,0.8180465777992061
913,932.0,6.0,0.275,4.0,1.2332218099184489,0.9576980591989811,1.1828985922575204,0.9167673458852593
914,932.0,6.0,0.275,5.0,1.274660815948754,0.9848295851011324,1.1799992753063953,0.9172516073852701
915,932.0,6.0,0.275,6.0,1.4691682963778505,1.1326135975406864,1.3570904150928795,1.0612879555980244
916,932.0,6.0,0.275,7.0,1.6188150291112007,1.2432335026665398,1.5199250403841076,1.1985198391179765
917,932.0,6.0,0.3,1.0,1.6251600116651208,1.3025981615078708,1.566093698611425,1.2455875721508551
918,932.0,6.0,0.3,2.0,1.2355664918923746,0.9753413014905619,1.1948509617310925,0.9296478591229238
919,932.0,6.0,0.3,3.0,1.1847714356244123,0.9215707770253712,1.1401852788180438,0.8939637699036399
920,932.0,6.0,0.3,4.0,1.2577689666638374,0.9811703073769961,1.215739546733474,0.9482804193571692
921,932.0,6.0,0.3,5.0,1.2681374678741615,0.9933639834973024,1.2396172275777828,0.9695730121604317
922,932.0,6.0,0.3,6.0,1.5084595557140354,1.1679817583873806,1.3845322718867878,1.0811443464464374
923,932.0,6.0,0.3,7.0,1.6342315772873222,1.256925897271542,1.5500860295244046,1.2107576782249907
924,932.0,9.0,0.05,1.0,4.267449996996284,3.392553322107655,3.9476031466371646,3.203194897011772
925,932.0,9.0,0.05,2.0,1.384434907013893,1.0983529861105976,1.386936805080999,1.106089061012643
926,932.0,9.0,0.05,3.0,1.334248990892801,1.0437369350971237,1.292289797129226,1.031864985261351
927,932.0,9.0,0.05,4.0,1.2293721821409154,0.9578467020233656,1.2297989570500731,0.9700674458088038
928,932.0,9.0,0.05,5.0,1.2163201045229652,0.9517135091871104,1.184809260415697,0.9307945519908348
929,932.0,9.0,0.05,6.0,1.330478933875347,1.0326190691246644,1.2763580862433093,1.0081777335296185
930,932.0,9.0,0.05,7.0,1.4570006780325953,1.1580692933221304,1.3835265247029025,1.102946733148147
931,932.0,9.0,0.075,1.0,4.253759519896845,3.3828274117435115,3.940079396366239,3.1903374859702325
932,932.0,9.0,0.075,2.0,1.5284047808420569,1.2162250805228727,1.5210834817004502,1.2161235538684418
933,932.0,9.0,0.075,3.0,1.3888612828387208,1.0930633642811172,1.3650308200231795,1.0876839586797986
934,932.0,9.0,0.075,4.0,1.1984489023175615,0.9394899012541885,1.1913527241583821,0.9423040254893431
935,932.0,9.0,0.075,5.0,1.2287758899306205,0.9603086705572995,1.1968392066998232,0.942567909827798
936,932.0,9.0,0.075,6.0,1.3534912174855662,1.0512051822733401,1.2920930827924597,1.0199382910568846
937,932.0,9.0,0.075,7.0,1.4943598607344803,1.1800600300084807,1.4307473408857343,1.1277201295085897
938,932.0,9.0,0.1,1.0,4.297936205949139,3.4272114805040563,3.998502830265395,3.2403151374062955
939,932.0,9.0,0.1,2.0,1.5246635007713258,1.2155264783810154,1.5161814250826606,1.2176292259860262
940,932.0,9.0,0.1,3.0,1.3227706791941742,1.0457969656161732,1.2755944489785218,1.0204125055549347
941,932.0,9.0,0.1,4.0,1.2466867322098127,0.9727405047232894,1.2110422695243435,0.9522478154394334
942,932.0,9.0,0.1,5.0,1.2728030623100575,0.9852688285682576,1.263328549789612,0.9880664460486319
943,932.0,9.0,0.1,6.0,1.3407398139722178,1.0362636138120966,1.3044484583440354,1.0367848413826533
944,932.0,9.0,0.1,7.0,1.4690672367528856,1.1699955822522625,1.3792221677955556,1.0899817916346044
945,932.0,9.0,0.125,1.0,4.3027191683800075,3.4125459815965904,3.9956905270535286,3.2342065632813863
946,932.0,9.0,0.125,2.0,1.4601849350340133,1.1618361644944328,1.4626429834932313,1.1667499144626094
947,932.0,9.0,0.125,3.0,1.2595399256559923,0.9816327444718084,1.2562559024502258,0.9929981619117736
948,932.0,9.0,0.125,4.0,1.2649096422719515,0.9907578010278381,1.2647821359836955,1.0078326628072214
949,932.0,9.0,0.125,5.0,1.2316467911414801,0.9613850638743061,1.189665862430123,0.9325193639461368
950,932.0,9.0,0.125,6.0,1.3839408914521572,1.0823343368813776,1.3465384541848258,1.0643695489579095
951,932.0,9.0,0.125,7.0,1.4916207506626133,1.1724780672504431,1.433116237608377,1.1494987586717065
952,932.0,9.0,0.15,1.0,4.3877034552996825,3.491229313964092,4.092495013435814,3.318936316962482
953,932.0,9.0,0.15,2.0,1.413149804649328,1.125399785470518,1.4504049897272795,1.1591619101159596
954,932.0,9.0,0.15,3.0,1.2505230812671042,0.9818143649915598,1.2188718810934625,0.960532813019985
955,932.0,9.0,0.15,4.0,1.2818939275506687,1.0142060496240508,1.2363498343843158,0.9887924947369707
956,932.0,9.0,0.15,5.0,1.31340461090265,1.0218439618927724,1.254535188915824,0.9852589152727053
957,932.0,9.0,0.15,6.0,1.3369841570027103,1.0391829138574926,1.2724050618697522,0.9905226729547185
958,932.0,9.0,0.15,7.0,1.4796433217665208,1.160828941755328,1.4336080351006033,1.1448902735014221
959,932.0,9.0,0.175,1.0,4.464040462274184,3.5617562923367387,4.178077760098518,3.3943686236211454
960,932.0,9.0,0.175,2.0,1.4704453202439218,1.1787387278178754,1.4701526907106572,1.1731426653306494
961,932.0,9.0,0.175,3.0,1.3519029193410583,1.0709936503668722,1.3433832646184942,1.0721311102400983
962,932.0,9.0,0.175,4.0,1.3300859617057674,1.0445688137999745,1.3097605283674039,1.0448871468052108
963,932.0,9.0,0.175,5.0,1.2310087164712142,0.9652082614042514,1.1788423155682548,0.9223808441133059
964,932.0,9.0,0.175,6.0,1.365229192037025,1.0587147181030774,1.3050137227361427,1.0228024213233227
965,932.0,9.0,0.175,7.0,1.489984080078131,1.1721167848514022,1.4409903187383823,1.1375869382560717
966,932.0,9.0,0.2,1.0,4.296860611929428,3.4074816694210868,3.994165729721028,3.2342844862759472
967,932.0,9.0,0.2,2.0,1.3980471843419033,1.110725371950769,1.3808189250524558,1.0958697497455405
968,932.0,9.0,0.2,3.0,1.3216142505456552,1.0484960580547211,1.3015399444091171,1.0334494366701168
969,932.0,9.0,0.2,4.0,1.2918881961938065,1.0162191002826841,1.2804798812205722,1.0130275291071953
970,932.0,9.0,0.2,5.0,1.2578986955427074,0.9862023343879937,1.2235000142125978,0.9695895442530663
971,932.0,9.0,0.2,6.0,1.4310959748449197,1.1176306199303816,1.403825123235647,1.1036631834790531
972,932.0,9.0,0.2,7.0,1.468154541407446,1.1428908337981585,1.413392703707051,1.1084273877006152
973,932.0,9.0,0.225,1.0,4.449456500947747,3.5406261896909363,4.154462016397127,3.3745913827682195
974,932.0,9.0,0.225,2.0,1.4729481943393126,1.1751332838641382,1.444174521157677,1.1581950638580534
975,932.0,9.0,0.225,3.0,1.4807190832900679,1.1733544476207913,1.4528156133845722,1.1705442891354776
976,932.0,9.0,0.225,4.0,1.4278780187003965,1.1280255321527202,1.410324351094617,1.126207017357309
977,932.0,9.0,0.225,5.0,1.3317691620389056,1.0419712288178842,1.2442749335201626,0.981890733447296
978,932.0,9.0,0.225,6.0,1.3539571971099889,1.0591248733014462,1.3383725102676443,1.0632688965892512
979,932.0,9.0,0.225,7.0,1.537130675274876,1.205378635992092,1.4921033726110489,1.1863917905146855
980,932.0,9.0,0.25,1.0,2.0724058311517743,1.6286190862791636,1.9826441000881951,1.5540759959501016
981,932.0,9.0,0.25,2.0,1.3409663069874398,1.0593451531067124,1.3307055240179377,1.0616178740220068
982,932.0,9.0,0.25,3.0,1.3667240909470981,1.0641175545275041,1.330886098473221,1.061876263527139
983,932.0,9.0,0.25,4.0,1.3095144301638113,1.029084652396978,1.307278934851261,1.0422656205687049
984,932.0,9.0,0.25,5.0,1.3764645440171812,1.0776059951105732,1.2908155134496673,1.0198998311907925
985,932.0,9.0,0.25,6.0,1.4907423824574875,1.1545980859535816,1.4774968289861559,1.17587588332207
986,932.0,9.0,0.25,7.0,1.5328348793602944,1.216638074709501,1.467674629694919,1.1568807201461109
987,932.0,9.0,0.275,1.0,1.798353964053765,1.4403122214999693,1.7879812675091906,1.4184013989362652
988,932.0,9.0,0.275,2.0,1.4547193857594751,1.1343261920267083,1.4452257689555918,1.1469266248349266
989,932.0,9.0,0.275,3.0,1.4413905104114302,1.1291172815868644,1.3878580341769706,1.0917879841820362
990,932.0,9.0,0.275,4.0,1.4856917650514057,1.1636906945855456,1.4475953185196466,1.148944070798139
991,932.0,9.0,0.275,5.0,1.4411756370795714,1.1307054219932682,1.370741776706169,1.0750300007698315
992,932.0,9.0,0.275,6.0,1.4507207218422304,1.1301229897704648,1.4230221140845818,1.1346947145399613
993,932.0,9.0,0.275,7.0,1.5556484938631303,1.2268132320741578,1.4949600564857375,1.1857592233050886
994,932.0,9.0,0.3,1.0,3.87218253132341,3.053058735929949,3.6046470204165395,2.890333792338559
995,932.0,9.0,0.3,2.0,1.6709882693123812,1.3305692308006767,1.640450955829359,1.3324484715583649
996,932.0,9.0,0.3,3.0,1.5096795757372405,1.192013465173486,1.4591808284421737,1.1709528158304414
997,932.0,9.0,0.3,4.0,1.3911799194570103,1.092259402251421,1.3554181199176434,1.0838658574091686
998,932.0,9.0,0.3,5.0,1.4079285046770034,1.10847422008134,1.3686719008922974,1.0793784105396573
999,932.0,9.0,0.3,6.0,1.393245558452464,1.0683424919985054,1.3741960575693826,1.085421840857115
1000,932.0,9.0,0.3,7.0,1.611217691926355,1.2628529845798162,1.552461278863976,1.2160029351209103
1001,932.0,12.0,0.05,1.0,4.466484648633673,3.5365441616768574,4.123591658959425,3.3552358506003674
1002,932.0,12.0,0.05,2.0,4.211019336485637,3.3610124773945595,3.880207920148944,3.159241179319352
1003,932.0,12.0,0.05,3.0,1.5100597816531225,1.187123518678808,1.4299249123050126,1.1222418913850611
1004,932.0,12.0,0.05,4.0,1.488877217521047,1.1704493657536286,1.4557366161197363,1.1410412893914808
1005,932.0,12.0,0.05,5.0,1.2683092298094154,0.9989626725855483,1.2449586830771562,0.9738694289230213
1006,932.0,12.0,0.05,6.0,1.3573989654662637,1.0525028865498316,1.3064682095347324,1.0117300542283205
1007,932.0,12.0,0.05,7.0,1.4544916826701664,1.1271099053711748,1.4204677068081137,1.1138502357472184
1008,932.0,12.0,0.075,1.0,4.460390573701157,3.5333338380312433,4.124985895188978,3.3582715142051036
1009,932.0,12.0,0.075,2.0,4.23489983265398,3.3757160028956377,3.9049217126774733,3.1810457433712873
1010,932.0,12.0,0.075,3.0,1.5400793074439731,1.209141382688711,1.4758480327628356,1.1743361609871268
1011,932.0,12.0,0.075,4.0,1.3563138869572637,1.0609108326079613,1.278786846031851,1.0005258042581704
1012,932.0,12.0,0.075,5.0,1.302507470448001,1.0134940807339474,1.2619125559949085,0.9864999707339241
1013,932.0,12.0,0.075,6.0,1.4062109094119093,1.0668951894630487,1.3529308714673693,1.0396470915031073
1014,932.0,12.0,0.075,7.0,1.4673918581988012,1.141082777677479,1.4341959322551276,1.1221836800419733
1015,932.0,12.0,0.1,1.0,4.327228328489693,3.43045276018385,4.003033113506387,3.259764522017295
1016,932.0,12.0,0.1,2.0,4.20929132124141,3.359495693915833,3.8895606160545073,3.166708849020476
1017,932.0,12.0,0.1,3.0,1.5916656511473217,1.2512431820351304,1.507516465114104,1.1910528308664616
1018,932.0,12.0,0.1,4.0,1.352618451272847,1.0528864810678646,1.2978548098114036,1.0062615430344142
1019,932.0,12.0,0.1,5.0,1.3006380152209451,1.0139434522667823,1.242892496294849,0.962491108603311
1020,932.0,12.0,0.1,6.0,1.3554163148612688,1.0494411515706537,1.2996032682630574,1.0006536334702696
1021,932.0,12.0,0.1,7.0,1.487308655994926,1.162311644687721,1.4520335605742358,1.140886910225203
1022,932.0,12.0,0.125,1.0,4.386174781920566,3.4705764739329354,4.068614062840357,3.314613759305503
1023,932.0,12.0,0.125,2.0,2.942750601541987,2.3356046862062514,2.7399000091065955,2.196398327873561
1024,932.0,12.0,0.125,3.0,1.5429998653306438,1.2115836153392612,1.4588104705947078,1.1547178013042612
1025,932.0,12.0,0.125,4.0,1.448769128768005,1.1346429025029408,1.4351582396758478,1.1239112637278013
1026,932.0,12.0,0.125,5.0,1.3581616283473923,1.0614133794688858,1.3203057711602735,1.0309054345720419
1027,932.0,12.0,0.125,6.0,1.4111440994995896,1.102526409612033,1.3512745990003467,1.0655724487303315
1028,932.0,12.0,0.125,7.0,1.4309670628432507,1.110644862555575,1.3896005370646347,1.1002189946174912
1029,932.0,12.0,0.15,1.0,4.015741150695194,3.221863742100736,3.84531265949327,3.148248952835664
1030,932.0,12.0,0.15,2.0,2.0359762788891125,1.6227228383788925,2.0098888994650856,1.6062150370743422
1031,932.0,12.0,0.15,3.0,1.4878330587442419,1.1623983268825733,1.4104592908883269,1.0986994468459634
1032,932.0,12.0,0.15,4.0,1.4533058630169444,1.133627607755225,1.4111735188570544,1.1230840107451987
1033,932.0,12.0,0.15,5.0,1.350833196986447,1.0515094179090605,1.3229050039763717,1.034336493250101
1034,932.0,12.0,0.15,6.0,1.3899220859981003,1.0884180584131715,1.3417201886755188,1.0664637421142216
1035,932.0,12.0,0.15,7.0,1.5652481347671716,1.2201573835533523,1.5093090872941994,1.189253578763745
1036,932.0,12.0,0.175,1.0,3.404827389635564,2.7486373441984515,3.286239641416048,2.672329515720422
1037,932.0,12.0,0.175,2.0,1.784787686082443,1.4029282943031685,1.7546642647700028,1.3864814767665634
1038,932.0,12.0,0.175,3.0,1.4978110967398282,1.1629838372494745,1.4392427764064477,1.1357170789457118
1039,932.0,12.0,0.175,4.0,1.4344097148268966,1.1262164045821612,1.363464498230772,1.066978814336391
1040,932.0,12.0,0.175,5.0,1.3299656662562516,1.050429316522944,1.2856927532939773,1.0117543039532038
1041,932.0,12.0,0.175,6.0,1.383012451600077,1.063610984028694,1.3110851187001178,1.02282093643667
1042,932.0,12.0,0.175,7.0,1.5443166332625797,1.2067274788905311,1.5110932422559158,1.1820144636631467
1043,932.0,12.0,0.2,1.0,4.1206978424006495,3.315059474730483,3.949959034061157,3.2289609868689078
1044,932.0,12.0,0.2,2.0,2.019288796471641,1.607874113993932,1.9918404242705035,1.576894728352746
1045,932.0,12.0,0.2,3.0,1.3574894887807831,1.065485054711139,1.2851314941376675,1.0011095908280847
1046,932.0,12.0,0.2,4.0,1.3941299939007041,1.082351048106294,1.3289722750520332,1.0384541049991727
1047,932.0,12.0,0.2,5.0,1.3546132763493162,1.0421555576177939,1.35286384872946,1.0631055336317918
1048,932.0,12.0,0.2,6.0,1.5164357039870575,1.177414701586335,1.4718881428205117,1.1316822592112086
1049,932.0,12.0,0.2,7.0,1.5223819050344312,1.1946778360259331,1.470048008912506,1.1562628132373385
1050,932.0,12.0,0.225,1.0,4.16322685128115,3.3582962410588872,3.997212895094287,3.28657873668858
1051,932.0,12.0,0.225,2.0,1.9152388196601018,1.5176555188111798,1.8825441810997412,1.4848280071135855
1052,932.0,12.0,0.225,3.0,1.428663844464907,1.1187764927769694,1.3315044564298706,1.05538636346649
1053,932.0,12.0,0.225,4.0,1.4815150684587073,1.1686824448318205,1.4030223337768903,1.1090548764199721
1054,932.0,12.0,0.225,5.0,1.3755808471602395,1.0674404070523837,1.3649567434035685,1.0601193426437368
1055,932.0,12.0,0.225,6.0,1.475436603294441,1.1619483060469114,1.4475342916517415,1.1239760599968258
1056,932.0,12.0,0.225,7.0,1.555238167946965,1.2205658117584117,1.4909330049538458,1.1788415456959382
1057,932.0,12.0,0.25,1.0,3.4315477875663243,2.7669104520135623,3.3009776628097547,2.6810005442773446
1058,932.0,12.0,0.25,2.0,1.4167923904555764,1.1198285406675286,1.4578751908077914,1.1487104943439221
1059,932.0,12.0,0.25,3.0,1.673751815221495,1.309542513138446,1.5649262707997746,1.2266623271732888
1060,932.0,12.0,0.25,4.0,1.43780902068508,1.1404306936678454,1.381266653332138,1.0775479459638733
1061,932.0,12.0,0.25,5.0,1.3558984006633092,1.0571389193958423,1.3696335099569867,1.0744608729174392
1062,932.0,12.0,0.25,6.0,1.4241779072462133,1.111856695449235,1.377827512314464,1.0731866001090358
1063,932.0,12.0,0.25,7.0,1.6644301299982347,1.3006619713991148,1.631610882022492,1.281999696119758
1064,932.0,12.0,0.275,1.0,3.1405701421516112,2.5064639401093163,3.069524745761041,2.490876071131561
1065,932.0,12.0,0.275,2.0,1.6819450897807664,1.3081365384211825,1.6600723231156636,1.3167420171127335
1066,932.0,12.0,0.275,3.0,1.5447325205614693,1.21319825335723,1.5131432383684078,1.185354665164151
1067,932.0,12.0,0.275,4.0,1.4513307856298054,1.1351177353078665,1.363715541133407,1.081451669804038
1068,932.0,12.0,0.275,5.0,1.4009099208339209,1.1022512418672992,1.3774184928776163,1.076791940388255
1069,932.0,12.0,0.275,6.0,1.513438002662706,1.1792926160697084,1.5182011716959025,1.1858891084292056
1070,932.0,12.0,0.275,7.0,1.493496494325067,1.165606969761775,1.479290906731711,1.1633658287924822
1071,932.0,12.0,0.3,1.0,3.326395464787685,2.6796733655010887,3.2104989835235926,2.594979931664596
1072,932.0,12.0,0.3,2.0,2.020965764035901,1.5953083792503653,1.9381522899881953,1.5307248224483756
1073,932.0,12.0,0.3,3.0,1.5860520626983858,1.2493849496264966,1.5493590615385586,1.2244532429429131
1074,932.0,12.0,0.3,4.0,1.6762058611133435,1.3243074972825966,1.5891953291684784,1.2517463491781515
1075,932.0,12.0,0.3,5.0,1.4314701119757092,1.1381197140947357,1.4132447755837312,1.1238762953710297
1076,932.0,12.0,0.3,6.0,1.578772124362261,1.2299880333175852,1.5397273142457975,1.2108752381892096
1077,932.0,12.0,0.3,7.0,1.5895042573723086,1.2484263762167742,1.5797218692490105,1.2313918482837138
1078,932.0,15.0,0.05,1.0,4.555416504651613,3.621811537022161,4.233458374131053,3.4447308607641656
1079,932.0,15.0,0.05,2.0,2.447327910219451,1.9454441057984686,2.3399774246944203,1.8650083063216918
1080,932.0,15.0,0.05,3.0,1.7349742963957344,1.3633053868738425,1.6501351160256987,1.2952695912783587
1081,932.0,15.0,0.05,4.0,1.497695893893609,1.1650049210003093,1.4183771460895127,1.105924777037183
1082,932.0,15.0,0.05,5.0,1.498653028621798,1.1413485706654058,1.382039395828253,1.073607722517636
1083,932.0,15.0,0.05,6.0,1.4009321184235783,1.084125850918595,1.3146676166967124,1.022457954171571
1084,932.0,15.0,0.05,7.0,1.445318132288423,1.133175539207045,1.3408869104593304,1.0576803212511372
1085,932.0,15.0,0.075,1.0,4.444002657402568,3.539917613185525,4.172478224325722,3.405380734662795
1086,932.0,15.0,0.075,2.0,3.188390938697021,2.5322618276442626,2.9872233874879837,2.4021197059283903
1087,932.0,15.0,0.075,3.0,1.60036807896983,1.2574652726493092,1.528390467728826,1.199923134061305
1088,932.0,15.0,0.075,4.0,1.5717931095997966,1.2113384655926134,1.4598706705574966,1.140259847726863
1089,932.0,15.0,0.075,5.0,1.5445978972480563,1.188712790779072,1.4149123557291974,1.103738278384593
1090,932.0,15.0,0.075,6.0,1.387531989346751,1.0692378223725945,1.3127484856702094,1.0207918272156333
1091,932.0,15.0,0.075,7.0,1.45062954863952,1.1304263534755088,1.3684318171244698,1.081672673837165
1092,932.0,15.0,0.1,1.0,4.502503863992039,3.583203038571855,4.2227607852968445,3.4490364470227406
1093,932.0,15.0,0.1,2.0,2.325138529111168,1.834967090644668,2.2361339326304766,1.7760292946231229
1094,932.0,15.0,0.1,3.0,1.8184162874921392,1.4136093212319052,1.7244007739040057,1.33778211941536
1095,932.0,15.0,0.1,4.0,1.5131481705459036,1.172674229949103,1.4337037980492928,1.1095790135790817
1096,932.0,15.0,0.1,5.0,1.509125684047351,1.147742995972844,1.3702177546637302,1.0509529695831803
1097,932.0,15.0,0.1,6.0,1.4457121960991515,1.1253618882220058,1.3849712196489052,1.069868995873593
1098,932.0,15.0,0.1,7.0,1.4068929428981298,1.0959993066268603,1.284106097499615,1.0016658691115665
1099,932.0,15.0,0.125,1.0,4.344164788235787,3.478542319842097,4.126484588337894,3.3549756437799028
1100,932.0,15.0,0.125,2.0,2.38646366396069,1.9169323397387823,2.278761187339956,1.8277870053653333
1101,932.0,15.0,0.125,3.0,1.6881433961558079,1.3180043731698337,1.5740442407611925,1.2341632899600814
1102,932.0,15.0,0.125,4.0,1.3584867648811447,1.0425529025889178,1.2718478972950313,0.9891444621272144
1103,932.0,15.0,0.125,5.0,1.4442442564253557,1.0928782627361506,1.3166849132651244,0.9912201893750555
1104,932.0,15.0,0.125,6.0,1.440225463527114,1.0979030076575387,1.3483682688790288,1.039593655394268
1105,932.0,15.0,0.125,7.0,1.4547376126787106,1.1470398916325684,1.3965817463141494,1.1086287750428951
1106,932.0,15.0,0.15,1.0,4.242688590377565,3.4086317187791693,4.016922776688219,3.275589396281401
1107,932.0,15.0,0.15,2.0,2.5197123924995695,2.0206692109926636,2.3857506459464886,1.9194903183553427
1108,932.0,15.0,0.15,3.0,1.6876826050168232,1.3187112164405304,1.5959217038287663,1.250111732933142
1109,932.0,15.0,0.15,4.0,1.3500140087459114,1.05968044216339,1.3293340844607913,1.0456666268513484
1110,932.0,15.0,0.15,5.0,1.4486163036633943,1.10432537436261,1.363261005047905,1.0388087525981333
1111,932.0,15.0,0.15,6.0,1.5517555024343812,1.1849142997236177,1.4534313041048332,1.1383219167952767
1112,932.0,15.0,0.15,7.0,1.4327630858981297,1.0979683120927202,1.3605784783108585,1.045854164652617
1113,932.0,15.0,0.175,1.0,4.211852528096452,3.366459261866222,4.04120698469021,3.2482572768755653
1114,932.0,15.0,0.175,2.0,3.623209793929408,2.874075886213643,3.413730369549131,2.744447799175559
1115,932.0,15.0,0.175,3.0,1.7114064742338573,1.3230517365639067,1.6054757332442284,1.2302930769065918
1116,932.0,15.0,0.175,4.0,1.4755823842355036,1.1457075563826558,1.448504337193641,1.1300064404931969
1117,932.0,15.0,0.175,5.0,1.5038234697218151,1.175978485827061,1.404108563730065,1.0893470261987759
1118,932.0,15.0,0.175,6.0,1.5626021195839264,1.1795053054288502,1.4595004594727854,1.1127507675251962
1119,932.0,15.0,0.175,7.0,1.4747950236510687,1.1287534850698682,1.3694576712981004,1.0571598350536382
1120,932.0,15.0,0.2,1.0,4.295066191503514,3.4613453574602864,4.088718140820391,3.317651696244145
1121,932.0,15.0,0.2,2.0,3.3385357898333,2.6680969363238956,3.160511665513617,2.543423281777511
1122,932.0,15.0,0.2,3.0,1.6939459516682995,1.336415669890645,1.6215085747894022,1.2843716368343328
1123,932.0,15.0,0.2,4.0,1.5240318836457853,1.197490753542666,1.515202998775917,1.177952401268787
1124,932.0,15.0,0.2,5.0,1.495237419204198,1.163286088711176,1.4244549895534593,1.1075829932426873
1125,932.0,15.0,0.2,6.0,1.508423911164943,1.1548920002769518,1.384834257764169,1.0647652348607892
1126,932.0,15.0,0.2,7.0,1.4741187862493432,1.1543060531795204,1.3731452823102652,1.0691007940278368
1127,932.0,15.0,0.225,1.0,4.311869389210356,3.4792915877607657,4.1067875866364645,3.3280356832966347
1128,932.0,15.0,0.225,2.0,2.5742125338452504,2.0340600817194554,2.4536957969353783,1.9622687518394566
1129,932.0,15.0,0.225,3.0,1.622231860916429,1.2808596295699233,1.6199840884276921,1.2733183976686664
1130,932.0,15.0,0.225,4.0,1.4529171409354489,1.1266205052265663,1.4055782690664822,1.0951750811030663
1131,932.0,15.0,0.225,5.0,1.544854828875448,1.1896676415261336,1.524201112442126,1.1607158805871907
1132,932.0,15.0,0.225,6.0,1.579663936994166,1.2130977173386042,1.4417528958881023,1.1010177536074657
1133,932.0,15.0,0.225,7.0,1.5167405942589065,1.1546025516817304,1.4013665973861649,1.103602720208251
1134,932.0,15.0,0.25,1.0,4.205657741916739,3.320077746231739,4.0102155166248945,3.248063007265036
1135,932.0,15.0,0.25,2.0,2.037132605102253,1.576988557105069,1.9812234335372438,1.543871310440867
1136,932.0,15.0,0.25,3.0,1.7989374510619913,1.4097112694790508,1.7393741394800692,1.386606101120699
1137,932.0,15.0,0.25,4.0,1.505795778731961,1.1510687102917974,1.4385361594963728,1.1289390312789573
1138,932.0,15.0,0.25,5.0,1.5817822441009173,1.2140100499623752,1.5089515723687206,1.161355185424783
1139,932.0,15.0,0.25,6.0,1.534665439587774,1.1828383735831314,1.387302561713004,1.0706130636043787
1140,932.0,15.0,0.25,7.0,1.5070466701644705,1.1696055576196427,1.4531197785374,1.121007530559869
1141,932.0,15.0,0.275,1.0,4.669930127958213,3.6999163419877075,4.426466477090123,3.590619671565847
1142,932.0,15.0,0.275,2.0,2.577123297474279,2.0347265244181196,2.432338957961018,1.9429771105308289
1143,932.0,15.0,0.275,3.0,1.7389033613987694,1.3286272572579263,1.6147208139203688,1.2745890164766447
1144,932.0,15.0,0.275,4.0,1.6429825146228951,1.2612246298122791,1.5454461947805809,1.2186076412887055
1145,932.0,15.0,0.275,5.0,1.6199219563032823,1.245659643453883,1.4924202316448059,1.1526167930309565
1146,932.0,15.0,0.275,6.0,1.608571754472624,1.2420818165444623,1.481536761570679,1.1611107242381553
1147,932.0,15.0,0.275,7.0,1.4992296586184581,1.1740562996618988,1.430024138295186,1.1214577982324
1148,932.0,15.0,0.3,1.0,4.3586609327004835,3.4784814567958855,4.2346480966812186,3.4292690192380686
1149,932.0,15.0,0.3,2.0,2.1097964554727255,1.6215982934442876,2.019830737746837,1.5910369429035462
1150,932.0,15.0,0.3,3.0,1.828294430733368,1.4185356660261756,1.7566133596017517,1.3680280994039558
1151,932.0,15.0,0.3,4.0,1.605763936991254,1.1898062172967716,1.5324078762407567,1.1650812877668542
1152,932.0,15.0,0.3,5.0,1.4206246986460325,1.0681381656289048,1.3977979206999613,1.054136440733927
1153,932.0,15.0,0.3,6.0,1.5458469586640138,1.198947307916366,1.4307176893539917,1.1128580169553532
1154,932.0,15.0,0.3,7.0,1.7179322035322584,1.3342605639721172,1.6961205603825793,1.3364606845691474
1155,933.0,3.0,0.05,1.0,1.377194814314568,1.0633581123252471,1.452445582835681,1.1255618647874175
1156,933.0,3.0,0.05,2.0,0.7097933088715385,0.5548109990954438,0.7180038621113715,0.5678128500495888
1157,933.0,3.0,0.05,3.0,0.7451234631671582,0.5796728152626723,0.7623014395136475,0.5879745998447556
1158,933.0,3.0,0.05,4.0,0.8875871919549793,0.6853197078394273,0.919866090978538,0.7190005339473053
1159,933.0,3.0,0.05,5.0,1.0641607216287825,0.832760204461543,1.0900474128024489,0.8513488393774287
1160,933.0,3.0,0.05,6.0,1.204977239958338,0.9630405966584958,1.2199336280414528,0.9683758316914627
1161,933.0,3.0,0.05,7.0,1.3463194875310298,1.0761121478579212,1.3738079891513517,1.0877784214745787
1162,933.0,3.0,0.075,1.0,1.342129407501097,1.0376247411225108,1.4193891922441333,1.1045266613588072
1163,933.0,3.0,0.075,2.0,0.7378182073133024,0.5779431301032676,0.7354320972548787,0.5827108890656352
1164,933.0,3.0,0.075,3.0,0.7864789269057183,0.6026900467097376,0.7828498816569852,0.5987175513042113
1165,933.0,3.0,0.075,4.0,0.9396840450561385,0.7280547024473669,0.9490425258936229,0.7279368724707512
1166,933.0,3.0,0.075,5.0,1.0812226984706754,0.8389627262124857,1.1226408003502617,0.8639633412739022
1167,933.0,3.0,0.075,6.0,1.227429717754883,0.9838557495048638,1.211694050518486,0.956961691986857
1168,933.0,3.0,0.075,7.0,1.3806553143751663,1.1098782587282416,1.387946065563135,1.09624697848524
1169,933.0,3.0,0.1,1.0,1.5170490723954277,1.1804099726031836,1.6039547761788928,1.2442761198928114
1170,933.0,3.0,0.1,2.0,0.676066995650888,0.5157331042636815,0.6846418397006503,0.5418988076382271
1171,933.0,3.0,0.1,3.0,0.7352168487269855,0.5706713008037316,0.7651373955577175,0.5930354654741984
1172,933.0,3.0,0.1,4.0,0.9954916474241438,0.7658160067005617,0.997442759519661,0.7693997409600372
1173,933.0,3.0,0.1,5.0,1.1017489007678416,0.8580966169276791,1.1365558493353873,0.8886924150856684
1174,933.0,3.0,0.1,6.0,1.2287020747816977,0.9912650190535617,1.2581451426408834,1.0064777975672696
1175,933.0,3.0,0.1,7.0,1.3582891825086718,1.0815401707297303,1.4083428390803387,1.1158838499597095
1176,933.0,3.0,0.125,1.0,1.7137074051327177,1.3793942939414534,1.8040886710421844,1.442183003788206
1177,933.0,3.0,0.125,2.0,0.7695047570193326,0.5977796513902501,0.7834603698714686,0.6203875728012624
1178,933.0,3.0,0.125,3.0,0.8210738963752033,0.6347648833627716,0.8585850166559301,0.6658366540591231
1179,933.0,3.0,0.125,4.0,0.9600311067578781,0.7463610079048958,0.9709844821458319,0.755074926079417
1180,933.0,3.0,0.125,5.0,1.1047016278451267,0.8649802245784335,1.1206067129660955,0.8683610322302738
1181,933.0,3.0,0.125,6.0,1.2171702435245775,0.9619508591542066,1.2334668832843734,0.973192058132081
1182,933.0,3.0,0.125,7.0,1.3628362441205126,1.082824029346841,1.3865399537448833,1.1011777385570582
1183,933.0,3.0,0.15,1.0,1.1895516709933063,0.9269099708672078,1.2490588312899868,0.9872601586433172
1184,933.0,3.0,0.15,2.0,0.734803481168626,0.5794333456573604,0.7427234269250846,0.5829056240409004
1185,933.0,3.0,0.15,3.0,0.7830720929240153,0.6089475156954747,0.8131269107437911,0.6346512531968178
1186,933.0,3.0,0.15,4.0,0.9386116770649713,0.7321795889293267,0.9760658977919312,0.7589900182599925
1187,933.0,3.0,0.15,5.0,1.137370225042953,0.8953182869027201,1.1635717343116778,0.907778796851899
1188,933.0,3.0,0.15,6.0,1.2373733289751339,0.9890352708008868,1.259236000028907,1.0102706787969251
1189,933.0,3.0,0.15,7.0,1.40644341812125,1.1177539228053297,1.410093473007216,1.1171893831059991
1190,933.0,3.0,0.175,1.0,1.2230146533621173,0.950974398801592,1.287802296244177,1.0171984444165414
1191,933.0,3.0,0.175,2.0,0.7672540906134427,0.5988497019322552,0.7713117407997044,0.6078423962766809
1192,933.0,3.0,0.175,3.0,0.8372961374054856,0.6518820621371274,0.8537871607414991,0.6680059980832393
1193,933.0,3.0,0.175,4.0,0.9790472344654274,0.7574540467454877,1.0372676613811598,0.8169677148239188
1194,933.0,3.0,0.175,5.0,1.1294340450889073,0.8834725958733471,1.1436455551399276,0.8967696794165563
1195,933.0,3.0,0.175,6.0,1.3343455550216,1.0615197539014385,1.2738357087048444,1.0072898815325255
1196,933.0,3.0,0.175,7.0,1.3917132880605754,1.1062951462766732,1.412303327642222,1.1305757551605986
1197,933.0,3.0,0.2,1.0,1.328029695743824,1.0223283509562273,1.4012997226113213,1.0961407164353743
1198,933.0,3.0,0.2,2.0,0.7955305253561242,0.6249064294311919,0.804282463635115,0.6409879028655017
1199,933.0,3.0,0.2,3.0,0.8369113161105772,0.6494260492931287,0.8659813697441212,0.6716737665324147
1200,933.0,3.0,0.2,4.0,0.9824335806296876,0.7656748890916069,0.9988959281007281,0.7828726741230533
1201,933.0,3.0,0.2,5.0,1.1651345867507932,0.8920691014895832,1.172351133911117,0.9253194947944192
1202,933.0,3.0,0.2,6.0,1.2970211526780302,1.029307551271696,1.2504488982742017,0.9828861540109044
1203,933.0,3.0,0.2,7.0,1.3850158510540111,1.1087954448556165,1.390567207937651,1.106559551193337
1204,933.0,3.0,0.225,1.0,1.7956202283581297,1.4618818352598013,1.9010689051327918,1.550102918338303
1205,933.0,3.0,0.225,2.0,0.7508795742950217,0.5862671825920002,0.7578342739746593,0.5960528706176081
1206,933.0,3.0,0.225,3.0,0.8818684372460236,0.6850049266124743,0.9081621020529574,0.7050090237520984
1207,933.0,3.0,0.225,4.0,0.9621201405126149,0.7504935231335645,0.9649729474621647,0.7596134461643096
1208,933.0,3.0,0.225,5.0,1.1472683206657546,0.895435095549528,1.1884779256105111,0.9210838349996674
1209,933.0,3.0,0.225,6.0,1.2679675221843285,0.9803363998920032,1.2860319834697256,1.0169349076460683
1210,933.0,3.0,0.225,7.0,1.3775993720883635,1.1050080324911855,1.3948538185464443,1.0919022881627891
1211,933.0,3.0,0.25,1.0,1.246531449235283,0.976578532122591,1.3188881945077964,1.0527098447126815
1212,933.0,3.0,0.25,2.0,0.7943167138258259,0.6246966215068551,0.7948285204561871,0.6236593197658226
1213,933.0,3.0,0.25,3.0,0.8526728588174954,0.6709542813544825,0.853746218399304,0.6677800365626708
1214,933.0,3.0,0.25,4.0,1.0710348862737924,0.8357544534898721,1.0562799534417249,0.8354970833823617
1215,933.0,3.0,0.25,5.0,1.1551755202599907,0.9190694032602342,1.1324703036693444,0.8856872547064836
1216,933.0,3.0,0.25,6.0,1.3115608532629175,1.0500752136181035,1.2899682956379583,1.0340394410799534
1217,933.0,3.0,0.25,7.0,1.4380988262442052,1.1630658347230465,1.4466648785263156,1.1513078526205545
1218,933.0,3.0,0.275,1.0,1.2525753755692897,0.9746757944676023,1.3328172829398188,1.0556175342552128
1219,933.0,3.0,0.275,2.0,0.8211353859771048,0.6426005341080833,0.7933006998731899,0.6306644810746906
1220,933.0,3.0,0.275,3.0,0.8954539195072484,0.7068553505868149,0.8573444386693038,0.6716898775677168
1221,933.0,3.0,0.275,4.0,1.133322774041083,0.8896626237993301,1.2055813220626799,0.9328664225187393
1222,933.0,3.0,0.275,5.0,1.2127797935478941,0.9440588975858268,1.1885294142936007,0.9230552389986523
1223,933.0,3.0,0.275,6.0,1.3567572356359665,1.0788324400549076,1.3610811480192095,1.0957469224989171
1224,933.0,3.0,0.275,7.0,1.5071895365768953,1.1957828387810627,1.5210953240730565,1.2083968153322509
1225,933.0,3.0,0.3,1.0,1.2291046139472745,0.9672815751485837,1.3014698085675125,1.0315214133396362
1226,933.0,3.0,0.3,2.0,0.8042844787358917,0.6232153442936433,0.8127733110652436,0.6445604309109552
1227,933.0,3.0,0.3,3.0,0.8685600441556796,0.6700603257764297,0.8272926510715817,0.6658543529427722
1228,933.0,3.0,0.3,4.0,1.106309602361709,0.8716500636568388,1.124726334294585,0.8828903784883642
1229,933.0,3.0,0.3,5.0,1.2562310713328164,0.9825772428056907,1.2576825167033805,0.985480676620991
1230,933.0,3.0,0.3,6.0,1.3894752189237152,1.1001099868082143,1.3900568507654159,1.101721218575195
1231,933.0,3.0,0.3,7.0,1.5357087966680472,1.229581870666281,1.528188740800186,1.2327629360505712
1232,933.0,6.0,0.05,1.0,1.8107595401382754,1.4428694355887042,1.8638582300980653,1.4870500019182136
1233,933.0,6.0,0.05,2.0,1.0076924655610802,0.7947295779087459,0.9852275178895458,0.7808728891477595
1234,933.0,6.0,0.05,3.0,0.8921748454164249,0.7018832055402751,0.9043620177478601,0.7061733044288496
1235,933.0,6.0,0.05,4.0,0.9585108101757108,0.7486759000567148,0.9738436411391996,0.7531655098394902
1236,933.0,6.0,0.05,5.0,1.1084247998036802,0.8568139509903356,1.149069405376489,0.8814821036470234
1237,933.0,6.0,0.05,6.0,1.2350927543460213,0.9559269555765727,1.2784684518048977,0.9520789488468092
1238,933.0,6.0,0.05,7.0,1.3915664141993724,1.0799723634565666,1.4513724216823607,1.0774714971357542
1239,933.0,6.0,0.075,1.0,1.5927251120472459,1.2638334313877209,1.633625945408381,1.295306225307978
1240,933.0,6.0,0.075,2.0,0.9896198041986091,0.7739269836326469,0.9706734056119259,0.7688189673821635
1241,933.0,6.0,0.075,3.0,0.9412425141972793,0.7284334596113101,0.9466985683498281,0.736899786557567
1242,933.0,6.0,0.075,4.0,0.9734809364506333,0.7613818091334843,0.9843222436811031,0.756442647157575
1243,933.0,6.0,0.075,5.0,1.1144503650706323,0.8761178571054354,1.189250799953621,0.9238230800916485
1244,933.0,6.0,0.075,6.0,1.2984577846719447,1.0054588418385104,1.3357869701093052,1.0084032017040216
1245,933.0,6.0,0.075,7.0,1.3896117540393929,1.0751238663537228,1.4620864058119138,1.0821653862709444
1246,933.0,6.0,0.1,1.0,1.3914321777171061,1.1016094988300478,1.4288244052641135,1.1324976444227004
1247,933.0,6.0,0.1,2.0,0.9855033565908957,0.7814829845274831,0.9686188456857284,0.7685746022825994
1248,933.0,6.0,0.1,3.0,0.9211652978276897,0.7184541825597285,0.9372985955207392,0.7366782296476726
1249,933.0,6.0,0.1,4.0,1.0022295171203104,0.7832677002666707,1.0388002952836737,0.8081904281112163
1250,933.0,6.0,0.1,5.0,1.0619616805533683,0.8234703058777086,1.106391847810514,0.8447798528006919
1251,933.0,6.0,0.1,6.0,1.3082387448242925,1.0028898405578903,1.3056471625214308,0.9732123031507154
1252,933.0,6.0,0.1,7.0,1.4243269090618664,1.1166058278440052,1.4624906023630733,1.088950548826546
1253,933.0,6.0,0.125,1.0,1.8885129894039177,1.509155991721208,1.9508810204251392,1.5640401296899704
1254,933.0,6.0,0.125,2.0,1.138075962215259,0.8974684469901024,1.1242456405853587,0.8877109530613946
1255,933.0,6.0,0.125,3.0,0.978513044718868,0.7673106840378187,1.0051788196521183,0.78444208100227
1256,933.0,6.0,0.125,4.0,0.9923582550704889,0.7785300327353748,1.0487740930847005,0.7996880726500717
1257,933.0,6.0,0.125,5.0,1.0836680160375092,0.8399633887013438,1.1454872817669612,0.8834840520050635
1258,933.0,6.0,0.125,6.0,1.3343002179897552,1.0159870721511364,1.3679447289991602,1.0143865317335523
1259,933.0,6.0,0.125,7.0,1.4337881135049415,1.104627472243525,1.483507948269433,1.1050312354108491
1260,933.0,6.0,0.15,1.0,1.7555412032123898,1.3944441560637597,1.803375236969548,1.4337764551256877
1261,933.0,6.0,0.15,2.0,0.9543317608620759,0.7559514261338108,0.9192782969816689,0.7288141081823762
1262,933.0,6.0,0.15,3.0,0.9316593502146482,0.7377207974069044,0.9026777482708455,0.7062877081206008
1263,933.0,6.0,0.15,4.0,0.9511714372754818,0.735770020674089,0.9855318065317,0.756605475794107
1264,933.0,6.0,0.15,5.0,1.1443910256945893,0.8836500863688482,1.202047056838345,0.9193374858737929
1265,933.0,6.0,0.15,6.0,1.3061773067928772,0.9838179178487414,1.3347970411572703,1.0008356848581585
1266,933.0,6.0,0.15,7.0,1.461510191511571,1.120266176548811,1.506802636327081,1.13250195772649
1267,933.0,6.0,0.175,1.0,1.4627435388480894,1.1571671376552426,1.492039937025866,1.182570347703233
1268,933.0,6.0,0.175,2.0,1.0647039300640193,0.8311038942560812,1.0131757904216583,0.798361995181242
1269,933.0,6.0,0.175,3.0,1.0162026027946107,0.7805366452693479,0.9976805678492806,0.7722909251369042
1270,933.0,6.0,0.175,4.0,1.0000612635046626,0.7880011550104996,1.072445511304303,0.8191402104962558
1271,933.0,6.0,0.175,5.0,1.103730951893531,0.8736544569790485,1.152836800447327,0.8984981521473678
1272,933.0,6.0,0.175,6.0,1.3136506091151758,1.0070615212027907,1.3505949198278473,1.001538510989443
1273,933.0,6.0,0.175,7.0,1.413217713212648,1.0888321150642608,1.4857292575937517,1.082877899811867
1274,933.0,6.0,0.2,1.0,2.0235618562675213,1.6271550897810942,2.086582157617197,1.6866931458029395
1275,933.0,6.0,0.2,2.0,0.9350078650099631,0.7330026177113814,0.9412786130821754,0.7317574994178643
1276,933.0,6.0,0.2,3.0,1.081040019163606,0.847527526482659,1.0740715774245433,0.834315439770865
1277,933.0,6.0,0.2,4.0,1.0851906329773011,0.8478643669755915,1.0947291747785841,0.8439309229687912
1278,933.0,6.0,0.2,5.0,1.092835758538236,0.8687316374277989,1.1336234303761596,0.8892093802775417
1279,933.0,6.0,0.2,6.0,1.3468143788122926,1.0462091443743793,1.3612457483136726,1.0252255172355298
1280,933.0,6.0,0.2,7.0,1.4171926535435235,1.0895105490181913,1.496495682606676,1.0842901083254766
1281,933.0,6.0,0.225,1.0,1.4611102105527487,1.1522063695898486,1.48759868284212,1.1719834691399602
1282,933.0,6.0,0.225,2.0,1.0642472322927683,0.8506755877485722,1.0421624722628842,0.8239855180594338
1283,933.0,6.0,0.225,3.0,1.0151799402460502,0.7949053696039042,0.987119839717273,0.777398565833601
1284,933.0,6.0,0.225,4.0,1.23452535131089,0.9841895421591684,1.2358708699700427,0.9640431633863539
1285,933.0,6.0,0.225,5.0,1.1727216972119439,0.9310150630811083,1.2353339548760263,0.9555235006765568
1286,933.0,6.0,0.225,6.0,1.3644122620785482,1.0612094686366216,1.3590133559568032,1.0470960880071511
1287,933.0,6.0,0.225,7.0,1.445465398110352,1.1019547719175307,1.569861897630887,1.1732706223667377
1288,933.0,6.0,0.25,1.0,1.8129781273435053,1.443197631500189,1.861827915861964,1.4830706300586975
1289,933.0,6.0,0.25,2.0,1.0677534575187848,0.8453555677762914,1.071858093557411,0.8556494262334806
1290,933.0,6.0,0.25,3.0,1.1801987175229294,0.9115138834343729,1.1871854137462965,0.9260490495138172
1291,933.0,6.0,0.25,4.0,1.179769483604948,0.9181120541880855,1.2287286503617063,0.9491672406563293
1292,933.0,6.0,0.25,5.0,1.2368645652776153,0.9673382826614861,1.2575073325078547,0.9944316018780405
1293,933.0,6.0,0.25,6.0,1.392567940918556,1.096953523470411,1.419824370553336,1.0992476539181402
1294,933.0,6.0,0.25,7.0,1.523562206310779,1.1698544299523994,1.5784263849389562,1.1857525321478088
1295,933.0,6.0,0.275,1.0,1.6192046103950917,1.2832932659230445,1.6583641715581856,1.326731411413561
1296,933.0,6.0,0.275,2.0,1.0648841025609292,0.84093297109958,1.0583702378380322,0.8356506613740522
1297,933.0,6.0,0.275,3.0,1.0832262886492743,0.855700270368693,1.0645298745144678,0.834290682921658
1298,933.0,6.0,0.275,4.0,1.2979781239708723,1.0130257029797134,1.3320313506828907,1.019306470407384
1299,933.0,6.0,0.275,5.0,1.228804743087339,0.9734486967036444,1.2736853547096945,0.9902645278470634
1300,933.0,6.0,0.275,6.0,1.4867384789969962,1.1484784863034168,1.5309678866384375,1.1791829677539376
1301,933.0,6.0,0.275,7.0,1.4836330240064128,1.135455003889585,1.505666875065287,1.1306146711273342
1302,933.0,6.0,0.3,1.0,1.515342164337173,1.1979631068674872,1.5373610546024667,1.2172907507243236
1303,933.0,6.0,0.3,2.0,1.0050752084344363,0.7999641859801163,1.0220525737699915,0.8079074133633192
1304,933.0,6.0,0.3,3.0,1.1351252923832504,0.8955174183717916,1.1545388000689027,0.899350189902234
1305,933.0,6.0,0.3,4.0,1.2117847339652383,0.9419870882545822,1.2386039022979614,0.9330509493025397
1306,933.0,6.0,0.3,5.0,1.3055084007567448,1.031022207423202,1.3329786408721704,1.0315015496985018
1307,933.0,6.0,0.3,6.0,1.4284671430254878,1.091306909934392,1.4850936666769732,1.1337198546406821
1308,933.0,6.0,0.3,7.0,1.6033753902592753,1.2303177155369385,1.6643291381594174,1.2341007708517127
1309,933.0,9.0,0.05,1.0,1.52292034054078,1.2069002110977276,1.5575993677692253,1.2301311578832739
1310,933.0,9.0,0.05,2.0,0.9101445085981082,0.7184550252578497,0.9174054400504746,0.7257379156566703
1311,933.0,9.0,0.05,3.0,0.9754441251957048,0.7653992481565578,0.9907032484928242,0.7597763663453454
1312,933.0,9.0,0.05,4.0,0.9881455228237357,0.7772872738786532,1.0214254324307543,0.7778114177322174
1313,933.0,9.0,0.05,5.0,1.068731696121414,0.8342811280616907,1.130497971746,0.8571693899521042
1314,933.0,9.0,0.05,6.0,1.1350019047468831,0.8739977325927097,1.209531216592851,0.9198542524633299
1315,933.0,9.0,0.05,7.0,1.2332588735113064,0.944645066782997,1.3305723466424217,1.011462470125671
1316,933.0,9.0,0.075,1.0,1.6031092078296578,1.2680783980884902,1.6412600189989124,1.2971662492533023
1317,933.0,9.0,0.075,2.0,0.9395366910103853,0.7362929344332275,0.9403102954310681,0.7381943428171682
1318,933.0,9.0,0.075,3.0,1.0187248379032265,0.7967717492257208,1.026136923148737,0.798719042490023
1319,933.0,9.0,0.075,4.0,1.0143883438914947,0.7962468478845045,1.0436629370454995,0.8036189205311889
1320,933.0,9.0,0.075,5.0,1.0506161426507172,0.8230078746946309,1.0837352975732806,0.8277704765302736
1321,933.0,9.0,0.075,6.0,1.1578292399270154,0.883973705085637,1.246309387170673,0.9526026813685564
1322,933.0,9.0,0.075,7.0,1.2362134672305118,0.9410360576280172,1.3396396000237707,1.0320568566614936
1323,933.0,9.0,0.1,1.0,1.336016511491988,1.0615338082637267,1.3783402355854517,1.0837601541324797
1324,933.0,9.0,0.1,2.0,0.8804468183469646,0.7009447259422302,0.8820171310136389,0.7028321686276338
1325,933.0,9.0,0.1,3.0,0.9991477167622521,0.7874566911877143,1.0173365218388044,0.7946476153939821
1326,933.0,9.0,0.1,4.0,0.9862589599117491,0.7583386580979533,1.0337582592338068,0.786512374193116
1327,933.0,9.0,0.1,5.0,1.0825936047422535,0.8443716882151201,1.1148986626979431,0.8329801722444531
1328,933.0,9.0,0.1,6.0,1.1657112657622046,0.8994200966324678,1.2143567990118158,0.9317067520815103
1329,933.0,9.0,0.1,7.0,1.2454589667195557,0.9650460284707943,1.3568520573352483,1.032885306682969
1330,933.0,9.0,0.125,1.0,1.3705499546836637,1.090093328455864,1.4075724269517826,1.1080968847658406
1331,933.0,9.0,0.125,2.0,0.9415161789635345,0.7359210458792526,0.9573260638402347,0.7526373520301045
1332,933.0,9.0,0.125,3.0,0.9703774983593279,0.7642624918352192,0.9974621777647389,0.7752729058014096
1333,933.0,9.0,0.125,4.0,0.9971511131693951,0.7727221113387702,1.006591933708344,0.776971320532081
1334,933.0,9.0,0.125,5.0,1.0923622693889268,0.8561828559389472,1.1332658526913986,0.8527884573678881
1335,933.0,9.0,0.125,6.0,1.2144873437596968,0.9276688345723048,1.2394963009150088,0.9382107486670876
1336,933.0,9.0,0.125,7.0,1.2504761150214916,0.9541147167975235,1.3407070130151395,0.9993916327109769
1337,933.0,9.0,0.15,1.0,1.3461113393539548,1.0674506742651366,1.3821151903034101,1.0876767093065933
1338,933.0,9.0,0.15,2.0,0.9219471783329021,0.715747258028149,0.9230710575472009,0.7176056023739007
1339,933.0,9.0,0.15,3.0,0.9778630526596741,0.7681861421165865,0.9925998524613263,0.7722517331714964
1340,933.0,9.0,0.15,4.0,1.0108040855117695,0.7985072049032768,1.031493594523035,0.7992499390170585
1341,933.0,9.0,0.15,5.0,1.0884347589265513,0.8519652524686037,1.1348109210002009,0.8652444687393993
1342,933.0,9.0,0.15,6.0,1.1403130935154902,0.8869495858377422,1.2372812687817916,0.9518757871247515
1343,933.0,9.0,0.15,7.0,1.2653922706319418,0.9784493016942262,1.3467755870926277,1.0216564384752997
1344,933.0,9.0,0.175,1.0,1.3056913281010307,1.0418045645811957,1.3617870058661745,1.0728082839674584
1345,933.0,9.0,0.175,2.0,0.9239736444082307,0.7343056642899332,0.9532461457553196,0.7557187947280781
1346,933.0,9.0,0.175,3.0,1.1177568205143158,0.8764108856169608,1.0945000707411656,0.8647033591292298
1347,933.0,9.0,0.175,4.0,0.9970520074369854,0.7855396845220817,1.0275809750624463,0.7848185776798093
1348,933.0,9.0,0.175,5.0,1.0813262415764102,0.8455507914388531,1.1040787096765572,0.8451674495558584
1349,933.0,9.0,0.175,6.0,1.1840440601714102,0.9183252733709991,1.2253627779928526,0.9436761472943183
1350,933.0,9.0,0.175,7.0,1.3010877831620227,0.9863705617605527,1.3805592155375477,1.0506394919567257
1351,933.0,9.0,0.2,1.0,1.3369298163774368,1.0612111998879525,1.36659613822671,1.0744249763833587
1352,933.0,9.0,0.2,2.0,1.1180012310086351,0.884623928817103,1.1505386262987447,0.9181935913826279
1353,933.0,9.0,0.2,3.0,1.028536529417498,0.7974313323545166,1.0628832563142565,0.8328757149433113
1354,933.0,9.0,0.2,4.0,1.0750146874183606,0.831958912789044,1.0850427335270982,0.8317434701040627
1355,933.0,9.0,0.2,5.0,1.0924753263199904,0.8563322595715931,1.0890189059638256,0.8454955825672045
1356,933.0,9.0,0.2,6.0,1.1698828493346685,0.8980587551108588,1.2771845619888793,0.9676130099932454
1357,933.0,9.0,0.2,7.0,1.2708140227996811,0.9798227159559311,1.3517180021597686,1.0388841872180843
1358,933.0,9.0,0.225,1.0,1.5362012042753244,1.2185879880315207,1.5669759251715654,1.2306058301945244
1359,933.0,9.0,0.225,2.0,0.949813222777502,0.7455413189794673,0.9478780026763132,0.754110895307635
1360,933.0,9.0,0.225,3.0,1.0919798105820064,0.852111701946244,1.12562897932047,0.8723251338203768
1361,933.0,9.0,0.225,4.0,1.0846063997534918,0.8473052772104199,1.1092699030505069,0.852875023568184
1362,933.0,9.0,0.225,5.0,1.153517585839623,0.888779881376585,1.1919408755336156,0.9108720938120693
1363,933.0,9.0,0.225,6.0,1.2775331134762737,0.977623331810822,1.3442003472553716,1.011814753611874
1364,933.0,9.0,0.225,7.0,1.2886760403183182,0.986552860011856,1.3504776755138819,1.0270967871850962
1365,933.0,9.0,0.25,1.0,1.3485500415948497,1.0718981518173127,1.373852054490857,1.0824690727644433
1366,933.0,9.0,0.25,2.0,0.9874086272840848,0.7862170700778481,0.9866740156037898,0.790079270705193
1367,933.0,9.0,0.25,3.0,1.0156408292629298,0.7974608626782775,1.0001277555774026,0.7979792567077808
1368,933.0,9.0,0.25,4.0,1.1433584550897506,0.8881031716474861,1.1482996397867409,0.8725964995157927
1369,933.0,9.0,0.25,5.0,1.2279255168698593,0.9558170371348825,1.1830882864217798,0.9025315291772911
1370,933.0,9.0,0.25,6.0,1.2879887136315555,0.9872747061352412,1.3146522575234547,0.9880282137969952
1371,933.0,9.0,0.25,7.0,1.3164715674247185,1.0142652238072576,1.4404968823054392,1.1118263951381457
1372,933.0,9.0,0.275,1.0,1.3863899024001978,1.0985993343208131,1.4061415932640504,1.1026199794397258
1373,933.0,9.0,0.275,2.0,1.0363257732522426,0.8198107160086265,1.0204938872922307,0.804126584496337
1374,933.0,9.0,0.275,3.0,1.2359158700394555,0.9645180716345749,1.2525682512079566,0.9720366410397104
1375,933.0,9.0,0.275,4.0,1.142269666131725,0.8962710675234612,1.1973837330591965,0.9354413926562085
1376,933.0,9.0,0.275,5.0,1.268276694599377,0.9997316188512596,1.2282937684535242,0.9509492710336098
1377,933.0,9.0,0.275,6.0,1.3174448689558735,1.0226084515604592,1.3055998180597226,1.0017209716688547
1378,933.0,9.0,0.275,7.0,1.4073273261007457,1.108740557196334,1.5096455016239687,1.1449814726629197
1379,933.0,9.0,0.3,1.0,1.3987960888308828,1.1068674586299383,1.4418583263845408,1.1368174010434051
1380,933.0,9.0,0.3,2.0,1.01232890943672,0.7928054083071493,1.0115429309587116,0.797552007660523
1381,933.0,9.0,0.3,3.0,1.1559793379010563,0.9138990008758822,1.1856258298450126,0.9425929191296762
1382,933.0,9.0,0.3,4.0,1.189497881245734,0.9251169321369347,1.2023317608994468,0.9421182754057661
1383,933.0,9.0,0.3,5.0,1.2240182963226427,0.9731969753484607,1.2624338453068134,0.9809702857458099
1384,933.0,9.0,0.3,6.0,1.29667513132158,1.0125217625239684,1.353541700753916,1.03218405720272
1385,933.0,9.0,0.3,7.0,1.47376005077313,1.1435521513568057,1.5272204665173408,1.1691666738828834
1386,933.0,12.0,0.05,1.0,1.519021363975267,1.2167666588254153,1.5050059271183542,1.1755559708730683
1387,933.0,12.0,0.05,2.0,1.2527777882300215,0.990312699683607,1.2235452282875052,0.9568237818253853
1388,933.0,12.0,0.05,3.0,0.9823319739396776,0.7701350408929896,0.9716670895074991,0.7605998818155072
1389,933.0,12.0,0.05,4.0,1.0546462909046836,0.8230591317193038,1.0687348119300617,0.8264360162023693
1390,933.0,12.0,0.05,5.0,1.164916027042527,0.8940725457540757,1.191703422487879,0.8992511590876978
1391,933.0,12.0,0.05,6.0,1.2494220800188927,0.9512556679356444,1.2781802187935067,0.9703232164461326
1392,933.0,12.0,0.05,7.0,1.3070901878663144,0.988556565449707,1.3410117089998537,1.0081309676129662
1393,933.0,12.0,0.075,1.0,1.253181102267059,0.9928061181904725,1.2553026576009143,0.9852145398910472
1394,933.0,12.0,0.075,2.0,1.198392708899366,0.9437053582020435,1.1620538329613228,0.9096326029105928
1395,933.0,12.0,0.075,3.0,1.038577247023929,0.8042725448507593,1.0212599527150064,0.7934991343124438
1396,933.0,12.0,0.075,4.0,1.062865769088742,0.8221488705255511,1.0808746748073064,0.8392783372812899
1397,933.0,12.0,0.075,5.0,1.1548293118620414,0.883443502611503,1.2086388911143888,0.9153245061891503
1398,933.0,12.0,0.075,6.0,1.3019419463112543,0.9819250542018353,1.315979167881022,0.9923849451818927
1399,933.0,12.0,0.075,7.0,1.2873571652052824,0.9676858934417487,1.3242537207235388,0.998092677878249
1400,933.0,12.0,0.1,1.0,1.2777487658534037,1.0178096296479748,1.2746909883350699,0.9992466800329484
1401,933.0,12.0,0.1,2.0,1.2200998298541768,0.9701662655812024,1.2247998509670235,0.9594297346304019
1402,933.0,12.0,0.1,3.0,0.99118961314554,0.772823471623277,0.9884550333873282,0.773448167433251
1403,933.0,12.0,0.1,4.0,1.0599699513057461,0.833825290764405,1.0614550597052597,0.8355887777834139
1404,933.0,12.0,0.1,5.0,1.1687154673982825,0.8903589816517624,1.2232628677351145,0.9174092605909373
1405,933.0,12.0,0.1,6.0,1.2633753268306231,0.9428739854602849,1.3216746633857943,0.9851715039750572
1406,933.0,12.0,0.1,7.0,1.315282093781589,0.9788613668163977,1.3480988176057604,0.9996752567592186
1407,933.0,12.0,0.125,1.0,1.2886478141541629,1.020439430776344,1.2796188204868018,1.000971768745806
1408,933.0,12.0,0.125,2.0,1.0377630725522136,0.8279656972369536,1.027711441687775,0.81862529606403
1409,933.0,12.0,0.125,3.0,1.0850943578599297,0.8548243510503017,1.0862288837911926,0.8486798782880554
1410,933.0,12.0,0.125,4.0,1.1089763899488616,0.8514938062289819,1.0788994724532726,0.828070572462065
1411,933.0,12.0,0.125,5.0,1.1710979375570105,0.892457147001256,1.1842813154055838,0.9021938343751467
1412,933.0,12.0,0.125,6.0,1.2559277970140672,0.9440433330834161,1.2796022617134244,0.9615116461511535
1413,933.0,12.0,0.125,7.0,1.3015165804572064,0.9747980345490441,1.323962933164341,0.9756649432378399
1414,933.0,12.0,0.15,1.0,1.4626987491155221,1.167336724735343,1.4506735833257345,1.1288885713545824
1415,933.0,12.0,0.15,2.0,1.124854957059377,0.8720848044655066,1.1079913034316045,0.8665436012244885
1416,933.0,12.0,0.15,3.0,1.028994725812289,0.8049599105418831,0.9921985249418515,0.787204024089361
1417,933.0,12.0,0.15,4.0,1.103366650768362,0.8541606305847455,1.1161957849247617,0.8582261890167691
1418,933.0,12.0,0.15,5.0,1.257660697251792,0.9594967652353096,1.2880440216469669,0.9826002774131155
1419,933.0,12.0,0.15,6.0,1.3541673844828437,1.0250087161117734,1.3847966050604683,1.0464153562205551
1420,933.0,12.0,0.15,7.0,1.3826593637934843,1.0433078661911286,1.4063907759423588,1.0604065711903894
1421,933.0,12.0,0.175,1.0,1.4667744270767114,1.167557385300077,1.4517857246123145,1.1291010548246498
1422,933.0,12.0,0.175,2.0,0.9921881497729561,0.7871797375283959,0.9899227467887358,0.788963582420598
1423,933.0,12.0,0.175,3.0,1.0295639951820017,0.8136022824988347,1.0620561288495698,0.8443933508760955
1424,933.0,12.0,0.175,4.0,1.1026006152083225,0.863356667438053,1.1226742522354625,0.8854748573391567
1425,933.0,12.0,0.175,5.0,1.223645466689124,0.9481526693129364,1.2536062476445584,0.9520601310422089
1426,933.0,12.0,0.175,6.0,1.3332083023245067,1.0180091400283169,1.381233573947388,1.0348500560063116
1427,933.0,12.0,0.175,7.0,1.3791893428578055,1.026771684740667,1.4627028935515463,1.0757065875974432
1428,933.0,12.0,0.2,1.0,1.5234811302979308,1.2118573494396114,1.492756088242921,1.1608868052110866
1429,933.0,12.0,0.2,2.0,1.117240007721137,0.8775373691984413,1.1114720837023782,0.8728822361931431
1430,933.0,12.0,0.2,3.0,0.9978284980302313,0.7925578793666502,1.0442246533599475,0.8291944237028588
1431,933.0,12.0,0.2,4.0,1.1118042122828018,0.8716633585314821,1.132813438830656,0.8938639595986615
1432,933.0,12.0,0.2,5.0,1.3140588885814986,1.008720424603698,1.3571863666039672,1.04153548376907
1433,933.0,12.0,0.2,6.0,1.3634806088900202,1.0332373090892628,1.377268485273414,1.020237842672792
1434,933.0,12.0,0.2,7.0,1.3919645071701037,1.0710178389601734,1.4014514614191504,1.0601161354758144
1435,933.0,12.0,0.225,1.0,1.492664796905529,1.1765672313045434,1.4720476287190116,1.1411559475594335
1436,933.0,12.0,0.225,2.0,1.0328648855207514,0.8065452312746847,1.0250188107617326,0.7923363392042917
1437,933.0,12.0,0.225,3.0,1.0745125317520374,0.8277240837115298,1.0849229491812136,0.8475369583829517
1438,933.0,12.0,0.225,4.0,1.0514840409715414,0.8223766716876448,1.043480360262724,0.8094143299403932
1439,933.0,12.0,0.225,5.0,1.2592309557720143,0.9595350732896132,1.2553218938737587,0.9478580120263155
1440,933.0,12.0,0.225,6.0,1.335951920218138,1.0118628605272144,1.3458790716284281,1.0311761244550166
1441,933.0,12.0,0.225,7.0,1.3561811211303023,1.0273955760737399,1.3646708605785505,1.0416086041180652
1442,933.0,12.0,0.25,1.0,1.5011819883271507,1.2028502730427166,1.487333880246743,1.1574146322406356
1443,933.0,12.0,0.25,2.0,0.9969494114512727,0.7911261944425544,1.0039949896936704,0.8058315549009132
1444,933.0,12.0,0.25,3.0,1.0266267581035413,0.8118980082229916,1.0269809823438207,0.7958249557959551
1445,933.0,12.0,0.25,4.0,1.2249343446181782,0.9343716736313157,1.2298459652526694,0.9536130368032151
1446,933.0,12.0,0.25,5.0,1.264792235466173,0.9718463727751386,1.3387141778371714,1.0104811420817288
1447,933.0,12.0,0.25,6.0,1.3440041238024696,1.0173925503788597,1.3989870652043148,1.0533676432917574
1448,933.0,12.0,0.25,7.0,1.4208769662128888,1.0705817977679466,1.5384563722245388,1.1450186759120837
1449,933.0,12.0,0.275,1.0,1.4526839349226863,1.160637479865522,1.4402341158020608,1.1194417037002669
1450,933.0,12.0,0.275,2.0,1.2273465801907626,0.9908752099759883,1.2400481077158643,0.9823470108429464
1451,933.0,12.0,0.275,3.0,1.1253124356501214,0.8437432767387384,1.09013526137308,0.8296109098372745
1452,933.0,12.0,0.275,4.0,1.1978134100058133,0.9205874031945555,1.2097633095186584,0.942006691131932
1453,933.0,12.0,0.275,5.0,1.2858853912085917,0.9959362251205308,1.3659200226468804,1.01924765289311
1454,933.0,12.0,0.275,6.0,1.4045531500420299,1.046664253325484,1.4555670912582368,1.0949624729622633
1455,933.0,12.0,0.275,7.0,1.3984930456215303,1.0557186442093007,1.438324671473255,1.0703784269264138
1456,933.0,12.0,0.3,1.0,1.9154302039093647,1.5315475117877753,1.9105464409616344,1.4977739459867725
1457,933.0,12.0,0.3,2.0,1.2428049861530968,0.9895810099120442,1.239378526502065,0.9728289225959758
1458,933.0,12.0,0.3,3.0,1.2104651102676587,0.9176353132775552,1.1802590079889896,0.9233589099196684
1459,933.0,12.0,0.3,4.0,1.170612016366474,0.9142231682825472,1.142347263538946,0.8914826000303302
1460,933.0,12.0,0.3,5.0,1.3824590161563843,1.053354796193974,1.396632494840816,1.0589307521110336
1461,933.0,12.0,0.3,6.0,1.3218174677644836,1.0249274837015716,1.349062591259753,1.036102296151182
1462,933.0,12.0,0.3,7.0,1.4080268896529518,1.058630779769825,1.4729741671004988,1.1026891311801534
1463,933.0,15.0,0.05,1.0,2.6886786872707082,2.14521220117977,2.635807450145598,2.0856898477477483
1464,933.0,15.0,0.05,2.0,1.035000123555766,0.815648919193262,1.028075987552845,0.8137587001363913
1465,933.0,15.0,0.05,3.0,0.9843986467879816,0.7683067559730098,0.9696192137052069,0.7557892408857333
1466,933.0,15.0,0.05,4.0,1.1524273421209532,0.8859103527234193,1.1731412062918911,0.8846601852196979
1467,933.0,15.0,0.05,5.0,1.2361395448218906,0.921922459657408,1.274368059802749,0.9376976181829466
1468,933.0,15.0,0.05,6.0,1.3074340456042346,0.9833291219282221,1.339237012665731,0.9915093111510923
1469,933.0,15.0,0.05,7.0,1.323694167303922,1.0020422189284994,1.3529142145823359,1.0074445455961605
1470,933.0,15.0,0.075,1.0,1.2842094144396543,1.014968714910775,1.2555996664329716,0.9794924224793051
1471,933.0,15.0,0.075,2.0,0.9877133108649734,0.7782991210099905,0.9571206213729994,0.7533744608089614
1472,933.0,15.0,0.075,3.0,0.9555070490143432,0.7475690270709366,0.9367940000941007,0.7351025303354607
1473,933.0,15.0,0.075,4.0,1.1714794690948869,0.8978503056836064,1.1941257541678476,0.9070381373207793
1474,933.0,15.0,0.075,5.0,1.2935085151725538,0.9696151118005912,1.3256190389949347,0.9898643122674639
1475,933.0,15.0,0.075,6.0,1.3153235253327415,0.9855550629790174,1.3509676895588407,1.0027131338748825
1476,933.0,15.0,0.075,7.0,1.3432168118232077,1.0039471309800267,1.3565216206098736,1.0059905807292169
1477,933.0,15.0,0.1,1.0,1.3843537271887454,1.101188021385287,1.361059367943565,1.0669584281841427
1478,933.0,15.0,0.1,2.0,1.020604553788863,0.7972411089949604,0.986105795990406,0.7778563681162562
1479,933.0,15.0,0.1,3.0,1.0183443817885465,0.7947380639874345,0.9952656228995832,0.7796063747946165
1480,933.0,15.0,0.1,4.0,1.1368447151946708,0.881537546684994,1.1625793767874186,0.8886638995639394
1481,933.0,15.0,0.1,5.0,1.26120144380651,0.9525082865061385,1.2932137342289474,0.9602347730913957
1482,933.0,15.0,0.1,6.0,1.3340008804156909,1.012963368287188,1.3502738325179668,1.0115142781194393
1483,933.0,15.0,0.1,7.0,1.354642076271013,1.0272368507415077,1.3516939443228704,1.0153644258524397
1484,933.0,15.0,0.125,1.0,1.2834170878869042,1.0152792520566372,1.262007449614172,0.987056574534005
1485,933.0,15.0,0.125,2.0,1.0319240576024622,0.8114302102750921,0.995140174295911,0.7842646028619094
1486,933.0,15.0,0.125,3.0,0.9777723447644298,0.7610949103328003,0.9581443041721336,0.7454804099100102
1487,933.0,15.0,0.125,4.0,1.1249017001110453,0.8689024950250541,1.1435491056998153,0.8793942781988384
1488,933.0,15.0,0.125,5.0,1.2314066284100302,0.9187690579445819,1.2231993982476064,0.9075982690332743
1489,933.0,15.0,0.125,6.0,1.3424031993608299,1.0048180553526098,1.3591219344008674,1.0080646271126938
1490,933.0,15.0,0.125,7.0,1.315363005465521,0.984505495132335,1.3262677241326661,0.9911794885384383
1491,933.0,15.0,0.15,1.0,1.523228051828422,1.2167502918324276,1.4877861856412322,1.1619982609926633
1492,933.0,15.0,0.15,2.0,1.0343994956029583,0.8151161792842949,1.0128815313829436,0.7972590811835609
1493,933.0,15.0,0.15,3.0,1.003595703550302,0.7796161853788152,0.9760949219830674,0.7673303037934087
1494,933.0,15.0,0.15,4.0,1.1393536399229027,0.8728326482060225,1.156650728775617,0.8675733834659636
1495,933.0,15.0,0.15,5.0,1.2419701451401506,0.9353410410344446,1.2844369290660196,0.9513829949723288
1496,933.0,15.0,0.15,6.0,1.313548634674415,0.9961301389120717,1.3540227256824537,1.0237275654167357
1497,933.0,15.0,0.15,7.0,1.3387071990129382,1.0062204182953323,1.3652916721948454,1.0295860539195092
1498,933.0,15.0,0.175,1.0,1.5083554262079668,1.200401171659668,1.4552950071434685,1.1360617898010823
1499,933.0,15.0,0.175,2.0,1.199234436099896,0.9509364042809431,1.1381413882222364,0.8904926695139811
1500,933.0,15.0,0.175,3.0,0.9670174216466367,0.7485634352128447,0.9596017535266328,0.7576589574723317
1501,933.0,15.0,0.175,4.0,1.2119092979389623,0.9398709333066261,1.2073383352164822,0.9261382044465489
1502,933.0,15.0,0.175,5.0,1.2943016393910174,0.9856524963690547,1.276391082310587,0.9567654523106717
1503,933.0,15.0,0.175,6.0,1.2992802256999607,0.9937475524500006,1.2876162221361416,0.9694256554028059
1504,933.0,15.0,0.175,7.0,1.3379030513853774,1.0187625369455005,1.3326427503346372,1.00164575317252
1505,933.0,15.0,0.2,1.0,1.6986017261471238,1.3489563568896366,1.6448157074933594,1.275869880010268
1506,933.0,15.0,0.2,2.0,1.2754217531954366,1.0134825603091486,1.21980864295113,0.9518924837956317
1507,933.0,15.0,0.2,3.0,0.9958574824566994,0.781871855693842,0.9765979500477209,0.7721671864617802
1508,933.0,15.0,0.2,4.0,1.150383106068499,0.8849510245426541,1.1584149278507032,0.8846038746545184
1509,933.0,15.0,0.2,5.0,1.3261131258299172,1.003154060614352,1.3491867262308992,1.0211448789415223
1510,933.0,15.0,0.2,6.0,1.308251814231277,0.9959616651834162,1.339376904979624,1.0137229110524768
1511,933.0,15.0,0.2,7.0,1.409149499744316,1.0729196876805072,1.433991341206483,1.0809410712884857
1512,933.0,15.0,0.225,1.0,1.6744251152583183,1.324867379277536,1.6246860062954798,1.2667764578599126
1513,933.0,15.0,0.225,2.0,1.2136401322591959,0.9741110703060853,1.1769852496602893,0.934657323083739
1514,933.0,15.0,0.225,3.0,1.0541139445724967,0.8156801033257377,1.042449874814209,0.8065435140440301
1515,933.0,15.0,0.225,4.0,1.2170735724482935,0.9465383095227535,1.193477779735658,0.9223218808334668
1516,933.0,15.0,0.225,5.0,1.3254300831028114,1.000171174957539,1.3690697808776522,1.0405877628851077
1517,933.0,15.0,0.225,6.0,1.456766098493824,1.0956941977018309,1.4442070786201238,1.1148026047243607
1518,933.0,15.0,0.225,7.0,1.507260400712355,1.125785115802857,1.4820723919702248,1.1280751051760889
1519,933.0,15.0,0.25,1.0,1.793695870310989,1.4111091016894397,1.7341642781444293,1.3411609003120943
1520,933.0,15.0,0.25,2.0,1.1801145116611456,0.9384286773832918,1.1653209330423675,0.9177344993474862
1521,933.0,15.0,0.25,3.0,0.996610644286988,0.7756086358113564,0.9852232172629068,0.76200528367156
1522,933.0,15.0,0.25,4.0,1.1591311384361078,0.9048044679242377,1.1548897713090867,0.8824009701198782
1523,933.0,15.0,0.25,5.0,1.2999824022245503,0.9794924575414559,1.3799825174471503,1.0174558449865252
1524,933.0,15.0,0.25,6.0,1.352142320595967,1.0427600406482875,1.4249030372810658,1.0665177720146526
1525,933.0,15.0,0.25,7.0,1.3680559728041233,1.053238621569322,1.431499907899208,1.0719629552638175
1526,933.0,15.0,0.275,1.0,2.456893403958497,1.937824727421757,2.4051447500857464,1.881296675680517
1527,933.0,15.0,0.275,2.0,1.1890105080465248,0.9325060887040431,1.1577208710836004,0.9071728534373436
1528,933.0,15.0,0.275,3.0,1.052876420641656,0.8188940104340661,1.0385632044512079,0.81053655470844
1529,933.0,15.0,0.275,4.0,1.2562704737253636,0.9625214148406412,1.2955577445226503,0.9919569390996592
1530,933.0,15.0,0.275,5.0,1.255053880284333,0.9673655258647569,1.339291235917503,1.023304129501951
1531,933.0,15.0,0.275,6.0,1.3354065487032807,1.024234238555525,1.4348191691363714,1.0753367243737362
1532,933.0,15.0,0.275,7.0,1.316942058560667,1.0072472163177533,1.4409728897131675,1.072255686265223
1533,933.0,15.0,0.3,1.0,2.4049713923765412,1.8979123867462606,2.3404935367837427,1.8367312339458746
1534,933.0,15.0,0.3,2.0,1.0890070827873324,0.8531097785463505,1.0842247238495648,0.8551818581412347
1535,933.0,15.0,0.3,3.0,1.060048463100112,0.8374081541784992,1.0458043631513894,0.8152724069818545
1536,933.0,15.0,0.3,4.0,1.2258715213051699,0.9394393287651012,1.266265381420214,0.9530150579456488
1537,933.0,15.0,0.3,5.0,1.4454818310040989,1.0948282289830664,1.4724140785025717,1.0960258149898372
1538,933.0,15.0,0.3,6.0,1.4618179838692813,1.0974743119658772,1.4613014286415273,1.1089170330752431
1539,933.0,15.0,0.3,7.0,1.454002204750239,1.0931804625068497,1.4460211647684913,1.0866947662639117
1540,934.0,3.0,0.05,1.0,1.4057745371374109,1.1253101439975703,1.3996087594342848,1.125619582315852
1541,934.0,3.0,0.05,2.0,0.7640346336674818,0.6056133464871218,0.7455677617043249,0.5953483477133443
1542,934.0,3.0,0.05,3.0,0.6805392704114779,0.5329351233088612,0.6498685212364667,0.5113555874815175
1543,934.0,3.0,0.05,4.0,0.7766055652884607,0.6090193322348133,0.7366804558980857,0.5730803893737194
1544,934.0,3.0,0.05,5.0,0.8773104714321535,0.6826807662096969,0.7988509100440581,0.6230863002449554
1545,934.0,3.0,0.05,6.0,1.025848781793012,0.8083945119531618,0.9606134109489445,0.749601025105474
1546,934.0,3.0,0.05,7.0,1.1661803297306952,0.9212137457503513,1.1199932554841396,0.8854771756448205
1547,934.0,3.0,0.075,1.0,1.3137994758940474,1.0561988121519585,1.3021628159867291,1.0436549001971083
1548,934.0,3.0,0.075,2.0,0.7481491356474126,0.5969364599582738,0.7305764278667136,0.5863459995570219
1549,934.0,3.0,0.075,3.0,0.7090277061135127,0.562047462250951,0.6855853476594228,0.5485427489234856
1550,934.0,3.0,0.075,4.0,0.7721352727868162,0.6075739662522287,0.7289945319695944,0.5708223373026545
1551,934.0,3.0,0.075,5.0,0.9044607034176964,0.7062940479594962,0.8266567415150403,0.6459689444107045
1552,934.0,3.0,0.075,6.0,1.0259210822409441,0.8115410775438675,0.9608146578626432,0.7499786786542226
1553,934.0,3.0,0.075,7.0,1.153897881434327,0.9119213300572355,1.0967857744131413,0.8651813440553117
1554,934.0,3.0,0.1,1.0,1.576540922137511,1.2582181848978218,1.5836475021292968,1.2832200535281622
1555,934.0,3.0,0.1,2.0,0.7787414500701849,0.6191505446161066,0.754024571913333,0.6040817569128303
1556,934.0,3.0,0.1,3.0,0.7150168320781844,0.5621385432432452,0.6908770773076276,0.5451015408804021
1557,934.0,3.0,0.1,4.0,0.7735055965230391,0.6108732696526279,0.7487577085813796,0.588565853780385
1558,934.0,3.0,0.1,5.0,0.9342050668254558,0.734805285743773,0.8513787090129706,0.6705423768484899
1559,934.0,3.0,0.1,6.0,1.0408556540239389,0.8202980671197995,0.9602502074491384,0.7552052600332854
1560,934.0,3.0,0.1,7.0,1.170226417417296,0.9323441089439652,1.1138925371942299,0.8829176717438569
1561,934.0,3.0,0.125,1.0,1.440949892375048,1.153981832735796,1.44144999675041,1.1602504770178081
1562,934.0,3.0,0.125,2.0,0.8094105660690261,0.6320370875362291,0.7895752350254038,0.6154201445334723
1563,934.0,3.0,0.125,3.0,0.7453532252167996,0.5920804994065197,0.7318568224789304,0.5759983444515926
1564,934.0,3.0,0.125,4.0,0.812851290607217,0.6490397811939872,0.7764914997672873,0.6073178470724165
1565,934.0,3.0,0.125,5.0,0.9432622559200206,0.7344386849717861,0.871627868426422,0.667227728921762
1566,934.0,3.0,0.125,6.0,1.072551146035625,0.8437596147021017,0.9813289730508676,0.7667263041628612
1567,934.0,3.0,0.125,7.0,1.2185666214590074,0.9623669521989534,1.1293345894200937,0.896792056053936
1568,934.0,3.0,0.15,1.0,1.256258312392717,1.011548108213687,1.236211638711313,0.9922536247780345
1569,934.0,3.0,0.15,2.0,0.7394458004000924,0.579423227055448,0.731777038062672,0.5806425097998912
1570,934.0,3.0,0.15,3.0,0.7601532751756515,0.5998457364754607,0.7379149850799264,0.5903952520177623
1571,934.0,3.0,0.15,4.0,0.8531256810467764,0.6636264531416556,0.7914582350229751,0.6150632981459963
1572,934.0,3.0,0.15,5.0,0.9435069247472848,0.7373783292130566,0.8793658600935399,0.6865732713234161
1573,934.0,3.0,0.15,6.0,1.0459918360040499,0.8226782152856043,0.9710996882100711,0.7584159803370509
1574,934.0,3.0,0.15,7.0,1.1877448019639107,0.9361787754959728,1.1262777861717088,0.8859995100655844
1575,934.0,3.0,0.175,1.0,1.2007769562516697,0.972940747263104,1.17802535452295,0.9453397974586909
1576,934.0,3.0,0.175,2.0,0.7194962682951223,0.5753429483787776,0.7098770772917463,0.5692537632536208
1577,934.0,3.0,0.175,3.0,0.6952936556677142,0.545928054504525,0.6985739650393173,0.54982087503262
1578,934.0,3.0,0.175,4.0,0.8784733914281259,0.6885100399382893,0.8542199058022275,0.6753757734370597
1579,934.0,3.0,0.175,5.0,0.9673798724427114,0.7513042534137665,0.9224348060402249,0.7187244213905305
1580,934.0,3.0,0.175,6.0,1.052928816902731,0.8278281796221002,0.9788206369450264,0.7715488445949671
1581,934.0,3.0,0.175,7.0,1.2124143168882229,0.9548895860842931,1.1645961172704182,0.9214003476505574
1582,934.0,3.0,0.2,1.0,1.1985504787736319,0.9714906012939691,1.1778431251458263,0.9525162303163928
1583,934.0,3.0,0.2,2.0,0.7692528429659902,0.614948855382469,0.7680686420927946,0.6149074661721659
1584,934.0,3.0,0.2,3.0,0.8699669510234113,0.6982784631313945,0.8397173351528582,0.6645881838615546
1585,934.0,3.0,0.2,4.0,0.8963955230464554,0.6999338068246906,0.8411899468018605,0.6600447128206777
1586,934.0,3.0,0.2,5.0,1.0144701564262406,0.7976540865584341,0.9291384905441528,0.7374937328333985
1587,934.0,3.0,0.2,6.0,1.116178897138543,0.8688826530402132,1.0459407705709396,0.8056122820412301
1588,934.0,3.0,0.2,7.0,1.2307697574422594,0.9659334574703633,1.1687726924372195,0.9211454946139754
1589,934.0,3.0,0.225,1.0,1.547926678513434,1.241716361192408,1.5605960765899205,1.2594336207011643
1590,934.0,3.0,0.225,2.0,0.7486061426605406,0.5967414878846198,0.7215908416328037,0.5825709313159401
1591,934.0,3.0,0.225,3.0,0.8412112148732219,0.655186874448931,0.7814881464223373,0.6245157876286949
1592,934.0,3.0,0.225,4.0,0.8792809069050426,0.6948032466967174,0.85453880598956,0.6813032303238858
1593,934.0,3.0,0.225,5.0,1.032375831094721,0.8121895738531171,0.9676405728717055,0.7636974595844329
1594,934.0,3.0,0.225,6.0,1.0778562842068646,0.8500232376785223,1.040743899907845,0.8215179127472891
1595,934.0,3.0,0.225,7.0,1.2206010220932841,0.972873629365716,1.1851183369679117,0.9423237353304753
1596,934.0,3.0,0.25,1.0,1.1823950590333563,0.9545066246952972,1.175279651527027,0.9385687262668514
1597,934.0,3.0,0.25,2.0,0.8166637858537311,0.6392145663942566,0.774729944485664,0.6169908649624791
1598,934.0,3.0,0.25,3.0,0.8390424338766004,0.6646356915189833,0.7906983039353905,0.6351787912355881
1599,934.0,3.0,0.25,4.0,0.9281205260176333,0.7260654129519426,0.8659822814520466,0.6734952809837632
1600,934.0,3.0,0.25,5.0,1.0153989980916471,0.8008713353485023,0.9734981358989885,0.7647703551635574
1601,934.0,3.0,0.25,6.0,1.1457649763236764,0.8959822320629628,1.0922777108744366,0.8502282995792401
1602,934.0,3.0,0.25,7.0,1.241354696034364,0.9746043100737881,1.1820999092421187,0.9274629747950255
1603,934.0,3.0,0.275,1.0,1.1964510827206791,0.9722055961548682,1.1787587338255443,0.9496091016068253
1604,934.0,3.0,0.275,2.0,0.8707058407543173,0.6908114156366865,0.8586804327136178,0.6867530053881159
1605,934.0,3.0,0.275,3.0,0.8583242033281306,0.6832661024462838,0.8390420422288127,0.6695816774457923
1606,934.0,3.0,0.275,4.0,0.9174409078372102,0.7162131844902639,0.8732249650761793,0.6831802431650174
1607,934.0,3.0,0.275,5.0,1.031765023462388,0.815409027348653,1.01378420428139,0.8039506025152001
1608,934.0,3.0,0.275,6.0,1.1805922322138027,0.9290361071145519,1.1106258058976146,0.8658740839294542
1609,934.0,3.0,0.275,7.0,1.2743910483168261,1.0106585339759198,1.220704928139953,0.9403292387330405
1610,934.0,3.0,0.3,1.0,1.2703228514629545,1.0256148396633007,1.2525047549769934,1.0046244556688373
1611,934.0,3.0,0.3,2.0,0.769806922621707,0.6067551451176303,0.7488750775209803,0.5990598031399873
1612,934.0,3.0,0.3,3.0,0.8605772424287849,0.6836598986669666,0.8376744322281348,0.667726459213837
1613,934.0,3.0,0.3,4.0,0.9461874953745578,0.7472938545197056,0.9191308469968306,0.7249552469814896
1614,934.0,3.0,0.3,5.0,1.1295982653266627,0.8767607062345624,1.0267013933955846,0.7959685922853496
1615,934.0,3.0,0.3,6.0,1.1511141994518892,0.9109716557461065,1.0831705434943542,0.8313280956358079
1616,934.0,3.0,0.3,7.0,1.2666687955190448,0.9912566577184246,1.2263369526621979,0.9608287773003181
1617,934.0,6.0,0.05,1.0,1.879670429778221,1.5107176580849009,1.8946172245438475,1.542058855313413
1618,934.0,6.0,0.05,2.0,1.0174094299363745,0.7981034476260965,1.0279546743856038,0.8215819609748186
1619,934.0,6.0,0.05,3.0,0.8557494494680239,0.6642451258256963,0.823569074731041,0.6543915422706745
1620,934.0,6.0,0.05,4.0,0.8462040540584789,0.6643111622463088,0.8223423897196087,0.6541116162757468
1621,934.0,6.0,0.05,5.0,1.0342472476247433,0.8082707806069798,1.0229163661739615,0.808352816623326
1622,934.0,6.0,0.05,6.0,1.1755739328106103,0.9282943959504707,1.132688893523923,0.8931970705641177
1623,934.0,6.0,0.05,7.0,1.347075397063124,1.0588983059442052,1.2861888321088941,1.0291140939456986
1624,934.0,6.0,0.075,1.0,1.6990113952411487,1.3708418285276236,1.68999743068998,1.3633532608602978
1625,934.0,6.0,0.075,2.0,1.151529177859194,0.8962964841700742,1.1502659694396946,0.9081727914311338
1626,934.0,6.0,0.075,3.0,0.8641859419473698,0.6711382080907958,0.8400000979815709,0.6633246079040889
1627,934.0,6.0,0.075,4.0,0.9027112733788291,0.7060283288591527,0.8708873997471562,0.6876382939052386
1628,934.0,6.0,0.075,5.0,0.9939272919210647,0.7764457884617613,0.9876715590569398,0.779055031770871
1629,934.0,6.0,0.075,6.0,1.1367983576869307,0.8967643360906086,1.1059472079408184,0.8742939255021488
1630,934.0,6.0,0.075,7.0,1.3255443052771045,1.0482817851905417,1.300004363694904,1.0350266670609345
1631,934.0,6.0,0.1,1.0,2.1435651301293146,1.7354242868627452,2.1849872625029985,1.7978225674405794
1632,934.0,6.0,0.1,2.0,1.0715614262880144,0.8382065911348064,1.0900749823820814,0.8628516759534925
1633,934.0,6.0,0.1,3.0,0.9061031132505746,0.7139874617913065,0.8812625280471735,0.6950591555933988
1634,934.0,6.0,0.1,4.0,0.9359791245632583,0.7378184947635302,0.9139640700907183,0.7329665676900268
1635,934.0,6.0,0.1,5.0,1.0416842968070237,0.8199087129447746,1.0110123030985425,0.7995765065631659
1636,934.0,6.0,0.1,6.0,1.1503365006947535,0.9077144563475292,1.1153812210067797,0.8784694644589386
1637,934.0,6.0,0.1,7.0,1.3419862163577874,1.0633471541046988,1.287698210999908,1.0232535726464336
1638,934.0,6.0,0.125,1.0,2.004560958670463,1.6128105638839945,2.0318626921110123,1.6612972786032911
1639,934.0,6.0,0.125,2.0,1.1769526060653817,0.9264945613044118,1.1905571731876934,0.9530733326009827
1640,934.0,6.0,0.125,3.0,0.9046642425754127,0.704964675653881,0.867903510576016,0.6961459732109431
1641,934.0,6.0,0.125,4.0,0.8402609032819518,0.6585926432792639,0.8257277637410602,0.6480612580985395
1642,934.0,6.0,0.125,5.0,1.0388108912254055,0.8026726838048869,0.9904751633278435,0.7820426959435947
1643,934.0,6.0,0.125,6.0,1.2179392603760524,0.9667599653982273,1.1462414682784017,0.913081664016385
1644,934.0,6.0,0.125,7.0,1.371515899181052,1.0862670745039504,1.3181159173180315,1.0488906136108527
1645,934.0,6.0,0.15,1.0,2.8581459926734287,2.373075347329636,2.9442562362863565,2.4575211510070485
1646,934.0,6.0,0.15,2.0,1.0289537503522517,0.8024125851631919,1.0424734029148839,0.8305303542743132
1647,934.0,6.0,0.15,3.0,0.9444748641412265,0.7336138541904377,0.9020551671746332,0.7160895710911529
1648,934.0,6.0,0.15,4.0,0.907727022453317,0.708003390456533,0.8622835534353497,0.6813351263211354
1649,934.0,6.0,0.15,5.0,1.0600698055798705,0.8369944308441477,1.041754457761156,0.8289717731117151
1650,934.0,6.0,0.15,6.0,1.1977071771767844,0.940385318817031,1.1617687122327096,0.9119806793192233
1651,934.0,6.0,0.15,7.0,1.4004841601476794,1.1021613638499235,1.3804939256571176,1.1020189819947463
1652,934.0,6.0,0.175,1.0,2.776351151108268,2.2934112922967835,2.87424469024654,2.3966783559191907
1653,934.0,6.0,0.175,2.0,1.0479826051324705,0.8256681014466558,1.0519777862579451,0.8471567703126878
1654,934.0,6.0,0.175,3.0,0.9605695094539433,0.7519856366339182,0.9290312705659842,0.7429194263171432
1655,934.0,6.0,0.175,4.0,0.9463269328612072,0.7315131733821661,0.9159183533827555,0.727317879504604
1656,934.0,6.0,0.175,5.0,1.0604438250616113,0.8297482310645342,0.9826393922696303,0.7770314933909515
1657,934.0,6.0,0.175,6.0,1.2362672071851346,0.9738391495832593,1.1606464576594986,0.9166985195409018
1658,934.0,6.0,0.175,7.0,1.2976683161673106,1.0251451800634626,1.3005279501550526,1.031027342434275
1659,934.0,6.0,0.2,1.0,2.73794466372949,2.2673967291174155,2.824233685948549,2.3556081608930417
1660,934.0,6.0,0.2,2.0,1.0661534836752786,0.8437542228815536,1.0968640707906798,0.8853920123463415
1661,934.0,6.0,0.2,3.0,1.0402132714996069,0.8221990792866395,1.0357355047754226,0.8305739447166327
1662,934.0,6.0,0.2,4.0,0.9417377224305694,0.738717335346249,0.9185226761884623,0.7151021074983241
1663,934.0,6.0,0.2,5.0,1.0743577711913066,0.8435865707677124,1.0796177250774048,0.850959769041519
1664,934.0,6.0,0.2,6.0,1.2820089628926594,1.0106761391751462,1.1815186041421486,0.937924212928192
1665,934.0,6.0,0.2,7.0,1.3777184333483172,1.0772110646320567,1.3021067684419498,1.041812554447802
1666,934.0,6.0,0.225,1.0,2.215132713779735,1.7933460185655687,2.270528275642103,1.8661395392076925
1667,934.0,6.0,0.225,2.0,1.152359539407411,0.9171301790466295,1.1738278726457994,0.9384607904599517
1668,934.0,6.0,0.225,3.0,1.004889787140507,0.7746896463406882,0.9448062783030422,0.7340315983282637
1669,934.0,6.0,0.225,4.0,1.0095603473849675,0.7859363497353188,0.9376120841699278,0.7458187342941177
1670,934.0,6.0,0.225,5.0,1.1034753933626251,0.8631732909656824,1.1251445751315747,0.884691373337735
1671,934.0,6.0,0.225,6.0,1.20953578241338,0.9645384573790352,1.1785270915687969,0.9308598930870376
1672,934.0,6.0,0.225,7.0,1.3906452270053073,1.0943322421456652,1.3329456963444846,1.0590164984886732
1673,934.0,6.0,0.25,1.0,1.9618958222618368,1.5829343547055974,1.989959061230303,1.604241535910947
1674,934.0,6.0,0.25,2.0,1.1272617708563828,0.8815123932584156,1.1360187506846073,0.9066513228770013
1675,934.0,6.0,0.25,3.0,0.9237223043554068,0.7265499482630325,0.8747395058126698,0.6890018354441423
1676,934.0,6.0,0.25,4.0,0.9975481534287549,0.774207167117058,0.9372342660623358,0.7485371579221828
1677,934.0,6.0,0.25,5.0,1.1017981967087616,0.8662984343962645,1.0903216843235368,0.8378246071351177
1678,934.0,6.0,0.25,6.0,1.196272218787465,0.9516062976809885,1.1528307042208095,0.9047873533658083
1679,934.0,6.0,0.25,7.0,1.4036641584301341,1.10893769774843,1.3747255135107355,1.078278887172937
1680,934.0,6.0,0.275,1.0,2.1272114096308,1.7173072749615859,2.1534025864745265,1.7420765123099968
1681,934.0,6.0,0.275,2.0,1.0805148361187047,0.8582601782910564,1.0883935939022271,0.8718019127568037
1682,934.0,6.0,0.275,3.0,0.982695897861414,0.7681516638457744,0.9213225781571618,0.7315496621715142
1683,934.0,6.0,0.275,4.0,1.1346982540102981,0.8878752697630782,1.08197556623097,0.8538472929204349
1684,934.0,6.0,0.275,5.0,1.1756514024561258,0.9217727910188764,1.1012090687552587,0.8683694459507785
1685,934.0,6.0,0.275,6.0,1.344453212083171,1.0585608548436616,1.2602212105057522,0.9997345275066462
1686,934.0,6.0,0.275,7.0,1.4403730236814283,1.1207426882131464,1.3690305982080626,1.0936934428846825
1687,934.0,6.0,0.3,1.0,1.79009430714259,1.44824758222442,1.7854190794972506,1.4317762550603488
1688,934.0,6.0,0.3,2.0,1.0596968320843507,0.8452268759553349,1.1168863063550738,0.906897023434093
1689,934.0,6.0,0.3,3.0,1.0554917843899432,0.8332750301332026,1.0346145451967512,0.8189137646304189
1690,934.0,6.0,0.3,4.0,1.072289639692033,0.8468818259985951,1.0156048555335484,0.8156891188277999
1691,934.0,6.0,0.3,5.0,1.2233073795001363,0.976228998335675,1.146821234724511,0.8997878062795671
1692,934.0,6.0,0.3,6.0,1.3052082272265748,1.0341853682772213,1.2338620209444702,0.9737878684112966
1693,934.0,6.0,0.3,7.0,1.535031214146965,1.2051693402893693,1.4613710409701,1.171379113919155
1694,934.0,9.0,0.05,1.0,3.22978769043617,2.6600741693108048,3.3288308391637846,2.7744856525563146
1695,934.0,9.0,0.05,2.0,1.4475076891289769,1.1279315269529753,1.4604596286705434,1.1475070870824906
1696,934.0,9.0,0.05,3.0,1.1684515546137069,0.910015197911758,1.1830796789254954,0.9202937539166706
1697,934.0,9.0,0.05,4.0,1.1165888171642815,0.858035773211265,1.1405942116325398,0.874697988385466
1698,934.0,9.0,0.05,5.0,1.164249666428482,0.8828266835651829,1.1754347059749224,0.8997616019713799
1699,934.0,9.0,0.05,6.0,1.2320906195120696,0.9469251758952204,1.2332359057800157,0.9539094841227079
1700,934.0,9.0,0.05,7.0,1.4646416955033397,1.1375362275977814,1.4129777450554435,1.0948840827726458
1701,934.0,9.0,0.075,1.0,3.3456128898966755,2.76327364233932,3.4529687841330787,2.875624327499683
1702,934.0,9.0,0.075,2.0,1.4419380468224146,1.1145867726367475,1.4383631855003212,1.1218039203012873
1703,934.0,9.0,0.075,3.0,1.0997142289846071,0.8576257991403088,1.102526625411908,0.858154695553703
1704,934.0,9.0,0.075,4.0,1.1512500454480188,0.8815926726359521,1.1775482212394668,0.8948280733321642
1705,934.0,9.0,0.075,5.0,1.138969409904658,0.8604838403172781,1.1460345134358914,0.8926680664907815
1706,934.0,9.0,0.075,6.0,1.2582964082665213,0.9775143909251777,1.251638109120478,0.971321216333364
1707,934.0,9.0,0.075,7.0,1.4486552048127377,1.1308469818609774,1.4237908704768076,1.0956027176128416
1708,934.0,9.0,0.1,1.0,3.300237717378497,2.7268733816224,3.409506064537029,2.840739265981309
1709,934.0,9.0,0.1,2.0,1.4295758013913367,1.1138963426852884,1.435148766150335,1.120035807009376
1710,934.0,9.0,0.1,3.0,1.213330211392649,0.9464511894949712,1.215182566019772,0.9413686139420376
1711,934.0,9.0,0.1,4.0,1.0832967608236097,0.8293504546162455,1.078224374924416,0.8187312804838095
1712,934.0,9.0,0.1,5.0,1.1641364504151948,0.8990287599582744,1.1545348374825017,0.9002704624790865
1713,934.0,9.0,0.1,6.0,1.2560033458045547,0.9691331390222372,1.2304823725521574,0.96076319365984
1714,934.0,9.0,0.1,7.0,1.4372436982063301,1.1156843262140153,1.4011190459834402,1.0843788352008716
1715,934.0,9.0,0.125,1.0,3.003745636009746,2.4532902352713912,3.072304173321194,2.5567266274587928
1716,934.0,9.0,0.125,2.0,1.3318065494588454,1.0243691628129983,1.3381573080361073,1.035592500861127
1717,934.0,9.0,0.125,3.0,1.1944350724804613,0.9254384988591287,1.1836997387069044,0.920390091338564
1718,934.0,9.0,0.125,4.0,1.0261443510828487,0.7815766134567207,1.0632459683417517,0.8217279327482472
1719,934.0,9.0,0.125,5.0,1.102586221191846,0.8520011569941908,1.0971952732174988,0.8474585629824997
1720,934.0,9.0,0.125,6.0,1.29421025915874,1.0059179295072207,1.2959513865369257,0.9961808494857697
1721,934.0,9.0,0.125,7.0,1.425860441774293,1.1071166907964425,1.4015386894852058,1.0968138363320437
1722,934.0,9.0,0.15,1.0,2.970701745357718,2.4307801531434015,3.054676038243536,2.543024326534003
1723,934.0,9.0,0.15,2.0,1.2895620511628956,1.0136022329090717,1.2980361085379073,1.0151856230652134
1724,934.0,9.0,0.15,3.0,1.0561220088770955,0.8257645863230635,1.046251655701923,0.8165393659130896
1725,934.0,9.0,0.15,4.0,1.0640312450542577,0.8055995202565148,1.0607188412364157,0.8127369133778418
1726,934.0,9.0,0.15,5.0,1.1664715684505609,0.8910173115113706,1.1518082969405052,0.8873702024077313
1727,934.0,9.0,0.15,6.0,1.2878450742786203,0.9889794039748845,1.2719256899536022,0.9732794640951755
1728,934.0,9.0,0.15,7.0,1.4582321074528561,1.1247273883260323,1.4276610212733503,1.1008104563331487
1729,934.0,9.0,0.175,1.0,3.369475069956409,2.7938740224527163,3.473718848884333,2.8935160836924267
1730,934.0,9.0,0.175,2.0,1.3100140321706837,1.0276658819972764,1.330020728961935,1.048746627367177
1731,934.0,9.0,0.175,3.0,1.237175143222869,0.9682927367410205,1.2321742573126448,0.9504162196865518
1732,934.0,9.0,0.175,4.0,1.0405810605183365,0.8079295190577507,1.0757621420119872,0.8298716777192346
1733,934.0,9.0,0.175,5.0,1.1550104778300543,0.8850725180985252,1.1475534642705103,0.8929856058200955
1734,934.0,9.0,0.175,6.0,1.2620110191186689,0.990218049461012,1.2707353162331758,0.9956639468060248
1735,934.0,9.0,0.175,7.0,1.5117161810790256,1.1778354133214228,1.5104438133872176,1.1766220198226538
1736,934.0,9.0,0.2,1.0,2.9897180518475097,2.42774960796854,3.072007378735697,2.535340200593139
1737,934.0,9.0,0.2,2.0,1.3412860753545621,1.0514913450475127,1.3673777309958157,1.0681739464061653
1738,934.0,9.0,0.2,3.0,1.1818698396425045,0.9181497897935735,1.1687195489307936,0.9045994438174825
1739,934.0,9.0,0.2,4.0,1.103682203212878,0.8588586546018164,1.145974746623357,0.8828455280191064
1740,934.0,9.0,0.2,5.0,1.2421890156285127,0.9566971067293987,1.229034366226575,0.9477529436883187
1741,934.0,9.0,0.2,6.0,1.32187359317343,1.0266304562794462,1.3409687254820164,1.0499103459178458
1742,934.0,9.0,0.2,7.0,1.5436609902176561,1.2111261572757912,1.465714829713753,1.1350746278427657
1743,934.0,9.0,0.225,1.0,3.039786753902422,2.4845697457341074,3.0941626619898783,2.5655632008197453
1744,934.0,9.0,0.225,2.0,1.4652055552765437,1.1137334475726026,1.4790138721476611,1.1481683743253912
1745,934.0,9.0,0.225,3.0,1.1260620995462363,0.8989603984122009,1.1462550065477504,0.8922792771884549
1746,934.0,9.0,0.225,4.0,1.148010185633681,0.875377883362203,1.1486642230495767,0.8859674289979903
1747,934.0,9.0,0.225,5.0,1.2476821477961133,0.9508528973615933,1.2852578555765677,0.9818016370889402
1748,934.0,9.0,0.225,6.0,1.3088011469745766,1.0200819666907013,1.3014755929078141,1.0151390335205355
1749,934.0,9.0,0.225,7.0,1.5958915833123573,1.2301650169722382,1.5840807087748447,1.234720128363595
1750,934.0,9.0,0.25,1.0,2.0337058024122836,1.6248737854635975,2.0464375971521163,1.6399504544665702
1751,934.0,9.0,0.25,2.0,1.3614948670959413,1.0509597907729649,1.3863725282461392,1.080551928045142
1752,934.0,9.0,0.25,3.0,1.1317660113749495,0.8803750362489887,1.1308654421868494,0.8740499770404709
1753,934.0,9.0,0.25,4.0,1.1545079730689431,0.8865659829927844,1.1745666610580094,0.9015979304578075
1754,934.0,9.0,0.25,5.0,1.3099475292627352,1.0008578889620656,1.276869614854387,0.9776615846249198
1755,934.0,9.0,0.25,6.0,1.3466049119219763,1.0250917489534548,1.3256801271271468,1.012098014017515
1756,934.0,9.0,0.25,7.0,1.578167083472786,1.2209370762336185,1.559338215859851,1.2162354797453154
1757,934.0,9.0,0.275,1.0,2.271530390297581,1.7937266312987683,2.2811531724578575,1.8235376580834564
1758,934.0,9.0,0.275,2.0,1.3110502981881789,1.0233720915293565,1.3050351228880825,1.0110229266304351
1759,934.0,9.0,0.275,3.0,1.2885218343373088,1.002237016250877,1.2586319115731854,0.9811358260666397
1760,934.0,9.0,0.275,4.0,1.223744942516473,0.9484953271678179,1.2519454485471149,0.9557587132161017
1761,934.0,9.0,0.275,5.0,1.2918747794981837,0.9947644240239664,1.3011033605281035,1.0086395297193107
1762,934.0,9.0,0.275,6.0,1.4505054279158787,1.1023102226723696,1.43019503470309,1.1086482047152457
1763,934.0,9.0,0.275,7.0,1.5454459974381567,1.1864951145389169,1.4842728696552476,1.1592066109788457
1764,934.0,9.0,0.3,1.0,3.2906788286523145,2.7133179194538575,3.3918015638741155,2.7991840148062908
1765,934.0,9.0,0.3,2.0,1.3093668306401252,1.0143877096839835,1.305366920276876,1.023248847304927
1766,934.0,9.0,0.3,3.0,1.1837012374536924,0.9212759555466195,1.1849672225165588,0.9327117390349092
1767,934.0,9.0,0.3,4.0,1.1870306604438354,0.9072280928477643,1.1880694728649361,0.9226709828651053
1768,934.0,9.0,0.3,5.0,1.3081861816041294,1.0135475087819736,1.280266283400141,1.0121338851339288
1769,934.0,9.0,0.3,6.0,1.3869219473884171,1.0606231845966378,1.3358346795228182,1.032928959079767
1770,934.0,9.0,0.3,7.0,1.5914732638630065,1.221321831081701,1.574219267151011,1.222495604246261
1771,934.0,12.0,0.05,1.0,2.9152642982008254,2.3640135084313085,3.0741577869444336,2.506726256107492
1772,934.0,12.0,0.05,2.0,2.92545867575422,2.3961563058171804,3.0910118234567103,2.5382176480323877
1773,934.0,12.0,0.05,3.0,1.3580509832978283,1.0597805747617943,1.392609815593129,1.094910987956086
1774,934.0,12.0,0.05,4.0,1.3068087268080397,1.0080960195651663,1.3331449740335948,1.0460927830957676
1775,934.0,12.0,0.05,5.0,1.2527524618946364,0.9585471785789637,1.2885003757184978,0.9897373318843288
1776,934.0,12.0,0.05,6.0,1.3393676666486425,1.0318742716134366,1.3585371507441864,1.053127155008235
1777,934.0,12.0,0.05,7.0,1.5666601310880963,1.2107077663225254,1.6000971425425599,1.2436240836866945
1778,934.0,12.0,0.075,1.0,2.95761885578821,2.403767730804592,3.115702718857426,2.5414962288043332
1779,934.0,12.0,0.075,2.0,2.6161987490759713,2.101413299374804,2.7426283323601996,2.2507489851690203
1780,934.0,12.0,0.075,3.0,1.4816829350338174,1.1460705701751386,1.509509330169092,1.1763356354752619
1781,934.0,12.0,0.075,4.0,1.2983044309930412,1.0042828091877445,1.3239426810181723,1.0425017969992303
1782,934.0,12.0,0.075,5.0,1.2957035811447297,0.9919832492644377,1.3494152018415482,1.037118426118097
1783,934.0,12.0,0.075,6.0,1.3734279411435193,1.0655263852706163,1.3955891370325353,1.0906103669381437
1784,934.0,12.0,0.075,7.0,1.556121476340889,1.2011218644713395,1.5899474001112381,1.2372622922782825
1785,934.0,12.0,0.1,1.0,2.947711007835223,2.392120231462681,3.107409420720557,2.533864063904826
1786,934.0,12.0,0.1,2.0,2.931251816182204,2.3950799223268833,3.0914470086849515,2.5339900575050445
1787,934.0,12.0,0.1,3.0,1.4025329955687649,1.0884081038106863,1.4164090481095462,1.1131218442602222
1788,934.0,12.0,0.1,4.0,1.3297309041753302,1.0235259267169234,1.341100965887827,1.0533709268109328
1789,934.0,12.0,0.1,5.0,1.1949810473055231,0.9288836586595969,1.2605943491231086,0.9764699746490976
1790,934.0,12.0,0.1,6.0,1.373316576641077,1.0672692773142896,1.3970289421648472,1.088291157863274
1791,934.0,12.0,0.1,7.0,1.5858402576980586,1.2275063876643948,1.6181691479738343,1.2555434570674984
1792,934.0,12.0,0.125,1.0,2.988089009734452,2.4221098122136655,3.1389793156466497,2.5550589231894127
1793,934.0,12.0,0.125,2.0,1.64717634132226,1.2847543213835786,1.6740385484833455,1.2974205618163976
1794,934.0,12.0,0.125,3.0,1.4340382997221428,1.1126225369547293,1.456813838180221,1.1486518471670204
1795,934.0,12.0,0.125,4.0,1.3038722782001806,1.0168401829630076,1.2975632462400921,1.0129761666270376
1796,934.0,12.0,0.125,5.0,1.1827800864981077,0.9113353861592866,1.219297996604512,0.941069384547588
1797,934.0,12.0,0.125,6.0,1.3730163423147779,1.06286311049128,1.400480008997338,1.0844353911545224
1798,934.0,12.0,0.125,7.0,1.5890768346719624,1.2248606615985098,1.6435702905175258,1.2710775000980417
1799,934.0,12.0,0.15,1.0,2.9961117178105727,2.4319766075977767,3.1443597494587303,2.5600311352226544
1800,934.0,12.0,0.15,2.0,1.6055608704946547,1.2552634292986378,1.6486761661241596,1.3021415448311253
1801,934.0,12.0,0.15,3.0,1.46822064039043,1.1433643433325447,1.4915781039950355,1.1900120327696107
1802,934.0,12.0,0.15,4.0,1.3669191987520017,1.0507027486180986,1.3745846679154818,1.067072738558558
1803,934.0,12.0,0.15,5.0,1.303557909242182,0.9930198016787588,1.3689798307219117,1.057735665726916
1804,934.0,12.0,0.15,6.0,1.3371612622032383,1.0288033389237308,1.3681225345833026,1.0586669786500316
1805,934.0,12.0,0.15,7.0,1.6095012640580246,1.240632518680348,1.6459203664768427,1.2780060504279227
1806,934.0,12.0,0.175,1.0,3.0876498478388164,2.5060996644331306,3.2270853338371834,2.6334799633645862
1807,934.0,12.0,0.175,2.0,3.0956985244729998,2.556823216807427,3.2490323297442196,2.672445165322988
1808,934.0,12.0,0.175,3.0,1.3585422055196794,1.0465180402700158,1.352667705745888,1.059182126469261
1809,934.0,12.0,0.175,4.0,1.2538128399679265,0.9665363344024155,1.2800649803924227,1.0040560416831867
1810,934.0,12.0,0.175,5.0,1.2762795123567583,0.9949173960257047,1.3256361892251314,1.0152106146565447
1811,934.0,12.0,0.175,6.0,1.4203424549089592,1.1138418416164846,1.4258933409803514,1.110830157127724
1812,934.0,12.0,0.175,7.0,1.5699582853910226,1.1964787701529644,1.631402657240356,1.2555777944184592
1813,934.0,12.0,0.2,1.0,3.077101480753725,2.505128275427804,3.2245166073413647,2.6336168014150627
1814,934.0,12.0,0.2,2.0,1.6338167260991538,1.2732707878655303,1.6617357230956051,1.3202481585489145
1815,934.0,12.0,0.2,3.0,1.2954699665650518,1.008435865325154,1.3228758271944945,1.032871846790752
1816,934.0,12.0,0.2,4.0,1.3051869970582963,1.0079818423578069,1.317195920626493,1.039404538109101
1817,934.0,12.0,0.2,5.0,1.3103315172518326,1.021063748321119,1.3624139698648454,1.0388962985842605
1818,934.0,12.0,0.2,6.0,1.3838957051046352,1.0783758513215917,1.4346169456457096,1.1244789253855023
1819,934.0,12.0,0.2,7.0,1.5739814116930095,1.207663313948378,1.6483876448567965,1.2829959460572333
1820,934.0,12.0,0.225,1.0,3.202202336625587,2.598383451365746,3.3229493381730126,2.7141308211466257
1821,934.0,12.0,0.225,2.0,1.6575069588840023,1.3138437217851828,1.6882863200069915,1.3319818146447515
1822,934.0,12.0,0.225,3.0,1.386483855322007,1.0731395132904185,1.4145320214757744,1.1167429076586874
1823,934.0,12.0,0.225,4.0,1.302158464986711,1.0210275116650507,1.378150942416904,1.0820325988491917
1824,934.0,12.0,0.225,5.0,1.3035755304088177,1.0028123802877607,1.3461853273981617,1.0389561709658248
1825,934.0,12.0,0.225,6.0,1.4964758892047378,1.1619937001514047,1.5003279575959876,1.1599701154997932
1826,934.0,12.0,0.225,7.0,1.58437695879575,1.2469935172930044,1.62767273444877,1.2663528301299334
1827,934.0,12.0,0.25,1.0,3.255408226671459,2.6285971718852057,3.3682146961153787,2.740144197471055
1828,934.0,12.0,0.25,2.0,1.4130353381447067,1.104298691700742,1.4338231978489613,1.1189706138730109
1829,934.0,12.0,0.25,3.0,1.3605263431948948,1.060177166318599,1.3983310917085758,1.1077900835450665
1830,934.0,12.0,0.25,4.0,1.2416441946525254,0.982349741766155,1.2607704461931486,0.9951193166315865
1831,934.0,12.0,0.25,5.0,1.2937455598665997,0.9940625408628603,1.3340584758930119,1.03738616519469
1832,934.0,12.0,0.25,6.0,1.4960030902520047,1.1744887334746754,1.4952876144703267,1.1640738787649798
1833,934.0,12.0,0.25,7.0,1.5635123008098843,1.2290590258993124,1.7041449307632341,1.3220366955726703
1834,934.0,12.0,0.275,1.0,3.365229486580288,2.7200183985467046,3.4757154685630223,2.836538010629987
1835,934.0,12.0,0.275,2.0,1.5843967120699138,1.2536951180502742,1.6374454335677573,1.2756301516055784
1836,934.0,12.0,0.275,3.0,1.490772254321211,1.1632222766695508,1.4915436218555738,1.1694293678701986
1837,934.0,12.0,0.275,4.0,1.3640316194380353,1.0609620163450288,1.3332538327996337,1.0385018816305778
1838,934.0,12.0,0.275,5.0,1.3149270423264827,1.0469244457218174,1.394830010263517,1.0945723101449243
1839,934.0,12.0,0.275,6.0,1.4047045112333783,1.0866497417740517,1.4076834441044719,1.104998867407895
1840,934.0,12.0,0.275,7.0,1.614166172634718,1.2741355626905488,1.6524870347476457,1.3019609868046098
1841,934.0,12.0,0.3,1.0,3.5018992560291857,2.839729888761335,3.6136669398280823,2.9390440412989047
1842,934.0,12.0,0.3,2.0,2.074833185263147,1.629746798518117,2.1042561121545154,1.6716907748080716
1843,934.0,12.0,0.3,3.0,1.3254671865940806,1.031537600816723,1.3717741414340168,1.0740774407366993
1844,934.0,12.0,0.3,4.0,1.5362585712232129,1.2039371431080659,1.5268223151202582,1.204213844076282
1845,934.0,12.0,0.3,5.0,1.3995989754936051,1.0952369846652577,1.4466999767496214,1.1260937484397735
1846,934.0,12.0,0.3,6.0,1.4805226121786443,1.1443301160595643,1.4803236945931688,1.1501253022455402
1847,934.0,12.0,0.3,7.0,1.6543637659705326,1.2911252777972055,1.6914278193278471,1.3106231411710791
1848,934.0,15.0,0.05,1.0,2.844471219258166,2.2384001503673563,2.9975591429788757,2.4056337395592946
1849,934.0,15.0,0.05,2.0,2.7638806126655893,2.2284083443553446,2.908315631892834,2.366471336934226
1850,934.0,15.0,0.05,3.0,2.8947651063623185,2.371089414803012,3.0489039988321642,2.5046309624756433
1851,934.0,15.0,0.05,4.0,1.5747695071353924,1.2087984722233123,1.621464639743886,1.2710249429317377
1852,934.0,15.0,0.05,5.0,1.3508930630104277,1.0626500396163283,1.407586571883157,1.1080802906089648
1853,934.0,15.0,0.05,6.0,1.3502000974672972,1.0544457568417502,1.40633566897497,1.1089274436405632
1854,934.0,15.0,0.05,7.0,1.5225168395008946,1.1988676031275765,1.583415348608309,1.2633545799122081
1855,934.0,15.0,0.075,1.0,2.873805331385422,2.262672767829974,3.010207165052164,2.417107145537056
1856,934.0,15.0,0.075,2.0,2.7784728311064018,2.2495497726092246,2.9176468167163434,2.3828511980999534
1857,934.0,15.0,0.075,3.0,2.9619379730158313,2.4290047770925796,3.107474652960475,2.551431843395569
1858,934.0,15.0,0.075,4.0,2.64753284806551,2.1467528288556155,2.772962217829855,2.2606436183854677
1859,934.0,15.0,0.075,5.0,1.2857159679239079,1.00338026625334,1.2971554557341134,1.02389688927566
1860,934.0,15.0,0.075,6.0,1.3292903147536268,1.0519252450916783,1.387998527923148,1.1043005257508027
1861,934.0,15.0,0.075,7.0,1.5564247133451055,1.2202017484012135,1.6149417373360444,1.2709734140124227
1862,934.0,15.0,0.1,1.0,2.877096544323136,2.2629546609142106,3.0113937453090918,2.4167008162457417
1863,934.0,15.0,0.1,2.0,2.8257208138087386,2.2901822278105124,2.9703824199089266,2.426784088765745
1864,934.0,15.0,0.1,3.0,2.890539051332736,2.3661590122565737,3.034622351619279,2.491823792887336
1865,934.0,15.0,0.1,4.0,1.5523702131445538,1.1879134185015905,1.5464190653446965,1.201428290484074
1866,934.0,15.0,0.1,5.0,1.3784572968527002,1.0764996862903726,1.4341471803833785,1.1210029196916453
1867,934.0,15.0,0.1,6.0,1.3628237576765592,1.0801593561505465,1.3990367499999865,1.1079151212219536
1868,934.0,15.0,0.1,7.0,1.5307750296391522,1.204805175569657,1.602284145275367,1.2773119578020933
1869,934.0,15.0,0.125,1.0,2.897257838274767,2.2897263327596393,3.0536049508540497,2.4611824634279644
1870,934.0,15.0,0.125,2.0,2.799141028571452,2.2539773143146826,2.9544824030754784,2.409101810107108
1871,934.0,15.0,0.125,3.0,3.0994250690966245,2.529386053318874,3.2169021531640163,2.646061964042172
1872,934.0,15.0,0.125,4.0,1.586494937873087,1.211968683959107,1.6145672499950832,1.2492963126855299
1873,934.0,15.0,0.125,5.0,1.306398574195915,1.0291809917189572,1.320712706945991,1.0266435026496519
1874,934.0,15.0,0.125,6.0,1.3841584766376698,1.1024311538436995,1.4082230977562384,1.1285755412075769
1875,934.0,15.0,0.125,7.0,1.5189938408845067,1.19138504058587,1.5889454776454788,1.2504830004189547
1876,934.0,15.0,0.15,1.0,2.953747362005309,2.3187596506701373,3.0760746766733074,2.4778328542336148
1877,934.0,15.0,0.15,2.0,2.9132718582863086,2.3420996865921633,3.064575100513646,2.4928614619540816
1878,934.0,15.0,0.15,3.0,2.9435014284825054,2.385830432647605,3.082644428509892,2.525252116900308
1879,934.0,15.0,0.15,4.0,1.4995289250952375,1.1631816102066506,1.55269749509477,1.2243816983232783
1880,934.0,15.0,0.15,5.0,1.2674811875245253,1.0165969095669825,1.3038791607663245,1.029436354115661
1881,934.0,15.0,0.15,6.0,1.38984880754752,1.1091600451600356,1.4502562430875214,1.1566129519641655
1882,934.0,15.0,0.15,7.0,1.5360383774815936,1.2007740427029872,1.5903853626534497,1.2544511411857815
1883,934.0,15.0,0.175,1.0,2.9517318807675252,2.337069372483052,3.1078650375308645,2.516535776582311
1884,934.0,15.0,0.175,2.0,3.1484276839956498,2.5606655844618174,3.276179738323811,2.6808237940906765
1885,934.0,15.0,0.175,3.0,3.0725763157271224,2.450271921356225,3.1953912585022524,2.6105931422277115
1886,934.0,15.0,0.175,4.0,1.6812444830954396,1.3025167410046032,1.6586420383521918,1.305010411691997
1887,934.0,15.0,0.175,5.0,1.3579072256072267,1.0586839473597383,1.372966348338045,1.0609733577302987
1888,934.0,15.0,0.175,6.0,1.409200702201621,1.118227741277392,1.4595514917268284,1.1677124269791288
1889,934.0,15.0,0.175,7.0,1.5778289226168005,1.2548532955021598,1.6341695435427679,1.293784656639876
1890,934.0,15.0,0.2,1.0,3.046833371257454,2.433226106093395,3.2185612337262457,2.6205632895820967
1891,934.0,15.0,0.2,2.0,3.173049084811437,2.5777682336471615,3.3282356819610484,2.708087946717867
1892,934.0,15.0,0.2,3.0,1.6454113022226082,1.2761448693237305,1.6325193321713234,1.2672874273537196
1893,934.0,15.0,0.2,4.0,1.5122520268258495,1.137190110677718,1.5073973653321924,1.1726543477130258
1894,934.0,15.0,0.2,5.0,1.3999639418636414,1.0917885465278045,1.4042922999488388,1.0992827660308147
1895,934.0,15.0,0.2,6.0,1.4421780592148563,1.1319699186006265,1.4675262266014517,1.1524019682798148
1896,934.0,15.0,0.2,7.0,1.5503397831691665,1.2314643324106336,1.631282999733418,1.2729346309700476
1897,934.0,15.0,0.225,1.0,3.139676634522673,2.51368274240761,3.309454973800887,2.696451806476005
1898,934.0,15.0,0.225,2.0,3.1133742289979995,2.5259951959239624,3.2782033415164946,2.6669071660482397
1899,934.0,15.0,0.225,3.0,1.653474973315358,1.2813404831315303,1.6503371749399944,1.2748560121295758
1900,934.0,15.0,0.225,4.0,1.5404263735175379,1.1911990638347583,1.5588520492180957,1.2071996706826476
1901,934.0,15.0,0.225,5.0,1.3459239347176257,1.0529256835993501,1.3533876541027299,1.0654781010510106
1902,934.0,15.0,0.225,6.0,1.4740556971496936,1.1477162254303748,1.4965949265451468,1.1846889265811793
1903,934.0,15.0,0.225,7.0,1.5542757651508308,1.2219800067816022,1.6203170748046218,1.2899539532659237
1904,934.0,15.0,0.25,1.0,3.2074057638590037,2.5805238431603206,3.3792614845064866,2.746970498557322
1905,934.0,15.0,0.25,2.0,3.253086109663467,2.609153129966283,3.38888812499671,2.7441060321705155
1906,934.0,15.0,0.25,3.0,3.100760944696741,2.5165018430723913,3.2187126132236106,2.614847143634871
1907,934.0,15.0,0.25,4.0,1.6623430065353608,1.2661906652964003,1.656770021154763,1.2826582307561556
1908,934.0,15.0,0.25,5.0,1.341368850948389,1.0620442425377055,1.395281486825756,1.0913189534510674
1909,934.0,15.0,0.25,6.0,1.3812477582348512,1.0763128203369805,1.465910496738589,1.1734516661136098
1910,934.0,15.0,0.25,7.0,1.5365593988383976,1.208572479861667,1.6217260716692832,1.2836703345007414
1911,934.0,15.0,0.275,1.0,3.2527787926320597,2.611932593860597,3.4041920699963284,2.770331678159513
1912,934.0,15.0,0.275,2.0,3.246428740701401,2.6130358726025404,3.4216422091418495,2.7683017264816443
1913,934.0,15.0,0.275,3.0,3.118565406068786,2.5491030428188552,3.2236266653846375,2.625392719769478
1914,934.0,15.0,0.275,4.0,1.7720962625398269,1.3468667581666798,1.8001679968578514,1.3836835763989617
1915,934.0,15.0,0.275,5.0,1.407569607215672,1.1022425222423007,1.3899835966730454,1.0911002508091951
1916,934.0,15.0,0.275,6.0,1.5343245976856752,1.1921822842901844,1.6292937591947991,1.3013848064741205
1917,934.0,15.0,0.275,7.0,1.6114065389900625,1.2604944426852247,1.6966447563398868,1.3187988380156566
1918,934.0,15.0,0.3,1.0,3.1887088887091277,2.532890516862045,3.3095957870761525,2.673335727323249
1919,934.0,15.0,0.3,2.0,3.550595372719775,2.887575829169069,3.670912704273996,2.973466111788166
1920,934.0,15.0,0.3,3.0,3.2756567547643693,2.644966288807443,3.373713262165665,2.749017785013601
1921,934.0,15.0,0.3,4.0,1.6783502772132828,1.2601398725142636,1.709799757894547,1.3203570051610891
1922,934.0,15.0,0.3,5.0,1.3716115175209378,1.071631395224059,1.4687738290049344,1.1574156135733158
1923,934.0,15.0,0.3,6.0,1.444983343061242,1.1494679606416196,1.5201486552703998,1.2160253983282172
1924,934.0,15.0,0.3,7.0,1.6677430540386504,1.325141663292858,1.7221126733641101,1.3640456974219406
1925,935.0,3.0,0.05,1.0,2.150575462791065,1.7588378626430667,2.1167977967255074,1.7591282872842966
1926,935.0,3.0,0.05,2.0,0.9167511016114409,0.7265823402157157,0.8963990675800939,0.721686013841684
1927,935.0,3.0,0.05,3.0,0.9166400590206425,0.7229266944009075,0.8950484162564991,0.7055630975705812
1928,935.0,3.0,0.05,4.0,1.026034821985778,0.8024379217468157,0.9796607737168233,0.762628713535364
1929,935.0,3.0,0.05,5.0,1.0430068277460254,0.8024900998864817,1.0526968534028078,0.816862023798346
1930,935.0,3.0,0.05,6.0,1.2400234640108556,0.9554116691671101,1.2297261916735678,0.9687331349141607
1931,935.0,3.0,0.05,7.0,1.4522204463715178,1.1280447807403404,1.4476377199605477,1.1465254373957319
1932,935.0,3.0,0.075,1.0,2.1960676898416382,1.800139797652474,2.1693098990270108,1.8011212439767268
1933,935.0,3.0,0.075,2.0,0.9056081519336959,0.7200211516173297,0.8843903612798802,0.7115595850945108
1934,935.0,3.0,0.075,3.0,1.027556257346861,0.818395147304411,0.9869342993323937,0.7841449364669131
1935,935.0,3.0,0.075,4.0,1.0314507286554229,0.8200188039540756,0.9963213002455663,0.7850900044579455
1936,935.0,3.0,0.075,5.0,1.0802276482378508,0.8252386896460636,1.096531807037478,0.8548234523346739
1937,935.0,3.0,0.075,6.0,1.237463341216984,0.9573895780035493,1.2318522166156198,0.9680606412718282
1938,935.0,3.0,0.075,7.0,1.479210723056839,1.1464794513206533,1.4940315552552879,1.1862428461695163
1939,935.0,3.0,0.1,1.0,2.0867275868223363,1.700973732822487,2.042292028561167,1.69532420263091
1940,935.0,3.0,0.1,2.0,0.943311576541426,0.7488622426338603,0.9295405596559323,0.7473517319699537
1941,935.0,3.0,0.1,3.0,0.9067124251367219,0.717635732870309,0.899553558473309,0.7090218677724631
1942,935.0,3.0,0.1,4.0,1.065725346453331,0.8357597523211412,1.0337994758041118,0.8122258549384946
1943,935.0,3.0,0.1,5.0,1.068897151937124,0.8215651823009803,1.0575692606514906,0.817065520614481
1944,935.0,3.0,0.1,6.0,1.248721453601075,0.949418522720038,1.2336129948548102,0.9681510227278717
1945,935.0,3.0,0.1,7.0,1.4665028416968098,1.1376252295793834,1.4455208263198112,1.1495179089599619
1946,935.0,3.0,0.125,1.0,2.131613361628797,1.7435087880842361,2.0984492361579794,1.7442196212091905
1947,935.0,3.0,0.125,2.0,0.8954399171061881,0.7002004610552258,0.8891863468087031,0.7092484497923882
1948,935.0,3.0,0.125,3.0,0.8680187305313226,0.6820544052853702,0.8762969937629274,0.6964410017490215
1949,935.0,3.0,0.125,4.0,1.033103270046333,0.8156164859171336,0.9853486724310263,0.7684835084097805
1950,935.0,3.0,0.125,5.0,1.0459600287316984,0.8072205586855116,1.0681523992353454,0.8356640009477299
1951,935.0,3.0,0.125,6.0,1.2575228656746589,0.9613693153910269,1.2278682156041383,0.9630347429639811
1952,935.0,3.0,0.125,7.0,1.4473342413700852,1.1209899114692798,1.4472341742332946,1.1405444860829115
1953,935.0,3.0,0.15,1.0,2.136959600621314,1.7419588085063684,2.0918582517695388,1.736173289202645
1954,935.0,3.0,0.15,2.0,0.7695998042575148,0.6046115304847587,0.7702561270192653,0.6255827006900465
1955,935.0,3.0,0.15,3.0,1.0478058980047122,0.8327014847782288,1.0399477071644077,0.8204371460306058
1956,935.0,3.0,0.15,4.0,1.064325618182834,0.82645286333227,1.014066776977584,0.7973269045648153
1957,935.0,3.0,0.15,5.0,1.1374129970763993,0.8761314785802662,1.1530665185652411,0.8882135299469391
1958,935.0,3.0,0.15,6.0,1.2416367387823697,0.9538966880762225,1.2541345476484183,0.9862301083901682
1959,935.0,3.0,0.15,7.0,1.5075923952067034,1.1597907390579483,1.4853819932282837,1.1612161530380345
1960,935.0,3.0,0.175,1.0,1.6675678724537986,1.3247895496027504,1.6407733221692802,1.3308576405395005
1961,935.0,3.0,0.175,2.0,0.933815887450048,0.7476015092319603,0.9181796394674185,0.7389651261013737
1962,935.0,3.0,0.175,3.0,0.9995739732895519,0.7886763024966734,0.9459174393212603,0.7586484654464757
1963,935.0,3.0,0.175,4.0,1.0233936136888495,0.8082098298171523,1.0233180279003549,0.8073257773992377
1964,935.0,3.0,0.175,5.0,1.0719501008901955,0.8251618224949832,1.125344808279194,0.8808276822229061
1965,935.0,3.0,0.175,6.0,1.2611216510083645,0.9599041808404406,1.2761301826939437,0.9921115415326413
1966,935.0,3.0,0.175,7.0,1.4726701607060242,1.1427755327145026,1.4868641707485022,1.181207415350426
1967,935.0,3.0,0.2,1.0,2.3283601014975166,1.913127065599507,2.2837013338224836,1.8847801897811236
1968,935.0,3.0,0.2,2.0,0.9546343240699057,0.7602252931951675,0.9402884500480204,0.7516587184762961
1969,935.0,3.0,0.2,3.0,1.043708552999184,0.8284039912817682,1.0216951258257327,0.815566820252143
1970,935.0,3.0,0.2,4.0,1.1209359742097877,0.9038286253060368,1.092151975717812,0.8667536931801526
1971,935.0,3.0,0.2,5.0,1.1156455000165293,0.8695203930005073,1.127061952897569,0.8935757111890413
1972,935.0,3.0,0.2,6.0,1.2589028197039036,0.9548086452060011,1.2447440953603608,0.9822813388444248
1973,935.0,3.0,0.2,7.0,1.5113110639324674,1.156524095347599,1.5020360970389828,1.1754082037924605
1974,935.0,3.0,0.225,1.0,1.750438303679136,1.395773688057469,1.7123925668009623,1.3796003797334906
1975,935.0,3.0,0.225,2.0,0.7612958680402632,0.6060196488898347,0.7805346982829194,0.6186805206689343
1976,935.0,3.0,0.225,3.0,1.0176765059804977,0.8089901919688405,0.9596288366463309,0.7645745673199749
1977,935.0,3.0,0.225,4.0,1.138117812819046,0.9054401360098295,1.1219381898709804,0.8818623908411904
1978,935.0,3.0,0.225,5.0,1.1375932667866213,0.896014620467105,1.1517629708943447,0.8975143951723628
1979,935.0,3.0,0.225,6.0,1.286785033421375,0.9881425685761277,1.2720735738980176,0.9988621741309791
1980,935.0,3.0,0.225,7.0,1.488537655191691,1.1521180169820542,1.5396371592941238,1.224164133058446
1981,935.0,3.0,0.25,1.0,2.211142843379721,1.8080465237212948,2.159201634379586,1.7737923403222362
1982,935.0,3.0,0.25,2.0,0.7604870003233433,0.6005344236453204,0.759656029521838,0.6035887925322745
1983,935.0,3.0,0.25,3.0,0.9727785306686644,0.7621444933201998,0.9651382028683063,0.7635632620380156
1984,935.0,3.0,0.25,4.0,1.1312213645889058,0.88977988495757,1.155337019189356,0.8972701095063758
1985,935.0,3.0,0.25,5.0,1.1703093461810574,0.915375386934643,1.2023528265245291,0.9358293898615201
1986,935.0,3.0,0.25,6.0,1.2997245544309424,1.0020803057207612,1.3244553281772395,1.046893190573628
1987,935.0,3.0,0.25,7.0,1.4858854669047736,1.1337387785452429,1.4888007075031404,1.1512543522066307
1988,935.0,3.0,0.275,1.0,2.203989152915847,1.78247266199601,2.141412789235146,1.7519301144363886
1989,935.0,3.0,0.275,2.0,0.8571129537445743,0.676320776724493,0.8276719226127756,0.6539181186568225
1990,935.0,3.0,0.275,3.0,1.1319556787258858,0.8892472980071984,1.0819512289854103,0.8557291911076327
1991,935.0,3.0,0.275,4.0,1.1615330874063097,0.9299838781497944,1.1773666310187132,0.9205157767268842
1992,935.0,3.0,0.275,5.0,1.184390112920562,0.9183212224890824,1.2105130097565877,0.9467446856393652
1993,935.0,3.0,0.275,6.0,1.3789102457298037,1.0501386324205633,1.3798317604084245,1.0813338008698856
1994,935.0,3.0,0.275,7.0,1.5354563468098572,1.1781650532553707,1.5152636530997399,1.191404252254325
1995,935.0,3.0,0.3,1.0,1.6993649560387365,1.3295415804241801,1.675744474369684,1.3455857895335088
1996,935.0,3.0,0.3,2.0,1.0256990762789782,0.8118395044675131,1.0156408471353804,0.82157052812379
1997,935.0,3.0,0.3,3.0,1.0818543537762741,0.8542951043300547,1.0465921615653393,0.8176095835452533
1998,935.0,3.0,0.3,4.0,1.2459572300880328,0.9916364166596919,1.2574628780043524,0.9711182047309029
1999,935.0,3.0,0.3,5.0,1.1883493507774905,0.9267674800999517,1.2191748603379584,0.9325064706666538
2000,935.0,3.0,0.3,6.0,1.396457441080479,1.078569486683422,1.4148234729414493,1.1081087301375157
2001,935.0,3.0,0.3,7.0,1.5570149297391362,1.1983629460029668,1.532633757125437,1.1975514006988583
2002,935.0,6.0,0.05,1.0,2.860772378533054,2.320760078966149,2.944889593939162,2.389269068206712
2003,935.0,6.0,0.05,2.0,1.4868838613484971,1.1943742149744379,1.5933765214656013,1.271127929957997
2004,935.0,6.0,0.05,3.0,1.2824805060353548,1.0046848368964205,1.3420755185250959,1.059377624210474
2005,935.0,6.0,0.05,4.0,1.123494835267932,0.88226010690634,1.1316883753348748,0.8938127410204023
2006,935.0,6.0,0.05,5.0,1.1839385995083702,0.9307188166635905,1.1974698617906163,0.9385209875315579
2007,935.0,6.0,0.05,6.0,1.2210448936258225,0.955765807862326,1.2600796042794677,0.9814443915612385
2008,935.0,6.0,0.05,7.0,1.3433161382184582,1.0404846350657728,1.3948885963158457,1.0881247555797509
2009,935.0,6.0,0.075,1.0,3.1756248084337013,2.57896407853829,3.291358311473614,2.681628660655523
2010,935.0,6.0,0.075,2.0,1.4392196455332658,1.1564670554710865,1.5386493163718016,1.2297074429069819
2011,935.0,6.0,0.075,3.0,1.3140518554374485,1.031382099071527,1.3814002179373344,1.0974222596137304
2012,935.0,6.0,0.075,4.0,1.151635804381561,0.9013983785363039,1.1698393986672084,0.9335284917346706
2013,935.0,6.0,0.075,5.0,1.1752506396151061,0.9284707866999229,1.1912931058320155,0.9210059679725482
2014,935.0,6.0,0.075,6.0,1.2144312439869487,0.9626367244253697,1.2613608193692625,0.980860488499945
2015,935.0,6.0,0.075,7.0,1.3318516287813864,1.0399364018639043,1.3822064940428118,1.071836553851248
2016,935.0,6.0,0.1,1.0,2.807927460952711,2.2779858037371796,2.88631019723933,2.3383215602802156
2017,935.0,6.0,0.1,2.0,1.4198205717368513,1.1412926328715778,1.5270655268763078,1.213973852191113
2018,935.0,6.0,0.1,3.0,1.196288438141174,0.9338489844908522,1.256781794033233,0.9890395796703811
2019,935.0,6.0,0.1,4.0,1.1210719341704034,0.8722289781489099,1.125392277008368,0.8838598880358527
2020,935.0,6.0,0.1,5.0,1.2467687197762483,0.9821358764287379,1.2627996413766203,0.9853986632828832
2021,935.0,6.0,0.1,6.0,1.2551575525071168,0.9510486435853256,1.2703121490083007,0.977769473103014
2022,935.0,6.0,0.1,7.0,1.3930594585134999,1.0720416887850202,1.4443836728048205,1.1273101029396875
2023,935.0,6.0,0.125,1.0,3.049851300927506,2.479727870978454,3.1619103884916,2.574787983316953
2024,935.0,6.0,0.125,2.0,1.3212279311523052,1.049522263381108,1.4051396953582993,1.1107090827706763
2025,935.0,6.0,0.125,3.0,1.0172215750622584,0.7988076554553862,1.034362187086151,0.8152696224892573
2026,935.0,6.0,0.125,4.0,1.2353322894478391,0.9800609490225061,1.2431061060697783,0.9917986484029422
2027,935.0,6.0,0.125,5.0,1.2006452129859575,0.9464503854785649,1.1786076852112108,0.9234156461400568
2028,935.0,6.0,0.125,6.0,1.2691201575742608,0.9985551777062306,1.2796876303795823,1.002973082968885
2029,935.0,6.0,0.125,7.0,1.414128663042237,1.1022892550691403,1.471071392725251,1.1374975571552501
2030,935.0,6.0,0.15,1.0,2.7140266967281783,2.195807338715727,2.773621096897863,2.2455380075939555
2031,935.0,6.0,0.15,2.0,1.3207431203440976,1.0530422013731886,1.3901365753114054,1.1075282133351017
2032,935.0,6.0,0.15,3.0,1.2604335831432207,0.9912579295679637,1.3502477404880366,1.055938359580193
2033,935.0,6.0,0.15,4.0,1.1209043802340704,0.8838761098515574,1.1574769857980807,0.9199777943529917
2034,935.0,6.0,0.15,5.0,1.2849972652652077,1.0048039514199678,1.3120996895742536,1.0182595366854479
2035,935.0,6.0,0.15,6.0,1.3035154923982517,1.0030361822800282,1.3131575965795526,1.0104189537227684
2036,935.0,6.0,0.15,7.0,1.4010131021888634,1.075702470271353,1.4398537255490378,1.1236245108370222
2037,935.0,6.0,0.175,1.0,2.733010086596201,2.2121683233217073,2.785500351828999,2.258903154317205
2038,935.0,6.0,0.175,2.0,1.4279103449347366,1.157735235428415,1.5243730091804193,1.2229198797718177
2039,935.0,6.0,0.175,3.0,1.2692880404998181,1.0145975379569603,1.3062280283276708,1.029836345329679
2040,935.0,6.0,0.175,4.0,1.1779004560967918,0.9293994972521389,1.169912434062661,0.9243516316872514
2041,935.0,6.0,0.175,5.0,1.3366960426866699,1.0423448500774488,1.3614226291989495,1.0604497133442115
2042,935.0,6.0,0.175,6.0,1.346804410469092,1.0482687050822006,1.423105441250576,1.1101938383533676
2043,935.0,6.0,0.175,7.0,1.4226814928976177,1.0941149384914863,1.4780873772060563,1.1453574982260275
2044,935.0,6.0,0.2,1.0,2.691058912220178,2.180981610190259,2.7405065428717936,2.220775708803416
2045,935.0,6.0,0.2,2.0,1.4378293479306743,1.1381572056503781,1.5221377696412701,1.2054010429643578
2046,935.0,6.0,0.2,3.0,1.1640943376253283,0.9137314363345883,1.1747484321483468,0.916318614634828
2047,935.0,6.0,0.2,4.0,1.1844533578669945,0.9271110942079807,1.2286206087943907,0.9423629510799596
2048,935.0,6.0,0.2,5.0,1.4255361597262983,1.0879185903359494,1.4504852148038263,1.1226662637542721
2049,935.0,6.0,0.2,6.0,1.3440735904850643,1.0406971440200141,1.4103532034065236,1.0948123133642138
2050,935.0,6.0,0.2,7.0,1.4667630463497732,1.1366432500417336,1.502396280982613,1.1748718841334451
2051,935.0,6.0,0.225,1.0,2.9021564045314294,2.350253237196603,3.0340039118715323,2.447304902385981
2052,935.0,6.0,0.225,2.0,1.4959048723417923,1.1997736062420707,1.6026726926080257,1.2699568693456165
2053,935.0,6.0,0.225,3.0,1.258686225642363,0.9816712838719895,1.2999302474935088,1.0210323527457588
2054,935.0,6.0,0.225,4.0,1.1668065776511134,0.9356356337578698,1.2079078273045338,0.9577415241750382
2055,935.0,6.0,0.225,5.0,1.3761020657951022,1.0489804418812494,1.3863262034939587,1.071529419355069
2056,935.0,6.0,0.225,6.0,1.373827797660491,1.0534665332769482,1.4003525758072575,1.0882452775038127
2057,935.0,6.0,0.225,7.0,1.4973713888301492,1.1569231445901778,1.5164882277769112,1.1610452619519367
2058,935.0,6.0,0.25,1.0,2.755196827081139,2.2236455327626476,2.7712000048184113,2.257850474752451
2059,935.0,6.0,0.25,2.0,1.9084907124069381,1.5363790188080688,2.011460131858325,1.620897683171759
2060,935.0,6.0,0.25,3.0,1.25436094649022,0.9909899022964622,1.2709810858954556,1.00117894239477
2061,935.0,6.0,0.25,4.0,1.2291549933606625,0.9551653992614265,1.2400970217472056,0.9740129631848086
2062,935.0,6.0,0.25,5.0,1.3629037094034915,1.0407840917993099,1.3386085369992793,1.0375708259735874
2063,935.0,6.0,0.25,6.0,1.4526116545265373,1.1113080015764598,1.481671527940729,1.1491444661556753
2064,935.0,6.0,0.25,7.0,1.4926352902531526,1.1678396695071624,1.5457002826443353,1.1824510656997
2065,935.0,6.0,0.275,1.0,2.7252619715466984,2.204603987494587,2.749592889977696,2.2356006549172562
2066,935.0,6.0,0.275,2.0,1.360603877934824,1.1003171714330926,1.4322861560771463,1.1310124498788718
2067,935.0,6.0,0.275,3.0,1.3035530721899975,1.0222279824715381,1.412461710321269,1.1270502827030235
2068,935.0,6.0,0.275,4.0,1.2195405045550058,0.9489402115683786,1.26624062106299,1.0018251071008806
2069,935.0,6.0,0.275,5.0,1.4208934691424313,1.072986035239731,1.4369872389289366,1.0806361594599458
2070,935.0,6.0,0.275,6.0,1.4807397466329237,1.116199612477999,1.5181735753222279,1.1566283945520177
2071,935.0,6.0,0.275,7.0,1.5791893429033061,1.2165998131515412,1.5965020021119127,1.2303778555708536
2072,935.0,6.0,0.3,1.0,2.757091004236552,2.2291554448697815,2.797825460210804,2.2616648491008693
2073,935.0,6.0,0.3,2.0,1.1004588550934487,0.8800796015296608,1.1285350844419566,0.8897092129600074
2074,935.0,6.0,0.3,3.0,1.1661874203881444,0.9238976187037233,1.1619998677510703,0.9244886157658481
2075,935.0,6.0,0.3,4.0,1.4308860786415036,1.1366455374098015,1.4460108285318107,1.1510185743364676
2076,935.0,6.0,0.3,5.0,1.3861062694503246,1.0606261575840412,1.443471715959351,1.1184771379108194
2077,935.0,6.0,0.3,6.0,1.5492369006416848,1.1756609859071032,1.5312685091868032,1.1835544405996388
2078,935.0,6.0,0.3,7.0,1.5993776697846052,1.2150551960293607,1.6402688263294152,1.2582065113751182
2079,935.0,9.0,0.05,1.0,3.027486394797525,2.4582377206272112,3.082577834422636,2.5037912921792076
2080,935.0,9.0,0.05,2.0,1.9022928237240075,1.4563468250610891,1.9743309199669694,1.5563965321936037
2081,935.0,9.0,0.05,3.0,1.553972249964939,1.2000416908089104,1.642875950552816,1.3115565559677793
2082,935.0,9.0,0.05,4.0,1.2173745017471211,0.9461969325877639,1.2812584462196452,1.0061269470094714
2083,935.0,9.0,0.05,5.0,1.1891029996993194,0.9228113415908032,1.274394120004998,0.9902984013607399
2084,935.0,9.0,0.05,6.0,1.2447598044975245,0.9490483426690677,1.2891165433541465,0.9874679637063218
2085,935.0,9.0,0.05,7.0,1.3093729424849356,0.9863481598832783,1.3551998882717573,1.0246771985509349
2086,935.0,9.0,0.075,1.0,3.023140614821171,2.458295033078389,3.0802434835269983,2.502722628599247
2087,935.0,9.0,0.075,2.0,2.0720729084565086,1.6112013517460424,2.13466841484198,1.7007766497933883
2088,935.0,9.0,0.075,3.0,1.4646983113940506,1.1344967504234904,1.5690844608094885,1.2453163316809972
2089,935.0,9.0,0.075,4.0,1.2639668418235017,0.9673223393268294,1.3335944543939198,1.0486286449644167
2090,935.0,9.0,0.075,5.0,1.1627240299950685,0.8954564402254103,1.2489780021391237,0.96814846442432
2091,935.0,9.0,0.075,6.0,1.249761373552997,0.9498962300106591,1.278518297351928,0.9783972184258624
2092,935.0,9.0,0.075,7.0,1.3635953017224336,1.0185783211486583,1.409583123995088,1.0587585185310218
2093,935.0,9.0,0.1,1.0,3.023525323076744,2.4571793145137626,3.074546054574325,2.498968000028885
2094,935.0,9.0,0.1,2.0,1.898567387773535,1.4607523247285792,1.99061434577782,1.5727805610641716
2095,935.0,9.0,0.1,3.0,1.4979331008718901,1.1623223001184908,1.6112292196886546,1.272210914397592
2096,935.0,9.0,0.1,4.0,1.24315456938715,0.9642914363401726,1.3055326002965495,1.0274281360101958
2097,935.0,9.0,0.1,5.0,1.1041051329555904,0.8587466230756025,1.1815198138875802,0.9112048087893649
2098,935.0,9.0,0.1,6.0,1.2500666429505798,0.9589375850417426,1.2918237869602673,0.9868792623672018
2099,935.0,9.0,0.1,7.0,1.3501752526168829,1.0221191908184808,1.3983287508453248,1.0559041086473744
2100,935.0,9.0,0.125,1.0,2.8124228488050886,2.2803322613562185,2.8051395680820415,2.2934790916963186
2101,935.0,9.0,0.125,2.0,1.8032380361712221,1.389301220310654,1.9187104438722151,1.4942599460545487
2102,935.0,9.0,0.125,3.0,1.4789615642760356,1.1321099663157783,1.5825028896125393,1.241954495691356
2103,935.0,9.0,0.125,4.0,1.2461802225766374,0.9522602300210502,1.3196477072487713,1.032477154763338
2104,935.0,9.0,0.125,5.0,1.1734017454241974,0.9216186950337121,1.2440126345530411,0.9642418521657973
2105,935.0,9.0,0.125,6.0,1.2984570436491576,0.9800292846098186,1.325744332813691,0.9885174826344845
2106,935.0,9.0,0.125,7.0,1.371046367236275,1.0362274979783606,1.3602293140664379,1.032015648515971
2107,935.0,9.0,0.15,1.0,2.780705672810218,2.2592632523312446,2.775206309086169,2.2705661150659897
2108,935.0,9.0,0.15,2.0,1.8997534727235568,1.4679059344415446,1.9482278160866127,1.5324859393440742
2109,935.0,9.0,0.15,3.0,1.5032723382004358,1.193142444057405,1.5900353170738668,1.2750647002208766
2110,935.0,9.0,0.15,4.0,1.3152626003179417,1.0160560757867647,1.424684593767671,1.108364274362452
2111,935.0,9.0,0.15,5.0,1.1904495158222497,0.9234357635911762,1.2619791820534556,0.9801482109753832
2112,935.0,9.0,0.15,6.0,1.3335651436197284,1.0180895620946402,1.3536811777875553,1.0372624063177704
2113,935.0,9.0,0.15,7.0,1.326952661457143,1.0105490821844112,1.3772104897904187,1.0422088305541375
2114,935.0,9.0,0.175,1.0,2.9750411569040525,2.4214304935340785,3.0100470101475802,2.4448639788596167
2115,935.0,9.0,0.175,2.0,1.9045436183261677,1.4832842526484022,1.9546240125042371,1.5389853102785889
2116,935.0,9.0,0.175,3.0,1.2958499950999496,1.0233017098477448,1.3828432736519807,1.0937447048075042
2117,935.0,9.0,0.175,4.0,1.2399957760378277,0.9722114940260247,1.3058004927362592,1.024990375188297
2118,935.0,9.0,0.175,5.0,1.2207527033061731,0.9505699358252434,1.286682571023606,0.9800608663281706
2119,935.0,9.0,0.175,6.0,1.2949590580661987,1.0027089616386158,1.3617613153892874,1.0546427915637155
2120,935.0,9.0,0.175,7.0,1.4641788070171262,1.0806381969720786,1.4933337304690708,1.1072660220905874
2121,935.0,9.0,0.2,1.0,2.8740126325468744,2.3352581274700768,2.887216352449772,2.349258320700826
2122,935.0,9.0,0.2,2.0,1.7006125877894889,1.3056190028332824,1.8061021359070455,1.4009417576342391
2123,935.0,9.0,0.2,3.0,1.3105818697517915,1.0263127366658942,1.430942658480607,1.128362078381175
2124,935.0,9.0,0.2,4.0,1.3123140478826314,1.0089508399307567,1.4366035600320386,1.1234935584232613
2125,935.0,9.0,0.2,5.0,1.239669830265102,0.9755000508710592,1.3321921173394269,1.0388289005107645
2126,935.0,9.0,0.2,6.0,1.2827423641243139,0.9812774584915481,1.329450305016858,1.0050439987552873
2127,935.0,9.0,0.2,7.0,1.4361525846802066,1.0820921279126423,1.5015856450149683,1.133143579166236
2128,935.0,9.0,0.225,1.0,2.979255985404482,2.4251714819881,3.003405629242358,2.4369771823202346
2129,935.0,9.0,0.225,2.0,2.0225817626812472,1.5509727093160195,2.079864736868009,1.6250980354271383
2130,935.0,9.0,0.225,3.0,1.8308569876772003,1.4536332159705105,1.935059392402983,1.519226616019419
2131,935.0,9.0,0.225,4.0,1.4015442438744634,1.0907953542979225,1.5073282612550534,1.1909372344156017
2132,935.0,9.0,0.225,5.0,1.2544893240613408,0.9643087529869409,1.3354836829110108,1.0175430810752903
2133,935.0,9.0,0.225,6.0,1.3477273079310645,1.0288131546751775,1.389070984738166,1.0545908105435478
2134,935.0,9.0,0.225,7.0,1.4795543266547742,1.1003705869293785,1.4894425413399761,1.0983739583312215
2135,935.0,9.0,0.25,1.0,2.8038544516600936,2.2682982616257843,2.7684560777147698,2.2581947230124797
2136,935.0,9.0,0.25,2.0,2.0812085757573144,1.6235663412978174,2.1638613403266826,1.723016708496772
2137,935.0,9.0,0.25,3.0,1.6116625849720025,1.258774875552388,1.6671685633843925,1.322459503519903
2138,935.0,9.0,0.25,4.0,1.3247818120008257,1.0427537290022884,1.393089241056014,1.1146977896252628
2139,935.0,9.0,0.25,5.0,1.2198954094157999,0.9521600688967976,1.3026879190242018,1.0215012349521677
2140,935.0,9.0,0.25,6.0,1.4583857957684483,1.117744017666088,1.4314228135543996,1.0686082610214727
2141,935.0,9.0,0.25,7.0,1.5343293368296063,1.1458094560645582,1.589172287628787,1.1805886447881258
2142,935.0,9.0,0.275,1.0,2.8375867668725903,2.301170643229192,2.8315641357326538,2.317392772109087
2143,935.0,9.0,0.275,2.0,1.5305222227711788,1.1858543332724425,1.5708583909821254,1.2256068078741413
2144,935.0,9.0,0.275,3.0,1.5656173641582378,1.2218923938262811,1.662526183327733,1.3316203094361747
2145,935.0,9.0,0.275,4.0,1.4887573403066843,1.1705737650443653,1.6034624354536107,1.270904042452106
2146,935.0,9.0,0.275,5.0,1.3409703328350244,1.0337785614528774,1.37607088343923,1.0498183677333477
2147,935.0,9.0,0.275,6.0,1.392563228080144,1.0568750399461195,1.486254407045472,1.1093589544357487
2148,935.0,9.0,0.275,7.0,1.5550804663665259,1.1702911049404876,1.572056688094282,1.1586960540808877
2149,935.0,9.0,0.3,1.0,2.888204974395002,2.338894388380237,2.8883187330202515,2.3597318660575666
2150,935.0,9.0,0.3,2.0,2.1277766614929288,1.6675761564313223,2.185042835188548,1.7381677857962996
2151,935.0,9.0,0.3,3.0,1.4351266295843206,1.1116834258013317,1.468967288030071,1.136565989237359
2152,935.0,9.0,0.3,4.0,1.5683056512983582,1.2297202882661118,1.689658218394625,1.3244951028400733
2153,935.0,9.0,0.3,5.0,1.4260314511320218,1.118159034314633,1.5531458741994755,1.1966122154264491
2154,935.0,9.0,0.3,6.0,1.487890294887705,1.1290818680704078,1.52167718976343,1.144501509176639
2155,935.0,9.0,0.3,7.0,1.557525777908909,1.1520651624013758,1.5121946708038247,1.1158785596731111
2156,935.0,12.0,0.05,1.0,2.8683540808904806,2.3258661054439815,2.8791766875834583,2.3532593849107513
2157,935.0,12.0,0.05,2.0,2.322495424541071,1.8453152857016775,2.3735783781643645,1.8858907239859204
2158,935.0,12.0,0.05,3.0,1.5984522278537985,1.239162274583905,1.6620329614313265,1.2691905892839312
2159,935.0,12.0,0.05,4.0,1.457546122280782,1.117668887299916,1.5404710436373885,1.175752985441308
2160,935.0,12.0,0.05,5.0,1.338251708125446,0.994105620003315,1.4327279092466179,1.0479690712688703
2161,935.0,12.0,0.05,6.0,1.4604437284364717,1.034361864564733,1.5094612920052919,1.0587666367261959
2162,935.0,12.0,0.05,7.0,1.4377145172702719,1.040996292579408,1.5033986170965399,1.0715719324903432
2163,935.0,12.0,0.075,1.0,2.8894170741893697,2.3452092070518664,2.9302580625788437,2.3976289404104763
2164,935.0,12.0,0.075,2.0,2.0878525589438537,1.6491061126483235,2.1502587578777823,1.692484529092785
2165,935.0,12.0,0.075,3.0,1.7315041070058328,1.3556148346136982,1.8176597343503853,1.3961971307999042
2166,935.0,12.0,0.075,4.0,1.3260330397056788,1.0107202136067672,1.4256015553273602,1.086298025826799
2167,935.0,12.0,0.075,5.0,1.3201495152027312,0.9572189691650675,1.4000598407187914,1.0140380318018762
2168,935.0,12.0,0.075,6.0,1.4187924002537617,1.028541349217526,1.4871328504689203,1.048343141338657
2169,935.0,12.0,0.075,7.0,1.3692811436132715,1.0191593352618742,1.4226904922063155,1.0358894394197546
2170,935.0,12.0,0.1,1.0,3.808843161279041,3.1322803715603103,3.9808478556893636,3.2291176513921664
2171,935.0,12.0,0.1,2.0,1.95857419549705,1.5313222316342132,2.0160823173680495,1.5682642663726172
2172,935.0,12.0,0.1,3.0,1.4990562945017547,1.1657228413556942,1.6006379464898626,1.2251773285812702
2173,935.0,12.0,0.1,4.0,1.2976303026565497,0.9829341192516828,1.3717503643611337,1.033437005954406
2174,935.0,12.0,0.1,5.0,1.3801251485465624,1.002614016604787,1.431698393410896,1.0501398205266164
2175,935.0,12.0,0.1,6.0,1.407779713488776,1.0216354111069668,1.4717214812694186,1.06024564279657
2176,935.0,12.0,0.1,7.0,1.398144158716887,1.029580116234545,1.4967828388933648,1.0785233499563396
2177,935.0,12.0,0.125,1.0,2.853915871119078,2.305459182946187,2.857997745020014,2.3372558927600546
2178,935.0,12.0,0.125,2.0,1.9584852688650418,1.5395030874399755,1.9977436531506183,1.552269506769827
2179,935.0,12.0,0.125,3.0,1.6393672503748138,1.2485195297036262,1.687641958640399,1.2817093963945836
2180,935.0,12.0,0.125,4.0,1.389216127380628,1.0322161784235093,1.4551382334433258,1.0885549027343022
2181,935.0,12.0,0.125,5.0,1.3675548012248806,0.992662424382484,1.4727789716213013,1.0404982999885737
2182,935.0,12.0,0.125,6.0,1.4637254923233298,1.0393773556136452,1.4963633124183886,1.0587447153791234
2183,935.0,12.0,0.125,7.0,1.3436570433315818,0.9953956633090907,1.4242957526565574,1.0454023673471893
2184,935.0,12.0,0.15,1.0,2.8589915411285816,2.30868738842583,2.839309040851131,2.3180885198065764
2185,935.0,12.0,0.15,2.0,1.8368061941463696,1.4488300541112509,1.9158627887215345,1.5036046407146924
2186,935.0,12.0,0.15,3.0,1.625099271058101,1.2793771064359936,1.6756619380595492,1.3063986747238836
2187,935.0,12.0,0.15,4.0,1.4372376452116888,1.0710085728226182,1.5348130912388407,1.1448781789961613
2188,935.0,12.0,0.15,5.0,1.3103570101786366,0.965529551133699,1.4034438585049003,1.0139699334533645
2189,935.0,12.0,0.15,6.0,1.4117494641158856,1.013154192693443,1.4938271084966004,1.0506568591154064
2190,935.0,12.0,0.15,7.0,1.3957922390701105,1.0494828999437604,1.4845372228491123,1.1085373741490971
2191,935.0,12.0,0.175,1.0,3.055024975002491,2.468378507414994,3.094436268428394,2.519305069013538
2192,935.0,12.0,0.175,2.0,2.040440039520976,1.6183747553090568,2.1031184756398877,1.6559350996985713
2193,935.0,12.0,0.175,3.0,1.4313265914341755,1.117685760057519,1.4667009569683662,1.140475601045035
2194,935.0,12.0,0.175,4.0,1.3393120996284813,1.047947852048543,1.4305795086613227,1.1248564986116265
2195,935.0,12.0,0.175,5.0,1.2858010671959998,0.9841445654381732,1.352614440165215,1.032368085810001
2196,935.0,12.0,0.175,6.0,1.4186883602330342,1.0477932182401641,1.5053931324989414,1.0967054261576439
2197,935.0,12.0,0.175,7.0,1.4137550820154003,1.0397903896060212,1.4597203467717834,1.0561572757971667
2198,935.0,12.0,0.2,1.0,2.9821746401571496,2.3930748338112227,2.9857358438706605,2.4296915422317333
2199,935.0,12.0,0.2,2.0,1.9680399037924545,1.5569855295877415,2.033190342201974,1.5802046788172555
2200,935.0,12.0,0.2,3.0,1.6946954067123825,1.3297540920226267,1.7489245585642632,1.3641663143624918
2201,935.0,12.0,0.2,4.0,1.4097413710761504,1.1144045649254903,1.5264150089701372,1.186193389290555
2202,935.0,12.0,0.2,5.0,1.301867018554774,1.0014267064222324,1.4012711229353352,1.0565793988276104
2203,935.0,12.0,0.2,6.0,1.5261969017471102,1.0959106035706463,1.5098138609276819,1.1040075831788556
2204,935.0,12.0,0.2,7.0,1.420796263521848,1.0605077620287118,1.4934058151502827,1.1026048422385328
2205,935.0,12.0,0.225,1.0,2.853437382656484,2.3159843217502907,2.893890001581007,2.3676030878466436
2206,935.0,12.0,0.225,2.0,1.9460310244853622,1.5124646214016673,2.029283347723299,1.5884645007352942
2207,935.0,12.0,0.225,3.0,1.3862062040109064,1.0861483279693167,1.4282123235637028,1.1156840361967706
2208,935.0,12.0,0.225,4.0,1.4422368161094619,1.1519513827195889,1.5155261462722949,1.1941633265268843
2209,935.0,12.0,0.225,5.0,1.3799429393159905,1.0461276535933361,1.463352613440043,1.108921760855645
2210,935.0,12.0,0.225,6.0,1.5013075184256817,1.103446927918052,1.4671013245654279,1.0827106714646284
2211,935.0,12.0,0.225,7.0,1.4646729774196579,1.03556725730047,1.5076599380946356,1.074090570191803
2212,935.0,12.0,0.25,1.0,2.8582290427677957,2.3236654919870823,2.907300876574169,2.376088366810823
2213,935.0,12.0,0.25,2.0,2.2354140475108566,1.7747985848024337,2.291384235998578,1.7972824280051818
2214,935.0,12.0,0.25,3.0,1.6939218956442934,1.3539691253216355,1.775240279543481,1.408387904838761
2215,935.0,12.0,0.25,4.0,1.3980830707970777,1.0756963219639397,1.526824207366853,1.1757715475790496
2216,935.0,12.0,0.25,5.0,1.4840609258931938,1.0762332798464103,1.585434708901356,1.1431262882322695
2217,935.0,12.0,0.25,6.0,1.511783239130518,1.1611001719241385,1.5784568477604193,1.1869152373545713
2218,935.0,12.0,0.25,7.0,1.461284124541217,1.100527592934962,1.500096588926142,1.1209679692778096
2219,935.0,12.0,0.275,1.0,2.8417204474804287,2.3096343245466753,2.854656200401163,2.326448285189471
2220,935.0,12.0,0.275,2.0,2.4171718343775823,1.868555873129755,2.497123365581642,1.9402719970581739
2221,935.0,12.0,0.275,3.0,1.6396068841360687,1.2822089254032545,1.6984857169133967,1.313038589019202
2222,935.0,12.0,0.275,4.0,1.4346237200367509,1.1075841750997797,1.5177836138415186,1.141419168831424
2223,935.0,12.0,0.275,5.0,1.6162305049103756,1.1875444544308895,1.7025328976900405,1.253791723918694
2224,935.0,12.0,0.275,6.0,1.508278258793303,1.12981035044744,1.5444921273402532,1.1507133493376096
2225,935.0,12.0,0.275,7.0,1.5219293704637291,1.1065390410181677,1.6077447375081124,1.1594840690642745
2226,935.0,12.0,0.3,1.0,2.8545965975449326,2.3101515376407753,2.8263081750786716,2.3013515456535782
2227,935.0,12.0,0.3,2.0,2.5966170219318574,2.046991732214843,2.626358043186938,2.0502351896770294
2228,935.0,12.0,0.3,3.0,1.8261531299762548,1.4372072729790502,1.9048406288927837,1.4932193307086488
2229,935.0,12.0,0.3,4.0,1.5365006050662235,1.1668121034986894,1.7007530276096954,1.2702464687361317
2230,935.0,12.0,0.3,5.0,1.6557115792122576,1.2240007161048843,1.7010741198380903,1.2621764672611364
2231,935.0,12.0,0.3,6.0,1.6386464221788435,1.2545484631778472,1.6880426382071831,1.2527775672864023
2232,935.0,12.0,0.3,7.0,1.551356208317952,1.163836092754164,1.5608734573626424,1.156844660849276
2233,935.0,15.0,0.05,1.0,3.9450053157118417,3.2624319325546383,4.136943197393048,3.3809608832194913
2234,935.0,15.0,0.05,2.0,2.1945191241454105,1.7445735726363714,2.219262113725477,1.7643055089652098
2235,935.0,15.0,0.05,3.0,1.7788123676504455,1.4050189975893312,1.791819365546033,1.4225374959625097
2236,935.0,15.0,0.05,4.0,1.3215963057441364,1.024629824580794,1.3935416650378525,1.0898579976191627
2237,935.0,15.0,0.05,5.0,1.1696534488975665,0.8999814560125438,1.2511174724412948,0.9677718272015318
2238,935.0,15.0,0.05,6.0,1.2780190627207828,0.9819900563911145,1.325271667736992,1.0031823633074177
2239,935.0,15.0,0.05,7.0,1.3119951764320166,1.0106368887629926,1.39070303945364,1.0561470511015114
2240,935.0,15.0,0.075,1.0,4.0028678997664615,3.3125434925093087,4.204645396024748,3.4328329071275703
2241,935.0,15.0,0.075,2.0,2.1802653331812034,1.7335868576029105,2.192279635716952,1.734382082373567
2242,935.0,15.0,0.075,3.0,1.7535392004230759,1.3854507715128035,1.7741223331035092,1.4013293790446197
2243,935.0,15.0,0.075,4.0,1.425025014117915,1.108692175715065,1.4779899352083266,1.156713439667615
2244,935.0,15.0,0.075,5.0,1.1664637763047097,0.8977297652218075,1.254070682775059,0.9692431932473052
2245,935.0,15.0,0.075,6.0,1.3143725509584678,0.999601997033147,1.3722393836913627,1.0413695926434594
2246,935.0,15.0,0.075,7.0,1.3007478361958158,0.9832402917928125,1.3498631074143463,1.017835291319943
2247,935.0,15.0,0.1,1.0,2.8445013032060698,2.3248229558928917,2.867828517543122,2.326597360058078
2248,935.0,15.0,0.1,2.0,1.9971798788152055,1.5867694056235258,2.0085296939048987,1.5813758876326818
2249,935.0,15.0,0.1,3.0,1.5989993185817357,1.2560191448471636,1.6564514155917338,1.3159302418084515
2250,935.0,15.0,0.1,4.0,1.5186093041576354,1.175445002287322,1.5937307604895719,1.2409741720063232
2251,935.0,15.0,0.1,5.0,1.1188563635008728,0.8687543516399064,1.1960373081524862,0.9251025577728674
2252,935.0,15.0,0.1,6.0,1.2753800046627002,0.9764989675535859,1.3744809083600016,1.044080458028247
2253,935.0,15.0,0.1,7.0,1.2809673146735985,0.9833585445781896,1.3769873486990187,1.040116510452053
2254,935.0,15.0,0.125,1.0,2.818851097120834,2.30379227392472,2.8255566885438115,2.2969349443445117
2255,935.0,15.0,0.125,2.0,2.4934243618833243,2.00009720866838,2.5160402497061063,2.0032662888259476
2256,935.0,15.0,0.125,3.0,1.7724356106709385,1.4088938270249292,1.8331703106453419,1.4446168450559103
2257,935.0,15.0,0.125,4.0,1.4139283379521739,1.1048359139811956,1.4609308835336183,1.1418568348228217
2258,935.0,15.0,0.125,5.0,1.2484975676339176,0.9705686879958336,1.3289261936915584,1.0275501425324272
2259,935.0,15.0,0.125,6.0,1.2477268986852812,0.9534439078501015,1.3456204324230494,1.0128851846780305
2260,935.0,15.0,0.125,7.0,1.2815429561397025,0.9806755063471019,1.351409283823313,1.015195641995417
2261,935.0,15.0,0.15,1.0,3.4604055956135635,2.8412784364548953,3.619342806199255,2.94622337279818
2262,935.0,15.0,0.15,2.0,2.2537389233989353,1.7890556200808554,2.2426282426969895,1.7903555256576482
2263,935.0,15.0,0.15,3.0,1.683101989912323,1.3189367362827118,1.7316805399572606,1.3818980205974376
2264,935.0,15.0,0.15,4.0,1.2416759236876591,0.9622814119992056,1.3604007176959116,1.0311147368426652
2265,935.0,15.0,0.15,5.0,1.3664336972364848,1.0609571433292462,1.4911901053681516,1.1364217814986857
2266,935.0,15.0,0.15,6.0,1.3262591492918676,1.005678770858884,1.365856133027313,1.0301768014006025
2267,935.0,15.0,0.15,7.0,1.359608721582387,1.0342864083745904,1.451587241413511,1.077611198144124
2268,935.0,15.0,0.175,1.0,2.860850928444129,2.3451318823624616,2.8888876077545502,2.3397228041408553
2269,935.0,15.0,0.175,2.0,2.302259859078138,1.8378282718891834,2.3167173515736073,1.832883349785524
2270,935.0,15.0,0.175,3.0,1.3882731864702174,1.0826558164376174,1.4805187959668147,1.1578612331929317
2271,935.0,15.0,0.175,4.0,1.507767005535111,1.1527095002751637,1.6075060375267927,1.2363652830794727
2272,935.0,15.0,0.175,5.0,1.2255574816490808,0.9403165993969488,1.2900564958428387,0.9918959544406453
2273,935.0,15.0,0.175,6.0,1.348087825106107,1.0380993866845287,1.3927397447468572,1.0707264746259324
2274,935.0,15.0,0.175,7.0,1.3030125501814525,0.9930327625264247,1.3735130257521555,1.0449653049333536
2275,935.0,15.0,0.2,1.0,4.231294158428353,3.517019783160998,4.437270983883688,3.634562015929995
2276,935.0,15.0,0.2,2.0,2.2428460898140323,1.7799792802693932,2.2615661616213703,1.7879989961485
2277,935.0,15.0,0.2,3.0,1.7530740038152357,1.3969668053524142,1.783096648650775,1.421367084669871
2278,935.0,15.0,0.2,4.0,1.2306958142825895,0.9488252490236425,1.352764646534274,1.0209219270558063
2279,935.0,15.0,0.2,5.0,1.2810360532931808,1.0023519495229236,1.389896523340902,1.062268749185092
2280,935.0,15.0,0.2,6.0,1.3586798874895523,1.0421467267040354,1.4407222669957476,1.0885110735931784
2281,935.0,15.0,0.2,7.0,1.381588413319228,1.0733919019144753,1.4728559935657657,1.1280750150823726
2282,935.0,15.0,0.225,1.0,3.8310442909364557,3.1599680340406873,4.02137014212622,3.3069029042656033
2283,935.0,15.0,0.225,2.0,2.360262732667469,1.8620086019291435,2.386463644907379,1.878135182169075
2284,935.0,15.0,0.225,3.0,1.7455336353675985,1.3874674124804938,1.779000465900215,1.3959252872635644
2285,935.0,15.0,0.225,4.0,1.5727933256858861,1.2342729912107009,1.6674379316640393,1.302877988552602
2286,935.0,15.0,0.225,5.0,1.338177614023654,1.0549374809679322,1.417797969471037,1.1090602953009765
2287,935.0,15.0,0.225,6.0,1.517905301775294,1.1601568123402544,1.5784865103878754,1.1798632122062271
2288,935.0,15.0,0.225,7.0,1.3660384459738497,1.047428508180838,1.512750219847417,1.1481246929728879
2289,935.0,15.0,0.25,1.0,2.879433551880065,2.3437749986060314,2.904720759410612,2.3510463116291276
2290,935.0,15.0,0.25,2.0,2.2604453585959394,1.7915112991079907,2.2851406566053667,1.7938809723420923
2291,935.0,15.0,0.25,3.0,1.4863338655806622,1.1773796349607255,1.5545778564297792,1.2267359534579179
2292,935.0,15.0,0.25,4.0,1.3405178329678624,1.0587556919029968,1.4333607741429542,1.1318925604709362
2293,935.0,15.0,0.25,5.0,1.2203301557821482,0.9488407244136973,1.2983247931890192,0.9977147023354556
2294,935.0,15.0,0.25,6.0,1.3613300609154142,1.0401347961670935,1.4591958927644102,1.11736633713519
2295,935.0,15.0,0.25,7.0,1.4492184412566342,1.1117428968621308,1.5920001948322198,1.1794714053539876
2296,935.0,15.0,0.275,1.0,3.41433759483496,2.7973665085528254,3.5468035539252227,2.881140998161544
2297,935.0,15.0,0.275,2.0,2.1347458446424015,1.6934874449436033,2.151057630683864,1.6854102774437787
2298,935.0,15.0,0.275,3.0,1.6430927076713484,1.2977027825351697,1.647244909688033,1.3044373918056786
2299,935.0,15.0,0.275,4.0,1.3768688059227172,1.083439792064068,1.4557982729843884,1.1483768266796932
2300,935.0,15.0,0.275,5.0,1.333026574391858,1.041031700438472,1.4094008261858466,1.0787650508686457
2301,935.0,15.0,0.275,6.0,1.4411418459732865,1.105206913834872,1.4925884479796316,1.1401296343073686
2302,935.0,15.0,0.275,7.0,1.4885949253956294,1.1535456131894732,1.6128843698175017,1.2162418780008493
2303,935.0,15.0,0.3,1.0,2.827316125119099,2.2837926367130983,2.8023551096031567,2.2691247461807253
2304,935.0,15.0,0.3,2.0,1.8748974054871403,1.4762952434950871,1.8863133628478896,1.498586811703503
2305,935.0,15.0,0.3,3.0,1.3776517333735507,1.0865814308634303,1.4157655699211134,1.1044682124383258
2306,935.0,15.0,0.3,4.0,1.450104346575578,1.1434881855828354,1.5095726867094956,1.1823110472738412
2307,935.0,15.0,0.3,5.0,1.5108584134873866,1.1689220300297283,1.5773886615298953,1.205307732087911
2308,935.0,15.0,0.3,6.0,1.5417987421579569,1.2006522964839135,1.5679709433295461,1.1729121761433097
2309,935.0,15.0,0.3,7.0,1.604818155708673,1.2260104278849786,1.630744925245788,1.2543640470309847
2310,936.0,3.0,0.05,1.0,1.172910624969577,0.9383465133953582,1.2136604008408176,0.9576768451904281
2311,936.0,3.0,0.05,2.0,0.7536082096810276,0.5992408339867331,0.765214884616417,0.6115758314674371
2312,936.0,3.0,0.05,3.0,0.793389386290787,0.6183859058646362,0.798784286289417,0.6270560990830913
2313,936.0,3.0,0.05,4.0,0.878832971956119,0.6838494370667905,0.8633539639186023,0.6721844989627123
2314,936.0,3.0,0.05,5.0,1.0229470912031426,0.7972030168562565,1.0097203860868407,0.7923049360686338
2315,936.0,3.0,0.05,6.0,1.2536385037650388,0.9903303135381689,1.2427130831858646,0.9895247742850759
2316,936.0,3.0,0.05,7.0,1.5178390843409204,1.220874025018305,1.4943093212920298,1.228596163016246
2317,936.0,3.0,0.075,1.0,1.1874376954133192,0.9502587347837268,1.231247456403937,0.9716091029612502
2318,936.0,3.0,0.075,2.0,0.7538513600681503,0.5921471361360882,0.7616364491658808,0.6067915115607957
2319,936.0,3.0,0.075,3.0,0.769147718905455,0.6067752395785644,0.7630604733420429,0.6054770874107032
2320,936.0,3.0,0.075,4.0,0.8917463801138379,0.702296006350696,0.8920226376862819,0.6945947653770111
2321,936.0,3.0,0.075,5.0,1.0373114589733108,0.8068429104018707,1.0263586387156272,0.8088940645111233
2322,936.0,3.0,0.075,6.0,1.2714100606996561,0.9984260696393172,1.254529077713908,1.0007092599148544
2323,936.0,3.0,0.075,7.0,1.5031755317272941,1.212269249663545,1.489196089984273,1.2099459028397788
2324,936.0,3.0,0.1,1.0,1.238350444353953,0.9885072476493154,1.2798091582426805,1.0113703618300933
2325,936.0,3.0,0.1,2.0,0.7474146268192878,0.5891225450971651,0.7429186661195107,0.5890420640043025
2326,936.0,3.0,0.1,3.0,0.8243705870886356,0.6482602278218262,0.8326491386471673,0.6568893037393674
2327,936.0,3.0,0.1,4.0,0.864648680277412,0.6691240970909018,0.8704559274463853,0.6766580302345443
2328,936.0,3.0,0.1,5.0,1.0341781017400793,0.8036469689523456,1.027100766102066,0.8173575345838392
2329,936.0,3.0,0.1,6.0,1.2733572279494598,0.9985875093995771,1.2291184156306807,0.974465147981071
2330,936.0,3.0,0.1,7.0,1.5292795973748436,1.2237173704264068,1.5258588958143777,1.2432702696823585
2331,936.0,3.0,0.125,1.0,1.2397248051330247,0.9934147527737057,1.2860777678794788,1.0184597836272913
2332,936.0,3.0,0.125,2.0,0.7753399465422445,0.6166575543695216,0.7844835473292204,0.6279016413947427
2333,936.0,3.0,0.125,3.0,0.8043047331911269,0.630967401862977,0.8031909238641766,0.6316333646461457
2334,936.0,3.0,0.125,4.0,0.9744482003100945,0.7743975333186179,0.9459686800584955,0.7430931312109126
2335,936.0,3.0,0.125,5.0,1.063300796066393,0.8211200937011857,1.052296854408108,0.8284578927109545
2336,936.0,3.0,0.125,6.0,1.2421802426275763,0.9820142329424946,1.1986801173572548,0.9555469008371876
2337,936.0,3.0,0.125,7.0,1.5244509645417388,1.2289850319095086,1.4936720456630135,1.21800814908767
2338,936.0,3.0,0.15,1.0,1.280908114568927,1.0199271166559705,1.3216402332734505,1.0464063431258523
2339,936.0,3.0,0.15,2.0,0.7675513458438405,0.6161481646674637,0.7640801396240974,0.6143933015756728
2340,936.0,3.0,0.15,3.0,0.8946892000484251,0.7118852274995086,0.877108917331424,0.6876424011239151
2341,936.0,3.0,0.15,4.0,0.8969805569808377,0.7037178016474438,0.8797080109778453,0.678499010416511
2342,936.0,3.0,0.15,5.0,1.1156754294233675,0.869889407021254,1.0699473409665317,0.8466572324374263
2343,936.0,3.0,0.15,6.0,1.2982283547151485,1.0322325095367821,1.2718805695419149,1.0099175422000046
2344,936.0,3.0,0.15,7.0,1.5174718479704405,1.2030717084155125,1.494499808895653,1.2133473061713371
2345,936.0,3.0,0.175,1.0,1.251584712224785,1.0022062801855276,1.3018161500327297,1.0304574174699186
2346,936.0,3.0,0.175,2.0,0.7829041028879818,0.6203830827151403,0.7965176424371663,0.6335860608755488
2347,936.0,3.0,0.175,3.0,0.8534024098637361,0.675240431467023,0.8725412951898841,0.6896088367467559
2348,936.0,3.0,0.175,4.0,0.9869946420292125,0.767572245522843,0.9860776211043996,0.7770995465932675
2349,936.0,3.0,0.175,5.0,1.0358641388643788,0.8079487786048992,1.039660300878612,0.8165132621181551
2350,936.0,3.0,0.175,6.0,1.2633326017832556,0.9951869700825148,1.2312950865511358,0.9818680723071587
2351,936.0,3.0,0.175,7.0,1.5171872393382981,1.2225449537773392,1.478960751322614,1.197696093226194
2352,936.0,3.0,0.2,1.0,1.1495066459610204,0.9183777385343767,1.1795273719169888,0.9282876598977676
2353,936.0,3.0,0.2,2.0,0.790331884816377,0.6260363877698335,0.7975272867344405,0.6376413492203796
2354,936.0,3.0,0.2,3.0,0.8934022183570354,0.68996480413783,0.9075897480465877,0.7114715057793719
2355,936.0,3.0,0.2,4.0,1.031653716949324,0.8191034314644456,0.9976057629639495,0.7868233668567685
2356,936.0,3.0,0.2,5.0,1.120687104212834,0.8712746886722832,1.0859903415367882,0.8520624114816279
2357,936.0,3.0,0.2,6.0,1.3408770161158337,1.0570468222840876,1.2794039575272265,1.0250893253026938
2358,936.0,3.0,0.2,7.0,1.5736598044887524,1.2492677377492125,1.5414609302613862,1.2580765951653308
2359,936.0,3.0,0.225,1.0,1.2905700016129775,1.0308428369612448,1.3294740859525782,1.054100814779614
2360,936.0,3.0,0.225,2.0,0.7624702937725518,0.6115243399646827,0.7860743304948685,0.6259602306313314
2361,936.0,3.0,0.225,3.0,0.8776131343900354,0.6935715412619841,0.8820178766856576,0.6951479083457661
2362,936.0,3.0,0.225,4.0,0.9574586637504034,0.7458347203695015,1.015173265504771,0.7924637510814526
2363,936.0,3.0,0.225,5.0,1.1941953214283432,0.9319180026953945,1.1821166839507766,0.918024560738676
2364,936.0,3.0,0.225,6.0,1.3586893893173657,1.062309153710904,1.2884041189364925,1.0254097635240127
2365,936.0,3.0,0.225,7.0,1.5712357310509928,1.2668875785342228,1.5147516399468501,1.2387331979598244
2366,936.0,3.0,0.25,1.0,1.1720088396761204,0.9338988438136889,1.201052812561851,0.9445234714969181
2367,936.0,3.0,0.25,2.0,0.8897527880536411,0.7122821292594492,0.882236951136107,0.7040423240496543
2368,936.0,3.0,0.25,3.0,0.8914211810349042,0.690261519287669,0.9117569769575875,0.7227558816325507
2369,936.0,3.0,0.25,4.0,0.9585899353740799,0.7577707943943143,0.9514430048468995,0.7608155068219571
2370,936.0,3.0,0.25,5.0,1.1630663997215924,0.9085961883188115,1.1369858680527734,0.8956969026267178
2371,936.0,3.0,0.25,6.0,1.3311664397556748,1.0393717985357955,1.2939085786021367,1.0169490679514264
2372,936.0,3.0,0.25,7.0,1.5581470913980908,1.2443347510394522,1.5503928135194638,1.2592521035017785
2373,936.0,3.0,0.275,1.0,1.2519429350805125,1.0024430785242893,1.2767616022555734,1.0071187333916638
2374,936.0,3.0,0.275,2.0,0.8574627008079314,0.6899868441751678,0.8742832679911492,0.6939424134923439
2375,936.0,3.0,0.275,3.0,1.021002354124586,0.7957290712267615,1.0022504851141374,0.7972657992184292
2376,936.0,3.0,0.275,4.0,1.1113608933007448,0.8608866846448359,1.0845073048128693,0.8475071226454248
2377,936.0,3.0,0.275,5.0,1.177439956843335,0.9311287435293909,1.2078899668968808,0.9585320491670729
2378,936.0,3.0,0.275,6.0,1.3922641890184964,1.1197199847829924,1.385114440587103,1.0920552901406926
2379,936.0,3.0,0.275,7.0,1.572582119280009,1.2532566441874233,1.5762374146538873,1.2850325893947925
2380,936.0,3.0,0.3,1.0,1.2559087053304916,1.0057680156834168,1.2848046790091467,1.0198140328228418
2381,936.0,3.0,0.3,2.0,0.9325864648744145,0.733535955164059,0.9297868070458746,0.7289765906454606
2382,936.0,3.0,0.3,3.0,1.0373673461993955,0.8188892781243657,1.0457675762820282,0.8311448691694227
2383,936.0,3.0,0.3,4.0,1.0519843724934026,0.8392442645028395,1.0353033216190881,0.8137772713885868
2384,936.0,3.0,0.3,5.0,1.1275393359619441,0.8879115836770067,1.1426970393273066,0.9015318108483128
2385,936.0,3.0,0.3,6.0,1.4085342728148365,1.0916448699395742,1.3633503600752557,1.0770091104045756
2386,936.0,3.0,0.3,7.0,1.5866913929860966,1.2584412279362378,1.533209866636955,1.2458431047977627
2387,936.0,6.0,0.05,1.0,4.09316061523136,3.349984929156165,3.9509614632581327,3.1779048159538688
2388,936.0,6.0,0.05,2.0,1.2682830683432111,0.9823438012399651,1.2988387987812178,1.0189201475151974
2389,936.0,6.0,0.05,3.0,1.3986767906477344,1.0969287763256461,1.4096915044240714,1.1034402415045501
2390,936.0,6.0,0.05,4.0,1.4085773106615143,1.0877700412657545,1.3998406237425296,1.0747590197811232
2391,936.0,6.0,0.05,5.0,1.5015502024743808,1.1649803534087773,1.4953160654867494,1.151332012046112
2392,936.0,6.0,0.05,6.0,1.7173995604346488,1.331879979022718,1.6729441321895477,1.29876484216645
2393,936.0,6.0,0.05,7.0,1.8970231966649804,1.4899313131116063,1.834641302201283,1.444373253915196
2394,936.0,6.0,0.075,1.0,2.233376100237405,1.805247603609516,2.2197332858726817,1.750526066659244
2395,936.0,6.0,0.075,2.0,1.2564737103797519,0.9795274865435646,1.2976763566058709,1.019168260866454
2396,936.0,6.0,0.075,3.0,1.2519061402058922,0.9789872295820631,1.2651956553679236,0.9788742755863306
2397,936.0,6.0,0.075,4.0,1.423645471994444,1.097788509193091,1.3969791733535033,1.0793735540725002
2398,936.0,6.0,0.075,5.0,1.4924685320989057,1.157232805162309,1.4737016958474312,1.1379831872594275
2399,936.0,6.0,0.075,6.0,1.736686591454068,1.3472927621601827,1.6990815030598814,1.321598385833648
2400,936.0,6.0,0.075,7.0,1.8856598025950149,1.4853320970372055,1.840393047122652,1.452971817771584
2401,936.0,6.0,0.1,1.0,2.5783671202948617,2.053976269644755,2.535417022038037,1.9829110313443952
2402,936.0,6.0,0.1,2.0,1.2947694005917738,1.0069203275050769,1.316177477007595,1.026908003753574
2403,936.0,6.0,0.1,3.0,1.3058176916778392,1.0230863516307995,1.3210619178561016,1.0276346278686437
2404,936.0,6.0,0.1,4.0,1.40551467192718,1.0823872965921095,1.422026271486031,1.0913708340305404
2405,936.0,6.0,0.1,5.0,1.5225940930733972,1.174518100809818,1.5042139392598737,1.1570978608298679
2406,936.0,6.0,0.1,6.0,1.6894992551195906,1.3133339180339303,1.6447020188879018,1.2880446539461674
2407,936.0,6.0,0.1,7.0,1.9068894580931477,1.5003670134231128,1.8444747165154787,1.4504293079976291
2408,936.0,6.0,0.125,1.0,1.9729096525759555,1.6057444253450135,1.9927861914684337,1.594013242913886
2409,936.0,6.0,0.125,2.0,1.2053422836691887,0.9391298576607097,1.243914784497598,0.9726882025085579
2410,936.0,6.0,0.125,3.0,1.3226237344962681,1.0356541660250083,1.3298101079285438,1.0302530934322545
2411,936.0,6.0,0.125,4.0,1.4142792269829518,1.0991725843233544,1.4082640148973364,1.0918086069237343
2412,936.0,6.0,0.125,5.0,1.5409375309501432,1.1930657059460419,1.5543904122145056,1.2010676606175674
2413,936.0,6.0,0.125,6.0,1.6939973023290076,1.3172028396724103,1.6678153139472611,1.3055544091288624
2414,936.0,6.0,0.125,7.0,1.8827598424920775,1.4916091986730244,1.844971404386714,1.4505334279299265
2415,936.0,6.0,0.15,1.0,2.002929626264201,1.6258452213359933,2.012774268890394,1.6086314343951627
2416,936.0,6.0,0.15,2.0,1.2537246189199074,0.9803665749824145,1.2765405029926318,0.9991404471168984
2417,936.0,6.0,0.15,3.0,1.300576737752136,1.0079296254884913,1.2938298626423728,1.0058576198732152
2418,936.0,6.0,0.15,4.0,1.4546065435574878,1.1232537859979141,1.4528410477440932,1.123506598873408
2419,936.0,6.0,0.15,5.0,1.5189230567077527,1.1781636705333167,1.5102465901717503,1.1661393982227843
2420,936.0,6.0,0.15,6.0,1.728122721901594,1.3397284420144215,1.684513623601022,1.3064120962695915
2421,936.0,6.0,0.15,7.0,1.9053593562623352,1.498348970261794,1.8404785835810105,1.4475010507074313
2422,936.0,6.0,0.175,1.0,2.647689725556365,2.1070517035269503,2.590792473664879,2.024480819686465
2423,936.0,6.0,0.175,2.0,1.2066450521585255,0.9407085179104826,1.210350995344068,0.9419012924089624
2424,936.0,6.0,0.175,3.0,1.4078446051422584,1.1155875018958146,1.4276163769033243,1.1138282249565086
2425,936.0,6.0,0.175,4.0,1.5360332375174337,1.1886399330495374,1.5414866052347374,1.181642815010301
2426,936.0,6.0,0.175,5.0,1.551252043554383,1.2045433010508,1.561749517740723,1.2039942428999058
2427,936.0,6.0,0.175,6.0,1.7506406437135908,1.3658346985554584,1.7121256187213372,1.3339251511587749
2428,936.0,6.0,0.175,7.0,1.8888297278578285,1.4957100090488553,1.852332757836035,1.4613441037424522
2429,936.0,6.0,0.2,1.0,3.354317267138991,2.7035856497506674,3.2441436411997056,2.5711098755644706
2430,936.0,6.0,0.2,2.0,1.1149319091255456,0.8826128398333831,1.1428634866131882,0.9075446900155658
2431,936.0,6.0,0.2,3.0,1.4780207277547222,1.1527859370038358,1.4950240530887766,1.1800725066064086
2432,936.0,6.0,0.2,4.0,1.4867561750126699,1.164667067249297,1.499855305591276,1.1639938204472258
2433,936.0,6.0,0.2,5.0,1.5844404785739503,1.245513745864957,1.607970717141153,1.2488489213771607
2434,936.0,6.0,0.2,6.0,1.753562642531196,1.3703984384734147,1.711486947698809,1.3426736917921773
2435,936.0,6.0,0.2,7.0,1.920568184818132,1.5117848728030585,1.8728467200142738,1.4776883055487167
2436,936.0,6.0,0.225,1.0,1.8747577213074538,1.5326238621014963,1.9104712357517692,1.5389156395717385
2437,936.0,6.0,0.225,2.0,1.3577832753050263,1.054362523117782,1.3984905465719377,1.0929529783762664
2438,936.0,6.0,0.225,3.0,1.4185485431666711,1.137783559056761,1.4387807856558994,1.118078104987637
2439,936.0,6.0,0.225,4.0,1.522046237631227,1.175955265936253,1.5333245507068682,1.1579762332737886
2440,936.0,6.0,0.225,5.0,1.547755149874954,1.2149984103568412,1.5285098571010929,1.1950128353081724
2441,936.0,6.0,0.225,6.0,1.771362977010356,1.3854947063291605,1.7319320276423762,1.3474336501372668
2442,936.0,6.0,0.225,7.0,1.9183788816150846,1.5185459416924452,1.8535566227027456,1.465929772445172
2443,936.0,6.0,0.25,1.0,2.642081362165103,2.107985613145586,2.6009532744134196,2.03296748837437
2444,936.0,6.0,0.25,2.0,1.412369198784258,1.1085247275852566,1.462839248771749,1.1579337542769081
2445,936.0,6.0,0.25,3.0,1.29578297224366,1.038077814301557,1.2938576680419742,1.0214555764222546
2446,936.0,6.0,0.25,4.0,1.4586044809251346,1.1486609335779276,1.4493831087478226,1.1296352331894046
2447,936.0,6.0,0.25,5.0,1.6176330188326045,1.2591540249185065,1.5756265433333256,1.2167920113042314
2448,936.0,6.0,0.25,6.0,1.7783933423783194,1.3778603357188888,1.6875119518273844,1.3000035595892763
2449,936.0,6.0,0.25,7.0,1.9515498195417644,1.5352337168144117,1.889872459735751,1.492392648117071
2450,936.0,6.0,0.275,1.0,2.1756694829774736,1.7687214721080302,2.186068988985447,1.7399308036371208
2451,936.0,6.0,0.275,2.0,1.215030754431105,0.9613658524660714,1.1563678235693626,0.8990856129071162
2452,936.0,6.0,0.275,3.0,1.414611701120962,1.1144745105357738,1.4202002566876122,1.1129292762359981
2453,936.0,6.0,0.275,4.0,1.4576461906590035,1.1399887757093299,1.457381834426412,1.1236407454333293
2454,936.0,6.0,0.275,5.0,1.6265273421914173,1.2546387434909443,1.6351799373430271,1.2691926258324473
2455,936.0,6.0,0.275,6.0,1.816203368801743,1.4005785694743371,1.718046953433906,1.3363814059605688
2456,936.0,6.0,0.275,7.0,1.9381031640263657,1.5271710993075582,1.88452519886585,1.4782099004832603
2457,936.0,6.0,0.3,1.0,1.9745845113730731,1.608593726551589,1.9928109398740679,1.6010851747779697
2458,936.0,6.0,0.3,2.0,1.3134831176251924,1.0403716550388735,1.3241055874175525,1.057573521756919
2459,936.0,6.0,0.3,3.0,1.3880083500064295,1.090081604232726,1.400277278829772,1.0947308126437738
2460,936.0,6.0,0.3,4.0,1.5290578796437506,1.194718435417663,1.5508671425737166,1.1965898797714216
2461,936.0,6.0,0.3,5.0,1.6675559515061338,1.2940347037608275,1.644017300056661,1.287292223053516
2462,936.0,6.0,0.3,6.0,1.8580139618767686,1.4441086905282658,1.7706965037470466,1.3779917376280535
2463,936.0,6.0,0.3,7.0,1.973549798287377,1.553559253475379,1.888264276673666,1.4911862087036258
2464,936.0,9.0,0.05,1.0,5.036514762606972,4.119187307864833,4.818086085515127,3.863301532850269
2465,936.0,9.0,0.05,2.0,1.436132074833196,1.1322613918347562,1.4296587223352588,1.1348598865822241
2466,936.0,9.0,0.05,3.0,1.3943441990208463,1.0948280897085494,1.3956132081335029,1.0920502269558985
2467,936.0,9.0,0.05,4.0,1.3769400685561266,1.0601667782313642,1.372623322518378,1.0514630283649131
2468,936.0,9.0,0.05,5.0,1.4443695638162615,1.0875379746194738,1.3802441150839553,1.0527446711556876
2469,936.0,9.0,0.05,6.0,1.5184335627784902,1.1472173928748666,1.4676633091189752,1.1205878144439771
2470,936.0,9.0,0.05,7.0,1.7538335722147322,1.3483773355465063,1.6826045197215556,1.3190763356123447
2471,936.0,9.0,0.075,1.0,5.135415366130298,4.213520229842821,4.91805327384918,3.9455315570639957
2472,936.0,9.0,0.075,2.0,1.3594301118291894,1.0711398214136247,1.3550547365707584,1.0705071460585291
2473,936.0,9.0,0.075,3.0,1.4502353393222314,1.1422210921615397,1.4256062426302567,1.1207931382511727
2474,936.0,9.0,0.075,4.0,1.4347247742393574,1.1100924148724312,1.4450799278846307,1.1102580967518976
2475,936.0,9.0,0.075,5.0,1.4773899714863683,1.1055096076653224,1.421656547423324,1.075081461858436
2476,936.0,9.0,0.075,6.0,1.516453094599594,1.1443072477958192,1.4840666384466639,1.1425401483570186
2477,936.0,9.0,0.075,7.0,1.7831706386597863,1.3688923571289335,1.7014155923537249,1.32960781053043
2478,936.0,9.0,0.1,1.0,5.031052367947177,4.124536203193066,4.829008482522174,3.8647581881960575
2479,936.0,9.0,0.1,2.0,1.4560037352026687,1.1488095364351092,1.466808100307053,1.1588806882088334
2480,936.0,9.0,0.1,3.0,1.411780142182727,1.1061257408350453,1.408288947388332,1.1097770331560701
2481,936.0,9.0,0.1,4.0,1.4356955624933707,1.1058812840400947,1.4457868807747187,1.0992583553511088
2482,936.0,9.0,0.1,5.0,1.489188539057053,1.1223648117674307,1.4362165083451297,1.1020958379129624
2483,936.0,9.0,0.1,6.0,1.5205876416072728,1.1519874786834352,1.4862543187383557,1.1453665042751273
2484,936.0,9.0,0.1,7.0,1.7849392740263765,1.372877706415437,1.7011312088974517,1.3287207472432137
2485,936.0,9.0,0.125,1.0,5.0951571159519835,4.180352609029045,4.8908363478896835,3.9092704131862184
2486,936.0,9.0,0.125,2.0,1.4717818378265337,1.1650878461374663,1.4721232627788277,1.1717834441230452
2487,936.0,9.0,0.125,3.0,1.379695122446891,1.092815612085865,1.3992678705701918,1.101353263233732
2488,936.0,9.0,0.125,4.0,1.3671663504660687,1.0726401776631276,1.371768740196035,1.0518891763705243
2489,936.0,9.0,0.125,5.0,1.466624557648898,1.114973491403536,1.426873167501396,1.08751050798482
2490,936.0,9.0,0.125,6.0,1.5483788980980073,1.1730966014745172,1.508984442690464,1.1629351755432513
2491,936.0,9.0,0.125,7.0,1.7738659776214902,1.3554377839199265,1.682456194938223,1.3262981705126493
2492,936.0,9.0,0.15,1.0,5.130733270469196,4.2186920198085085,4.925537637043093,3.948522557061983
2493,936.0,9.0,0.15,2.0,1.3795169878255247,1.0888028118820565,1.4159050394057715,1.1140936162567496
2494,936.0,9.0,0.15,3.0,1.4222675774637046,1.1157543533351086,1.4192359962121852,1.121923341506435
2495,936.0,9.0,0.15,4.0,1.447292039631148,1.1208773807683108,1.4605907317517408,1.1291715266939009
2496,936.0,9.0,0.15,5.0,1.4933227946304468,1.141096912980442,1.401097997274151,1.0736712499033019
2497,936.0,9.0,0.15,6.0,1.5883154055379414,1.204804469412699,1.5578848860291046,1.2050531502035322
2498,936.0,9.0,0.15,7.0,1.7639057076044151,1.3590689008609633,1.7006315002240049,1.3300015110996402
2499,936.0,9.0,0.175,1.0,2.696454373005716,2.1872381009999198,2.6854314356342788,2.1475756300266227
2500,936.0,9.0,0.175,2.0,1.3415154497302864,1.0521135008182745,1.3469392324554441,1.0582797550008627
2501,936.0,9.0,0.175,3.0,1.3641067232214505,1.0730003224614437,1.388489779868664,1.0886013620062975
2502,936.0,9.0,0.175,4.0,1.3716979611032587,1.0673058986855777,1.369101480820687,1.0575118678821331
2503,936.0,9.0,0.175,5.0,1.4866329977225916,1.1366911728093556,1.4248683203009849,1.0858321448972228
2504,936.0,9.0,0.175,6.0,1.5359440688806534,1.1670546768182302,1.4996802733843797,1.1563741615586136
2505,936.0,9.0,0.175,7.0,1.7359518647260117,1.3455255716745895,1.6286044383909064,1.28495648721864
2506,936.0,9.0,0.2,1.0,3.342702715358153,2.662276184245872,3.2359166604042224,2.5480821306511854
2507,936.0,9.0,0.2,2.0,1.5387692152327794,1.2280304587085158,1.537230849963943,1.2182640287098414
2508,936.0,9.0,0.2,3.0,1.363641928727945,1.083328634247887,1.3928348034281952,1.0941381499069498
2509,936.0,9.0,0.2,4.0,1.4850692574475741,1.1515835977885103,1.4827055738144224,1.1560466622428271
2510,936.0,9.0,0.2,5.0,1.5768557982511782,1.2136873969393256,1.5347517263755526,1.1893619984538624
2511,936.0,9.0,0.2,6.0,1.5716699622373043,1.1929810022200718,1.5198521200968225,1.162872224695644
2512,936.0,9.0,0.2,7.0,1.7581450134161256,1.3616004328857516,1.6569699220060472,1.3068538909601097
2513,936.0,9.0,0.225,1.0,3.268091481708718,2.6020590645923773,3.154523802000541,2.4692759949706473
2514,936.0,9.0,0.225,2.0,1.5347537234243216,1.2303231725687465,1.5583874864916967,1.233417735990379
2515,936.0,9.0,0.225,3.0,1.3775299035955506,1.0887864488291539,1.4099358308948686,1.10131081824885
2516,936.0,9.0,0.225,4.0,1.4855601621291998,1.1479172195684335,1.4676897176863117,1.1262049372042011
2517,936.0,9.0,0.225,5.0,1.474702841346421,1.1181083340292288,1.401575248668906,1.0700240171665647
2518,936.0,9.0,0.225,6.0,1.597249492152739,1.2177601514580265,1.535257608393109,1.1879410270304098
2519,936.0,9.0,0.225,7.0,1.8288943142152605,1.4089476249434107,1.7354924985433744,1.3609379936695751
2520,936.0,9.0,0.25,1.0,4.945579789442461,4.065090121487744,4.745598173007745,3.808940149698924
2521,936.0,9.0,0.25,2.0,1.461594973481318,1.1616344784086488,1.4777093995817903,1.161977997401241
2522,936.0,9.0,0.25,3.0,1.496453594727289,1.1813767941176256,1.5137447245036098,1.1923876846287262
2523,936.0,9.0,0.25,4.0,1.4426170925545372,1.1077018255701878,1.4642196140327812,1.1429707869458698
2524,936.0,9.0,0.25,5.0,1.5698659147807377,1.1932978867004336,1.507787608966427,1.1563240689873928
2525,936.0,9.0,0.25,6.0,1.6492728209604142,1.2522200566667512,1.552603150363351,1.1905048192286178
2526,936.0,9.0,0.25,7.0,1.7935862165315952,1.3915673753028024,1.7330631415889208,1.3758068592788952
2527,936.0,9.0,0.275,1.0,3.243504585624732,2.6092793227613185,3.1712097869770335,2.5108303556630682
2528,936.0,9.0,0.275,2.0,1.4863781712450863,1.171422773557641,1.5024428458854815,1.189850427978607
2529,936.0,9.0,0.275,3.0,1.5245366897006025,1.1895107765612432,1.5101193948710212,1.1861335221909906
2530,936.0,9.0,0.275,4.0,1.4367688684334148,1.1032175227495808,1.4598433361388494,1.124623278397265
2531,936.0,9.0,0.275,5.0,1.5875857570562268,1.2298519970382737,1.5223414001895066,1.1848278161417047
2532,936.0,9.0,0.275,6.0,1.6257663081456228,1.2503294899774122,1.5690834869766135,1.208665603399455
2533,936.0,9.0,0.275,7.0,1.8144506553011766,1.3979736997451646,1.720533815599847,1.3446498334722332
2534,936.0,9.0,0.3,1.0,3.139678708054008,2.524791718853371,3.083101998930043,2.4353968769970136
2535,936.0,9.0,0.3,2.0,1.3884721791127304,1.0930590409177166,1.4173977075759319,1.112210711486552
2536,936.0,9.0,0.3,3.0,1.5062754797900997,1.176284051633781,1.4386424633160284,1.1288201097694601
2537,936.0,9.0,0.3,4.0,1.425780497306076,1.1042040990147775,1.455334076641204,1.1416868626031285
2538,936.0,9.0,0.3,5.0,1.5303711270049984,1.1769930719783697,1.4817369752611862,1.145072822495549
2539,936.0,9.0,0.3,6.0,1.665497595164013,1.266654768325403,1.5930053283196421,1.2213844996153376
2540,936.0,9.0,0.3,7.0,1.7862339905411977,1.3572625404079073,1.6972313737842135,1.3248467619494035
2541,936.0,12.0,0.05,1.0,4.6880347027270455,3.8454904999850643,4.510073934004324,3.622014197096115
2542,936.0,12.0,0.05,2.0,1.4031537745988971,1.098078035595477,1.4486586610448424,1.1421366932361026
2543,936.0,12.0,0.05,3.0,1.367826676807355,1.074487066398668,1.4236049458513345,1.1193692797567825
2544,936.0,12.0,0.05,4.0,1.3175485147442225,1.0153209928673699,1.3556279341238175,1.0491927508944647
2545,936.0,12.0,0.05,5.0,1.2915832770188174,0.9852485530749694,1.3159482856191898,0.9953066958402997
2546,936.0,12.0,0.05,6.0,1.419057886450556,1.073662666095564,1.3845780677618353,1.0632869717918747
2547,936.0,12.0,0.05,7.0,1.602999192287575,1.2204348192960501,1.5795727727893951,1.2325338045006418
2548,936.0,12.0,0.075,1.0,3.0769865689892284,2.4635414502105215,3.0154224423022797,2.3967291645355333
2549,936.0,12.0,0.075,2.0,1.4031890216274914,1.1089762299646462,1.47038088645946,1.155324755152655
2550,936.0,12.0,0.075,3.0,1.325845664019237,1.0387331319941078,1.3635491096700534,1.0689839872961728
2551,936.0,12.0,0.075,4.0,1.3364391646839386,1.029087552780388,1.3657835881110538,1.0523247068558357
2552,936.0,12.0,0.075,5.0,1.3044007717743102,0.9869171825063925,1.341287235835805,1.0123050924472365
2553,936.0,12.0,0.075,6.0,1.4276271960152929,1.077978158163628,1.3841044733488261,1.0702964236943844
2554,936.0,12.0,0.075,7.0,1.6103444173855197,1.2274659093473514,1.5575098713081226,1.2054793889441189
2555,936.0,12.0,0.1,1.0,2.8869468243647556,2.319003649333648,2.859792781015432,2.2631451512409995
2556,936.0,12.0,0.1,2.0,1.4559801957931886,1.1436416693037894,1.5045485760473987,1.1845965808363055
2557,936.0,12.0,0.1,3.0,1.3569997254424295,1.0636186123762892,1.417750552118083,1.1116166507363343
2558,936.0,12.0,0.1,4.0,1.304685742080885,0.9997666524647096,1.3400020778866397,1.0322768028296572
2559,936.0,12.0,0.1,5.0,1.3480869071353878,1.0120487277955699,1.3516604605904938,1.031522813271714
2560,936.0,12.0,0.1,6.0,1.43402321730803,1.084730727923468,1.4069224159103237,1.0876641307805135
2561,936.0,12.0,0.1,7.0,1.5852029919414699,1.2043814728101814,1.5622501415323813,1.2055298517716002
2562,936.0,12.0,0.125,1.0,2.491548043989142,2.037268946758221,2.50517096441212,2.028773876908848
2563,936.0,12.0,0.125,2.0,1.4227172636200518,1.1141059361871135,1.4916547388039405,1.1627979081914959
2564,936.0,12.0,0.125,3.0,1.3808344286989873,1.0851370954614918,1.4110649791947956,1.1147767520831806
2565,936.0,12.0,0.125,4.0,1.3970118791216253,1.0864790170647802,1.4328867503340055,1.1204710950494674
2566,936.0,12.0,0.125,5.0,1.3697796143224896,1.0430939078810653,1.387092913214831,1.0615756159184255
2567,936.0,12.0,0.125,6.0,1.4045334831576077,1.0553044744516642,1.3863204444200201,1.0598140259412334
2568,936.0,12.0,0.125,7.0,1.5928816277682172,1.2070398956029296,1.5614972084159633,1.2026202940044632
2569,936.0,12.0,0.15,1.0,3.098140269296708,2.482550420227472,3.0241349235929467,2.411187501590722
2570,936.0,12.0,0.15,2.0,1.3804693744699867,1.0757368468790403,1.4396388477738902,1.1377044545861645
2571,936.0,12.0,0.15,3.0,1.3871003544525173,1.094524025611377,1.4255974208841862,1.1143001736160936
2572,936.0,12.0,0.15,4.0,1.392208810890975,1.0848590682746635,1.431191567819036,1.1107932953580362
2573,936.0,12.0,0.15,5.0,1.3376675626193388,1.0112388341424607,1.4117475640084,1.0695326050128406
2574,936.0,12.0,0.15,6.0,1.5009266223141513,1.153823337047359,1.474147037903944,1.1424257368088098
2575,936.0,12.0,0.15,7.0,1.5891083571981615,1.2147521168517625,1.5853930296955676,1.2352158984966657
2576,936.0,12.0,0.175,1.0,2.9122394268707876,2.334998018253716,2.875964121607922,2.2752340382476497
2577,936.0,12.0,0.175,2.0,1.5198202656284259,1.1964598609427797,1.6023791511280054,1.2642833734897427
2578,936.0,12.0,0.175,3.0,1.3659374793007182,1.0710049370800303,1.4312365457871645,1.1273203453475666
2579,936.0,12.0,0.175,4.0,1.3490165252240465,1.057875282759658,1.4093800255216966,1.1001676990227696
2580,936.0,12.0,0.175,5.0,1.4011050601176975,1.0733687458711565,1.4235433376599993,1.0833358736348024
2581,936.0,12.0,0.175,6.0,1.4974798722398601,1.1284842828413,1.4395278501187079,1.098720505457422
2582,936.0,12.0,0.175,7.0,1.624771177064736,1.2500626425520536,1.5556556096775944,1.2212656252759588
2583,936.0,12.0,0.2,1.0,3.0471446135156626,2.4396737751919573,2.991669858942842,2.3694642347482655
2584,936.0,12.0,0.2,2.0,1.3704167665382236,1.0668391829308999,1.4108691244421805,1.0977118217366673
2585,936.0,12.0,0.2,3.0,1.4221835798103621,1.106138394406023,1.48396576793088,1.1640701567871936
2586,936.0,12.0,0.2,4.0,1.487567260380806,1.152819313193201,1.5317088091524862,1.1977716058626482
2587,936.0,12.0,0.2,5.0,1.3557187059510298,1.0195566364589295,1.3939035617310975,1.0641388351190566
2588,936.0,12.0,0.2,6.0,1.5047081450362956,1.1464044422690576,1.4479535488685908,1.1178308128673329
2589,936.0,12.0,0.2,7.0,1.6485896831493425,1.2337397402388681,1.5860013775511248,1.220856291929426
2590,936.0,12.0,0.225,1.0,2.7629738412903357,2.2399887857969625,2.7543368947293967,2.2068855084374572
2591,936.0,12.0,0.225,2.0,1.4699895129277616,1.164291730709638,1.5748336069690196,1.2246289956225027
2592,936.0,12.0,0.225,3.0,1.3706087980380868,1.0966320492189021,1.441053915666187,1.146839892834568
2593,936.0,12.0,0.225,4.0,1.4513268913697759,1.1276810745832522,1.48032609952844,1.1383136273095642
2594,936.0,12.0,0.225,5.0,1.401564631466484,1.0947812150014133,1.4535881953910545,1.115709095635512
2595,936.0,12.0,0.225,6.0,1.5346768715003134,1.1631426307626094,1.4884009419278301,1.1481702838231513
2596,936.0,12.0,0.225,7.0,1.6636068306143308,1.2549686499502768,1.6220362130560686,1.2513951064621005
2597,936.0,12.0,0.25,1.0,2.893589098109123,2.3256188152781743,2.8688816075135635,2.2831719841552403
2598,936.0,12.0,0.25,2.0,1.6546995305951526,1.310741606767769,1.7441281094937016,1.3710587092939674
2599,936.0,12.0,0.25,3.0,1.3763157574668123,1.0798969330537187,1.4526151882021092,1.1334719514176845
2600,936.0,12.0,0.25,4.0,1.410111597115717,1.0953936139508786,1.4697807546728554,1.1351352523381388
2601,936.0,12.0,0.25,5.0,1.3159196233314792,1.0131036594486005,1.3987489030548517,1.0758056119741455
2602,936.0,12.0,0.25,6.0,1.5448405430992609,1.1822880996598595,1.5029008928927912,1.160633481352157
2603,936.0,12.0,0.25,7.0,1.6863616982345042,1.2830600243277201,1.6183927298713119,1.2756800855407566
2604,936.0,12.0,0.275,1.0,2.454208504814863,2.0272489209162172,2.466889726684717,2.031665608205514
2605,936.0,12.0,0.275,2.0,1.5963786263166346,1.2673033674660104,1.7079042096775894,1.3518384032652024
2606,936.0,12.0,0.275,3.0,1.4671006909132638,1.1615581979416314,1.5470208270439998,1.224473008698471
2607,936.0,12.0,0.275,4.0,1.434774376181115,1.1231021734262958,1.4890407484351176,1.1677798867489162
2608,936.0,12.0,0.275,5.0,1.3477571459806421,1.0482922143120246,1.3745885987129625,1.0716526370500932
2609,936.0,12.0,0.275,6.0,1.5325063999645814,1.15335405061248,1.4814938442132968,1.139476759472926
2610,936.0,12.0,0.275,7.0,1.7200857157587273,1.3043752706307639,1.644548892772968,1.2713379320904574
2611,936.0,12.0,0.3,1.0,2.606539058826249,2.13867150098752,2.6350981127806015,2.138696198578135
2612,936.0,12.0,0.3,2.0,1.7165681926964376,1.3843948141949851,1.8047655088418733,1.4518083968167164
2613,936.0,12.0,0.3,3.0,1.4053103648860354,1.102490176137449,1.4832740154826565,1.1463283786036609
2614,936.0,12.0,0.3,4.0,1.439164568763608,1.1238222389226626,1.474985449649451,1.1509213591885648
2615,936.0,12.0,0.3,5.0,1.3854295276531263,1.076746352838225,1.410243022152046,1.091947793101441
2616,936.0,12.0,0.3,6.0,1.5866633007338864,1.204391846885776,1.5297911003347544,1.172407119752164
2617,936.0,12.0,0.3,7.0,1.7819310480218646,1.3504956287962122,1.7052948421740928,1.3363750531759957
2618,936.0,15.0,0.05,1.0,3.8931887627415827,3.1441843330597576,3.790355876820442,3.0367775096258245
2619,936.0,15.0,0.05,2.0,1.6522457635384877,1.3022772739694783,1.7134159175618553,1.3309181738687148
2620,936.0,15.0,0.05,3.0,1.5374977852660798,1.202833001810433,1.5889055205920084,1.2325273184794379
2621,936.0,15.0,0.05,4.0,1.3704984613291207,1.0496259574072495,1.4094132463390536,1.0697441260319707
2622,936.0,15.0,0.05,5.0,1.402543282517763,1.071343290896632,1.432560105536551,1.0901366442689524
2623,936.0,15.0,0.05,6.0,1.4754387678109933,1.1052957768702107,1.4503330529536207,1.118221168338011
2624,936.0,15.0,0.05,7.0,1.5482909478148217,1.1710444494156482,1.5255655967150923,1.174785560598783
2625,936.0,15.0,0.075,1.0,3.2866522391605275,2.640576799194655,3.2310363343418005,2.5970967039200286
2626,936.0,15.0,0.075,2.0,1.5280123631162892,1.2179328561732683,1.5907180634996545,1.244228109655086
2627,936.0,15.0,0.075,3.0,1.4896079160452231,1.1657139509089152,1.5203403744509876,1.1839207213096883
2628,936.0,15.0,0.075,4.0,1.34576036167373,1.025778471329703,1.3972588917123598,1.064663921874487
2629,936.0,15.0,0.075,5.0,1.3817492535683469,1.0487211298135868,1.4009129247452377,1.0569795728100835
2630,936.0,15.0,0.075,6.0,1.4706922163889091,1.1184449261301033,1.4427911435786507,1.1134694931168323
2631,936.0,15.0,0.075,7.0,1.5712262839193805,1.1704916454602072,1.5344964656413125,1.177454084864052
2632,936.0,15.0,0.1,1.0,3.1407874910690023,2.5232443237944375,3.109480441242367,2.4993784972550954
2633,936.0,15.0,0.1,2.0,1.5719525572115995,1.2289461069840584,1.6190333742187457,1.2620130655759527
2634,936.0,15.0,0.1,3.0,1.5080258236105433,1.1638319116995361,1.5343028124518807,1.1900149317929964
2635,936.0,15.0,0.1,4.0,1.3530429289696486,1.0396356938746358,1.3926968021544452,1.0458584241500035
2636,936.0,15.0,0.1,5.0,1.3556283897307053,1.0266441118504546,1.3747246148753938,1.0425678691712628
2637,936.0,15.0,0.1,6.0,1.4347782550558181,1.0875105451351637,1.4416179988820348,1.0990668504154897
2638,936.0,15.0,0.1,7.0,1.529223208937981,1.1700074995713987,1.5104856884638955,1.1638996824391075
2639,936.0,15.0,0.125,1.0,3.1110408005637598,2.5048112662271613,3.079384099419084,2.478630364190406
2640,936.0,15.0,0.125,2.0,1.7315289790081603,1.358305666866975,1.8125413994914488,1.405823947240844
2641,936.0,15.0,0.125,3.0,1.5892501181143543,1.2414796109546347,1.6294390020898817,1.2719070915374946
2642,936.0,15.0,0.125,4.0,1.3579397852517299,1.0480543619704685,1.4097531919808695,1.0706371189923594
2643,936.0,15.0,0.125,5.0,1.3952008089495724,1.081676536632745,1.4113858168910087,1.069522325134681
2644,936.0,15.0,0.125,6.0,1.4391102591327944,1.0974542449649671,1.4749652209290107,1.130127869741961
2645,936.0,15.0,0.125,7.0,1.5196313805593678,1.177686449779597,1.5238261218879345,1.1872020675066657
2646,936.0,15.0,0.15,1.0,4.377814376367154,3.5758040717591792,4.262959347761938,3.425029998458268
2647,936.0,15.0,0.15,2.0,1.7606534957057391,1.3845785747844293,1.8549734881140845,1.4451512811680682
2648,936.0,15.0,0.15,3.0,1.6327396409330972,1.2853531341207358,1.6435258492112408,1.2847505920258577
2649,936.0,15.0,0.15,4.0,1.3527216646691305,1.0328044443032909,1.4034923083100024,1.0769351469093644
2650,936.0,15.0,0.15,5.0,1.3816159988759669,1.0564853608183506,1.4107842848302288,1.0839246600488293
2651,936.0,15.0,0.15,6.0,1.5380465407232264,1.1545677117838473,1.5240000752492935,1.1510165835976587
2652,936.0,15.0,0.15,7.0,1.5980783606824107,1.206476105292787,1.5647714405808741,1.2070078729196438
2653,936.0,15.0,0.175,1.0,3.3051312722752164,2.654615186079623,3.2609682428331204,2.618914516511587
2654,936.0,15.0,0.175,2.0,1.6101742357732567,1.262746970738781,1.6590765795368063,1.2915637768315245
2655,936.0,15.0,0.175,3.0,1.4747283372611135,1.1497885967576393,1.5224047417103137,1.1736769167344214
2656,936.0,15.0,0.175,4.0,1.4528585725616314,1.139471039145075,1.538294990790839,1.186228608465267
2657,936.0,15.0,0.175,5.0,1.423595827751998,1.0961790480976619,1.4334770646650346,1.0986773981863154
2658,936.0,15.0,0.175,6.0,1.4774275400954437,1.1295532289243795,1.4900733958756769,1.1485396072013898
2659,936.0,15.0,0.175,7.0,1.6001988120433681,1.2243888353380954,1.562134136898375,1.2115370319221777
2660,936.0,15.0,0.2,1.0,3.3744108219196223,2.72067181347151,3.3223094335649805,2.67057521696599
2661,936.0,15.0,0.2,2.0,1.634582164923152,1.2812839499577937,1.6643020459568383,1.3009392783990845
2662,936.0,15.0,0.2,3.0,1.5408601155953867,1.2147611344945306,1.5347270831627005,1.2036106278871797
2663,936.0,15.0,0.2,4.0,1.3979313460928613,1.0707930769488483,1.4106287099635204,1.0697757149017852
2664,936.0,15.0,0.2,5.0,1.4609086592831548,1.1378356469650874,1.4690010002994838,1.1262898357939397
2665,936.0,15.0,0.2,6.0,1.5273173796903456,1.1770248619564974,1.496117716764324,1.1605517201642093
2666,936.0,15.0,0.2,7.0,1.6482896965946419,1.2585084226203482,1.6133070214973189,1.2602704656153947
2667,936.0,15.0,0.225,1.0,3.3681731351633117,2.7071859366744064,3.30004887408368,2.6522599634624844
2668,936.0,15.0,0.225,2.0,1.4852983836629572,1.1702776324302613,1.561241773162796,1.238131503903389
2669,936.0,15.0,0.225,3.0,1.3780821388845954,1.0718286389022644,1.4157225849751292,1.1063717410145468
2670,936.0,15.0,0.225,4.0,1.423082538617506,1.1028137949278498,1.449881670091079,1.1273820309154539
2671,936.0,15.0,0.225,5.0,1.4547002216135654,1.1318479391681544,1.4307615775325317,1.1105512169800171
2672,936.0,15.0,0.225,6.0,1.5204545063097843,1.1744433985606477,1.5407512718418788,1.1943125139038349
2673,936.0,15.0,0.225,7.0,1.675899646650994,1.273800681065157,1.6196847345625152,1.258116836611372
2674,936.0,15.0,0.25,1.0,3.4557167689165547,2.7956401654975287,3.412700818172083,2.751993940180477
2675,936.0,15.0,0.25,2.0,1.5832513139455175,1.2527363456880667,1.619399853186178,1.2596088880983667
2676,936.0,15.0,0.25,3.0,1.5055543580666682,1.172058505902798,1.5533597602090747,1.2149104549330776
2677,936.0,15.0,0.25,4.0,1.495112897359748,1.1907938346152127,1.56431062221791,1.2215078484675015
2678,936.0,15.0,0.25,5.0,1.50266399377023,1.1641555171328963,1.4928581057291332,1.1471464111205996
2679,936.0,15.0,0.25,6.0,1.5489893555798875,1.1839918558433056,1.546134665198771,1.203521097992793
2680,936.0,15.0,0.25,7.0,1.7326664914996044,1.322631722473576,1.6803917366004686,1.3150427777461728
2681,936.0,15.0,0.275,1.0,3.2003585448959138,2.5732273389613085,3.164021328533225,2.5464705776509753
2682,936.0,15.0,0.275,2.0,1.4909267531525678,1.184422795168893,1.5126145865555982,1.2021606878974764
2683,936.0,15.0,0.275,3.0,1.4517207628938458,1.1462789841604526,1.4564244755462996,1.1381938993290475
2684,936.0,15.0,0.275,4.0,1.581899664256456,1.2286342634493008,1.6508001637125396,1.2839447233164678
2685,936.0,15.0,0.275,5.0,1.4918054750365979,1.159904457388821,1.4933963747525933,1.152746773797586
2686,936.0,15.0,0.275,6.0,1.540856096188723,1.1885922146459862,1.5093200212465825,1.163949385959067
2687,936.0,15.0,0.275,7.0,1.7310450100168717,1.31031121678712,1.6889398763630772,1.3006081495879167
2688,936.0,15.0,0.3,1.0,2.9354992571406773,2.394195485576949,2.9162406220287154,2.3619063247220096
2689,936.0,15.0,0.3,2.0,1.6207331834696865,1.2898988394323936,1.6365203847008274,1.2946986399680267
2690,936.0,15.0,0.3,3.0,1.436177349365992,1.1105254715880766,1.449370489413096,1.1313220130936188
2691,936.0,15.0,0.3,4.0,1.449312958465217,1.1209567620834018,1.501056475797063,1.1663655952014607
2692,936.0,15.0,0.3,5.0,1.6173230551767583,1.2508022257119698,1.6278065714735046,1.2743015725512836
2693,936.0,15.0,0.3,6.0,1.6215210218100156,1.2320663704117587,1.6843400355792544,1.2833996801829566
2694,936.0,15.0,0.3,7.0,1.7744433565081927,1.3661442361647858,1.7523083240996424,1.3593617807063043
2695,937.0,3.0,0.05,1.0,0.9305001666402296,0.7268718726067978,0.8899784939369147,0.6931954607380422
2696,937.0,3.0,0.05,2.0,0.6418461562760409,0.5011553955040446,0.5807660447106489,0.4583588771743406
2697,937.0,3.0,0.05,3.0,0.7262417615765472,0.5477314155182923,0.6772468526218202,0.5202007493714262
2698,937.0,3.0,0.05,4.0,0.8388369217707277,0.6325102280492514,0.7705124076214289,0.583138201981411
2699,937.0,3.0,0.05,5.0,0.9954177789321457,0.7691000579302847,0.9239431591910616,0.7004114119065792
2700,937.0,3.0,0.05,6.0,1.158878394624248,0.8850618540841124,1.0926362962417249,0.8336164994920396
2701,937.0,3.0,0.05,7.0,1.2935947387514868,0.9850620968214758,1.2591131895432541,0.9565277612988239
2702,937.0,3.0,0.075,1.0,0.9215843428995666,0.721525569743135,0.8784490177760489,0.6838508793257647
2703,937.0,3.0,0.075,2.0,0.6497976797664768,0.5094898148079823,0.5857493916110847,0.46585289987557804
2704,937.0,3.0,0.075,3.0,0.7582516680011674,0.5786467193605517,0.7174981918311722,0.5563036168459248
2705,937.0,3.0,0.075,4.0,0.8457694165056739,0.6516384234348401,0.7738550723322299,0.5966884778903386
2706,937.0,3.0,0.075,5.0,1.0175832982680244,0.7823630142580117,0.9387336111200485,0.7140524430186953
2707,937.0,3.0,0.075,6.0,1.1792066691174827,0.8994410474368869,1.1202362585485366,0.8552322336266752
2708,937.0,3.0,0.075,7.0,1.3134906573469673,1.0037498632469668,1.284674201777795,0.9757189278206886
2709,937.0,3.0,0.1,1.0,0.9166317015410369,0.7158361997842726,0.8752608037923063,0.6784404552218155
2710,937.0,3.0,0.1,2.0,0.6323730231086239,0.4994388748986621,0.5709001072240671,0.4516684423956223
2711,937.0,3.0,0.1,3.0,0.7535362945579925,0.5794944883242877,0.7110882962748184,0.5474239214053548
2712,937.0,3.0,0.1,4.0,0.8678154983561897,0.6572398187078673,0.7983581171874946,0.6083768988687891
2713,937.0,3.0,0.1,5.0,1.0481406368004669,0.8101354953927675,0.9538838569073259,0.7246209236261493
2714,937.0,3.0,0.1,6.0,1.1602500287478783,0.8843241992392259,1.1114013306252069,0.8472548855500663
2715,937.0,3.0,0.1,7.0,1.3040005091009101,0.9956721187094828,1.26355693059925,0.9510210287962909
2716,937.0,3.0,0.125,1.0,0.9463686670917468,0.7402505419020694,0.9086265182338341,0.7096897619561809
2717,937.0,3.0,0.125,2.0,0.6635690794540001,0.5236515296287638,0.5969679949856121,0.4695091188709558
2718,937.0,3.0,0.125,3.0,0.7155917843514431,0.5431514142739515,0.6499165103983039,0.5061262878021644
2719,937.0,3.0,0.125,4.0,0.8481492252387319,0.6510600982707611,0.8100090042294975,0.622214580638354
2720,937.0,3.0,0.125,5.0,1.0193846015130228,0.7849314512730977,0.9508155430994707,0.7207856374931632
2721,937.0,3.0,0.125,6.0,1.187172705276607,0.9100539668774515,1.1327688360033696,0.8653416418043837
2722,937.0,3.0,0.125,7.0,1.329090068224679,1.0199404008127646,1.2556171025191623,0.9479123695950034
2723,937.0,3.0,0.15,1.0,0.9140250269595207,0.7159405050572256,0.8748030829326963,0.680412107538601
2724,937.0,3.0,0.15,2.0,0.6546866904071966,0.5144423333262914,0.6053476454047105,0.47573158982476255
2725,937.0,3.0,0.15,3.0,0.7729421540524472,0.598164812405255,0.7268587672778667,0.5738171011572085
2726,937.0,3.0,0.15,4.0,0.9016555710410484,0.6947952863724379,0.8465411463483726,0.6495790116289238
2727,937.0,3.0,0.15,5.0,1.0409149529048762,0.7996103483710962,0.9626468199891042,0.7285552472456859
2728,937.0,3.0,0.15,6.0,1.1841505368425689,0.8958963923345845,1.1351637100177918,0.8499436792737518
2729,937.0,3.0,0.15,7.0,1.2918601898070055,0.997805899158956,1.228004616899882,0.9454956453985598
2730,937.0,3.0,0.175,1.0,0.9105545852098642,0.7139402216839711,0.8769106162661112,0.6795764333274396
2731,937.0,3.0,0.175,2.0,0.633153549434018,0.4997926441273923,0.5936282977964209,0.47285572685197497
2732,937.0,3.0,0.175,3.0,0.8027832208853076,0.6251201648979177,0.7421459735336936,0.5784261967182899
2733,937.0,3.0,0.175,4.0,0.9107689896324872,0.7016226049214085,0.8370825935794792,0.648274801124947
2734,937.0,3.0,0.175,5.0,1.0814245997511895,0.8294218381593466,0.9724646905488274,0.7275766520149275
2735,937.0,3.0,0.175,6.0,1.203750629945039,0.9106238974740684,1.1139518452756363,0.8475495884306222
2736,937.0,3.0,0.175,7.0,1.3499183373118913,1.039482095371925,1.3138928882120418,1.0091145894202556
2737,937.0,3.0,0.2,1.0,0.935001958176462,0.7357830190468101,0.8994853036066495,0.7029954231122764
2738,937.0,3.0,0.2,2.0,0.7075161813045839,0.5571123258738355,0.6245921084688117,0.49556215611828736
2739,937.0,3.0,0.2,3.0,0.8615456533732554,0.6596331172057333,0.8058826447115122,0.6332573415759116
2740,937.0,3.0,0.2,4.0,0.9034439782006222,0.7012792833771764,0.8368124339722426,0.6556244248438594
2741,937.0,3.0,0.2,5.0,1.0234894788276208,0.7936659425519721,0.9487716307449843,0.7237985037978155
2742,937.0,3.0,0.2,6.0,1.2098993098690447,0.9138412938590896,1.1501746642375308,0.8653079214371792
2743,937.0,3.0,0.2,7.0,1.345904308161874,1.0367677237245534,1.3180188795358483,0.9957424577861188
2744,937.0,3.0,0.225,1.0,0.9429001672642117,0.7404537136947822,0.905443435825444,0.7055845123239949
2745,937.0,3.0,0.225,2.0,0.7006600018089609,0.5647550829109732,0.6489090532733885,0.5113460735609343
2746,937.0,3.0,0.225,3.0,0.842657507027289,0.6571737318689691,0.7833612822262552,0.6229233582222296
2747,937.0,3.0,0.225,4.0,0.9336711674983401,0.7144739161164071,0.8658139561427773,0.6718692473044623
2748,937.0,3.0,0.225,5.0,1.069570627547473,0.8307847517651499,1.017670340368722,0.7678013497839056
2749,937.0,3.0,0.225,6.0,1.2303649830842154,0.9371449393162504,1.1504320921472189,0.8797671706112051
2750,937.0,3.0,0.225,7.0,1.3147042572673429,1.0048247313524359,1.31477851753262,0.9916780925118178
2751,937.0,3.0,0.25,1.0,0.9428220333534808,0.7415732060530588,0.881692125222148,0.6867103305009432
2752,937.0,3.0,0.25,2.0,0.6553320817159076,0.5100811120832921,0.5987870688855416,0.4674689673981149
2753,937.0,3.0,0.25,3.0,0.8107278834821855,0.6353294849627276,0.7618439633655585,0.6003017908010546
2754,937.0,3.0,0.25,4.0,0.9028953122466719,0.7046244994987724,0.8449498477841831,0.6571330543130868
2755,937.0,3.0,0.25,5.0,1.1532186703383047,0.8854040220223001,1.0762042720433669,0.8151855448265798
2756,937.0,3.0,0.25,6.0,1.1988753677104744,0.9117540872758495,1.1571573757088005,0.8783967544518713
2757,937.0,3.0,0.25,7.0,1.3831579248657913,1.0751682251507382,1.3462818445396054,1.0384881729802466
2758,937.0,3.0,0.275,1.0,0.9417464620609941,0.7423496645184527,0.8994091703626883,0.7018456209856424
2759,937.0,3.0,0.275,2.0,0.6883693250627223,0.5462466530508165,0.6671517976370905,0.5313748901571148
2760,937.0,3.0,0.275,3.0,0.820758973303922,0.6433760434471023,0.7841106832998862,0.6232306771671449
2761,937.0,3.0,0.275,4.0,0.9158607783258116,0.7102090665579645,0.8373671356613192,0.644101228892946
2762,937.0,3.0,0.275,5.0,1.1328347260495495,0.875618119444609,1.0481971978951152,0.8134498406452126
2763,937.0,3.0,0.275,6.0,1.2478408630493332,0.9657106645300327,1.2126800671459248,0.9268748419442718
2764,937.0,3.0,0.275,7.0,1.3550412562089582,1.0521402881129227,1.310955882357233,1.0130054825750059
2765,937.0,3.0,0.3,1.0,0.9609622674521969,0.7587993679912692,0.9171739400012191,0.7176987380805406
2766,937.0,3.0,0.3,2.0,0.7873266676704049,0.6191804073889327,0.7219817710792386,0.5690459094186422
2767,937.0,3.0,0.3,3.0,0.8237969817416158,0.6375983612598212,0.7631867269995035,0.6045591401159457
2768,937.0,3.0,0.3,4.0,0.9709512130116084,0.7554813884032197,0.9044640688458276,0.7063546103466573
2769,937.0,3.0,0.3,5.0,1.1335408131958653,0.878338103389935,0.9949510090868608,0.7720373091093622
2770,937.0,3.0,0.3,6.0,1.2638511995004234,0.9745766192776226,1.221103307018765,0.9480627256508164
2771,937.0,3.0,0.3,7.0,1.3800947342346153,1.0743139221157085,1.3208584373190428,1.0158998632397103
2772,937.0,6.0,0.05,1.0,1.1109875910421552,0.8828912326479339,1.1080785560258384,0.8774458028769093
2773,937.0,6.0,0.05,2.0,0.801374045500948,0.6234081819790768,0.7810241853943164,0.6148234136733497
2774,937.0,6.0,0.05,3.0,0.8969686064082472,0.6923154445383245,0.8802820365765782,0.6873866731246318
2775,937.0,6.0,0.05,4.0,1.0149321190737361,0.7813491730193057,0.9888146551531422,0.7714164800139645
2776,937.0,6.0,0.05,5.0,1.1701954089664721,0.9105008286986356,1.1543855457475378,0.896259897905556
2777,937.0,6.0,0.05,6.0,1.338817427114686,1.044289819937064,1.314881560970519,1.0261562781950437
2778,937.0,6.0,0.05,7.0,1.5229433879072525,1.1864332123981678,1.4873320895738296,1.161106555835272
2779,937.0,6.0,0.075,1.0,1.0967605831150529,0.8690743298902139,1.0921334914617438,0.8639838639423896
2780,937.0,6.0,0.075,2.0,0.8105063075667022,0.6286662379510412,0.7858836135773222,0.6178156022767789
2781,937.0,6.0,0.075,3.0,0.884619976993601,0.68816759109009,0.8686557236708379,0.6807150184306665
2782,937.0,6.0,0.075,4.0,0.995025404160996,0.757923919604437,0.9869031385877357,0.7684982093389324
2783,937.0,6.0,0.075,5.0,1.1617677349369584,0.9012778601486676,1.1697523950856954,0.9135065747771394
2784,937.0,6.0,0.075,6.0,1.3590903835540453,1.0524531284906198,1.3326901258324482,1.0355215903257575
2785,937.0,6.0,0.075,7.0,1.5774739223704262,1.2295547679660968,1.5247230663046285,1.1915425178552552
2786,937.0,6.0,0.1,1.0,1.0991362656389716,0.8717331938328109,1.094843989614902,0.8663787195723519
2787,937.0,6.0,0.1,2.0,0.849539052778911,0.6669153571706306,0.8244314530038168,0.6503915685393779
2788,937.0,6.0,0.1,3.0,0.8529314053095054,0.6585656321880947,0.8309076984947787,0.6468531435343574
2789,937.0,6.0,0.1,4.0,1.0223205231176933,0.7817293565833174,0.995563937142178,0.7737291183603757
2790,937.0,6.0,0.1,5.0,1.1402169025894928,0.8847415393546392,1.0996563293611372,0.8548798279967719
2791,937.0,6.0,0.1,6.0,1.351577156023084,1.0576545543272806,1.3250029971383563,1.036914512553643
2792,937.0,6.0,0.1,7.0,1.517953140262586,1.1869751354026035,1.4815681530534142,1.1598759827755092
2793,937.0,6.0,0.125,1.0,1.082063012119197,0.8565101240062382,1.0699805958599196,0.8439497821449075
2794,937.0,6.0,0.125,2.0,0.8217358615670106,0.6422137375923446,0.7894234929661235,0.6269744041824862
2795,937.0,6.0,0.125,3.0,0.9160015074236,0.7043697481114164,0.8964667231380344,0.6943478583534384
2796,937.0,6.0,0.125,4.0,1.0462210128853133,0.8162232270668073,1.04811994371915,0.8293878416139405
2797,937.0,6.0,0.125,5.0,1.1384708470683627,0.8785941876796316,1.1068084484416194,0.8669148227473895
2798,937.0,6.0,0.125,6.0,1.35338123800695,1.057504743184314,1.3038099347330232,1.0259335442145452
2799,937.0,6.0,0.125,7.0,1.503109252744062,1.1849531618035416,1.4455216818031884,1.140470401176299
2800,937.0,6.0,0.15,1.0,1.041667316097137,0.8220554301710603,1.0332860929592398,0.811056163560889
2801,937.0,6.0,0.15,2.0,0.8549653231342694,0.6693158380920452,0.8200028869133399,0.6467195135865531
2802,937.0,6.0,0.15,3.0,0.8243868441896702,0.6303058168640623,0.8085744742903422,0.6342224767910288
2803,937.0,6.0,0.15,4.0,1.063266184392423,0.8178784930274674,1.044085476763468,0.8239424070246979
2804,937.0,6.0,0.15,5.0,1.2081317316519842,0.9358741478076791,1.2084573099737457,0.9381997630389478
2805,937.0,6.0,0.15,6.0,1.373688518027729,1.0746275252270157,1.3523158235101482,1.066762454595169
2806,937.0,6.0,0.15,7.0,1.512434993342188,1.196216668400899,1.4717346151798931,1.1639982988358453
2807,937.0,6.0,0.175,1.0,1.0482453043440627,0.8249458398764038,1.0325438142881418,0.8137542626553861
2808,937.0,6.0,0.175,2.0,0.780893832303605,0.6121145912125382,0.7829612392480271,0.6182032303779164
2809,937.0,6.0,0.175,3.0,0.9183094267571611,0.7159969128171545,0.9112035132377246,0.7114163811318961
2810,937.0,6.0,0.175,4.0,1.0354475970566124,0.8048555605675376,1.0423158839578621,0.821678655896842
2811,937.0,6.0,0.175,5.0,1.2313816814225214,0.9666402904009256,1.1992468500472513,0.9433157374508002
2812,937.0,6.0,0.175,6.0,1.3971453344911078,1.096924303568614,1.3699985252113138,1.071027895997183
2813,937.0,6.0,0.175,7.0,1.5136647066175364,1.1868200938378768,1.4809396841115412,1.176802535907275
2814,937.0,6.0,0.2,1.0,1.0618879223527615,0.8401212702515276,1.046562131081439,0.8251154859185015
2815,937.0,6.0,0.2,2.0,0.8743363534753028,0.6894336485664346,0.8464453357943731,0.6739071525102959
2816,937.0,6.0,0.2,3.0,0.9058485786058857,0.6903069667071899,0.8939316537613349,0.7079332933921019
2817,937.0,6.0,0.2,4.0,1.089977770220321,0.8327717204589306,1.0819795500041962,0.847475755317916
2818,937.0,6.0,0.2,5.0,1.1998018327261,0.9235142515036048,1.2011108432588564,0.9307583878570382
2819,937.0,6.0,0.2,6.0,1.361214451630531,1.068570899260323,1.3159678046620642,1.0260640666009422
2820,937.0,6.0,0.2,7.0,1.5258662540656631,1.1973984461957654,1.49389626775221,1.1724139162906009
2821,937.0,6.0,0.225,1.0,1.0680241758814926,0.8463131311626199,1.0526380889796558,0.8216519744716732
2822,937.0,6.0,0.225,2.0,0.9599609380276594,0.7621799637671354,0.907583022106074,0.7248264368762233
2823,937.0,6.0,0.225,3.0,0.9752018907072423,0.7522965174813306,0.9546220685443797,0.7447464061112582
2824,937.0,6.0,0.225,4.0,1.0821021165500044,0.840669927257107,1.08719837778471,0.8653727518301862
2825,937.0,6.0,0.225,5.0,1.3022293595922234,1.0109976637695008,1.2877945066024536,1.002599530497845
2826,937.0,6.0,0.225,6.0,1.3475581036443356,1.0615438352930997,1.3011169441489676,1.0245756549333729
2827,937.0,6.0,0.225,7.0,1.5265591399421934,1.1937148239668183,1.5282779496616692,1.205853893946824
2828,937.0,6.0,0.25,1.0,1.0756765951733178,0.8537393299904591,1.071357546473965,0.8424428891607431
2829,937.0,6.0,0.25,2.0,0.8966941143213166,0.7026391662833196,0.8872198897218977,0.6958975720929765
2830,937.0,6.0,0.25,3.0,0.9767178093643321,0.7532888451350955,1.0033649450783604,0.7807427803949156
2831,937.0,6.0,0.25,4.0,1.1194271717492124,0.8740995114687474,1.1052964778373155,0.8701102018838408
2832,937.0,6.0,0.25,5.0,1.2766514803100055,0.996127036561469,1.2507672804601637,0.9906653108206688
2833,937.0,6.0,0.25,6.0,1.3717051925317199,1.0734332957411206,1.3271741478231018,1.0446249573700372
2834,937.0,6.0,0.25,7.0,1.5111556061902547,1.1932429197307042,1.4419235982477285,1.1296319311436478
2835,937.0,6.0,0.275,1.0,1.0685232960962279,0.8483908957018778,1.0482123037024624,0.8229071002682861
2836,937.0,6.0,0.275,2.0,1.0054340364248875,0.7873315985328738,0.9842438995695002,0.7898941280388299
2837,937.0,6.0,0.275,3.0,0.9835845225794074,0.7722156230967373,0.9533004102291942,0.7520002402755455
2838,937.0,6.0,0.275,4.0,1.1448054958666543,0.8962294175791805,1.1395643071753945,0.8867340700263885
2839,937.0,6.0,0.275,5.0,1.2715810721525562,0.9842354119915976,1.2772522475668162,1.0046794570417164
2840,937.0,6.0,0.275,6.0,1.3741346490489483,1.0854379913009835,1.3555603711450792,1.0668656716216416
2841,937.0,6.0,0.275,7.0,1.5064332789829558,1.1991670506859178,1.4409662393878548,1.141306940314977
2842,937.0,6.0,0.3,1.0,1.114497216975091,0.8820295707416428,1.1003753932042328,0.8709505752645657
2843,937.0,6.0,0.3,2.0,1.0280142874352556,0.8136970263257388,0.9858119006540992,0.7809526023799137
2844,937.0,6.0,0.3,3.0,0.9029457155921865,0.7006103312321632,0.9086304108857534,0.7332823992825
2845,937.0,6.0,0.3,4.0,1.1275529359903749,0.8829543815073766,1.0964816620889952,0.865372615052997
2846,937.0,6.0,0.3,5.0,1.2780146852812635,1.004544277447645,1.2729865013265977,0.9952116074903427
2847,937.0,6.0,0.3,6.0,1.4516396782838445,1.1275465429015707,1.4076944118895935,1.102723608180056
2848,937.0,6.0,0.3,7.0,1.4957256841217812,1.1872406469033967,1.4600853066677644,1.1515712537438743
2849,937.0,9.0,0.05,1.0,1.1562676502742186,0.9186778869563323,1.1519906486500529,0.9113798426601569
2850,937.0,9.0,0.05,2.0,0.8626561685896263,0.6785864528858854,0.8538982522861103,0.6744067010741212
2851,937.0,9.0,0.05,3.0,0.9699054605940978,0.7592274787550306,0.9327592176954477,0.733955038477337
2852,937.0,9.0,0.05,4.0,1.1706260950172782,0.9225198632790731,1.1028679541509663,0.8631375379849929
2853,937.0,9.0,0.05,5.0,1.3658617474166552,1.0687112424978917,1.277830702302818,1.0049749037692437
2854,937.0,9.0,0.05,6.0,1.524308994665005,1.2027656229140802,1.4252253044486591,1.119211327774436
2855,937.0,9.0,0.05,7.0,1.6079252569604867,1.269870031727166,1.5134900700659712,1.1882696657738965
2856,937.0,9.0,0.075,1.0,1.1574153744614395,0.9194450370503701,1.1580482504040195,0.9123000892250781
2857,937.0,9.0,0.075,2.0,0.8552340258218212,0.6735422029584321,0.8461881764222514,0.6687182840676208
2858,937.0,9.0,0.075,3.0,0.9248555218412358,0.7221034876670656,0.9053055546768214,0.7158470870450148
2859,937.0,9.0,0.075,4.0,1.2036753532043822,0.9459776997711397,1.1257007400471613,0.8851738143097906
2860,937.0,9.0,0.075,5.0,1.3342706391373769,1.042757833592484,1.2474738998665977,0.9782186252987575
2861,937.0,9.0,0.075,6.0,1.4888184239843338,1.1762553336873294,1.4061735391155443,1.1016578983304657
2862,937.0,9.0,0.075,7.0,1.6362475179457732,1.3006161286591982,1.5315804316528703,1.2006907890959466
2863,937.0,9.0,0.1,1.0,1.2102530547485661,0.9590028334164258,1.2062584958473765,0.9521841980758561
2864,937.0,9.0,0.1,2.0,0.8853400200203897,0.692504880319664,0.8782354820345181,0.6880193185410033
2865,937.0,9.0,0.1,3.0,0.9732754331062072,0.7588476130349782,0.9355504010285011,0.736963032589295
2866,937.0,9.0,0.1,4.0,1.161838403901298,0.9080623460773153,1.1093655427054283,0.8677059308124776
2867,937.0,9.0,0.1,5.0,1.374606402660866,1.0782359107761053,1.293006975660022,1.0121929472714262
2868,937.0,9.0,0.1,6.0,1.5529185857848657,1.2227335680197957,1.4648599290576099,1.1378021136804373
2869,937.0,9.0,0.1,7.0,1.6198483756306803,1.286735679844313,1.518478420316829,1.1962828677251518
2870,937.0,9.0,0.125,1.0,1.0894436221715678,0.86184471778204,1.0876097486675897,0.8546902630451277
2871,937.0,9.0,0.125,2.0,0.8457044070881853,0.6701407998612845,0.84243601637546,0.6649607988033202
2872,937.0,9.0,0.125,3.0,0.9032543731071992,0.7066830788174499,0.877819283629008,0.6942373898536769
2873,937.0,9.0,0.125,4.0,1.1695148309169743,0.9182234032828216,1.1337013636991489,0.8902025842487622
2874,937.0,9.0,0.125,5.0,1.4229100786313569,1.1208162362780438,1.339796077713254,1.0530541663824728
2875,937.0,9.0,0.125,6.0,1.4504688143222775,1.1526587463700557,1.3834326698410848,1.0913249455241216
2876,937.0,9.0,0.125,7.0,1.6281676419728366,1.2862208770927264,1.5156666578919742,1.1923142648347778
2877,937.0,9.0,0.15,1.0,1.1148523898583853,0.884525375953757,1.1129846063707045,0.8750370911104619
2878,937.0,9.0,0.15,2.0,0.8656414308374766,0.6771165494515992,0.8530386997108881,0.6725165580848653
2879,937.0,9.0,0.15,3.0,0.9941199325674005,0.7910309567204264,0.9788323182823602,0.7820454267890293
2880,937.0,9.0,0.15,4.0,1.2194873190041553,0.9545399957069463,1.1351332533537817,0.8921274888835248
2881,937.0,9.0,0.15,5.0,1.3961938712883968,1.0989246523664562,1.303869668784861,1.0279925995655157
2882,937.0,9.0,0.15,6.0,1.5262404434488737,1.2013437417187198,1.4095259204147232,1.1132697315199798
2883,937.0,9.0,0.15,7.0,1.615903890915323,1.2878984950598307,1.5024381666232602,1.1843402958594669
2884,937.0,9.0,0.175,1.0,1.1055222588244187,0.8803448120568587,1.109774395648867,0.8700067834964407
2885,937.0,9.0,0.175,2.0,0.8881624094796524,0.702819138227861,0.861424474122208,0.678247925489301
2886,937.0,9.0,0.175,3.0,0.9755829631986609,0.7615028711154285,0.9391399494203135,0.7455293332116413
2887,937.0,9.0,0.175,4.0,1.2185854031975611,0.9684839568297616,1.1505119210466386,0.9145272985329607
2888,937.0,9.0,0.175,5.0,1.3482648462037317,1.061404542950088,1.2868060527201841,1.009229812443342
2889,937.0,9.0,0.175,6.0,1.5066275017343145,1.1746724747882245,1.4066494506737197,1.110981185918563
2890,937.0,9.0,0.175,7.0,1.6147313991145118,1.2582170439276168,1.5064723283931891,1.1745860301554707
2891,937.0,9.0,0.2,1.0,1.1648986687787217,0.9256525322855418,1.157113980829457,0.9125695119731779
2892,937.0,9.0,0.2,2.0,0.8776643954944714,0.6905640483575777,0.8640663311688651,0.6817107229133119
2893,937.0,9.0,0.2,3.0,1.0143526553463573,0.8098393050164266,0.9744237074891868,0.7678292831852742
2894,937.0,9.0,0.2,4.0,1.2260458230416809,0.964235207704127,1.158709666175855,0.9025515148253705
2895,937.0,9.0,0.2,5.0,1.447690713832692,1.1345720017365315,1.3488750131343015,1.057117506260007
2896,937.0,9.0,0.2,6.0,1.5671176973564582,1.2515282005428918,1.476224244291509,1.1745038628198738
2897,937.0,9.0,0.2,7.0,1.6343830198627152,1.288642359893278,1.516558725438188,1.2008303967897063
2898,937.0,9.0,0.225,1.0,1.159355986896417,0.9225641027713339,1.1507427875348122,0.9092970608749908
2899,937.0,9.0,0.225,2.0,0.8405670334999369,0.6663311239543348,0.8319106922533257,0.6536753764666369
2900,937.0,9.0,0.225,3.0,0.9725516990185221,0.7638148460464051,0.9468530918162921,0.7405202123940154
2901,937.0,9.0,0.225,4.0,1.2634296298253946,0.9862620571548089,1.1968629921938565,0.9445387755859846
2902,937.0,9.0,0.225,5.0,1.4339358735251817,1.135263555902352,1.3526249803117714,1.0563184958044594
2903,937.0,9.0,0.225,6.0,1.548258064156198,1.2202991212352685,1.4559496299024568,1.151387548082189
2904,937.0,9.0,0.225,7.0,1.6567562615902771,1.3223395367498392,1.5710817597221594,1.2449588395752909
2905,937.0,9.0,0.25,1.0,1.1259045527234581,0.9027947023329342,1.121631086924424,0.886338289303805
2906,937.0,9.0,0.25,2.0,0.8452618067853828,0.6729881289064431,0.8621399310793865,0.6789330925320433
2907,937.0,9.0,0.25,3.0,1.1225734649985566,0.8943475942613683,1.092947397379023,0.8717002676052812
2908,937.0,9.0,0.25,4.0,1.2584763781616046,0.9981929844661065,1.1988310555528763,0.9430650739596383
2909,937.0,9.0,0.25,5.0,1.4261440672568797,1.122034215949382,1.3577801609845408,1.0712981021490868
2910,937.0,9.0,0.25,6.0,1.5670156914311766,1.2480144462198457,1.4888672963384664,1.1872360444443062
2911,937.0,9.0,0.25,7.0,1.6844806156110865,1.3409711931045774,1.5607817739695569,1.2383230024942906
2912,937.0,9.0,0.275,1.0,1.1444182683073296,0.9163928278350213,1.1354533297906546,0.8941801039570982
2913,937.0,9.0,0.275,2.0,0.8573725753795186,0.6861163335387379,0.8477608628318617,0.6683871029334038
2914,937.0,9.0,0.275,3.0,1.1013469554781792,0.8804471034946193,1.0756759357580068,0.8530304571364964
2915,937.0,9.0,0.275,4.0,1.2535057148283393,0.9944399117527332,1.2040151961781926,0.9456229734358903
2916,937.0,9.0,0.275,5.0,1.46466543196347,1.1710632220079003,1.361136821598094,1.081234723708083
2917,937.0,9.0,0.275,6.0,1.5622899596211404,1.241434184239959,1.499267006417353,1.1858102764483196
2918,937.0,9.0,0.275,7.0,1.7216827687785992,1.3619419383950535,1.6130956591128596,1.2860408208695302
2919,937.0,9.0,0.3,1.0,1.170834238319934,0.9375838439571007,1.1567777433140118,0.9112849447478009
2920,937.0,9.0,0.3,2.0,0.9268007813339171,0.7349402563113222,0.8973525814814003,0.7035260197543101
2921,937.0,9.0,0.3,3.0,1.095755769400396,0.8690201359119865,1.0563009922171647,0.8459803384748011
2922,937.0,9.0,0.3,4.0,1.337085043407331,1.047230305795522,1.2832035244621567,0.996582687936997
2923,937.0,9.0,0.3,5.0,1.4635781268042471,1.1659491798305062,1.3936637523462367,1.1008542693632306
2924,937.0,9.0,0.3,6.0,1.5855491842128753,1.2482544140112373,1.508046619987851,1.171888771578412
2925,937.0,9.0,0.3,7.0,1.668738507455293,1.3328946175809615,1.5874521154054098,1.2570935382371078
2926,937.0,12.0,0.05,1.0,1.27902045304121,0.9994977830316063,1.3083078257262035,1.030339905661064
2927,937.0,12.0,0.05,2.0,1.0641745550811392,0.8266928909421067,1.0766545359335604,0.8451237403693868
2928,937.0,12.0,0.05,3.0,1.0816504656325763,0.8276259454626299,1.0656570300744612,0.8215105914466746
2929,937.0,12.0,0.05,4.0,1.263533728049947,0.9779333841724743,1.223656590493663,0.946837567788316
2930,937.0,12.0,0.05,5.0,1.5167660301150727,1.1860681771958312,1.4307499522486928,1.113715945254362
2931,937.0,12.0,0.05,6.0,1.7165926648364562,1.341795589462728,1.6120757894838151,1.2566463071067264
2932,937.0,12.0,0.05,7.0,1.779587536577192,1.3941763616543474,1.7012040004036995,1.3206488362674815
2933,937.0,12.0,0.075,1.0,1.20296463742166,0.9468994951680217,1.2307447511812084,0.9750088282828874
2934,937.0,12.0,0.075,2.0,1.0803722789281975,0.8429945195075234,1.0909827925655384,0.8550876859315336
2935,937.0,12.0,0.075,3.0,1.050555867239977,0.8045100973520904,1.0425287367512082,0.7973075671380893
2936,937.0,12.0,0.075,4.0,1.259508074958985,0.970259704863537,1.2216269057028861,0.9496137297865153
2937,937.0,12.0,0.075,5.0,1.511500710406461,1.1887367706587344,1.4425750133452924,1.1253064019165946
2938,937.0,12.0,0.075,6.0,1.7029441069739202,1.3305661511350508,1.6219840445079174,1.2536486079515199
2939,937.0,12.0,0.075,7.0,1.789481782550427,1.3925032938571513,1.6907156049136338,1.3122923362077419
2940,937.0,12.0,0.1,1.0,1.2051550361335022,0.94535228954633,1.2264014058323216,0.9712153176914217
2941,937.0,12.0,0.1,2.0,0.9509560156839214,0.7348217818368467,0.9504470649076792,0.7394530901871946
2942,937.0,12.0,0.1,3.0,1.1020563573565374,0.8452188638520093,1.0840431251724814,0.8331814704498525
2943,937.0,12.0,0.1,4.0,1.2880015999681549,1.0030893050409404,1.230522070104812,0.9573441968684719
2944,937.0,12.0,0.1,5.0,1.4924972418868911,1.1643155263833451,1.4166097896515804,1.110732791451092
2945,937.0,12.0,0.1,6.0,1.7256696061177652,1.3516489133605956,1.6460176047953283,1.2816837002616333
2946,937.0,12.0,0.1,7.0,1.783295339756913,1.3990145256348094,1.6981736555039195,1.329515943841942
2947,937.0,12.0,0.125,1.0,1.2183354978705112,0.9568349005658977,1.2476416057486306,0.9834376823818041
2948,937.0,12.0,0.125,2.0,1.0505372147346772,0.8188920752926644,1.0492496489063885,0.8177028511513247
2949,937.0,12.0,0.125,3.0,1.1011226242634589,0.8503229506413934,1.081658592354198,0.8438495163126254
2950,937.0,12.0,0.125,4.0,1.2796472475697802,0.9944895197342859,1.2235533751370125,0.9553442314652953
2951,937.0,12.0,0.125,5.0,1.5570505996685056,1.216389345343308,1.485748534079146,1.1603920110851198
2952,937.0,12.0,0.125,6.0,1.7150814023131538,1.3340897996645096,1.637864028283367,1.2776124290594524
2953,937.0,12.0,0.125,7.0,1.7622641770757541,1.3862740924144745,1.6971242569675988,1.3357615228178927
2954,937.0,12.0,0.15,1.0,1.1968647381012925,0.9431793735773372,1.2141459402649497,0.9591776542685675
2955,937.0,12.0,0.15,2.0,0.9562651664384609,0.7507929087758002,0.9348094298054704,0.7301038219795466
2956,937.0,12.0,0.15,3.0,1.0986412729100616,0.8410050028566097,1.0656056211607048,0.8251328379687981
2957,937.0,12.0,0.15,4.0,1.2741403401179576,0.9802571100244879,1.2370711713223739,0.9571887339026336
2958,937.0,12.0,0.15,5.0,1.490649281518056,1.1553802234487334,1.415910096821966,1.1060062777212056
2959,937.0,12.0,0.15,6.0,1.7475205332423729,1.3738116279373869,1.699809975789866,1.3174690530354405
2960,937.0,12.0,0.15,7.0,1.7837309395391847,1.3776545754961829,1.668355399644185,1.3002252074355005
2961,937.0,12.0,0.175,1.0,1.2285733502094525,0.9713746184848581,1.255649060291727,1.0008829179159529
2962,937.0,12.0,0.175,2.0,1.1192513608444818,0.8582462840635328,1.1076004612277803,0.8714337836031183
2963,937.0,12.0,0.175,3.0,1.08542481809356,0.8476609914326043,1.0751228873406231,0.8414032812644945
2964,937.0,12.0,0.175,4.0,1.3539748617633756,1.0440652553107965,1.3200608811831054,1.009656127978535
2965,937.0,12.0,0.175,5.0,1.567305365991043,1.238255983795369,1.4934312291546918,1.164999532337588
2966,937.0,12.0,0.175,6.0,1.74081949071233,1.3497726800351932,1.6568822297856416,1.2947747741608187
2967,937.0,12.0,0.175,7.0,1.776584636390746,1.3915521555476233,1.6952743577118188,1.3385497174586558
2968,937.0,12.0,0.2,1.0,1.2229561533210136,0.9678283041463414,1.2468519785648113,0.9909890380368007
2969,937.0,12.0,0.2,2.0,1.0477754654596345,0.8253291854582926,1.065210204576416,0.8298637312543803
2970,937.0,12.0,0.2,3.0,1.1163955220887065,0.8583082846962836,1.0741669232062052,0.8360694648381987
2971,937.0,12.0,0.2,4.0,1.333340311365618,1.022686613926192,1.2989975216190859,1.0114757864774293
2972,937.0,12.0,0.2,5.0,1.6057242290356288,1.2529740485964185,1.535891139104384,1.188596747268501
2973,937.0,12.0,0.2,6.0,1.7327957636163953,1.354146984168004,1.6701124266735383,1.306194593798114
2974,937.0,12.0,0.2,7.0,1.819046393751708,1.4383524149349014,1.7495601172709858,1.3706048356007394
2975,937.0,12.0,0.225,1.0,1.2054910656085978,0.9463034300926725,1.2310556926013005,0.9773057247975876
2976,937.0,12.0,0.225,2.0,1.0729557558724978,0.8249822293267487,1.07293250385871,0.8137417153183886
2977,937.0,12.0,0.225,3.0,1.1951304535121718,0.9344313295967536,1.1938523696454943,0.9372394549397816
2978,937.0,12.0,0.225,4.0,1.338293341604155,1.0432871563204484,1.2567304341076817,0.9867378051010621
2979,937.0,12.0,0.225,5.0,1.63043565272339,1.2770889421832152,1.5389946980589897,1.1974235165609812
2980,937.0,12.0,0.225,6.0,1.7154019094640545,1.3493810893989613,1.6113714081058343,1.2743656768127338
2981,937.0,12.0,0.225,7.0,1.7694645107832299,1.3802874330433579,1.7452242368593873,1.3657978204308374
2982,937.0,12.0,0.25,1.0,1.2180970062410599,0.9596093553039204,1.2437869529406063,0.9791350804505802
2983,937.0,12.0,0.25,2.0,1.0778806416707376,0.8532244550903002,1.0603560211851595,0.8282770568487342
2984,937.0,12.0,0.25,3.0,1.1544901459551733,0.8952265851137825,1.1443778755941143,0.8730783015340203
2985,937.0,12.0,0.25,4.0,1.3385071825206434,1.0416761825233143,1.2576146546717109,0.9723594493899131
2986,937.0,12.0,0.25,5.0,1.600978490577476,1.2498744854541368,1.5413212117149342,1.1914762044970124
2987,937.0,12.0,0.25,6.0,1.7236112687978105,1.3565505823315152,1.6593177541134765,1.3094812139897436
2988,937.0,12.0,0.25,7.0,1.875274862223252,1.4823614776882794,1.8003789086494817,1.4265939034595345
2989,937.0,12.0,0.275,1.0,1.1700174171173328,0.9147978302171385,1.2142047450263715,0.9624794060278756
2990,937.0,12.0,0.275,2.0,1.197414862941369,0.9508007238371082,1.187304705141293,0.9422206926223035
2991,937.0,12.0,0.275,3.0,1.1166870000879023,0.8630906587032687,1.1032959243846738,0.8443154915398784
2992,937.0,12.0,0.275,4.0,1.3832952155855398,1.0807068730694904,1.3423739415224532,1.0602028841368951
2993,937.0,12.0,0.275,5.0,1.6065005027888632,1.2768961151649687,1.5255359826757013,1.195015117842851
2994,937.0,12.0,0.275,6.0,1.6840980423983567,1.343008322167977,1.614695474609538,1.2753364243923824
2995,937.0,12.0,0.275,7.0,1.7327869887312362,1.3663372572848138,1.6913649927762906,1.3392500055380887
2996,937.0,12.0,0.3,1.0,1.2862576086963462,1.00568218227625,1.3026652570314161,1.0266001947261993
2997,937.0,12.0,0.3,2.0,1.1088957427685673,0.8724611365478627,1.1026459614175812,0.8732522818368843
2998,937.0,12.0,0.3,3.0,1.1456928048457027,0.8888514519269366,1.1566894879498022,0.8991624561526684
2999,937.0,12.0,0.3,4.0,1.3945167823854203,1.095164593600466,1.3790813854073787,1.0807748318843988
3000,937.0,12.0,0.3,5.0,1.5818116642672855,1.255371996507104,1.52142863733267,1.1900775324156911
3001,937.0,12.0,0.3,6.0,1.6602569299715935,1.3091705668390279,1.6186773214277268,1.281905361727573
3002,937.0,12.0,0.3,7.0,1.798626078883745,1.4098385013623067,1.703268781182814,1.3449667034016306
3003,937.0,15.0,0.05,1.0,1.3055574953209068,1.022899904962272,1.3088635794276022,1.0347655714630668
3004,937.0,15.0,0.05,2.0,1.1280499649678164,0.8893123947588552,1.1249655131259853,0.8830103200433175
3005,937.0,15.0,0.05,3.0,1.0583939618350569,0.824818588459722,1.0371664218989616,0.826503324838632
3006,937.0,15.0,0.05,4.0,1.2269711003851997,0.9663999484039147,1.1483372515149053,0.9112969065346538
3007,937.0,15.0,0.05,5.0,1.4840929356149182,1.1677779834394508,1.3757979945135674,1.0866119751110892
3008,937.0,15.0,0.05,6.0,1.602452189375594,1.262631519974739,1.4908029724543355,1.179602615756923
3009,937.0,15.0,0.05,7.0,1.6784112881870525,1.3260293967538077,1.5918046946542364,1.2539370357625024
3010,937.0,15.0,0.075,1.0,1.230800115275277,0.9727644633752984,1.2303516345393593,0.9786265353773967
3011,937.0,15.0,0.075,2.0,1.1463338423179952,0.9008585812438733,1.1355401731277843,0.892309761355883
3012,937.0,15.0,0.075,3.0,1.0475563033157205,0.8175672418379731,1.0257988575476322,0.8085167981181873
3013,937.0,15.0,0.075,4.0,1.232545066504145,0.9699411050412046,1.1481371483528757,0.9041685191963199
3014,937.0,15.0,0.075,5.0,1.4512514131159024,1.1549895039824167,1.3435915561427387,1.0568452255065526
3015,937.0,15.0,0.075,6.0,1.5674577135067331,1.2389220432903707,1.476634818707385,1.1694623606322947
3016,937.0,15.0,0.075,7.0,1.6412668756858666,1.302596816297147,1.5531924449357455,1.2317519028356683
3017,937.0,15.0,0.1,1.0,1.245100971953652,0.9820343071340244,1.2490996478240657,0.9924730448147383
3018,937.0,15.0,0.1,2.0,1.151607190687968,0.9013232543391215,1.1605160522285878,0.9118981273094501
3019,937.0,15.0,0.1,3.0,1.0741245058099054,0.8430570328711601,1.062112190426556,0.8390163390357114
3020,937.0,15.0,0.1,4.0,1.2477104676100745,0.975146641564241,1.1735830298727727,0.927355213094743
3021,937.0,15.0,0.1,5.0,1.4385299710828796,1.1340640536646143,1.3359079212241742,1.0531920626341598
3022,937.0,15.0,0.1,6.0,1.638394275876792,1.2908388620053883,1.5302974314928863,1.201591881686965
3023,937.0,15.0,0.1,7.0,1.6921674026966491,1.3365474731014009,1.5707313636381555,1.2363129893514393
3024,937.0,15.0,0.125,1.0,1.3002903854696142,1.0256646564365095,1.30331839956594,1.026609842990339
3025,937.0,15.0,0.125,2.0,1.1566613692626146,0.9161668995397035,1.1550845581160027,0.9087265916768645
3026,937.0,15.0,0.125,3.0,1.0616774273095002,0.8325502024973184,1.0343894461947407,0.82218201940715
3027,937.0,15.0,0.125,4.0,1.2219822350896925,0.9587442323249286,1.1334772265766704,0.8928822210878268
3028,937.0,15.0,0.125,5.0,1.476651363625811,1.1621983984835038,1.3742513236841736,1.0879091986609675
3029,937.0,15.0,0.125,6.0,1.587595903915141,1.2566830933790798,1.5155718127828781,1.191340721176252
3030,937.0,15.0,0.125,7.0,1.7058653493352158,1.33871037694357,1.6290298277460267,1.2837882188706957
3031,937.0,15.0,0.15,1.0,1.2447285922203588,0.9805508794654877,1.2492333875562007,0.9869440097603245
3032,937.0,15.0,0.15,2.0,1.1568943329162182,0.9076797492229712,1.140380914716285,0.8883238357382571
3033,937.0,15.0,0.15,3.0,1.1338503465673209,0.884438288281614,1.0983516466418721,0.8702395310682864
3034,937.0,15.0,0.15,4.0,1.2288950985222198,0.9692408092646708,1.1341880643643172,0.9033441302146287
3035,937.0,15.0,0.15,5.0,1.497465394312674,1.170400700807525,1.4186306105821762,1.116887929459153
3036,937.0,15.0,0.15,6.0,1.6584581370178246,1.3017672139549947,1.5756214837771674,1.2360502352322877
3037,937.0,15.0,0.15,7.0,1.6866918308635412,1.3258424412200895,1.6188579583701157,1.2776218209766894
3038,937.0,15.0,0.175,1.0,1.3001584808211937,1.0306797268526797,1.3032890108581532,1.0371172475211727
3039,937.0,15.0,0.175,2.0,1.0379898026926906,0.816046303565583,1.02467411466298,0.7972746739313993
3040,937.0,15.0,0.175,3.0,1.0489599606339406,0.8267212551742718,1.0196230749294712,0.8120484898865423
3041,937.0,15.0,0.175,4.0,1.2433481050352526,0.9701465952463805,1.211993131971972,0.961820502572037
3042,937.0,15.0,0.175,5.0,1.4783167958493855,1.1659970934979176,1.377442182886186,1.091319897512982
3043,937.0,15.0,0.175,6.0,1.634159250437437,1.2941331530776623,1.5416512084702296,1.2246646409901532
3044,937.0,15.0,0.175,7.0,1.6951466009779093,1.3469311178822927,1.5876773519379048,1.2633362635635486
3045,937.0,15.0,0.2,1.0,1.3624182851405704,1.0600072201947237,1.366054624871887,1.057637548526301
3046,937.0,15.0,0.2,2.0,1.0708776766056465,0.8448598961770158,1.0710074157935812,0.8419066517775398
3047,937.0,15.0,0.2,3.0,1.0474340033709508,0.8242311823662388,1.0295206719755803,0.8173080091911415
3048,937.0,15.0,0.2,4.0,1.268012109094188,1.0015141124521865,1.1918296968816364,0.9526090105280757
3049,937.0,15.0,0.2,5.0,1.468772121062098,1.1620442941056393,1.4007299885183389,1.1041497471354766
3050,937.0,15.0,0.2,6.0,1.603351704567231,1.2589735899506873,1.543870711890023,1.208736582192218
3051,937.0,15.0,0.2,7.0,1.630961710275742,1.2794141755947561,1.5728817908661783,1.2338377105000455
3052,937.0,15.0,0.225,1.0,1.3595210051840234,1.0763148867305616,1.3561364669763836,1.0758901350845762
3053,937.0,15.0,0.225,2.0,1.1864060219661534,0.9298754968736803,1.1838453175895187,0.9181146872525039
3054,937.0,15.0,0.225,3.0,1.0469512441391053,0.8171158912279566,1.0465358880792848,0.8269309761279435
3055,937.0,15.0,0.225,4.0,1.3420099154623282,1.0636308427276653,1.2669409519752128,1.0087506092955003
3056,937.0,15.0,0.225,5.0,1.5279512280175278,1.1982322389435067,1.4496204709073535,1.1388293694035605
3057,937.0,15.0,0.225,6.0,1.5908403652779137,1.2499747428998476,1.5254824730646523,1.2169260141332863
3058,937.0,15.0,0.225,7.0,1.65056145554558,1.2914503377619295,1.5880347368674486,1.27106553322859
3059,937.0,15.0,0.25,1.0,1.2692718672996328,0.9951778110148065,1.268580597546001,0.9949258964415465
3060,937.0,15.0,0.25,2.0,1.2288557697957914,0.9678768040110572,1.2325929484393212,0.9669749684991445
3061,937.0,15.0,0.25,3.0,1.0651462820583129,0.8370080571264435,1.0514571909703925,0.8282680054313067
3062,937.0,15.0,0.25,4.0,1.3013102728985808,1.0141786533279076,1.1936062877696447,0.9373869788343823
3063,937.0,15.0,0.25,5.0,1.4057935313653454,1.1028658496352637,1.3552423934808253,1.0673604767698135
3064,937.0,15.0,0.25,6.0,1.6194561360224946,1.270547209690189,1.5335014998499703,1.2043274569783649
3065,937.0,15.0,0.25,7.0,1.653390680101828,1.2980207380623034,1.5661203360307414,1.2396358270085028
3066,937.0,15.0,0.275,1.0,1.21976626236573,0.9567024783186788,1.2269187549592468,0.9621074414866799
3067,937.0,15.0,0.275,2.0,1.1220313596721359,0.877606412518613,1.1328690996950392,0.8712618665154817
3068,937.0,15.0,0.275,3.0,1.136292742326971,0.9023387494948819,1.0895486634695168,0.8662579429406375
3069,937.0,15.0,0.275,4.0,1.3570740332496094,1.0619862737300017,1.3014796531425894,1.0419562160548825
3070,937.0,15.0,0.275,5.0,1.482909180477488,1.167575587241616,1.3884222525772312,1.0976314080358804
3071,937.0,15.0,0.275,6.0,1.6049120619464834,1.2630440100410476,1.549156186537822,1.2329662705204971
3072,937.0,15.0,0.275,7.0,1.671851577123421,1.3138248957631073,1.5919820497262023,1.263672711910485
3073,937.0,15.0,0.3,1.0,1.2184500844215747,0.9744389615637442,1.2001360279693203,0.9664812966854447
3074,937.0,15.0,0.3,2.0,1.0447305591265161,0.818460610634113,1.019359288024706,0.7896327081628833
3075,937.0,15.0,0.3,3.0,1.1727995506515623,0.9205241096307302,1.1635286238660778,0.9249781097752079
3076,937.0,15.0,0.3,4.0,1.3773031523426766,1.080587390226402,1.3140114022608864,1.0382179326397705
3077,937.0,15.0,0.3,5.0,1.4166498986310951,1.1230429753482654,1.3784875897131974,1.091281777129114
3078,937.0,15.0,0.3,6.0,1.6087436955579342,1.2670990495156633,1.5545351229803692,1.2284556578408956
3079,937.0,15.0,0.3,7.0,1.5925866816235652,1.2676512555092627,1.5473397071184853,1.2233094379228522
3080,938.0,3.0,0.05,1.0,1.19034872929516,0.9341092161500292,1.2271397108859345,0.9664488846706563
3081,938.0,3.0,0.05,2.0,0.8627672356296938,0.672583460397704,0.8785117389710154,0.6922108214565384
3082,938.0,3.0,0.05,3.0,0.9295554771659965,0.7271708522854319,0.9676026495919938,0.7496976500274987
3083,938.0,3.0,0.05,4.0,1.0001377880382751,0.7832504001669046,1.0222550745275438,0.7832555472950792
3084,938.0,3.0,0.05,5.0,1.1913735594596242,0.9141902218430545,1.199489450243606,0.9161376589417315
3085,938.0,3.0,0.05,6.0,1.4040077643347206,1.071287219016872,1.4370318853043973,1.0898806810076658
3086,938.0,3.0,0.05,7.0,1.6476498183089712,1.2586742069572616,1.6744485989598412,1.2690447635049718
3087,938.0,3.0,0.075,1.0,1.171101673164743,0.9169999368842573,1.208586545492299,0.9496584316235799
3088,938.0,3.0,0.075,2.0,0.8701325837812247,0.6837394337817416,0.8919685290552962,0.7008342775864621
3089,938.0,3.0,0.075,3.0,0.9417872087174454,0.732727083029247,0.975788220044986,0.7535898891880195
3090,938.0,3.0,0.075,4.0,0.9962485783032251,0.7752712964094468,1.0219563072146893,0.7881991625541659
3091,938.0,3.0,0.075,5.0,1.139683031102416,0.8737942487565804,1.1704740003796112,0.8911858625649731
3092,938.0,3.0,0.075,6.0,1.3698662903498173,1.052567456453031,1.392282368790493,1.0625821060760055
3093,938.0,3.0,0.075,7.0,1.6432723997805978,1.2602841606360364,1.6445560049999262,1.2555124328075358
3094,938.0,3.0,0.1,1.0,1.205611225079047,0.9475295000030257,1.2465376647530346,0.9815546299678669
3095,938.0,3.0,0.1,2.0,0.8387751689801753,0.6563549136929068,0.8522731882560322,0.6768169997603561
3096,938.0,3.0,0.1,3.0,0.9333799158467704,0.7369277493773653,0.9583551891169354,0.7403537898399705
3097,938.0,3.0,0.1,4.0,1.0015990945226108,0.7705962369867738,1.0132556601394893,0.7709693009245785
3098,938.0,3.0,0.1,5.0,1.1770144756545482,0.8979551139837306,1.2192919333423557,0.9272697986256184
3099,938.0,3.0,0.1,6.0,1.4163805467146133,1.085396029540262,1.4402601758266669,1.0867494926465238
3100,938.0,3.0,0.1,7.0,1.6714763172024134,1.2749273959584402,1.698173477698375,1.2912459308963857
3101,938.0,3.0,0.125,1.0,1.1224114959784115,0.8777804522855558,1.1517451885163963,0.8990867605148085
3102,938.0,3.0,0.125,2.0,0.934263216423788,0.7288960720589359,0.9324475390150109,0.7357976639691679
3103,938.0,3.0,0.125,3.0,0.9309279093195536,0.7375355569173364,0.9703975981177264,0.7530135895805067
3104,938.0,3.0,0.125,4.0,1.0294012528465588,0.811146272705584,1.0243441639161694,0.7979783629598242
3105,938.0,3.0,0.125,5.0,1.1807492673563937,0.9101844900268247,1.1995584684492375,0.9242907443170226
3106,938.0,3.0,0.125,6.0,1.408977226505566,1.0651152956060062,1.4389684009965535,1.100012879550042
3107,938.0,3.0,0.125,7.0,1.6638300717544297,1.267938284565501,1.6553882873292385,1.272717756362912
3108,938.0,3.0,0.15,1.0,1.1275954303043536,0.8811714175884002,1.1524965099821955,0.8964152194012047
3109,938.0,3.0,0.15,2.0,0.9532681170112232,0.7427277645204163,0.95042240179892,0.756321145630658
3110,938.0,3.0,0.15,3.0,0.9060943658459232,0.7112486778788637,0.9422289151257396,0.7234680140864418
3111,938.0,3.0,0.15,4.0,1.0966234612265893,0.8579008121811219,1.1261935802408487,0.8724944036584862
3112,938.0,3.0,0.15,5.0,1.1847620566805448,0.9066278240708375,1.2153267799543432,0.9392105261450697
3113,938.0,3.0,0.15,6.0,1.439155790746718,1.101014372511258,1.4733769828701866,1.1145997597160116
3114,938.0,3.0,0.15,7.0,1.7059419044308006,1.3022075810928304,1.6937389540774388,1.285752140344727
3115,938.0,3.0,0.175,1.0,1.126584375945917,0.8813609249825104,1.1533830772094587,0.8998709750073929
3116,938.0,3.0,0.175,2.0,0.9823539932224817,0.7762704420419065,0.989122293688585,0.779779013266811
3117,938.0,3.0,0.175,3.0,0.895420648980675,0.7100121128184037,0.9540861941594149,0.7409280899446524
3118,938.0,3.0,0.175,4.0,1.0528899951056165,0.823424448243404,1.0790600509628603,0.8353500631611191
3119,938.0,3.0,0.175,5.0,1.1697908855086803,0.8987720428889049,1.1994800097664136,0.9208027160114269
3120,938.0,3.0,0.175,6.0,1.4296063144929438,1.1095499662925814,1.4606222061747962,1.1095096147206536
3121,938.0,3.0,0.175,7.0,1.6610150151909246,1.2820522019147804,1.650378353570345,1.2559984222205616
3122,938.0,3.0,0.2,1.0,1.2351842795143508,0.9715883532927878,1.2739011177207438,1.006646315226908
3123,938.0,3.0,0.2,2.0,0.9487119712757703,0.7491907116238626,0.9510588248874782,0.7515226487004997
3124,938.0,3.0,0.2,3.0,0.991269583862477,0.7747776275865991,1.0264914407363888,0.791686659420002
3125,938.0,3.0,0.2,4.0,1.0740995462734921,0.8305571496752621,1.0844010148413294,0.830943043146397
3126,938.0,3.0,0.2,5.0,1.2580399438234466,0.9712312474756464,1.2762451676839706,0.9749337253975534
3127,938.0,3.0,0.2,6.0,1.4514976915240665,1.1102180025949642,1.4923546715519072,1.120710038218002
3128,938.0,3.0,0.2,7.0,1.7200639982697736,1.325046641741476,1.704101716784819,1.3057295441573573
3129,938.0,3.0,0.225,1.0,1.1184971946619557,0.8741251648133253,1.1513376734545837,0.8942746238516547
3130,938.0,3.0,0.225,2.0,0.947892031456274,0.750839640284998,0.9647208142262833,0.7666729389845678
3131,938.0,3.0,0.225,3.0,0.91450756890306,0.7305661668668118,0.9496340199233235,0.748968532595108
3132,938.0,3.0,0.225,4.0,1.0382136170657406,0.8076722286746589,1.0630775002617283,0.8183811857025928
3133,938.0,3.0,0.225,5.0,1.3132613229280932,1.0191691785700423,1.3429050777023748,1.0352753269314119
3134,938.0,3.0,0.225,6.0,1.5282014414584952,1.1767157030159228,1.5590482864659865,1.1922302268187168
3135,938.0,3.0,0.225,7.0,1.713912806194165,1.330389418866324,1.7249127931311035,1.3205252804514171
3136,938.0,3.0,0.25,1.0,1.144280821047846,0.8985019557929645,1.1787106999379517,0.9215856719027573
3137,938.0,3.0,0.25,2.0,0.8735301934008368,0.6957683106148509,0.8427271800265579,0.6703421337348788
3138,938.0,3.0,0.25,3.0,0.8866570953790551,0.696386159998656,0.9391283970414714,0.7336429485954202
3139,938.0,3.0,0.25,4.0,1.0910811286154152,0.8611029779034854,1.1158841963522244,0.8719652499738415
3140,938.0,3.0,0.25,5.0,1.249129627545024,0.9659765741002311,1.2881339958849278,0.9849284744148712
3141,938.0,3.0,0.25,6.0,1.5713670166967808,1.2147104647694773,1.6083401986883765,1.2307409061656411
3142,938.0,3.0,0.25,7.0,1.6919938832986618,1.3222959395199458,1.6914326900952257,1.304862339556518
3143,938.0,3.0,0.275,1.0,1.1428838260545595,0.892063592927261,1.1698485556347153,0.9129208517610438
3144,938.0,3.0,0.275,2.0,0.9171502988728034,0.7317286310645243,0.886249339785015,0.7171575725479347
3145,938.0,3.0,0.275,3.0,1.006460256031177,0.7931578525034267,0.96578309024575,0.7567939847202865
3146,938.0,3.0,0.275,4.0,1.1278108925679664,0.8784473778979479,1.160734477763892,0.9049535323021829
3147,938.0,3.0,0.275,5.0,1.2848222980511264,0.9891059650023589,1.3334286361097598,1.0099680627372496
3148,938.0,3.0,0.275,6.0,1.54641419467371,1.2013763854734836,1.5449291287468783,1.1978143129413852
3149,938.0,3.0,0.275,7.0,1.712693834154824,1.3220563576973396,1.7131560390685932,1.301201313682912
3150,938.0,3.0,0.3,1.0,1.135093822591856,0.8898228265687445,1.1571985739437634,0.90643082536094
3151,938.0,3.0,0.3,2.0,0.8831435797204784,0.6890832156946742,0.8798249007148663,0.685273156266353
3152,938.0,3.0,0.3,3.0,0.9723055731063662,0.7625295440308337,1.0275286736293385,0.7976394930209144
3153,938.0,3.0,0.3,4.0,1.1444301664118413,0.8985077890261978,1.2177052415997445,0.9317735484977941
3154,938.0,3.0,0.3,5.0,1.324643857034106,1.0438315310450357,1.3577883991232478,1.0501205146763155
3155,938.0,3.0,0.3,6.0,1.591487375068776,1.2166849965255586,1.6134151641827457,1.2369877939245961
3156,938.0,3.0,0.3,7.0,1.7253075365373787,1.3398590584688839,1.739384318758353,1.3376503542606502
3157,938.0,6.0,0.05,1.0,1.3383233278624451,1.0698846982910613,1.3834622499075344,1.0929699195280436
3158,938.0,6.0,0.05,2.0,1.0225252308816097,0.8176878033002513,1.050216662351507,0.8193140092422454
3159,938.0,6.0,0.05,3.0,1.1121080621069974,0.892972866280964,1.1215118832294126,0.8875505313267067
3160,938.0,6.0,0.05,4.0,1.285017635407212,1.0284908356449547,1.3136948422962913,1.0370353682426512
3161,938.0,6.0,0.05,5.0,1.4655437229630157,1.1685889297125283,1.440984477751423,1.1320946561065057
3162,938.0,6.0,0.05,6.0,1.698655461392048,1.3617751590204477,1.626360931373212,1.2938331891205985
3163,938.0,6.0,0.05,7.0,1.879324256960183,1.4873567701485346,1.8216028692211805,1.4403775486344372
3164,938.0,6.0,0.075,1.0,1.3058147071789201,1.0394142066521979,1.3433386815807407,1.056222396522085
3165,938.0,6.0,0.075,2.0,1.0306063625761113,0.8272806574785233,1.0458266896068749,0.8326649960572431
3166,938.0,6.0,0.075,3.0,1.1193815267340057,0.9020387339303344,1.131421458855416,0.8884080985835844
3167,938.0,6.0,0.075,4.0,1.265241975645739,1.0058155522253758,1.2959514807140184,1.0225384353659754
3168,938.0,6.0,0.075,5.0,1.4778112338521063,1.1759654527439585,1.4284424799544315,1.121731805513728
3169,938.0,6.0,0.075,6.0,1.707226232856948,1.3660412144121619,1.6370258939227025,1.3108357354636917
3170,938.0,6.0,0.075,7.0,1.86014825522171,1.4700335800654958,1.8207289191984928,1.4395116102308552
3171,938.0,6.0,0.1,1.0,1.4796025694871253,1.1899862033222233,1.542136982326748,1.2280168330053987
3172,938.0,6.0,0.1,2.0,1.020369240720569,0.8229956932771006,1.0655816634905897,0.8396182383176026
3173,938.0,6.0,0.1,3.0,1.0899841947582183,0.8770701932846398,1.0796623827924012,0.8461530701979801
3174,938.0,6.0,0.1,4.0,1.2620322328822635,1.0092152075577863,1.2843159849559695,1.0152628416510054
3175,938.0,6.0,0.1,5.0,1.4802869376615446,1.179249330376601,1.4525881634102515,1.1556474306461262
3176,938.0,6.0,0.1,6.0,1.7014097991277148,1.3595218544909395,1.6175553710184514,1.2829797880992837
3177,938.0,6.0,0.1,7.0,1.8847263910820076,1.495178187452033,1.8190716250583059,1.4440384996436246
3178,938.0,6.0,0.125,1.0,1.3129526729896261,1.0470238046968285,1.3566326468444947,1.0668191553060675
3179,938.0,6.0,0.125,2.0,1.1003601771294953,0.8883926258185215,1.1212545402873173,0.8783990663857626
3180,938.0,6.0,0.125,3.0,1.0937467108358787,0.8777846770665405,1.123065247962236,0.8864521786823609
3181,938.0,6.0,0.125,4.0,1.2875047816076903,1.03111195794043,1.2974019071727305,1.0268042881682058
3182,938.0,6.0,0.125,5.0,1.4926617612092568,1.198908577750014,1.45014986836618,1.1361403781158093
3183,938.0,6.0,0.125,6.0,1.7480113824071086,1.4022500539942204,1.6735816244981219,1.3351154607592577
3184,938.0,6.0,0.125,7.0,1.9039992782546729,1.5069609999987257,1.8327470428815884,1.4500755081685333
3185,938.0,6.0,0.15,1.0,1.2707905935319808,1.0086020937460334,1.3004132997257374,1.011438404857007
3186,938.0,6.0,0.15,2.0,1.1275806354834215,0.9048028063258432,1.1458467629068672,0.892759346415632
3187,938.0,6.0,0.15,3.0,1.1211605783873135,0.8947443258331339,1.1242291460347484,0.8810067836174333
3188,938.0,6.0,0.15,4.0,1.2946779087723643,1.033553068193868,1.3084783374032005,1.0321482237101651
3189,938.0,6.0,0.15,5.0,1.4412135076843422,1.1477176237596587,1.4181202825801453,1.1227768857853617
3190,938.0,6.0,0.15,6.0,1.6594666549869375,1.3222818567861847,1.608637857876483,1.283188420597383
3191,938.0,6.0,0.15,7.0,1.8938648064776546,1.5028401696878566,1.8495458619732363,1.4626002756552807
3192,938.0,6.0,0.175,1.0,1.3038155071511603,1.0395073045326284,1.341309563468574,1.0528849360436834
3193,938.0,6.0,0.175,2.0,1.1019296609531708,0.8812936491463084,1.143717801066278,0.8919988082969565
3194,938.0,6.0,0.175,3.0,1.1517211657609787,0.9186428887669581,1.122970046806777,0.8909600846329727
3195,938.0,6.0,0.175,4.0,1.3046554629277354,1.0443442876008107,1.2927168225063266,1.0253080948583047
3196,938.0,6.0,0.175,5.0,1.503343710288405,1.1912403189560707,1.4557258144245195,1.1544429954127828
3197,938.0,6.0,0.175,6.0,1.7505068019871683,1.3993687760708622,1.6528745462065442,1.323450898513221
3198,938.0,6.0,0.175,7.0,1.8747919785254317,1.4923209026544546,1.7962122448443854,1.424640529482765
3199,938.0,6.0,0.2,1.0,1.3024341709782592,1.0384563641236477,1.3259604622489765,1.038953139712124
3200,938.0,6.0,0.2,2.0,1.1811046555472937,0.9489012085451478,1.2269687778639597,0.9528970636453582
3201,938.0,6.0,0.2,3.0,1.0840336669162978,0.8702860293161447,1.091710885270372,0.8730300646201722
3202,938.0,6.0,0.2,4.0,1.3787517192935146,1.0978821093127344,1.3969250568995164,1.09708182533315
3203,938.0,6.0,0.2,5.0,1.49132312359424,1.188587211838765,1.4434284548735674,1.146027803761221
3204,938.0,6.0,0.2,6.0,1.7598737826390478,1.4113956727972081,1.713179873019638,1.369615360785138
3205,938.0,6.0,0.2,7.0,1.8967004004481156,1.5016571137020733,1.8311042576538938,1.4442593763026406
3206,938.0,6.0,0.225,1.0,1.2737062005486377,1.0098809382114666,1.2898257824953108,1.0024064022501074
3207,938.0,6.0,0.225,2.0,1.1507905000643863,0.9202523782882434,1.1513649168215192,0.9102103644797032
3208,938.0,6.0,0.225,3.0,1.176607202669215,0.9406539247480998,1.175863695087862,0.9225310679470945
3209,938.0,6.0,0.225,4.0,1.444956595777084,1.1425161693730734,1.4163996047141945,1.1205229357046629
3210,938.0,6.0,0.225,5.0,1.4997033843232876,1.1767082430300657,1.4525886162396935,1.1491000061198646
3211,938.0,6.0,0.225,6.0,1.7774242369690363,1.4259025702372063,1.744400834907654,1.3893735340169897
3212,938.0,6.0,0.225,7.0,1.928943732823028,1.5388656660825009,1.8671274769243165,1.4968345067543924
3213,938.0,6.0,0.25,1.0,1.3426431674123334,1.0802838988753658,1.3780834236273047,1.0763879248660144
3214,938.0,6.0,0.25,2.0,1.1395941091909931,0.9033574087259821,1.1438719174727452,0.9026824755757645
3215,938.0,6.0,0.25,3.0,1.155780549234184,0.9148874507909542,1.1868363071539458,0.9430717437460171
3216,938.0,6.0,0.25,4.0,1.3254173357186128,1.0470112375122906,1.3423376524326218,1.0579275398184973
3217,938.0,6.0,0.25,5.0,1.4642313954269297,1.155246351698055,1.4365791595009647,1.1335361072573569
3218,938.0,6.0,0.25,6.0,1.8221752545555048,1.4624463317176697,1.7727467511622326,1.4220594514219151
3219,938.0,6.0,0.25,7.0,1.9628099281612184,1.556434661068551,1.9267175551308107,1.5285165129252773
3220,938.0,6.0,0.275,1.0,1.4906052548966597,1.2037802668695399,1.5380820883778041,1.2184080923867977
3221,938.0,6.0,0.275,2.0,1.1563685068308962,0.9222676829984512,1.1878289075518669,0.940520851927494
3222,938.0,6.0,0.275,3.0,1.2414871969205952,0.9857489298903183,1.2523468899127765,0.9941335506152189
3223,938.0,6.0,0.275,4.0,1.407088745710887,1.1138068318381429,1.4217821229121232,1.1282323164504109
3224,938.0,6.0,0.275,5.0,1.5430567389204515,1.2289740647319876,1.4985837997597915,1.1889648241881883
3225,938.0,6.0,0.275,6.0,1.8392483941663471,1.4652713985675734,1.7550679112175371,1.4024711053296324
3226,938.0,6.0,0.275,7.0,1.9865361109182502,1.5839092848087244,1.968757706860631,1.5772123620274214
3227,938.0,6.0,0.3,1.0,1.3311217017341723,1.0574102318031022,1.3533151326789308,1.0522057280533565
3228,938.0,6.0,0.3,2.0,1.1741540767851144,0.9308514453429066,1.2023390473289266,0.9447013430506157
3229,938.0,6.0,0.3,3.0,1.1036054598969107,0.8701899950223981,1.1270870418370127,0.8934166962203788
3230,938.0,6.0,0.3,4.0,1.322759582986293,1.0427237902762334,1.3738317675974767,1.0934835823922175
3231,938.0,6.0,0.3,5.0,1.578013375806823,1.2525610647656567,1.531203220168125,1.2294986513329695
3232,938.0,6.0,0.3,6.0,1.9217442746699112,1.5439166303525897,1.8719306089014807,1.4933509353856116
3233,938.0,6.0,0.3,7.0,2.023298372128863,1.6089882118702448,2.0407898848246626,1.634413444263676
3234,938.0,9.0,0.05,1.0,2.2196052532237,1.8015744115288088,2.3119571358409896,1.84661200835502
3235,938.0,9.0,0.05,2.0,1.227144797829762,0.9799563107999079,1.2826237916219863,1.0323018277114604
3236,938.0,9.0,0.05,3.0,1.2932866002074341,1.0338167075033515,1.3248642399279527,1.040772228137749
3237,938.0,9.0,0.05,4.0,1.2873570893316517,1.0099247401144351,1.3014061379518713,1.0151460765249016
3238,938.0,9.0,0.05,5.0,1.4416589682587584,1.1186323086426087,1.4163959540605229,1.1098130888216182
3239,938.0,9.0,0.05,6.0,1.6980307146566784,1.3259911926728012,1.635153000443543,1.2766618977670865
3240,938.0,9.0,0.05,7.0,1.8963090042012434,1.479387808552899,1.8438260889401132,1.441615631893989
3241,938.0,9.0,0.075,1.0,1.8719564961601154,1.521949876824988,1.9327483012075022,1.5397498225214423
3242,938.0,9.0,0.075,2.0,1.3462171475615579,1.078295816404711,1.4135162971538002,1.1287434818680275
3243,938.0,9.0,0.075,3.0,1.2373348088962959,0.9921496703273329,1.2795149928616176,1.0083097261183958
3244,938.0,9.0,0.075,4.0,1.2761356657481406,1.0036916826401359,1.2938523279639516,1.0143604305403258
3245,938.0,9.0,0.075,5.0,1.45518978947648,1.1287634751904947,1.4153280047359043,1.108518108491119
3246,938.0,9.0,0.075,6.0,1.653444824054471,1.2897406579876396,1.617596712799606,1.270259830744098
3247,938.0,9.0,0.075,7.0,1.8869481149906084,1.4637741147492576,1.8154102135638053,1.422190842830853
3248,938.0,9.0,0.1,1.0,1.8145944913379342,1.4662931277022897,1.8690093315717156,1.4898718193622777
3249,938.0,9.0,0.1,2.0,1.2233490041269153,0.9774070786306817,1.25886196579742,1.0065122414039807
3250,938.0,9.0,0.1,3.0,1.1025203723827945,0.8787408429364032,1.1413951892389662,0.9023055285918249
3251,938.0,9.0,0.1,4.0,1.2652882711776996,0.9954552573014493,1.2860108227747076,1.0004221670905196
3252,938.0,9.0,0.1,5.0,1.4197304264725599,1.0987974153468054,1.3979308423560588,1.090913376213377
3253,938.0,9.0,0.1,6.0,1.6935346640928968,1.3215787201732387,1.6536653272401398,1.2949509118033493
3254,938.0,9.0,0.1,7.0,1.9217506486184768,1.4928088328954972,1.8188352806837096,1.4215890577871633
3255,938.0,9.0,0.125,1.0,1.9234680850774926,1.5579737452062181,1.9826749020778012,1.5819432864408245
3256,938.0,9.0,0.125,2.0,1.2860621952428986,1.0231528185262113,1.3343042470467184,1.0685746750463603
3257,938.0,9.0,0.125,3.0,1.1847197761404713,0.9421097674489809,1.2076328875380478,0.9578799184040786
3258,938.0,9.0,0.125,4.0,1.2937344339323014,1.0160269774365849,1.3121500328838973,1.0363294250345767
3259,938.0,9.0,0.125,5.0,1.4776986940651415,1.150699614107553,1.45399462631469,1.1344913478289986
3260,938.0,9.0,0.125,6.0,1.6564200425109856,1.3049771362627525,1.6205630893361684,1.2704821770066423
3261,938.0,9.0,0.125,7.0,1.8774420878326592,1.4567020264783974,1.7956347599822164,1.4138706504649097
3262,938.0,9.0,0.15,1.0,1.796950861739329,1.4450148787086197,1.8400338945137822,1.4661261052609265
3263,938.0,9.0,0.15,2.0,1.29466463137917,1.0257920023679654,1.336105247524083,1.0637653406994547
3264,938.0,9.0,0.15,3.0,1.1955374505738487,0.963480149843876,1.2427880767588495,0.9750897480497636
3265,938.0,9.0,0.15,4.0,1.2724230977031532,1.0006368355354536,1.2897059742622121,1.0148372694844277
3266,938.0,9.0,0.15,5.0,1.5227213259189232,1.1845821862051553,1.4819315399597202,1.1548919168922558
3267,938.0,9.0,0.15,6.0,1.7041691105485373,1.338444527122452,1.6640160020000956,1.3034271007091112
3268,938.0,9.0,0.15,7.0,1.878019431995301,1.4807232005070092,1.7880779884670523,1.3967656768622474
3269,938.0,9.0,0.175,1.0,1.7780018530133073,1.4298260628170087,1.8225217768635602,1.4496350334853512
3270,938.0,9.0,0.175,2.0,1.2649691988797316,1.000776130292049,1.291508552863073,1.0316424121310501
3271,938.0,9.0,0.175,3.0,1.3434370715805355,1.0631442298305773,1.3692071962925376,1.0778071927159676
3272,938.0,9.0,0.175,4.0,1.3164746348037568,1.0198205505058713,1.2819303519673542,1.008132095014573
3273,938.0,9.0,0.175,5.0,1.5456955827529253,1.2055068286566015,1.5178072175659216,1.1827963584635746
3274,938.0,9.0,0.175,6.0,1.7453553343885666,1.3763442026063253,1.6782021242219884,1.326447714226921
3275,938.0,9.0,0.175,7.0,1.9248298860990132,1.4993964291209776,1.8104625407546064,1.4186758434376183
3276,938.0,9.0,0.2,1.0,1.8156751033702039,1.4607183212705361,1.8572501945221807,1.476882725320786
3277,938.0,9.0,0.2,2.0,1.2500437867717786,0.9882106751828078,1.292242419216083,1.0318420858997286
3278,938.0,9.0,0.2,3.0,1.170874040646269,0.9389877904093505,1.2304610452690852,0.9741747658668906
3279,938.0,9.0,0.2,4.0,1.3298388300235753,1.0460043683179947,1.3126416203811482,1.037983123954087
3280,938.0,9.0,0.2,5.0,1.448636292051579,1.1258078302996564,1.4305687256353412,1.1120381334120928
3281,938.0,9.0,0.2,6.0,1.7168167572674333,1.348212985606082,1.627145239859729,1.2852682979596817
3282,938.0,9.0,0.2,7.0,1.9071614935595702,1.4820673353908542,1.7795976122772128,1.3988752360610435
3283,938.0,9.0,0.225,1.0,1.982273657339792,1.6197930939259553,2.0347260415123913,1.6212093184095846
3284,938.0,9.0,0.225,2.0,1.2825784678069911,1.0130727512723812,1.3168486780391597,1.0493946953294306
3285,938.0,9.0,0.225,3.0,1.33877986690028,1.0506648163409409,1.3542485663287325,1.07990883604322
3286,938.0,9.0,0.225,4.0,1.3379366491059543,1.0568224446915697,1.3490837781939355,1.0761082473152752
3287,938.0,9.0,0.225,5.0,1.5069055467310852,1.1731314571609672,1.4264258778504648,1.1215946494170972
3288,938.0,9.0,0.225,6.0,1.6510814858145622,1.2960322075545114,1.625830545881152,1.2749750551579964
3289,938.0,9.0,0.225,7.0,1.9601259839925287,1.5353104101724493,1.89635486101812,1.488675367480034
3290,938.0,9.0,0.25,1.0,1.8148227238072825,1.47907481748423,1.8612974521318162,1.4849996755801909
3291,938.0,9.0,0.25,2.0,1.323727144748665,1.056446615660032,1.3490777999783339,1.0868341210810608
3292,938.0,9.0,0.25,3.0,1.2998622062743037,1.0341763059979294,1.2866288170577211,1.0143567897330057
3293,938.0,9.0,0.25,4.0,1.4063845582289882,1.1194328291882916,1.3897950178675198,1.1016794519415667
3294,938.0,9.0,0.25,5.0,1.5303692906319963,1.1993199733922284,1.4737276749627162,1.1398917977438743
3295,938.0,9.0,0.25,6.0,1.710676790290219,1.3569366732889214,1.6552468301288246,1.302596335980872
3296,938.0,9.0,0.25,7.0,1.8680638407885655,1.4741776286392931,1.8180499350743269,1.4182937421455617
3297,938.0,9.0,0.275,1.0,1.7399267354804178,1.4070828473735129,1.7708050132122881,1.4117241057249936
3298,938.0,9.0,0.275,2.0,1.6006793005274031,1.285678778037669,1.6323000986530105,1.2955635635438183
3299,938.0,9.0,0.275,3.0,1.3301748157671478,1.0523232390094777,1.3124431026764105,1.0425736900972575
3300,938.0,9.0,0.275,4.0,1.3779238335372668,1.090441269288461,1.3686698827296377,1.0962637788830536
3301,938.0,9.0,0.275,5.0,1.6450914406496222,1.293255801085372,1.5851137074582702,1.2281503124510418
3302,938.0,9.0,0.275,6.0,1.7756597716135183,1.3933079570425522,1.6891361248815162,1.3089182533490202
3303,938.0,9.0,0.275,7.0,1.950085226565964,1.5365509778876034,1.899535240809283,1.4926610548070622
3304,938.0,9.0,0.3,1.0,2.0923703702081813,1.7146392346274064,2.156313710412175,1.7225425023663616
3305,938.0,9.0,0.3,2.0,1.3181156884163423,1.0508351892469046,1.3324767109765452,1.0639252307832794
3306,938.0,9.0,0.3,3.0,1.3271027390557428,1.0583066109547463,1.304493443105041,1.0327481085311203
3307,938.0,9.0,0.3,4.0,1.399276728786689,1.0991379858978558,1.414065854471082,1.111876248453864
3308,938.0,9.0,0.3,5.0,1.5832770336786255,1.248959855633189,1.5900629658245322,1.256563547767927
3309,938.0,9.0,0.3,6.0,1.760494929482677,1.379154832544954,1.7049907180277915,1.3182070818874323
3310,938.0,9.0,0.3,7.0,1.9606156097395624,1.5460631020325912,1.8768363120968803,1.4663025554170666
3311,938.0,12.0,0.05,1.0,3.196280799608357,2.538099446696438,3.333482271670975,2.607727890682544
3312,938.0,12.0,0.05,2.0,1.1559888503603726,0.9173121319810543,1.191016055486986,0.9253909176320946
3313,938.0,12.0,0.05,3.0,1.1921762797077062,0.9527324984205333,1.228138465667531,0.967083096231003
3314,938.0,12.0,0.05,4.0,1.2713500858730304,1.0012795666702836,1.2946581574101872,1.0285510110443392
3315,938.0,12.0,0.05,5.0,1.3531743414377488,1.0632206756711284,1.348447099857687,1.0626623355488527
3316,938.0,12.0,0.05,6.0,1.5196284258043025,1.2042570496770972,1.502115793608224,1.1756676385086535
3317,938.0,12.0,0.05,7.0,1.6354773620285066,1.29022255002569,1.6421403535238377,1.2868365279419234
3318,938.0,12.0,0.075,1.0,3.2235923733186502,2.5618601863647275,3.3539247804610968,2.626833987249285
3319,938.0,12.0,0.075,2.0,1.2519212683234588,0.9918975101955744,1.2872984948955712,0.9997052220138134
3320,938.0,12.0,0.075,3.0,1.1525208522474957,0.9144356857391694,1.1636881414020614,0.9177402592004315
3321,938.0,12.0,0.075,4.0,1.2442632414630157,0.9794014011375205,1.26313138145871,0.9968171682067873
3322,938.0,12.0,0.075,5.0,1.3798273970551893,1.07906091737222,1.362672393816696,1.0700889949275558
3323,938.0,12.0,0.075,6.0,1.5268625782393193,1.2136749544687488,1.5299102375885039,1.198388530251597
3324,938.0,12.0,0.075,7.0,1.6534885497869372,1.3075362965722894,1.6464273554879996,1.2983342889666658
3325,938.0,12.0,0.1,1.0,3.1939636511990477,2.5483854658808873,3.3131057802399106,2.5919608091010953
3326,938.0,12.0,0.1,2.0,1.2416401136646593,0.9712503327032068,1.2873591890688754,0.9964227903787196
3327,938.0,12.0,0.1,3.0,1.167963798453913,0.9319775985071471,1.1953605832300558,0.94080939886748
3328,938.0,12.0,0.1,4.0,1.2509313149170742,0.9903076270345009,1.2754413279719043,1.0014053128113138
3329,938.0,12.0,0.1,5.0,1.3633142915441614,1.0799267747045245,1.3431842895545463,1.0579998804745847
3330,938.0,12.0,0.1,6.0,1.5551774545081298,1.235122777318467,1.539481472166683,1.2119943758296259
3331,938.0,12.0,0.1,7.0,1.6183845461137962,1.2898322877369524,1.5791760178587875,1.2381402218266189
3332,938.0,12.0,0.125,1.0,3.213410681561174,2.5525476136551424,3.348338143834483,2.619695357841043
3333,938.0,12.0,0.125,2.0,1.1966026599582957,0.9427541921826316,1.2444642300085127,0.9660613033159131
3334,938.0,12.0,0.125,3.0,1.1518779515675206,0.9226503205712057,1.1794255824147253,0.9339433021093158
3335,938.0,12.0,0.125,4.0,1.2143860664154829,0.9535906023004266,1.2553668185397477,0.980381010091099
3336,938.0,12.0,0.125,5.0,1.3860850837043572,1.1022452861798357,1.3274805308985032,1.0554918605264245
3337,938.0,12.0,0.125,6.0,1.5160757987816071,1.1983110068464753,1.5241707646192766,1.2036389023058458
3338,938.0,12.0,0.125,7.0,1.6389678181578042,1.302685078995686,1.6120598966733888,1.2672941522695715
3339,938.0,12.0,0.15,1.0,3.278602863457911,2.6207373712966273,3.3760889445995894,2.648635025396842
3340,938.0,12.0,0.15,2.0,1.2023503878556825,0.9520574851350833,1.2426291070238777,0.9574808260555093
3341,938.0,12.0,0.15,3.0,1.1240396981399403,0.8849362874009757,1.1453221395839452,0.8971754895405861
3342,938.0,12.0,0.15,4.0,1.2465246227778768,0.9816482668023124,1.2770530039392836,1.021241982251417
3343,938.0,12.0,0.15,5.0,1.3861147482599936,1.0956764344574363,1.385348705276154,1.095474926500719
3344,938.0,12.0,0.15,6.0,1.5467459051089498,1.2225647219644615,1.513103689831644,1.1930812922803815
3345,938.0,12.0,0.15,7.0,1.6418898088157616,1.2950030036063842,1.6263859168780295,1.2826272788589164
3346,938.0,12.0,0.175,1.0,3.1694203591690275,2.51983661234905,3.273628400147661,2.569807229206945
3347,938.0,12.0,0.175,2.0,1.1580950418021727,0.9114101415174038,1.2147491478360009,0.944423090954033
3348,938.0,12.0,0.175,3.0,1.2211802545899904,0.9691155853182847,1.2373125665640174,0.9724400690050409
3349,938.0,12.0,0.175,4.0,1.2471977231325562,0.9854814383164232,1.2679490978712944,0.9961184396972578
3350,938.0,12.0,0.175,5.0,1.3861621139081834,1.1060304756769097,1.415143244286258,1.1173087941498594
3351,938.0,12.0,0.175,6.0,1.5384089238439669,1.2263525547292091,1.5406454757529215,1.2123828452886694
3352,938.0,12.0,0.175,7.0,1.5908626574081763,1.264154945796581,1.6294672049971977,1.280172478371961
3353,938.0,12.0,0.2,1.0,3.2131083932166873,2.5549719081042626,3.3327893209225437,2.610027130713564
3354,938.0,12.0,0.2,2.0,1.5830575551062858,1.239930506622112,1.6335798585617607,1.2669990734160677
3355,938.0,12.0,0.2,3.0,1.211755866419018,0.9657751490235137,1.2500046579035213,0.9873030691027675
3356,938.0,12.0,0.2,4.0,1.2533443279615788,0.9873453862212382,1.3046338155503745,1.0261875991773828
3357,938.0,12.0,0.2,5.0,1.4206569886134057,1.1240665277925292,1.4267326899501394,1.1197202709917764
3358,938.0,12.0,0.2,6.0,1.476646746572037,1.1744134499788534,1.5035004883696534,1.1760447465102997
3359,938.0,12.0,0.2,7.0,1.529782985299431,1.2066857782481306,1.5242714156088095,1.202070641593065
3360,938.0,12.0,0.225,1.0,3.208620816840282,2.5703844263280797,3.299255384214976,2.5791451655205764
3361,938.0,12.0,0.225,2.0,1.2079230122035265,0.9483667144382533,1.212326208611878,0.94351914482139
3362,938.0,12.0,0.225,3.0,1.25886863453245,0.9935314327226327,1.3037380218238102,1.0257160526181819
3363,938.0,12.0,0.225,4.0,1.3333543001975563,1.0523092945625567,1.388694043260737,1.0900272284483032
3364,938.0,12.0,0.225,5.0,1.4596637803189936,1.154016593319114,1.4723769334348487,1.158024509958347
3365,938.0,12.0,0.225,6.0,1.564506737437211,1.2374773585650838,1.5659567094329312,1.2237814584377185
3366,938.0,12.0,0.225,7.0,1.571708163635861,1.2507242905845344,1.6035792000577915,1.264208825337947
3367,938.0,12.0,0.25,1.0,3.232181737990425,2.58360124039161,3.3304383350836573,2.598963425051965
3368,938.0,12.0,0.25,2.0,1.2522062959487248,0.9906439678765021,1.2491061414079132,0.975637658252967
3369,938.0,12.0,0.25,3.0,1.2652835215265121,0.9950018462281036,1.2958208799911641,1.0168789075980724
3370,938.0,12.0,0.25,4.0,1.2971478256858375,1.0274553040569134,1.3375261425793623,1.0478893715042683
3371,938.0,12.0,0.25,5.0,1.4977512537837612,1.1880349395602685,1.496656202344337,1.1800355160512246
3372,938.0,12.0,0.25,6.0,1.5601637514808508,1.2457817256168902,1.551907710047585,1.2148363529328816
3373,938.0,12.0,0.25,7.0,1.6778612956217474,1.3221606094398917,1.7049135770255226,1.3273214924592343
3374,938.0,12.0,0.275,1.0,2.6157122169187526,2.0484275794115314,2.6007084221019237,2.019451376220861
3375,938.0,12.0,0.275,2.0,1.265497993526227,0.9981924549887323,1.2369170052711975,0.965605963003193
3376,938.0,12.0,0.275,3.0,1.246972370197109,0.9837271042510729,1.2926823288372982,1.026172844516638
3377,938.0,12.0,0.275,4.0,1.317714964832119,1.044361292563648,1.3391503058581267,1.065610918631581
3378,938.0,12.0,0.275,5.0,1.4351630150131085,1.1379030685794005,1.4131086586152253,1.1135196443464932
3379,938.0,12.0,0.275,6.0,1.5968008233223197,1.25505292983225,1.5400348009119973,1.2067280991397906
3380,938.0,12.0,0.275,7.0,1.6922599344564806,1.3380799597414952,1.6489319351268554,1.3026319699452924
3381,938.0,12.0,0.3,1.0,3.1546849437756914,2.5365070554240656,3.2309846256367307,2.547783229589599
3382,938.0,12.0,0.3,2.0,1.223738970852357,0.9448519546487119,1.2186450186638251,0.9600631281194782
3383,938.0,12.0,0.3,3.0,1.2125121607208376,0.9567426194545209,1.2420951171828591,0.9749077782023167
3384,938.0,12.0,0.3,4.0,1.4524342300968587,1.1352466716304959,1.4871196468960928,1.1666400259620624
3385,938.0,12.0,0.3,5.0,1.452768336005812,1.1477242413768138,1.4902573809825639,1.166815452308161
3386,938.0,12.0,0.3,6.0,1.6059763957930424,1.2665919690936072,1.5438384523185897,1.2150300844386848
3387,938.0,12.0,0.3,7.0,1.6371998942515564,1.2906792961105045,1.5737693609200687,1.231253457102636
3388,938.0,15.0,0.05,1.0,3.452847611507548,2.7468017491549435,3.535100623891797,2.7740257365797
3389,938.0,15.0,0.05,2.0,1.5190941602262615,1.143616328160416,1.4858158816416431,1.1261461602244291
3390,938.0,15.0,0.05,3.0,1.438684572551041,1.1125637410519353,1.453589864672281,1.1058180953306938
3391,938.0,15.0,0.05,4.0,1.2732735424866506,1.0042874962784512,1.3058212314486972,1.0179402145219985
3392,938.0,15.0,0.05,5.0,1.3107816704550286,1.0281331937185911,1.3460022178913502,1.049543856426547
3393,938.0,15.0,0.05,6.0,1.402998891947639,1.0991511106758103,1.3945894892621065,1.0890946616723263
3394,938.0,15.0,0.05,7.0,1.5147695362181821,1.1886677449233676,1.466316080830421,1.1534751392768423
3395,938.0,15.0,0.075,1.0,3.4849238644940126,2.7738768174337065,3.58432408192453,2.8079781165263413
3396,938.0,15.0,0.075,2.0,1.5491279132261924,1.1531519329035178,1.517574517386065,1.1514464874675738
3397,938.0,15.0,0.075,3.0,1.480385742953089,1.1372184538843904,1.478372945864125,1.121242927440691
3398,938.0,15.0,0.075,4.0,1.2385047928212425,0.9802836618262184,1.2757328128920296,0.9961506443265968
3399,938.0,15.0,0.075,5.0,1.3360425257643478,1.054659909988448,1.3662205193525259,1.0738753199358098
3400,938.0,15.0,0.075,6.0,1.3417234872885593,1.0704138361534379,1.3147024854778486,1.0259510637056943
3401,938.0,15.0,0.075,7.0,1.505344314083753,1.1825410928850713,1.445255555728669,1.1332944583859608
3402,938.0,15.0,0.1,1.0,3.340831075680574,2.6766559999120125,3.3980521820380973,2.6649740723960025
3403,938.0,15.0,0.1,2.0,1.641617028374629,1.2441716855355585,1.640515570636896,1.2517427549753606
3404,938.0,15.0,0.1,3.0,1.205351393082607,0.9389391390096308,1.2220545470454895,0.9269932862579863
3405,938.0,15.0,0.1,4.0,1.296396741638803,1.02480691040978,1.3229069667341173,1.0249037484009036
3406,938.0,15.0,0.1,5.0,1.3584708863145014,1.0624702399591384,1.3598727763676617,1.0676715291233767
3407,938.0,15.0,0.1,6.0,1.362217046240586,1.0796926572248848,1.3719529151872967,1.0633547636543998
3408,938.0,15.0,0.1,7.0,1.4802659905326856,1.1722769559054942,1.4640589370050872,1.1443501537516116
3409,938.0,15.0,0.125,1.0,3.5061457182602465,2.793508169359021,3.590150764113248,2.8180135385150664
3410,938.0,15.0,0.125,2.0,1.5535223053637868,1.1590214102272716,1.5201641582825458,1.1534164444415942
3411,938.0,15.0,0.125,3.0,1.3971208157815456,1.063628157343226,1.3928736894043967,1.0620187826169285
3412,938.0,15.0,0.125,4.0,1.1744689907454668,0.9356546069148309,1.2241765416263215,0.9637864773194773
3413,938.0,15.0,0.125,5.0,1.3318616281687239,1.0610796483229896,1.3612516400478967,1.0678084639317802
3414,938.0,15.0,0.125,6.0,1.416664956954758,1.1159255861577526,1.417345850532269,1.1110845621165035
3415,938.0,15.0,0.125,7.0,1.5304413906953676,1.212356570840378,1.5136177157077781,1.1895181555355443
3416,938.0,15.0,0.15,1.0,3.524716378607172,2.8011869548093373,3.603122148979085,2.836784336597555
3417,938.0,15.0,0.15,2.0,1.5029861345236741,1.152429913629677,1.4978036126673984,1.132320095813993
3418,938.0,15.0,0.15,3.0,1.4908038807484583,1.1503010776249019,1.5015581410449474,1.1417176502645945
3419,938.0,15.0,0.15,4.0,1.1970314551697612,0.9452063311566653,1.237279165912556,0.9547491762475371
3420,938.0,15.0,0.15,5.0,1.305734083645039,1.0251055433278076,1.313188246324992,1.0385826531520734
3421,938.0,15.0,0.15,6.0,1.4059113547653286,1.1108133497049448,1.3496045894785866,1.0620274073354774
3422,938.0,15.0,0.15,7.0,1.5104582835734521,1.1946490984190805,1.5108154218487833,1.1814204733846587
3423,938.0,15.0,0.175,1.0,3.231303238019997,2.582189170274987,3.2647190062642197,2.569505030346474
3424,938.0,15.0,0.175,2.0,1.5780672586434372,1.1568346092441064,1.5363791213688136,1.1509985886803347
3425,938.0,15.0,0.175,3.0,1.3369544942315408,1.039050948942059,1.3246706485042503,1.003948151192712
3426,938.0,15.0,0.175,4.0,1.2413971636717664,0.9829698682047293,1.2797341019304167,0.9973726505209547
3427,938.0,15.0,0.175,5.0,1.3643238396467883,1.070524667030164,1.3905122601526054,1.0941710557873205
3428,938.0,15.0,0.175,6.0,1.4183025700711707,1.1050969702739013,1.3558071209599112,1.0508715795109203
3429,938.0,15.0,0.175,7.0,1.5449420733448191,1.2276194606954716,1.5179309228086617,1.1932303148834076
3430,938.0,15.0,0.2,1.0,3.4337373445931454,2.74717991606181,3.527414954339098,2.7835438469994505
3431,938.0,15.0,0.2,2.0,1.8234678600999827,1.3691161654010076,1.7659835626894411,1.3277899609293333
3432,938.0,15.0,0.2,3.0,1.3106678749712481,1.025908059100871,1.3371756409186335,1.026981254183821
3433,938.0,15.0,0.2,4.0,1.2537680532748932,0.9885323448245993,1.2858968512817859,0.9923549057267652
3434,938.0,15.0,0.2,5.0,1.381625414443132,1.0779333154550825,1.3954965542269233,1.1026744454026605
3435,938.0,15.0,0.2,6.0,1.4361080272387656,1.1224184747474828,1.4139961812042192,1.1250983742547158
3436,938.0,15.0,0.2,7.0,1.581160759685227,1.241812307996896,1.4984747357244206,1.1718530986120408
3437,938.0,15.0,0.225,1.0,3.576515121032788,2.849558879492441,3.6255969870572264,2.85536189049759
3438,938.0,15.0,0.225,2.0,1.8481991195515093,1.3692665438877747,1.7718139078225061,1.3232999545118007
3439,938.0,15.0,0.225,3.0,1.4924152644570816,1.164448099541199,1.5129037300800998,1.1513595439576967
3440,938.0,15.0,0.225,4.0,1.26430653673248,1.0137559403254826,1.271805255590544,1.0063070918280395
3441,938.0,15.0,0.225,5.0,1.374041114504851,1.078290704734568,1.3948383867222713,1.0869643282902552
3442,938.0,15.0,0.225,6.0,1.433514613063838,1.1248861973650373,1.441004218019475,1.1310648497252547
3443,938.0,15.0,0.225,7.0,1.6062072276309116,1.2628826041430234,1.5361893049478437,1.2024144822633034
3444,938.0,15.0,0.25,1.0,3.375318010519249,2.680037369887571,3.4411528534097617,2.6960431938170104
3445,938.0,15.0,0.25,2.0,1.5710600010401,1.2214300144653445,1.5673758129186122,1.211675437463662
3446,938.0,15.0,0.25,3.0,1.2298671800259007,0.9497338160205445,1.2322896723465897,0.951980422008407
3447,938.0,15.0,0.25,4.0,1.3285578636928332,1.0634755787098824,1.3613494345788009,1.0640647146157454
3448,938.0,15.0,0.25,5.0,1.357773248324484,1.0607628952681745,1.3916980271811337,1.0877025512385086
3449,938.0,15.0,0.25,6.0,1.4949831160348492,1.1860525321104076,1.554401589838302,1.2232721846396168
3450,938.0,15.0,0.25,7.0,1.5755645852071403,1.2369422101016476,1.5261890168750898,1.210173178488808
3451,938.0,15.0,0.275,1.0,3.4824856706200924,2.7571565876339914,3.578425522408016,2.808892730625216
3452,938.0,15.0,0.275,2.0,1.7581818711294959,1.368079252220766,1.7664626350744879,1.3634214835286085
3453,938.0,15.0,0.275,3.0,1.4914038015103912,1.1200666965945443,1.4700749666031443,1.1045443040199638
3454,938.0,15.0,0.275,4.0,1.3289450371017593,1.0514365681948847,1.334715764598105,1.0342513605468655
3455,938.0,15.0,0.275,5.0,1.3963042622944306,1.1073570231741274,1.4037864167241985,1.09532052325231
3456,938.0,15.0,0.275,6.0,1.3769314462077618,1.096687473400732,1.3858379201780766,1.0818201056373968
3457,938.0,15.0,0.275,7.0,1.45266324512255,1.1463214983839194,1.4209137779796668,1.1041177650984912
3458,938.0,15.0,0.3,1.0,3.08806026484976,2.4653018540200824,3.066696292153741,2.421179528317225
3459,938.0,15.0,0.3,2.0,1.562032906615802,1.1863880906997282,1.5663069493457444,1.1839231741881067
3460,938.0,15.0,0.3,3.0,1.4588549062199314,1.1522361497297857,1.480642596419347,1.130366882717969
3461,938.0,15.0,0.3,4.0,1.3031302782228587,1.032235379020139,1.3053154409670937,1.0052373847718794
3462,938.0,15.0,0.3,5.0,1.4256614436248254,1.1170608594661302,1.3978334716260938,1.0960680467383148
3463,938.0,15.0,0.3,6.0,1.4420372568904363,1.133138495219502,1.437339347575,1.1325941918050517
3464,938.0,15.0,0.3,7.0,1.5082319024488777,1.200797512027596,1.4889724109499949,1.1537539074503742
3465,939.0,3.0,0.05,1.0,1.3142115194532342,1.039325590327665,1.3240726080328766,1.0680686083007467
3466,939.0,3.0,0.05,2.0,0.7347502036205547,0.579536610922046,0.6860657451411304,0.53217596034852
3467,939.0,3.0,0.05,3.0,0.711024695949074,0.5539774006696048,0.647039234186592,0.498850736044562
3468,939.0,3.0,0.05,4.0,0.8356859800661045,0.6514192901058048,0.7570018106735452,0.6001209228826262
3469,939.0,3.0,0.05,5.0,0.9607998179014037,0.7478619254345164,0.8969240202162285,0.7208408405209827
3470,939.0,3.0,0.05,6.0,1.1708783437715076,0.92508323457695,1.0794241389621513,0.8643436728903766
3471,939.0,3.0,0.05,7.0,1.341252293519736,1.0599005935379169,1.255743711291999,1.002080137204394
3472,939.0,3.0,0.075,1.0,1.3173505713123808,1.0409408267989202,1.3270722343110366,1.0703461936322998
3473,939.0,3.0,0.075,2.0,0.7163572890757562,0.5635695454089631,0.655142897353684,0.5099545755623773
3474,939.0,3.0,0.075,3.0,0.7394054838729195,0.5788095135497958,0.6620373704516949,0.5131728194692844
3475,939.0,3.0,0.075,4.0,0.8712248000862823,0.6856657784035584,0.7680944585963577,0.6101812786383505
3476,939.0,3.0,0.075,5.0,0.9912910240973702,0.7756818346780144,0.9173784175634572,0.7337859128875569
3477,939.0,3.0,0.075,6.0,1.1459198192380562,0.8958547272435086,1.0767807100556732,0.8646380381643404
3478,939.0,3.0,0.075,7.0,1.3252054592268603,1.045255101440452,1.2318312857888356,0.988130980482021
3479,939.0,3.0,0.1,1.0,1.3181309746829417,1.0438724486126543,1.3308538555358924,1.0742936566746875
3480,939.0,3.0,0.1,2.0,0.6472633542554811,0.5207458014450538,0.607757710916678,0.4783652697706438
3481,939.0,3.0,0.1,3.0,0.7629182734365941,0.5886844241850392,0.7224577617193956,0.56207065260906
3482,939.0,3.0,0.1,4.0,0.8608648148114936,0.6668237807040005,0.8022847663999452,0.6322293082817191
3483,939.0,3.0,0.1,5.0,0.998012509550037,0.7844906873203324,0.94663498507824,0.7538938230524701
3484,939.0,3.0,0.1,6.0,1.166932246374823,0.919167106342832,1.0854298655648433,0.8670458250488533
3485,939.0,3.0,0.1,7.0,1.3406308392340602,1.0591191414868084,1.2413052804601736,0.9914978392377143
3486,939.0,3.0,0.125,1.0,1.351547080750576,1.0645158379333248,1.3531803768083694,1.0854088287025851
3487,939.0,3.0,0.125,2.0,0.6683579625766023,0.527491172143175,0.619482866984033,0.4786329612102239
3488,939.0,3.0,0.125,3.0,0.7584853357836545,0.5976361865933782,0.7009702885070802,0.5477269858836252
3489,939.0,3.0,0.125,4.0,0.8676262186360506,0.6798955736149328,0.7832567254080145,0.6172668138125346
3490,939.0,3.0,0.125,5.0,1.0006724541274292,0.7898517997135124,0.9164895270424548,0.7225739416772986
3491,939.0,3.0,0.125,6.0,1.192628309638759,0.9302535713585192,1.1304350824142917,0.9064600658374616
3492,939.0,3.0,0.125,7.0,1.3617726007858386,1.0793223303736401,1.2691948710587522,1.0157268037055902
3493,939.0,3.0,0.15,1.0,1.3104367264423609,1.0397415503692746,1.3254008640518342,1.0720129037392117
3494,939.0,3.0,0.15,2.0,0.7053002028305849,0.5603950363054547,0.6276110087050125,0.4942627144657122
3495,939.0,3.0,0.15,3.0,0.7830690217895571,0.6135520053129867,0.7184158819678055,0.5663906336030546
3496,939.0,3.0,0.15,4.0,0.8934163683624928,0.7054295346199817,0.8127538544108135,0.6452085266044069
3497,939.0,3.0,0.15,5.0,1.021559797149163,0.7973185525599368,0.9344365136580229,0.7457451492935686
3498,939.0,3.0,0.15,6.0,1.204376662322223,0.9509532389853435,1.1270076196101437,0.9027352077345411
3499,939.0,3.0,0.15,7.0,1.3695063839016857,1.0660748438228906,1.2739578359288726,1.0151989455640777
3500,939.0,3.0,0.175,1.0,1.2807336672235794,1.021277949882552,1.3155183447090524,1.0723077087589676
3501,939.0,3.0,0.175,2.0,0.742466604490801,0.5942093210271547,0.7053798286352446,0.5570563261272589
3502,939.0,3.0,0.175,3.0,0.8157653710964552,0.634094387248919,0.7764090724779734,0.6072238235702416
3503,939.0,3.0,0.175,4.0,0.8914123106859025,0.6897798251769218,0.8467534029076147,0.6673525891591656
3504,939.0,3.0,0.175,5.0,1.0337940191107122,0.8195311571104024,0.9790153371991751,0.7826694361458286
3505,939.0,3.0,0.175,6.0,1.2262986408665808,0.9578600788340252,1.1344334207029092,0.9084614225260399
3506,939.0,3.0,0.175,7.0,1.4309017944672597,1.1251877867960296,1.3070415468380563,1.0550498373888886
3507,939.0,3.0,0.2,1.0,1.2771736290883795,1.0178214663640603,1.3032184334587436,1.0602511128142413
3508,939.0,3.0,0.2,2.0,0.7114715930424007,0.574898924892952,0.6918925857697404,0.5516215964880296
3509,939.0,3.0,0.2,3.0,0.8153058079140066,0.6401264360895053,0.78078757266777,0.613971379052256
3510,939.0,3.0,0.2,4.0,0.8926786630901195,0.7053109999689672,0.8468454185538972,0.6746174881656056
3511,939.0,3.0,0.2,5.0,1.057436888574913,0.8362570799887199,0.9673604211327732,0.7753660647607883
3512,939.0,3.0,0.2,6.0,1.2298884119859508,0.9642532487773476,1.127782491414025,0.8972345868950394
3513,939.0,3.0,0.2,7.0,1.4017189017825913,1.1016395870837692,1.3072374665475317,1.034736138966226
3514,939.0,3.0,0.225,1.0,1.2629903864479524,1.0062274504751854,1.3042229778020686,1.0640788580189104
3515,939.0,3.0,0.225,2.0,0.7144563075383358,0.5695507927728062,0.67266416551055,0.5281103700795786
3516,939.0,3.0,0.225,3.0,0.8826893341252681,0.6805504345684907,0.8712973263592779,0.6841305865373972
3517,939.0,3.0,0.225,4.0,0.9558139136912207,0.7475109035549518,0.8479173977301859,0.6685450334415292
3518,939.0,3.0,0.225,5.0,1.0738710865857817,0.8363629288369056,1.0083490415509033,0.795070969466982
3519,939.0,3.0,0.225,6.0,1.2201037101659968,0.9692873125665311,1.1587356181983706,0.9285054706996313
3520,939.0,3.0,0.225,7.0,1.4292172262897536,1.1228980449097785,1.3084686615657513,1.0373489738269104
3521,939.0,3.0,0.25,1.0,1.2841014901030177,1.0235751445908539,1.3331082484698484,1.0910013886807879
3522,939.0,3.0,0.25,2.0,0.7735645945060824,0.6221296292710888,0.7136402062998184,0.5656304743942466
3523,939.0,3.0,0.25,3.0,0.8775850709423945,0.6981998608983089,0.8224324895567452,0.6309689126213793
3524,939.0,3.0,0.25,4.0,0.9546515961083137,0.7470515459821306,0.9088537025494059,0.7149851512052651
3525,939.0,3.0,0.25,5.0,1.1561418099475265,0.9077258416516036,1.0066666569082172,0.7942554219761425
3526,939.0,3.0,0.25,6.0,1.27784180057981,1.0009094032024597,1.2039623619151576,0.9663014849371536
3527,939.0,3.0,0.25,7.0,1.4030635380588277,1.096803437967818,1.3515217579410195,1.0804124736430458
3528,939.0,3.0,0.275,1.0,1.2924468553044002,1.029951118241992,1.3555939619932946,1.102610268583474
3529,939.0,3.0,0.275,2.0,0.799994517293806,0.6361715962781275,0.8042969152935865,0.6445968637767329
3530,939.0,3.0,0.275,3.0,0.8392150718275828,0.6622612810830919,0.8240918919707736,0.6514422401634176
3531,939.0,3.0,0.275,4.0,0.9733546935145833,0.7662379222691335,0.9163835195519007,0.7187342776107346
3532,939.0,3.0,0.275,5.0,1.1354973144843574,0.8912124752336902,1.074322301636999,0.8501945953671618
3533,939.0,3.0,0.275,6.0,1.3012415274044589,1.0050980900006798,1.2121059454673293,0.9665132859823721
3534,939.0,3.0,0.275,7.0,1.4272765422922717,1.1149005631098994,1.351578422719176,1.0728186941765463
3535,939.0,3.0,0.3,1.0,1.3235323721238752,1.0513689648488942,1.3772753361770986,1.1161729369122664
3536,939.0,3.0,0.3,2.0,0.7572536796682999,0.6099975359491218,0.7385470289285079,0.5890915953139708
3537,939.0,3.0,0.3,3.0,0.8964734217149605,0.7027897349112727,0.8656341761661334,0.681655544969673
3538,939.0,3.0,0.3,4.0,0.9770334012754214,0.7757693429299732,0.9395511789476718,0.7472923234686405
3539,939.0,3.0,0.3,5.0,1.1395154326093107,0.9024802329080578,1.0462005062147632,0.8361982672309761
3540,939.0,3.0,0.3,6.0,1.2334283219119915,0.9771383234238281,1.1914054022021543,0.9438049925977825
3541,939.0,3.0,0.3,7.0,1.4352878827404112,1.109190906500168,1.3171389311235577,1.049390066154349
3542,939.0,6.0,0.05,1.0,1.8561152517000126,1.48982535754316,1.8516444134600187,1.4861863932772057
3543,939.0,6.0,0.05,2.0,1.0411719506945896,0.8281534696597473,0.9795244646575133,0.7739947156065239
3544,939.0,6.0,0.05,3.0,1.0652530580012192,0.8138093754849292,0.9838122673522712,0.7626374959016146
3545,939.0,6.0,0.05,4.0,1.1484162489943668,0.879292530165953,1.0814153153216504,0.8409607588174272
3546,939.0,6.0,0.05,5.0,1.3652326755124282,1.0678572846871208,1.310760641904658,1.0295459340159558
3547,939.0,6.0,0.05,6.0,1.5090940096346466,1.188894964262042,1.4680761897707333,1.1529991706593157
3548,939.0,6.0,0.05,7.0,1.6513034115191634,1.307418865674786,1.692081559386943,1.3194948171539223
3549,939.0,6.0,0.075,1.0,1.81572161772469,1.4589138016266514,1.823336262848512,1.4661877866461428
3550,939.0,6.0,0.075,2.0,1.0098011600085002,0.80321278014409,0.9422310250624215,0.7406051662990604
3551,939.0,6.0,0.075,3.0,1.0302928836832144,0.785724238679447,0.9545992638575587,0.7430057421899569
3552,939.0,6.0,0.075,4.0,1.1114839300717931,0.8437967903575484,1.0642148776640072,0.8273176973276267
3553,939.0,6.0,0.075,5.0,1.3258544149728206,1.044507525031118,1.2752790494923605,1.0072652172312895
3554,939.0,6.0,0.075,6.0,1.49964706456141,1.1746394894028611,1.4679154077739356,1.1459878626102395
3555,939.0,6.0,0.075,7.0,1.6512688356168999,1.299969062918008,1.6683268561223712,1.3024883383984498
3556,939.0,6.0,0.1,1.0,1.8570330420538341,1.4915787609087292,1.857334028064107,1.4874910419119423
3557,939.0,6.0,0.1,2.0,1.0360799994971097,0.8184245586361611,0.9725388373667117,0.7751214146331553
3558,939.0,6.0,0.1,3.0,1.0021768536476863,0.7673264099738519,0.950293309449284,0.729291390217483
3559,939.0,6.0,0.1,4.0,1.1652006017932517,0.8980414245236374,1.0998690973902878,0.8611313994622081
3560,939.0,6.0,0.1,5.0,1.323249363550467,1.036283419211014,1.2877835764259402,1.0132463897781419
3561,939.0,6.0,0.1,6.0,1.5263026737419834,1.1976246200896745,1.487588051840024,1.1695044471807405
3562,939.0,6.0,0.1,7.0,1.6454262774754036,1.302838459887915,1.696661134467719,1.3227538802424723
3563,939.0,6.0,0.125,1.0,1.8007173282813906,1.4508355495998928,1.8148847305958153,1.4613318323777176
3564,939.0,6.0,0.125,2.0,0.8542313798888737,0.6839926418403146,0.8256961502171485,0.6477596751756114
3565,939.0,6.0,0.125,3.0,1.0119381539415315,0.7750807508340801,0.9287931805996176,0.7293982365934459
3566,939.0,6.0,0.125,4.0,1.2094313280210403,0.9362632608592032,1.144960837576669,0.8873496068771269
3567,939.0,6.0,0.125,5.0,1.3363391724117175,1.057498929240268,1.2728940937273077,0.9964266457924214
3568,939.0,6.0,0.125,6.0,1.547382204881196,1.2091641380138891,1.5340974982986497,1.206160789326604
3569,939.0,6.0,0.125,7.0,1.688222299053664,1.332183670263348,1.737521366131672,1.3645095391945241
3570,939.0,6.0,0.15,1.0,1.7836140583874536,1.435169578758506,1.8087186442902004,1.4537585211272923
3571,939.0,6.0,0.15,2.0,0.9485358004050625,0.75202160770157,0.9115810681512792,0.7165306842451011
3572,939.0,6.0,0.15,3.0,1.0700915439677512,0.8215725302432745,0.9902859558947947,0.7791210906226356
3573,939.0,6.0,0.15,4.0,1.2393501251052534,0.9441128426814044,1.1699266404671504,0.9077033929384716
3574,939.0,6.0,0.15,5.0,1.349154047554053,1.0573614560997782,1.2994999539977632,1.0212375999595447
3575,939.0,6.0,0.15,6.0,1.5770190826381765,1.2467976981720237,1.5484271792192994,1.2274137805265628
3576,939.0,6.0,0.15,7.0,1.6473498127016286,1.3006274294225098,1.7047842235098576,1.320079959701277
3577,939.0,6.0,0.175,1.0,1.7830311542611466,1.4360709447404796,1.8124878986734885,1.4614283157772285
3578,939.0,6.0,0.175,2.0,0.9832974979609477,0.7868585513469631,0.948817229366104,0.7552502213094557
3579,939.0,6.0,0.175,3.0,1.12356703754046,0.86917957736053,1.0487016159466578,0.8191066930107951
3580,939.0,6.0,0.175,4.0,1.147488349988069,0.8933026523342673,1.0684151371379862,0.8275826757597149
3581,939.0,6.0,0.175,5.0,1.409143929630265,1.10287400468539,1.3416353462392907,1.0524188526405815
3582,939.0,6.0,0.175,6.0,1.5663430939330139,1.2289017908183462,1.5243177006807238,1.1980156277120075
3583,939.0,6.0,0.175,7.0,1.71629407617804,1.3512060342790442,1.772003563787973,1.3727586006542642
3584,939.0,6.0,0.2,1.0,1.773387251967043,1.4305101417788224,1.813238069221546,1.4582140147868785
3585,939.0,6.0,0.2,2.0,0.9917982096020383,0.7849466525649889,0.9485699574747976,0.7515451903341904
3586,939.0,6.0,0.2,3.0,1.1858690382036348,0.9004542677856353,1.1070009349763246,0.8562634249838386
3587,939.0,6.0,0.2,4.0,1.3156245159945124,1.0153342941236139,1.2295733755847051,0.9600399869480942
3588,939.0,6.0,0.2,5.0,1.395181782955267,1.0939647802407562,1.348239788891872,1.057558610675449
3589,939.0,6.0,0.2,6.0,1.5683854358621838,1.2425062768041968,1.5477608603224589,1.2294466816781224
3590,939.0,6.0,0.2,7.0,1.7276536646359588,1.3685293905298175,1.7855361129724867,1.394569974349847
3591,939.0,6.0,0.225,1.0,1.7667936121291632,1.4260615440451674,1.810803053951359,1.4597811323643513
3592,939.0,6.0,0.225,2.0,0.965517534721715,0.770218315143741,0.9604566828359391,0.7711349846571832
3593,939.0,6.0,0.225,3.0,1.1461471737894868,0.880378017833204,1.1329502387993704,0.872685062658074
3594,939.0,6.0,0.225,4.0,1.261456491473611,0.9535916818878167,1.2161874669278492,0.9315368318803419
3595,939.0,6.0,0.225,5.0,1.444438553409767,1.123734966492419,1.4119020455800417,1.1037989958189374
3596,939.0,6.0,0.225,6.0,1.5974750659573227,1.2405600382492055,1.5545945581434095,1.210345479639576
3597,939.0,6.0,0.225,7.0,1.766198917925421,1.411852438636429,1.7590721954649935,1.381059108181099
3598,939.0,6.0,0.25,1.0,1.858797229410874,1.4969874448831242,1.8756683760672546,1.5008901032965873
3599,939.0,6.0,0.25,2.0,0.9176558434576498,0.7316332162797918,0.8913888253376594,0.7062372139404421
3600,939.0,6.0,0.25,3.0,1.1054226770520834,0.8539693393669202,1.1032613929819277,0.8569213225859507
3601,939.0,6.0,0.25,4.0,1.2350501647118073,0.9493696722301324,1.1921652039741055,0.935730140661443
3602,939.0,6.0,0.25,5.0,1.4349057333259265,1.115123877497232,1.410697111222786,1.0937711180271859
3603,939.0,6.0,0.25,6.0,1.5877971692086223,1.249119205250657,1.551093653870973,1.2260482096245777
3604,939.0,6.0,0.25,7.0,1.7919337336303596,1.4078821914956647,1.7950893617196395,1.392789697757601
3605,939.0,6.0,0.275,1.0,1.822976000611374,1.4669078859489972,1.8461016437477722,1.4904569909338137
3606,939.0,6.0,0.275,2.0,1.005617095734596,0.8113699102593268,0.981386157286587,0.7823440584955866
3607,939.0,6.0,0.275,3.0,1.2328646258958456,0.9275126656949292,1.1192447870900293,0.8503880096532184
3608,939.0,6.0,0.275,4.0,1.3860304181560483,1.0634236424587558,1.300780708716383,1.0283927126358778
3609,939.0,6.0,0.275,5.0,1.4117823016121833,1.0988019078219031,1.3866299317694597,1.0746548279195032
3610,939.0,6.0,0.275,6.0,1.6863183653938625,1.3489841040867314,1.626406863476534,1.2815665269731205
3611,939.0,6.0,0.275,7.0,1.7908118019401669,1.4077484868499754,1.809546215694726,1.4012307531091162
3612,939.0,6.0,0.3,1.0,1.837349218365671,1.480918755672714,1.8476927321291952,1.487653928695519
3613,939.0,6.0,0.3,2.0,1.014862291258371,0.8062137793817392,0.9868897493456712,0.7820874540746751
3614,939.0,6.0,0.3,3.0,1.216649409512823,0.9136908124069583,1.1861555412484848,0.9059373892999983
3615,939.0,6.0,0.3,4.0,1.3628520512699738,1.0482725312030803,1.2985357302238765,1.0103176238531406
3616,939.0,6.0,0.3,5.0,1.4975850002793487,1.1529177214064286,1.4885683330544273,1.1356187421047221
3617,939.0,6.0,0.3,6.0,1.6210421593070874,1.2763682499315723,1.6046828770359636,1.2764264624482011
3618,939.0,6.0,0.3,7.0,1.7974351851780763,1.4249113513406255,1.804385955860637,1.4167920884693777
3619,939.0,9.0,0.05,1.0,2.601842356695497,2.1143128403266256,2.592295729654535,2.0843615441389485
3620,939.0,9.0,0.05,2.0,1.5395958399025504,1.2136537209410654,1.4834604828880933,1.19256198056116
3621,939.0,9.0,0.05,3.0,1.3690959730447796,1.0707003248388414,1.2852927045110747,1.0194935728559353
3622,939.0,9.0,0.05,4.0,1.3875737352138118,1.0962828819336967,1.291130676177481,1.023266942699213
3623,939.0,9.0,0.05,5.0,1.5152912666734468,1.1857543071506935,1.4156900563433283,1.1096738718139576
3624,939.0,9.0,0.05,6.0,1.6139322424568912,1.273802225223677,1.5301053213301905,1.2207114377384114
3625,939.0,9.0,0.05,7.0,1.7086484163259401,1.3369884701635661,1.6241571150024856,1.2835135851543515
3626,939.0,9.0,0.075,1.0,2.5744755375232034,2.0879173228929067,2.5733585120125775,2.065395448952237
3627,939.0,9.0,0.075,2.0,1.4249047035989506,1.1094579174687378,1.3694098518989728,1.0907506889152843
3628,939.0,9.0,0.075,3.0,1.2973695171909594,1.0207553193739156,1.2414642019798616,0.9748286725271782
3629,939.0,9.0,0.075,4.0,1.3231336243289744,1.0490886577432343,1.2451264201022563,0.9906654870369428
3630,939.0,9.0,0.075,5.0,1.4736475376261193,1.1595404446915418,1.3916402479597247,1.0893990367111706
3631,939.0,9.0,0.075,6.0,1.6359288798153098,1.2851160411523224,1.5433897522501718,1.2223625815447303
3632,939.0,9.0,0.075,7.0,1.726000051368477,1.3562227371770927,1.6317606752007814,1.2905815080604726
3633,939.0,9.0,0.1,1.0,2.52111639863475,2.0412413824549667,2.526182496729353,2.018204610760685
3634,939.0,9.0,0.1,2.0,1.5162763205426975,1.192615238826288,1.4597573007051419,1.1732754499942342
3635,939.0,9.0,0.1,3.0,1.3563356508887219,1.0600540400521943,1.2865054679346217,1.0294897455165024
3636,939.0,9.0,0.1,4.0,1.3951124578283778,1.1006154605447642,1.3214887251127154,1.047356155997749
3637,939.0,9.0,0.1,5.0,1.4822790839208948,1.1668750174437623,1.3943826272398385,1.084580435029518
3638,939.0,9.0,0.1,6.0,1.6433276382891389,1.2867761602314203,1.5594371487998169,1.2361348380880077
3639,939.0,9.0,0.1,7.0,1.7162506745753727,1.3485827432463076,1.6324296551688953,1.287890125556491
3640,939.0,9.0,0.125,1.0,2.5803445081300382,2.089829374539874,2.581311105251143,2.0734081487666725
3641,939.0,9.0,0.125,2.0,1.6276831067349475,1.2963856201757127,1.5679062041052583,1.267497367769989
3642,939.0,9.0,0.125,3.0,1.4521047827836986,1.1398879654602994,1.3705172368939291,1.086175821408051
3643,939.0,9.0,0.125,4.0,1.3525212667888467,1.0665713034174573,1.2471504340152892,0.9863941614288093
3644,939.0,9.0,0.125,5.0,1.5326266836364704,1.2028366027949737,1.43942084985309,1.1345000918401542
3645,939.0,9.0,0.125,6.0,1.6525639878759877,1.2872463292389158,1.5758519651366503,1.2378830583436888
3646,939.0,9.0,0.125,7.0,1.765486195875515,1.3895186330262836,1.679245547394496,1.3172959758884746
3647,939.0,9.0,0.15,1.0,2.541834204071203,2.0529001260186943,2.53095596405854,2.028721988125933
3648,939.0,9.0,0.15,2.0,1.3658674112834344,1.072519593887827,1.3248218307453883,1.0560289945918648
3649,939.0,9.0,0.15,3.0,1.4161795015908685,1.1133008985475814,1.3128614030223498,1.040927480601849
3650,939.0,9.0,0.15,4.0,1.3245004876540079,1.049680594182986,1.2819057089070656,1.0181264728614294
3651,939.0,9.0,0.15,5.0,1.4493187951800675,1.1363661463773091,1.393982867807568,1.1027772209617168
3652,939.0,9.0,0.15,6.0,1.6295142537289273,1.2760118794892672,1.5556626147496615,1.2134870525200858
3653,939.0,9.0,0.15,7.0,1.7386112425356273,1.3573724231072934,1.661747437298665,1.2921596939282738
3654,939.0,9.0,0.175,1.0,2.548029316212901,2.0603239584135062,2.550962895599124,2.0356690785700193
3655,939.0,9.0,0.175,2.0,1.6611517671368377,1.3300854079419855,1.5997449413621931,1.2882185325332418
3656,939.0,9.0,0.175,3.0,1.253199259674631,0.9791460078835077,1.1736393640341742,0.916566451736016
3657,939.0,9.0,0.175,4.0,1.3830444627545282,1.0823268996001434,1.3454185932782905,1.0722104447150986
3658,939.0,9.0,0.175,5.0,1.5064394613935972,1.1849221318047267,1.456018477190109,1.1381890350638337
3659,939.0,9.0,0.175,6.0,1.7082555973584028,1.3449484337973916,1.6217308225598246,1.2803989823164184
3660,939.0,9.0,0.175,7.0,1.7764203701547685,1.3983416298831284,1.725865399352715,1.3602599497615901
3661,939.0,9.0,0.2,1.0,2.527758999822018,2.0365492781401535,2.519764827487596,2.0096044191010054
3662,939.0,9.0,0.2,2.0,1.3496284072783256,1.04886769412581,1.3445545581777028,1.0776604960279483
3663,939.0,9.0,0.2,3.0,1.4896196015158147,1.1768640539050546,1.4280110911621697,1.132437788377416
3664,939.0,9.0,0.2,4.0,1.3318074058698919,1.0445209891454064,1.2868965928382892,1.0272896065138053
3665,939.0,9.0,0.2,5.0,1.5499749308656448,1.2154152171805157,1.4546901340040435,1.1317455456987378
3666,939.0,9.0,0.2,6.0,1.7061069577345493,1.3298434459383095,1.6223147994141407,1.2718734763846953
3667,939.0,9.0,0.2,7.0,1.7318107407538819,1.3625019557026288,1.6845082172661128,1.3334785136717353
3668,939.0,9.0,0.225,1.0,2.4281138275214222,1.968727189859466,2.4544113619120456,1.9580960597803487
3669,939.0,9.0,0.225,2.0,1.5281467131687105,1.202256194164432,1.5253998029719265,1.2258098881807185
3670,939.0,9.0,0.225,3.0,1.5161593665352326,1.1701203403249507,1.4207548178387293,1.1180902761899056
3671,939.0,9.0,0.225,4.0,1.4461077402843519,1.148780242431706,1.3769135062760642,1.081814714282682
3672,939.0,9.0,0.225,5.0,1.4907975658519852,1.1765865448973185,1.4838965910973172,1.1831269560539872
3673,939.0,9.0,0.225,6.0,1.683364135496532,1.3278735001271094,1.621673697416917,1.2605807024714197
3674,939.0,9.0,0.225,7.0,1.8082355956566445,1.4184302420094164,1.7787331270434261,1.4007237320201902
3675,939.0,9.0,0.25,1.0,2.3053664015078636,1.8729701819570792,2.3470608884517,1.875333602805948
3676,939.0,9.0,0.25,2.0,1.2823238285298924,1.0189054237018154,1.2515528569279581,0.9938160330911541
3677,939.0,9.0,0.25,3.0,1.643377061720496,1.2869963041536754,1.517450140213329,1.1976870682902943
3678,939.0,9.0,0.25,4.0,1.4891190640860263,1.1739209469550207,1.456433351568687,1.1549113944456222
3679,939.0,9.0,0.25,5.0,1.560031088473041,1.2366109490989836,1.4855816355906313,1.1601297918431739
3680,939.0,9.0,0.25,6.0,1.6797940710898573,1.318903467068547,1.626821359889862,1.2721922913846666
3681,939.0,9.0,0.25,7.0,1.8167531620671025,1.42747351466268,1.786965444880372,1.3896171269800282
3682,939.0,9.0,0.275,1.0,2.525016776265559,2.0342517178766295,2.5350740312099087,2.017864340700724
3683,939.0,9.0,0.275,2.0,1.545665818044208,1.2307187523270846,1.496722416526644,1.2026383904765119
3684,939.0,9.0,0.275,3.0,1.3770794529858037,1.1022982284944138,1.285777135071884,1.0280255973983006
3685,939.0,9.0,0.275,4.0,1.4685605157883852,1.1711910203807088,1.3746063291019357,1.0978658928201084
3686,939.0,9.0,0.275,5.0,1.6013571533796616,1.256440615168229,1.5564906825271108,1.2138469511490053
3687,939.0,9.0,0.275,6.0,1.8011731190827527,1.4149712540477244,1.7554826679405295,1.3746944398229162
3688,939.0,9.0,0.275,7.0,1.9127540654777166,1.4932193271470071,1.8830324911440364,1.4678827528706662
3689,939.0,9.0,0.3,1.0,2.3866979442297342,1.9342374199334762,2.4067399393296744,1.9185360461765617
3690,939.0,9.0,0.3,2.0,1.4336510492606067,1.1548077537804247,1.39730442145731,1.1323423131474846
3691,939.0,9.0,0.3,3.0,1.3303786895555494,1.0424993963591056,1.2431537433675135,0.9784244456178205
3692,939.0,9.0,0.3,4.0,1.4913601113715593,1.1768954920428283,1.4055687633173348,1.1056935367264746
3693,939.0,9.0,0.3,5.0,1.634750873022654,1.2748051268878056,1.5395146977233143,1.215352659834301
3694,939.0,9.0,0.3,6.0,1.7110062177424572,1.350301930045339,1.6394065456393005,1.2881880095565998
3695,939.0,9.0,0.3,7.0,1.87015110266666,1.4575926488749928,1.8206308001677785,1.433340515806265
3696,939.0,12.0,0.05,1.0,2.8380568426859663,2.3281202279207878,2.734916987908454,2.229354816770918
3697,939.0,12.0,0.05,2.0,2.365756125084473,1.8754927209186558,2.2394767513559963,1.7737137826348641
3698,939.0,12.0,0.05,3.0,1.5471238223483201,1.2249846462729939,1.5353128811301155,1.20445695771569
3699,939.0,12.0,0.05,4.0,1.4459167008145801,1.1314416620686751,1.4306347072001113,1.1198364943007142
3700,939.0,12.0,0.05,5.0,1.5679906372295462,1.2246766762754746,1.5188404366287316,1.1960161110051895
3701,939.0,12.0,0.05,6.0,1.6824020342640718,1.3147723461875238,1.598700950243809,1.2626773801212714
3702,939.0,12.0,0.05,7.0,1.7522601011789618,1.38525429535719,1.6811305024936833,1.3166168420146227
3703,939.0,12.0,0.075,1.0,2.761032137622352,2.2573514123605656,2.661305382642808,2.1584079763270783
3704,939.0,12.0,0.075,2.0,2.320639518814768,1.8462657205991873,2.1901573720865657,1.731355027724852
3705,939.0,12.0,0.075,3.0,1.5373021093521118,1.2230163135109893,1.5163428266878378,1.1863193499600244
3706,939.0,12.0,0.075,4.0,1.4651735584166916,1.146787439923181,1.446356054300342,1.131613511343481
3707,939.0,12.0,0.075,5.0,1.5992354810776401,1.245534808510562,1.5334196286980242,1.2108334935289908
3708,939.0,12.0,0.075,6.0,1.6740749827953014,1.3097647186550634,1.5997972940931873,1.2653188161651638
3709,939.0,12.0,0.075,7.0,1.705980356135674,1.3462928723294738,1.6592862810328486,1.307876652542313
3710,939.0,12.0,0.1,1.0,2.7280090367315615,2.2227409281873673,2.6295329039850235,2.1236859811208015
3711,939.0,12.0,0.1,2.0,2.059951731765825,1.6634818237738387,1.9985767296545207,1.6071959363135584
3712,939.0,12.0,0.1,3.0,1.4432989134585388,1.1410780233538562,1.4475551057234564,1.1263662695868777
3713,939.0,12.0,0.1,4.0,1.5112178757069223,1.1886574305819495,1.4540743898789061,1.1453859027770799
3714,939.0,12.0,0.1,5.0,1.5797184947165923,1.2438531245382243,1.5276297553122806,1.1966652760257188
3715,939.0,12.0,0.1,6.0,1.6915715871298644,1.3220247911736958,1.6264982783444821,1.288940926269815
3716,939.0,12.0,0.1,7.0,1.7459163594249891,1.3793708885228284,1.681038559482484,1.317320934130638
3717,939.0,12.0,0.125,1.0,2.7616388132831813,2.256030262821014,2.6687150661864756,2.1603814745807286
3718,939.0,12.0,0.125,2.0,1.9544572547424683,1.5802891256497338,1.8871667418086895,1.523884155143865
3719,939.0,12.0,0.125,3.0,1.4505159042750888,1.1569085572888087,1.4723209968192061,1.1514476026697535
3720,939.0,12.0,0.125,4.0,1.5247199078521194,1.1876118005258531,1.4835055182515113,1.1656485887620287
3721,939.0,12.0,0.125,5.0,1.6310463212033643,1.2783032859532577,1.5814273160092103,1.2361957817791076
3722,939.0,12.0,0.125,6.0,1.6879627305210378,1.3166448098726526,1.6102002884633189,1.2704211165479151
3723,939.0,12.0,0.125,7.0,1.7728785797190048,1.4017093368646758,1.7022202730411913,1.3371718689271437
3724,939.0,12.0,0.15,1.0,2.7102348871516897,2.203472647135154,2.6151148428625435,2.1124536195111356
3725,939.0,12.0,0.15,2.0,1.8582374465300855,1.4966592405297368,1.823708708390831,1.468289619629195
3726,939.0,12.0,0.15,3.0,1.506320404318679,1.184875835523669,1.4819308957241464,1.1555567598664134
3727,939.0,12.0,0.15,4.0,1.4128193421892845,1.1187039974244455,1.3946831506122024,1.0838414210651004
3728,939.0,12.0,0.15,5.0,1.599671946910749,1.251007030121449,1.527701312561536,1.1836410778489217
3729,939.0,12.0,0.15,6.0,1.6000882605859394,1.265079334904757,1.5376499628645575,1.2152336208383971
3730,939.0,12.0,0.15,7.0,1.7318681340538584,1.353586872980461,1.6587861702854958,1.2959572641934722
3731,939.0,12.0,0.175,1.0,2.7635917326799193,2.258789503267745,2.662115181031056,2.152882827325113
3732,939.0,12.0,0.175,2.0,1.6475935194839049,1.3189837450514552,1.6501509051550165,1.3052433249303177
3733,939.0,12.0,0.175,3.0,1.4532334501882254,1.1496666714956458,1.4341531531977643,1.119796742031488
3734,939.0,12.0,0.175,4.0,1.4352638241894853,1.1341060057716357,1.3943137210317842,1.0999732031535845
3735,939.0,12.0,0.175,5.0,1.5491211454065936,1.2255050438194335,1.5387648567823202,1.1967037460502852
3736,939.0,12.0,0.175,6.0,1.7128183843281988,1.339253267220246,1.6351244134552498,1.2963620256831305
3737,939.0,12.0,0.175,7.0,1.8820466803994726,1.4696226651734219,1.7909817034120308,1.404007936821674
3738,939.0,12.0,0.2,1.0,2.4863047388122492,2.0038879766177047,2.466569688661536,1.9773049730006997
3739,939.0,12.0,0.2,2.0,2.196014849526596,1.763013392105348,2.0674596965240037,1.6354982841633787
3740,939.0,12.0,0.2,3.0,1.4050394445564782,1.1176953359597888,1.3942674019188157,1.0899691489127639
3741,939.0,12.0,0.2,4.0,1.4726139191074943,1.153733805663824,1.483824929599703,1.1571946160605706
3742,939.0,12.0,0.2,5.0,1.6030038542507858,1.2538261795759638,1.5842325278165201,1.2336102680851215
3743,939.0,12.0,0.2,6.0,1.7099080230276698,1.336766223229172,1.6678262161065809,1.3085833001427982
3744,939.0,12.0,0.2,7.0,1.7597376484130585,1.3887706134462887,1.7089388327808175,1.3387469053448693
3745,939.0,12.0,0.225,1.0,3.0410183200693464,2.5113342297598114,2.958922308216615,2.430337942580346
3746,939.0,12.0,0.225,2.0,1.7253746232870621,1.3999778949212733,1.7116104509185264,1.3548449449177242
3747,939.0,12.0,0.225,3.0,1.4058758741940376,1.1167431745653236,1.3935074374141732,1.091168658738901
3748,939.0,12.0,0.225,4.0,1.4959117705688656,1.1709012777929857,1.478329209323071,1.16264684093054
3749,939.0,12.0,0.225,5.0,1.6331762231396605,1.2856893761865544,1.6650126589375018,1.3015412850526518
3750,939.0,12.0,0.225,6.0,1.7874230326512832,1.402331057211314,1.711044090296057,1.3703842358607958
3751,939.0,12.0,0.225,7.0,1.7694422150197475,1.3964756678002208,1.7086941357258092,1.3324366006379973
3752,939.0,12.0,0.25,1.0,2.8407795596086873,2.3323550381070444,2.7478122529136724,2.2340704679793357
3753,939.0,12.0,0.25,2.0,2.023408251680229,1.6314216018021899,1.9745608253603852,1.5802909535307654
3754,939.0,12.0,0.25,3.0,1.4502767284737674,1.1491660050167738,1.4335727602584631,1.109725950355153
3755,939.0,12.0,0.25,4.0,1.488321525776412,1.1843133423200531,1.486775882972405,1.1648878815796049
3756,939.0,12.0,0.25,5.0,1.642546401152876,1.3057928879157987,1.5947778976063107,1.2430569117361352
3757,939.0,12.0,0.25,6.0,1.7766442374132454,1.401375180974735,1.7454273603030726,1.3716473527417448
3758,939.0,12.0,0.25,7.0,1.826905078269553,1.4371023574781379,1.7288470487987657,1.3487623856835391
3759,939.0,12.0,0.275,1.0,2.723684406779652,2.208701206027243,2.6329357298277816,2.118105885440743
3760,939.0,12.0,0.275,2.0,1.9722862216233565,1.5908315530166108,1.9738591262533736,1.5762016222187167
3761,939.0,12.0,0.275,3.0,1.4961955115854577,1.1737913711316055,1.4899541811445411,1.181377072862966
3762,939.0,12.0,0.275,4.0,1.6402322930211608,1.2696363926264167,1.6633268403722847,1.2807662663538377
3763,939.0,12.0,0.275,5.0,1.6175611570858262,1.2831844408733215,1.609363164263021,1.2580563556941826
3764,939.0,12.0,0.275,6.0,1.7842279274165833,1.4097070863179169,1.7562240261412343,1.3750009352429038
3765,939.0,12.0,0.275,7.0,1.827184424097181,1.4383630620113643,1.766518293110691,1.375776035622153
3766,939.0,12.0,0.3,1.0,2.771349077154911,2.2639571589145446,2.687132796570669,2.177198195758869
3767,939.0,12.0,0.3,2.0,1.9229142249252995,1.5619895447062975,1.8661187458843291,1.4820594017217381
3768,939.0,12.0,0.3,3.0,1.5003930748538117,1.1885613823440264,1.4891988515977586,1.1639726801477732
3769,939.0,12.0,0.3,4.0,1.5773852311366132,1.247674486249827,1.5676388643145425,1.2199401035344195
3770,939.0,12.0,0.3,5.0,1.657228534973024,1.2933787775294325,1.6485884493044642,1.2788440358120832
3771,939.0,12.0,0.3,6.0,1.786516954134263,1.4160124609941145,1.7934884293332003,1.4117887331545635
3772,939.0,12.0,0.3,7.0,1.809918762978592,1.4306208149091868,1.7620187678145693,1.3797949234245552
3773,939.0,15.0,0.05,1.0,2.919508035696445,2.398709436498081,2.836116176725405,2.2890740599789265
3774,939.0,15.0,0.05,2.0,2.117255157219156,1.7085652971905967,2.0262934080776156,1.5980821536759664
3775,939.0,15.0,0.05,3.0,1.6090849260929105,1.2694995205663182,1.5693784534341364,1.234393537974201
3776,939.0,15.0,0.05,4.0,1.4824546105443674,1.1524282375447679,1.4641108814484025,1.14115543320675
3777,939.0,15.0,0.05,5.0,1.5457893089054906,1.2060194782016738,1.5034707525320228,1.186599985807701
3778,939.0,15.0,0.05,6.0,1.629034530891908,1.2811249354500929,1.5852879327441938,1.2562046168794019
3779,939.0,15.0,0.05,7.0,1.6711413381488203,1.3133430750660877,1.6138905563821169,1.2716635834428844
3780,939.0,15.0,0.075,1.0,2.957814289480059,2.434717199620662,2.8724099660343914,2.3266941773789807
3781,939.0,15.0,0.075,2.0,2.0035529173281623,1.6013300306108327,1.919953337036004,1.5034965373761748
3782,939.0,15.0,0.075,3.0,1.6053139025100442,1.2578572133535362,1.5592411793952667,1.2220558636568248
3783,939.0,15.0,0.075,4.0,1.5027400244883073,1.172434809342045,1.4733201456720362,1.139221910360225
3784,939.0,15.0,0.075,5.0,1.5453492617635645,1.2051933806465762,1.4932084728069506,1.1760025865420114
3785,939.0,15.0,0.075,6.0,1.6377405531726061,1.2837119102747896,1.594978823560797,1.2515449543987056
3786,939.0,15.0,0.075,7.0,1.6727407463894253,1.3198160227810485,1.6115792232719126,1.2728752668686365
3787,939.0,15.0,0.1,1.0,2.8557363014238306,2.3330850206370477,2.7948777002900043,2.236879365863215
3788,939.0,15.0,0.1,2.0,2.1807954965671366,1.762770568956408,2.079981812963455,1.6463268549703924
3789,939.0,15.0,0.1,3.0,1.5957651473433427,1.265036009671035,1.5644261857163257,1.2368229492585145
3790,939.0,15.0,0.1,4.0,1.394557935170276,1.0695124650858434,1.3704581060991723,1.058861464062988
3791,939.0,15.0,0.1,5.0,1.5271247620636914,1.1884177294902334,1.4716681095442474,1.1565736619513791
3792,939.0,15.0,0.1,6.0,1.6175239845173284,1.265784631694221,1.5827684447750017,1.2541314535316475
3793,939.0,15.0,0.1,7.0,1.686215634461268,1.3168693773234716,1.6273563455155164,1.2915238004743683
3794,939.0,15.0,0.125,1.0,2.9128471326672027,2.3875710021805436,2.836558746311463,2.2825679922915443
3795,939.0,15.0,0.125,2.0,2.04597942851051,1.6262341411876846,1.9529270479267242,1.5361760256103698
3796,939.0,15.0,0.125,3.0,1.5834451564326109,1.2490413745846787,1.5435764472423175,1.207915871011096
3797,939.0,15.0,0.125,4.0,1.6135740505800649,1.26203717992817,1.5557352589881202,1.2147097002809666
3798,939.0,15.0,0.125,5.0,1.553590248710645,1.2172180692537653,1.522185340644914,1.195122346664434
3799,939.0,15.0,0.125,6.0,1.667362965189832,1.308554634718625,1.6559052298640595,1.3030393416043526
3800,939.0,15.0,0.125,7.0,1.661138325025343,1.314039179516924,1.6189203419957074,1.274623575532557
3801,939.0,15.0,0.15,1.0,3.007441673710657,2.482937204391077,2.9380867692086676,2.3802048405001828
3802,939.0,15.0,0.15,2.0,2.0716036325423093,1.6664298270540905,1.9875256480444468,1.5696957965501297
3803,939.0,15.0,0.15,3.0,1.4412899545979376,1.1359227873546012,1.4247195370319106,1.1129499684724151
3804,939.0,15.0,0.15,4.0,1.5015406906606925,1.1616554116050948,1.5015411522865505,1.1581557748827123
3805,939.0,15.0,0.15,5.0,1.5841216805152454,1.249929676552751,1.5538167539193757,1.2240510701031249
3806,939.0,15.0,0.15,6.0,1.6577360921883,1.3025581894281841,1.6036627363577602,1.2709206868244345
3807,939.0,15.0,0.15,7.0,1.684381023944158,1.320045139079973,1.643371549354069,1.2951884836938088
3808,939.0,15.0,0.175,1.0,4.533625112144357,3.7914814546697837,4.440832455028534,3.661549418547644
3809,939.0,15.0,0.175,2.0,2.137667788259109,1.7044031404690991,2.0456498436252026,1.59587874081728
3810,939.0,15.0,0.175,3.0,1.6146718811571146,1.2691571227510245,1.5880334845321484,1.241343274407543
3811,939.0,15.0,0.175,4.0,1.535740668994777,1.2017911887581463,1.5304105586665817,1.1866888442804908
3812,939.0,15.0,0.175,5.0,1.574967281570051,1.2484236918333276,1.528557464481113,1.2102613305573078
3813,939.0,15.0,0.175,6.0,1.6580025550219353,1.2937680535965335,1.621857502494955,1.2869508048178964
3814,939.0,15.0,0.175,7.0,1.718315725785956,1.337143320426821,1.6840112819303097,1.3209542333675637
3815,939.0,15.0,0.2,1.0,2.847747738506987,2.3234314846622253,2.7749041621215524,2.2179150940004817
3816,939.0,15.0,0.2,2.0,1.9293099930846682,1.5346398489642574,1.9052097590107606,1.506895156873318
3817,939.0,15.0,0.2,3.0,1.5834821211744505,1.2423394734647013,1.5904260524143874,1.2410169135498266
3818,939.0,15.0,0.2,4.0,1.4694132152716304,1.1343795759063167,1.4772630823971489,1.1293600254626401
3819,939.0,15.0,0.2,5.0,1.6036723782100128,1.247955941855876,1.5627629776868155,1.2218534585563703
3820,939.0,15.0,0.2,6.0,1.692297598745877,1.3329774538269892,1.5833109806714867,1.2551693561254074
3821,939.0,15.0,0.2,7.0,1.659861665989593,1.3093323381502555,1.599179234251086,1.282158426889636
3822,939.0,15.0,0.225,1.0,2.8475717907330096,2.320690598388808,2.7886783296419777,2.2225129324938315
3823,939.0,15.0,0.225,2.0,2.0444907850499003,1.6329273703587543,1.981194108677575,1.5565006300384676
3824,939.0,15.0,0.225,3.0,1.643366385544424,1.3060086440916807,1.6114160358079408,1.2625965939385067
3825,939.0,15.0,0.225,4.0,1.5690878817507452,1.2206925683364247,1.5530744794669045,1.2058740079362382
3826,939.0,15.0,0.225,5.0,1.5649883945005225,1.2213959318323468,1.538081870292927,1.2079178316204995
3827,939.0,15.0,0.225,6.0,1.701126797142417,1.32611717618818,1.6408610271656914,1.305077542438813
3828,939.0,15.0,0.225,7.0,1.7182881744356855,1.3441331963141825,1.6843389502211707,1.3300889968382108
3829,939.0,15.0,0.25,1.0,2.763579213592003,2.244854166579301,2.7356768075259863,2.181413618322456
3830,939.0,15.0,0.25,2.0,2.060370509018761,1.6579676325794708,1.9878399091617913,1.5809957609862175
3831,939.0,15.0,0.25,3.0,1.5225604049991455,1.1952211958465038,1.448712171768662,1.14064986378138
3832,939.0,15.0,0.25,4.0,1.4149452073380553,1.1067249154581549,1.4016487323379399,1.109705046270047
3833,939.0,15.0,0.25,5.0,1.6015690054408802,1.2558913669600633,1.559220653823777,1.2240602997109835
3834,939.0,15.0,0.25,6.0,1.6928555574593152,1.3230088603641084,1.6559544648475075,1.2983290588663854
3835,939.0,15.0,0.25,7.0,1.7508235632889435,1.3785522490829967,1.7004371653321624,1.3421740475162227
3836,939.0,15.0,0.275,1.0,2.794136138162739,2.2738415127344513,2.78957509689284,2.2184360068701863
3837,939.0,15.0,0.275,2.0,2.0450258136050707,1.6312109886810782,1.9226021904654498,1.4953620315684168
3838,939.0,15.0,0.275,3.0,1.4627838361164223,1.1534802122029677,1.3972458476077982,1.0983466226867682
3839,939.0,15.0,0.275,4.0,1.5589780731917164,1.2010887210217496,1.5571734531941204,1.2114117504678512
3840,939.0,15.0,0.275,5.0,1.6140047824327313,1.2734227476955362,1.5934559797371126,1.2509186799326308
3841,939.0,15.0,0.275,6.0,1.7390641549786694,1.358705215871667,1.7115243347883082,1.3484481435204834
3842,939.0,15.0,0.275,7.0,1.7685611315913587,1.3959392744859125,1.7200517681255953,1.3645937296640913
3843,939.0,15.0,0.3,1.0,2.9420261644196493,2.3987494539147063,2.8835585408276447,2.299059857323257
3844,939.0,15.0,0.3,2.0,2.1899823391753013,1.7647922349938412,2.1697161731589856,1.6913044120592327
3845,939.0,15.0,0.3,3.0,1.614615088963724,1.2744788178080617,1.5497806987720504,1.2176813930866206
3846,939.0,15.0,0.3,4.0,1.5855497868727813,1.250612818149166,1.5539304674428265,1.2213077984676532
3847,939.0,15.0,0.3,5.0,1.7394004629687492,1.3566447338486627,1.718035407513453,1.3567828997680467
3848,939.0,15.0,0.3,6.0,1.7228954756976045,1.3458913626237248,1.6993643904121198,1.313655950615887
3849,939.0,15.0,0.3,7.0,1.7925094431040525,1.399724568467674,1.7858555692168143,1.4130394915197302
